Region;Pyrenees
Country;France
#;7
Spring Name/Station Name;Plan de Pouts
Literature;
Lat;
Lon;
Elev (m);
Recharge Area (km2);
Start Date;1.01.2002
End Date;31.05.2026
Resolution;Daily
Data Source;S Beranger
Data License;CC BY 4.0
Contact For License;
Spring ID;PYR_07_FR
Date;Discharge (m3/s)
2002-01-01T00:00:00.000Z;0.321
2002-01-02T00:00:00.000Z;0.366
2002-01-03T00:00:00.000Z;0.256
2002-01-04T00:00:00.000Z;0.212
2002-01-05T00:00:00.000Z;0.212
2002-01-06T00:00:00.000Z;0.212
2002-01-07T00:00:00.000Z;0.194
2002-01-08T00:00:00.000Z;0.177
2002-01-09T00:00:00.000Z;0.164
2002-01-10T00:00:00.000Z;0.151
2002-01-11T00:00:00.000Z;0.141
2002-01-12T00:00:00.000Z;0.141
2002-01-13T00:00:00.000Z;0.141
2002-01-14T00:00:00.000Z;0.225
2002-01-17T00:00:00.000Z;1.06
2002-01-18T00:00:00.000Z;0.398
2002-01-19T00:00:00.000Z;0.303
2002-01-20T00:00:00.000Z;0.295
2002-01-21T00:00:00.000Z;0.269
2002-01-22T00:00:00.000Z;0.259
2002-01-23T00:00:00.000Z;0.250
2002-01-24T00:00:00.000Z;0.284
2002-01-25T00:00:00.000Z;0.264
2002-01-26T00:00:00.000Z;0.236
2002-01-27T00:00:00.000Z;0.212
2002-01-28T00:00:00.000Z;0.188
2002-01-29T00:00:00.000Z;0.188
2002-01-30T00:00:00.000Z;0.179
2002-01-31T00:00:00.000Z;0.164
2002-02-01T00:00:00.000Z;0.164
2002-02-02T00:00:00.000Z;0.163
2002-02-03T00:00:00.000Z;0.147
2002-02-04T00:00:00.000Z;0.141
2002-02-05T00:00:00.000Z;0.194
2002-02-08T00:00:00.000Z;1.27
2002-02-09T00:00:00.000Z;1.23
2002-02-10T00:00:00.000Z;1.06
2002-02-11T00:00:00.000Z;0.622
2002-02-12T00:00:00.000Z;0.419
2002-02-13T00:00:00.000Z;0.344
2002-02-14T00:00:00.000Z;0.488
2002-02-15T00:00:00.000Z;0.650
2002-02-16T00:00:00.000Z;0.528
2002-02-17T00:00:00.000Z;0.448
2002-02-18T00:00:00.000Z;0.498
2002-02-19T00:00:00.000Z;0.639
2002-02-20T00:00:00.000Z;0.731
2002-02-22T00:00:00.000Z;1.37
2002-02-23T00:00:00.000Z;1.21
2002-02-25T00:00:00.000Z;1.16
2002-02-26T00:00:00.000Z;0.619
2002-02-27T00:00:00.000Z;0.446
2002-02-28T00:00:00.000Z;0.423
2002-03-01T00:00:00.000Z;0.409
2002-03-02T00:00:00.000Z;0.400
2002-03-03T00:00:00.000Z;0.532
2002-03-04T00:00:00.000Z;0.566
2002-03-07T00:00:00.000Z;0.844
2002-03-08T00:00:00.000Z;1.05
2002-03-09T00:00:00.000Z;0.843
2002-03-10T00:00:00.000Z;0.550
2002-03-11T00:00:00.000Z;0.436
2002-03-12T00:00:00.000Z;0.385
2002-03-13T00:00:00.000Z;0.341
2002-03-14T00:00:00.000Z;0.316
2002-03-15T00:00:00.000Z;0.277
2002-03-16T00:00:00.000Z;0.252
2002-03-17T00:00:00.000Z;0.329
2002-03-18T00:00:00.000Z;0.326
2002-03-19T00:00:00.000Z;0.275
2002-03-20T00:00:00.000Z;0.240
2002-03-21T00:00:00.000Z;0.236
2002-03-22T00:00:00.000Z;0.212
2002-03-23T00:00:00.000Z;0.212
2002-03-24T00:00:00.000Z;0.201
2002-03-25T00:00:00.000Z;0.188
2002-03-26T00:00:00.000Z;0.188
2002-03-27T00:00:00.000Z;0.188
2002-03-28T00:00:00.000Z;0.176
2002-03-29T00:00:00.000Z;0.164
2002-03-30T00:00:00.000Z;0.164
2002-03-31T00:00:00.000Z;0.164
2002-04-01T00:00:00.000Z;0.164
2002-04-02T00:00:00.000Z;0.164
2002-04-03T00:00:00.000Z;0.233
2002-04-04T00:00:00.000Z;1.22
2002-04-05T00:00:00.000Z;0.766
2002-04-06T00:00:00.000Z;0.488
2002-04-07T00:00:00.000Z;0.353
2002-04-08T00:00:00.000Z;0.275
2002-04-09T00:00:00.000Z;0.266
2002-04-10T00:00:00.000Z;0.284
2002-04-11T00:00:00.000Z;0.327
2002-04-12T00:00:00.000Z;0.386
2002-04-13T00:00:00.000Z;0.853
2002-04-14T00:00:00.000Z;0.529
2002-04-15T00:00:00.000Z;0.359
2002-04-16T00:00:00.000Z;0.329
2002-04-17T00:00:00.000Z;0.314
2002-04-18T00:00:00.000Z;0.275
2002-04-19T00:00:00.000Z;0.245
2002-04-20T00:00:00.000Z;0.221
2002-04-21T00:00:00.000Z;0.210
2002-04-22T00:00:00.000Z;0.188
2002-04-23T00:00:00.000Z;0.188
2002-04-24T00:00:00.000Z;0.187
2002-04-25T00:00:00.000Z;0.167
2002-04-26T00:00:00.000Z;0.164
2002-04-27T00:00:00.000Z;0.164
2002-04-28T00:00:00.000Z;0.164
2002-04-29T00:00:00.000Z;0.154
2002-04-30T00:00:00.000Z;0.140
2002-05-01T00:00:00.000Z;0.141
2002-05-02T00:00:00.000Z;0.146
2002-05-03T00:00:00.000Z;0.951
2002-05-05T00:00:00.000Z;1.57
2002-05-06T00:00:00.000Z;0.662
2002-05-07T00:00:00.000Z;0.453
2002-05-08T00:00:00.000Z;0.444
2002-05-12T00:00:00.000Z;1.10
2002-05-13T00:00:00.000Z;0.560
2002-05-14T00:00:00.000Z;0.391
2002-05-15T00:00:00.000Z;0.315
2002-05-16T00:00:00.000Z;0.277
2002-05-17T00:00:00.000Z;0.254
2002-05-18T00:00:00.000Z;0.862
2002-05-19T00:00:00.000Z;0.482
2002-05-20T00:00:00.000Z;0.320
2002-05-21T00:00:00.000Z;0.262
2002-05-22T00:00:00.000Z;0.236
2002-05-23T00:00:00.000Z;1.04
2002-05-24T00:00:00.000Z;1.04
2002-05-25T00:00:00.000Z;0.415
2002-05-26T00:00:00.000Z;0.308
2002-05-27T00:00:00.000Z;0.328
2002-05-28T00:00:00.000Z;0.284
2002-05-29T00:00:00.000Z;0.240
2002-05-30T00:00:00.000Z;0.236
2002-05-31T00:00:00.000Z;0.227
2002-06-01T00:00:00.000Z;0.211
2002-06-02T00:00:00.000Z;0.189
2002-06-03T00:00:00.000Z;0.188
2002-06-04T00:00:00.000Z;0.218
2002-06-05T00:00:00.000Z;1.83
2002-06-06T00:00:00.000Z;1.66
2002-06-07T00:00:00.000Z;1.03
2002-06-10T00:00:00.000Z;1.05
2002-06-11T00:00:00.000Z;0.672
2002-06-12T00:00:00.000Z;0.385
2002-06-13T00:00:00.000Z;0.301
2002-06-14T00:00:00.000Z;0.252
2002-06-15T00:00:00.000Z;0.229
2002-06-16T00:00:00.000Z;0.212
2002-06-17T00:00:00.000Z;0.193
2002-06-18T00:00:00.000Z;0.188
2002-06-19T00:00:00.000Z;0.175
2002-06-20T00:00:00.000Z;0.164
2002-06-21T00:00:00.000Z;0.164
2002-06-22T00:00:00.000Z;0.164
2002-06-23T00:00:00.000Z;0.164
2002-06-24T00:00:00.000Z;0.145
2002-06-25T00:00:00.000Z;0.143
2002-06-26T00:00:00.000Z;0.144
2002-06-27T00:00:00.000Z;0.141
2002-06-28T00:00:00.000Z;0.138
2002-06-29T00:00:00.000Z;0.135
2002-06-30T00:00:00.000Z;0.132
2002-07-01T00:00:00.000Z;0.129
2002-07-02T00:00:00.000Z;0.126
2002-07-03T00:00:00.000Z;0.123
2002-07-04T00:00:00.000Z;0.120
2002-07-05T00:00:00.000Z;0.119
2002-07-06T00:00:00.000Z;0.118
2002-07-07T00:00:00.000Z;0.117
2002-07-08T00:00:00.000Z;0.119
2002-07-09T00:00:00.000Z;0.144
2002-07-10T00:00:00.000Z;0.267
2002-07-11T00:00:00.000Z;0.174
2002-07-12T00:00:00.000Z;0.144
2002-07-13T00:00:00.000Z;0.135
2002-07-14T00:00:00.000Z;0.134
2002-07-15T00:00:00.000Z;0.136
2002-07-16T00:00:00.000Z;0.178
2002-07-17T00:00:00.000Z;0.205
2002-07-18T00:00:00.000Z;0.175
2002-07-19T00:00:00.000Z;0.145
2002-07-20T00:00:00.000Z;0.134
2002-07-21T00:00:00.000Z;0.126
2002-07-22T00:00:00.000Z;0.120
2002-07-23T00:00:00.000Z;0.120
2002-07-24T00:00:00.000Z;0.114
2002-07-25T00:00:00.000Z;0.112
2002-07-26T00:00:00.000Z;0.113
2002-07-27T00:00:00.000Z;0.112
2002-07-28T00:00:00.000Z;0.108
2002-07-29T00:00:00.000Z;0.108
2002-07-30T00:00:00.000Z;0.108
2002-07-31T00:00:00.000Z;0.116
2002-08-01T00:00:00.000Z;0.123
2002-08-02T00:00:00.000Z;0.118
2002-08-03T00:00:00.000Z;0.112
2002-08-04T00:00:00.000Z;0.108
2002-08-05T00:00:00.000Z;0.107
2002-08-06T00:00:00.000Z;0.109
2002-08-07T00:00:00.000Z;0.115
2002-08-08T00:00:00.000Z;0.113
2002-08-09T00:00:00.000Z;0.112
2002-08-10T00:00:00.000Z;0.132
2002-08-11T00:00:00.000Z;0.187
2002-08-12T00:00:00.000Z;0.227
2002-08-13T00:00:00.000Z;0.228
2002-08-14T00:00:00.000Z;0.184
2002-08-15T00:00:00.000Z;0.149
2002-08-16T00:00:00.000Z;0.137
2002-08-17T00:00:00.000Z;0.132
2002-08-18T00:00:00.000Z;0.127
2002-08-19T00:00:00.000Z;0.122
2002-08-20T00:00:00.000Z;0.121
2002-08-21T00:00:00.000Z;0.120
2002-08-22T00:00:00.000Z;0.127
2002-08-23T00:00:00.000Z;0.137
2002-08-24T00:00:00.000Z;0.142
2002-08-25T00:00:00.000Z;0.149
2002-08-26T00:00:00.000Z;0.169
2002-08-27T00:00:00.000Z;0.174
2002-08-28T00:00:00.000Z;0.177
2002-08-29T00:00:00.000Z;0.184
2002-08-30T00:00:00.000Z;0.481
2002-08-31T00:00:00.000Z;0.678
2002-09-01T00:00:00.000Z;1.01
2002-09-02T00:00:00.000Z;0.371
2002-09-03T00:00:00.000Z;0.244
2002-09-04T00:00:00.000Z;0.201
2002-09-05T00:00:00.000Z;0.235
2002-09-06T00:00:00.000Z;0.217
2002-09-07T00:00:00.000Z;0.185
2002-09-08T00:00:00.000Z;0.169
2002-09-09T00:00:00.000Z;0.158
2002-09-10T00:00:00.000Z;0.145
2002-09-11T00:00:00.000Z;0.138
2002-09-12T00:00:00.000Z;0.134
2002-09-13T00:00:00.000Z;0.131
2002-09-14T00:00:00.000Z;0.128
2002-09-15T00:00:00.000Z;0.123
2002-09-16T00:00:00.000Z;0.119
2002-09-17T00:00:00.000Z;0.118
2002-09-18T00:00:00.000Z;0.118
2002-09-19T00:00:00.000Z;0.114
2002-09-20T00:00:00.000Z;0.110
2002-09-21T00:00:00.000Z;0.110
2002-09-22T00:00:00.000Z;0.114
2002-09-23T00:00:00.000Z;0.116
2002-09-24T00:00:00.000Z;0.110
2002-09-25T00:00:00.000Z;0.105
2002-09-26T00:00:00.000Z;0.103
2002-09-27T00:00:00.000Z;0.103
2002-09-28T00:00:00.000Z;0.102
2002-09-29T00:00:00.000Z;0.101
2002-09-30T00:00:00.000Z;0.0970
2002-10-01T00:00:00.000Z;0.100
2002-10-02T00:00:00.000Z;0.100
2002-10-03T00:00:00.000Z;0.104
2002-10-04T00:00:00.000Z;0.104
2002-10-05T00:00:00.000Z;0.104
2002-10-06T00:00:00.000Z;0.104
2002-10-07T00:00:00.000Z;0.101
2002-10-08T00:00:00.000Z;0.101
2002-10-09T00:00:00.000Z;0.107
2002-10-10T00:00:00.000Z;0.481
2002-10-11T00:00:00.000Z;0.682
2002-10-12T00:00:00.000Z;0.749
2002-10-13T00:00:00.000Z;0.504
2002-10-14T00:00:00.000Z;0.251
2002-10-15T00:00:00.000Z;0.195
2002-10-16T00:00:00.000Z;0.171
2002-10-17T00:00:00.000Z;0.242
2002-10-18T00:00:00.000Z;0.392
2002-10-19T00:00:00.000Z;0.232
2002-10-20T00:00:00.000Z;0.193
2002-10-21T00:00:00.000Z;0.168
2002-10-22T00:00:00.000Z;0.161
2002-10-23T00:00:00.000Z;0.214
2002-10-24T00:00:00.000Z;0.271
2002-10-25T00:00:00.000Z;0.206
2002-10-26T00:00:00.000Z;0.189
2002-10-27T00:00:00.000Z;0.177
2002-10-28T00:00:00.000Z;0.172
2002-10-29T00:00:00.000Z;0.166
2002-10-30T00:00:00.000Z;0.161
2002-10-31T00:00:00.000Z;0.246
2002-11-01T00:00:00.000Z;0.352
2002-11-02T00:00:00.000Z;0.226
2002-11-03T00:00:00.000Z;0.304
2002-11-04T00:00:00.000Z;0.479
2002-11-05T00:00:00.000Z;0.489
2002-11-06T00:00:00.000Z;0.449
2002-11-07T00:00:00.000Z;1.88
2002-11-11T00:00:00.000Z;1.36
2002-11-12T00:00:00.000Z;0.891
2002-11-13T00:00:00.000Z;0.496
2002-11-14T00:00:00.000Z;0.381
2002-11-15T00:00:00.000Z;0.319
2002-11-16T00:00:00.000Z;0.272
2002-11-17T00:00:00.000Z;0.232
2002-11-18T00:00:00.000Z;0.245
2002-11-19T00:00:00.000Z;0.254
2002-11-20T00:00:00.000Z;0.237
2002-11-21T00:00:00.000Z;0.341
2002-11-22T00:00:00.000Z;0.521
2002-11-23T00:00:00.000Z;0.333
2002-11-24T00:00:00.000Z;0.270
2002-11-25T00:00:00.000Z;0.243
2002-11-26T00:00:00.000Z;0.283
2002-11-27T00:00:00.000Z;0.271
2002-11-28T00:00:00.000Z;0.238
2002-11-29T00:00:00.000Z;0.235
2002-11-30T00:00:00.000Z;0.627
2002-12-07T00:00:00.000Z;1.21
2002-12-08T00:00:00.000Z;0.838
2002-12-09T00:00:00.000Z;0.581
2002-12-10T00:00:00.000Z;0.561
2002-12-11T00:00:00.000Z;0.623
2002-12-12T00:00:00.000Z;0.584
2002-12-13T00:00:00.000Z;0.426
2002-12-14T00:00:00.000Z;0.417
2002-12-15T00:00:00.000Z;0.442
2002-12-16T00:00:00.000Z;0.322
2002-12-17T00:00:00.000Z;0.313
2002-12-18T00:00:00.000Z;0.413
2002-12-19T00:00:00.000Z;0.325
2002-12-20T00:00:00.000Z;0.268
2002-12-21T00:00:00.000Z;0.229
2002-12-22T00:00:00.000Z;0.212
2002-12-23T00:00:00.000Z;0.204
2002-12-24T00:00:00.000Z;0.195
2002-12-25T00:00:00.000Z;0.182
2002-12-26T00:00:00.000Z;0.179
2002-12-27T00:00:00.000Z;0.177
2002-12-30T00:00:00.000Z;0.976
2003-01-02T00:00:00.000Z;0.729
2003-01-03T00:00:00.000Z;0.595
2003-01-04T00:00:00.000Z;0.387
2003-01-05T00:00:00.000Z;0.333
2003-01-06T00:00:00.000Z;0.442
2003-01-07T00:00:00.000Z;0.469
2003-01-08T00:00:00.000Z;0.700
2003-01-09T00:00:00.000Z;0.798
2003-01-10T00:00:00.000Z;0.532
2003-01-11T00:00:00.000Z;0.432
2003-01-12T00:00:00.000Z;0.370
2003-01-13T00:00:00.000Z;0.314
2003-01-14T00:00:00.000Z;0.285
2003-01-15T00:00:00.000Z;0.291
2003-01-16T00:00:00.000Z;0.311
2003-01-17T00:00:00.000Z;0.324
2003-01-18T00:00:00.000Z;0.321
2003-01-19T00:00:00.000Z;0.785
2003-01-20T00:00:00.000Z;1.34
2003-01-21T00:00:00.000Z;0.795
2003-01-22T00:00:00.000Z;0.528
2003-01-23T00:00:00.000Z;0.681
2003-01-24T00:00:00.000Z;0.650
2003-01-25T00:00:00.000Z;0.469
2003-01-26T00:00:00.000Z;0.680
2003-01-28T00:00:00.000Z;1.29
2003-01-29T00:00:00.000Z;1.11
2003-01-30T00:00:00.000Z;0.750
2003-01-31T00:00:00.000Z;0.631
2003-02-01T00:00:00.000Z;0.495
2003-02-02T00:00:00.000Z;0.897
2003-02-06T00:00:00.000Z;1.22
2003-02-07T00:00:00.000Z;0.797
2003-02-08T00:00:00.000Z;0.710
2003-02-09T00:00:00.000Z;0.786
2003-02-10T00:00:00.000Z;1.29
2003-02-11T00:00:00.000Z;0.878
2003-02-12T00:00:00.000Z;1.04
2003-02-13T00:00:00.000Z;1.05
2003-02-14T00:00:00.000Z;0.752
2003-02-15T00:00:00.000Z;0.513
2003-02-16T00:00:00.000Z;0.426
2003-02-17T00:00:00.000Z;0.373
2003-02-18T00:00:00.000Z;0.335
2003-02-19T00:00:00.000Z;0.324
2003-02-20T00:00:00.000Z;0.359
2003-02-21T00:00:00.000Z;0.350
2003-02-22T00:00:00.000Z;0.432
2003-02-23T00:00:00.000Z;0.585
2003-02-24T00:00:00.000Z;0.751
2003-02-25T00:00:00.000Z;0.909
2003-02-26T00:00:00.000Z;0.896
2003-02-27T00:00:00.000Z;1.05
2003-02-28T00:00:00.000Z;0.907
2003-03-01T00:00:00.000Z;0.750
2003-03-02T00:00:00.000Z;0.616
2003-03-05T00:00:00.000Z;1.19
2003-03-06T00:00:00.000Z;1.56
2003-03-07T00:00:00.000Z;1.40
2003-03-08T00:00:00.000Z;0.665
2003-03-09T00:00:00.000Z;0.460
2003-03-10T00:00:00.000Z;0.388
2003-03-11T00:00:00.000Z;0.358
2003-03-12T00:00:00.000Z;0.341
2003-03-13T00:00:00.000Z;0.321
2003-03-14T00:00:00.000Z;0.305
2003-03-15T00:00:00.000Z;0.277
2003-03-16T00:00:00.000Z;0.244
2003-03-17T00:00:00.000Z;0.226
2003-03-18T00:00:00.000Z;0.218
2003-03-19T00:00:00.000Z;0.209
2003-03-20T00:00:00.000Z;0.202
2003-03-21T00:00:00.000Z;0.196
2003-03-22T00:00:00.000Z;0.194
2003-03-23T00:00:00.000Z;0.187
2003-03-24T00:00:00.000Z;0.178
2003-03-25T00:00:00.000Z;0.177
2003-03-26T00:00:00.000Z;0.176
2003-03-27T00:00:00.000Z;0.175
2003-03-28T00:00:00.000Z;0.175
2003-03-29T00:00:00.000Z;0.436
2003-03-30T00:00:00.000Z;0.787
2003-03-31T00:00:00.000Z;0.817
2003-04-01T00:00:00.000Z;0.445
2003-04-02T00:00:00.000Z;0.640
2003-04-03T00:00:00.000Z;1.29
2003-04-04T00:00:00.000Z;0.904
2003-04-05T00:00:00.000Z;0.623
2003-04-06T00:00:00.000Z;0.487
2003-04-07T00:00:00.000Z;0.445
2003-04-08T00:00:00.000Z;0.360
2003-04-09T00:00:00.000Z;0.320
2003-04-10T00:00:00.000Z;0.388
2003-04-11T00:00:00.000Z;0.487
2003-04-12T00:00:00.000Z;0.531
2003-04-13T00:00:00.000Z;0.428
2003-04-14T00:00:00.000Z;0.345
2003-04-15T00:00:00.000Z;0.289
2003-04-16T00:00:00.000Z;0.255
2003-04-17T00:00:00.000Z;0.236
2003-04-18T00:00:00.000Z;0.220
2003-04-19T00:00:00.000Z;0.237
2003-04-20T00:00:00.000Z;0.291
2003-04-21T00:00:00.000Z;0.524
2003-04-22T00:00:00.000Z;0.512
2003-04-23T00:00:00.000Z;0.341
2003-04-24T00:00:00.000Z;0.289
2003-04-25T00:00:00.000Z;0.256
2003-04-26T00:00:00.000Z;0.232
2003-04-27T00:00:00.000Z;0.217
2003-04-28T00:00:00.000Z;0.212
2003-04-29T00:00:00.000Z;0.202
2003-04-30T00:00:00.000Z;0.193
2003-05-01T00:00:00.000Z;0.179
2003-05-02T00:00:00.000Z;0.173
2003-05-03T00:00:00.000Z;0.167
2003-05-04T00:00:00.000Z;0.160
2003-05-05T00:00:00.000Z;0.160
2003-05-06T00:00:00.000Z;0.226
2003-05-07T00:00:00.000Z;0.320
2003-05-08T00:00:00.000Z;0.484
2003-05-09T00:00:00.000Z;0.566
2003-05-10T00:00:00.000Z;0.589
2003-05-11T00:00:00.000Z;0.556
2003-05-12T00:00:00.000Z;0.490
2003-05-13T00:00:00.000Z;0.440
2003-05-14T00:00:00.000Z;0.392
2003-05-15T00:00:00.000Z;0.341
2003-05-16T00:00:00.000Z;0.293
2003-05-17T00:00:00.000Z;0.260
2003-05-18T00:00:00.000Z;0.230
2003-05-19T00:00:00.000Z;0.209
2003-05-20T00:00:00.000Z;0.206
2003-05-21T00:00:00.000Z;0.199
2003-05-22T00:00:00.000Z;0.186
2003-05-23T00:00:00.000Z;0.179
2003-05-24T00:00:00.000Z;0.178
2003-05-25T00:00:00.000Z;0.238
2003-05-26T00:00:00.000Z;0.262
2003-05-27T00:00:00.000Z;0.266
2003-05-28T00:00:00.000Z;0.259
2003-05-29T00:00:00.000Z;0.242
2003-05-30T00:00:00.000Z;0.223
2003-05-31T00:00:00.000Z;0.210
2003-06-01T00:00:00.000Z;0.196
2003-06-02T00:00:00.000Z;0.192
2003-06-03T00:00:00.000Z;0.184
2003-06-04T00:00:00.000Z;0.179
2003-06-05T00:00:00.000Z;0.177
2003-06-06T00:00:00.000Z;0.170
2003-06-07T00:00:00.000Z;0.163
2003-06-08T00:00:00.000Z;0.161
2003-06-09T00:00:00.000Z;0.156
2003-06-10T00:00:00.000Z;0.154
2003-06-11T00:00:00.000Z;0.149
2003-06-12T00:00:00.000Z;0.150
2003-06-13T00:00:00.000Z;0.148
2003-06-14T00:00:00.000Z;0.146
2003-06-15T00:00:00.000Z;0.143
2003-06-16T00:00:00.000Z;0.151
2003-06-17T00:00:00.000Z;0.201
2003-06-18T00:00:00.000Z;0.188
2003-06-19T00:00:00.000Z;0.183
2003-06-20T00:00:00.000Z;0.174
2003-06-21T00:00:00.000Z;0.162
2003-06-22T00:00:00.000Z;0.153
2003-06-23T00:00:00.000Z;0.149
2003-06-24T00:00:00.000Z;0.140
2003-06-25T00:00:00.000Z;0.136
2003-06-26T00:00:00.000Z;0.133
2003-06-27T00:00:00.000Z;0.131
2003-06-28T00:00:00.000Z;0.129
2003-06-29T00:00:00.000Z;0.131
2003-06-30T00:00:00.000Z;0.129
2003-07-01T00:00:00.000Z;0.126
2003-07-02T00:00:00.000Z;0.126
2003-07-03T00:00:00.000Z;0.125
2003-07-04T00:00:00.000Z;0.122
2003-07-05T00:00:00.000Z;0.120
2003-07-06T00:00:00.000Z;0.117
2003-07-07T00:00:00.000Z;0.114
2003-07-08T00:00:00.000Z;0.112
2003-07-09T00:00:00.000Z;0.112
2003-07-10T00:00:00.000Z;0.112
2003-07-11T00:00:00.000Z;0.113
2003-07-12T00:00:00.000Z;0.114
2003-07-13T00:00:00.000Z;0.114
2003-07-14T00:00:00.000Z;0.115
2003-07-15T00:00:00.000Z;0.115
2003-07-16T00:00:00.000Z;0.113
2003-07-17T00:00:00.000Z;0.111
2003-07-18T00:00:00.000Z;0.110
2003-07-19T00:00:00.000Z;0.108
2003-07-20T00:00:00.000Z;0.108
2003-07-21T00:00:00.000Z;0.111
2003-07-22T00:00:00.000Z;0.113
2003-07-23T00:00:00.000Z;0.112
2003-07-24T00:00:00.000Z;0.110
2003-07-25T00:00:00.000Z;0.109
2003-07-26T00:00:00.000Z;0.110
2003-07-27T00:00:00.000Z;0.111
2003-07-28T00:00:00.000Z;0.112
2003-07-29T00:00:00.000Z;0.110
2003-07-30T00:00:00.000Z;0.108
2003-07-31T00:00:00.000Z;0.109
2003-08-01T00:00:00.000Z;0.106
2003-08-02T00:00:00.000Z;0.106
2003-08-03T00:00:00.000Z;0.103
2003-08-04T00:00:00.000Z;0.0990
2003-08-05T00:00:00.000Z;0.0980
2003-08-06T00:00:00.000Z;0.0990
2003-08-07T00:00:00.000Z;0.0980
2003-08-08T00:00:00.000Z;0.0960
2003-08-09T00:00:00.000Z;0.119
2003-08-10T00:00:00.000Z;0.124
2003-08-11T00:00:00.000Z;0.105
2003-08-12T00:00:00.000Z;0.100
2003-08-13T00:00:00.000Z;0.0990
2003-08-14T00:00:00.000Z;0.101
2003-08-15T00:00:00.000Z;0.105
2003-08-16T00:00:00.000Z;0.132
2003-08-17T00:00:00.000Z;0.168
2003-08-18T00:00:00.000Z;0.133
2003-08-19T00:00:00.000Z;0.124
2003-08-20T00:00:00.000Z;0.115
2003-08-21T00:00:00.000Z;0.114
2003-08-22T00:00:00.000Z;0.112
2003-08-23T00:00:00.000Z;0.110
2003-08-24T00:00:00.000Z;0.105
2003-08-25T00:00:00.000Z;0.108
2003-08-26T00:00:00.000Z;0.104
2003-08-27T00:00:00.000Z;0.103
2003-08-28T00:00:00.000Z;0.103
2003-08-29T00:00:00.000Z;0.102
2003-08-30T00:00:00.000Z;0.102
2003-08-31T00:00:00.000Z;0.107
2003-09-01T00:00:00.000Z;0.104
2003-09-02T00:00:00.000Z;0.106
2003-09-03T00:00:00.000Z;0.104
2003-09-04T00:00:00.000Z;0.102
2003-09-05T00:00:00.000Z;0.111
2003-09-06T00:00:00.000Z;0.144
2003-09-07T00:00:00.000Z;0.292
2003-09-08T00:00:00.000Z;0.256
2003-09-11T00:00:00.000Z;0.712
2003-09-12T00:00:00.000Z;0.234
2003-09-13T00:00:00.000Z;0.183
2003-09-14T00:00:00.000Z;0.162
2003-09-15T00:00:00.000Z;0.149
2003-09-16T00:00:00.000Z;0.138
2003-09-17T00:00:00.000Z;0.129
2003-09-18T00:00:00.000Z;0.120
2003-09-19T00:00:00.000Z;0.114
2003-09-20T00:00:00.000Z;0.109
2003-09-21T00:00:00.000Z;0.107
2003-09-22T00:00:00.000Z;0.105
2003-09-23T00:00:00.000Z;0.109
2003-09-24T00:00:00.000Z;0.112
2003-09-25T00:00:00.000Z;0.107
2003-09-26T00:00:00.000Z;0.103
2003-09-27T00:00:00.000Z;0.102
2003-09-28T00:00:00.000Z;0.213
2003-09-29T00:00:00.000Z;1.08
2003-09-30T00:00:00.000Z;0.427
2003-10-01T00:00:00.000Z;0.210
2003-10-02T00:00:00.000Z;0.161
2003-10-03T00:00:00.000Z;0.145
2003-10-04T00:00:00.000Z;0.135
2003-10-05T00:00:00.000Z;0.661
2003-10-06T00:00:00.000Z;0.634
2003-10-07T00:00:00.000Z;0.262
2003-10-08T00:00:00.000Z;0.222
2003-10-09T00:00:00.000Z;0.243
2003-10-10T00:00:00.000Z;0.208
2003-10-11T00:00:00.000Z;0.182
2003-10-12T00:00:00.000Z;0.161
2003-10-13T00:00:00.000Z;0.145
2003-10-14T00:00:00.000Z;0.148
2003-10-15T00:00:00.000Z;0.196
2003-10-16T00:00:00.000Z;0.169
2003-10-17T00:00:00.000Z;0.153
2003-10-18T00:00:00.000Z;0.146
2003-10-19T00:00:00.000Z;0.140
2004-01-04T00:00:00.000Z;1.18
2004-01-05T00:00:00.000Z;0.659
2004-01-06T00:00:00.000Z;0.526
2004-01-07T00:00:00.000Z;0.510
2004-01-08T00:00:00.000Z;0.538
2004-01-11T00:00:00.000Z;1.42
2004-01-12T00:00:00.000Z;1.04
2004-01-13T00:00:00.000Z;0.591
2004-01-14T00:00:00.000Z;0.534
2004-01-15T00:00:00.000Z;0.854
2004-01-16T00:00:00.000Z;0.563
2004-01-17T00:00:00.000Z;0.439
2004-01-18T00:00:00.000Z;1.04
2004-01-19T00:00:00.000Z;0.692
2004-01-20T00:00:00.000Z;0.570
2004-01-21T00:00:00.000Z;1.60
2004-01-22T00:00:00.000Z;1.71
2004-01-26T00:00:00.000Z;1.15
2004-01-27T00:00:00.000Z;1.53
2004-01-28T00:00:00.000Z;1.37
2004-01-29T00:00:00.000Z;0.937
2004-01-30T00:00:00.000Z;0.776
2004-01-31T00:00:00.000Z;0.807
2004-02-01T00:00:00.000Z;0.878
2004-02-02T00:00:00.000Z;0.584
2004-02-03T00:00:00.000Z;0.443
2004-02-04T00:00:00.000Z;0.376
2004-02-05T00:00:00.000Z;0.329
2004-02-06T00:00:00.000Z;0.306
2004-02-07T00:00:00.000Z;0.282
2004-02-08T00:00:00.000Z;0.258
2004-02-09T00:00:00.000Z;0.243
2004-02-10T00:00:00.000Z;0.228
2004-02-11T00:00:00.000Z;0.218
2004-02-12T00:00:00.000Z;0.210
2004-02-13T00:00:00.000Z;0.201
2004-02-14T00:00:00.000Z;0.193
2004-02-15T00:00:00.000Z;0.188
2004-02-16T00:00:00.000Z;0.184
2004-02-17T00:00:00.000Z;0.180
2004-02-18T00:00:00.000Z;0.187
2004-02-19T00:00:00.000Z;0.207
2004-02-20T00:00:00.000Z;0.213
2004-02-21T00:00:00.000Z;0.277
2004-02-22T00:00:00.000Z;0.513
2004-02-23T00:00:00.000Z;0.405
2004-02-24T00:00:00.000Z;0.295
2004-02-25T00:00:00.000Z;0.265
2004-02-26T00:00:00.000Z;0.260
2004-02-27T00:00:00.000Z;0.256
2004-02-28T00:00:00.000Z;0.238
2004-02-29T00:00:00.000Z;0.224
2004-03-01T00:00:00.000Z;0.211
2004-03-02T00:00:00.000Z;0.218
2004-03-03T00:00:00.000Z;0.316
2004-03-04T00:00:00.000Z;0.618
2004-03-06T00:00:00.000Z;1.51
2004-03-07T00:00:00.000Z;1.12
2004-03-08T00:00:00.000Z;0.613
2004-03-09T00:00:00.000Z;0.429
2004-03-10T00:00:00.000Z;0.354
2004-03-11T00:00:00.000Z;0.306
2004-03-12T00:00:00.000Z;0.286
2004-03-14T00:00:00.000Z;1.61
2004-03-15T00:00:00.000Z;0.832
2004-03-16T00:00:00.000Z;0.497
2004-03-17T00:00:00.000Z;0.403
2004-03-18T00:00:00.000Z;0.339
2004-03-19T00:00:00.000Z;0.293
2004-03-20T00:00:00.000Z;0.267
2004-03-21T00:00:00.000Z;0.251
2004-03-22T00:00:00.000Z;0.243
2004-03-23T00:00:00.000Z;0.387
2004-03-24T00:00:00.000Z;0.540
2004-03-25T00:00:00.000Z;0.592
2004-03-26T00:00:00.000Z;0.585
2004-03-27T00:00:00.000Z;0.559
2004-03-28T00:00:00.000Z;0.463
2004-03-29T00:00:00.000Z;0.641
2004-03-30T00:00:00.000Z;1.27
2004-03-31T00:00:00.000Z;0.991
2004-04-01T00:00:00.000Z;0.720
2004-04-02T00:00:00.000Z;0.517
2004-04-03T00:00:00.000Z;0.370
2004-04-04T00:00:00.000Z;0.316
2004-04-05T00:00:00.000Z;0.292
2004-04-06T00:00:00.000Z;0.266
2004-04-07T00:00:00.000Z;0.247
2004-04-08T00:00:00.000Z;0.235
2004-04-09T00:00:00.000Z;0.304
2004-04-10T00:00:00.000Z;0.466
2004-04-11T00:00:00.000Z;0.581
2004-04-12T00:00:00.000Z;0.684
2004-04-13T00:00:00.000Z;0.670
2004-04-14T00:00:00.000Z;0.553
2004-04-15T00:00:00.000Z;0.494
2004-04-16T00:00:00.000Z;0.489
2004-04-17T00:00:00.000Z;0.560
2004-04-18T00:00:00.000Z;0.863
2004-04-19T00:00:00.000Z;1.38
2004-04-20T00:00:00.000Z;0.873
2004-04-21T00:00:00.000Z;0.627
2004-04-22T00:00:00.000Z;0.916
2004-04-25T00:00:00.000Z;0.921
2004-04-26T00:00:00.000Z;0.577
2004-04-27T00:00:00.000Z;0.412
2004-04-28T00:00:00.000Z;0.412
2004-04-29T00:00:00.000Z;0.689
2004-04-30T00:00:00.000Z;0.937
2004-05-01T00:00:00.000Z;0.936
2004-05-02T00:00:00.000Z;0.747
2004-05-03T00:00:00.000Z;0.759
2004-05-05T00:00:00.000Z;1.57
2004-05-06T00:00:00.000Z;1.25
2004-05-07T00:00:00.000Z;0.723
2004-05-08T00:00:00.000Z;0.575
2004-05-09T00:00:00.000Z;0.498
2004-05-10T00:00:00.000Z;0.418
2004-05-11T00:00:00.000Z;0.357
2004-05-14T00:00:00.000Z;1.82
2004-05-15T00:00:00.000Z;1.03
2004-05-16T00:00:00.000Z;0.535
2004-05-17T00:00:00.000Z;0.407
2004-05-18T00:00:00.000Z;0.346
2004-05-19T00:00:00.000Z;0.307
2004-05-20T00:00:00.000Z;0.281
2004-05-21T00:00:00.000Z;0.683
2004-05-22T00:00:00.000Z;1.11
2004-05-23T00:00:00.000Z;1.37
2004-05-24T00:00:00.000Z;0.602
2004-05-25T00:00:00.000Z;0.379
2004-05-26T00:00:00.000Z;0.315
2004-05-27T00:00:00.000Z;0.279
2004-05-28T00:00:00.000Z;0.253
2004-05-29T00:00:00.000Z;0.230
2004-05-30T00:00:00.000Z;0.219
2004-05-31T00:00:00.000Z;0.211
2004-06-01T00:00:00.000Z;0.203
2004-06-02T00:00:00.000Z;0.195
2004-06-03T00:00:00.000Z;0.187
2004-06-04T00:00:00.000Z;0.179
2004-06-05T00:00:00.000Z;0.177
2004-06-06T00:00:00.000Z;0.175
2004-06-07T00:00:00.000Z;0.172
2004-06-08T00:00:00.000Z;0.166
2004-06-09T00:00:00.000Z;0.162
2004-06-10T00:00:00.000Z;0.165
2004-06-11T00:00:00.000Z;0.210
2004-06-12T00:00:00.000Z;0.340
2004-06-13T00:00:00.000Z;0.201
2004-06-14T00:00:00.000Z;0.176
2004-06-15T00:00:00.000Z;0.167
2004-06-16T00:00:00.000Z;0.156
2004-06-17T00:00:00.000Z;0.153
2004-06-18T00:00:00.000Z;0.151
2004-06-19T00:00:00.000Z;0.150
2004-06-20T00:00:00.000Z;0.148
2004-06-21T00:00:00.000Z;0.143
2004-06-22T00:00:00.000Z;0.138
2004-06-23T00:00:00.000Z;0.140
2004-06-24T00:00:00.000Z;0.138
2004-06-25T00:00:00.000Z;0.136
2004-06-26T00:00:00.000Z;0.134
2004-06-27T00:00:00.000Z;0.132
2004-06-28T00:00:00.000Z;0.130
2004-06-29T00:00:00.000Z;0.129
2004-06-30T00:00:00.000Z;0.128
2004-07-01T00:00:00.000Z;0.127
2004-07-02T00:00:00.000Z;0.129
2004-07-03T00:00:00.000Z;0.128
2004-07-04T00:00:00.000Z;0.123
2004-07-05T00:00:00.000Z;0.123
2004-07-06T00:00:00.000Z;0.124
2004-07-07T00:00:00.000Z;0.131
2004-07-08T00:00:00.000Z;0.128
2004-07-09T00:00:00.000Z;0.127
2004-07-10T00:00:00.000Z;0.128
2004-07-11T00:00:00.000Z;0.130
2004-07-12T00:00:00.000Z;0.131
2004-07-13T00:00:00.000Z;0.131
2004-07-14T00:00:00.000Z;0.128
2004-07-15T00:00:00.000Z;0.125
2004-07-16T00:00:00.000Z;0.121
2004-07-17T00:00:00.000Z;0.118
2004-07-18T00:00:00.000Z;0.119
2004-07-19T00:00:00.000Z;0.121
2004-07-20T00:00:00.000Z;0.123
2004-07-21T00:00:00.000Z;0.118
2004-07-22T00:00:00.000Z;0.117
2004-07-23T00:00:00.000Z;0.116
2004-07-24T00:00:00.000Z;0.116
2004-07-25T00:00:00.000Z;0.116
2004-07-26T00:00:00.000Z;0.117
2004-07-27T00:00:00.000Z;0.120
2004-07-28T00:00:00.000Z;0.122
2004-07-29T00:00:00.000Z;0.122
2004-07-30T00:00:00.000Z;0.119
2004-07-31T00:00:00.000Z;0.121
2004-08-01T00:00:00.000Z;0.119
2004-08-02T00:00:00.000Z;0.117
2004-08-03T00:00:00.000Z;0.117
2004-08-04T00:00:00.000Z;0.122
2004-08-05T00:00:00.000Z;0.122
2004-08-06T00:00:00.000Z;0.121
2004-08-07T00:00:00.000Z;0.119
2004-08-08T00:00:00.000Z;0.117
2004-08-09T00:00:00.000Z;0.116
2004-08-10T00:00:00.000Z;0.121
2004-08-11T00:00:00.000Z;0.120
2004-08-12T00:00:00.000Z;0.116
2004-08-13T00:00:00.000Z;0.116
2004-08-14T00:00:00.000Z;0.117
2004-08-15T00:00:00.000Z;0.112
2004-08-16T00:00:00.000Z;0.116
2004-08-17T00:00:00.000Z;0.123
2004-08-18T00:00:00.000Z;0.119
2004-08-19T00:00:00.000Z;0.118
2004-08-20T00:00:00.000Z;0.117
2004-08-21T00:00:00.000Z;0.114
2004-08-22T00:00:00.000Z;0.111
2004-08-23T00:00:00.000Z;0.109
2004-08-24T00:00:00.000Z;0.108
2004-08-25T00:00:00.000Z;0.110
2004-08-26T00:00:00.000Z;0.110
2004-08-27T00:00:00.000Z;0.108
2004-08-28T00:00:00.000Z;0.106
2004-08-29T00:00:00.000Z;0.104
2004-08-30T00:00:00.000Z;0.104
2004-08-31T00:00:00.000Z;0.112
2004-09-01T00:00:00.000Z;0.112
2004-09-02T00:00:00.000Z;0.113
2004-09-03T00:00:00.000Z;0.105
2004-09-04T00:00:00.000Z;0.101
2004-09-05T00:00:00.000Z;0.0980
2004-09-06T00:00:00.000Z;0.0980
2004-09-07T00:00:00.000Z;0.114
2004-09-08T00:00:00.000Z;0.103
2004-09-09T00:00:00.000Z;0.0970
2004-09-10T00:00:00.000Z;0.0960
2004-09-11T00:00:00.000Z;0.0960
2004-09-12T00:00:00.000Z;0.0960
2004-09-13T00:00:00.000Z;0.0960
2004-09-14T00:00:00.000Z;0.101
2004-09-15T00:00:00.000Z;0.161
2004-09-16T00:00:00.000Z;0.218
2004-09-17T00:00:00.000Z;0.142
2004-09-18T00:00:00.000Z;0.119
2004-09-19T00:00:00.000Z;0.108
2004-09-20T00:00:00.000Z;0.108
2004-09-21T00:00:00.000Z;0.108
2004-09-22T00:00:00.000Z;0.105
2004-09-23T00:00:00.000Z;0.102
2004-09-24T00:00:00.000Z;0.102
2004-09-25T00:00:00.000Z;0.115
2004-09-26T00:00:00.000Z;0.105
2004-09-27T00:00:00.000Z;0.101
2004-09-28T00:00:00.000Z;0.101
2004-09-29T00:00:00.000Z;0.0990
2004-09-30T00:00:00.000Z;0.0960
2004-10-01T00:00:00.000Z;0.0930
2004-10-02T00:00:00.000Z;0.0930
2004-10-03T00:00:00.000Z;0.0920
2004-10-04T00:00:00.000Z;0.0920
2004-10-05T00:00:00.000Z;0.0920
2004-10-06T00:00:00.000Z;0.0920
2004-10-07T00:00:00.000Z;0.0910
2004-10-08T00:00:00.000Z;0.0910
2004-10-09T00:00:00.000Z;0.0890
2004-10-10T00:00:00.000Z;0.0860
2004-10-11T00:00:00.000Z;0.0850
2004-10-12T00:00:00.000Z;0.0910
2004-10-13T00:00:00.000Z;0.0970
2004-10-14T00:00:00.000Z;0.0950
2004-10-15T00:00:00.000Z;0.0970
2004-10-16T00:00:00.000Z;0.130
2004-10-17T00:00:00.000Z;0.196
2004-10-18T00:00:00.000Z;0.125
2004-10-19T00:00:00.000Z;0.111
2004-10-20T00:00:00.000Z;0.103
2004-10-21T00:00:00.000Z;0.0970
2004-10-22T00:00:00.000Z;0.0960
2004-10-23T00:00:00.000Z;0.0950
2004-10-24T00:00:00.000Z;0.0940
2004-10-25T00:00:00.000Z;0.0980
2004-10-26T00:00:00.000Z;1.05
2004-10-27T00:00:00.000Z;0.312
2004-10-28T00:00:00.000Z;0.183
2004-10-29T00:00:00.000Z;0.155
2004-10-30T00:00:00.000Z;0.146
2004-10-31T00:00:00.000Z;0.175
2004-11-01T00:00:00.000Z;0.285
2004-11-02T00:00:00.000Z;0.195
2004-11-03T00:00:00.000Z;0.158
2004-11-04T00:00:00.000Z;0.138
2004-11-05T00:00:00.000Z;0.129
2004-11-06T00:00:00.000Z;0.120
2004-11-07T00:00:00.000Z;0.112
2004-11-08T00:00:00.000Z;0.110
2004-11-09T00:00:00.000Z;0.552
2004-11-10T00:00:00.000Z;0.812
2004-11-13T00:00:00.000Z;0.796
2004-11-14T00:00:00.000Z;0.664
2004-11-15T00:00:00.000Z;0.411
2004-11-16T00:00:00.000Z;0.324
2004-11-17T00:00:00.000Z;0.293
2004-11-18T00:00:00.000Z;0.301
2004-11-19T00:00:00.000Z;0.491
2004-11-20T00:00:00.000Z;0.957
2004-11-21T00:00:00.000Z;0.426
2004-11-22T00:00:00.000Z;0.332
2004-11-23T00:00:00.000Z;0.273
2004-11-24T00:00:00.000Z;0.229
2004-11-25T00:00:00.000Z;0.210
2004-11-26T00:00:00.000Z;0.187
2004-11-27T00:00:00.000Z;0.176
2004-11-28T00:00:00.000Z;0.171
2004-11-29T00:00:00.000Z;0.173
2004-11-30T00:00:00.000Z;0.176
2004-12-01T00:00:00.000Z;0.176
2004-12-02T00:00:00.000Z;0.172
2004-12-03T00:00:00.000Z;0.163
2004-12-04T00:00:00.000Z;0.156
2004-12-05T00:00:00.000Z;0.153
2004-12-06T00:00:00.000Z;0.150
2004-12-07T00:00:00.000Z;0.147
2004-12-08T00:00:00.000Z;0.151
2004-12-09T00:00:00.000Z;0.205
2004-12-10T00:00:00.000Z;0.225
2004-12-11T00:00:00.000Z;0.205
2004-12-12T00:00:00.000Z;0.190
2004-12-13T00:00:00.000Z;0.173
2004-12-14T00:00:00.000Z;0.166
2004-12-15T00:00:00.000Z;0.158
2004-12-16T00:00:00.000Z;0.150
2004-12-17T00:00:00.000Z;0.264
2004-12-19T00:00:00.000Z;1.39
2004-12-22T00:00:00.000Z;0.701
2004-12-23T00:00:00.000Z;0.356
2004-12-24T00:00:00.000Z;0.319
2004-12-25T00:00:00.000Z;0.297
2004-12-26T00:00:00.000Z;0.282
2004-12-27T00:00:00.000Z;0.266
2004-12-28T00:00:00.000Z;0.683
2004-12-29T00:00:00.000Z;1.11
2004-12-30T00:00:00.000Z;0.836
2004-12-31T00:00:00.000Z;0.817
2005-01-01T00:00:00.000Z;0.978
2005-01-02T00:00:00.000Z;0.952
2005-01-03T00:00:00.000Z;1.20
2005-01-04T00:00:00.000Z;0.883
2005-01-05T00:00:00.000Z;0.541
2005-01-06T00:00:00.000Z;0.363
2005-01-07T00:00:00.000Z;0.320
2005-01-08T00:00:00.000Z;0.308
2005-01-09T00:00:00.000Z;0.278
2005-01-10T00:00:00.000Z;0.248
2005-01-11T00:00:00.000Z;0.226
2005-01-12T00:00:00.000Z;0.208
2005-01-13T00:00:00.000Z;0.197
2005-01-14T00:00:00.000Z;0.186
2005-01-15T00:00:00.000Z;0.180
2005-01-16T00:00:00.000Z;0.175
2005-01-17T00:00:00.000Z;0.169
2005-01-18T00:00:00.000Z;0.168
2005-01-22T00:00:00.000Z;0.948
2005-01-23T00:00:00.000Z;0.590
2005-01-24T00:00:00.000Z;0.965
2005-01-25T00:00:00.000Z;0.704
2005-01-26T00:00:00.000Z;0.433
2005-01-27T00:00:00.000Z;0.350
2005-01-28T00:00:00.000Z;0.310
2005-01-29T00:00:00.000Z;0.287
2005-01-30T00:00:00.000Z;0.270
2005-01-31T00:00:00.000Z;0.257
2005-02-01T00:00:00.000Z;0.250
2005-02-02T00:00:00.000Z;0.422
2005-02-03T00:00:00.000Z;0.486
2005-02-04T00:00:00.000Z;0.408
2005-02-05T00:00:00.000Z;0.427
2005-02-06T00:00:00.000Z;0.428
2005-02-07T00:00:00.000Z;0.391
2005-02-08T00:00:00.000Z;0.391
2005-02-09T00:00:00.000Z;0.402
2005-02-10T00:00:00.000Z;0.363
2005-02-11T00:00:00.000Z;0.331
2005-02-12T00:00:00.000Z;0.531
2005-02-14T00:00:00.000Z;1.39
2005-02-15T00:00:00.000Z;0.716
2005-02-16T00:00:00.000Z;0.635
2005-02-17T00:00:00.000Z;0.368
2005-02-18T00:00:00.000Z;0.329
2005-02-19T00:00:00.000Z;0.330
2005-02-20T00:00:00.000Z;0.369
2005-02-21T00:00:00.000Z;0.350
2005-02-22T00:00:00.000Z;0.332
2005-02-23T00:00:00.000Z;0.302
2005-02-24T00:00:00.000Z;0.299
2005-02-25T00:00:00.000Z;0.282
2005-02-26T00:00:00.000Z;0.312
2005-02-27T00:00:00.000Z;0.294
2005-02-28T00:00:00.000Z;0.272
2005-03-01T00:00:00.000Z;0.266
2005-03-02T00:00:00.000Z;0.280
2005-03-03T00:00:00.000Z;0.316
2005-03-04T00:00:00.000Z;0.271
2005-03-05T00:00:00.000Z;0.253
2005-03-06T00:00:00.000Z;0.261
2005-03-07T00:00:00.000Z;0.249
2005-03-08T00:00:00.000Z;0.248
2005-03-09T00:00:00.000Z;0.306
2005-03-10T00:00:00.000Z;0.417
2005-03-11T00:00:00.000Z;0.501
2005-03-12T00:00:00.000Z;0.426
2005-03-13T00:00:00.000Z;0.729
2005-03-18T00:00:00.000Z;1.54
2005-03-19T00:00:00.000Z;1.07
2005-03-20T00:00:00.000Z;0.998
2005-03-21T00:00:00.000Z;0.735
2005-03-22T00:00:00.000Z;0.586
2005-03-23T00:00:00.000Z;0.428
2005-03-24T00:00:00.000Z;0.355
2005-03-25T00:00:00.000Z;0.311
2005-03-26T00:00:00.000Z;0.284
2005-03-27T00:00:00.000Z;0.272
2005-03-28T00:00:00.000Z;0.293
2005-03-29T00:00:00.000Z;0.261
2005-03-30T00:00:00.000Z;0.617
2005-03-31T00:00:00.000Z;0.596
2005-04-01T00:00:00.000Z;0.380
2005-04-02T00:00:00.000Z;0.301
2005-04-03T00:00:00.000Z;0.255
2005-04-04T00:00:00.000Z;0.232
2005-04-05T00:00:00.000Z;0.290
2005-04-06T00:00:00.000Z;0.286
2005-04-07T00:00:00.000Z;0.254
2005-04-09T00:00:00.000Z;0.986
2005-04-10T00:00:00.000Z;0.644
2005-04-11T00:00:00.000Z;0.990
2005-04-12T00:00:00.000Z;1.25
2005-04-13T00:00:00.000Z;1.38
2005-04-14T00:00:00.000Z;1.01
2005-04-15T00:00:00.000Z;1.45
2005-04-16T00:00:00.000Z;1.12
2005-04-17T00:00:00.000Z;1.12
2005-04-18T00:00:00.000Z;1.00
2005-04-19T00:00:00.000Z;0.783
2005-04-20T00:00:00.000Z;0.704
2005-04-23T00:00:00.000Z;1.76
2005-04-24T00:00:00.000Z;1.15
2005-04-25T00:00:00.000Z;0.672
2005-04-26T00:00:00.000Z;0.534
2005-04-27T00:00:00.000Z;0.415
2005-04-28T00:00:00.000Z;0.348
2005-04-29T00:00:00.000Z;0.304
2005-04-30T00:00:00.000Z;0.278
2005-05-01T00:00:00.000Z;0.254
2005-05-02T00:00:00.000Z;0.234
2005-05-03T00:00:00.000Z;0.215
2005-05-04T00:00:00.000Z;0.205
2005-05-05T00:00:00.000Z;1.07
2005-05-06T00:00:00.000Z;0.551
2005-05-07T00:00:00.000Z;0.366
2005-05-08T00:00:00.000Z;0.290
2005-05-09T00:00:00.000Z;0.254
2005-05-10T00:00:00.000Z;0.261
2005-05-11T00:00:00.000Z;0.345
2005-05-12T00:00:00.000Z;0.299
2005-05-13T00:00:00.000Z;0.257
2005-05-14T00:00:00.000Z;0.307
2005-05-15T00:00:00.000Z;0.304
2005-05-19T00:00:00.000Z;1.32
2005-05-20T00:00:00.000Z;0.765
2005-05-21T00:00:00.000Z;0.422
2005-05-22T00:00:00.000Z;0.338
2005-05-23T00:00:00.000Z;0.315
2005-05-24T00:00:00.000Z;0.277
2005-05-25T00:00:00.000Z;0.246
2005-05-26T00:00:00.000Z;0.223
2005-05-27T00:00:00.000Z;0.208
2005-05-28T00:00:00.000Z;0.199
2005-05-29T00:00:00.000Z;0.191
2005-05-30T00:00:00.000Z;0.182
2005-05-31T00:00:00.000Z;0.174
2005-06-01T00:00:00.000Z;0.167
2005-06-02T00:00:00.000Z;0.159
2005-06-03T00:00:00.000Z;0.156
2005-06-04T00:00:00.000Z;0.156
2005-06-05T00:00:00.000Z;0.151
2005-06-06T00:00:00.000Z;0.145
2005-06-07T00:00:00.000Z;0.141
2005-06-08T00:00:00.000Z;0.140
2005-06-09T00:00:00.000Z;0.138
2005-06-10T00:00:00.000Z;0.137
2005-06-11T00:00:00.000Z;0.135
2005-06-12T00:00:00.000Z;0.134
2005-06-13T00:00:00.000Z;0.190
2005-06-14T00:00:00.000Z;0.614
2005-06-15T00:00:00.000Z;0.248
2005-06-16T00:00:00.000Z;0.173
2005-06-17T00:00:00.000Z;0.152
2005-06-18T00:00:00.000Z;0.142
2005-06-19T00:00:00.000Z;0.137
2005-06-20T00:00:00.000Z;0.135
2005-06-21T00:00:00.000Z;0.131
2005-06-22T00:00:00.000Z;0.126
2005-06-23T00:00:00.000Z;0.122
2005-06-24T00:00:00.000Z;0.120
2005-06-25T00:00:00.000Z;0.119
2005-06-26T00:00:00.000Z;0.118
2005-06-27T00:00:00.000Z;0.116
2005-06-28T00:00:00.000Z;0.116
2005-06-29T00:00:00.000Z;0.115
2005-06-30T00:00:00.000Z;0.114
2005-07-01T00:00:00.000Z;0.111
2005-07-02T00:00:00.000Z;0.109
2005-07-03T00:00:00.000Z;0.108
2005-07-04T00:00:00.000Z;0.111
2005-07-05T00:00:00.000Z;0.113
2005-07-06T00:00:00.000Z;0.109
2005-07-07T00:00:00.000Z;0.110
2005-07-08T00:00:00.000Z;0.110
2005-07-09T00:00:00.000Z;0.110
2005-07-10T00:00:00.000Z;0.111
2005-07-11T00:00:00.000Z;0.102
2005-07-12T00:00:00.000Z;0.0990
2005-07-13T00:00:00.000Z;0.0970
2005-07-14T00:00:00.000Z;0.0980
2005-07-15T00:00:00.000Z;0.0970
2005-07-16T00:00:00.000Z;0.0980
2005-07-17T00:00:00.000Z;0.0990
2005-07-18T00:00:00.000Z;0.100
2005-07-19T00:00:00.000Z;0.0970
2005-07-20T00:00:00.000Z;0.0980
2005-07-21T00:00:00.000Z;0.0970
2005-07-22T00:00:00.000Z;0.0990
2005-07-23T00:00:00.000Z;0.100
2005-07-24T00:00:00.000Z;0.100
2005-07-25T00:00:00.000Z;0.100
2005-07-26T00:00:00.000Z;0.100
2005-07-27T00:00:00.000Z;0.0970
2005-07-28T00:00:00.000Z;0.0960
2005-07-29T00:00:00.000Z;0.0980
2005-07-30T00:00:00.000Z;0.0960
2005-07-31T00:00:00.000Z;0.0950
2005-08-01T00:00:00.000Z;0.0980
2005-08-02T00:00:00.000Z;0.112
2005-08-03T00:00:00.000Z;0.106
2005-08-04T00:00:00.000Z;0.100
2005-08-05T00:00:00.000Z;0.0980
2005-08-06T00:00:00.000Z;0.0980
2005-08-07T00:00:00.000Z;0.0980
2005-08-08T00:00:00.000Z;0.0970
2005-08-09T00:00:00.000Z;0.0960
2005-08-10T00:00:00.000Z;0.0960
2005-08-11T00:00:00.000Z;0.100
2005-08-12T00:00:00.000Z;0.0990
2005-08-13T00:00:00.000Z;0.0940
2005-08-14T00:00:00.000Z;0.0940
2005-08-15T00:00:00.000Z;0.0940
2005-08-16T00:00:00.000Z;0.0940
2005-08-17T00:00:00.000Z;0.0960
2005-08-18T00:00:00.000Z;0.102
2005-08-19T00:00:00.000Z;0.0990
2005-08-20T00:00:00.000Z;0.100
2005-08-21T00:00:00.000Z;0.142
2005-08-22T00:00:00.000Z;0.115
2005-08-23T00:00:00.000Z;0.105
2005-08-24T00:00:00.000Z;0.103
2005-08-25T00:00:00.000Z;0.101
2005-08-26T00:00:00.000Z;0.0980
2005-08-27T00:00:00.000Z;0.100
2005-08-28T00:00:00.000Z;0.100
2005-08-29T00:00:00.000Z;0.0980
2005-08-30T00:00:00.000Z;0.0940
2005-08-31T00:00:00.000Z;0.0910
2005-09-01T00:00:00.000Z;0.0920
2005-09-02T00:00:00.000Z;0.0940
2005-09-03T00:00:00.000Z;0.0890
2005-09-04T00:00:00.000Z;0.0860
2005-09-05T00:00:00.000Z;0.0880
2005-09-06T00:00:00.000Z;0.108
2005-09-07T00:00:00.000Z;0.396
2005-09-08T00:00:00.000Z;0.505
2005-09-09T00:00:00.000Z;0.751
2005-09-10T00:00:00.000Z;0.989
2005-09-11T00:00:00.000Z;0.659
2005-09-12T00:00:00.000Z;0.374
2005-09-13T00:00:00.000Z;1.16
2005-09-14T00:00:00.000Z;0.488
2005-09-15T00:00:00.000Z;0.225
2005-09-16T00:00:00.000Z;0.179
2005-09-17T00:00:00.000Z;0.679
2005-09-18T00:00:00.000Z;0.841
2005-09-19T00:00:00.000Z;0.340
2005-09-20T00:00:00.000Z;0.200
2005-09-21T00:00:00.000Z;0.163
2005-09-22T00:00:00.000Z;0.149
2005-09-23T00:00:00.000Z;0.135
2005-09-24T00:00:00.000Z;0.124
2005-09-25T00:00:00.000Z;0.125
2005-09-26T00:00:00.000Z;0.240
2005-09-27T00:00:00.000Z;0.180
2005-09-28T00:00:00.000Z;0.145
2005-09-29T00:00:00.000Z;0.131
2005-09-30T00:00:00.000Z;0.124
2005-10-01T00:00:00.000Z;0.119
2005-10-02T00:00:00.000Z;0.130
2005-10-03T00:00:00.000Z;0.581
2005-10-04T00:00:00.000Z;0.296
2005-10-05T00:00:00.000Z;0.201
2005-10-06T00:00:00.000Z;0.170
2005-10-07T00:00:00.000Z;0.150
2005-10-08T00:00:00.000Z;0.138
2005-10-09T00:00:00.000Z;0.127
2005-10-10T00:00:00.000Z;0.119
2005-10-11T00:00:00.000Z;0.112
2005-10-12T00:00:00.000Z;0.109
2005-10-13T00:00:00.000Z;0.108
2005-10-14T00:00:00.000Z;0.113
2005-10-15T00:00:00.000Z;0.110
2005-10-16T00:00:00.000Z;0.115
2005-10-17T00:00:00.000Z;0.115
2005-10-18T00:00:00.000Z;0.112
2005-10-19T00:00:00.000Z;0.107
2005-10-20T00:00:00.000Z;0.105
2005-10-21T00:00:00.000Z;0.103
2005-10-22T00:00:00.000Z;0.101
2005-10-23T00:00:00.000Z;0.105
2005-10-24T00:00:00.000Z;0.123
2005-10-25T00:00:00.000Z;0.119
2005-10-26T00:00:00.000Z;0.112
2005-10-27T00:00:00.000Z;0.106
2005-10-28T00:00:00.000Z;0.102
2005-10-29T00:00:00.000Z;0.0990
2005-10-30T00:00:00.000Z;0.0980
2005-10-31T00:00:00.000Z;0.0980
2005-11-01T00:00:00.000Z;0.0990
2005-11-02T00:00:00.000Z;0.0980
2005-11-03T00:00:00.000Z;0.0980
2005-11-04T00:00:00.000Z;0.0970
2005-11-05T00:00:00.000Z;0.108
2005-11-06T00:00:00.000Z;0.112
2005-11-07T00:00:00.000Z;0.107
2005-11-08T00:00:00.000Z;0.102
2005-11-09T00:00:00.000Z;0.137
2005-11-10T00:00:00.000Z;0.317
2005-11-11T00:00:00.000Z;0.217
2005-11-12T00:00:00.000Z;0.175
2005-11-13T00:00:00.000Z;0.157
2005-11-14T00:00:00.000Z;0.161
2005-11-15T00:00:00.000Z;0.285
2005-11-16T00:00:00.000Z;0.286
2005-11-17T00:00:00.000Z;1.08
2005-11-18T00:00:00.000Z;0.898
2005-11-19T00:00:00.000Z;0.359
2005-11-20T00:00:00.000Z;0.237
2005-11-21T00:00:00.000Z;0.193
2005-11-22T00:00:00.000Z;0.169
2005-11-23T00:00:00.000Z;0.152
2005-11-24T00:00:00.000Z;0.139
2005-11-25T00:00:00.000Z;0.157
2005-11-26T00:00:00.000Z;0.250
2005-11-27T00:00:00.000Z;0.228
2005-11-28T00:00:00.000Z;0.238
2005-11-29T00:00:00.000Z;0.242
2005-11-30T00:00:00.000Z;0.221
2005-12-01T00:00:00.000Z;0.685
2005-12-02T00:00:00.000Z;0.585
2005-12-03T00:00:00.000Z;0.363
2005-12-04T00:00:00.000Z;0.301
2005-12-05T00:00:00.000Z;0.765
2005-12-06T00:00:00.000Z;1.54
2005-12-07T00:00:00.000Z;0.906
2005-12-10T00:00:00.000Z;1.28
2005-12-11T00:00:00.000Z;0.736
2005-12-12T00:00:00.000Z;0.400
2005-12-13T00:00:00.000Z;0.302
2005-12-14T00:00:00.000Z;0.256
2005-12-15T00:00:00.000Z;0.224
2005-12-16T00:00:00.000Z;0.200
2005-12-17T00:00:00.000Z;0.540
2005-12-18T00:00:00.000Z;0.903
2005-12-19T00:00:00.000Z;0.444
2005-12-20T00:00:00.000Z;0.319
2005-12-21T00:00:00.000Z;0.262
2005-12-22T00:00:00.000Z;0.225
2005-12-23T00:00:00.000Z;0.210
2005-12-24T00:00:00.000Z;0.196
2005-12-25T00:00:00.000Z;0.184
2005-12-26T00:00:00.000Z;0.173
2005-12-27T00:00:00.000Z;0.166
2005-12-28T00:00:00.000Z;0.154
2005-12-29T00:00:00.000Z;0.144
2005-12-30T00:00:00.000Z;0.179
2005-12-31T00:00:00.000Z;0.324
2006-01-04T00:00:00.000Z;0.838
2006-01-05T00:00:00.000Z;0.528
2006-01-06T00:00:00.000Z;0.608
2006-01-07T00:00:00.000Z;0.488
2006-01-08T00:00:00.000Z;0.430
2006-01-09T00:00:00.000Z;0.437
2006-01-10T00:00:00.000Z;0.410
2006-01-11T00:00:00.000Z;0.394
2006-01-12T00:00:00.000Z;0.363
2006-01-13T00:00:00.000Z;0.338
2006-01-14T00:00:00.000Z;0.298
2006-01-15T00:00:00.000Z;0.257
2006-01-16T00:00:00.000Z;0.231
2006-01-17T00:00:00.000Z;0.208
2006-01-18T00:00:00.000Z;0.696
2006-01-19T00:00:00.000Z;0.851
2006-01-20T00:00:00.000Z;0.474
2006-01-21T00:00:00.000Z;0.351
2006-01-22T00:00:00.000Z;0.307
2006-01-23T00:00:00.000Z;0.259
2006-01-24T00:00:00.000Z;0.226
2006-01-25T00:00:00.000Z;0.207
2006-01-26T00:00:00.000Z;0.194
2006-01-27T00:00:00.000Z;0.184
2006-01-28T00:00:00.000Z;0.165
2006-01-29T00:00:00.000Z;0.159
2006-01-30T00:00:00.000Z;0.153
2006-01-31T00:00:00.000Z;0.260
2006-02-01T00:00:00.000Z;0.641
2006-02-02T00:00:00.000Z;0.620
2006-02-03T00:00:00.000Z;0.421
2006-02-04T00:00:00.000Z;0.317
2006-02-05T00:00:00.000Z;0.254
2006-02-06T00:00:00.000Z;0.219
2006-02-07T00:00:00.000Z;0.201
2006-02-08T00:00:00.000Z;0.190
2006-02-09T00:00:00.000Z;0.182
2006-02-10T00:00:00.000Z;0.174
2006-02-11T00:00:00.000Z;0.165
2006-02-12T00:00:00.000Z;0.154
2006-02-13T00:00:00.000Z;0.150
2006-02-14T00:00:00.000Z;0.148
2006-02-15T00:00:00.000Z;0.147
2006-02-16T00:00:00.000Z;0.283
2006-02-17T00:00:00.000Z;0.335
2006-02-18T00:00:00.000Z;0.234
2006-02-19T00:00:00.000Z;0.203
2006-02-20T00:00:00.000Z;0.186
2006-02-21T00:00:00.000Z;0.170
2006-02-22T00:00:00.000Z;0.161
2006-02-23T00:00:00.000Z;0.158
2006-02-24T00:00:00.000Z;0.157
2006-02-25T00:00:00.000Z;0.155
2006-02-26T00:00:00.000Z;0.150
2006-02-27T00:00:00.000Z;0.149
2006-02-28T00:00:00.000Z;0.148
2006-03-01T00:00:00.000Z;0.147
2006-03-02T00:00:00.000Z;0.146
2006-03-03T00:00:00.000Z;0.143
2006-03-04T00:00:00.000Z;0.142
2006-03-05T00:00:00.000Z;0.162
2006-03-06T00:00:00.000Z;0.144
2006-03-07T00:00:00.000Z;0.151
2006-03-08T00:00:00.000Z;0.463
2006-03-09T00:00:00.000Z;0.664
2006-03-10T00:00:00.000Z;1.60
2006-03-14T00:00:00.000Z;0.877
2006-03-15T00:00:00.000Z;0.738
2006-03-16T00:00:00.000Z;0.478
2006-03-17T00:00:00.000Z;0.344
2006-03-18T00:00:00.000Z;0.327
2006-03-19T00:00:00.000Z;0.301
2006-03-20T00:00:00.000Z;0.259
2006-03-21T00:00:00.000Z;0.235
2006-03-22T00:00:00.000Z;0.232
2006-03-23T00:00:00.000Z;0.263
2006-03-24T00:00:00.000Z;0.241
2006-03-25T00:00:00.000Z;0.245
2006-03-26T00:00:00.000Z;0.255
2006-03-27T00:00:00.000Z;0.238
2006-03-28T00:00:00.000Z;0.829
2006-03-29T00:00:00.000Z;0.574
2006-03-30T00:00:00.000Z;0.336
2006-03-31T00:00:00.000Z;0.275
2006-04-01T00:00:00.000Z;0.247
2006-04-02T00:00:00.000Z;0.223
2006-04-03T00:00:00.000Z;0.215
2006-04-04T00:00:00.000Z;0.217
2006-04-05T00:00:00.000Z;0.213
2006-04-06T00:00:00.000Z;0.220
2006-04-07T00:00:00.000Z;0.228
2006-04-08T00:00:00.000Z;0.214
2006-04-09T00:00:00.000Z;0.201
2006-04-10T00:00:00.000Z;0.497
2006-04-11T00:00:00.000Z;0.631
2006-04-12T00:00:00.000Z;0.394
2006-04-13T00:00:00.000Z;0.308
2006-04-14T00:00:00.000Z;0.263
2006-04-15T00:00:00.000Z;0.236
2006-04-16T00:00:00.000Z;0.215
2006-04-17T00:00:00.000Z;0.203
2006-04-18T00:00:00.000Z;0.585
2006-04-19T00:00:00.000Z;0.457
2006-04-20T00:00:00.000Z;0.310
2006-04-21T00:00:00.000Z;0.262
2006-04-22T00:00:00.000Z;0.228
2006-04-23T00:00:00.000Z;0.209
2006-04-24T00:00:00.000Z;0.230
2006-04-25T00:00:00.000Z;0.401
2006-04-26T00:00:00.000Z;0.283
2006-04-27T00:00:00.000Z;0.257
2006-04-28T00:00:00.000Z;1.49
2006-04-29T00:00:00.000Z;0.935
2006-04-30T00:00:00.000Z;0.384
2006-05-01T00:00:00.000Z;0.291
2006-05-02T00:00:00.000Z;0.247
2006-05-03T00:00:00.000Z;0.220
2006-05-04T00:00:00.000Z;0.233
2006-05-05T00:00:00.000Z;0.505
2006-05-06T00:00:00.000Z;0.532
2006-05-08T00:00:00.000Z;1.36
2006-05-09T00:00:00.000Z;0.873
2006-05-10T00:00:00.000Z;0.469
2006-05-11T00:00:00.000Z;0.337
2006-05-12T00:00:00.000Z;0.276
2006-05-13T00:00:00.000Z;0.242
2006-05-14T00:00:00.000Z;0.223
2006-05-15T00:00:00.000Z;0.209
2006-05-16T00:00:00.000Z;0.192
2006-05-17T00:00:00.000Z;0.181
2006-05-18T00:00:00.000Z;0.172
2006-05-19T00:00:00.000Z;0.173
2006-05-20T00:00:00.000Z;0.168
2006-05-21T00:00:00.000Z;0.160
2006-05-22T00:00:00.000Z;0.154
2006-05-23T00:00:00.000Z;0.147
2006-05-24T00:00:00.000Z;0.172
2006-05-25T00:00:00.000Z;0.161
2006-05-26T00:00:00.000Z;0.147
2006-05-27T00:00:00.000Z;0.141
2006-05-28T00:00:00.000Z;0.137
2006-05-29T00:00:00.000Z;0.136
2006-05-30T00:00:00.000Z;0.135
2006-05-31T00:00:00.000Z;0.130
2006-06-01T00:00:00.000Z;0.125
2006-06-02T00:00:00.000Z;0.123
2006-06-03T00:00:00.000Z;0.119
2006-06-04T00:00:00.000Z;0.116
2006-06-05T00:00:00.000Z;0.116
2006-06-06T00:00:00.000Z;0.116
2006-06-07T00:00:00.000Z;0.115
2006-06-08T00:00:00.000Z;0.114
2006-06-09T00:00:00.000Z;0.115
2006-06-10T00:00:00.000Z;0.115
2006-06-11T00:00:00.000Z;0.112
2006-06-12T00:00:00.000Z;0.111
2006-06-13T00:00:00.000Z;0.110
2006-06-14T00:00:00.000Z;0.109
2006-06-15T00:00:00.000Z;0.109
2006-06-16T00:00:00.000Z;0.108
2006-06-17T00:00:00.000Z;0.112
2006-06-18T00:00:00.000Z;0.123
2006-06-19T00:00:00.000Z;0.111
2006-06-20T00:00:00.000Z;0.108
2006-06-21T00:00:00.000Z;0.118
2006-06-22T00:00:00.000Z;0.118
2006-06-23T00:00:00.000Z;0.116
2006-06-24T00:00:00.000Z;0.113
2006-06-25T00:00:00.000Z;0.234
2006-06-26T00:00:00.000Z;0.199
2006-06-27T00:00:00.000Z;0.173
2006-06-28T00:00:00.000Z;0.156
2006-06-29T00:00:00.000Z;0.138
2006-06-30T00:00:00.000Z;0.125
2006-07-01T00:00:00.000Z;0.120
2006-07-02T00:00:00.000Z;0.114
2006-07-03T00:00:00.000Z;0.111
2006-07-04T00:00:00.000Z;0.110
2006-07-05T00:00:00.000Z;0.109
2006-07-06T00:00:00.000Z;0.110
2006-07-07T00:00:00.000Z;0.110
2006-07-08T00:00:00.000Z;0.107
2006-07-09T00:00:00.000Z;0.105
2006-07-10T00:00:00.000Z;0.102
2006-07-11T00:00:00.000Z;0.102
2006-07-12T00:00:00.000Z;0.102
2006-07-13T00:00:00.000Z;0.102
2006-07-14T00:00:00.000Z;0.102
2006-07-15T00:00:00.000Z;0.101
2006-07-16T00:00:00.000Z;0.101
2006-07-17T00:00:00.000Z;0.0980
2006-07-18T00:00:00.000Z;0.0940
2006-07-19T00:00:00.000Z;0.0940
2006-07-20T00:00:00.000Z;0.0940
2006-07-21T00:00:00.000Z;0.0940
2006-07-22T00:00:00.000Z;0.0930
2006-07-23T00:00:00.000Z;0.0950
2006-07-24T00:00:00.000Z;0.0950
2006-07-25T00:00:00.000Z;0.0940
2006-07-26T00:00:00.000Z;0.0930
2006-07-27T00:00:00.000Z;0.0930
2006-07-28T00:00:00.000Z;0.0950
2006-07-29T00:00:00.000Z;0.0940
2006-07-30T00:00:00.000Z;0.0930
2006-07-31T00:00:00.000Z;0.0910
2006-08-01T00:00:00.000Z;0.0920
2006-08-02T00:00:00.000Z;0.0910
2006-08-03T00:00:00.000Z;0.194
2006-08-04T00:00:00.000Z;0.221
2006-08-05T00:00:00.000Z;0.129
2006-08-06T00:00:00.000Z;0.113
2006-08-07T00:00:00.000Z;0.107
2006-08-08T00:00:00.000Z;0.102
2006-08-09T00:00:00.000Z;0.0990
2006-08-10T00:00:00.000Z;0.0950
2006-08-11T00:00:00.000Z;0.0930
2006-08-12T00:00:00.000Z;0.0920
2006-08-13T00:00:00.000Z;0.0920
2006-08-14T00:00:00.000Z;0.0910
2006-08-15T00:00:00.000Z;0.0910
2006-08-16T00:00:00.000Z;0.0950
2006-08-17T00:00:00.000Z;0.0940
2006-08-18T00:00:00.000Z;0.0940
2006-08-19T00:00:00.000Z;0.0900
2006-08-20T00:00:00.000Z;0.0890
2006-08-21T00:00:00.000Z;0.0880
2006-08-22T00:00:00.000Z;0.0860
2006-08-23T00:00:00.000Z;0.0860
2006-08-24T00:00:00.000Z;0.0860
2006-08-25T00:00:00.000Z;0.0890
2006-08-26T00:00:00.000Z;0.100
2006-08-27T00:00:00.000Z;0.0930
2006-08-28T00:00:00.000Z;0.0890
2006-08-29T00:00:00.000Z;0.0870
2006-08-30T00:00:00.000Z;0.0930
2006-08-31T00:00:00.000Z;0.0950
2006-09-01T00:00:00.000Z;0.0890
2006-09-02T00:00:00.000Z;0.0850
2006-09-03T00:00:00.000Z;0.0840
2006-09-04T00:00:00.000Z;0.0820
2006-09-05T00:00:00.000Z;0.0810
2006-09-06T00:00:00.000Z;0.0790
2006-09-07T00:00:00.000Z;0.0800
2006-09-08T00:00:00.000Z;0.120
2006-09-09T00:00:00.000Z;0.0930
2006-09-10T00:00:00.000Z;0.0850
2006-09-11T00:00:00.000Z;0.0820
2006-09-12T00:00:00.000Z;0.0850
2006-09-13T00:00:00.000Z;0.0850
2006-09-14T00:00:00.000Z;0.112
2006-09-15T00:00:00.000Z;0.294
2006-09-16T00:00:00.000Z;0.241
2006-09-17T00:00:00.000Z;0.833
2006-09-18T00:00:00.000Z;0.416
2006-09-19T00:00:00.000Z;0.225
2006-09-20T00:00:00.000Z;0.165
2006-09-21T00:00:00.000Z;0.134
2006-09-22T00:00:00.000Z;0.123
2006-09-23T00:00:00.000Z;0.139
2006-09-24T00:00:00.000Z;0.136
2006-09-25T00:00:00.000Z;0.129
2006-09-26T00:00:00.000Z;0.132
2006-09-27T00:00:00.000Z;0.128
2006-09-28T00:00:00.000Z;0.119
2006-09-29T00:00:00.000Z;0.110
2006-09-30T00:00:00.000Z;0.103
2006-10-01T00:00:00.000Z;0.0980
2006-10-02T00:00:00.000Z;0.0940
2006-10-03T00:00:00.000Z;0.0930
2006-10-04T00:00:00.000Z;0.0960
2006-10-05T00:00:00.000Z;0.0960
2006-10-06T00:00:00.000Z;0.0950
2006-10-07T00:00:00.000Z;0.0950
2006-10-08T00:00:00.000Z;0.100
2006-10-09T00:00:00.000Z;0.0990
2006-10-10T00:00:00.000Z;0.0970
2006-10-11T00:00:00.000Z;0.0960
2006-10-12T00:00:00.000Z;0.144
2006-10-13T00:00:00.000Z;0.238
2006-10-14T00:00:00.000Z;0.198
2006-10-15T00:00:00.000Z;0.156
2006-10-16T00:00:00.000Z;0.130
2006-10-17T00:00:00.000Z;0.122
2006-10-18T00:00:00.000Z;0.113
2006-10-19T00:00:00.000Z;0.107
2006-10-20T00:00:00.000Z;0.102
2006-10-21T00:00:00.000Z;0.0970
2006-10-22T00:00:00.000Z;0.0940
2006-10-23T00:00:00.000Z;0.0900
2006-10-24T00:00:00.000Z;0.0880
2006-10-25T00:00:00.000Z;0.0860
2006-10-26T00:00:00.000Z;0.0830
2006-10-27T00:00:00.000Z;0.0810
2006-10-28T00:00:00.000Z;0.0800
2006-10-29T00:00:00.000Z;0.0780
2006-10-30T00:00:00.000Z;0.0780
2006-10-31T00:00:00.000Z;0.0770
2006-11-01T00:00:00.000Z;0.0780
2006-11-02T00:00:00.000Z;0.0800
2006-11-03T00:00:00.000Z;0.0820
2006-11-04T00:00:00.000Z;0.0800
2006-11-05T00:00:00.000Z;0.0790
2006-11-06T00:00:00.000Z;0.0780
2006-11-07T00:00:00.000Z;0.0760
2006-11-08T00:00:00.000Z;0.0750
2006-11-09T00:00:00.000Z;0.0740
2006-11-10T00:00:00.000Z;0.0730
2006-11-11T00:00:00.000Z;0.0730
2006-11-12T00:00:00.000Z;0.0730
2006-11-13T00:00:00.000Z;0.0810
2006-11-14T00:00:00.000Z;0.0830
2006-11-15T00:00:00.000Z;0.0810
2006-11-16T00:00:00.000Z;0.0790
2006-11-17T00:00:00.000Z;0.0800
2006-11-18T00:00:00.000Z;0.0810
2006-11-19T00:00:00.000Z;0.0800
2006-11-20T00:00:00.000Z;0.0820
2006-11-21T00:00:00.000Z;0.0850
2006-11-22T00:00:00.000Z;0.0890
2006-11-23T00:00:00.000Z;0.0910
2006-11-24T00:00:00.000Z;0.0930
2006-11-25T00:00:00.000Z;0.0950
2006-11-26T00:00:00.000Z;0.0970
2006-11-27T00:00:00.000Z;0.0990
2006-11-28T00:00:00.000Z;0.101
2006-11-29T00:00:00.000Z;0.103
2007-02-26T00:00:00.000Z;0.294
2007-02-27T00:00:00.000Z;0.526
2007-02-28T00:00:00.000Z;0.461
2007-03-01T00:00:00.000Z;0.332
2007-03-02T00:00:00.000Z;0.271
2007-03-03T00:00:00.000Z;0.234
2007-03-04T00:00:00.000Z;0.209
2007-03-05T00:00:00.000Z;0.221
2007-03-06T00:00:00.000Z;0.262
2007-03-07T00:00:00.000Z;0.380
2007-03-10T00:00:00.000Z;0.938
2007-03-11T00:00:00.000Z;0.476
2007-03-12T00:00:00.000Z;0.340
2007-03-13T00:00:00.000Z;0.278
2007-03-14T00:00:00.000Z;0.243
2007-03-15T00:00:00.000Z;0.227
2007-03-16T00:00:00.000Z;0.222
2007-03-17T00:00:00.000Z;0.203
2007-03-18T00:00:00.000Z;0.189
2007-03-19T00:00:00.000Z;0.336
2007-03-20T00:00:00.000Z;0.473
2007-03-21T00:00:00.000Z;0.415
2007-03-22T00:00:00.000Z;0.395
2007-03-25T00:00:00.000Z;1.47
2007-03-29T00:00:00.000Z;1.44
2007-03-30T00:00:00.000Z;1.43
2007-03-31T00:00:00.000Z;1.09
2007-04-01T00:00:00.000Z;0.970
2007-04-02T00:00:00.000Z;1.09
2007-04-03T00:00:00.000Z;1.66
2007-04-04T00:00:00.000Z;1.10
2007-04-05T00:00:00.000Z;0.800
2007-04-06T00:00:00.000Z;0.826
2007-04-07T00:00:00.000Z;0.998
2007-04-08T00:00:00.000Z;0.712
2007-04-09T00:00:00.000Z;0.761
2007-04-10T00:00:00.000Z;0.658
2007-04-11T00:00:00.000Z;0.579
2007-04-12T00:00:00.000Z;0.465
2007-04-13T00:00:00.000Z;1.18
2007-04-15T00:00:00.000Z;1.41
2007-04-19T00:00:00.000Z;1.01
2007-04-20T00:00:00.000Z;0.795
2007-04-21T00:00:00.000Z;0.536
2007-04-22T00:00:00.000Z;0.503
2007-04-23T00:00:00.000Z;0.526
2007-04-24T00:00:00.000Z;0.419
2007-04-25T00:00:00.000Z;0.354
2007-04-26T00:00:00.000Z;0.314
2007-04-27T00:00:00.000Z;0.276
2007-04-28T00:00:00.000Z;0.249
2007-04-29T00:00:00.000Z;0.233
2007-04-30T00:00:00.000Z;0.230
2007-05-03T00:00:00.000Z;1.03
2007-05-04T00:00:00.000Z;0.664
2007-05-05T00:00:00.000Z;0.660
2007-05-07T00:00:00.000Z;1.32
2007-05-08T00:00:00.000Z;0.677
2007-05-09T00:00:00.000Z;0.415
2007-05-10T00:00:00.000Z;0.349
2007-05-11T00:00:00.000Z;0.303
2007-05-12T00:00:00.000Z;0.266
2007-05-13T00:00:00.000Z;0.244
2007-05-15T00:00:00.000Z;0.916
2007-05-16T00:00:00.000Z;0.724
2007-05-17T00:00:00.000Z;0.437
2007-05-18T00:00:00.000Z;0.357
2007-05-19T00:00:00.000Z;0.337
2007-05-20T00:00:00.000Z;0.538
2007-05-21T00:00:00.000Z;0.380
2007-05-22T00:00:00.000Z;0.311
2007-05-23T00:00:00.000Z;0.278
2007-05-24T00:00:00.000Z;0.255
2007-05-25T00:00:00.000Z;0.234
2007-05-26T00:00:00.000Z;0.389
2007-05-27T00:00:00.000Z;0.842
2007-05-28T00:00:00.000Z;1.14
2007-05-29T00:00:00.000Z;0.997
2007-05-30T00:00:00.000Z;0.639
2007-05-31T00:00:00.000Z;0.394
2007-06-01T00:00:00.000Z;0.328
2007-06-02T00:00:00.000Z;0.283
2007-06-03T00:00:00.000Z;0.251
2007-06-04T00:00:00.000Z;0.587
2007-06-05T00:00:00.000Z;0.980
2007-06-06T00:00:00.000Z;0.564
2007-06-07T00:00:00.000Z;0.354
2007-06-08T00:00:00.000Z;0.292
2007-06-09T00:00:00.000Z;0.253
2007-06-10T00:00:00.000Z;0.228
2007-06-11T00:00:00.000Z;0.213
2007-06-12T00:00:00.000Z;0.200
2007-06-13T00:00:00.000Z;0.188
2007-06-14T00:00:00.000Z;0.181
2007-06-15T00:00:00.000Z;0.174
2007-06-16T00:00:00.000Z;0.164
2007-06-17T00:00:00.000Z;0.160
2007-06-18T00:00:00.000Z;0.155
2007-06-19T00:00:00.000Z;0.146
2007-06-20T00:00:00.000Z;0.143
2007-06-21T00:00:00.000Z;0.145
2007-06-22T00:00:00.000Z;0.144
2007-06-23T00:00:00.000Z;0.143
2007-06-24T00:00:00.000Z;0.139
2007-06-25T00:00:00.000Z;0.138
2007-06-26T00:00:00.000Z;0.138
2007-06-27T00:00:00.000Z;0.135
2007-06-28T00:00:00.000Z;0.131
2007-06-29T00:00:00.000Z;0.130
2007-06-30T00:00:00.000Z;0.129
2007-07-01T00:00:00.000Z;0.129
2007-07-02T00:00:00.000Z;0.127
2007-07-03T00:00:00.000Z;0.124
2007-07-04T00:00:00.000Z;0.123
2007-07-05T00:00:00.000Z;0.120
2007-07-06T00:00:00.000Z;0.117
2007-07-07T00:00:00.000Z;0.115
2007-07-08T00:00:00.000Z;0.116
2007-07-09T00:00:00.000Z;0.118
2007-07-10T00:00:00.000Z;0.113
2007-07-11T00:00:00.000Z;0.109
2007-07-12T00:00:00.000Z;0.107
2007-07-13T00:00:00.000Z;0.105
2007-07-14T00:00:00.000Z;0.102
2007-07-15T00:00:00.000Z;0.100
2007-07-16T00:00:00.000Z;0.0960
2007-07-17T00:00:00.000Z;0.0960
2007-07-18T00:00:00.000Z;0.0970
2007-07-19T00:00:00.000Z;0.0980
2007-07-20T00:00:00.000Z;0.0980
2007-07-21T00:00:00.000Z;0.0990
2007-07-22T00:00:00.000Z;0.0980
2007-07-23T00:00:00.000Z;0.0990
2007-07-24T00:00:00.000Z;0.0980
2007-07-25T00:00:00.000Z;0.0970
2007-07-26T00:00:00.000Z;0.0960
2007-07-27T00:00:00.000Z;0.0950
2007-07-28T00:00:00.000Z;0.0950
2007-07-29T00:00:00.000Z;0.0940
2007-07-30T00:00:00.000Z;0.0930
2007-07-31T00:00:00.000Z;0.0940
2007-08-01T00:00:00.000Z;0.0940
2007-08-02T00:00:00.000Z;0.0930
2007-08-03T00:00:00.000Z;0.0940
2007-08-04T00:00:00.000Z;0.0930
2007-08-05T00:00:00.000Z;0.0910
2007-08-06T00:00:00.000Z;0.0920
2007-08-07T00:00:00.000Z;0.103
2007-08-08T00:00:00.000Z;0.112
2007-08-09T00:00:00.000Z;0.107
2007-08-10T00:00:00.000Z;0.0990
2007-08-11T00:00:00.000Z;0.0950
2007-08-12T00:00:00.000Z;0.0940
2007-08-13T00:00:00.000Z;0.105
2007-08-14T00:00:00.000Z;0.106
2007-08-15T00:00:00.000Z;0.0960
2007-08-16T00:00:00.000Z;0.0920
2007-08-17T00:00:00.000Z;0.0920
2007-08-18T00:00:00.000Z;0.0910
2007-08-19T00:00:00.000Z;0.0910
2007-08-20T00:00:00.000Z;0.0910
2007-08-21T00:00:00.000Z;0.152
2007-08-22T00:00:00.000Z;0.226
2007-08-23T00:00:00.000Z;0.765
2007-08-24T00:00:00.000Z;0.538
2007-08-25T00:00:00.000Z;0.232
2007-08-26T00:00:00.000Z;0.163
2007-08-27T00:00:00.000Z;0.138
2007-08-28T00:00:00.000Z;0.126
2007-08-29T00:00:00.000Z;0.121
2007-08-30T00:00:00.000Z;0.116
2007-08-31T00:00:00.000Z;0.109
2007-09-01T00:00:00.000Z;0.105
2007-09-02T00:00:00.000Z;0.103
2007-09-03T00:00:00.000Z;0.102
2007-09-04T00:00:00.000Z;0.102
2007-09-05T00:00:00.000Z;0.101
2007-09-06T00:00:00.000Z;0.0980
2007-09-07T00:00:00.000Z;0.0950
2007-09-08T00:00:00.000Z;0.0950
2007-09-09T00:00:00.000Z;0.0940
2007-09-10T00:00:00.000Z;0.0940
2007-09-11T00:00:00.000Z;0.0940
2007-09-12T00:00:00.000Z;0.0940
2007-09-13T00:00:00.000Z;0.0940
2007-09-14T00:00:00.000Z;0.0940
2007-09-15T00:00:00.000Z;0.0940
2007-09-16T00:00:00.000Z;0.0940
2007-09-17T00:00:00.000Z;0.0940
2007-09-18T00:00:00.000Z;0.0940
2007-09-19T00:00:00.000Z;0.0950
2007-09-20T00:00:00.000Z;0.0930
2007-09-21T00:00:00.000Z;0.0910
2007-09-22T00:00:00.000Z;0.0920
2007-09-23T00:00:00.000Z;0.0930
2007-09-24T00:00:00.000Z;0.0930
2007-09-25T00:00:00.000Z;0.114
2007-09-26T00:00:00.000Z;0.123
2007-09-27T00:00:00.000Z;0.233
2007-09-28T00:00:00.000Z;0.267
2007-09-29T00:00:00.000Z;0.205
2007-09-30T00:00:00.000Z;0.155
2007-10-01T00:00:00.000Z;0.125
2007-10-02T00:00:00.000Z;0.113
2007-10-03T00:00:00.000Z;0.109
2007-10-04T00:00:00.000Z;0.105
2007-10-05T00:00:00.000Z;0.104
2007-10-06T00:00:00.000Z;0.104
2007-10-07T00:00:00.000Z;0.104
2007-10-08T00:00:00.000Z;0.246
2007-10-09T00:00:00.000Z;0.411
2007-10-12T00:00:00.000Z;0.713
2007-10-13T00:00:00.000Z;0.788
2007-10-14T00:00:00.000Z;0.507
2007-10-15T00:00:00.000Z;0.455
2007-10-16T00:00:00.000Z;0.429
2007-10-17T00:00:00.000Z;0.412
2007-10-18T00:00:00.000Z;0.398
2007-10-19T00:00:00.000Z;0.391
2007-10-20T00:00:00.000Z;0.381
2007-10-21T00:00:00.000Z;0.376
2007-10-22T00:00:00.000Z;0.371
2007-10-23T00:00:00.000Z;0.368
2007-10-24T00:00:00.000Z;0.366
2007-10-25T00:00:00.000Z;0.366
2007-10-26T00:00:00.000Z;0.362
2007-10-27T00:00:00.000Z;0.356
2007-10-28T00:00:00.000Z;0.354
2007-10-29T00:00:00.000Z;0.351
2007-10-30T00:00:00.000Z;0.351
2007-10-31T00:00:00.000Z;0.351
2007-11-01T00:00:00.000Z;0.351
2007-11-02T00:00:00.000Z;0.348
2007-11-03T00:00:00.000Z;0.345
2007-11-04T00:00:00.000Z;0.345
2007-11-05T00:00:00.000Z;0.345
2007-11-06T00:00:00.000Z;0.344
2007-11-07T00:00:00.000Z;0.341
2007-11-08T00:00:00.000Z;0.341
2007-11-09T00:00:00.000Z;0.340
2007-11-10T00:00:00.000Z;0.340
2007-11-11T00:00:00.000Z;0.339
2007-11-12T00:00:00.000Z;0.339
2007-11-13T00:00:00.000Z;0.338
2007-11-14T00:00:00.000Z;0.382
2007-11-15T00:00:00.000Z;0.500
2007-11-16T00:00:00.000Z;0.431
2007-11-17T00:00:00.000Z;0.395
2007-11-18T00:00:00.000Z;0.380
2007-11-19T00:00:00.000Z;0.372
2007-11-20T00:00:00.000Z;0.365
2008-01-02T00:00:00.000Z;0.126
2008-01-03T00:00:00.000Z;0.117
2008-01-04T00:00:00.000Z;0.217
2008-01-05T00:00:00.000Z;0.242
2008-01-06T00:00:00.000Z;0.288
2008-01-07T00:00:00.000Z;0.224
2008-01-08T00:00:00.000Z;0.195
2008-01-09T00:00:00.000Z;0.180
2008-01-10T00:00:00.000Z;0.159
2008-01-11T00:00:00.000Z;0.144
2008-01-12T00:00:00.000Z;0.244
2008-01-13T00:00:00.000Z;0.324
2008-01-14T00:00:00.000Z;0.318
2008-01-15T00:00:00.000Z;0.240
2008-01-16T00:00:00.000Z;0.339
2008-01-20T00:00:00.000Z;0.997
2008-01-21T00:00:00.000Z;0.432
2008-01-22T00:00:00.000Z;0.290
2008-01-23T00:00:00.000Z;0.236
2008-01-24T00:00:00.000Z;0.206
2008-01-25T00:00:00.000Z;0.169
2008-01-26T00:00:00.000Z;0.155
2008-01-27T00:00:00.000Z;0.141
2008-01-28T00:00:00.000Z;0.129
2008-01-29T00:00:00.000Z;0.123
2008-01-30T00:00:00.000Z;0.116
2008-01-31T00:00:00.000Z;0.108
2008-02-01T00:00:00.000Z;0.106
2008-02-02T00:00:00.000Z;0.103
2008-02-03T00:00:00.000Z;0.100
2008-02-04T00:00:00.000Z;0.162
2008-02-05T00:00:00.000Z;0.194
2008-02-06T00:00:00.000Z;0.163
2008-02-07T00:00:00.000Z;0.146
2008-02-08T00:00:00.000Z;0.134
2008-02-09T00:00:00.000Z;0.124
2008-02-10T00:00:00.000Z;0.115
2008-02-11T00:00:00.000Z;0.109
2008-02-12T00:00:00.000Z;0.103
2008-02-13T00:00:00.000Z;0.0980
2008-02-14T00:00:00.000Z;0.0930
2008-02-15T00:00:00.000Z;0.0880
2008-02-16T00:00:00.000Z;0.0860
2008-02-17T00:00:00.000Z;0.0820
2008-02-18T00:00:00.000Z;0.0800
2008-02-19T00:00:00.000Z;0.0780
2008-02-20T00:00:00.000Z;0.0780
2008-02-21T00:00:00.000Z;0.0760
2008-02-22T00:00:00.000Z;0.0740
2008-02-23T00:00:00.000Z;0.0720
2008-02-24T00:00:00.000Z;0.0710
2008-02-25T00:00:00.000Z;0.0700
2008-02-26T00:00:00.000Z;0.0710
2008-02-27T00:00:00.000Z;0.0710
2008-02-28T00:00:00.000Z;0.0710
2008-02-29T00:00:00.000Z;0.0710
2008-03-01T00:00:00.000Z;0.0700
2008-03-02T00:00:00.000Z;0.0690
2008-03-03T00:00:00.000Z;0.0690
2008-03-04T00:00:00.000Z;0.0700
2008-03-05T00:00:00.000Z;0.0710
2008-03-06T00:00:00.000Z;0.0710
2008-03-07T00:00:00.000Z;0.0750
2008-03-08T00:00:00.000Z;0.142
2008-03-09T00:00:00.000Z;0.350
2008-03-10T00:00:00.000Z;0.401
2008-03-11T00:00:00.000Z;0.950
2008-03-12T00:00:00.000Z;0.745
2008-03-13T00:00:00.000Z;0.512
2008-03-14T00:00:00.000Z;0.237
2008-03-15T00:00:00.000Z;0.193
2008-03-16T00:00:00.000Z;0.161
2008-03-17T00:00:00.000Z;0.144
2008-03-18T00:00:00.000Z;0.163
2008-03-19T00:00:00.000Z;0.726
2008-03-20T00:00:00.000Z;0.439
2008-03-21T00:00:00.000Z;0.268
2008-03-22T00:00:00.000Z;1.20
2008-03-23T00:00:00.000Z;1.07
2008-03-24T00:00:00.000Z;0.801
2008-03-30T00:00:00.000Z;1.17
2008-04-03T00:00:00.000Z;1.10
2008-04-04T00:00:00.000Z;0.599
2008-04-05T00:00:00.000Z;0.600
2008-04-06T00:00:00.000Z;0.377
2008-04-07T00:00:00.000Z;0.303
2008-04-08T00:00:00.000Z;0.269
2008-04-09T00:00:00.000Z;0.260
2008-04-10T00:00:00.000Z;0.236
2008-04-11T00:00:00.000Z;0.556
2008-04-12T00:00:00.000Z;0.673
2008-04-13T00:00:00.000Z;0.425
2008-04-14T00:00:00.000Z;0.997
2008-04-15T00:00:00.000Z;0.732
2008-04-16T00:00:00.000Z;0.508
2008-04-17T00:00:00.000Z;0.445
2008-04-18T00:00:00.000Z;0.561
2008-04-19T00:00:00.000Z;0.782
2008-04-20T00:00:00.000Z;0.596
2008-04-21T00:00:00.000Z;0.925
2008-04-22T00:00:00.000Z;0.721
2008-04-23T00:00:00.000Z;0.653
2008-04-24T00:00:00.000Z;0.694
2008-04-25T00:00:00.000Z;0.472
2008-04-26T00:00:00.000Z;0.390
2008-04-27T00:00:00.000Z;0.340
2008-04-28T00:00:00.000Z;0.313
2008-04-29T00:00:00.000Z;0.299
2008-04-30T00:00:00.000Z;0.283
2008-05-01T00:00:00.000Z;0.276
2008-05-02T00:00:00.000Z;0.253
2008-05-03T00:00:00.000Z;0.229
2008-05-04T00:00:00.000Z;0.220
2008-05-05T00:00:00.000Z;0.213
2008-05-06T00:00:00.000Z;0.206
2008-05-07T00:00:00.000Z;0.199
2008-05-08T00:00:00.000Z;0.350
2008-05-09T00:00:00.000Z;1.10
2008-05-10T00:00:00.000Z;1.59
2008-05-11T00:00:00.000Z;0.938
2008-05-12T00:00:00.000Z;0.756
2008-05-13T00:00:00.000Z;0.420
2008-05-14T00:00:00.000Z;0.332
2008-05-15T00:00:00.000Z;0.349
2008-05-16T00:00:00.000Z;0.316
2008-05-17T00:00:00.000Z;0.352
2008-05-18T00:00:00.000Z;1.10
2008-05-21T00:00:00.000Z;0.917
2008-05-22T00:00:00.000Z;0.517
2008-05-23T00:00:00.000Z;0.397
2008-05-24T00:00:00.000Z;0.368
2008-05-25T00:00:00.000Z;0.871
2008-05-26T00:00:00.000Z;1.12
2008-05-27T00:00:00.000Z;0.681
2008-05-28T00:00:00.000Z;0.742
2008-05-29T00:00:00.000Z;0.527
2008-05-30T00:00:00.000Z;0.406
2008-05-31T00:00:00.000Z;0.354
2008-06-01T00:00:00.000Z;0.323
2008-06-02T00:00:00.000Z;0.315
2008-06-03T00:00:00.000Z;0.853
2008-06-04T00:00:00.000Z;0.735
2008-06-05T00:00:00.000Z;0.444
2008-06-06T00:00:00.000Z;0.938
2008-06-07T00:00:00.000Z;0.791
2008-06-08T00:00:00.000Z;0.478
2008-06-09T00:00:00.000Z;0.406
2008-06-12T00:00:00.000Z;1.28
2008-06-14T00:00:00.000Z;1.81
2008-06-15T00:00:00.000Z;1.03
2008-06-16T00:00:00.000Z;0.518
2008-06-17T00:00:00.000Z;0.410
2008-06-18T00:00:00.000Z;0.356
2008-06-19T00:00:00.000Z;0.319
2008-06-20T00:00:00.000Z;0.286
2008-06-21T00:00:00.000Z;0.262
2008-06-22T00:00:00.000Z;0.243
2008-06-23T00:00:00.000Z;0.237
2008-06-24T00:00:00.000Z;0.228
2008-06-25T00:00:00.000Z;0.218
2008-06-26T00:00:00.000Z;0.210
2008-06-27T00:00:00.000Z;0.234
2008-06-28T00:00:00.000Z;0.221
2008-06-29T00:00:00.000Z;0.206
2008-06-30T00:00:00.000Z;0.200
2008-07-01T00:00:00.000Z;0.350
2008-07-02T00:00:00.000Z;0.996
2008-07-03T00:00:00.000Z;0.384
2008-07-04T00:00:00.000Z;0.325
2008-07-05T00:00:00.000Z;0.252
2008-07-06T00:00:00.000Z;0.239
2008-07-07T00:00:00.000Z;0.403
2008-07-08T00:00:00.000Z;0.304
2008-07-09T00:00:00.000Z;0.223
2008-07-10T00:00:00.000Z;0.183
2008-07-11T00:00:00.000Z;0.170
2008-07-12T00:00:00.000Z;0.664
2008-07-14T00:00:00.000Z;0.683
2008-07-15T00:00:00.000Z;0.297
2008-07-16T00:00:00.000Z;0.238
2008-07-17T00:00:00.000Z;0.211
2008-07-18T00:00:00.000Z;0.194
2008-07-19T00:00:00.000Z;0.179
2008-07-20T00:00:00.000Z;0.169
2008-07-21T00:00:00.000Z;0.162
2008-07-22T00:00:00.000Z;0.153
2008-07-31T00:00:00.000Z;0.122
2008-08-01T00:00:00.000Z;0.121
2008-08-02T00:00:00.000Z;0.119
2008-08-03T00:00:00.000Z;0.117
2008-08-04T00:00:00.000Z;0.116
2008-08-05T00:00:00.000Z;0.116
2008-08-06T00:00:00.000Z;0.115
2008-08-07T00:00:00.000Z;0.113
2008-08-08T00:00:00.000Z;0.113
2008-08-09T00:00:00.000Z;0.112
2008-08-10T00:00:00.000Z;0.110
2008-08-11T00:00:00.000Z;0.109
2008-08-12T00:00:00.000Z;0.109
2008-08-13T00:00:00.000Z;0.109
2008-08-14T00:00:00.000Z;0.109
2008-08-15T00:00:00.000Z;0.109
2008-08-16T00:00:00.000Z;0.109
2008-08-17T00:00:00.000Z;0.108
2008-08-18T00:00:00.000Z;0.105
2008-08-19T00:00:00.000Z;0.102
2008-08-20T00:00:00.000Z;0.103
2008-08-21T00:00:00.000Z;0.103
2008-08-22T00:00:00.000Z;0.104
2008-08-23T00:00:00.000Z;0.110
2008-08-24T00:00:00.000Z;0.110
2008-08-25T00:00:00.000Z;0.108
2008-08-26T00:00:00.000Z;0.107
2008-08-27T00:00:00.000Z;0.105
2008-08-28T00:00:00.000Z;0.105
2008-08-29T00:00:00.000Z;0.105
2008-08-30T00:00:00.000Z;0.104
2008-08-31T00:00:00.000Z;0.104
2008-09-01T00:00:00.000Z;0.104
2008-09-02T00:00:00.000Z;0.104
2008-09-03T00:00:00.000Z;0.104
2008-09-04T00:00:00.000Z;0.104
2008-09-05T00:00:00.000Z;0.104
2008-09-06T00:00:00.000Z;0.107
2008-09-07T00:00:00.000Z;0.119
2008-09-08T00:00:00.000Z;0.113
2008-09-09T00:00:00.000Z;0.108
2008-09-10T00:00:00.000Z;0.107
2008-09-11T00:00:00.000Z;0.106
2008-09-12T00:00:00.000Z;0.137
2008-09-13T00:00:00.000Z;0.130
2008-09-14T00:00:00.000Z;0.140
2008-09-15T00:00:00.000Z;0.133
2008-09-16T00:00:00.000Z;0.124
2008-09-17T00:00:00.000Z;0.120
2008-09-18T00:00:00.000Z;0.114
2008-09-19T00:00:00.000Z;0.113
2008-09-20T00:00:00.000Z;0.113
2008-09-21T00:00:00.000Z;0.112
2008-09-22T00:00:00.000Z;0.112
2008-09-23T00:00:00.000Z;0.112
2008-09-24T00:00:00.000Z;0.113
2008-09-25T00:00:00.000Z;0.112
2008-09-26T00:00:00.000Z;0.110
2008-09-27T00:00:00.000Z;0.109
2008-09-28T00:00:00.000Z;0.109
2008-09-29T00:00:00.000Z;0.109
2008-09-30T00:00:00.000Z;0.109
2008-10-01T00:00:00.000Z;0.109
2008-10-02T00:00:00.000Z;0.109
2008-10-03T00:00:00.000Z;0.109
2008-10-04T00:00:00.000Z;0.109
2008-10-05T00:00:00.000Z;0.109
2008-10-06T00:00:00.000Z;0.109
2008-10-07T00:00:00.000Z;0.108
2008-10-08T00:00:00.000Z;0.107
2008-10-09T00:00:00.000Z;0.108
2008-10-10T00:00:00.000Z;0.109
2008-10-11T00:00:00.000Z;0.109
2008-10-12T00:00:00.000Z;0.109
2008-10-13T00:00:00.000Z;0.109
2008-10-14T00:00:00.000Z;0.109
2008-10-15T00:00:00.000Z;0.108
2008-10-16T00:00:00.000Z;0.109
2008-10-17T00:00:00.000Z;0.109
2008-10-18T00:00:00.000Z;0.109
2008-10-19T00:00:00.000Z;0.109
2008-10-20T00:00:00.000Z;0.109
2008-11-27T00:00:00.000Z;0.673
2008-11-28T00:00:00.000Z;0.502
2008-11-29T00:00:00.000Z;0.438
2008-11-30T00:00:00.000Z;0.397
2008-12-01T00:00:00.000Z;0.372
2008-12-02T00:00:00.000Z;0.388
2008-12-03T00:00:00.000Z;0.432
2008-12-04T00:00:00.000Z;0.675
2008-12-07T00:00:00.000Z;0.803
2008-12-08T00:00:00.000Z;0.582
2008-12-09T00:00:00.000Z;0.607
2008-12-10T00:00:00.000Z;0.755
2008-12-11T00:00:00.000Z;0.555
2008-12-12T00:00:00.000Z;0.433
2008-12-13T00:00:00.000Z;0.520
2008-12-14T00:00:00.000Z;0.625
2008-12-15T00:00:00.000Z;0.528
2008-12-16T00:00:00.000Z;0.514
2008-12-17T00:00:00.000Z;0.550
2008-12-18T00:00:00.000Z;1.25
2008-12-19T00:00:00.000Z;1.15
2008-12-20T00:00:00.000Z;0.980
2008-12-21T00:00:00.000Z;0.660
2008-12-22T00:00:00.000Z;0.496
2008-12-23T00:00:00.000Z;0.445
2008-12-24T00:00:00.000Z;0.390
2008-12-25T00:00:00.000Z;0.338
2008-12-26T00:00:00.000Z;0.298
2008-12-27T00:00:00.000Z;0.265
2008-12-28T00:00:00.000Z;0.238
2008-12-29T00:00:00.000Z;0.222
2008-12-30T00:00:00.000Z;0.211
2008-12-31T00:00:00.000Z;0.214
2009-01-01T00:00:00.000Z;0.231
2009-01-02T00:00:00.000Z;0.227
2009-01-03T00:00:00.000Z;0.222
2009-01-04T00:00:00.000Z;0.202
2009-01-05T00:00:00.000Z;0.185
2009-01-06T00:00:00.000Z;0.180
2009-01-07T00:00:00.000Z;0.173
2009-01-08T00:00:00.000Z;0.164
2009-01-09T00:00:00.000Z;0.154
2009-01-10T00:00:00.000Z;0.150
2009-01-11T00:00:00.000Z;0.147
2009-01-12T00:00:00.000Z;0.146
2009-01-13T00:00:00.000Z;0.150
2009-01-14T00:00:00.000Z;0.537
2009-01-15T00:00:00.000Z;0.489
2009-01-16T00:00:00.000Z;0.324
2009-01-17T00:00:00.000Z;0.263
2009-01-18T00:00:00.000Z;0.241
2009-01-19T00:00:00.000Z;0.351
2009-01-20T00:00:00.000Z;0.629
2009-01-21T00:00:00.000Z;0.473
2009-01-22T00:00:00.000Z;0.480
2009-01-28T00:00:00.000Z;1.26
2009-01-30T00:00:00.000Z;1.36
2009-01-31T00:00:00.000Z;1.27
2009-02-01T00:00:00.000Z;0.792
2009-02-02T00:00:00.000Z;0.573
2009-02-03T00:00:00.000Z;0.508
2009-02-04T00:00:00.000Z;0.517
2009-02-05T00:00:00.000Z;0.455
2009-02-06T00:00:00.000Z;0.395
2009-02-07T00:00:00.000Z;0.399
2009-02-08T00:00:00.000Z;0.366
2009-02-09T00:00:00.000Z;0.927
2009-02-10T00:00:00.000Z;1.63
2009-02-11T00:00:00.000Z;1.34
2009-02-12T00:00:00.000Z;1.29
2009-02-13T00:00:00.000Z;1.02
2009-02-14T00:00:00.000Z;0.868
2009-02-15T00:00:00.000Z;0.789
2009-02-16T00:00:00.000Z;0.674
2009-02-17T00:00:00.000Z;0.595
2009-02-18T00:00:00.000Z;0.600
2009-02-19T00:00:00.000Z;0.764
2009-02-20T00:00:00.000Z;0.843
2009-02-21T00:00:00.000Z;0.732
2009-02-22T00:00:00.000Z;0.636
2009-02-23T00:00:00.000Z;0.626
2009-02-24T00:00:00.000Z;0.652
2009-02-25T00:00:00.000Z;0.629
2009-02-26T00:00:00.000Z;0.548
2009-02-27T00:00:00.000Z;0.579
2009-02-28T00:00:00.000Z;0.616
2009-03-01T00:00:00.000Z;0.691
2009-03-02T00:00:00.000Z;0.710
2009-03-03T00:00:00.000Z;0.642
2009-03-04T00:00:00.000Z;0.476
2009-03-05T00:00:00.000Z;0.484
2009-03-06T00:00:00.000Z;0.521
2009-03-10T00:00:00.000Z;1.27
2009-03-11T00:00:00.000Z;0.713
2009-03-12T00:00:00.000Z;0.550
2009-03-13T00:00:00.000Z;0.556
2009-03-14T00:00:00.000Z;0.568
2009-03-15T00:00:00.000Z;0.438
2009-03-16T00:00:00.000Z;0.385
2009-03-17T00:00:00.000Z;0.331
2009-03-18T00:00:00.000Z;0.332
2009-03-19T00:00:00.000Z;0.327
2009-03-20T00:00:00.000Z;0.290
2009-03-21T00:00:00.000Z;0.244
2009-03-22T00:00:00.000Z;0.217
2009-03-23T00:00:00.000Z;0.203
2009-03-24T00:00:00.000Z;0.199
2009-03-25T00:00:00.000Z;0.193
2009-03-26T00:00:00.000Z;0.184
2009-03-27T00:00:00.000Z;0.177
2009-03-28T00:00:00.000Z;0.197
2009-03-29T00:00:00.000Z;0.353
2009-03-30T00:00:00.000Z;0.468
2009-03-31T00:00:00.000Z;0.342
2009-04-01T00:00:00.000Z;0.294
2009-04-02T00:00:00.000Z;0.273
2009-04-03T00:00:00.000Z;0.253
2009-04-04T00:00:00.000Z;0.248
2009-04-05T00:00:00.000Z;0.244
2009-04-06T00:00:00.000Z;0.251
2009-04-09T00:00:00.000Z;1.03
2009-04-10T00:00:00.000Z;0.670
2009-04-14T00:00:00.000Z;1.21
2009-04-15T00:00:00.000Z;1.01
2009-04-16T00:00:00.000Z;0.782
2009-04-17T00:00:00.000Z;0.592
2009-04-18T00:00:00.000Z;1.14
2009-04-19T00:00:00.000Z;0.627
2009-04-20T00:00:00.000Z;0.554
2009-04-22T00:00:00.000Z;1.20
2009-04-23T00:00:00.000Z;0.576
2009-04-24T00:00:00.000Z;0.452
2009-04-25T00:00:00.000Z;0.404
2009-04-29T00:00:00.000Z;0.864
2009-04-30T00:00:00.000Z;0.646
2009-05-03T00:00:00.000Z;0.851
2009-05-04T00:00:00.000Z;0.530
2009-05-05T00:00:00.000Z;0.416
2009-05-06T00:00:00.000Z;0.362
2009-05-07T00:00:00.000Z;0.330
2009-05-08T00:00:00.000Z;0.303
2009-05-09T00:00:00.000Z;0.279
2009-05-10T00:00:00.000Z;0.259
2009-05-11T00:00:00.000Z;0.241
2009-05-12T00:00:00.000Z;0.227
2009-05-13T00:00:00.000Z;0.218
2009-05-14T00:00:00.000Z;0.237
2009-05-15T00:00:00.000Z;0.345
2009-05-16T00:00:00.000Z;0.278
2009-05-17T00:00:00.000Z;0.243
2009-05-18T00:00:00.000Z;0.368
2009-05-19T00:00:00.000Z;0.369
2009-05-20T00:00:00.000Z;0.288
2009-05-21T00:00:00.000Z;0.250
2009-05-22T00:00:00.000Z;0.222
2009-05-23T00:00:00.000Z;0.212
2009-05-24T00:00:00.000Z;0.202
2009-05-25T00:00:00.000Z;0.194
2009-05-26T00:00:00.000Z;0.194
2009-05-27T00:00:00.000Z;0.195
2009-05-28T00:00:00.000Z;0.189
2009-05-29T00:00:00.000Z;0.183
2009-05-30T00:00:00.000Z;0.179
2009-05-31T00:00:00.000Z;0.173
2009-06-01T00:00:00.000Z;0.168
2009-06-02T00:00:00.000Z;0.164
2009-06-03T00:00:00.000Z;0.162
2009-06-04T00:00:00.000Z;0.159
2009-06-05T00:00:00.000Z;0.182
2009-06-06T00:00:00.000Z;0.565
2009-06-07T00:00:00.000Z;0.342
2009-06-08T00:00:00.000Z;0.244
2009-06-09T00:00:00.000Z;0.207
2009-06-10T00:00:00.000Z;0.187
2009-06-11T00:00:00.000Z;0.177
2009-06-12T00:00:00.000Z;0.173
2009-06-13T00:00:00.000Z;0.168
2009-06-14T00:00:00.000Z;0.163
2009-06-15T00:00:00.000Z;0.161
2009-06-16T00:00:00.000Z;0.161
2009-06-17T00:00:00.000Z;0.152
2009-06-18T00:00:00.000Z;0.124
2009-06-19T00:00:00.000Z;0.123
2009-06-20T00:00:00.000Z;0.139
2009-06-21T00:00:00.000Z;0.137
2009-06-22T00:00:00.000Z;0.128
2009-06-23T00:00:00.000Z;0.122
2009-06-24T00:00:00.000Z;0.118
2009-06-25T00:00:00.000Z;0.116
2009-06-26T00:00:00.000Z;0.115
2009-06-27T00:00:00.000Z;0.113
2009-06-28T00:00:00.000Z;0.111
2009-06-29T00:00:00.000Z;0.109
2009-06-30T00:00:00.000Z;0.107
2009-07-01T00:00:00.000Z;0.106
2009-07-02T00:00:00.000Z;0.105
2009-07-03T00:00:00.000Z;0.103
2009-07-04T00:00:00.000Z;0.103
2009-07-05T00:00:00.000Z;0.106
2009-07-06T00:00:00.000Z;0.112
2009-07-07T00:00:00.000Z;0.132
2009-07-08T00:00:00.000Z;0.146
2009-07-09T00:00:00.000Z;0.130
2009-07-10T00:00:00.000Z;0.128
2009-07-11T00:00:00.000Z;0.119
2009-07-12T00:00:00.000Z;0.113
2009-07-13T00:00:00.000Z;0.110
2009-07-14T00:00:00.000Z;0.106
2009-07-15T00:00:00.000Z;0.108
2009-07-16T00:00:00.000Z;0.106
2009-07-17T00:00:00.000Z;0.157
2009-07-18T00:00:00.000Z;0.175
2009-07-19T00:00:00.000Z;0.144
2009-07-20T00:00:00.000Z;0.128
2009-07-21T00:00:00.000Z;0.119
2009-07-22T00:00:00.000Z;0.114
2009-07-23T00:00:00.000Z;0.110
2009-07-24T00:00:00.000Z;0.102
2009-07-25T00:00:00.000Z;0.0870
2009-07-26T00:00:00.000Z;0.0850
2009-07-27T00:00:00.000Z;0.0840
2009-07-28T00:00:00.000Z;0.0830
2009-07-29T00:00:00.000Z;0.0820
2009-07-30T00:00:00.000Z;0.0810
2009-07-31T00:00:00.000Z;0.0820
2009-08-01T00:00:00.000Z;0.0830
2009-08-02T00:00:00.000Z;0.0830
2009-08-03T00:00:00.000Z;0.0820
2009-08-04T00:00:00.000Z;0.0820
2009-08-05T00:00:00.000Z;0.0820
2009-08-06T00:00:00.000Z;0.0830
2009-08-07T00:00:00.000Z;0.0880
2009-08-08T00:00:00.000Z;0.0950
2009-08-09T00:00:00.000Z;0.125
2009-08-10T00:00:00.000Z;0.110
2009-08-11T00:00:00.000Z;0.0990
2009-08-12T00:00:00.000Z;0.0950
2009-08-13T00:00:00.000Z;0.0930
2009-08-14T00:00:00.000Z;0.0900
2009-08-15T00:00:00.000Z;0.0880
2009-08-16T00:00:00.000Z;0.0870
2009-08-17T00:00:00.000Z;0.0870
2009-08-18T00:00:00.000Z;0.0870
2009-08-19T00:00:00.000Z;0.0850
2009-08-20T00:00:00.000Z;0.0840
2009-08-21T00:00:00.000Z;0.0850
2009-08-22T00:00:00.000Z;0.0860
2009-08-23T00:00:00.000Z;0.0850
2009-08-24T00:00:00.000Z;0.0850
2009-08-25T00:00:00.000Z;0.0860
2009-08-26T00:00:00.000Z;0.0850
2009-08-27T00:00:00.000Z;0.0830
2009-08-28T00:00:00.000Z;0.0820
2009-08-29T00:00:00.000Z;0.0850
2009-08-30T00:00:00.000Z;0.0850
2009-08-31T00:00:00.000Z;0.0820
2009-09-01T00:00:00.000Z;0.0800
2009-09-02T00:00:00.000Z;0.0820
2009-09-03T00:00:00.000Z;0.0820
2009-09-04T00:00:00.000Z;0.0830
2009-09-05T00:00:00.000Z;0.0850
2009-09-06T00:00:00.000Z;0.0840
2009-09-07T00:00:00.000Z;0.0810
2009-09-08T00:00:00.000Z;0.0800
2009-09-09T00:00:00.000Z;0.0790
2009-09-10T00:00:00.000Z;0.0790
2009-09-11T00:00:00.000Z;0.0790
2009-09-12T00:00:00.000Z;0.0790
2009-09-13T00:00:00.000Z;0.0780
2009-09-14T00:00:00.000Z;0.0730
2009-09-15T00:00:00.000Z;0.0730
2009-09-16T00:00:00.000Z;0.0730
2009-09-17T00:00:00.000Z;0.0730
2009-09-18T00:00:00.000Z;0.0730
2009-09-19T00:00:00.000Z;0.0740
2009-09-20T00:00:00.000Z;0.0740
2009-09-21T00:00:00.000Z;0.163
2009-09-22T00:00:00.000Z;0.100
2009-09-23T00:00:00.000Z;0.0890
2009-09-24T00:00:00.000Z;0.0830
2009-09-25T00:00:00.000Z;0.0790
2009-09-26T00:00:00.000Z;0.0760
2009-09-27T00:00:00.000Z;0.0730
2009-09-28T00:00:00.000Z;0.0730
2009-09-29T00:00:00.000Z;0.0720
2009-09-30T00:00:00.000Z;0.0730
2009-10-01T00:00:00.000Z;0.0730
2009-10-02T00:00:00.000Z;0.0720
2009-10-03T00:00:00.000Z;0.0720
2009-10-04T00:00:00.000Z;0.0720
2009-10-05T00:00:00.000Z;0.0690
2009-10-06T00:00:00.000Z;0.0660
2009-10-07T00:00:00.000Z;0.0660
2009-10-08T00:00:00.000Z;0.0660
2009-10-09T00:00:00.000Z;0.0660
2009-10-10T00:00:00.000Z;0.0680
2009-10-11T00:00:00.000Z;0.0690
2009-10-12T00:00:00.000Z;0.0710
2009-10-13T00:00:00.000Z;0.0750
2009-10-14T00:00:00.000Z;0.0720
2009-10-15T00:00:00.000Z;0.0710
2009-10-16T00:00:00.000Z;0.0700
2009-10-17T00:00:00.000Z;0.0690
2009-10-18T00:00:00.000Z;0.0690
2009-10-19T00:00:00.000Z;0.0690
2009-10-20T00:00:00.000Z;0.0690
2009-10-21T00:00:00.000Z;0.0720
2009-10-22T00:00:00.000Z;0.102
2009-10-23T00:00:00.000Z;0.188
2009-10-24T00:00:00.000Z;0.121
2009-10-25T00:00:00.000Z;0.173
2009-10-26T00:00:00.000Z;0.237
2009-10-27T00:00:00.000Z;0.129
2009-10-28T00:00:00.000Z;0.109
2009-10-29T00:00:00.000Z;0.100
2009-10-30T00:00:00.000Z;0.0920
2009-10-31T00:00:00.000Z;0.0850
2009-11-01T00:00:00.000Z;0.0830
2009-11-02T00:00:00.000Z;0.468
2009-11-03T00:00:00.000Z;0.305
2009-11-04T00:00:00.000Z;0.379
2009-11-05T00:00:00.000Z;0.553
2009-11-06T00:00:00.000Z;0.341
2009-11-07T00:00:00.000Z;1.13
2009-11-10T00:00:00.000Z;1.43
2009-11-13T00:00:00.000Z;0.861
2009-11-14T00:00:00.000Z;0.548
2009-11-15T00:00:00.000Z;0.298
2009-11-16T00:00:00.000Z;0.240
2009-11-17T00:00:00.000Z;0.203
2009-11-18T00:00:00.000Z;0.178
2009-11-19T00:00:00.000Z;0.163
2009-11-20T00:00:00.000Z;0.151
2009-11-21T00:00:00.000Z;0.141
2009-11-22T00:00:00.000Z;0.136
2009-11-23T00:00:00.000Z;0.126
2009-11-24T00:00:00.000Z;0.120
2009-11-25T00:00:00.000Z;0.118
2009-11-26T00:00:00.000Z;0.114
2009-11-27T00:00:00.000Z;0.111
2009-11-28T00:00:00.000Z;0.109
2009-11-29T00:00:00.000Z;0.108
2009-11-30T00:00:00.000Z;0.303
2009-12-01T00:00:00.000Z;0.636
2009-12-02T00:00:00.000Z;0.798
2009-12-03T00:00:00.000Z;0.984
2009-12-06T00:00:00.000Z;1.00
2009-12-07T00:00:00.000Z;0.408
2009-12-08T00:00:00.000Z;0.297
2009-12-09T00:00:00.000Z;0.247
2009-12-10T00:00:00.000Z;0.216
2009-12-11T00:00:00.000Z;0.198
2009-12-12T00:00:00.000Z;0.186
2009-12-13T00:00:00.000Z;0.173
2009-12-14T00:00:00.000Z;0.162
2009-12-15T00:00:00.000Z;0.152
2009-12-16T00:00:00.000Z;0.143
2009-12-17T00:00:00.000Z;0.138
2009-12-18T00:00:00.000Z;0.130
2009-12-19T00:00:00.000Z;0.124
2009-12-20T00:00:00.000Z;0.119
2009-12-21T00:00:00.000Z;0.117
2009-12-22T00:00:00.000Z;0.118
2009-12-23T00:00:00.000Z;0.117
2009-12-24T00:00:00.000Z;0.117
2009-12-25T00:00:00.000Z;0.162
2009-12-26T00:00:00.000Z;0.225
2009-12-27T00:00:00.000Z;0.337
2009-12-28T00:00:00.000Z;0.272
2009-12-29T00:00:00.000Z;0.243
2009-12-30T00:00:00.000Z;0.236
2009-12-31T00:00:00.000Z;0.225
2010-01-01T00:00:00.000Z;0.230
2010-01-02T00:00:00.000Z;0.230
2010-01-03T00:00:00.000Z;0.213
2010-01-04T00:00:00.000Z;0.199
2010-01-05T00:00:00.000Z;0.197
2010-01-06T00:00:00.000Z;0.190
2010-01-07T00:00:00.000Z;0.182
2010-01-08T00:00:00.000Z;0.174
2010-01-09T00:00:00.000Z;0.166
2010-01-10T00:00:00.000Z;0.165
2010-01-11T00:00:00.000Z;0.178
2010-01-12T00:00:00.000Z;0.288
2010-01-16T00:00:00.000Z;1.40
2010-01-18T00:00:00.000Z;1.55
2010-01-19T00:00:00.000Z;0.629
2010-01-20T00:00:00.000Z;0.802
2010-01-21T00:00:00.000Z;0.798
2010-01-22T00:00:00.000Z;0.478
2010-01-23T00:00:00.000Z;0.363
2010-01-24T00:00:00.000Z;0.303
2010-01-25T00:00:00.000Z;0.518
2010-01-26T00:00:00.000Z;0.455
2010-01-27T00:00:00.000Z;0.370
2010-01-28T00:00:00.000Z;0.305
2010-01-29T00:00:00.000Z;0.421
2010-01-30T00:00:00.000Z;0.953
2010-01-31T00:00:00.000Z;0.637
2010-02-01T00:00:00.000Z;0.447
2010-02-02T00:00:00.000Z;0.389
2010-02-03T00:00:00.000Z;0.405
2010-02-04T00:00:00.000Z;0.511
2010-02-05T00:00:00.000Z;1.31
2010-02-06T00:00:00.000Z;0.994
2010-02-07T00:00:00.000Z;1.53
2010-02-08T00:00:00.000Z;0.798
2010-02-09T00:00:00.000Z;0.514
2010-02-10T00:00:00.000Z;0.400
2010-02-11T00:00:00.000Z;0.342
2010-02-12T00:00:00.000Z;0.292
2010-02-13T00:00:00.000Z;0.263
2010-02-14T00:00:00.000Z;0.235
2010-02-15T00:00:00.000Z;0.218
2010-02-16T00:00:00.000Z;0.213
2010-02-17T00:00:00.000Z;0.231
2010-02-18T00:00:00.000Z;0.496
2010-02-19T00:00:00.000Z;0.816
2010-02-20T00:00:00.000Z;0.697
2010-02-21T00:00:00.000Z;0.559
2010-02-22T00:00:00.000Z;0.552
2010-02-23T00:00:00.000Z;0.530
2010-02-24T00:00:00.000Z;0.417
2010-02-25T00:00:00.000Z;0.372
2010-02-26T00:00:00.000Z;0.348
2010-02-27T00:00:00.000Z;0.270
2010-02-28T00:00:00.000Z;0.344
2010-03-01T00:00:00.000Z;0.239
2010-03-02T00:00:00.000Z;0.205
2010-03-03T00:00:00.000Z;0.197
2010-03-04T00:00:00.000Z;0.516
2010-03-05T00:00:00.000Z;0.552
2010-03-06T00:00:00.000Z;0.335
2010-03-07T00:00:00.000Z;0.272
2010-03-08T00:00:00.000Z;0.242
2010-03-09T00:00:00.000Z;0.221
2010-03-10T00:00:00.000Z;0.201
2010-03-11T00:00:00.000Z;0.190
2010-03-12T00:00:00.000Z;0.181
2010-03-13T00:00:00.000Z;0.170
2010-03-14T00:00:00.000Z;0.198
2010-03-15T00:00:00.000Z;0.249
2010-03-16T00:00:00.000Z;0.266
2010-03-17T00:00:00.000Z;0.274
2010-03-18T00:00:00.000Z;0.295
2010-03-19T00:00:00.000Z;0.282
2010-03-20T00:00:00.000Z;0.275
2010-03-21T00:00:00.000Z;0.243
2010-03-22T00:00:00.000Z;0.230
2010-03-23T00:00:00.000Z;0.219
2010-03-24T00:00:00.000Z;0.206
2010-03-25T00:00:00.000Z;0.195
2010-03-26T00:00:00.000Z;0.202
2010-03-27T00:00:00.000Z;0.214
2010-03-28T00:00:00.000Z;0.197
2010-03-29T00:00:00.000Z;0.188
2010-03-30T00:00:00.000Z;0.195
2010-03-31T00:00:00.000Z;0.216
2010-04-01T00:00:00.000Z;0.422
2010-04-02T00:00:00.000Z;0.371
2010-04-03T00:00:00.000Z;0.272
2010-04-04T00:00:00.000Z;0.231
2010-04-05T00:00:00.000Z;0.244
2010-04-06T00:00:00.000Z;0.237
2010-04-07T00:00:00.000Z;0.424
2010-04-09T00:00:00.000Z;0.575
2010-04-10T00:00:00.000Z;0.362
2010-04-11T00:00:00.000Z;0.291
2010-04-12T00:00:00.000Z;0.251
2010-04-13T00:00:00.000Z;0.220
2010-04-14T00:00:00.000Z;0.199
2010-04-15T00:00:00.000Z;0.184
2010-04-16T00:00:00.000Z;0.171
2010-04-17T00:00:00.000Z;0.161
2010-04-18T00:00:00.000Z;0.156
2010-04-19T00:00:00.000Z;0.291
2010-04-20T00:00:00.000Z;1.02
2010-04-21T00:00:00.000Z;0.404
2010-04-24T00:00:00.000Z;1.35
2010-04-25T00:00:00.000Z;0.617
2010-04-26T00:00:00.000Z;0.382
2010-04-27T00:00:00.000Z;0.311
2010-04-28T00:00:00.000Z;0.266
2010-04-29T00:00:00.000Z;0.238
2010-04-30T00:00:00.000Z;0.216
2010-05-01T00:00:00.000Z;0.362
2010-05-02T00:00:00.000Z;0.594
2010-05-03T00:00:00.000Z;0.584
2010-05-10T00:00:00.000Z;1.35
2010-05-11T00:00:00.000Z;0.923
2010-05-12T00:00:00.000Z;0.490
2010-05-13T00:00:00.000Z;0.766
2010-05-14T00:00:00.000Z;1.47
2010-05-15T00:00:00.000Z;1.00
2010-05-16T00:00:00.000Z;1.29
2010-05-17T00:00:00.000Z;0.816
2010-05-18T00:00:00.000Z;0.552
2010-05-19T00:00:00.000Z;0.400
2010-05-20T00:00:00.000Z;0.325
2010-05-21T00:00:00.000Z;0.282
2010-05-22T00:00:00.000Z;0.255
2010-05-23T00:00:00.000Z;0.234
2010-05-24T00:00:00.000Z;0.216
2010-05-25T00:00:00.000Z;0.201
2010-05-26T00:00:00.000Z;0.190
2010-05-27T00:00:00.000Z;0.177
2010-05-28T00:00:00.000Z;0.175
2010-05-29T00:00:00.000Z;0.167
2010-05-30T00:00:00.000Z;0.158
2010-05-31T00:00:00.000Z;0.153
2010-06-01T00:00:00.000Z;0.150
2010-06-02T00:00:00.000Z;0.149
2010-06-03T00:00:00.000Z;0.147
2010-06-04T00:00:00.000Z;0.143
2010-06-05T00:00:00.000Z;0.137
2010-06-06T00:00:00.000Z;0.136
2010-06-07T00:00:00.000Z;0.135
2010-06-08T00:00:00.000Z;0.135
2010-06-09T00:00:00.000Z;0.156
2010-06-10T00:00:00.000Z;0.152
2010-06-11T00:00:00.000Z;0.139
2010-06-12T00:00:00.000Z;0.133
2010-06-13T00:00:00.000Z;0.150
2010-06-14T00:00:00.000Z;0.770
2010-06-15T00:00:00.000Z;1.02
2010-06-16T00:00:00.000Z;0.667
2010-06-17T00:00:00.000Z;1.63
2010-06-18T00:00:00.000Z;0.718
2010-06-19T00:00:00.000Z;0.763
2010-06-21T00:00:00.000Z;0.724
2010-06-22T00:00:00.000Z;0.602
2010-06-23T00:00:00.000Z;0.310
2010-06-24T00:00:00.000Z;0.253
2010-06-25T00:00:00.000Z;0.221
2010-06-26T00:00:00.000Z;0.197
2010-06-27T00:00:00.000Z;0.179
2010-06-28T00:00:00.000Z;0.166
2010-06-29T00:00:00.000Z;0.157
2010-06-30T00:00:00.000Z;0.149
2010-07-01T00:00:00.000Z;0.144
2010-07-02T00:00:00.000Z;0.141
2010-07-03T00:00:00.000Z;0.137
2010-07-04T00:00:00.000Z;0.136
2010-07-05T00:00:00.000Z;0.131
2010-07-06T00:00:00.000Z;0.127
2010-07-07T00:00:00.000Z;0.126
2010-07-08T00:00:00.000Z;0.129
2010-07-09T00:00:00.000Z;0.130
2010-07-10T00:00:00.000Z;0.126
2010-07-11T00:00:00.000Z;0.123
2010-07-12T00:00:00.000Z;0.122
2010-07-13T00:00:00.000Z;0.121
2010-07-14T00:00:00.000Z;0.121
2010-07-15T00:00:00.000Z;0.121
2010-07-16T00:00:00.000Z;0.119
2010-07-17T00:00:00.000Z;0.117
2010-07-18T00:00:00.000Z;0.116
2010-07-19T00:00:00.000Z;0.113
2010-07-20T00:00:00.000Z;0.112
2010-07-21T00:00:00.000Z;0.113
2010-07-22T00:00:00.000Z;0.254
2010-07-23T00:00:00.000Z;0.431
2010-07-24T00:00:00.000Z;0.232
2010-07-25T00:00:00.000Z;0.161
2010-07-26T00:00:00.000Z;0.141
2010-07-27T00:00:00.000Z;0.133
2010-07-28T00:00:00.000Z;0.125
2010-07-29T00:00:00.000Z;0.122
2010-07-30T00:00:00.000Z;0.121
2010-07-31T00:00:00.000Z;0.114
2010-08-01T00:00:00.000Z;0.100
2010-08-02T00:00:00.000Z;0.293
2010-08-03T00:00:00.000Z;0.315
2010-08-04T00:00:00.000Z;0.179
2010-08-05T00:00:00.000Z;0.254
2010-08-06T00:00:00.000Z;0.255
2010-08-07T00:00:00.000Z;0.167
2010-08-08T00:00:00.000Z;0.137
2010-08-09T00:00:00.000Z;0.128
2010-08-10T00:00:00.000Z;0.120
2010-08-11T00:00:00.000Z;0.115
2010-08-12T00:00:00.000Z;0.111
2010-08-13T00:00:00.000Z;0.112
2010-08-14T00:00:00.000Z;0.110
2010-08-15T00:00:00.000Z;0.109
2010-08-16T00:00:00.000Z;0.109
2010-08-17T00:00:00.000Z;0.108
2010-08-18T00:00:00.000Z;0.108
2010-08-19T00:00:00.000Z;0.111
2010-08-20T00:00:00.000Z;0.113
2010-08-21T00:00:00.000Z;0.108
2010-08-22T00:00:00.000Z;0.107
2010-08-23T00:00:00.000Z;0.107
2010-08-24T00:00:00.000Z;0.107
2010-08-25T00:00:00.000Z;0.107
2010-08-26T00:00:00.000Z;0.105
2010-08-27T00:00:00.000Z;0.103
2010-08-28T00:00:00.000Z;0.103
2010-08-29T00:00:00.000Z;0.103
2010-08-30T00:00:00.000Z;0.101
2010-08-31T00:00:00.000Z;0.101
2010-09-01T00:00:00.000Z;0.100
2010-09-02T00:00:00.000Z;0.100
2010-09-03T00:00:00.000Z;0.0990
2010-09-04T00:00:00.000Z;0.0990
2010-09-05T00:00:00.000Z;0.0970
2010-09-06T00:00:00.000Z;0.0960
2010-09-07T00:00:00.000Z;0.0950
2010-09-08T00:00:00.000Z;0.0970
2010-09-09T00:00:00.000Z;0.0970
2010-09-10T00:00:00.000Z;0.0950
2010-09-11T00:00:00.000Z;0.0940
2010-09-12T00:00:00.000Z;0.0930
2010-09-13T00:00:00.000Z;0.0930
2010-09-14T00:00:00.000Z;0.0930
2010-09-15T00:00:00.000Z;0.0930
2010-09-16T00:00:00.000Z;0.0930
2010-09-17T00:00:00.000Z;0.0940
2010-09-18T00:00:00.000Z;0.106
2010-09-19T00:00:00.000Z;0.0980
2010-09-20T00:00:00.000Z;0.0940
2010-09-21T00:00:00.000Z;0.0930
2010-09-22T00:00:00.000Z;0.0920
2010-09-23T00:00:00.000Z;0.0910
2010-09-24T00:00:00.000Z;0.0960
2010-09-25T00:00:00.000Z;0.120
2010-09-26T00:00:00.000Z;0.143
2010-09-27T00:00:00.000Z;0.110
2010-09-28T00:00:00.000Z;0.0990
2010-09-29T00:00:00.000Z;0.0940
2010-09-30T00:00:00.000Z;0.0930
2010-10-01T00:00:00.000Z;0.0930
2010-10-02T00:00:00.000Z;0.0930
2010-10-03T00:00:00.000Z;0.0930
2010-10-04T00:00:00.000Z;0.0970
2010-10-05T00:00:00.000Z;0.102
2010-10-06T00:00:00.000Z;0.101
2010-10-07T00:00:00.000Z;0.100
2010-10-08T00:00:00.000Z;0.0990
2010-10-09T00:00:00.000Z;0.100
2010-10-10T00:00:00.000Z;0.243
2010-10-11T00:00:00.000Z;0.493
2010-10-12T00:00:00.000Z;0.277
2010-10-13T00:00:00.000Z;0.171
2010-10-14T00:00:00.000Z;0.137
2010-10-15T00:00:00.000Z;0.121
2010-10-16T00:00:00.000Z;0.113
2010-10-17T00:00:00.000Z;0.105
2010-10-18T00:00:00.000Z;0.100
2010-10-19T00:00:00.000Z;0.0970
2010-10-20T00:00:00.000Z;0.0940
2010-10-21T00:00:00.000Z;0.0920
2010-10-22T00:00:00.000Z;0.0890
2010-10-23T00:00:00.000Z;0.0880
2010-10-24T00:00:00.000Z;0.0890
2010-10-25T00:00:00.000Z;0.492
2010-10-26T00:00:00.000Z;0.373
2010-10-27T00:00:00.000Z;0.199
2010-10-28T00:00:00.000Z;0.152
2010-10-29T00:00:00.000Z;0.135
2010-10-30T00:00:00.000Z;0.125
2010-10-31T00:00:00.000Z;0.119
2010-11-03T00:00:00.000Z;0.760
2010-11-04T00:00:00.000Z;0.265
2010-11-05T00:00:00.000Z;0.208
2010-11-06T00:00:00.000Z;0.185
2010-11-07T00:00:00.000Z;0.235
2010-11-08T00:00:00.000Z;0.614
2010-11-09T00:00:00.000Z;0.558
2010-11-10T00:00:00.000Z;1.06
2010-11-11T00:00:00.000Z;1.18
2010-11-12T00:00:00.000Z;0.690
2010-11-13T00:00:00.000Z;0.516
2010-11-14T00:00:00.000Z;0.307
2010-11-15T00:00:00.000Z;0.730
2010-11-18T00:00:00.000Z;0.806
2010-11-19T00:00:00.000Z;0.475
2010-11-20T00:00:00.000Z;0.348
2010-11-22T00:00:00.000Z;1.68
2010-11-23T00:00:00.000Z;1.08
2010-11-24T00:00:00.000Z;0.645
2010-11-25T00:00:00.000Z;0.503
2010-11-26T00:00:00.000Z;0.499
2010-11-27T00:00:00.000Z;0.457
2010-11-28T00:00:00.000Z;0.387
2010-11-29T00:00:00.000Z;0.320
2010-11-30T00:00:00.000Z;0.276
2010-12-01T00:00:00.000Z;0.247
2010-12-02T00:00:00.000Z;0.222
2010-12-03T00:00:00.000Z;0.206
2010-12-04T00:00:00.000Z;0.191
2010-12-05T00:00:00.000Z;0.297
2010-12-06T00:00:00.000Z;0.883
2010-12-07T00:00:00.000Z;0.481
2010-12-08T00:00:00.000Z;0.327
2010-12-09T00:00:00.000Z;0.257
2010-12-10T00:00:00.000Z;0.253
2010-12-11T00:00:00.000Z;0.237
2010-12-12T00:00:00.000Z;0.223
2010-12-13T00:00:00.000Z;0.208
2010-12-14T00:00:00.000Z;0.189
2010-12-15T00:00:00.000Z;0.171
2010-12-16T00:00:00.000Z;0.161
2010-12-17T00:00:00.000Z;0.162
2010-12-18T00:00:00.000Z;0.162
2010-12-19T00:00:00.000Z;0.159
2010-12-20T00:00:00.000Z;0.157
2010-12-21T00:00:00.000Z;0.173
2010-12-22T00:00:00.000Z;0.250
2010-12-23T00:00:00.000Z;0.512
2010-12-24T00:00:00.000Z;0.704
2010-12-25T00:00:00.000Z;0.377
2010-12-26T00:00:00.000Z;0.297
2010-12-27T00:00:00.000Z;0.268
2010-12-28T00:00:00.000Z;0.273
2010-12-29T00:00:00.000Z;0.341
2010-12-30T00:00:00.000Z;0.334
2010-12-31T00:00:00.000Z;0.263
2011-01-01T00:00:00.000Z;0.224
2011-01-02T00:00:00.000Z;0.206
2011-01-03T00:00:00.000Z;0.191
2011-01-04T00:00:00.000Z;0.181
2011-01-05T00:00:00.000Z;0.174
2011-01-06T00:00:00.000Z;0.170
2011-01-07T00:00:00.000Z;0.163
2011-01-08T00:00:00.000Z;0.155
2011-01-09T00:00:00.000Z;0.160
2011-01-10T00:00:00.000Z;0.283
2011-01-11T00:00:00.000Z;0.413
2011-01-12T00:00:00.000Z;0.837
2011-01-13T00:00:00.000Z;0.578
2011-01-14T00:00:00.000Z;0.382
2011-01-15T00:00:00.000Z;0.289
2011-01-16T00:00:00.000Z;0.249
2011-01-17T00:00:00.000Z;0.220
2011-01-18T00:00:00.000Z;0.202
2011-01-19T00:00:00.000Z;0.191
2011-01-20T00:00:00.000Z;0.182
2011-01-21T00:00:00.000Z;0.174
2011-01-22T00:00:00.000Z;0.166
2011-01-23T00:00:00.000Z;0.159
2011-01-24T00:00:00.000Z;0.152
2011-01-25T00:00:00.000Z;0.146
2011-01-26T00:00:00.000Z;0.144
2011-01-27T00:00:00.000Z;0.143
2011-01-28T00:00:00.000Z;0.139
2011-01-29T00:00:00.000Z;0.136
2011-01-30T00:00:00.000Z;0.132
2011-01-31T00:00:00.000Z;0.128
2011-02-01T00:00:00.000Z;0.124
2011-02-02T00:00:00.000Z;0.120
2011-02-03T00:00:00.000Z;0.118
2011-02-04T00:00:00.000Z;0.116
2011-02-05T00:00:00.000Z;0.116
2011-02-06T00:00:00.000Z;0.117
2011-02-07T00:00:00.000Z;0.123
2011-02-08T00:00:00.000Z;0.125
2011-02-09T00:00:00.000Z;0.126
2011-02-10T00:00:00.000Z;0.124
2011-02-11T00:00:00.000Z;0.123
2011-02-12T00:00:00.000Z;0.121
2011-02-13T00:00:00.000Z;0.120
2011-02-14T00:00:00.000Z;0.122
2011-02-15T00:00:00.000Z;0.126
2011-02-16T00:00:00.000Z;0.140
2011-02-17T00:00:00.000Z;0.247
2011-02-18T00:00:00.000Z;0.643
2011-02-19T00:00:00.000Z;0.710
2011-02-20T00:00:00.000Z;1.25
2011-02-21T00:00:00.000Z;0.684
2011-02-25T00:00:00.000Z;1.26
2011-02-26T00:00:00.000Z;0.552
2011-02-27T00:00:00.000Z;0.843
2011-02-28T00:00:00.000Z;0.934
2011-03-01T00:00:00.000Z;0.645
2011-03-02T00:00:00.000Z;0.520
2011-03-03T00:00:00.000Z;0.493
2011-03-04T00:00:00.000Z;0.574
2011-03-05T00:00:00.000Z;0.665
2011-03-06T00:00:00.000Z;0.608
2011-03-07T00:00:00.000Z;0.511
2011-03-08T00:00:00.000Z;0.429
2011-03-09T00:00:00.000Z;0.424
2011-03-10T00:00:00.000Z;0.354
2011-03-11T00:00:00.000Z;0.304
2011-03-12T00:00:00.000Z;0.292
2011-03-13T00:00:00.000Z;0.264
2011-03-14T00:00:00.000Z;0.233
2011-03-15T00:00:00.000Z;0.249
2011-03-19T00:00:00.000Z;0.947
2011-03-20T00:00:00.000Z;0.602
2011-03-21T00:00:00.000Z;0.458
2011-03-22T00:00:00.000Z;0.372
2011-03-23T00:00:00.000Z;0.317
2011-03-24T00:00:00.000Z;0.288
2011-03-25T00:00:00.000Z;0.263
2011-03-26T00:00:00.000Z;0.241
2011-03-27T00:00:00.000Z;0.234
2011-03-28T00:00:00.000Z;0.293
2011-03-29T00:00:00.000Z;0.302
2011-03-30T00:00:00.000Z;0.397
2011-03-31T00:00:00.000Z;0.447
2011-04-01T00:00:00.000Z;0.354
2011-04-02T00:00:00.000Z;0.301
2011-04-03T00:00:00.000Z;0.264
2011-04-04T00:00:00.000Z;0.243
2011-04-05T00:00:00.000Z;0.230
2011-04-06T00:00:00.000Z;0.219
2011-04-07T00:00:00.000Z;0.203
2011-04-08T00:00:00.000Z;0.195
2011-04-09T00:00:00.000Z;0.190
2011-04-10T00:00:00.000Z;0.182
2011-04-11T00:00:00.000Z;0.176
2011-04-12T00:00:00.000Z;0.169
2011-04-13T00:00:00.000Z;0.165
2011-04-14T00:00:00.000Z;0.163
2011-04-15T00:00:00.000Z;0.159
2011-04-16T00:00:00.000Z;0.152
2011-04-17T00:00:00.000Z;0.147
2011-04-18T00:00:00.000Z;0.138
2011-04-19T00:00:00.000Z;0.134
2011-04-20T00:00:00.000Z;0.134
2011-04-21T00:00:00.000Z;0.133
2011-04-22T00:00:00.000Z;0.131
2011-04-23T00:00:00.000Z;0.215
2011-04-24T00:00:00.000Z;0.427
2011-04-25T00:00:00.000Z;0.816
2011-04-26T00:00:00.000Z;0.362
2011-04-27T00:00:00.000Z;0.277
2011-04-28T00:00:00.000Z;0.227
2011-04-29T00:00:00.000Z;0.202
2011-04-30T00:00:00.000Z;0.182
2011-05-01T00:00:00.000Z;0.167
2011-05-04T00:00:00.000Z;1.05
2011-05-05T00:00:00.000Z;0.539
2011-05-06T00:00:00.000Z;0.314
2011-05-07T00:00:00.000Z;0.265
2011-05-08T00:00:00.000Z;0.231
2011-05-09T00:00:00.000Z;0.204
2011-05-10T00:00:00.000Z;0.191
2011-05-11T00:00:00.000Z;0.180
2011-05-12T00:00:00.000Z;0.173
2011-05-13T00:00:00.000Z;0.168
2011-05-14T00:00:00.000Z;0.162
2011-05-15T00:00:00.000Z;0.155
2011-05-16T00:00:00.000Z;0.149
2011-05-17T00:00:00.000Z;0.145
2011-05-18T00:00:00.000Z;0.141
2011-05-19T00:00:00.000Z;0.139
2011-05-20T00:00:00.000Z;0.143
2011-05-21T00:00:00.000Z;0.141
2011-05-22T00:00:00.000Z;0.138
2011-05-23T00:00:00.000Z;0.133
2011-05-24T00:00:00.000Z;0.131
2011-05-25T00:00:00.000Z;0.129
2011-05-26T00:00:00.000Z;0.128
2011-05-27T00:00:00.000Z;0.132
2011-05-28T00:00:00.000Z;0.130
2011-05-29T00:00:00.000Z;0.126
2011-05-30T00:00:00.000Z;0.125
2011-05-31T00:00:00.000Z;0.416
2011-06-01T00:00:00.000Z;0.357
2011-06-02T00:00:00.000Z;0.572
2011-06-03T00:00:00.000Z;0.573
2011-06-04T00:00:00.000Z;0.864
2011-06-05T00:00:00.000Z;1.15
2011-06-06T00:00:00.000Z;0.729
2011-06-07T00:00:00.000Z;0.366
2011-06-08T00:00:00.000Z;0.342
2011-06-09T00:00:00.000Z;0.276
2011-06-10T00:00:00.000Z;0.229
2011-06-11T00:00:00.000Z;0.251
2011-06-12T00:00:00.000Z;0.241
2011-06-13T00:00:00.000Z;0.203
2011-06-14T00:00:00.000Z;0.181
2011-06-15T00:00:00.000Z;0.169
2011-06-16T00:00:00.000Z;0.164
2011-06-17T00:00:00.000Z;0.170
2011-06-18T00:00:00.000Z;0.173
2011-06-19T00:00:00.000Z;0.200
2011-06-20T00:00:00.000Z;0.177
2011-06-21T00:00:00.000Z;0.162
2011-06-22T00:00:00.000Z;0.157
2011-06-23T00:00:00.000Z;0.264
2011-06-24T00:00:00.000Z;0.341
2011-06-25T00:00:00.000Z;0.222
2011-06-26T00:00:00.000Z;0.186
2011-06-27T00:00:00.000Z;0.168
2011-06-28T00:00:00.000Z;0.159
2011-06-29T00:00:00.000Z;0.156
2011-06-30T00:00:00.000Z;0.160
2011-07-01T00:00:00.000Z;0.157
2011-07-02T00:00:00.000Z;0.148
2011-07-03T00:00:00.000Z;0.144
2011-07-04T00:00:00.000Z;0.134
2011-07-05T00:00:00.000Z;0.125
2011-07-06T00:00:00.000Z;0.123
2011-07-07T00:00:00.000Z;0.122
2011-07-08T00:00:00.000Z;0.122
2011-07-09T00:00:00.000Z;0.120
2011-07-10T00:00:00.000Z;0.119
2011-07-11T00:00:00.000Z;0.116
2011-07-12T00:00:00.000Z;0.117
2011-07-15T00:00:00.000Z;0.712
2011-07-16T00:00:00.000Z;0.273
2011-07-17T00:00:00.000Z;0.485
2011-07-18T00:00:00.000Z;0.494
2011-07-19T00:00:00.000Z;0.383
2011-07-20T00:00:00.000Z;0.358
2011-07-21T00:00:00.000Z;0.280
2011-07-22T00:00:00.000Z;0.375
2011-07-23T00:00:00.000Z;0.346
2011-07-24T00:00:00.000Z;0.255
2011-07-25T00:00:00.000Z;0.381
2011-07-26T00:00:00.000Z;1.60
2011-07-28T00:00:00.000Z;1.79
2011-07-29T00:00:00.000Z;1.09
2011-07-30T00:00:00.000Z;0.463
2011-07-31T00:00:00.000Z;0.315
2011-08-01T00:00:00.000Z;0.262
2011-08-02T00:00:00.000Z;0.227
2011-08-03T00:00:00.000Z;0.204
2011-08-04T00:00:00.000Z;0.188
2011-08-05T00:00:00.000Z;0.178
2011-08-06T00:00:00.000Z;0.175
2011-08-07T00:00:00.000Z;0.180
2011-08-08T00:00:00.000Z;0.200
2011-08-09T00:00:00.000Z;0.177
2011-08-10T00:00:00.000Z;0.162
2011-08-11T00:00:00.000Z;0.154
2011-08-12T00:00:00.000Z;0.148
2011-08-13T00:00:00.000Z;0.146
2011-08-14T00:00:00.000Z;0.143
2011-08-15T00:00:00.000Z;0.140
2011-08-16T00:00:00.000Z;0.137
2011-08-17T00:00:00.000Z;0.134
2011-08-18T00:00:00.000Z;0.134
2011-08-19T00:00:00.000Z;0.132
2011-08-20T00:00:00.000Z;0.128
2011-08-21T00:00:00.000Z;0.126
2011-08-22T00:00:00.000Z;0.126
2011-08-23T00:00:00.000Z;0.126
2011-08-24T00:00:00.000Z;0.127
2011-08-25T00:00:00.000Z;0.127
2011-08-26T00:00:00.000Z;0.129
2011-08-27T00:00:00.000Z;0.132
2011-08-28T00:00:00.000Z;0.123
2011-08-29T00:00:00.000Z;0.119
2011-08-30T00:00:00.000Z;0.118
2011-08-31T00:00:00.000Z;0.118
2011-09-01T00:00:00.000Z;0.118
2011-09-02T00:00:00.000Z;0.116
2011-09-03T00:00:00.000Z;0.119
2011-09-04T00:00:00.000Z;0.149
2011-09-05T00:00:00.000Z;0.151
2011-09-06T00:00:00.000Z;0.145
2011-09-07T00:00:00.000Z;0.130
2011-09-08T00:00:00.000Z;0.122
2011-09-09T00:00:00.000Z;0.119
2011-09-10T00:00:00.000Z;0.116
2011-09-11T00:00:00.000Z;0.114
2011-09-12T00:00:00.000Z;0.113
2011-09-13T00:00:00.000Z;0.112
2011-09-14T00:00:00.000Z;0.114
2011-09-15T00:00:00.000Z;0.116
2011-09-16T00:00:00.000Z;0.112
2011-09-17T00:00:00.000Z;0.113
2011-09-18T00:00:00.000Z;0.130
2011-09-19T00:00:00.000Z;0.136
2011-09-20T00:00:00.000Z;0.134
2011-09-21T00:00:00.000Z;0.125
2011-09-22T00:00:00.000Z;0.120
2011-09-23T00:00:00.000Z;0.119
2011-09-24T00:00:00.000Z;0.118
2011-09-25T00:00:00.000Z;0.118
2011-09-26T00:00:00.000Z;0.115
2011-09-27T00:00:00.000Z;0.113
2011-09-28T00:00:00.000Z;0.111
2011-09-29T00:00:00.000Z;0.109
2011-09-30T00:00:00.000Z;0.109
2011-10-01T00:00:00.000Z;0.109
2011-10-02T00:00:00.000Z;0.107
2011-10-03T00:00:00.000Z;0.105
2011-10-04T00:00:00.000Z;0.104
2011-10-05T00:00:00.000Z;0.103
2011-10-06T00:00:00.000Z;0.103
2011-10-07T00:00:00.000Z;0.114
2011-10-08T00:00:00.000Z;0.127
2011-10-09T00:00:00.000Z;0.114
2011-10-10T00:00:00.000Z;0.107
2011-10-11T00:00:00.000Z;0.104
2011-10-12T00:00:00.000Z;0.102
2011-10-13T00:00:00.000Z;0.102
2011-10-14T00:00:00.000Z;0.102
2011-10-15T00:00:00.000Z;0.101
2011-10-16T00:00:00.000Z;0.0980
2011-10-17T00:00:00.000Z;0.0980
2011-10-18T00:00:00.000Z;0.0970
2011-10-19T00:00:00.000Z;0.107
2011-10-20T00:00:00.000Z;0.125
2011-10-21T00:00:00.000Z;0.107
2011-10-22T00:00:00.000Z;0.103
2011-10-23T00:00:00.000Z;0.0990
2011-10-24T00:00:00.000Z;0.0970
2011-10-25T00:00:00.000Z;0.0960
2011-10-26T00:00:00.000Z;0.0960
2011-10-27T00:00:00.000Z;0.0940
2011-10-28T00:00:00.000Z;0.0950
2011-10-29T00:00:00.000Z;0.0970
2011-10-30T00:00:00.000Z;0.0950
2011-10-31T00:00:00.000Z;0.0930
2011-11-01T00:00:00.000Z;0.0930
2011-11-02T00:00:00.000Z;0.0930
2011-11-03T00:00:00.000Z;0.0920
2011-11-04T00:00:00.000Z;0.0950
2011-11-05T00:00:00.000Z;0.114
2011-11-09T00:00:00.000Z;0.782
2011-11-10T00:00:00.000Z;0.342
2011-11-11T00:00:00.000Z;0.256
2011-11-12T00:00:00.000Z;0.216
2011-11-13T00:00:00.000Z;0.193
2011-11-14T00:00:00.000Z;0.180
2011-11-15T00:00:00.000Z;0.173
2011-11-16T00:00:00.000Z;0.164
2011-11-17T00:00:00.000Z;0.153
2011-11-18T00:00:00.000Z;0.146
2011-11-19T00:00:00.000Z;0.144
2011-11-20T00:00:00.000Z;0.143
2011-11-21T00:00:00.000Z;0.140
2011-11-22T00:00:00.000Z;0.137
2011-11-23T00:00:00.000Z;0.133
2011-11-24T00:00:00.000Z;0.128
2011-11-25T00:00:00.000Z;0.125
2011-11-26T00:00:00.000Z;0.123
2011-11-27T00:00:00.000Z;0.121
2011-11-28T00:00:00.000Z;0.120
2011-11-29T00:00:00.000Z;0.118
2011-11-30T00:00:00.000Z;0.116
2011-12-01T00:00:00.000Z;0.114
2011-12-02T00:00:00.000Z;0.114
2011-12-03T00:00:00.000Z;0.116
2011-12-04T00:00:00.000Z;0.116
2011-12-05T00:00:00.000Z;0.211
2011-12-06T00:00:00.000Z;0.341
2011-12-07T00:00:00.000Z;0.225
2011-12-08T00:00:00.000Z;0.210
2011-12-09T00:00:00.000Z;0.190
2011-12-10T00:00:00.000Z;0.175
2011-12-11T00:00:00.000Z;0.163
2011-12-12T00:00:00.000Z;0.156
2011-12-13T00:00:00.000Z;0.157
2011-12-14T00:00:00.000Z;0.155
2011-12-15T00:00:00.000Z;0.177
2011-12-16T00:00:00.000Z;0.303
2011-12-19T00:00:00.000Z;0.593
2011-12-22T00:00:00.000Z;1.37
2011-12-23T00:00:00.000Z;0.890
2011-12-24T00:00:00.000Z;0.819
2011-12-25T00:00:00.000Z;0.660
2011-12-26T00:00:00.000Z;0.428
2011-12-27T00:00:00.000Z;0.328
2011-12-28T00:00:00.000Z;0.282
2011-12-29T00:00:00.000Z;0.510
2011-12-30T00:00:00.000Z;0.594
2011-12-31T00:00:00.000Z;0.724
2012-01-01T00:00:00.000Z;1.45
2012-01-02T00:00:00.000Z;1.16
2012-01-03T00:00:00.000Z;1.10
2012-01-04T00:00:00.000Z;0.797
2012-01-05T00:00:00.000Z;0.833
2012-01-08T00:00:00.000Z;0.812
2012-01-09T00:00:00.000Z;0.451
2012-01-10T00:00:00.000Z;0.352
2012-01-11T00:00:00.000Z;0.306
2012-01-12T00:00:00.000Z;0.278
2012-01-13T00:00:00.000Z;0.255
2012-01-14T00:00:00.000Z;0.240
2012-01-15T00:00:00.000Z;0.226
2012-01-16T00:00:00.000Z;0.214
2012-01-17T00:00:00.000Z;0.198
2012-01-18T00:00:00.000Z;0.183
2012-01-19T00:00:00.000Z;0.175
2012-01-20T00:00:00.000Z;0.173
2012-01-21T00:00:00.000Z;0.175
2012-01-22T00:00:00.000Z;0.174
2012-01-23T00:00:00.000Z;0.173
2012-01-24T00:00:00.000Z;0.169
2012-01-25T00:00:00.000Z;0.165
2012-01-26T00:00:00.000Z;0.160
2012-01-27T00:00:00.000Z;0.158
2012-01-28T00:00:00.000Z;0.170
2012-01-29T00:00:00.000Z;0.184
2012-01-30T00:00:00.000Z;0.196
2012-01-31T00:00:00.000Z;0.281
2012-02-01T00:00:00.000Z;0.519
2012-02-02T00:00:00.000Z;0.376
2012-02-03T00:00:00.000Z;0.309
2012-02-04T00:00:00.000Z;0.274
2012-02-05T00:00:00.000Z;0.255
2012-02-06T00:00:00.000Z;0.263
2012-02-07T00:00:00.000Z;0.268
2012-02-08T00:00:00.000Z;0.271
2012-02-09T00:00:00.000Z;0.275
2012-02-10T00:00:00.000Z;0.272
2012-02-11T00:00:00.000Z;0.243
2012-02-12T00:00:00.000Z;0.225
2012-02-13T00:00:00.000Z;0.210
2012-02-14T00:00:00.000Z;0.200
2012-02-15T00:00:00.000Z;0.187
2012-02-16T00:00:00.000Z;0.212
2012-02-17T00:00:00.000Z;0.284
2012-02-18T00:00:00.000Z;0.378
2012-02-19T00:00:00.000Z;0.639
2012-02-20T00:00:00.000Z;0.807
2012-02-21T00:00:00.000Z;0.557
2012-02-22T00:00:00.000Z;0.448
2012-02-23T00:00:00.000Z;0.460
2012-02-24T00:00:00.000Z;0.625
2012-02-25T00:00:00.000Z;1.11
2012-02-26T00:00:00.000Z;1.38
2012-02-27T00:00:00.000Z;0.971
2012-02-28T00:00:00.000Z;0.665
2012-02-29T00:00:00.000Z;0.568
2012-03-01T00:00:00.000Z;0.620
2012-03-02T00:00:00.000Z;0.590
2012-03-03T00:00:00.000Z;0.565
2012-03-04T00:00:00.000Z;0.456
2012-03-05T00:00:00.000Z;0.509
2012-03-06T00:00:00.000Z;0.436
2012-03-07T00:00:00.000Z;0.367
2012-03-08T00:00:00.000Z;0.788
2012-03-09T00:00:00.000Z;0.730
2012-03-10T00:00:00.000Z;0.430
2012-03-11T00:00:00.000Z;0.344
2012-03-12T00:00:00.000Z;0.312
2012-03-13T00:00:00.000Z;0.323
2012-03-14T00:00:00.000Z;0.351
2012-03-15T00:00:00.000Z;0.337
2012-03-16T00:00:00.000Z;0.306
2012-03-17T00:00:00.000Z;0.267
2012-03-18T00:00:00.000Z;0.293
2012-03-19T00:00:00.000Z;0.307
2012-03-20T00:00:00.000Z;0.291
2012-03-24T00:00:00.000Z;0.940
2012-03-25T00:00:00.000Z;0.497
2012-03-26T00:00:00.000Z;0.379
2012-03-27T00:00:00.000Z;0.323
2012-03-28T00:00:00.000Z;0.292
2012-03-29T00:00:00.000Z;0.270
2012-03-30T00:00:00.000Z;0.251
2012-03-31T00:00:00.000Z;0.234
2012-04-01T00:00:00.000Z;0.227
2012-04-02T00:00:00.000Z;0.216
2012-04-03T00:00:00.000Z;0.209
2012-04-04T00:00:00.000Z;0.203
2012-04-05T00:00:00.000Z;0.197
2012-04-06T00:00:00.000Z;0.191
2012-04-07T00:00:00.000Z;0.186
2012-04-08T00:00:00.000Z;0.190
2012-04-09T00:00:00.000Z;0.203
2012-04-10T00:00:00.000Z;0.238
2012-04-11T00:00:00.000Z;0.494
2012-04-12T00:00:00.000Z;0.385
2012-04-13T00:00:00.000Z;0.610
2012-04-14T00:00:00.000Z;0.451
2012-04-15T00:00:00.000Z;0.806
2012-04-16T00:00:00.000Z;1.05
2012-04-17T00:00:00.000Z;0.587
2012-04-18T00:00:00.000Z;0.515
2012-04-19T00:00:00.000Z;0.465
2012-04-20T00:00:00.000Z;0.594
2012-04-21T00:00:00.000Z;0.459
2012-04-22T00:00:00.000Z;0.614
2012-04-23T00:00:00.000Z;0.476
2012-04-24T00:00:00.000Z;0.812
2012-04-25T00:00:00.000Z;0.554
2012-04-26T00:00:00.000Z;0.384
2012-04-27T00:00:00.000Z;0.335
2012-04-28T00:00:00.000Z;0.348
2012-04-29T00:00:00.000Z;0.685
2012-04-30T00:00:00.000Z;0.973
2012-05-01T00:00:00.000Z;1.23
2012-05-02T00:00:00.000Z;0.559
2012-05-03T00:00:00.000Z;0.412
2012-05-04T00:00:00.000Z;0.351
2012-05-05T00:00:00.000Z;0.307
2012-05-06T00:00:00.000Z;0.269
2012-05-07T00:00:00.000Z;0.239
2012-05-08T00:00:00.000Z;0.224
2012-05-09T00:00:00.000Z;0.211
2012-05-10T00:00:00.000Z;0.197
2012-05-11T00:00:00.000Z;0.185
2012-05-12T00:00:00.000Z;0.181
2012-05-13T00:00:00.000Z;0.177
2012-05-14T00:00:00.000Z;0.171
2012-05-15T00:00:00.000Z;0.168
2012-05-16T00:00:00.000Z;0.162
2012-05-17T00:00:00.000Z;0.158
2012-05-18T00:00:00.000Z;0.159
2012-05-19T00:00:00.000Z;0.158
2012-05-20T00:00:00.000Z;0.547
2012-05-21T00:00:00.000Z;0.515
2012-05-23T00:00:00.000Z;1.06
2012-05-24T00:00:00.000Z;0.536
2012-05-25T00:00:00.000Z;0.309
2012-05-26T00:00:00.000Z;0.258
2012-05-27T00:00:00.000Z;0.224
2012-05-28T00:00:00.000Z;0.208
2012-05-29T00:00:00.000Z;0.195
2012-05-30T00:00:00.000Z;0.187
2012-05-31T00:00:00.000Z;0.179
2012-06-01T00:00:00.000Z;0.175
2012-06-02T00:00:00.000Z;0.172
2012-06-03T00:00:00.000Z;0.169
2012-06-04T00:00:00.000Z;0.167
2012-06-05T00:00:00.000Z;0.159
2012-06-06T00:00:00.000Z;0.155
2012-06-07T00:00:00.000Z;0.154
2012-06-08T00:00:00.000Z;0.154
2012-06-09T00:00:00.000Z;0.152
2012-06-10T00:00:00.000Z;0.151
2012-06-11T00:00:00.000Z;0.162
2012-06-12T00:00:00.000Z;0.232
2012-06-13T00:00:00.000Z;0.178
2012-06-14T00:00:00.000Z;0.161
2012-06-15T00:00:00.000Z;0.152
2012-06-16T00:00:00.000Z;0.147
2012-06-17T00:00:00.000Z;0.144
2012-06-18T00:00:00.000Z;0.143
2012-06-19T00:00:00.000Z;0.143
2012-06-20T00:00:00.000Z;0.143
2012-06-21T00:00:00.000Z;0.140
2012-06-22T00:00:00.000Z;0.140
2012-06-23T00:00:00.000Z;0.139
2012-06-24T00:00:00.000Z;0.137
2012-06-25T00:00:00.000Z;0.136
2012-06-26T00:00:00.000Z;0.134
2012-06-27T00:00:00.000Z;0.134
2012-06-28T00:00:00.000Z;0.134
2012-06-29T00:00:00.000Z;0.135
2012-06-30T00:00:00.000Z;0.136
2012-07-01T00:00:00.000Z;0.144
2012-07-02T00:00:00.000Z;0.137
2012-07-03T00:00:00.000Z;0.132
2012-07-04T00:00:00.000Z;0.132
2012-07-05T00:00:00.000Z;0.143
2012-07-06T00:00:00.000Z;0.190
2012-07-07T00:00:00.000Z;0.156
2012-07-08T00:00:00.000Z;0.148
2012-07-09T00:00:00.000Z;0.148
2012-07-10T00:00:00.000Z;0.145
2012-07-11T00:00:00.000Z;0.176
2012-07-12T00:00:00.000Z;0.376
2012-07-13T00:00:00.000Z;0.222
2012-07-14T00:00:00.000Z;0.178
2012-07-15T00:00:00.000Z;0.164
2012-07-16T00:00:00.000Z;0.154
2012-07-17T00:00:00.000Z;0.147
2012-07-18T00:00:00.000Z;0.142
2012-07-19T00:00:00.000Z;0.140
2012-07-20T00:00:00.000Z;0.140
2012-07-21T00:00:00.000Z;0.144
2012-07-22T00:00:00.000Z;0.141
2012-07-23T00:00:00.000Z;0.137
2012-07-24T00:00:00.000Z;0.134
2012-07-25T00:00:00.000Z;0.129
2012-07-26T00:00:00.000Z;0.125
2012-07-27T00:00:00.000Z;0.124
2012-07-28T00:00:00.000Z;0.123
2012-07-29T00:00:00.000Z;0.126
2012-07-30T00:00:00.000Z;0.126
2012-07-31T00:00:00.000Z;0.119
2012-08-01T00:00:00.000Z;0.118
2012-08-02T00:00:00.000Z;0.119
2012-08-03T00:00:00.000Z;0.124
2012-08-04T00:00:00.000Z;0.127
2012-08-05T00:00:00.000Z;0.260
2012-08-06T00:00:00.000Z;0.912
2012-08-07T00:00:00.000Z;0.393
2012-08-08T00:00:00.000Z;0.202
2012-08-09T00:00:00.000Z;0.168
2012-08-10T00:00:00.000Z;0.146
2012-08-11T00:00:00.000Z;0.134
2012-08-12T00:00:00.000Z;0.130
2012-08-13T00:00:00.000Z;0.129
2012-08-14T00:00:00.000Z;0.120
2012-08-15T00:00:00.000Z;0.112
2012-08-16T00:00:00.000Z;0.110
2012-08-17T00:00:00.000Z;0.106
2012-08-18T00:00:00.000Z;0.102
2012-08-19T00:00:00.000Z;0.100
2012-08-20T00:00:00.000Z;0.100
2012-08-21T00:00:00.000Z;0.101
2012-08-22T00:00:00.000Z;0.101
2012-08-23T00:00:00.000Z;0.101
2012-08-24T00:00:00.000Z;0.100
2012-08-25T00:00:00.000Z;0.101
2012-08-26T00:00:00.000Z;0.107
2012-08-27T00:00:00.000Z;0.100
2012-08-28T00:00:00.000Z;0.101
2012-08-29T00:00:00.000Z;0.100
2012-08-30T00:00:00.000Z;0.130
2012-08-31T00:00:00.000Z;0.162
2012-09-01T00:00:00.000Z;0.124
2012-09-02T00:00:00.000Z;0.109
2012-09-03T00:00:00.000Z;0.104
2012-09-04T00:00:00.000Z;0.100
2012-09-05T00:00:00.000Z;0.100
2012-09-06T00:00:00.000Z;0.0980
2012-09-07T00:00:00.000Z;0.0950
2012-09-08T00:00:00.000Z;0.0920
2012-09-09T00:00:00.000Z;0.0910
2012-09-10T00:00:00.000Z;0.0890
2012-09-11T00:00:00.000Z;0.0870
2012-09-12T00:00:00.000Z;0.104
2012-09-13T00:00:00.000Z;0.115
2012-09-14T00:00:00.000Z;0.112
2012-09-15T00:00:00.000Z;0.102
2012-09-16T00:00:00.000Z;0.0990
2012-09-17T00:00:00.000Z;0.0940
2012-09-18T00:00:00.000Z;0.0910
2012-09-19T00:00:00.000Z;0.103
2012-09-20T00:00:00.000Z;0.107
2012-09-21T00:00:00.000Z;0.0980
2012-09-22T00:00:00.000Z;0.0920
2012-09-23T00:00:00.000Z;0.0900
2012-09-24T00:00:00.000Z;0.0900
2012-09-25T00:00:00.000Z;0.0910
2012-09-26T00:00:00.000Z;0.0940
2012-09-27T00:00:00.000Z;0.101
2012-09-28T00:00:00.000Z;0.0960
2012-09-29T00:00:00.000Z;0.0950
2012-09-30T00:00:00.000Z;0.157
2012-10-01T00:00:00.000Z;0.134
2012-10-02T00:00:00.000Z;0.116
2012-10-03T00:00:00.000Z;0.105
2012-10-04T00:00:00.000Z;0.0990
2012-10-05T00:00:00.000Z;0.0960
2012-10-06T00:00:00.000Z;0.0940
2012-10-07T00:00:00.000Z;0.0900
2012-10-08T00:00:00.000Z;0.0880
2012-10-09T00:00:00.000Z;0.0870
2012-10-10T00:00:00.000Z;0.0860
2012-10-11T00:00:00.000Z;0.0880
2012-10-12T00:00:00.000Z;0.0980
2012-10-13T00:00:00.000Z;0.113
2012-10-14T00:00:00.000Z;0.109
2012-10-15T00:00:00.000Z;0.175
2012-10-16T00:00:00.000Z;0.148
2012-10-17T00:00:00.000Z;0.118
2012-10-18T00:00:00.000Z;0.103
2012-10-19T00:00:00.000Z;0.0990
2012-10-20T00:00:00.000Z;0.149
2012-10-21T00:00:00.000Z;0.204
2012-10-22T00:00:00.000Z;0.221
2012-10-23T00:00:00.000Z;0.205
2012-10-24T00:00:00.000Z;0.160
2012-10-25T00:00:00.000Z;0.139
2012-10-26T00:00:00.000Z;0.131
2012-10-27T00:00:00.000Z;0.141
2012-10-28T00:00:00.000Z;0.147
2012-10-29T00:00:00.000Z;0.165
2012-10-30T00:00:00.000Z;0.206
2012-10-31T00:00:00.000Z;0.207
2012-11-01T00:00:00.000Z;0.202
2012-11-02T00:00:00.000Z;0.194
2012-11-03T00:00:00.000Z;0.186
2012-11-04T00:00:00.000Z;0.181
2012-11-05T00:00:00.000Z;0.191
2012-11-06T00:00:00.000Z;0.196
2012-11-07T00:00:00.000Z;0.206
2012-11-08T00:00:00.000Z;0.215
2012-11-09T00:00:00.000Z;0.198
2012-11-10T00:00:00.000Z;0.179
2012-11-11T00:00:00.000Z;0.245
2012-11-12T00:00:00.000Z;0.281
2012-11-13T00:00:00.000Z;0.291
2012-11-14T00:00:00.000Z;0.291
2012-11-15T00:00:00.000Z;0.264
2012-11-16T00:00:00.000Z;0.225
2012-11-17T00:00:00.000Z;0.190
2012-11-18T00:00:00.000Z;0.180
2012-11-19T00:00:00.000Z;0.190
2012-11-20T00:00:00.000Z;0.195
2012-11-21T00:00:00.000Z;0.185
2012-11-22T00:00:00.000Z;0.180
2012-11-23T00:00:00.000Z;0.179
2012-11-24T00:00:00.000Z;0.175
2012-11-25T00:00:00.000Z;0.165
2012-11-26T00:00:00.000Z;0.183
2012-11-27T00:00:00.000Z;0.281
2012-11-28T00:00:00.000Z;0.389
2012-11-29T00:00:00.000Z;0.540
2012-11-30T00:00:00.000Z;0.538
2012-12-01T00:00:00.000Z;0.416
2012-12-02T00:00:00.000Z;0.327
2012-12-03T00:00:00.000Z;0.409
2012-12-04T00:00:00.000Z;0.771
2012-12-05T00:00:00.000Z;1.84
2012-12-06T00:00:00.000Z;2.51
2012-12-07T00:00:00.000Z;2.01
2012-12-09T00:00:00.000Z;1.33
2012-12-10T00:00:00.000Z;0.760
2012-12-11T00:00:00.000Z;0.462
2012-12-12T00:00:00.000Z;0.359
2012-12-13T00:00:00.000Z;0.322
2012-12-14T00:00:00.000Z;0.535
2012-12-15T00:00:00.000Z;0.804
2012-12-16T00:00:00.000Z;0.467
2012-12-17T00:00:00.000Z;0.383
2012-12-18T00:00:00.000Z;0.337
2012-12-19T00:00:00.000Z;0.299
2012-12-20T00:00:00.000Z;0.312
2012-12-21T00:00:00.000Z;0.290
2012-12-22T00:00:00.000Z;0.330
2012-12-23T00:00:00.000Z;0.307
2012-12-24T00:00:00.000Z;0.284
2012-12-25T00:00:00.000Z;0.262
2012-12-26T00:00:00.000Z;0.234
2012-12-27T00:00:00.000Z;0.214
2012-12-28T00:00:00.000Z;0.206
2012-12-29T00:00:00.000Z;0.202
2012-12-30T00:00:00.000Z;0.200
2012-12-31T00:00:00.000Z;0.201
2013-01-01T00:00:00.000Z;0.212
2013-01-02T00:00:00.000Z;0.370
2013-01-03T00:00:00.000Z;0.423
2013-01-04T00:00:00.000Z;0.335
2013-01-05T00:00:00.000Z;0.290
2013-01-06T00:00:00.000Z;0.258
2013-01-07T00:00:00.000Z;0.241
2013-01-08T00:00:00.000Z;0.224
2013-01-09T00:00:00.000Z;0.212
2013-01-10T00:00:00.000Z;0.202
2013-01-11T00:00:00.000Z;0.261
2013-01-12T00:00:00.000Z;0.293
2013-01-13T00:00:00.000Z;0.288
2013-01-14T00:00:00.000Z;0.432
2013-01-15T00:00:00.000Z;1.30
2013-01-22T00:00:00.000Z;0.870
2013-01-23T00:00:00.000Z;0.831
2013-01-24T00:00:00.000Z;1.04
2013-01-25T00:00:00.000Z;0.862
2013-01-30T00:00:00.000Z;1.46
2013-01-31T00:00:00.000Z;1.58
2013-02-01T00:00:00.000Z;1.30
2013-02-03T00:00:00.000Z;1.36
2013-02-04T00:00:00.000Z;1.14
2013-02-05T00:00:00.000Z;1.63
2013-02-07T00:00:00.000Z;1.11
2013-02-08T00:00:00.000Z;0.656
2013-02-09T00:00:00.000Z;0.606
2013-02-10T00:00:00.000Z;0.948
2013-02-11T00:00:00.000Z;1.35
2013-02-12T00:00:00.000Z;0.935
2013-02-13T00:00:00.000Z;0.835
2013-02-17T00:00:00.000Z;1.28
2013-02-18T00:00:00.000Z;1.10
2013-02-19T00:00:00.000Z;1.14
2013-02-20T00:00:00.000Z;1.11
2013-02-21T00:00:00.000Z;1.03
2013-02-22T00:00:00.000Z;1.01
2013-02-23T00:00:00.000Z;0.780
2013-02-24T00:00:00.000Z;0.501
2013-02-25T00:00:00.000Z;0.400
2013-02-26T00:00:00.000Z;0.346
2013-02-27T00:00:00.000Z;0.322
2013-02-28T00:00:00.000Z;0.350
2013-03-01T00:00:00.000Z;0.361
2013-03-02T00:00:00.000Z;0.378
2013-03-03T00:00:00.000Z;0.472
2013-03-04T00:00:00.000Z;0.614
2013-03-05T00:00:00.000Z;0.897
2013-03-06T00:00:00.000Z;1.17
2013-03-07T00:00:00.000Z;1.11
2013-03-08T00:00:00.000Z;1.25
2013-03-09T00:00:00.000Z;0.849
2013-03-10T00:00:00.000Z;0.633
2013-03-11T00:00:00.000Z;0.510
2013-03-12T00:00:00.000Z;0.458
2013-03-13T00:00:00.000Z;0.463
2013-03-14T00:00:00.000Z;0.380
2013-03-15T00:00:00.000Z;0.364
2013-03-16T00:00:00.000Z;0.491
2013-03-17T00:00:00.000Z;0.863
2013-03-18T00:00:00.000Z;1.34
2013-03-19T00:00:00.000Z;0.955
2013-03-20T00:00:00.000Z;0.733
2013-03-21T00:00:00.000Z;0.707
2013-03-22T00:00:00.000Z;0.595
2013-03-23T00:00:00.000Z;0.618
2013-03-24T00:00:00.000Z;0.522
2013-03-25T00:00:00.000Z;0.774
2013-03-26T00:00:00.000Z;1.23
2013-03-27T00:00:00.000Z;0.924
2013-03-28T00:00:00.000Z;0.700
2013-03-29T00:00:00.000Z;0.556
2013-03-30T00:00:00.000Z;1.74
2013-04-01T00:00:00.000Z;1.31
2013-04-02T00:00:00.000Z;0.699
2013-04-03T00:00:00.000Z;0.519
2013-04-04T00:00:00.000Z;0.459
2013-04-05T00:00:00.000Z;1.06
2013-04-06T00:00:00.000Z;0.618
2013-04-07T00:00:00.000Z;0.528
2013-04-08T00:00:00.000Z;0.678
2013-04-09T00:00:00.000Z;0.643
2013-04-10T00:00:00.000Z;0.569
2013-04-11T00:00:00.000Z;0.491
2013-04-12T00:00:00.000Z;0.429
2013-04-13T00:00:00.000Z;0.377
2013-04-14T00:00:00.000Z;0.359
2013-04-15T00:00:00.000Z;0.346
2013-04-16T00:00:00.000Z;0.326
2013-04-17T00:00:00.000Z;0.311
2013-04-18T00:00:00.000Z;0.281
2013-04-19T00:00:00.000Z;0.862
2013-04-20T00:00:00.000Z;1.14
2013-04-21T00:00:00.000Z;0.543
2013-04-22T00:00:00.000Z;0.366
2013-04-23T00:00:00.000Z;0.314
2013-04-24T00:00:00.000Z;0.288
2013-04-25T00:00:00.000Z;0.268
2013-04-26T00:00:00.000Z;0.255
2013-04-27T00:00:00.000Z;0.551
2013-04-28T00:00:00.000Z;1.27
2013-04-29T00:00:00.000Z;1.13
2013-04-30T00:00:00.000Z;1.60
2013-05-01T00:00:00.000Z;1.57
2013-05-02T00:00:00.000Z;1.04
2013-05-03T00:00:00.000Z;0.798
2013-05-04T00:00:00.000Z;0.657
2013-05-05T00:00:00.000Z;0.512
2013-05-06T00:00:00.000Z;0.400
2013-05-07T00:00:00.000Z;0.345
2013-05-08T00:00:00.000Z;0.318
2013-05-09T00:00:00.000Z;0.303
2013-05-10T00:00:00.000Z;0.979
2013-05-11T00:00:00.000Z;0.994
2013-05-12T00:00:00.000Z;0.480
2013-05-13T00:00:00.000Z;0.366
2013-05-14T00:00:00.000Z;0.330
2013-05-17T00:00:00.000Z;0.858
2013-05-18T00:00:00.000Z;0.521
2013-05-19T00:00:00.000Z;0.401
2013-05-20T00:00:00.000Z;0.369
2013-05-21T00:00:00.000Z;0.331
2013-05-22T00:00:00.000Z;0.735
2013-05-23T00:00:00.000Z;1.81
2013-05-24T00:00:00.000Z;0.868
2013-05-25T00:00:00.000Z;0.596
2013-05-26T00:00:00.000Z;0.480
2013-05-27T00:00:00.000Z;0.408
2013-05-28T00:00:00.000Z;0.461
2013-05-29T00:00:00.000Z;0.625
2013-06-02T00:00:00.000Z;1.33
2013-06-03T00:00:00.000Z;1.08
2013-06-04T00:00:00.000Z;0.725
2013-06-05T00:00:00.000Z;0.476
2013-06-06T00:00:00.000Z;0.379
2013-06-07T00:00:00.000Z;0.333
2013-06-08T00:00:00.000Z;0.320
2013-06-09T00:00:00.000Z;0.479
2013-06-10T00:00:00.000Z;0.706
2013-06-11T00:00:00.000Z;0.466
2013-06-12T00:00:00.000Z;0.342
2013-06-13T00:00:00.000Z;0.308
2013-06-14T00:00:00.000Z;0.299
2013-06-15T00:00:00.000Z;0.282
2013-06-16T00:00:00.000Z;0.261
2013-06-17T00:00:00.000Z;0.247
2013-06-18T00:00:00.000Z;1.03
2013-06-20T00:00:00.000Z;1.22
2013-06-21T00:00:00.000Z;0.648
2013-06-22T00:00:00.000Z;0.440
2013-06-23T00:00:00.000Z;0.367
2013-06-24T00:00:00.000Z;0.335
2013-06-25T00:00:00.000Z;0.307
2013-06-26T00:00:00.000Z;0.279
2013-06-27T00:00:00.000Z;0.252
2013-06-28T00:00:00.000Z;0.231
2013-06-29T00:00:00.000Z;0.217
2013-06-30T00:00:00.000Z;0.209
2013-07-01T00:00:00.000Z;0.204
2013-07-02T00:00:00.000Z;0.213
2013-07-03T00:00:00.000Z;0.198
2013-07-04T00:00:00.000Z;0.187
2013-07-05T00:00:00.000Z;0.181
2013-07-06T00:00:00.000Z;0.178
2013-07-07T00:00:00.000Z;0.175
2013-07-08T00:00:00.000Z;0.172
2013-07-09T00:00:00.000Z;0.170
2013-07-10T00:00:00.000Z;0.166
2013-07-11T00:00:00.000Z;0.162
2013-07-12T00:00:00.000Z;0.158
2013-07-13T00:00:00.000Z;0.157
2013-07-14T00:00:00.000Z;0.157
2013-07-15T00:00:00.000Z;0.147
2013-07-16T00:00:00.000Z;0.143
2013-07-17T00:00:00.000Z;0.144
2013-07-18T00:00:00.000Z;0.536
2013-07-19T00:00:00.000Z;0.926
2013-07-20T00:00:00.000Z;0.910
2013-07-21T00:00:00.000Z;0.855
2013-10-08T00:00:00.000Z;0.167
2013-10-09T00:00:00.000Z;0.147
2013-10-10T00:00:00.000Z;0.140
2013-10-11T00:00:00.000Z;0.193
2013-10-12T00:00:00.000Z;0.179
2013-10-13T00:00:00.000Z;0.150
2013-10-14T00:00:00.000Z;0.137
2013-10-15T00:00:00.000Z;0.130
2013-10-16T00:00:00.000Z;0.255
2013-10-17T00:00:00.000Z;0.356
2013-10-18T00:00:00.000Z;0.223
2013-10-19T00:00:00.000Z;0.182
2013-10-20T00:00:00.000Z;0.160
2013-10-21T00:00:00.000Z;0.149
2013-10-22T00:00:00.000Z;0.142
2013-10-23T00:00:00.000Z;0.136
2013-10-24T00:00:00.000Z;0.132
2013-10-25T00:00:00.000Z;0.129
2013-10-26T00:00:00.000Z;0.125
2013-10-27T00:00:00.000Z;0.123
2013-10-28T00:00:00.000Z;0.121
2013-10-29T00:00:00.000Z;0.123
2013-10-30T00:00:00.000Z;0.123
2013-10-31T00:00:00.000Z;0.121
2013-11-01T00:00:00.000Z;0.118
2013-11-02T00:00:00.000Z;0.116
2013-11-03T00:00:00.000Z;0.165
2013-11-04T00:00:00.000Z;0.285
2013-11-07T00:00:00.000Z;0.998
2013-11-08T00:00:00.000Z;0.403
2013-11-09T00:00:00.000Z;0.349
2013-11-16T00:00:00.000Z;1.61
2013-11-17T00:00:00.000Z;1.41
2013-11-23T00:00:00.000Z;1.28
2013-11-24T00:00:00.000Z;0.811
2013-11-25T00:00:00.000Z;0.647
2013-11-26T00:00:00.000Z;0.603
2013-11-27T00:00:00.000Z;0.558
2013-11-28T00:00:00.000Z;0.477
2013-11-29T00:00:00.000Z;0.444
2013-11-30T00:00:00.000Z;0.551
2013-12-01T00:00:00.000Z;0.732
2013-12-02T00:00:00.000Z;0.583
2013-12-03T00:00:00.000Z;0.498
2013-12-04T00:00:00.000Z;0.852
2013-12-05T00:00:00.000Z;0.914
2013-12-06T00:00:00.000Z;0.685
2013-12-07T00:00:00.000Z;0.579
2013-12-08T00:00:00.000Z;0.535
2013-12-09T00:00:00.000Z;0.558
2013-12-10T00:00:00.000Z;0.518
2013-12-11T00:00:00.000Z;0.510
2013-12-12T00:00:00.000Z;0.582
2013-12-13T00:00:00.000Z;0.443
2013-12-14T00:00:00.000Z;0.494
2013-12-15T00:00:00.000Z;0.449
2013-12-16T00:00:00.000Z;0.399
2013-12-17T00:00:00.000Z;0.370
2013-12-18T00:00:00.000Z;0.316
2013-12-19T00:00:00.000Z;0.388
2013-12-20T00:00:00.000Z;1.08
2013-12-21T00:00:00.000Z;0.660
2013-12-22T00:00:00.000Z;0.417
2013-12-23T00:00:00.000Z;0.344
2013-12-24T00:00:00.000Z;0.321
2013-12-25T00:00:00.000Z;0.356
2013-12-26T00:00:00.000Z;0.757
2013-12-27T00:00:00.000Z;1.25
2013-12-29T00:00:00.000Z;1.59
2013-12-30T00:00:00.000Z;0.649
2013-12-31T00:00:00.000Z;0.452
2014-01-01T00:00:00.000Z;0.390
2014-01-02T00:00:00.000Z;0.374
2014-01-03T00:00:00.000Z;0.425
2014-01-04T00:00:00.000Z;0.675
2014-01-05T00:00:00.000Z;1.12
2014-01-06T00:00:00.000Z;1.33
2014-01-07T00:00:00.000Z;0.661
2014-01-08T00:00:00.000Z;0.481
2014-01-09T00:00:00.000Z;0.393
2014-01-10T00:00:00.000Z;0.348
2014-01-11T00:00:00.000Z;0.306
2014-01-12T00:00:00.000Z;0.279
2014-01-13T00:00:00.000Z;0.268
2014-01-14T00:00:00.000Z;0.285
2014-01-15T00:00:00.000Z;0.681
2014-01-16T00:00:00.000Z;0.490
2014-01-17T00:00:00.000Z;0.382
2014-01-18T00:00:00.000Z;0.328
2014-01-19T00:00:00.000Z;0.289
2014-01-20T00:00:00.000Z;0.278
2014-01-21T00:00:00.000Z;0.403
2014-01-22T00:00:00.000Z;0.489
2014-01-23T00:00:00.000Z;1.04
2014-01-27T00:00:00.000Z;1.91
2014-01-28T00:00:00.000Z;1.66
2014-01-29T00:00:00.000Z;1.19
2014-01-30T00:00:00.000Z;0.789
2014-01-31T00:00:00.000Z;0.650
2014-02-01T00:00:00.000Z;1.14
2014-02-02T00:00:00.000Z;1.31
2014-02-03T00:00:00.000Z;0.769
2014-02-04T00:00:00.000Z;0.576
2014-02-05T00:00:00.000Z;0.535
2014-02-06T00:00:00.000Z;0.541
2014-02-07T00:00:00.000Z;0.599
2014-02-08T00:00:00.000Z;0.518
2014-02-09T00:00:00.000Z;0.539
2014-02-10T00:00:00.000Z;0.685
2014-02-11T00:00:00.000Z;1.28
2014-02-12T00:00:00.000Z;0.927
2014-02-13T00:00:00.000Z;0.799
2014-02-14T00:00:00.000Z;0.746
2014-02-15T00:00:00.000Z;0.639
2014-02-16T00:00:00.000Z;1.11
2014-02-17T00:00:00.000Z;0.724
2014-02-18T00:00:00.000Z;0.540
2014-02-19T00:00:00.000Z;0.426
2014-02-20T00:00:00.000Z;0.370
2014-02-21T00:00:00.000Z;0.378
2014-02-22T00:00:00.000Z;0.400
2014-02-23T00:00:00.000Z;0.355
2014-02-24T00:00:00.000Z;0.324
2014-02-25T00:00:00.000Z;0.291
2014-02-26T00:00:00.000Z;0.269
2014-02-27T00:00:00.000Z;0.253
2014-02-28T00:00:00.000Z;0.455
2014-03-01T00:00:00.000Z;0.845
2014-03-02T00:00:00.000Z;1.02
2014-03-07T00:00:00.000Z;1.19
2014-03-08T00:00:00.000Z;0.880
2014-03-09T00:00:00.000Z;0.572
2014-03-10T00:00:00.000Z;0.493
2014-03-11T00:00:00.000Z;0.420
2014-03-12T00:00:00.000Z;0.372
2014-03-13T00:00:00.000Z;0.338
2014-03-14T00:00:00.000Z;0.307
2014-03-15T00:00:00.000Z;0.284
2014-03-16T00:00:00.000Z;0.275
2014-03-17T00:00:00.000Z;0.272
2014-03-18T00:00:00.000Z;0.272
2014-03-19T00:00:00.000Z;0.257
2014-03-20T00:00:00.000Z;0.239
2014-03-21T00:00:00.000Z;0.233
2014-03-22T00:00:00.000Z;0.242
2014-03-23T00:00:00.000Z;0.373
2014-03-24T00:00:00.000Z;0.433
2014-03-26T00:00:00.000Z;1.93
2014-03-27T00:00:00.000Z;1.77
2014-03-28T00:00:00.000Z;1.17
2014-03-29T00:00:00.000Z;0.965
2014-03-30T00:00:00.000Z;0.736
2014-03-31T00:00:00.000Z;0.564
2014-04-01T00:00:00.000Z;0.449
2014-04-02T00:00:00.000Z;0.378
2014-04-03T00:00:00.000Z;0.616
2014-04-05T00:00:00.000Z;1.40
2014-04-06T00:00:00.000Z;0.675
2014-04-07T00:00:00.000Z;0.449
2014-04-08T00:00:00.000Z;0.601
2014-04-09T00:00:00.000Z;0.903
2014-04-10T00:00:00.000Z;0.532
2014-04-11T00:00:00.000Z;0.410
2014-04-12T00:00:00.000Z;0.355
2014-04-13T00:00:00.000Z;0.313
2014-04-14T00:00:00.000Z;0.292
2014-04-15T00:00:00.000Z;0.274
2014-04-16T00:00:00.000Z;0.254
2014-04-17T00:00:00.000Z;0.238
2014-04-18T00:00:00.000Z;0.228
2014-04-19T00:00:00.000Z;0.224
2014-04-20T00:00:00.000Z;0.222
2014-04-21T00:00:00.000Z;0.237
2014-04-22T00:00:00.000Z;0.659
2014-04-23T00:00:00.000Z;0.358
2014-04-24T00:00:00.000Z;0.485
2014-04-25T00:00:00.000Z;1.32
2014-04-26T00:00:00.000Z;0.682
2014-04-27T00:00:00.000Z;1.34
2014-04-28T00:00:00.000Z;0.894
2014-04-29T00:00:00.000Z;0.445
2014-04-30T00:00:00.000Z;0.408
2014-05-01T00:00:00.000Z;0.594
2014-05-02T00:00:00.000Z;1.07
2014-05-04T00:00:00.000Z;1.24
2014-05-05T00:00:00.000Z;0.581
2014-05-06T00:00:00.000Z;0.392
2014-05-07T00:00:00.000Z;0.328
2014-05-08T00:00:00.000Z;0.291
2014-05-09T00:00:00.000Z;0.262
2014-05-10T00:00:00.000Z;0.241
2014-05-11T00:00:00.000Z;0.232
2014-05-12T00:00:00.000Z;0.223
2014-05-13T00:00:00.000Z;0.389
2014-05-14T00:00:00.000Z;0.362
2014-05-15T00:00:00.000Z;0.277
2014-05-16T00:00:00.000Z;0.244
2014-05-17T00:00:00.000Z;0.225
2014-05-18T00:00:00.000Z;0.214
2014-05-19T00:00:00.000Z;0.206
2014-05-20T00:00:00.000Z;0.197
2014-05-21T00:00:00.000Z;0.189
2014-05-22T00:00:00.000Z;0.179
2014-05-23T00:00:00.000Z;0.170
2014-05-24T00:00:00.000Z;0.165
2014-05-25T00:00:00.000Z;0.161
2014-05-26T00:00:00.000Z;0.913
2014-05-27T00:00:00.000Z;0.627
2014-06-01T00:00:00.000Z;1.15
2014-06-02T00:00:00.000Z;0.544
2014-06-03T00:00:00.000Z;0.459
2014-06-04T00:00:00.000Z;0.387
2014-06-05T00:00:00.000Z;0.336
2014-06-06T00:00:00.000Z;0.292
2014-06-07T00:00:00.000Z;0.253
2014-06-08T00:00:00.000Z;0.230
2014-06-09T00:00:00.000Z;0.215
2014-06-10T00:00:00.000Z;0.205
2014-06-11T00:00:00.000Z;0.193
2014-06-12T00:00:00.000Z;0.184
2014-06-13T00:00:00.000Z;0.206
2014-06-14T00:00:00.000Z;0.237
2014-06-15T00:00:00.000Z;0.199
2014-06-16T00:00:00.000Z;0.184
2014-06-17T00:00:00.000Z;0.175
2014-06-18T00:00:00.000Z;0.166
2014-06-19T00:00:00.000Z;0.160
2014-06-20T00:00:00.000Z;0.155
2014-06-21T00:00:00.000Z;0.152
2014-06-22T00:00:00.000Z;0.149
2014-06-23T00:00:00.000Z;0.147
2014-06-24T00:00:00.000Z;0.435
2014-06-26T00:00:00.000Z;0.988
2014-06-27T00:00:00.000Z;0.641
2014-06-28T00:00:00.000Z;0.334
2014-06-29T00:00:00.000Z;0.415
2014-06-30T00:00:00.000Z;0.345
2014-07-01T00:00:00.000Z;0.261
2014-07-02T00:00:00.000Z;0.232
2014-07-03T00:00:00.000Z;0.216
2014-07-04T00:00:00.000Z;0.211
2014-07-05T00:00:00.000Z;0.197
2014-07-06T00:00:00.000Z;0.186
2014-07-07T00:00:00.000Z;0.243
2014-07-08T00:00:00.000Z;0.310
2014-07-09T00:00:00.000Z;0.261
2014-07-10T00:00:00.000Z;0.290
2014-07-11T00:00:00.000Z;0.229
2014-07-12T00:00:00.000Z;0.214
2014-07-13T00:00:00.000Z;0.225
2014-07-14T00:00:00.000Z;0.226
2014-07-15T00:00:00.000Z;0.235
2014-07-16T00:00:00.000Z;0.208
2014-07-17T00:00:00.000Z;0.184
2014-07-18T00:00:00.000Z;0.169
2014-07-19T00:00:00.000Z;0.162
2014-07-20T00:00:00.000Z;0.156
2014-07-21T00:00:00.000Z;0.160
2014-07-22T00:00:00.000Z;0.158
2014-07-23T00:00:00.000Z;0.151
2014-07-24T00:00:00.000Z;0.146
2014-07-25T00:00:00.000Z;0.205
2014-07-26T00:00:00.000Z;0.255
2014-07-27T00:00:00.000Z;0.190
2014-07-28T00:00:00.000Z;0.199
2014-07-30T00:00:00.000Z;0.805
2014-07-31T00:00:00.000Z;0.288
2014-08-01T00:00:00.000Z;0.266
2014-08-02T00:00:00.000Z;0.427
2014-08-03T00:00:00.000Z;0.325
2014-08-04T00:00:00.000Z;0.261
2014-08-05T00:00:00.000Z;0.244
2014-08-06T00:00:00.000Z;0.215
2014-08-07T00:00:00.000Z;0.195
2014-08-08T00:00:00.000Z;0.181
2014-08-09T00:00:00.000Z;0.175
2014-08-10T00:00:00.000Z;0.165
2014-08-11T00:00:00.000Z;0.161
2014-08-12T00:00:00.000Z;0.165
2014-08-13T00:00:00.000Z;0.211
2014-08-14T00:00:00.000Z;0.198
2014-08-15T00:00:00.000Z;0.168
2014-08-16T00:00:00.000Z;0.195
2014-08-17T00:00:00.000Z;0.206
2014-08-18T00:00:00.000Z;0.180
2014-08-19T00:00:00.000Z;0.199
2014-08-20T00:00:00.000Z;0.246
2014-08-21T00:00:00.000Z;0.222
2014-08-22T00:00:00.000Z;0.199
2014-08-23T00:00:00.000Z;0.208
2014-08-24T00:00:00.000Z;0.208
2014-08-25T00:00:00.000Z;0.183
2014-08-26T00:00:00.000Z;0.166
2014-08-27T00:00:00.000Z;0.156
2014-08-28T00:00:00.000Z;0.148
2014-08-29T00:00:00.000Z;0.143
2014-08-30T00:00:00.000Z;0.145
2014-08-31T00:00:00.000Z;0.164
2014-09-01T00:00:00.000Z;0.167
2014-09-02T00:00:00.000Z;0.151
2014-09-03T00:00:00.000Z;0.141
2014-09-04T00:00:00.000Z;0.136
2014-09-05T00:00:00.000Z;0.134
2014-09-06T00:00:00.000Z;0.134
2014-09-07T00:00:00.000Z;0.134
2014-09-08T00:00:00.000Z;0.137
2014-09-09T00:00:00.000Z;0.136
2014-09-10T00:00:00.000Z;0.136
2014-09-11T00:00:00.000Z;0.136
2014-09-12T00:00:00.000Z;0.136
2014-09-13T00:00:00.000Z;0.136
2014-09-14T00:00:00.000Z;0.137
2014-09-15T00:00:00.000Z;0.140
2014-09-16T00:00:00.000Z;0.141
2014-09-17T00:00:00.000Z;0.141
2014-09-18T00:00:00.000Z;0.142
2014-09-19T00:00:00.000Z;0.141
2014-09-20T00:00:00.000Z;0.140
2014-09-21T00:00:00.000Z;0.139
2014-09-22T00:00:00.000Z;0.138
2014-09-23T00:00:00.000Z;0.138
2014-09-24T00:00:00.000Z;0.138
2014-09-25T00:00:00.000Z;0.138
2014-09-26T00:00:00.000Z;0.136
2014-09-27T00:00:00.000Z;0.136
2014-09-28T00:00:00.000Z;0.135
2014-09-29T00:00:00.000Z;0.134
2014-09-30T00:00:00.000Z;0.134
2014-10-01T00:00:00.000Z;0.134
2014-10-02T00:00:00.000Z;0.134
2014-10-03T00:00:00.000Z;0.134
2014-10-04T00:00:00.000Z;0.133
2014-10-05T00:00:00.000Z;0.132
2014-10-06T00:00:00.000Z;0.132
2014-10-07T00:00:00.000Z;0.132
2014-10-08T00:00:00.000Z;0.131
2014-10-09T00:00:00.000Z;0.131
2014-10-10T00:00:00.000Z;0.131
2014-10-11T00:00:00.000Z;0.132
2014-10-12T00:00:00.000Z;0.131
2014-10-13T00:00:00.000Z;0.130
2014-10-14T00:00:00.000Z;0.130
2014-10-15T00:00:00.000Z;0.130
2014-10-16T00:00:00.000Z;0.129
2014-10-17T00:00:00.000Z;0.128
2014-10-18T00:00:00.000Z;0.127
2014-10-19T00:00:00.000Z;0.125
2014-10-20T00:00:00.000Z;0.124
2014-10-21T00:00:00.000Z;0.124
2014-10-22T00:00:00.000Z;0.124
2014-10-23T00:00:00.000Z;0.124
2014-10-24T00:00:00.000Z;0.124
2014-10-25T00:00:00.000Z;0.124
2014-10-26T00:00:00.000Z;0.124
2014-10-27T00:00:00.000Z;0.124
2014-10-28T00:00:00.000Z;0.124
2014-10-29T00:00:00.000Z;0.124
2014-10-30T00:00:00.000Z;0.124
2014-10-31T00:00:00.000Z;0.124
2014-11-01T00:00:00.000Z;0.124
2014-11-02T00:00:00.000Z;0.124
2014-11-03T00:00:00.000Z;0.124
2014-11-04T00:00:00.000Z;0.129
2014-11-05T00:00:00.000Z;0.131
2014-11-06T00:00:00.000Z;0.133
2014-11-07T00:00:00.000Z;0.132
2014-11-08T00:00:00.000Z;0.132
2014-11-09T00:00:00.000Z;0.133
2014-11-10T00:00:00.000Z;0.134
2014-11-11T00:00:00.000Z;0.133
2014-11-12T00:00:00.000Z;0.131
2014-11-13T00:00:00.000Z;0.128
2014-11-14T00:00:00.000Z;0.128
2014-11-15T00:00:00.000Z;0.130
2014-11-16T00:00:00.000Z;0.130
2014-11-17T00:00:00.000Z;0.186
2014-11-18T00:00:00.000Z;0.206
2014-11-19T00:00:00.000Z;0.151
2014-11-20T00:00:00.000Z;0.137
2014-11-21T00:00:00.000Z;0.130
2014-11-22T00:00:00.000Z;0.128
2014-11-23T00:00:00.000Z;0.127
2014-11-24T00:00:00.000Z;0.125
2014-11-25T00:00:00.000Z;0.124
2014-11-26T00:00:00.000Z;0.124
2014-11-27T00:00:00.000Z;0.127
2014-11-28T00:00:00.000Z;0.202
2014-11-29T00:00:00.000Z;0.203
2014-11-30T00:00:00.000Z;0.319
2014-12-02T00:00:00.000Z;0.734
2014-12-03T00:00:00.000Z;0.257
2014-12-04T00:00:00.000Z;0.190
2014-12-05T00:00:00.000Z;0.158
2014-12-06T00:00:00.000Z;0.144
2014-12-07T00:00:00.000Z;0.138
2014-12-08T00:00:00.000Z;0.435
2014-12-10T00:00:00.000Z;0.733
2014-12-12T00:00:00.000Z;1.11
2014-12-13T00:00:00.000Z;0.386
2014-12-14T00:00:00.000Z;0.280
2014-12-15T00:00:00.000Z;0.236
2014-12-18T00:00:00.000Z;1.49
2014-12-19T00:00:00.000Z;0.728
2014-12-20T00:00:00.000Z;0.505
2014-12-21T00:00:00.000Z;0.875
2014-12-22T00:00:00.000Z;0.533
2014-12-23T00:00:00.000Z;0.356
2014-12-24T00:00:00.000Z;0.287
2014-12-25T00:00:00.000Z;0.242
2014-12-26T00:00:00.000Z;0.227
2014-12-29T00:00:00.000Z;1.31
2014-12-30T00:00:00.000Z;0.562
2014-12-31T00:00:00.000Z;0.415
2015-01-01T00:00:00.000Z;0.369
2015-01-02T00:00:00.000Z;0.344
2015-01-03T00:00:00.000Z;0.391
2015-01-04T00:00:00.000Z;0.559
2015-01-05T00:00:00.000Z;0.562
2015-01-06T00:00:00.000Z;0.353
2015-01-07T00:00:00.000Z;0.293
2015-01-08T00:00:00.000Z;0.256
2015-01-09T00:00:00.000Z;0.228
2015-01-10T00:00:00.000Z;0.232
2015-01-11T00:00:00.000Z;0.297
2015-01-12T00:00:00.000Z;0.331
2015-01-13T00:00:00.000Z;0.263
2015-01-14T00:00:00.000Z;0.234
2015-01-15T00:00:00.000Z;0.221
2015-01-16T00:00:00.000Z;0.247
2015-01-17T00:00:00.000Z;0.392
2015-01-18T00:00:00.000Z;0.399
2015-01-19T00:00:00.000Z;0.314
2015-01-20T00:00:00.000Z;0.268
2015-01-21T00:00:00.000Z;0.241
2015-01-22T00:00:00.000Z;0.226
2015-01-23T00:00:00.000Z;0.219
2015-01-24T00:00:00.000Z;0.219
2015-01-25T00:00:00.000Z;0.329
2015-01-26T00:00:00.000Z;0.314
2015-01-27T00:00:00.000Z;0.516
2015-01-28T00:00:00.000Z;0.657
2015-01-29T00:00:00.000Z;0.574
2015-02-01T00:00:00.000Z;1.20
2015-02-02T00:00:00.000Z;0.792
2015-02-03T00:00:00.000Z;0.836
2015-02-04T00:00:00.000Z;0.558
2015-02-05T00:00:00.000Z;0.462
2015-02-06T00:00:00.000Z;0.423
2015-02-07T00:00:00.000Z;0.381
2015-02-08T00:00:00.000Z;0.345
2015-02-09T00:00:00.000Z;0.335
2015-02-10T00:00:00.000Z;0.438
2015-02-11T00:00:00.000Z;0.603
2015-02-12T00:00:00.000Z;0.617
2015-02-13T00:00:00.000Z;0.737
2015-02-14T00:00:00.000Z;0.969
2015-02-17T00:00:00.000Z;1.57
2015-02-18T00:00:00.000Z;1.50
2015-02-19T00:00:00.000Z;1.07
2015-02-20T00:00:00.000Z;0.815
2015-02-21T00:00:00.000Z;1.18
2015-02-22T00:00:00.000Z;1.07
2015-03-05T00:00:00.000Z;1.63
2015-03-06T00:00:00.000Z;1.13
2015-03-07T00:00:00.000Z;0.707
2015-03-08T00:00:00.000Z;0.665
2015-03-09T00:00:00.000Z;0.569
2015-03-10T00:00:00.000Z;0.512
2015-03-11T00:00:00.000Z;0.478
2015-03-12T00:00:00.000Z;0.465
2015-03-13T00:00:00.000Z;0.435
2015-03-14T00:00:00.000Z;0.385
2015-03-15T00:00:00.000Z;0.343
2015-03-16T00:00:00.000Z;0.389
2015-03-17T00:00:00.000Z;0.503
2015-03-18T00:00:00.000Z;0.523
2015-03-19T00:00:00.000Z;0.464
2015-03-20T00:00:00.000Z;0.432
2015-03-21T00:00:00.000Z;0.424
2015-03-24T00:00:00.000Z;1.06
2015-03-25T00:00:00.000Z;0.727
2015-03-26T00:00:00.000Z;0.873
2015-03-28T00:00:00.000Z;1.10
2015-03-29T00:00:00.000Z;1.04
2015-03-30T00:00:00.000Z;0.756
2015-03-31T00:00:00.000Z;0.526
2015-04-01T00:00:00.000Z;0.434
2015-04-02T00:00:00.000Z;0.386
2015-04-03T00:00:00.000Z;0.357
2015-04-04T00:00:00.000Z;0.342
2015-04-05T00:00:00.000Z;0.454
2015-04-06T00:00:00.000Z;0.520
2015-04-07T00:00:00.000Z;0.389
2015-04-08T00:00:00.000Z;0.335
2015-04-09T00:00:00.000Z;0.311
2015-04-10T00:00:00.000Z;0.289
2015-04-11T00:00:00.000Z;0.267
2015-04-12T00:00:00.000Z;0.253
2015-04-13T00:00:00.000Z;0.239
2015-04-14T00:00:00.000Z;0.233
2015-04-15T00:00:00.000Z;0.227
2015-04-16T00:00:00.000Z;0.230
2015-04-17T00:00:00.000Z;0.357
2015-04-18T00:00:00.000Z;0.475
2015-04-21T00:00:00.000Z;0.658
2015-04-22T00:00:00.000Z;0.442
2015-04-23T00:00:00.000Z;0.364
2015-04-24T00:00:00.000Z;0.322
2015-04-25T00:00:00.000Z;0.292
2015-04-26T00:00:00.000Z;0.273
2015-04-29T00:00:00.000Z;1.11
2015-04-30T00:00:00.000Z;0.523
2015-05-01T00:00:00.000Z;0.391
2015-05-02T00:00:00.000Z;0.349
2015-05-03T00:00:00.000Z;0.319
2015-05-04T00:00:00.000Z;0.289
2015-05-05T00:00:00.000Z;0.265
2015-05-06T00:00:00.000Z;0.245
2015-05-07T00:00:00.000Z;0.229
2015-05-08T00:00:00.000Z;0.220
2015-05-09T00:00:00.000Z;0.204
2015-05-10T00:00:00.000Z;0.196
2015-05-11T00:00:00.000Z;0.193
2015-05-12T00:00:00.000Z;0.186
2015-05-13T00:00:00.000Z;0.180
2015-05-14T00:00:00.000Z;0.178
2015-05-15T00:00:00.000Z;0.211
2015-05-16T00:00:00.000Z;0.276
2015-05-17T00:00:00.000Z;0.211
2015-05-18T00:00:00.000Z;0.193
2015-05-19T00:00:00.000Z;0.249
2015-05-20T00:00:00.000Z;0.402
2015-05-21T00:00:00.000Z;0.856
2015-05-22T00:00:00.000Z;0.452
2015-05-23T00:00:00.000Z;0.287
2015-05-24T00:00:00.000Z;0.243
2015-05-25T00:00:00.000Z;0.216
2015-05-26T00:00:00.000Z;0.205
2015-05-27T00:00:00.000Z;0.192
2015-05-28T00:00:00.000Z;0.183
2015-05-29T00:00:00.000Z;0.177
2015-05-30T00:00:00.000Z;0.173
2015-05-31T00:00:00.000Z;0.165
2015-06-01T00:00:00.000Z;0.160
2015-06-02T00:00:00.000Z;0.158
2015-06-03T00:00:00.000Z;0.154
2015-06-04T00:00:00.000Z;0.151
2015-06-07T00:00:00.000Z;0.588
2015-06-08T00:00:00.000Z;0.245
2015-06-09T00:00:00.000Z;0.216
2015-06-10T00:00:00.000Z;0.200
2015-06-11T00:00:00.000Z;0.184
2015-06-12T00:00:00.000Z;0.175
2015-06-13T00:00:00.000Z;0.167
2015-06-14T00:00:00.000Z;0.485
2015-06-15T00:00:00.000Z;0.340
2015-06-16T00:00:00.000Z;0.270
2015-06-17T00:00:00.000Z;0.724
2015-06-18T00:00:00.000Z;0.661
2015-06-19T00:00:00.000Z;0.290
2015-06-20T00:00:00.000Z;0.233
2015-06-21T00:00:00.000Z;0.210
2015-06-22T00:00:00.000Z;0.190
2015-06-23T00:00:00.000Z;0.179
2015-06-24T00:00:00.000Z;0.169
2015-06-25T00:00:00.000Z;0.158
2015-06-26T00:00:00.000Z;0.150
2015-06-27T00:00:00.000Z;0.148
2015-06-28T00:00:00.000Z;0.144
2015-06-29T00:00:00.000Z;0.140
2015-06-30T00:00:00.000Z;0.138
2015-07-01T00:00:00.000Z;0.135
2015-07-02T00:00:00.000Z;0.132
2015-07-03T00:00:00.000Z;0.130
2015-07-04T00:00:00.000Z;0.127
2015-07-05T00:00:00.000Z;0.126
2015-07-06T00:00:00.000Z;0.125
2015-07-07T00:00:00.000Z;0.124
2015-07-08T00:00:00.000Z;0.124
2015-07-09T00:00:00.000Z;0.123
2015-07-10T00:00:00.000Z;0.121
2015-07-11T00:00:00.000Z;0.121
2015-07-12T00:00:00.000Z;0.119
2015-07-13T00:00:00.000Z;0.117
2015-07-14T00:00:00.000Z;0.116
2015-07-15T00:00:00.000Z;0.115
2015-07-16T00:00:00.000Z;0.115
2015-07-17T00:00:00.000Z;0.115
2015-07-18T00:00:00.000Z;0.116
2015-07-19T00:00:00.000Z;0.120
2015-07-20T00:00:00.000Z;0.118
2015-07-21T00:00:00.000Z;0.119
2015-07-22T00:00:00.000Z;0.123
2015-07-23T00:00:00.000Z;0.130
2015-07-24T00:00:00.000Z;0.107
2015-07-25T00:00:00.000Z;0.0950
2015-07-26T00:00:00.000Z;0.0910
2015-07-27T00:00:00.000Z;0.0880
2015-07-28T00:00:00.000Z;0.0880
2015-07-29T00:00:00.000Z;0.0880
2015-07-30T00:00:00.000Z;0.190
2015-07-31T00:00:00.000Z;0.384
2015-08-01T00:00:00.000Z;0.445
2015-08-02T00:00:00.000Z;0.178
2015-08-03T00:00:00.000Z;0.124
2015-08-04T00:00:00.000Z;0.114
2015-08-05T00:00:00.000Z;0.111
2015-08-06T00:00:00.000Z;0.106
2015-08-07T00:00:00.000Z;0.101
2015-08-08T00:00:00.000Z;0.0960
2015-08-09T00:00:00.000Z;0.0990
2015-08-10T00:00:00.000Z;0.0990
2015-08-11T00:00:00.000Z;0.0970
2015-08-12T00:00:00.000Z;0.0930
2015-08-13T00:00:00.000Z;0.0930
2015-08-14T00:00:00.000Z;0.0930
2015-08-15T00:00:00.000Z;0.0920
2015-08-16T00:00:00.000Z;0.0910
2015-08-17T00:00:00.000Z;0.0900
2015-08-18T00:00:00.000Z;0.0890
2015-08-19T00:00:00.000Z;0.0880
2015-08-20T00:00:00.000Z;0.0870
2015-08-21T00:00:00.000Z;0.0850
2015-08-22T00:00:00.000Z;0.0840
2015-08-23T00:00:00.000Z;0.0840
2015-08-24T00:00:00.000Z;0.0850
2015-08-25T00:00:00.000Z;0.0860
2015-08-26T00:00:00.000Z;0.0850
2015-08-27T00:00:00.000Z;0.0850
2015-08-28T00:00:00.000Z;0.0830
2015-08-29T00:00:00.000Z;0.0810
2015-08-30T00:00:00.000Z;0.0800
2015-08-31T00:00:00.000Z;0.0810
2015-09-01T00:00:00.000Z;0.0850
2015-09-02T00:00:00.000Z;0.0860
2015-09-03T00:00:00.000Z;0.153
2015-09-04T00:00:00.000Z;0.301
2015-09-05T00:00:00.000Z;0.157
2015-09-06T00:00:00.000Z;0.118
2015-09-07T00:00:00.000Z;0.103
2015-09-08T00:00:00.000Z;0.0990
2015-09-09T00:00:00.000Z;0.0950
2015-09-10T00:00:00.000Z;0.0890
2015-09-11T00:00:00.000Z;0.0890
2015-09-12T00:00:00.000Z;0.0890
2015-09-13T00:00:00.000Z;0.0900
2015-09-14T00:00:00.000Z;0.0890
2015-09-15T00:00:00.000Z;0.0900
2015-09-16T00:00:00.000Z;0.0940
2015-09-17T00:00:00.000Z;0.314
2015-09-18T00:00:00.000Z;0.556
2015-09-19T00:00:00.000Z;0.219
2015-09-20T00:00:00.000Z;0.141
2015-09-21T00:00:00.000Z;0.127
2015-09-22T00:00:00.000Z;0.117
2015-09-23T00:00:00.000Z;0.149
2015-09-24T00:00:00.000Z;0.180
2015-09-25T00:00:00.000Z;0.139
2015-09-26T00:00:00.000Z;0.121
2015-09-27T00:00:00.000Z;0.113
2015-09-28T00:00:00.000Z;0.106
2015-09-29T00:00:00.000Z;0.0960
2015-09-30T00:00:00.000Z;0.104
2015-10-01T00:00:00.000Z;0.102
2015-10-02T00:00:00.000Z;0.203
2015-10-03T00:00:00.000Z;0.146
2015-10-04T00:00:00.000Z;0.122
2015-10-05T00:00:00.000Z;0.111
2015-10-06T00:00:00.000Z;0.106
2015-10-07T00:00:00.000Z;0.117
2015-10-08T00:00:00.000Z;0.141
2015-10-09T00:00:00.000Z;0.160
2015-10-10T00:00:00.000Z;0.138
2015-10-11T00:00:00.000Z;0.123
2015-10-12T00:00:00.000Z;0.113
2015-10-13T00:00:00.000Z;0.112
2015-10-14T00:00:00.000Z;0.171
2015-10-15T00:00:00.000Z;0.178
2015-10-16T00:00:00.000Z;0.142
2015-10-17T00:00:00.000Z;0.125
2015-10-18T00:00:00.000Z;0.116
2015-10-19T00:00:00.000Z;0.108
2015-10-20T00:00:00.000Z;0.104
2015-10-21T00:00:00.000Z;0.101
2015-10-22T00:00:00.000Z;0.0980
2015-10-23T00:00:00.000Z;0.0960
2015-10-24T00:00:00.000Z;0.0950
2015-10-25T00:00:00.000Z;0.0910
2015-10-26T00:00:00.000Z;0.0890
2015-10-27T00:00:00.000Z;0.0890
2015-10-28T00:00:00.000Z;0.0890
2015-10-29T00:00:00.000Z;0.0890
2015-10-30T00:00:00.000Z;0.0880
2015-10-31T00:00:00.000Z;0.0870
2015-11-01T00:00:00.000Z;0.0860
2015-11-02T00:00:00.000Z;0.0870
2015-11-03T00:00:00.000Z;0.145
2015-11-04T00:00:00.000Z;0.129
2015-11-05T00:00:00.000Z;0.112
2015-11-06T00:00:00.000Z;0.104
2015-11-07T00:00:00.000Z;0.100
2015-11-08T00:00:00.000Z;0.0970
2015-11-09T00:00:00.000Z;0.0940
2015-11-10T00:00:00.000Z;0.0920
2015-11-11T00:00:00.000Z;0.0920
2015-11-12T00:00:00.000Z;0.0910
2015-11-13T00:00:00.000Z;0.0890
2015-11-14T00:00:00.000Z;0.0870
2015-11-15T00:00:00.000Z;0.0860
2015-11-16T00:00:00.000Z;0.0850
2015-11-17T00:00:00.000Z;0.0840
2015-11-18T00:00:00.000Z;0.0830
2015-11-19T00:00:00.000Z;0.0820
2015-11-20T00:00:00.000Z;0.0810
2015-11-21T00:00:00.000Z;0.576
2015-11-22T00:00:00.000Z;0.765
2015-11-23T00:00:00.000Z;0.349
2015-11-24T00:00:00.000Z;0.221
2015-11-30T00:00:00.000Z;1.25
2015-12-01T00:00:00.000Z;0.709
2015-12-02T00:00:00.000Z;0.480
2015-12-03T00:00:00.000Z;0.398
2015-12-04T00:00:00.000Z;0.346
2015-12-05T00:00:00.000Z;0.308
2015-12-06T00:00:00.000Z;0.271
2015-12-07T00:00:00.000Z;0.245
2015-12-08T00:00:00.000Z;0.226
2015-12-09T00:00:00.000Z;0.239
2015-12-10T00:00:00.000Z;0.268
2015-12-11T00:00:00.000Z;0.250
2015-12-12T00:00:00.000Z;0.233
2015-12-13T00:00:00.000Z;0.220
2015-12-14T00:00:00.000Z;0.209
2015-12-15T00:00:00.000Z;0.196
2015-12-16T00:00:00.000Z;0.185
2015-12-17T00:00:00.000Z;0.158
2015-12-18T00:00:00.000Z;0.149
2015-12-19T00:00:00.000Z;0.146
2015-12-20T00:00:00.000Z;0.144
2015-12-21T00:00:00.000Z;0.140
2015-12-22T00:00:00.000Z;0.136
2015-12-23T00:00:00.000Z;0.132
2015-12-24T00:00:00.000Z;0.129
2015-12-25T00:00:00.000Z;0.127
2015-12-26T00:00:00.000Z;0.124
2015-12-27T00:00:00.000Z;0.122
2015-12-28T00:00:00.000Z;0.121
2015-12-29T00:00:00.000Z;0.119
2015-12-30T00:00:00.000Z;0.117
2015-12-31T00:00:00.000Z;0.115
2016-01-01T00:00:00.000Z;0.115
2016-01-02T00:00:00.000Z;0.139
2016-01-03T00:00:00.000Z;0.183
2016-01-04T00:00:00.000Z;0.805
2016-01-05T00:00:00.000Z;0.938
2016-01-06T00:00:00.000Z;0.721
2016-01-07T00:00:00.000Z;0.718
2016-01-08T00:00:00.000Z;0.472
2016-01-09T00:00:00.000Z;0.354
2016-01-10T00:00:00.000Z;0.290
2016-01-11T00:00:00.000Z;0.252
2016-01-12T00:00:00.000Z;0.225
2016-01-13T00:00:00.000Z;0.232
2016-01-14T00:00:00.000Z;0.461
2016-01-15T00:00:00.000Z;0.245
2016-01-16T00:00:00.000Z;0.0790
2016-01-17T00:00:00.000Z;0.0660
2016-01-18T00:00:00.000Z;0.133
2016-01-21T00:00:00.000Z;0.836
2016-01-22T00:00:00.000Z;0.436
2016-01-23T00:00:00.000Z;0.783
2016-01-24T00:00:00.000Z;0.568
2016-01-25T00:00:00.000Z;0.401
2016-01-26T00:00:00.000Z;0.314
2016-01-27T00:00:00.000Z;0.278
2016-01-28T00:00:00.000Z;0.248
2016-01-29T00:00:00.000Z;0.225
2016-01-30T00:00:00.000Z;0.218
2016-01-31T00:00:00.000Z;0.213
2016-02-01T00:00:00.000Z;0.211
2016-02-02T00:00:00.000Z;0.212
2016-02-03T00:00:00.000Z;0.391
2016-02-04T00:00:00.000Z;0.860
2016-02-05T00:00:00.000Z;0.458
2016-02-06T00:00:00.000Z;0.340
2016-02-07T00:00:00.000Z;0.387
2016-02-08T00:00:00.000Z;0.467
2016-02-09T00:00:00.000Z;0.568
2016-02-15T00:00:00.000Z;1.34
2016-02-16T00:00:00.000Z;0.832
2016-02-17T00:00:00.000Z;0.542
2016-02-18T00:00:00.000Z;0.467
2016-02-19T00:00:00.000Z;0.395
2016-02-20T00:00:00.000Z;0.349
2016-02-21T00:00:00.000Z;0.320
2016-02-22T00:00:00.000Z;0.351
2016-02-23T00:00:00.000Z;0.351
2016-02-24T00:00:00.000Z;0.311
2016-02-25T00:00:00.000Z;0.697
2016-02-26T00:00:00.000Z;0.697
2016-02-27T00:00:00.000Z;0.592
2016-02-28T00:00:00.000Z;1.08
2016-02-29T00:00:00.000Z;1.00
2016-03-01T00:00:00.000Z;0.570
2016-03-02T00:00:00.000Z;0.699
2016-03-03T00:00:00.000Z;1.74
2016-03-04T00:00:00.000Z;1.79
2016-03-05T00:00:00.000Z;1.77
2016-03-06T00:00:00.000Z;1.26
2016-03-07T00:00:00.000Z;0.862
2016-03-08T00:00:00.000Z;0.919
2016-03-09T00:00:00.000Z;1.03
2016-03-10T00:00:00.000Z;1.40
2016-03-11T00:00:00.000Z;1.19
2016-03-12T00:00:00.000Z;0.860
2016-03-13T00:00:00.000Z;0.671
2016-03-14T00:00:00.000Z;0.587
2016-03-15T00:00:00.000Z;0.510
2016-03-16T00:00:00.000Z;0.537
2016-03-17T00:00:00.000Z;0.593
2016-03-18T00:00:00.000Z;0.472
2016-03-19T00:00:00.000Z;0.451
2016-03-20T00:00:00.000Z;0.546
2016-03-21T00:00:00.000Z;0.577
2016-03-22T00:00:00.000Z;1.27
2016-03-23T00:00:00.000Z;0.695
2016-03-24T00:00:00.000Z;0.458
2016-03-25T00:00:00.000Z;0.396
2016-03-26T00:00:00.000Z;0.394
2016-03-27T00:00:00.000Z;0.415
2016-03-28T00:00:00.000Z;0.348
2016-03-29T00:00:00.000Z;0.323
2016-03-30T00:00:00.000Z;0.306
2016-03-31T00:00:00.000Z;0.290
2016-04-01T00:00:00.000Z;0.323
2016-04-02T00:00:00.000Z;0.453
2016-04-03T00:00:00.000Z;0.380
2016-04-04T00:00:00.000Z;0.317
2016-04-05T00:00:00.000Z;1.04
2016-04-06T00:00:00.000Z;1.16
2016-04-07T00:00:00.000Z;0.656
2016-04-08T00:00:00.000Z;0.505
2016-04-09T00:00:00.000Z;0.899
2016-04-10T00:00:00.000Z;0.817
2016-04-11T00:00:00.000Z;0.906
2016-04-12T00:00:00.000Z;0.678
2016-04-13T00:00:00.000Z;0.445
2016-04-14T00:00:00.000Z;0.357
2016-04-15T00:00:00.000Z;0.313
2016-04-16T00:00:00.000Z;0.283
2016-04-17T00:00:00.000Z;0.258
2016-04-18T00:00:00.000Z;0.254
2016-04-19T00:00:00.000Z;0.277
2016-04-20T00:00:00.000Z;0.260
2016-04-21T00:00:00.000Z;0.295
2016-04-22T00:00:00.000Z;0.588
2016-04-23T00:00:00.000Z;0.395
2016-04-24T00:00:00.000Z;0.635
2016-04-25T00:00:00.000Z;0.545
2016-04-26T00:00:00.000Z;0.367
2016-04-27T00:00:00.000Z;0.302
2016-04-28T00:00:00.000Z;0.267
2016-04-29T00:00:00.000Z;0.240
2016-04-30T00:00:00.000Z;0.222
2016-05-01T00:00:00.000Z;0.206
2016-05-02T00:00:00.000Z;0.197
2016-05-03T00:00:00.000Z;0.192
2016-05-04T00:00:00.000Z;0.186
2016-05-05T00:00:00.000Z;0.181
2016-05-06T00:00:00.000Z;0.175
2016-05-07T00:00:00.000Z;0.166
2016-05-08T00:00:00.000Z;0.159
2016-05-09T00:00:00.000Z;0.152
2016-05-10T00:00:00.000Z;0.147
2016-05-12T00:00:00.000Z;1.40
2016-05-13T00:00:00.000Z;0.973
2016-05-14T00:00:00.000Z;0.559
2016-05-15T00:00:00.000Z;0.487
2016-05-16T00:00:00.000Z;0.476
2016-05-17T00:00:00.000Z;0.364
2016-05-18T00:00:00.000Z;0.290
2016-05-19T00:00:00.000Z;0.234
2016-05-20T00:00:00.000Z;0.201
2016-05-21T00:00:00.000Z;0.180
2016-05-22T00:00:00.000Z;0.177
2016-05-23T00:00:00.000Z;0.167
2016-05-24T00:00:00.000Z;0.155
2016-05-25T00:00:00.000Z;0.145
2016-05-26T00:00:00.000Z;0.138
2016-05-27T00:00:00.000Z;0.133
2016-05-28T00:00:00.000Z;0.133
2016-05-29T00:00:00.000Z;0.134
2016-05-30T00:00:00.000Z;0.139
2016-05-31T00:00:00.000Z;0.141
2016-06-01T00:00:00.000Z;0.142
2016-06-02T00:00:00.000Z;0.144
2016-06-03T00:00:00.000Z;0.145
2016-06-04T00:00:00.000Z;0.147
2016-06-05T00:00:00.000Z;0.150
2016-06-06T00:00:00.000Z;0.154
2016-06-07T00:00:00.000Z;0.138
2016-06-08T00:00:00.000Z;0.138
2016-06-09T00:00:00.000Z;0.144
2016-06-10T00:00:00.000Z;0.148
2016-06-11T00:00:00.000Z;0.147
2016-06-12T00:00:00.000Z;0.145
2016-06-13T00:00:00.000Z;0.146
2016-06-14T00:00:00.000Z;0.150
2016-06-15T00:00:00.000Z;0.151
2016-06-16T00:00:00.000Z;0.146
2016-06-17T00:00:00.000Z;0.143
2016-06-18T00:00:00.000Z;0.159
2016-06-19T00:00:00.000Z;0.148
2016-06-20T00:00:00.000Z;0.137
2016-06-21T00:00:00.000Z;0.142
2016-06-22T00:00:00.000Z;0.147
2016-06-23T00:00:00.000Z;0.152
2016-06-24T00:00:00.000Z;0.156
2016-06-25T00:00:00.000Z;0.157
2016-06-26T00:00:00.000Z;0.156
2016-06-27T00:00:00.000Z;0.152
2016-06-28T00:00:00.000Z;0.155
2016-06-29T00:00:00.000Z;0.158
2016-06-30T00:00:00.000Z;0.158
2016-07-01T00:00:00.000Z;0.156
2016-07-02T00:00:00.000Z;0.152
2016-07-03T00:00:00.000Z;0.206
2016-07-04T00:00:00.000Z;0.160
2016-07-05T00:00:00.000Z;0.217
2016-07-06T00:00:00.000Z;0.235
2016-07-07T00:00:00.000Z;0.172
2016-07-08T00:00:00.000Z;0.144
2016-07-09T00:00:00.000Z;0.141
2016-07-10T00:00:00.000Z;0.145
2016-07-11T00:00:00.000Z;0.147
2016-07-12T00:00:00.000Z;0.198
2016-07-13T00:00:00.000Z;0.256
2016-07-14T00:00:00.000Z;0.197
2016-07-15T00:00:00.000Z;0.147
2016-07-16T00:00:00.000Z;0.139
2016-07-17T00:00:00.000Z;0.144
2016-07-18T00:00:00.000Z;0.145
2016-07-19T00:00:00.000Z;0.142
2016-07-20T00:00:00.000Z;0.140
2016-07-21T00:00:00.000Z;0.138
2016-07-22T00:00:00.000Z;0.138
2016-07-23T00:00:00.000Z;0.138
2016-07-24T00:00:00.000Z;0.137
2016-07-25T00:00:00.000Z;0.134
2016-07-26T00:00:00.000Z;0.132
2016-07-27T00:00:00.000Z;0.132
2016-07-28T00:00:00.000Z;0.131
2016-07-29T00:00:00.000Z;0.130
2016-07-30T00:00:00.000Z;0.130
2016-07-31T00:00:00.000Z;0.130
2016-08-01T00:00:00.000Z;0.130
2016-08-02T00:00:00.000Z;0.130
2016-08-03T00:00:00.000Z;0.130
2016-08-04T00:00:00.000Z;0.130
2016-08-05T00:00:00.000Z;0.104
2016-08-06T00:00:00.000Z;0.151
2016-08-07T00:00:00.000Z;0.140
2016-08-08T00:00:00.000Z;0.136
2016-08-09T00:00:00.000Z;0.134
2016-08-10T00:00:00.000Z;0.134
2016-08-11T00:00:00.000Z;0.134
2016-08-12T00:00:00.000Z;0.133
2016-08-13T00:00:00.000Z;0.130
2016-08-14T00:00:00.000Z;0.129
2016-08-15T00:00:00.000Z;0.127
2016-08-16T00:00:00.000Z;0.127
2016-08-17T00:00:00.000Z;0.126
2016-08-18T00:00:00.000Z;0.126
2016-08-19T00:00:00.000Z;0.127
2016-08-20T00:00:00.000Z;0.127
2016-08-21T00:00:00.000Z;0.128
2016-08-22T00:00:00.000Z;0.128
2016-08-23T00:00:00.000Z;0.126
2016-08-24T00:00:00.000Z;0.125
2016-08-25T00:00:00.000Z;0.124
2016-08-26T00:00:00.000Z;0.123
2016-08-27T00:00:00.000Z;0.122
2016-08-28T00:00:00.000Z;0.120
2016-08-29T00:00:00.000Z;0.121
2016-08-30T00:00:00.000Z;0.124
2016-08-31T00:00:00.000Z;0.123
2016-09-01T00:00:00.000Z;0.122
2016-09-02T00:00:00.000Z;0.122
2016-09-03T00:00:00.000Z;0.121
2016-09-04T00:00:00.000Z;0.120
2016-09-05T00:00:00.000Z;0.119
2016-09-06T00:00:00.000Z;0.120
2016-09-07T00:00:00.000Z;0.120
2016-09-08T00:00:00.000Z;0.120
2016-09-09T00:00:00.000Z;0.120
2016-09-10T00:00:00.000Z;0.120
2016-09-11T00:00:00.000Z;0.119
2016-09-12T00:00:00.000Z;0.119
2016-09-13T00:00:00.000Z;0.118
2016-09-14T00:00:00.000Z;0.135
2016-09-15T00:00:00.000Z;0.150
2016-09-16T00:00:00.000Z;0.130
2016-09-17T00:00:00.000Z;0.104
2016-09-18T00:00:00.000Z;0.104
2016-09-19T00:00:00.000Z;0.118
2016-09-20T00:00:00.000Z;0.156
2016-09-21T00:00:00.000Z;0.144
2016-09-22T00:00:00.000Z;0.136
2016-09-23T00:00:00.000Z;0.131
2016-09-24T00:00:00.000Z;0.128
2016-09-25T00:00:00.000Z;0.124
2016-09-26T00:00:00.000Z;0.124
2016-09-27T00:00:00.000Z;0.123
2016-09-28T00:00:00.000Z;0.122
2016-09-29T00:00:00.000Z;0.122
2016-09-30T00:00:00.000Z;0.120
2016-10-01T00:00:00.000Z;0.120
2016-10-02T00:00:00.000Z;0.120
2016-10-03T00:00:00.000Z;0.120
2016-10-04T00:00:00.000Z;0.120
2016-10-05T00:00:00.000Z;0.107
2016-10-06T00:00:00.000Z;0.0910
2016-10-07T00:00:00.000Z;0.0910
2016-10-08T00:00:00.000Z;0.0890
2016-10-09T00:00:00.000Z;0.0890
2016-10-10T00:00:00.000Z;0.0890
2016-10-11T00:00:00.000Z;0.0890
2016-10-12T00:00:00.000Z;0.0890
2016-10-13T00:00:00.000Z;0.0880
2016-10-14T00:00:00.000Z;0.0700
2016-10-15T00:00:00.000Z;0.103
2016-10-16T00:00:00.000Z;0.110
2016-10-17T00:00:00.000Z;0.0990
2016-10-18T00:00:00.000Z;0.0980
2016-10-19T00:00:00.000Z;0.102
2016-10-20T00:00:00.000Z;0.101
2016-10-21T00:00:00.000Z;0.0990
2016-10-22T00:00:00.000Z;0.0960
2016-10-23T00:00:00.000Z;0.0950
2016-10-24T00:00:00.000Z;0.0930
2016-10-25T00:00:00.000Z;0.0870
2016-10-26T00:00:00.000Z;0.119
2016-10-27T00:00:00.000Z;0.112
2016-10-28T00:00:00.000Z;0.103
2016-10-29T00:00:00.000Z;0.0990
2016-10-30T00:00:00.000Z;0.0960
2016-10-31T00:00:00.000Z;0.0940
2016-11-01T00:00:00.000Z;0.0930
2016-11-02T00:00:00.000Z;0.0910
2016-11-03T00:00:00.000Z;0.0910
2016-11-04T00:00:00.000Z;0.0890
2017-01-25T00:00:00.000Z;0.231
2017-01-26T00:00:00.000Z;0.224
2017-01-27T00:00:00.000Z;0.210
2017-01-28T00:00:00.000Z;0.208
2017-01-29T00:00:00.000Z;0.210
2017-01-30T00:00:00.000Z;0.210
2017-01-31T00:00:00.000Z;0.215
2017-02-01T00:00:00.000Z;0.218
2017-02-02T00:00:00.000Z;0.222
2017-02-03T00:00:00.000Z;0.222
2017-02-04T00:00:00.000Z;0.222
2017-02-05T00:00:00.000Z;0.223
2017-02-06T00:00:00.000Z;0.240
2017-02-07T00:00:00.000Z;0.296
2017-02-08T00:00:00.000Z;0.356
2017-02-09T00:00:00.000Z;0.366
2017-02-10T00:00:00.000Z;0.368
2017-02-11T00:00:00.000Z;0.376
2017-02-12T00:00:00.000Z;0.377
2017-02-13T00:00:00.000Z;0.374
2017-02-14T00:00:00.000Z;0.373
2017-02-15T00:00:00.000Z;0.375
2017-02-16T00:00:00.000Z;0.367
2017-02-17T00:00:00.000Z;0.322
2017-02-18T00:00:00.000Z;0.272
2017-02-19T00:00:00.000Z;0.240
2017-02-20T00:00:00.000Z;0.222
2017-02-21T00:00:00.000Z;0.210
2017-02-22T00:00:00.000Z;0.201
2017-02-23T00:00:00.000Z;0.199
2017-02-24T00:00:00.000Z;0.205
2017-02-25T00:00:00.000Z;0.195
2017-02-26T00:00:00.000Z;0.183
2017-02-27T00:00:00.000Z;0.179
2017-02-28T00:00:00.000Z;0.178
2017-03-01T00:00:00.000Z;0.188
2017-03-02T00:00:00.000Z;0.185
2017-03-03T00:00:00.000Z;0.186
2017-03-04T00:00:00.000Z;0.713
2017-03-05T00:00:00.000Z;0.733
2017-03-06T00:00:00.000Z;0.893
2017-03-07T00:00:00.000Z;0.654
2017-03-08T00:00:00.000Z;1.47
2017-03-09T00:00:00.000Z;0.671
2017-03-10T00:00:00.000Z;0.413
2017-03-11T00:00:00.000Z;0.323
2017-03-12T00:00:00.000Z;0.284
2017-03-13T00:00:00.000Z;0.255
2017-03-14T00:00:00.000Z;0.240
2017-03-15T00:00:00.000Z;0.232
2017-03-16T00:00:00.000Z;0.224
2017-03-17T00:00:00.000Z;0.212
2017-03-18T00:00:00.000Z;0.203
2017-03-19T00:00:00.000Z;0.193
2017-03-20T00:00:00.000Z;0.188
2017-03-21T00:00:00.000Z;0.184
2017-03-22T00:00:00.000Z;0.194
2017-03-23T00:00:00.000Z;0.305
2017-03-24T00:00:00.000Z;0.494
2017-03-25T00:00:00.000Z;0.603
2017-03-26T00:00:00.000Z;0.765
2017-03-27T00:00:00.000Z;0.518
2017-03-28T00:00:00.000Z;0.349
2017-03-29T00:00:00.000Z;0.279
2017-03-30T00:00:00.000Z;0.245
2017-03-31T00:00:00.000Z;0.227
2017-04-01T00:00:00.000Z;0.223
2017-04-02T00:00:00.000Z;0.649
2017-04-03T00:00:00.000Z;0.785
2017-04-04T00:00:00.000Z;0.455
2017-04-05T00:00:00.000Z;0.338
2017-04-06T00:00:00.000Z;0.297
2017-04-07T00:00:00.000Z;0.277
2017-04-08T00:00:00.000Z;0.253
2017-04-09T00:00:00.000Z;0.232
2017-04-10T00:00:00.000Z;0.211
2017-04-11T00:00:00.000Z;0.204
2017-04-12T00:00:00.000Z;0.196
2017-04-13T00:00:00.000Z;0.190
2017-04-14T00:00:00.000Z;0.181
2017-04-15T00:00:00.000Z;0.175
2017-04-16T00:00:00.000Z;0.167
2017-04-17T00:00:00.000Z;0.162
2017-04-18T00:00:00.000Z;0.159
2017-04-19T00:00:00.000Z;0.154
2017-04-20T00:00:00.000Z;0.147
2017-04-21T00:00:00.000Z;0.143
2017-04-22T00:00:00.000Z;0.140
2017-04-23T00:00:00.000Z;0.139
2017-04-24T00:00:00.000Z;0.137
2017-04-25T00:00:00.000Z;0.138
2017-04-26T00:00:00.000Z;0.142
2017-04-27T00:00:00.000Z;0.155
2017-04-28T00:00:00.000Z;0.170
2017-04-29T00:00:00.000Z;0.183
2017-04-30T00:00:00.000Z;0.188
2017-05-01T00:00:00.000Z;0.181
2017-05-02T00:00:00.000Z;0.185
2017-05-03T00:00:00.000Z;0.225
2017-05-04T00:00:00.000Z;0.218
2017-05-05T00:00:00.000Z;0.193
2017-05-06T00:00:00.000Z;0.179
2017-05-07T00:00:00.000Z;0.173
2017-05-08T00:00:00.000Z;0.163
2017-05-09T00:00:00.000Z;0.156
2017-05-10T00:00:00.000Z;0.152
2017-05-11T00:00:00.000Z;0.150
2017-05-12T00:00:00.000Z;0.150
2017-05-13T00:00:00.000Z;0.143
2017-05-14T00:00:00.000Z;0.136
2017-05-15T00:00:00.000Z;0.131
2017-05-16T00:00:00.000Z;0.128
2017-05-17T00:00:00.000Z;0.128
2017-05-18T00:00:00.000Z;0.157
2017-05-19T00:00:00.000Z;0.316
2017-05-20T00:00:00.000Z;0.189
2017-05-21T00:00:00.000Z;0.159
2017-05-22T00:00:00.000Z;0.155
2017-05-23T00:00:00.000Z;0.195
2017-05-24T00:00:00.000Z;0.150
2017-05-25T00:00:00.000Z;0.133
2017-05-26T00:00:00.000Z;0.125
2017-05-27T00:00:00.000Z;0.119
2017-05-28T00:00:00.000Z;0.117
2017-05-29T00:00:00.000Z;0.115
2017-05-30T00:00:00.000Z;0.348
2017-06-01T00:00:00.000Z;0.828
2017-06-02T00:00:00.000Z;0.301
2017-06-03T00:00:00.000Z;0.718
2017-06-05T00:00:00.000Z;0.437
2017-06-07T00:00:00.000Z;0.869
2017-06-08T00:00:00.000Z;0.522
2017-06-09T00:00:00.000Z;0.285
2017-06-10T00:00:00.000Z;0.231
2017-06-11T00:00:00.000Z;0.198
2017-06-12T00:00:00.000Z;0.182
2017-06-13T00:00:00.000Z;0.166
2017-06-14T00:00:00.000Z;0.155
2017-06-15T00:00:00.000Z;0.149
2017-06-16T00:00:00.000Z;0.140
2017-06-17T00:00:00.000Z;0.133
2017-06-18T00:00:00.000Z;0.129
2017-06-19T00:00:00.000Z;0.125
2017-06-20T00:00:00.000Z;0.123
2017-06-21T00:00:00.000Z;0.119
2017-06-22T00:00:00.000Z;0.117
2017-06-23T00:00:00.000Z;0.117
2017-06-24T00:00:00.000Z;0.117
2017-06-25T00:00:00.000Z;0.116
2017-06-26T00:00:00.000Z;0.116
2017-06-27T00:00:00.000Z;0.123
2017-06-28T00:00:00.000Z;0.216
2017-06-29T00:00:00.000Z;0.325
2017-06-30T00:00:00.000Z;0.214
2017-07-01T00:00:00.000Z;0.163
2017-07-02T00:00:00.000Z;0.242
2017-07-03T00:00:00.000Z;0.188
2017-07-04T00:00:00.000Z;0.153
2017-07-05T00:00:00.000Z;0.137
2017-07-06T00:00:00.000Z;0.128
2017-07-07T00:00:00.000Z;0.121
2017-07-08T00:00:00.000Z;0.117
2017-07-09T00:00:00.000Z;0.115
2017-07-10T00:00:00.000Z;0.133
2017-07-11T00:00:00.000Z;0.147
2017-07-12T00:00:00.000Z;0.142
2017-07-13T00:00:00.000Z;0.126
2017-07-14T00:00:00.000Z;0.121
2017-07-15T00:00:00.000Z;0.124
2017-07-16T00:00:00.000Z;0.119
2017-07-17T00:00:00.000Z;0.114
2017-07-18T00:00:00.000Z;0.111
2017-07-19T00:00:00.000Z;0.107
2017-07-20T00:00:00.000Z;0.107
2017-07-21T00:00:00.000Z;0.210
2017-07-22T00:00:00.000Z;0.215
2017-07-23T00:00:00.000Z;0.164
2017-07-24T00:00:00.000Z;0.179
2017-07-25T00:00:00.000Z;0.244
2017-07-26T00:00:00.000Z;0.186
2017-07-27T00:00:00.000Z;0.152
2017-07-28T00:00:00.000Z;0.136
2017-07-29T00:00:00.000Z;0.129
2017-07-30T00:00:00.000Z;0.124
2017-07-31T00:00:00.000Z;0.122
2017-08-01T00:00:00.000Z;0.127
2017-08-02T00:00:00.000Z;0.130
2017-08-03T00:00:00.000Z;0.123
2017-08-04T00:00:00.000Z;0.118
2017-08-05T00:00:00.000Z;0.118
2017-08-06T00:00:00.000Z;0.180
2017-08-07T00:00:00.000Z;0.181
2017-08-08T00:00:00.000Z;0.154
2017-08-09T00:00:00.000Z;0.143
2017-08-10T00:00:00.000Z;0.133
2017-08-11T00:00:00.000Z;0.127
2017-08-12T00:00:00.000Z;0.123
2017-08-13T00:00:00.000Z;0.118
2017-08-14T00:00:00.000Z;0.112
2017-08-15T00:00:00.000Z;0.107
2017-08-16T00:00:00.000Z;0.107
2017-08-17T00:00:00.000Z;0.109
2017-08-18T00:00:00.000Z;0.106
2017-08-19T00:00:00.000Z;0.113
2017-08-20T00:00:00.000Z;0.125
2017-08-21T00:00:00.000Z;0.115
2017-08-22T00:00:00.000Z;0.106
2017-08-23T00:00:00.000Z;0.132
2017-08-24T00:00:00.000Z;0.125
2017-08-25T00:00:00.000Z;0.118
2017-08-26T00:00:00.000Z;0.111
2017-08-27T00:00:00.000Z;0.106
2017-08-28T00:00:00.000Z;0.103
2017-08-29T00:00:00.000Z;0.103
2017-08-30T00:00:00.000Z;0.102
2017-08-31T00:00:00.000Z;0.115
2017-09-01T00:00:00.000Z;0.122
2017-09-02T00:00:00.000Z;0.111
2017-09-03T00:00:00.000Z;0.109
2017-09-04T00:00:00.000Z;0.110
2017-09-05T00:00:00.000Z;0.111
2017-09-06T00:00:00.000Z;0.114
2017-09-07T00:00:00.000Z;0.122
2017-09-08T00:00:00.000Z;0.124
2017-09-09T00:00:00.000Z;0.128
2017-09-10T00:00:00.000Z;0.149
2017-09-11T00:00:00.000Z;0.267
2017-09-12T00:00:00.000Z;0.444
2017-09-13T00:00:00.000Z;0.285
2017-09-14T00:00:00.000Z;0.205
2017-09-15T00:00:00.000Z;0.390
2017-09-16T00:00:00.000Z;0.334
2017-09-17T00:00:00.000Z;0.226
2017-09-18T00:00:00.000Z;0.203
2017-09-19T00:00:00.000Z;0.259
2017-09-20T00:00:00.000Z;0.230
2017-09-21T00:00:00.000Z;0.194
2017-09-22T00:00:00.000Z;0.178
2017-09-23T00:00:00.000Z;0.170
2017-09-24T00:00:00.000Z;0.162
2017-09-25T00:00:00.000Z;0.158
2017-09-26T00:00:00.000Z;0.158
2017-09-27T00:00:00.000Z;0.155
2017-09-28T00:00:00.000Z;0.148
2017-09-29T00:00:00.000Z;0.143
2017-09-30T00:00:00.000Z;0.140
2017-10-01T00:00:00.000Z;0.188
2017-10-02T00:00:00.000Z;0.204
2017-10-03T00:00:00.000Z;0.179
2017-10-04T00:00:00.000Z;0.202
2017-10-05T00:00:00.000Z;0.176
2017-10-06T00:00:00.000Z;0.157
2017-10-07T00:00:00.000Z;0.146
2017-10-08T00:00:00.000Z;0.139
2017-10-09T00:00:00.000Z;0.133
2017-10-10T00:00:00.000Z;0.129
2017-10-11T00:00:00.000Z;0.126
2017-10-12T00:00:00.000Z;0.120
2017-10-13T00:00:00.000Z;0.116
2017-10-14T00:00:00.000Z;0.116
2017-10-15T00:00:00.000Z;0.113
2017-10-16T00:00:00.000Z;0.112
2017-10-17T00:00:00.000Z;0.110
2017-10-18T00:00:00.000Z;0.115
2017-10-19T00:00:00.000Z;0.136
2017-10-20T00:00:00.000Z;0.130
2017-10-21T00:00:00.000Z;0.125
2017-10-22T00:00:00.000Z;0.127
2017-10-23T00:00:00.000Z;0.131
2017-10-24T00:00:00.000Z;0.128
2017-10-25T00:00:00.000Z;0.124
2017-10-26T00:00:00.000Z;0.120
2017-10-27T00:00:00.000Z;0.117
2017-10-28T00:00:00.000Z;0.120
2017-10-29T00:00:00.000Z;0.118
2017-10-30T00:00:00.000Z;0.119
2017-10-31T00:00:00.000Z;0.131
2017-11-01T00:00:00.000Z;0.133
2017-11-02T00:00:00.000Z;0.128
2017-11-03T00:00:00.000Z;0.124
2017-11-04T00:00:00.000Z;0.132
2017-11-05T00:00:00.000Z;1.02
2017-11-07T00:00:00.000Z;0.696
2017-11-08T00:00:00.000Z;0.369
2017-11-10T00:00:00.000Z;1.32
2017-11-11T00:00:00.000Z;1.25
2017-11-12T00:00:00.000Z;1.11
2017-11-13T00:00:00.000Z;1.25
2017-11-14T00:00:00.000Z;0.671
2017-11-15T00:00:00.000Z;0.349
2017-11-16T00:00:00.000Z;0.247
2017-11-17T00:00:00.000Z;0.207
2017-11-18T00:00:00.000Z;0.181
2017-11-19T00:00:00.000Z;0.159
2017-11-20T00:00:00.000Z;0.143
2017-11-21T00:00:00.000Z;0.134
2017-11-22T00:00:00.000Z;0.129
2017-11-23T00:00:00.000Z;0.126
2017-11-24T00:00:00.000Z;0.119
2017-11-25T00:00:00.000Z;0.217
2017-11-26T00:00:00.000Z;0.608
2017-11-27T00:00:00.000Z;0.303
2017-11-28T00:00:00.000Z;0.215
2017-11-29T00:00:00.000Z;0.192
2017-11-30T00:00:00.000Z;0.193
2017-12-01T00:00:00.000Z;0.198
2017-12-02T00:00:00.000Z;0.200
2017-12-03T00:00:00.000Z;0.201
2017-12-04T00:00:00.000Z;0.205
2017-12-05T00:00:00.000Z;0.210
2017-12-06T00:00:00.000Z;0.216
2017-12-07T00:00:00.000Z;0.223
2017-12-11T00:00:00.000Z;1.00
2017-12-12T00:00:00.000Z;1.03
2017-12-13T00:00:00.000Z;0.571
2017-12-14T00:00:00.000Z;0.567
2017-12-15T00:00:00.000Z;1.23
2017-12-16T00:00:00.000Z;1.26
2017-12-17T00:00:00.000Z;0.934
2017-12-18T00:00:00.000Z;0.667
2017-12-20T00:00:00.000Z;0.690
2017-12-21T00:00:00.000Z;0.729
2017-12-22T00:00:00.000Z;0.498
2017-12-23T00:00:00.000Z;0.382
2017-12-24T00:00:00.000Z;0.326
2017-12-25T00:00:00.000Z;0.282
2017-12-26T00:00:00.000Z;0.258
2017-12-27T00:00:00.000Z;0.753
2017-12-28T00:00:00.000Z;1.29
2017-12-31T00:00:00.000Z;1.29
2018-01-01T00:00:00.000Z;0.737
2018-01-03T00:00:00.000Z;1.42
2018-01-04T00:00:00.000Z;1.19
2018-01-05T00:00:00.000Z;0.726
2018-01-06T00:00:00.000Z;0.674
2018-01-07T00:00:00.000Z;1.09
2018-01-08T00:00:00.000Z;0.701
2018-01-09T00:00:00.000Z;0.458
2018-01-10T00:00:00.000Z;0.357
2018-01-11T00:00:00.000Z;0.358
2018-01-12T00:00:00.000Z;0.338
2018-01-13T00:00:00.000Z;0.309
2018-01-14T00:00:00.000Z;0.286
2018-01-15T00:00:00.000Z;0.333
2018-01-16T00:00:00.000Z;0.344
2018-01-17T00:00:00.000Z;0.352
2018-01-18T00:00:00.000Z;0.361
2018-01-19T00:00:00.000Z;0.312
2018-01-20T00:00:00.000Z;0.328
2018-01-23T00:00:00.000Z;0.800
2018-01-24T00:00:00.000Z;0.529
2018-01-25T00:00:00.000Z;0.410
2018-01-26T00:00:00.000Z;1.44
2018-01-27T00:00:00.000Z;1.22
2018-01-28T00:00:00.000Z;0.769
2018-01-29T00:00:00.000Z;0.626
2018-01-30T00:00:00.000Z;0.521
2018-01-31T00:00:00.000Z;0.443
2018-02-01T00:00:00.000Z;0.489
2018-02-02T00:00:00.000Z;0.613
2018-02-03T00:00:00.000Z;0.499
2018-02-04T00:00:00.000Z;0.697
2018-02-05T00:00:00.000Z;0.634
2018-02-06T00:00:00.000Z;0.548
2018-02-07T00:00:00.000Z;0.429
2018-02-08T00:00:00.000Z;0.353
2018-02-09T00:00:00.000Z;0.306
2018-02-10T00:00:00.000Z;0.287
2018-02-13T00:00:00.000Z;1.10
2018-02-17T00:00:00.000Z;1.26
2018-02-18T00:00:00.000Z;0.921
2018-02-23T00:00:00.000Z;1.03
2018-02-24T00:00:00.000Z;0.856
2018-02-25T00:00:00.000Z;0.555
2018-02-26T00:00:00.000Z;0.561
2018-02-27T00:00:00.000Z;0.445
2018-02-28T00:00:00.000Z;0.376
2018-03-01T00:00:00.000Z;0.460
2018-03-02T00:00:00.000Z;0.744
2018-03-03T00:00:00.000Z;0.521
2018-03-04T00:00:00.000Z;0.414
2018-03-05T00:00:00.000Z;0.366
2018-03-06T00:00:00.000Z;0.325
2018-03-07T00:00:00.000Z;0.348
2018-03-08T00:00:00.000Z;0.390
2018-03-09T00:00:00.000Z;0.348
2018-03-10T00:00:00.000Z;0.352
2018-03-11T00:00:00.000Z;0.331
2018-03-12T00:00:00.000Z;0.277
2018-03-13T00:00:00.000Z;0.244
2018-03-14T00:00:00.000Z;0.232
2018-03-15T00:00:00.000Z;0.235
2018-03-16T00:00:00.000Z;0.220
2018-03-17T00:00:00.000Z;0.219
2018-03-18T00:00:00.000Z;0.260
2018-03-19T00:00:00.000Z;0.369
2018-03-20T00:00:00.000Z;0.352
2018-03-21T00:00:00.000Z;0.325
2018-03-22T00:00:00.000Z;0.360
2018-03-23T00:00:00.000Z;0.395
2018-03-24T00:00:00.000Z;0.795
2018-03-25T00:00:00.000Z;0.787
2018-03-28T00:00:00.000Z;1.36
2018-03-29T00:00:00.000Z;1.04
2018-03-30T00:00:00.000Z;0.742
2018-03-31T00:00:00.000Z;0.640
2018-04-01T00:00:00.000Z;0.793
2018-04-02T00:00:00.000Z;0.760
2018-04-03T00:00:00.000Z;0.534
2018-04-04T00:00:00.000Z;0.384
2018-04-05T00:00:00.000Z;0.309
2018-04-06T00:00:00.000Z;0.282
2018-04-07T00:00:00.000Z;0.265
2018-04-08T00:00:00.000Z;0.701
2018-04-09T00:00:00.000Z;1.14
2018-04-10T00:00:00.000Z;0.702
2018-04-11T00:00:00.000Z;0.918
2018-04-12T00:00:00.000Z;1.51
2018-04-13T00:00:00.000Z;1.09
2018-04-14T00:00:00.000Z;0.515
2018-04-15T00:00:00.000Z;0.391
2018-04-16T00:00:00.000Z;0.386
2018-04-17T00:00:00.000Z;0.506
2018-04-18T00:00:00.000Z;0.398
2018-04-19T00:00:00.000Z;0.327
2018-04-20T00:00:00.000Z;0.283
2018-04-21T00:00:00.000Z;0.258
2018-04-22T00:00:00.000Z;0.238
2018-04-23T00:00:00.000Z;0.222
2018-04-24T00:00:00.000Z;0.209
2018-04-25T00:00:00.000Z;0.198
2018-04-26T00:00:00.000Z;0.195
2018-04-27T00:00:00.000Z;0.194
2018-04-28T00:00:00.000Z;0.199
2018-05-05T00:00:00.000Z;1.20
2018-05-06T00:00:00.000Z;0.586
2018-05-07T00:00:00.000Z;0.497
2018-05-09T00:00:00.000Z;1.27
2018-05-10T00:00:00.000Z;0.747
2018-05-11T00:00:00.000Z;0.602
2018-05-12T00:00:00.000Z;0.421
2018-05-13T00:00:00.000Z;0.556
2018-05-14T00:00:00.000Z;0.531
2018-05-15T00:00:00.000Z;0.485
2018-05-16T00:00:00.000Z;0.640
2018-05-17T00:00:00.000Z;0.496
2018-05-18T00:00:00.000Z;0.366
2018-05-19T00:00:00.000Z;0.308
2018-05-20T00:00:00.000Z;0.278
2018-05-21T00:00:00.000Z;0.325
2018-05-22T00:00:00.000Z;0.305
2018-05-23T00:00:00.000Z;0.398
2018-05-24T00:00:00.000Z;0.317
2018-05-25T00:00:00.000Z;0.265
2018-05-26T00:00:00.000Z;0.237
2018-05-27T00:00:00.000Z;0.502
2018-05-28T00:00:00.000Z;1.17
2018-05-29T00:00:00.000Z;0.565
2018-05-30T00:00:00.000Z;0.673
2018-06-01T00:00:00.000Z;1.15
2018-06-02T00:00:00.000Z;1.18
2018-06-03T00:00:00.000Z;0.668
2018-06-04T00:00:00.000Z;0.556
2018-06-05T00:00:00.000Z;1.20
2018-06-06T00:00:00.000Z;1.08
2018-06-07T00:00:00.000Z;0.918
2018-06-08T00:00:00.000Z;0.674
2018-06-09T00:00:00.000Z;0.409
2018-06-15T00:00:00.000Z;1.12
2018-06-16T00:00:00.000Z;0.623
2018-06-17T00:00:00.000Z;0.434
2018-06-18T00:00:00.000Z;0.357
2018-06-19T00:00:00.000Z;0.316
2018-06-20T00:00:00.000Z;0.284
2018-06-21T00:00:00.000Z;0.257
2018-06-22T00:00:00.000Z;0.236
2018-06-23T00:00:00.000Z;0.220
2018-06-24T00:00:00.000Z;0.208
2018-06-25T00:00:00.000Z;0.197
2018-06-26T00:00:00.000Z;0.187
2018-06-27T00:00:00.000Z;0.180
2018-06-28T00:00:00.000Z;0.175
2018-06-29T00:00:00.000Z;0.171
2018-06-30T00:00:00.000Z;0.163
2018-07-01T00:00:00.000Z;0.158
2018-07-02T00:00:00.000Z;0.313
2018-07-03T00:00:00.000Z;0.196
2018-07-04T00:00:00.000Z;0.164
2018-07-05T00:00:00.000Z;0.168
2018-07-06T00:00:00.000Z;0.158
2018-07-07T00:00:00.000Z;0.148
2018-07-08T00:00:00.000Z;0.139
2018-07-09T00:00:00.000Z;0.133
2018-07-10T00:00:00.000Z;0.130
2018-07-11T00:00:00.000Z;0.126
2018-07-12T00:00:00.000Z;0.124
2018-07-13T00:00:00.000Z;0.125
2018-07-14T00:00:00.000Z;0.127
2018-07-15T00:00:00.000Z;0.119
2018-07-17T00:00:00.000Z;0.650
2018-07-18T00:00:00.000Z;0.239
2018-07-19T00:00:00.000Z;0.192
2018-07-20T00:00:00.000Z;0.250
2018-07-21T00:00:00.000Z;0.650
2018-07-22T00:00:00.000Z;0.323
2018-07-23T00:00:00.000Z;0.221
2018-07-24T00:00:00.000Z;0.175
2018-07-25T00:00:00.000Z;0.147
2018-07-26T00:00:00.000Z;0.143
2018-07-27T00:00:00.000Z;0.135
2018-07-28T00:00:00.000Z;0.130
2018-07-29T00:00:00.000Z;0.123
2018-07-30T00:00:00.000Z;0.116
2018-07-31T00:00:00.000Z;0.114
2018-08-01T00:00:00.000Z;0.112
2018-08-02T00:00:00.000Z;0.110
2018-08-03T00:00:00.000Z;0.107
2018-08-04T00:00:00.000Z;0.106
2018-08-05T00:00:00.000Z;0.105
2018-08-06T00:00:00.000Z;0.106
2018-08-07T00:00:00.000Z;0.107
2018-08-08T00:00:00.000Z;0.107
2018-08-09T00:00:00.000Z;0.105
2018-08-10T00:00:00.000Z;0.106
2018-08-11T00:00:00.000Z;0.106
2018-08-12T00:00:00.000Z;0.106
2018-08-13T00:00:00.000Z;0.108
2018-08-14T00:00:00.000Z;0.108
2018-08-15T00:00:00.000Z;0.108
2018-08-16T00:00:00.000Z;0.107
2018-08-17T00:00:00.000Z;0.109
2018-08-18T00:00:00.000Z;0.114
2018-08-19T00:00:00.000Z;0.108
2018-08-20T00:00:00.000Z;0.105
2018-08-21T00:00:00.000Z;0.104
2018-08-22T00:00:00.000Z;0.103
2018-08-23T00:00:00.000Z;0.102
2018-08-24T00:00:00.000Z;0.102
2018-08-25T00:00:00.000Z;0.104
2018-08-26T00:00:00.000Z;0.102
2018-08-27T00:00:00.000Z;0.101
2018-08-28T00:00:00.000Z;0.0990
2018-08-29T00:00:00.000Z;0.0980
2018-08-30T00:00:00.000Z;0.105
2018-08-31T00:00:00.000Z;0.105
2018-09-01T00:00:00.000Z;0.100
2018-09-02T00:00:00.000Z;0.0970
2018-09-03T00:00:00.000Z;0.0960
2018-09-04T00:00:00.000Z;0.0950
2018-09-05T00:00:00.000Z;0.108
2018-09-06T00:00:00.000Z;0.324
2018-09-07T00:00:00.000Z;0.131
2018-09-08T00:00:00.000Z;0.108
2018-09-09T00:00:00.000Z;0.102
2018-09-10T00:00:00.000Z;0.0960
2018-09-11T00:00:00.000Z;0.0920
2018-09-12T00:00:00.000Z;0.0910
2018-09-13T00:00:00.000Z;0.0910
2018-09-14T00:00:00.000Z;0.0910
2018-09-15T00:00:00.000Z;0.0900
2018-09-16T00:00:00.000Z;0.0890
2018-09-17T00:00:00.000Z;0.0890
2018-09-18T00:00:00.000Z;0.0890
2018-09-19T00:00:00.000Z;0.0890
2018-09-20T00:00:00.000Z;0.0890
2018-09-21T00:00:00.000Z;0.0890
2018-09-22T00:00:00.000Z;0.0890
2018-09-23T00:00:00.000Z;0.0890
2018-09-24T00:00:00.000Z;0.0890
2018-09-25T00:00:00.000Z;0.0890
2018-09-26T00:00:00.000Z;0.0890
2018-09-27T00:00:00.000Z;0.0880
2018-09-28T00:00:00.000Z;0.0870
2018-09-29T00:00:00.000Z;0.0870
2018-09-30T00:00:00.000Z;0.0870
2018-10-01T00:00:00.000Z;0.0870
2018-10-02T00:00:00.000Z;0.0860
2018-10-03T00:00:00.000Z;0.0860
2018-10-04T00:00:00.000Z;0.0850
2018-10-05T00:00:00.000Z;0.0840
2018-10-06T00:00:00.000Z;0.0840
2018-10-07T00:00:00.000Z;0.0840
2018-10-08T00:00:00.000Z;0.0920
2018-10-09T00:00:00.000Z;0.0930
2018-10-10T00:00:00.000Z;0.0880
2018-10-11T00:00:00.000Z;0.0820
2018-10-12T00:00:00.000Z;0.0780
2018-10-13T00:00:00.000Z;0.0780
2018-10-14T00:00:00.000Z;0.0800
2018-10-15T00:00:00.000Z;0.700
2018-10-16T00:00:00.000Z;0.181
2018-10-17T00:00:00.000Z;0.120
2018-10-18T00:00:00.000Z;0.107
2018-10-19T00:00:00.000Z;0.0980
2018-10-20T00:00:00.000Z;0.0920
2018-10-21T00:00:00.000Z;0.0890
2018-10-22T00:00:00.000Z;0.0870
2018-10-23T00:00:00.000Z;0.0850
2018-10-24T00:00:00.000Z;0.0840
2018-10-25T00:00:00.000Z;0.0830
2018-10-26T00:00:00.000Z;0.0820
2018-10-27T00:00:00.000Z;0.0830
2018-10-28T00:00:00.000Z;0.0850
2018-10-29T00:00:00.000Z;0.0900
2018-10-30T00:00:00.000Z;0.0930
2018-10-31T00:00:00.000Z;0.129
2018-11-01T00:00:00.000Z;0.130
2018-11-02T00:00:00.000Z;0.110
2018-11-03T00:00:00.000Z;0.270
2018-11-04T00:00:00.000Z;0.174
2018-11-05T00:00:00.000Z;0.134
2018-11-06T00:00:00.000Z;0.167
2018-11-07T00:00:00.000Z;0.171
2018-11-08T00:00:00.000Z;0.182
2018-11-09T00:00:00.000Z;0.212
2018-11-10T00:00:00.000Z;0.257
2018-11-11T00:00:00.000Z;0.185
2018-11-12T00:00:00.000Z;0.148
2018-11-13T00:00:00.000Z;0.127
2018-11-14T00:00:00.000Z;0.117
2018-11-15T00:00:00.000Z;0.111
2018-11-16T00:00:00.000Z;0.107
2018-11-17T00:00:00.000Z;0.103
2018-11-18T00:00:00.000Z;0.100
2018-11-19T00:00:00.000Z;0.0990
2018-11-20T00:00:00.000Z;0.0980
2018-11-21T00:00:00.000Z;0.0960
2018-11-22T00:00:00.000Z;0.0920
2018-11-23T00:00:00.000Z;0.0890
2018-11-24T00:00:00.000Z;0.0870
2018-11-25T00:00:00.000Z;0.0860
2018-11-26T00:00:00.000Z;0.0870
2018-11-27T00:00:00.000Z;0.164
2018-11-28T00:00:00.000Z;0.157
2018-11-29T00:00:00.000Z;0.135
2018-11-30T00:00:00.000Z;0.177
2018-12-01T00:00:00.000Z;0.267
2018-12-02T00:00:00.000Z;0.204
2018-12-03T00:00:00.000Z;0.173
2018-12-04T00:00:00.000Z;0.150
2018-12-05T00:00:00.000Z;0.138
2018-12-06T00:00:00.000Z;0.127
2018-12-07T00:00:00.000Z;0.121
2018-12-08T00:00:00.000Z;0.260
2018-12-09T00:00:00.000Z;0.224
2018-12-10T00:00:00.000Z;0.176
2018-12-11T00:00:00.000Z;0.154
2018-12-12T00:00:00.000Z;0.142
2018-12-13T00:00:00.000Z;0.315
2018-12-15T00:00:00.000Z;1.28
2018-12-16T00:00:00.000Z;0.469
2018-12-17T00:00:00.000Z;1.12
2018-12-18T00:00:00.000Z;0.581
2018-12-19T00:00:00.000Z;0.336
2018-12-20T00:00:00.000Z;0.242
2018-12-21T00:00:00.000Z;0.204
2018-12-22T00:00:00.000Z;0.177
2018-12-23T00:00:00.000Z;0.158
2018-12-24T00:00:00.000Z;0.147
2018-12-25T00:00:00.000Z;0.140
2018-12-26T00:00:00.000Z;0.132
2018-12-27T00:00:00.000Z;0.126
2018-12-28T00:00:00.000Z;0.120
2018-12-29T00:00:00.000Z;0.114
2018-12-30T00:00:00.000Z;0.110
2018-12-31T00:00:00.000Z;0.106
2019-01-01T00:00:00.000Z;0.105
2019-01-02T00:00:00.000Z;0.101
2019-01-03T00:00:00.000Z;0.0990
2019-01-04T00:00:00.000Z;0.0960
2019-01-05T00:00:00.000Z;0.0940
2019-01-06T00:00:00.000Z;0.0920
2019-01-07T00:00:00.000Z;0.0890
2019-01-08T00:00:00.000Z;0.0890
2019-01-09T00:00:00.000Z;0.0900
2019-01-10T00:00:00.000Z;0.0890
2019-01-11T00:00:00.000Z;0.0880
2019-01-12T00:00:00.000Z;0.0860
2019-01-13T00:00:00.000Z;0.0840
2019-01-14T00:00:00.000Z;0.0840
2019-01-15T00:00:00.000Z;0.0840
2019-01-16T00:00:00.000Z;0.0840
2019-01-17T00:00:00.000Z;0.0840
2019-01-18T00:00:00.000Z;0.0840
2019-01-19T00:00:00.000Z;0.0840
2019-01-20T00:00:00.000Z;0.0840
2019-01-21T00:00:00.000Z;0.130
2019-01-22T00:00:00.000Z;0.158
2019-01-23T00:00:00.000Z;0.905
2019-01-24T00:00:00.000Z;0.907
2019-01-27T00:00:00.000Z;1.32
2019-02-03T00:00:00.000Z;1.04
2019-02-04T00:00:00.000Z;0.546
2019-02-07T00:00:00.000Z;1.53
2019-02-08T00:00:00.000Z;1.10
2019-02-09T00:00:00.000Z;0.838
2019-02-10T00:00:00.000Z;0.911
2019-02-11T00:00:00.000Z;0.893
2019-02-12T00:00:00.000Z;0.507
2019-02-13T00:00:00.000Z;0.417
2019-02-14T00:00:00.000Z;0.368
2019-02-15T00:00:00.000Z;0.359
2019-02-16T00:00:00.000Z;0.372
2019-02-17T00:00:00.000Z;0.336
2019-02-18T00:00:00.000Z;0.305
2019-02-19T00:00:00.000Z;0.265
2019-02-20T00:00:00.000Z;0.238
2019-02-21T00:00:00.000Z;0.225
2019-02-22T00:00:00.000Z;0.217
2019-02-23T00:00:00.000Z;0.221
2019-02-24T00:00:00.000Z;0.232
2019-02-25T00:00:00.000Z;0.218
2019-02-26T00:00:00.000Z;0.220
2019-02-27T00:00:00.000Z;0.223
2019-02-28T00:00:00.000Z;0.215
2019-03-01T00:00:00.000Z;0.189
2019-03-02T00:00:00.000Z;0.175
2019-03-03T00:00:00.000Z;0.175
2019-03-04T00:00:00.000Z;0.179
2019-03-05T00:00:00.000Z;0.183
2019-03-06T00:00:00.000Z;0.167
2019-03-07T00:00:00.000Z;0.182
2019-03-08T00:00:00.000Z;0.154
2019-03-09T00:00:00.000Z;0.142
2019-03-10T00:00:00.000Z;0.147
2019-03-11T00:00:00.000Z;0.152
2019-03-12T00:00:00.000Z;0.159
2019-03-13T00:00:00.000Z;0.247
2019-03-14T00:00:00.000Z;0.353
2019-03-15T00:00:00.000Z;0.302
2019-03-16T00:00:00.000Z;0.234
2019-03-17T00:00:00.000Z;0.209
2019-03-18T00:00:00.000Z;0.192
2019-03-19T00:00:00.000Z;0.187
2019-03-20T00:00:00.000Z;0.331
2019-03-21T00:00:00.000Z;0.288
2019-03-22T00:00:00.000Z;0.231
2019-03-23T00:00:00.000Z;0.207
2019-03-24T00:00:00.000Z;0.193
2019-03-25T00:00:00.000Z;0.181
2019-03-26T00:00:00.000Z;0.169
2019-03-27T00:00:00.000Z;0.155
2019-03-28T00:00:00.000Z;0.149
2019-03-29T00:00:00.000Z;0.144
2019-03-30T00:00:00.000Z;0.141
2019-03-31T00:00:00.000Z;0.140
2019-04-01T00:00:00.000Z;0.137
2019-04-02T00:00:00.000Z;0.135
2019-04-03T00:00:00.000Z;0.154
2019-04-04T00:00:00.000Z;0.260
2019-04-05T00:00:00.000Z;0.252
2019-04-06T00:00:00.000Z;0.705
2019-04-07T00:00:00.000Z;1.09
2019-04-08T00:00:00.000Z;0.894
2019-04-09T00:00:00.000Z;0.897
2019-04-10T00:00:00.000Z;1.05
2019-04-11T00:00:00.000Z;0.549
2019-04-12T00:00:00.000Z;0.408
2019-04-13T00:00:00.000Z;0.343
2019-04-14T00:00:00.000Z;0.287
2019-04-15T00:00:00.000Z;0.250
2019-04-16T00:00:00.000Z;0.786
2019-04-17T00:00:00.000Z;0.531
2019-04-18T00:00:00.000Z;0.349
2019-04-19T00:00:00.000Z;0.286
2019-04-20T00:00:00.000Z;0.245
2019-04-21T00:00:00.000Z;0.226
2019-04-22T00:00:00.000Z;0.213
2019-04-23T00:00:00.000Z;0.205
2019-04-24T00:00:00.000Z;0.195
2019-04-25T00:00:00.000Z;0.213
2019-04-26T00:00:00.000Z;0.270
2019-04-27T00:00:00.000Z;0.310
2019-04-28T00:00:00.000Z;0.258
2019-04-29T00:00:00.000Z;0.226
2019-04-30T00:00:00.000Z;0.209
2019-05-01T00:00:00.000Z;0.192
2019-05-02T00:00:00.000Z;0.180
2019-05-03T00:00:00.000Z;0.272
2019-05-04T00:00:00.000Z;0.423
2019-05-05T00:00:00.000Z;0.626
2019-05-06T00:00:00.000Z;0.446
2019-05-07T00:00:00.000Z;0.302
2019-05-08T00:00:00.000Z;0.246
2019-05-09T00:00:00.000Z;0.217
2019-05-10T00:00:00.000Z;0.325
2019-05-11T00:00:00.000Z;0.622
2019-05-12T00:00:00.000Z;0.484
2019-05-13T00:00:00.000Z;0.301
2019-05-14T00:00:00.000Z;0.242
2019-05-15T00:00:00.000Z;0.215
2019-05-16T00:00:00.000Z;0.193
2019-05-17T00:00:00.000Z;0.430
2019-05-18T00:00:00.000Z;0.554
2019-05-19T00:00:00.000Z;0.651
2019-05-20T00:00:00.000Z;0.384
2019-05-21T00:00:00.000Z;0.303
2019-05-22T00:00:00.000Z;0.254
2019-05-23T00:00:00.000Z;0.256
2019-05-27T00:00:00.000Z;1.11
2019-05-28T00:00:00.000Z;0.901
2019-05-29T00:00:00.000Z;0.546
2019-05-30T00:00:00.000Z;0.455
2019-05-31T00:00:00.000Z;0.361
2019-06-01T00:00:00.000Z;0.304
2019-06-02T00:00:00.000Z;0.265
2019-06-03T00:00:00.000Z;0.236
2019-06-04T00:00:00.000Z;0.222
2019-06-05T00:00:00.000Z;0.210
2019-06-06T00:00:00.000Z;0.206
2019-06-07T00:00:00.000Z;0.193
2019-06-08T00:00:00.000Z;0.178
2019-06-09T00:00:00.000Z;0.170
2019-06-10T00:00:00.000Z;0.177
2019-06-11T00:00:00.000Z;0.350
2019-06-12T00:00:00.000Z;0.374
2019-06-13T00:00:00.000Z;0.241
2019-06-14T00:00:00.000Z;0.203
2019-06-15T00:00:00.000Z;0.188
2019-06-16T00:00:00.000Z;0.183
2019-06-17T00:00:00.000Z;0.175
2019-06-18T00:00:00.000Z;0.167
2019-06-19T00:00:00.000Z;0.160
2019-06-20T00:00:00.000Z;0.149
2019-06-21T00:00:00.000Z;0.318
2019-06-22T00:00:00.000Z;0.0590
2019-06-23T00:00:00.000Z;0.0480
2019-06-24T00:00:00.000Z;0.0450
2019-06-25T00:00:00.000Z;0.0440
2019-06-26T00:00:00.000Z;0.0440
2019-06-27T00:00:00.000Z;0.0440
2019-06-28T00:00:00.000Z;0.0440
2019-06-29T00:00:00.000Z;0.0440
2019-06-30T00:00:00.000Z;0.0430
2019-07-01T00:00:00.000Z;0.0440
2019-07-02T00:00:00.000Z;0.0440
2019-07-03T00:00:00.000Z;0.0450
2019-07-04T00:00:00.000Z;0.0460
2019-07-05T00:00:00.000Z;0.0460
2019-07-06T00:00:00.000Z;0.0460
2019-07-07T00:00:00.000Z;0.0460
2019-07-08T00:00:00.000Z;0.0460
2019-07-09T00:00:00.000Z;0.0490
2019-07-10T00:00:00.000Z;0.0500
2019-07-11T00:00:00.000Z;0.0490
2019-07-12T00:00:00.000Z;0.0490
2019-07-13T00:00:00.000Z;0.0500
2019-07-14T00:00:00.000Z;0.0500
2019-07-15T00:00:00.000Z;0.0510
2019-07-16T00:00:00.000Z;0.0510
2019-07-17T00:00:00.000Z;0.0510
2019-07-18T00:00:00.000Z;0.0530
2019-07-19T00:00:00.000Z;0.0530
2019-07-20T00:00:00.000Z;0.0530
2019-07-21T00:00:00.000Z;0.0530
2019-07-22T00:00:00.000Z;0.0530
2019-07-23T00:00:00.000Z;0.0530
2019-07-24T00:00:00.000Z;0.0530
2019-07-25T00:00:00.000Z;0.0540
2019-07-26T00:00:00.000Z;0.0570
2019-07-27T00:00:00.000Z;0.0660
2019-07-28T00:00:00.000Z;0.0650
2019-07-29T00:00:00.000Z;0.0620
2019-07-30T00:00:00.000Z;0.0600
2019-07-31T00:00:00.000Z;0.0600
2019-08-01T00:00:00.000Z;0.0600
2019-08-02T00:00:00.000Z;0.0600
2019-08-03T00:00:00.000Z;0.0600
2019-08-04T00:00:00.000Z;0.0600
2019-08-05T00:00:00.000Z;0.0600
2019-08-06T00:00:00.000Z;0.0610
2019-08-07T00:00:00.000Z;0.0650
2019-08-08T00:00:00.000Z;0.0670
2019-08-09T00:00:00.000Z;0.0680
2019-08-10T00:00:00.000Z;0.0680
2019-08-11T00:00:00.000Z;0.0700
2019-08-12T00:00:00.000Z;0.0730
2019-08-13T00:00:00.000Z;0.0740
2019-08-14T00:00:00.000Z;0.0720
2019-08-15T00:00:00.000Z;0.0710
2019-08-16T00:00:00.000Z;0.0720
2019-08-17T00:00:00.000Z;0.0710
2019-08-18T00:00:00.000Z;0.0710
2019-08-19T00:00:00.000Z;0.0650
2019-08-22T00:00:00.000Z;0.540
2019-08-23T00:00:00.000Z;0.248
2019-08-24T00:00:00.000Z;0.206
2019-08-25T00:00:00.000Z;0.187
2019-08-26T00:00:00.000Z;0.173
2019-08-27T00:00:00.000Z;0.162
2019-08-28T00:00:00.000Z;0.143
2019-08-29T00:00:00.000Z;0.132
2019-08-30T00:00:00.000Z;0.128
2019-08-31T00:00:00.000Z;0.125
2019-09-01T00:00:00.000Z;0.123
2019-09-02T00:00:00.000Z;0.124
2019-09-03T00:00:00.000Z;0.123
2019-09-04T00:00:00.000Z;0.120
2019-09-05T00:00:00.000Z;0.117
2019-09-06T00:00:00.000Z;0.116
2019-09-07T00:00:00.000Z;0.114
2019-09-08T00:00:00.000Z;0.113
2019-09-09T00:00:00.000Z;0.111
2019-09-10T00:00:00.000Z;0.108
2019-09-11T00:00:00.000Z;0.108
2019-09-12T00:00:00.000Z;0.104
2019-09-13T00:00:00.000Z;0.103
2019-09-14T00:00:00.000Z;0.105
2019-09-15T00:00:00.000Z;0.105
2019-09-16T00:00:00.000Z;0.105
2019-09-17T00:00:00.000Z;0.105
2019-09-18T00:00:00.000Z;0.112
2019-09-19T00:00:00.000Z;0.101
2019-09-20T00:00:00.000Z;0.0970
2019-09-21T00:00:00.000Z;0.0950
2019-09-22T00:00:00.000Z;0.0950
2019-09-23T00:00:00.000Z;0.0960
2019-09-24T00:00:00.000Z;0.0960
2019-09-25T00:00:00.000Z;0.0960
2019-09-26T00:00:00.000Z;0.0960
2019-09-27T00:00:00.000Z;0.0960
2019-09-28T00:00:00.000Z;0.0970
2019-09-29T00:00:00.000Z;0.0980
2019-09-30T00:00:00.000Z;0.0970
2019-10-01T00:00:00.000Z;0.0980
2019-10-02T00:00:00.000Z;0.103
2019-10-03T00:00:00.000Z;0.128
2019-10-04T00:00:00.000Z;0.112
2019-10-05T00:00:00.000Z;0.109
2019-10-06T00:00:00.000Z;0.113
2019-10-07T00:00:00.000Z;0.107
2019-10-08T00:00:00.000Z;0.104
2019-10-09T00:00:00.000Z;0.103
2019-10-10T00:00:00.000Z;0.105
2019-10-11T00:00:00.000Z;0.105
2019-10-12T00:00:00.000Z;0.105
2019-10-13T00:00:00.000Z;0.103
2019-10-14T00:00:00.000Z;0.103
2019-10-15T00:00:00.000Z;0.142
2019-10-16T00:00:00.000Z;0.133
2019-10-17T00:00:00.000Z;0.118
2019-10-18T00:00:00.000Z;0.110
2019-10-19T00:00:00.000Z;0.107
2019-10-20T00:00:00.000Z;0.106
2019-10-21T00:00:00.000Z;0.105
2019-10-22T00:00:00.000Z;0.121
2019-10-24T00:00:00.000Z;0.838
2019-10-25T00:00:00.000Z;0.243
2019-10-26T00:00:00.000Z;0.180
2019-10-27T00:00:00.000Z;0.156
2019-10-28T00:00:00.000Z;0.140
2019-10-29T00:00:00.000Z;0.132
2019-10-30T00:00:00.000Z;0.124
2019-10-31T00:00:00.000Z;0.481
2019-11-01T00:00:00.000Z;0.560
2019-11-02T00:00:00.000Z;0.876
2019-11-03T00:00:00.000Z;0.850
2019-11-04T00:00:00.000Z;0.833
2019-11-05T00:00:00.000Z;1.14
2019-11-12T00:00:00.000Z;1.12
2019-11-13T00:00:00.000Z;0.682
2019-11-14T00:00:00.000Z;1.15
2019-11-15T00:00:00.000Z;0.971
2019-11-16T00:00:00.000Z;0.586
2019-11-17T00:00:00.000Z;1.12
2019-11-18T00:00:00.000Z;1.52
2019-11-19T00:00:00.000Z;0.922
2019-11-20T00:00:00.000Z;0.622
2019-11-21T00:00:00.000Z;0.460
2019-11-22T00:00:00.000Z;0.389
2019-11-23T00:00:00.000Z;1.01
2019-11-24T00:00:00.000Z;1.36
2019-11-25T00:00:00.000Z;0.690
2019-11-26T00:00:00.000Z;0.515
2019-11-27T00:00:00.000Z;0.436
2019-11-28T00:00:00.000Z;0.349
2019-11-29T00:00:00.000Z;0.415
2019-11-30T00:00:00.000Z;0.480
2019-12-01T00:00:00.000Z;1.06
2019-12-02T00:00:00.000Z;0.557
2019-12-03T00:00:00.000Z;0.664
2019-12-04T00:00:00.000Z;0.516
2019-12-05T00:00:00.000Z;0.375
2019-12-06T00:00:00.000Z;0.316
2019-12-07T00:00:00.000Z;0.279
2019-12-08T00:00:00.000Z;0.249
2019-12-11T00:00:00.000Z;0.703
2019-12-16T00:00:00.000Z;0.823
2019-12-17T00:00:00.000Z;0.365
2019-12-18T00:00:00.000Z;0.241
2019-12-19T00:00:00.000Z;0.189
2019-12-20T00:00:00.000Z;0.183
2019-12-21T00:00:00.000Z;0.622
2019-12-24T00:00:00.000Z;1.05
2019-12-25T00:00:00.000Z;0.493
2019-12-26T00:00:00.000Z;0.276
2019-12-27T00:00:00.000Z;0.200
2019-12-28T00:00:00.000Z;0.166
2019-12-29T00:00:00.000Z;0.140
2019-12-30T00:00:00.000Z;0.122
2019-12-31T00:00:00.000Z;0.105
2020-01-01T00:00:00.000Z;0.0930
2020-01-02T00:00:00.000Z;0.0850
2020-01-03T00:00:00.000Z;0.0770
2020-01-04T00:00:00.000Z;0.0690
2020-01-05T00:00:00.000Z;0.0650
2020-01-06T00:00:00.000Z;0.0620
2020-01-07T00:00:00.000Z;0.0560
2020-01-08T00:00:00.000Z;0.0520
2020-01-09T00:00:00.000Z;0.0510
2020-01-10T00:00:00.000Z;0.0480
2020-01-11T00:00:00.000Z;0.0470
2020-01-12T00:00:00.000Z;0.0440
2020-01-13T00:00:00.000Z;0.0420
2020-01-14T00:00:00.000Z;0.0400
2020-01-15T00:00:00.000Z;0.0390
2020-01-16T00:00:00.000Z;0.0380
2020-01-17T00:00:00.000Z;0.0690
2020-01-18T00:00:00.000Z;0.140
2020-01-19T00:00:00.000Z;0.104
2020-01-20T00:00:00.000Z;0.0850
2020-01-21T00:00:00.000Z;0.0720
2020-01-22T00:00:00.000Z;0.0660
2020-01-23T00:00:00.000Z;0.0640
2020-01-24T00:00:00.000Z;0.0660
2020-01-25T00:00:00.000Z;0.0660
2020-01-26T00:00:00.000Z;0.148
2020-01-27T00:00:00.000Z;0.256
2020-01-28T00:00:00.000Z;0.152
2020-01-29T00:00:00.000Z;0.129
2020-01-30T00:00:00.000Z;0.109
2020-01-31T00:00:00.000Z;0.0940
2020-02-01T00:00:00.000Z;0.101
2020-02-02T00:00:00.000Z;0.176
2020-02-03T00:00:00.000Z;0.134
2020-02-04T00:00:00.000Z;0.158
2020-02-05T00:00:00.000Z;0.281
2020-02-06T00:00:00.000Z;0.177
2020-02-07T00:00:00.000Z;0.122
2020-02-08T00:00:00.000Z;0.0940
2020-02-09T00:00:00.000Z;0.0770
2020-02-10T00:00:00.000Z;0.0650
2020-02-11T00:00:00.000Z;0.0610
2020-02-12T00:00:00.000Z;0.0630
2020-02-13T00:00:00.000Z;0.0620
2020-02-14T00:00:00.000Z;0.0600
2020-02-15T00:00:00.000Z;0.0570
2020-02-16T00:00:00.000Z;0.0540
2020-02-17T00:00:00.000Z;0.0500
2020-02-18T00:00:00.000Z;0.0510
2020-02-19T00:00:00.000Z;0.0510
2020-02-20T00:00:00.000Z;0.0510
2020-02-21T00:00:00.000Z;0.0480
2020-02-22T00:00:00.000Z;0.0450
2020-02-23T00:00:00.000Z;0.0410
2020-02-24T00:00:00.000Z;0.0380
2020-02-25T00:00:00.000Z;0.0370
2020-02-26T00:00:00.000Z;0.0550
2020-02-27T00:00:00.000Z;0.138
2020-02-28T00:00:00.000Z;0.748
2020-02-29T00:00:00.000Z;0.362
2020-03-01T00:00:00.000Z;0.184
2020-03-02T00:00:00.000Z;0.477
2020-03-06T00:00:00.000Z;1.63
2020-03-07T00:00:00.000Z;1.31
2020-03-08T00:00:00.000Z;1.16
2020-03-09T00:00:00.000Z;1.27
2020-03-10T00:00:00.000Z;1.21
2020-03-11T00:00:00.000Z;0.842
2020-03-12T00:00:00.000Z;0.401
2020-03-13T00:00:00.000Z;1.14
2020-03-14T00:00:00.000Z;0.650
2020-03-15T00:00:00.000Z;0.370
2020-03-24T00:00:00.000Z;0.262
2020-03-25T00:00:00.000Z;0.326
2020-03-26T00:00:00.000Z;0.305
2020-03-27T00:00:00.000Z;0.282
2020-03-28T00:00:00.000Z;0.287
2020-03-29T00:00:00.000Z;0.283
2020-03-30T00:00:00.000Z;0.295
2020-03-31T00:00:00.000Z;0.328
2020-04-01T00:00:00.000Z;0.394
2020-04-02T00:00:00.000Z;0.372
2020-04-03T00:00:00.000Z;0.339
2020-04-04T00:00:00.000Z;0.315
2020-04-05T00:00:00.000Z;0.295
2020-05-12T00:00:00.000Z;0.557
2020-05-13T00:00:00.000Z;0.528
2020-05-14T00:00:00.000Z;0.519
2020-05-15T00:00:00.000Z;0.537
2020-05-16T00:00:00.000Z;0.526
2020-05-17T00:00:00.000Z;0.535
2020-06-23T00:00:00.000Z;1.16
2020-06-24T00:00:00.000Z;1.18
2020-06-25T00:00:00.000Z;1.20
2020-06-26T00:00:00.000Z;1.21
2020-06-27T00:00:00.000Z;1.29
2020-06-28T00:00:00.000Z;1.16
2020-06-29T00:00:00.000Z;1.13
2020-07-21T00:00:00.000Z;1.34
2020-07-22T00:00:00.000Z;1.35
2020-07-23T00:00:00.000Z;1.35
2020-07-24T00:00:00.000Z;1.35
2020-07-25T00:00:00.000Z;1.36
2020-07-26T00:00:00.000Z;1.36
2020-07-27T00:00:00.000Z;1.36
2020-07-28T00:00:00.000Z;1.37
2020-07-29T00:00:00.000Z;1.38
2020-07-30T00:00:00.000Z;1.39
2020-07-31T00:00:00.000Z;1.40
2020-08-01T00:00:00.000Z;1.40
2020-08-02T00:00:00.000Z;1.40
2020-08-03T00:00:00.000Z;1.39
2020-08-04T00:00:00.000Z;1.39
2020-08-05T00:00:00.000Z;1.40
2020-08-06T00:00:00.000Z;1.41
2020-08-07T00:00:00.000Z;1.41
2020-08-08T00:00:00.000Z;1.41
2020-08-09T00:00:00.000Z;1.41
2020-08-10T00:00:00.000Z;1.41
2020-08-11T00:00:00.000Z;1.41
2020-08-12T00:00:00.000Z;1.41
2020-08-13T00:00:00.000Z;1.41
2020-08-14T00:00:00.000Z;1.41
2020-08-15T00:00:00.000Z;1.41
2020-08-16T00:00:00.000Z;1.41
2020-08-17T00:00:00.000Z;1.41
2020-08-18T00:00:00.000Z;1.41
2020-08-19T00:00:00.000Z;1.41
2020-08-20T00:00:00.000Z;1.41
2020-08-21T00:00:00.000Z;1.42
2020-08-22T00:00:00.000Z;1.43
2020-08-23T00:00:00.000Z;1.42
2020-08-24T00:00:00.000Z;1.42
2020-08-25T00:00:00.000Z;1.42
2020-08-26T00:00:00.000Z;1.42
2020-08-27T00:00:00.000Z;1.42
2020-08-28T00:00:00.000Z;1.43
2020-08-29T00:00:00.000Z;1.41
2020-08-30T00:00:00.000Z;1.39
2020-08-31T00:00:00.000Z;1.38
2020-09-01T00:00:00.000Z;1.40
2020-09-02T00:00:00.000Z;1.41
2020-09-03T00:00:00.000Z;1.42
2020-09-04T00:00:00.000Z;1.42
2020-09-05T00:00:00.000Z;1.42
2020-09-06T00:00:00.000Z;1.42
2020-09-07T00:00:00.000Z;1.43
2020-09-08T00:00:00.000Z;1.43
2020-09-09T00:00:00.000Z;1.43
2020-09-10T00:00:00.000Z;1.42
2020-09-11T00:00:00.000Z;1.42
2020-09-12T00:00:00.000Z;1.42
2020-09-13T00:00:00.000Z;1.41
2020-09-14T00:00:00.000Z;1.41
2020-11-03T00:00:00.000Z;0.0520
2020-11-04T00:00:00.000Z;0.0690
2020-11-05T00:00:00.000Z;0.0970
2020-11-06T00:00:00.000Z;0.0640
2020-11-07T00:00:00.000Z;0.0500
2020-11-08T00:00:00.000Z;0.0390
2020-12-01T00:00:00.000Z;0.473
2020-12-02T00:00:00.000Z;0.479
2020-12-03T00:00:00.000Z;0.479
2020-12-04T00:00:00.000Z;0.454
2020-12-05T00:00:00.000Z;0.412
2020-12-06T00:00:00.000Z;0.437
2020-12-07T00:00:00.000Z;0.455
2020-12-08T00:00:00.000Z;1.03
2020-12-09T00:00:00.000Z;0.711
2020-12-14T00:00:00.000Z;1.53
2020-12-15T00:00:00.000Z;0.952
2020-12-16T00:00:00.000Z;0.621
2020-12-17T00:00:00.000Z;0.470
2020-12-18T00:00:00.000Z;0.406
2020-12-19T00:00:00.000Z;0.370
2020-12-20T00:00:00.000Z;0.339
2020-12-21T00:00:00.000Z;0.332
2020-12-22T00:00:00.000Z;0.496
2020-12-23T00:00:00.000Z;0.429
2020-12-24T00:00:00.000Z;0.438
2020-12-25T00:00:00.000Z;0.947
2020-12-26T00:00:00.000Z;0.655
2020-12-27T00:00:00.000Z;0.510
2020-12-28T00:00:00.000Z;0.983
2020-12-29T00:00:00.000Z;0.923
2020-12-30T00:00:00.000Z;0.725
2020-12-31T00:00:00.000Z;0.726
2021-01-01T00:00:00.000Z;0.731
2021-01-02T00:00:00.000Z;0.616
2021-01-03T00:00:00.000Z;0.486
2021-01-04T00:00:00.000Z;0.431
2021-01-05T00:00:00.000Z;0.383
2021-01-06T00:00:00.000Z;0.350
2021-01-07T00:00:00.000Z;0.340
2021-01-08T00:00:00.000Z;0.318
2021-01-09T00:00:00.000Z;0.300
2021-01-10T00:00:00.000Z;0.281
2021-01-11T00:00:00.000Z;0.262
2021-01-12T00:00:00.000Z;0.256
2021-01-13T00:00:00.000Z;0.266
2021-01-14T00:00:00.000Z;0.426
2021-01-15T00:00:00.000Z;1.18
2021-01-16T00:00:00.000Z;1.13
2021-01-19T00:00:00.000Z;1.17
2021-01-20T00:00:00.000Z;0.680
2021-01-21T00:00:00.000Z;0.640
2021-01-22T00:00:00.000Z;0.866
2021-01-23T00:00:00.000Z;1.30
2021-01-24T00:00:00.000Z;1.69
2021-02-03T00:00:00.000Z;1.21
2021-02-04T00:00:00.000Z;1.05
2021-02-05T00:00:00.000Z;0.623
2021-02-06T00:00:00.000Z;0.508
2021-02-07T00:00:00.000Z;0.444
2021-02-08T00:00:00.000Z;0.430
2021-02-09T00:00:00.000Z;0.589
2021-02-10T00:00:00.000Z;0.488
2021-02-11T00:00:00.000Z;0.444
2021-02-12T00:00:00.000Z;0.431
2021-02-13T00:00:00.000Z;0.660
2021-02-14T00:00:00.000Z;0.543
2021-02-15T00:00:00.000Z;0.429
2021-02-16T00:00:00.000Z;0.381
2021-02-17T00:00:00.000Z;0.347
2021-02-18T00:00:00.000Z;0.326
2021-02-19T00:00:00.000Z;0.300
2021-02-20T00:00:00.000Z;0.283
2021-02-21T00:00:00.000Z;0.269
2021-02-22T00:00:00.000Z;0.254
2021-02-23T00:00:00.000Z;0.236
2021-02-24T00:00:00.000Z;0.226
2021-02-25T00:00:00.000Z;0.222
2021-02-26T00:00:00.000Z;0.218
2021-02-27T00:00:00.000Z;0.215
2021-02-28T00:00:00.000Z;0.211
2021-03-01T00:00:00.000Z;0.206
2021-03-02T00:00:00.000Z;0.199
2021-03-03T00:00:00.000Z;0.192
2021-03-04T00:00:00.000Z;0.191
2021-03-05T00:00:00.000Z;0.191
2021-03-06T00:00:00.000Z;0.190
2021-03-07T00:00:00.000Z;0.186
2021-03-08T00:00:00.000Z;0.183
2021-03-09T00:00:00.000Z;0.189
2021-03-10T00:00:00.000Z;0.221
2021-03-11T00:00:00.000Z;0.216
2021-03-12T00:00:00.000Z;0.225
2021-03-13T00:00:00.000Z;0.230
2021-03-14T00:00:00.000Z;0.243
2021-03-15T00:00:00.000Z;0.327
2021-03-16T00:00:00.000Z;0.318
2021-03-17T00:00:00.000Z;0.312
2021-03-18T00:00:00.000Z;0.325
2021-03-19T00:00:00.000Z;0.309
2021-03-20T00:00:00.000Z;0.384
2021-03-21T00:00:00.000Z;0.489
2021-03-22T00:00:00.000Z;0.614
2021-03-23T00:00:00.000Z;0.598
2021-03-24T00:00:00.000Z;0.443
2021-03-25T00:00:00.000Z;0.391
2021-03-26T00:00:00.000Z;0.339
2021-03-27T00:00:00.000Z;0.297
2021-03-28T00:00:00.000Z;0.297
2021-03-29T00:00:00.000Z;0.276
2021-03-30T00:00:00.000Z;0.255
2021-03-31T00:00:00.000Z;0.239
2021-04-01T00:00:00.000Z;0.229
2021-04-02T00:00:00.000Z;0.223
2021-04-03T00:00:00.000Z;0.216
2021-04-04T00:00:00.000Z;0.207
2021-04-05T00:00:00.000Z;0.199
2021-04-06T00:00:00.000Z;0.195
2021-04-07T00:00:00.000Z;0.189
2021-04-08T00:00:00.000Z;0.184
2021-04-09T00:00:00.000Z;0.181
2021-04-10T00:00:00.000Z;0.180
2021-04-11T00:00:00.000Z;0.183
2021-04-12T00:00:00.000Z;0.209
2021-04-13T00:00:00.000Z;0.230
2021-04-14T00:00:00.000Z;0.218
2021-04-15T00:00:00.000Z;0.204
2021-04-16T00:00:00.000Z;0.197
2021-04-17T00:00:00.000Z;0.189
2021-04-18T00:00:00.000Z;0.183
2021-04-19T00:00:00.000Z;0.178
2021-04-20T00:00:00.000Z;0.176
2021-04-21T00:00:00.000Z;0.174
2021-04-22T00:00:00.000Z;0.169
2021-04-23T00:00:00.000Z;0.167
2021-04-24T00:00:00.000Z;0.164
2021-04-25T00:00:00.000Z;0.164
2021-04-26T00:00:00.000Z;0.167
2021-04-27T00:00:00.000Z;0.252
2021-04-28T00:00:00.000Z;0.470
2021-04-29T00:00:00.000Z;0.354
2021-04-30T00:00:00.000Z;0.673
2021-05-01T00:00:00.000Z;1.42
2021-05-02T00:00:00.000Z;0.694
2021-05-03T00:00:00.000Z;0.346
2021-05-04T00:00:00.000Z;0.252
2021-05-05T00:00:00.000Z;0.219
2021-05-06T00:00:00.000Z;0.195
2021-05-07T00:00:00.000Z;0.178
2021-05-08T00:00:00.000Z;0.166
2021-05-09T00:00:00.000Z;0.158
2021-05-10T00:00:00.000Z;0.152
2021-05-11T00:00:00.000Z;0.151
2021-05-12T00:00:00.000Z;0.154
2021-05-13T00:00:00.000Z;0.147
2021-05-14T00:00:00.000Z;0.773
2021-05-15T00:00:00.000Z;0.414
2021-05-16T00:00:00.000Z;0.276
2021-05-17T00:00:00.000Z;0.404
2021-05-18T00:00:00.000Z;0.282
2021-05-19T00:00:00.000Z;0.217
2021-05-20T00:00:00.000Z;0.189
2021-05-21T00:00:00.000Z;0.171
2021-05-22T00:00:00.000Z;0.164
2021-05-23T00:00:00.000Z;0.153
2021-05-24T00:00:00.000Z;0.145
2021-05-25T00:00:00.000Z;0.137
2021-05-26T00:00:00.000Z;0.134
2021-05-27T00:00:00.000Z;0.130
2021-05-28T00:00:00.000Z;0.126
2021-05-29T00:00:00.000Z;0.121
2021-05-30T00:00:00.000Z;0.172
2021-05-31T00:00:00.000Z;0.129
2021-06-01T00:00:00.000Z;0.123
2021-06-02T00:00:00.000Z;0.150
2021-06-03T00:00:00.000Z;0.129
2021-06-04T00:00:00.000Z;0.143
2021-06-05T00:00:00.000Z;0.299
2021-06-06T00:00:00.000Z;0.269
2021-06-07T00:00:00.000Z;0.189
2021-06-08T00:00:00.000Z;0.160
2021-06-09T00:00:00.000Z;0.145
2021-06-10T00:00:00.000Z;0.136
2021-06-11T00:00:00.000Z;0.131
2021-06-12T00:00:00.000Z;0.125
2021-06-13T00:00:00.000Z;0.121
2021-06-14T00:00:00.000Z;0.117
2021-06-15T00:00:00.000Z;0.116
2021-06-16T00:00:00.000Z;0.115
2021-06-17T00:00:00.000Z;0.114
2021-06-18T00:00:00.000Z;0.113
2021-06-19T00:00:00.000Z;0.109
2021-06-20T00:00:00.000Z;0.108
2021-06-21T00:00:00.000Z;0.107
2021-06-22T00:00:00.000Z;0.105
2021-06-23T00:00:00.000Z;0.112
2021-06-24T00:00:00.000Z;0.125
2021-06-25T00:00:00.000Z;0.111
2021-06-26T00:00:00.000Z;0.108
2021-06-27T00:00:00.000Z;0.108
2021-06-28T00:00:00.000Z;0.109
2021-06-29T00:00:00.000Z;0.107
2021-06-30T00:00:00.000Z;0.105
2021-07-01T00:00:00.000Z;0.103
2021-07-02T00:00:00.000Z;0.101
2021-07-03T00:00:00.000Z;0.100
2021-07-04T00:00:00.000Z;0.103
2021-07-05T00:00:00.000Z;0.104
2021-07-06T00:00:00.000Z;0.102
2021-07-07T00:00:00.000Z;0.110
2021-07-08T00:00:00.000Z;0.122
2021-07-09T00:00:00.000Z;0.111
2021-07-10T00:00:00.000Z;0.106
2021-07-11T00:00:00.000Z;0.104
2021-07-12T00:00:00.000Z;0.104
2021-07-13T00:00:00.000Z;0.109
2021-07-14T00:00:00.000Z;0.116
2021-07-15T00:00:00.000Z;0.109
2021-07-16T00:00:00.000Z;0.109
2021-07-17T00:00:00.000Z;0.105
2021-07-18T00:00:00.000Z;0.102
2021-07-19T00:00:00.000Z;0.100
2021-07-20T00:00:00.000Z;0.0980
2021-07-21T00:00:00.000Z;0.0970
2021-07-22T00:00:00.000Z;0.0940
2021-07-23T00:00:00.000Z;0.0920
2021-07-24T00:00:00.000Z;0.0930
2021-07-25T00:00:00.000Z;0.0950
2021-07-26T00:00:00.000Z;0.0950
2021-07-27T00:00:00.000Z;0.0940
2021-07-28T00:00:00.000Z;0.0990
2021-07-29T00:00:00.000Z;0.0990
2021-07-30T00:00:00.000Z;0.0990
2021-07-31T00:00:00.000Z;0.219
2021-08-01T00:00:00.000Z;0.298
2021-08-02T00:00:00.000Z;0.248
2021-08-03T00:00:00.000Z;0.159
2021-08-04T00:00:00.000Z;0.162
2021-08-05T00:00:00.000Z;0.190
2021-08-06T00:00:00.000Z;0.147
2021-08-07T00:00:00.000Z;0.213
2021-08-08T00:00:00.000Z;0.219
2021-08-09T00:00:00.000Z;0.159
2021-08-10T00:00:00.000Z;0.134
2021-08-11T00:00:00.000Z;0.120
2021-08-12T00:00:00.000Z;0.112
2021-08-13T00:00:00.000Z;0.108
2021-08-14T00:00:00.000Z;0.104
2021-08-15T00:00:00.000Z;0.102
2021-08-16T00:00:00.000Z;0.108
2021-08-17T00:00:00.000Z;0.111
2021-08-18T00:00:00.000Z;0.120
2021-08-19T00:00:00.000Z;0.126
2021-08-20T00:00:00.000Z;0.113
2021-08-21T00:00:00.000Z;0.106
2021-08-22T00:00:00.000Z;0.102
2021-08-23T00:00:00.000Z;0.102
2021-08-24T00:00:00.000Z;0.100
2021-08-25T00:00:00.000Z;0.0970
2021-08-26T00:00:00.000Z;0.0940
2021-08-27T00:00:00.000Z;0.0910
2021-08-28T00:00:00.000Z;0.0880
2021-08-29T00:00:00.000Z;0.0870
2021-08-30T00:00:00.000Z;0.0860
2021-08-31T00:00:00.000Z;0.0860
2021-09-01T00:00:00.000Z;0.0860
2021-09-02T00:00:00.000Z;0.0910
2021-09-03T00:00:00.000Z;0.0900
2021-09-04T00:00:00.000Z;0.0940
2021-09-05T00:00:00.000Z;0.0880
2021-09-06T00:00:00.000Z;0.0830
2021-09-07T00:00:00.000Z;0.0810
2021-09-08T00:00:00.000Z;0.0790
2021-09-09T00:00:00.000Z;0.0800
2021-09-10T00:00:00.000Z;0.0860
2021-09-11T00:00:00.000Z;0.0920
2021-09-12T00:00:00.000Z;0.0880
2021-09-13T00:00:00.000Z;0.0830
2021-09-14T00:00:00.000Z;0.0800
2021-09-15T00:00:00.000Z;0.0890
2021-09-16T00:00:00.000Z;0.111
2021-09-17T00:00:00.000Z;0.0970
2021-09-18T00:00:00.000Z;0.0990
2021-09-19T00:00:00.000Z;0.128
2021-09-20T00:00:00.000Z;0.110
2021-09-21T00:00:00.000Z;0.149
2021-09-22T00:00:00.000Z;0.189
2021-09-23T00:00:00.000Z;0.126
2021-09-24T00:00:00.000Z;0.112
2021-09-25T00:00:00.000Z;0.104
2021-09-26T00:00:00.000Z;0.0970
2021-09-27T00:00:00.000Z;0.0910
2021-09-28T00:00:00.000Z;0.0940
2021-09-29T00:00:00.000Z;0.0970
2021-09-30T00:00:00.000Z;0.0950
2021-10-01T00:00:00.000Z;0.0940
2021-10-02T00:00:00.000Z;0.0920
2021-10-03T00:00:00.000Z;0.313
2021-10-04T00:00:00.000Z;0.636
2021-10-05T00:00:00.000Z;0.206
2021-10-06T00:00:00.000Z;0.382
2021-10-07T00:00:00.000Z;0.219
2021-10-08T00:00:00.000Z;0.154
2021-10-09T00:00:00.000Z;0.130
2021-10-10T00:00:00.000Z;0.119
2021-10-11T00:00:00.000Z;0.110
2021-10-12T00:00:00.000Z;0.102
2021-10-13T00:00:00.000Z;0.0990
2021-10-14T00:00:00.000Z;0.0960
2021-10-15T00:00:00.000Z;0.0930
2021-10-16T00:00:00.000Z;0.0880
2021-10-17T00:00:00.000Z;0.0860
2021-10-18T00:00:00.000Z;0.0820
2021-10-19T00:00:00.000Z;0.0810
2021-10-20T00:00:00.000Z;0.0800
2021-10-21T00:00:00.000Z;0.0860
2021-10-22T00:00:00.000Z;0.0910
2021-10-23T00:00:00.000Z;0.0960
2021-10-24T00:00:00.000Z;0.0960
2021-10-25T00:00:00.000Z;0.0890
2021-10-26T00:00:00.000Z;0.0850
2021-10-27T00:00:00.000Z;0.0820
2021-10-28T00:00:00.000Z;0.0830
2021-10-29T00:00:00.000Z;0.0820
2021-10-30T00:00:00.000Z;0.0810
2021-10-31T00:00:00.000Z;0.0820
2021-11-01T00:00:00.000Z;0.266
2021-11-02T00:00:00.000Z;0.240
2021-11-03T00:00:00.000Z;0.203
2021-11-04T00:00:00.000Z;0.181
2021-11-05T00:00:00.000Z;0.183
2021-11-06T00:00:00.000Z;0.275
2021-11-07T00:00:00.000Z;0.216
2021-11-08T00:00:00.000Z;0.193
2021-11-09T00:00:00.000Z;0.192
2021-11-10T00:00:00.000Z;0.162
2021-11-11T00:00:00.000Z;0.141
2021-11-12T00:00:00.000Z;0.129
2021-11-13T00:00:00.000Z;0.121
2021-11-14T00:00:00.000Z;0.319
2021-11-15T00:00:00.000Z;1.29
2021-11-16T00:00:00.000Z;0.572
2021-11-17T00:00:00.000Z;0.304
2021-11-18T00:00:00.000Z;0.279
2021-11-19T00:00:00.000Z;0.249
2021-11-20T00:00:00.000Z;0.207
2021-11-21T00:00:00.000Z;0.183
2021-11-22T00:00:00.000Z;0.168
2021-11-23T00:00:00.000Z;0.151
2021-11-24T00:00:00.000Z;0.143
2021-11-25T00:00:00.000Z;0.184
2021-11-26T00:00:00.000Z;0.415
2021-11-27T00:00:00.000Z;0.513
2021-11-28T00:00:00.000Z;0.544
2021-11-29T00:00:00.000Z;0.382
2021-11-30T00:00:00.000Z;0.610
2021-12-01T00:00:00.000Z;0.816
2021-12-02T00:00:00.000Z;1.19
2021-12-03T00:00:00.000Z;0.785
2021-12-04T00:00:00.000Z;1.08
2021-12-05T00:00:00.000Z;1.96
2021-12-06T00:00:00.000Z;1.22
2021-12-07T00:00:00.000Z;1.59
2021-12-13T00:00:00.000Z;1.32
2021-12-14T00:00:00.000Z;0.893
2021-12-15T00:00:00.000Z;0.711
2021-12-16T00:00:00.000Z;0.579
2021-12-17T00:00:00.000Z;0.429
2021-12-18T00:00:00.000Z;0.355
2021-12-19T00:00:00.000Z;0.316
2021-12-20T00:00:00.000Z;0.286
2021-12-21T00:00:00.000Z;0.262
2021-12-22T00:00:00.000Z;0.245
2021-12-23T00:00:00.000Z;0.254
2021-12-24T00:00:00.000Z;0.245
2021-12-25T00:00:00.000Z;0.244
2021-12-26T00:00:00.000Z;0.220
2021-12-27T00:00:00.000Z;0.524
2021-12-28T00:00:00.000Z;0.672
2021-12-29T00:00:00.000Z;0.486
2021-12-30T00:00:00.000Z;0.419
2021-12-31T00:00:00.000Z;0.342
2022-01-01T00:00:00.000Z;0.287
2022-01-02T00:00:00.000Z;0.251
2022-01-03T00:00:00.000Z;0.228
2022-01-04T00:00:00.000Z;0.221
2022-01-05T00:00:00.000Z;0.351
2022-01-06T00:00:00.000Z;0.402
2022-01-07T00:00:00.000Z;0.306
2022-01-08T00:00:00.000Z;0.293
2022-01-13T00:00:00.000Z;1.03
2022-01-14T00:00:00.000Z;0.490
2022-01-15T00:00:00.000Z;0.391
2022-01-16T00:00:00.000Z;0.333
2022-01-17T00:00:00.000Z;0.295
2022-01-18T00:00:00.000Z;0.271
2022-01-19T00:00:00.000Z;0.249
2022-01-20T00:00:00.000Z;0.237
2022-01-21T00:00:00.000Z;0.303
2022-01-22T00:00:00.000Z;0.294
2022-01-23T00:00:00.000Z;0.273
2022-01-24T00:00:00.000Z;0.249
2022-01-25T00:00:00.000Z;0.227
2022-01-26T00:00:00.000Z;0.213
2022-01-27T00:00:00.000Z;0.202
2022-01-28T00:00:00.000Z;0.191
2022-01-29T00:00:00.000Z;0.182
2022-01-30T00:00:00.000Z;0.176
2022-01-31T00:00:00.000Z;0.171
2022-02-01T00:00:00.000Z;0.168
2022-02-02T00:00:00.000Z;0.163
2022-02-03T00:00:00.000Z;0.163
2022-02-04T00:00:00.000Z;0.160
2022-02-05T00:00:00.000Z;0.158
2022-02-06T00:00:00.000Z;0.163
2022-02-07T00:00:00.000Z;0.159
2022-02-08T00:00:00.000Z;0.155
2022-02-09T00:00:00.000Z;0.154
2022-02-10T00:00:00.000Z;0.151
2022-02-11T00:00:00.000Z;0.148
2022-02-12T00:00:00.000Z;0.147
2022-02-13T00:00:00.000Z;0.146
2022-02-14T00:00:00.000Z;0.149
2022-02-15T00:00:00.000Z;0.290
2022-02-16T00:00:00.000Z;0.466
2022-02-17T00:00:00.000Z;0.543
2022-02-18T00:00:00.000Z;0.347
2022-02-19T00:00:00.000Z;0.581
2022-02-20T00:00:00.000Z;0.655
2022-02-21T00:00:00.000Z;0.394
2022-02-22T00:00:00.000Z;0.313
2022-02-23T00:00:00.000Z;0.269
2022-02-24T00:00:00.000Z;0.241
2022-02-25T00:00:00.000Z;0.220
2022-02-26T00:00:00.000Z;0.205
2022-02-27T00:00:00.000Z;0.195
2022-02-28T00:00:00.000Z;0.185
2022-03-01T00:00:00.000Z;0.177
2022-03-02T00:00:00.000Z;0.175
2022-03-03T00:00:00.000Z;0.175
2022-03-04T00:00:00.000Z;0.190
2022-03-05T00:00:00.000Z;0.224
2022-03-06T00:00:00.000Z;0.236
2022-03-07T00:00:00.000Z;0.247
2022-03-08T00:00:00.000Z;0.238
2022-03-09T00:00:00.000Z;0.311
2022-03-10T00:00:00.000Z;0.327
2022-03-11T00:00:00.000Z;0.289
2022-03-12T00:00:00.000Z;0.751
2022-03-13T00:00:00.000Z;0.883
2022-03-14T00:00:00.000Z;0.790
2022-03-15T00:00:00.000Z;0.456
2022-03-16T00:00:00.000Z;0.351
2022-03-19T00:00:00.000Z;1.25
2022-03-20T00:00:00.000Z;0.608
2022-03-21T00:00:00.000Z;0.407
2022-03-22T00:00:00.000Z;0.341
2022-03-23T00:00:00.000Z;0.299
2022-03-24T00:00:00.000Z;0.267
2022-03-25T00:00:00.000Z;0.244
2022-03-26T00:00:00.000Z;0.233
2022-03-27T00:00:00.000Z;0.221
2022-03-28T00:00:00.000Z;0.212
2022-03-29T00:00:00.000Z;0.208
2022-03-30T00:00:00.000Z;0.571
2022-03-31T00:00:00.000Z;1.41
2022-04-01T00:00:00.000Z;1.37
2022-04-02T00:00:00.000Z;0.645
2022-04-03T00:00:00.000Z;0.486
2022-04-04T00:00:00.000Z;0.457
2022-04-05T00:00:00.000Z;0.466
2022-04-06T00:00:00.000Z;0.491
2022-04-07T00:00:00.000Z;0.449
2022-04-08T00:00:00.000Z;0.398
2022-04-09T00:00:00.000Z;0.342
2022-04-10T00:00:00.000Z;0.312
2022-04-11T00:00:00.000Z;0.286
2022-04-12T00:00:00.000Z;0.265
2022-04-13T00:00:00.000Z;0.679
2022-04-14T00:00:00.000Z;0.692
2022-04-15T00:00:00.000Z;0.424
2022-04-16T00:00:00.000Z;0.343
2022-04-17T00:00:00.000Z;0.302
2022-04-18T00:00:00.000Z;0.276
2022-04-19T00:00:00.000Z;0.260
2022-04-20T00:00:00.000Z;0.958
2022-04-21T00:00:00.000Z;0.889
2022-04-22T00:00:00.000Z;0.509
2022-04-23T00:00:00.000Z;0.413
2022-04-26T00:00:00.000Z;0.812
2022-04-27T00:00:00.000Z;0.419
2022-04-28T00:00:00.000Z;0.344
2022-04-29T00:00:00.000Z;0.305
2022-04-30T00:00:00.000Z;0.288
2022-05-01T00:00:00.000Z;0.279
2022-05-02T00:00:00.000Z;0.271
2022-05-03T00:00:00.000Z;0.340
2022-05-04T00:00:00.000Z;0.349
2022-05-05T00:00:00.000Z;0.355
2022-05-06T00:00:00.000Z;0.340
2022-05-07T00:00:00.000Z;0.295
2022-05-08T00:00:00.000Z;0.263
2022-05-09T00:00:00.000Z;0.240
2022-05-10T00:00:00.000Z;0.225
2022-05-11T00:00:00.000Z;0.214
2022-05-12T00:00:00.000Z;0.205
2022-05-13T00:00:00.000Z;0.197
2022-05-14T00:00:00.000Z;0.191
2022-05-15T00:00:00.000Z;0.186
2022-05-16T00:00:00.000Z;0.180
2022-05-17T00:00:00.000Z;0.175
2022-05-18T00:00:00.000Z;0.173
2022-05-19T00:00:00.000Z;0.170
2022-05-20T00:00:00.000Z;0.165
2022-05-21T00:00:00.000Z;0.161
2022-05-22T00:00:00.000Z;0.159
2022-05-23T00:00:00.000Z;0.158
2022-05-24T00:00:00.000Z;0.159
2022-05-25T00:00:00.000Z;0.244
2022-05-26T00:00:00.000Z;0.188
2022-05-27T00:00:00.000Z;0.166
2022-05-28T00:00:00.000Z;0.159
2022-05-29T00:00:00.000Z;0.156
2022-05-30T00:00:00.000Z;0.151
2022-05-31T00:00:00.000Z;0.149
2022-06-01T00:00:00.000Z;0.147
2022-06-02T00:00:00.000Z;0.144
2022-06-03T00:00:00.000Z;0.142
2022-06-04T00:00:00.000Z;0.142
2022-06-05T00:00:00.000Z;0.140
2022-06-06T00:00:00.000Z;0.140
2022-06-07T00:00:00.000Z;0.138
2022-06-08T00:00:00.000Z;0.139
2022-06-09T00:00:00.000Z;0.146
2022-06-10T00:00:00.000Z;0.140
2022-06-11T00:00:00.000Z;0.136
2022-06-12T00:00:00.000Z;0.135
2022-06-13T00:00:00.000Z;0.137
2022-06-14T00:00:00.000Z;0.138
2022-06-15T00:00:00.000Z;0.136
2022-06-16T00:00:00.000Z;0.134
2022-06-17T00:00:00.000Z;0.131
2022-06-18T00:00:00.000Z;0.128
2022-06-19T00:00:00.000Z;0.126
2022-06-20T00:00:00.000Z;0.129
2022-06-21T00:00:00.000Z;0.130
2022-06-22T00:00:00.000Z;0.134
2022-06-23T00:00:00.000Z;0.131
2022-06-24T00:00:00.000Z;0.134
2022-06-25T00:00:00.000Z;0.132
2022-06-26T00:00:00.000Z;0.142
2022-06-27T00:00:00.000Z;0.192
2022-06-28T00:00:00.000Z;0.180
2022-06-29T00:00:00.000Z;0.128
2022-06-30T00:00:00.000Z;0.142
2022-07-01T00:00:00.000Z;0.224
2022-07-02T00:00:00.000Z;0.153
2022-07-03T00:00:00.000Z;0.126
2022-07-04T00:00:00.000Z;0.118
2022-07-05T00:00:00.000Z;0.113
2022-07-06T00:00:00.000Z;0.110
2022-07-07T00:00:00.000Z;0.107
2022-07-08T00:00:00.000Z;0.103
2022-07-09T00:00:00.000Z;0.0970
2022-07-10T00:00:00.000Z;0.0950
2022-07-11T00:00:00.000Z;0.0930
2022-07-12T00:00:00.000Z;0.0900
2022-07-13T00:00:00.000Z;0.0880
2022-07-14T00:00:00.000Z;0.0870
2022-07-15T00:00:00.000Z;0.0860
2022-07-16T00:00:00.000Z;0.0850
2022-07-17T00:00:00.000Z;0.0830
2022-07-18T00:00:00.000Z;0.0820
2022-07-19T00:00:00.000Z;0.0820
2022-07-20T00:00:00.000Z;0.0870
2022-07-21T00:00:00.000Z;0.0890
2022-07-22T00:00:00.000Z;0.0880
2022-07-23T00:00:00.000Z;0.0940
2022-07-24T00:00:00.000Z;0.0930
2022-07-25T00:00:00.000Z;0.0910
2022-07-26T00:00:00.000Z;0.0970
2022-07-27T00:00:00.000Z;0.0990
2022-07-28T00:00:00.000Z;0.0910
2022-07-29T00:00:00.000Z;0.0950
2022-07-30T00:00:00.000Z;0.0980
2022-07-31T00:00:00.000Z;0.0920
2022-08-01T00:00:00.000Z;0.0880
2022-08-02T00:00:00.000Z;0.0860
2022-08-03T00:00:00.000Z;0.0840
2022-08-04T00:00:00.000Z;0.0820
2022-08-05T00:00:00.000Z;0.0840
2022-08-06T00:00:00.000Z;0.0840
2022-08-07T00:00:00.000Z;0.0800
2022-08-08T00:00:00.000Z;0.0800
2022-08-09T00:00:00.000Z;0.0780
2022-08-10T00:00:00.000Z;0.0770
2022-08-11T00:00:00.000Z;0.0760
2022-08-12T00:00:00.000Z;0.0740
2022-08-13T00:00:00.000Z;0.0730
2022-08-14T00:00:00.000Z;0.0840
2022-08-15T00:00:00.000Z;0.0840
2022-08-16T00:00:00.000Z;0.0830
2022-08-17T00:00:00.000Z;0.0850
2022-08-18T00:00:00.000Z;0.0960
2022-08-19T00:00:00.000Z;0.0930
2022-08-20T00:00:00.000Z;0.0890
2022-08-21T00:00:00.000Z;0.0850
2022-08-22T00:00:00.000Z;0.0840
2022-08-23T00:00:00.000Z;0.0830
2022-08-24T00:00:00.000Z;0.0820
2022-08-25T00:00:00.000Z;0.0800
2022-08-26T00:00:00.000Z;0.0870
2022-08-27T00:00:00.000Z;0.0900
2022-08-28T00:00:00.000Z;0.0850
2022-08-29T00:00:00.000Z;0.0810
2022-08-30T00:00:00.000Z;0.0850
2022-08-31T00:00:00.000Z;0.0840
2022-09-01T00:00:00.000Z;0.0830
2022-09-02T00:00:00.000Z;0.0840
2022-09-03T00:00:00.000Z;0.132
2022-09-04T00:00:00.000Z;0.114
2022-09-05T00:00:00.000Z;0.0970
2022-09-06T00:00:00.000Z;0.0910
2022-09-07T00:00:00.000Z;0.0870
2022-09-08T00:00:00.000Z;0.0870
2022-09-09T00:00:00.000Z;0.0850
2022-09-10T00:00:00.000Z;0.0840
2022-09-11T00:00:00.000Z;0.0820
2022-09-12T00:00:00.000Z;0.0800
2022-09-13T00:00:00.000Z;0.0810
2022-09-14T00:00:00.000Z;0.0880
2022-09-15T00:00:00.000Z;0.0960
2022-09-16T00:00:00.000Z;0.104
2022-09-17T00:00:00.000Z;0.112
2022-09-18T00:00:00.000Z;0.121
2022-09-19T00:00:00.000Z;0.131
2022-09-20T00:00:00.000Z;0.140
2022-09-21T00:00:00.000Z;0.149
2022-09-22T00:00:00.000Z;0.160
2022-09-23T00:00:00.000Z;0.171
2022-09-24T00:00:00.000Z;0.181
2022-09-25T00:00:00.000Z;0.192
2022-09-26T00:00:00.000Z;0.203
2022-09-27T00:00:00.000Z;0.213
2022-09-28T00:00:00.000Z;0.224
2022-09-29T00:00:00.000Z;0.235
2022-09-30T00:00:00.000Z;0.247
2022-10-01T00:00:00.000Z;0.188
2022-10-02T00:00:00.000Z;0.127
2022-10-03T00:00:00.000Z;0.0950
2022-10-04T00:00:00.000Z;0.0950
2022-10-05T00:00:00.000Z;0.0870
2022-10-06T00:00:00.000Z;0.0780
2022-10-07T00:00:00.000Z;0.0750
2022-10-08T00:00:00.000Z;0.0730
2022-10-09T00:00:00.000Z;0.0710
2022-10-10T00:00:00.000Z;0.0680
2022-10-11T00:00:00.000Z;0.201
2022-10-12T00:00:00.000Z;0.335
2022-10-13T00:00:00.000Z;0.141
2022-10-14T00:00:00.000Z;0.109
2022-10-15T00:00:00.000Z;0.0930
2022-10-16T00:00:00.000Z;0.0810
2022-10-17T00:00:00.000Z;0.0730
2022-10-18T00:00:00.000Z;0.0700
2022-10-19T00:00:00.000Z;0.0680
2022-10-20T00:00:00.000Z;0.0670
2022-10-21T00:00:00.000Z;0.0650
2022-10-22T00:00:00.000Z;0.0630
2022-10-23T00:00:00.000Z;0.0600
2022-10-24T00:00:00.000Z;0.0620
2022-10-25T00:00:00.000Z;0.0600
2022-10-26T00:00:00.000Z;0.0590
2022-10-27T00:00:00.000Z;0.0580
2022-10-28T00:00:00.000Z;0.0560
2022-10-29T00:00:00.000Z;0.0550
2022-10-30T00:00:00.000Z;0.0550
2022-10-31T00:00:00.000Z;0.0540
2022-11-01T00:00:00.000Z;0.0540
2022-11-02T00:00:00.000Z;0.0550
2022-11-03T00:00:00.000Z;0.0560
2022-11-04T00:00:00.000Z;0.0890
2022-11-05T00:00:00.000Z;0.304
2022-11-06T00:00:00.000Z;0.130
2022-11-07T00:00:00.000Z;0.101
2022-11-08T00:00:00.000Z;0.0840
2022-11-09T00:00:00.000Z;0.0960
2022-11-10T00:00:00.000Z;0.198
2022-11-11T00:00:00.000Z;0.127
2022-11-12T00:00:00.000Z;0.102
2022-11-13T00:00:00.000Z;0.0890
2022-11-14T00:00:00.000Z;0.0800
2022-11-15T00:00:00.000Z;0.0760
2022-11-16T00:00:00.000Z;0.0730
2022-11-17T00:00:00.000Z;0.0710
2022-11-18T00:00:00.000Z;0.0740
2022-11-19T00:00:00.000Z;0.0890
2022-11-20T00:00:00.000Z;0.147
2022-11-21T00:00:00.000Z;0.507
2022-11-25T00:00:00.000Z;0.648
2022-11-26T00:00:00.000Z;0.443
2022-11-27T00:00:00.000Z;0.270
2022-11-28T00:00:00.000Z;0.220
2022-11-29T00:00:00.000Z;0.577
2022-11-30T00:00:00.000Z;0.822
2022-12-01T00:00:00.000Z;0.372
2022-12-02T00:00:00.000Z;0.252
2022-12-03T00:00:00.000Z;0.208
2022-12-04T00:00:00.000Z;0.179
2022-12-05T00:00:00.000Z;0.152
2022-12-06T00:00:00.000Z;0.139
2022-12-07T00:00:00.000Z;0.131
2022-12-08T00:00:00.000Z;0.128
2022-12-09T00:00:00.000Z;0.126
2022-12-10T00:00:00.000Z;0.273
2022-12-11T00:00:00.000Z;0.270
2022-12-12T00:00:00.000Z;0.204
2022-12-13T00:00:00.000Z;0.218
2022-12-14T00:00:00.000Z;0.260
2022-12-15T00:00:00.000Z;0.283
2022-12-16T00:00:00.000Z;0.451
2022-12-17T00:00:00.000Z;0.398
2022-12-18T00:00:00.000Z;0.282
2022-12-19T00:00:00.000Z;0.221
2022-12-20T00:00:00.000Z;0.189
2022-12-21T00:00:00.000Z;0.168
2022-12-22T00:00:00.000Z;0.153
2022-12-23T00:00:00.000Z;0.143
2022-12-24T00:00:00.000Z;0.137
2022-12-25T00:00:00.000Z;0.130
2022-12-26T00:00:00.000Z;0.122
2022-12-27T00:00:00.000Z;0.115
2022-12-28T00:00:00.000Z;0.112
2022-12-29T00:00:00.000Z;0.109
2022-12-30T00:00:00.000Z;0.108
2022-12-31T00:00:00.000Z;0.104
2023-01-01T00:00:00.000Z;0.100
2023-01-02T00:00:00.000Z;0.0970
2023-01-03T00:00:00.000Z;0.100
2023-01-04T00:00:00.000Z;0.0990
2023-01-05T00:00:00.000Z;0.0980
2023-01-06T00:00:00.000Z;0.0980
2023-01-07T00:00:00.000Z;0.0970
2023-01-08T00:00:00.000Z;0.0980
2023-01-09T00:00:00.000Z;0.393
2023-01-10T00:00:00.000Z;0.485
2023-01-11T00:00:00.000Z;0.273
2023-01-12T00:00:00.000Z;0.241
2023-01-13T00:00:00.000Z;0.211
2023-01-14T00:00:00.000Z;0.186
2023-01-15T00:00:00.000Z;0.201
2023-01-19T00:00:00.000Z;0.878
2023-01-21T00:00:00.000Z;1.26
2023-01-22T00:00:00.000Z;0.449
2023-01-23T00:00:00.000Z;0.312
2023-01-24T00:00:00.000Z;0.248
2023-01-25T00:00:00.000Z;0.212
2023-01-26T00:00:00.000Z;0.195
2023-01-27T00:00:00.000Z;0.180
2023-01-28T00:00:00.000Z;0.163
2023-01-29T00:00:00.000Z;0.149
2023-01-30T00:00:00.000Z;0.141
2023-01-31T00:00:00.000Z;0.138
2023-02-01T00:00:00.000Z;0.159
2023-02-02T00:00:00.000Z;0.194
2023-02-03T00:00:00.000Z;0.219
2023-02-04T00:00:00.000Z;0.229
2023-02-05T00:00:00.000Z;0.211
2023-02-06T00:00:00.000Z;0.189
2023-02-07T00:00:00.000Z;0.187
2023-02-08T00:00:00.000Z;0.171
2023-02-09T00:00:00.000Z;0.157
2023-02-10T00:00:00.000Z;0.145
2023-02-11T00:00:00.000Z;0.140
2023-02-12T00:00:00.000Z;0.135
2023-02-13T00:00:00.000Z;0.131
2023-02-14T00:00:00.000Z;0.130
2023-02-15T00:00:00.000Z;0.139
2023-02-16T00:00:00.000Z;0.147
2023-02-17T00:00:00.000Z;0.140
2023-02-18T00:00:00.000Z;0.152
2023-02-19T00:00:00.000Z;0.184
2023-02-20T00:00:00.000Z;0.191
2023-02-21T00:00:00.000Z;0.210
2023-02-22T00:00:00.000Z;0.182
2023-02-23T00:00:00.000Z;0.161
2023-02-24T00:00:00.000Z;0.148
2023-02-25T00:00:00.000Z;0.167
2023-02-26T00:00:00.000Z;0.175
2023-02-27T00:00:00.000Z;0.168
2023-02-28T00:00:00.000Z;0.152
2023-03-01T00:00:00.000Z;0.142
2023-03-02T00:00:00.000Z;0.136
2023-03-03T00:00:00.000Z;0.130
2023-03-04T00:00:00.000Z;0.135
2023-03-05T00:00:00.000Z;0.175
2023-03-06T00:00:00.000Z;0.192
2023-03-07T00:00:00.000Z;0.199
2023-03-08T00:00:00.000Z;0.311
2023-03-09T00:00:00.000Z;0.289
2023-03-10T00:00:00.000Z;0.268
2023-03-11T00:00:00.000Z;0.258
2023-03-12T00:00:00.000Z;0.636
2023-03-13T00:00:00.000Z;0.514
2023-03-14T00:00:00.000Z;0.631
2023-03-15T00:00:00.000Z;0.593
2023-03-16T00:00:00.000Z;0.382
2023-03-17T00:00:00.000Z;0.286
2023-03-18T00:00:00.000Z;0.233
2023-03-19T00:00:00.000Z;0.204
2023-03-20T00:00:00.000Z;0.185
2023-03-21T00:00:00.000Z;0.174
2023-03-22T00:00:00.000Z;0.164
2023-03-23T00:00:00.000Z;0.156
2023-03-24T00:00:00.000Z;0.149
2023-03-25T00:00:00.000Z;0.142
2023-03-26T00:00:00.000Z;0.141
2023-03-27T00:00:00.000Z;0.440
2023-03-28T00:00:00.000Z;0.396
2023-03-29T00:00:00.000Z;0.252
2023-03-30T00:00:00.000Z;0.210
2023-03-31T00:00:00.000Z;0.190
2023-04-01T00:00:00.000Z;0.175
2023-04-05T00:00:00.000Z;0.465
2023-04-06T00:00:00.000Z;0.326
2023-04-07T00:00:00.000Z;0.275
2023-04-08T00:00:00.000Z;0.237
2023-04-09T00:00:00.000Z;0.211
2023-04-10T00:00:00.000Z;0.192
2023-04-11T00:00:00.000Z;0.179
2023-04-12T00:00:00.000Z;0.177
2023-04-13T00:00:00.000Z;0.221
2023-04-14T00:00:00.000Z;0.327
2023-04-15T00:00:00.000Z;1.00
2023-04-16T00:00:00.000Z;0.665
2023-04-17T00:00:00.000Z;0.365
2023-04-18T00:00:00.000Z;0.282
2023-04-19T00:00:00.000Z;0.238
2023-04-20T00:00:00.000Z;0.214
2023-04-21T00:00:00.000Z;0.198
2023-04-22T00:00:00.000Z;0.184
2023-04-23T00:00:00.000Z;0.171
2023-04-24T00:00:00.000Z;0.190
2023-04-25T00:00:00.000Z;0.245
2023-04-26T00:00:00.000Z;0.369
2023-04-27T00:00:00.000Z;0.267
2023-04-28T00:00:00.000Z;0.223
2023-04-29T00:00:00.000Z;0.197
2023-04-30T00:00:00.000Z;0.207
2023-05-01T00:00:00.000Z;0.218
2023-05-02T00:00:00.000Z;0.197
2023-05-03T00:00:00.000Z;0.180
2023-05-04T00:00:00.000Z;0.162
2023-05-05T00:00:00.000Z;0.152
2023-05-06T00:00:00.000Z;0.146
2023-05-07T00:00:00.000Z;0.222
2023-05-08T00:00:00.000Z;0.399
2023-05-09T00:00:00.000Z;0.250
2023-05-10T00:00:00.000Z;0.339
2023-05-11T00:00:00.000Z;0.250
2023-05-12T00:00:00.000Z;0.208
2023-05-13T00:00:00.000Z;0.396
2023-05-14T00:00:00.000Z;0.740
2023-05-15T00:00:00.000Z;0.875
2023-05-17T00:00:00.000Z;1.29
2023-05-18T00:00:00.000Z;0.654
2023-05-19T00:00:00.000Z;0.342
2023-05-20T00:00:00.000Z;0.377
2023-05-21T00:00:00.000Z;0.319
2023-05-22T00:00:00.000Z;0.263
2023-05-23T00:00:00.000Z;0.474
2023-05-27T00:00:00.000Z;1.01
2023-05-28T00:00:00.000Z;0.530
2023-05-29T00:00:00.000Z;0.377
2023-05-30T00:00:00.000Z;0.479
2023-05-31T00:00:00.000Z;0.375
2023-06-01T00:00:00.000Z;0.938
2023-06-02T00:00:00.000Z;0.624
2023-06-03T00:00:00.000Z;0.671
2023-06-04T00:00:00.000Z;0.826
2023-06-05T00:00:00.000Z;0.585
2023-06-06T00:00:00.000Z;0.502
2023-06-07T00:00:00.000Z;0.333
2023-06-08T00:00:00.000Z;0.276
2023-06-09T00:00:00.000Z;0.242
2023-06-10T00:00:00.000Z;0.218
2023-06-11T00:00:00.000Z;0.224
2023-06-12T00:00:00.000Z;0.217
2023-06-13T00:00:00.000Z;1.04
2023-06-15T00:00:00.000Z;1.01
2023-06-16T00:00:00.000Z;0.457
2023-06-17T00:00:00.000Z;0.302
2023-06-18T00:00:00.000Z;0.272
2023-06-19T00:00:00.000Z;0.374
2023-06-20T00:00:00.000Z;0.337
2023-06-21T00:00:00.000Z;0.262
2023-06-22T00:00:00.000Z;0.242
2023-06-23T00:00:00.000Z;0.235
2023-06-24T00:00:00.000Z;0.218
2023-06-25T00:00:00.000Z;0.198
2023-06-26T00:00:00.000Z;0.181
2023-06-27T00:00:00.000Z;0.173
2023-06-28T00:00:00.000Z;0.168
2023-06-29T00:00:00.000Z;0.164
2023-06-30T00:00:00.000Z;0.630
2023-07-01T00:00:00.000Z;0.395
2023-07-02T00:00:00.000Z;0.245
2023-07-03T00:00:00.000Z;0.215
2023-07-04T00:00:00.000Z;0.200
2023-07-05T00:00:00.000Z;0.186
2023-07-06T00:00:00.000Z;0.176
2023-07-07T00:00:00.000Z;0.167
2023-07-08T00:00:00.000Z;0.167
2023-07-09T00:00:00.000Z;0.155
2023-07-10T00:00:00.000Z;0.147
2023-07-11T00:00:00.000Z;0.143
2023-07-12T00:00:00.000Z;0.142
2023-07-13T00:00:00.000Z;0.144
2023-07-14T00:00:00.000Z;0.141
2023-07-15T00:00:00.000Z;0.135
2023-07-16T00:00:00.000Z;0.131
2023-07-17T00:00:00.000Z;0.125
2023-07-18T00:00:00.000Z;0.123
2023-07-19T00:00:00.000Z;0.123
2023-07-20T00:00:00.000Z;0.122
2023-07-21T00:00:00.000Z;0.122
2023-07-22T00:00:00.000Z;0.123
2023-07-23T00:00:00.000Z;0.119
2023-07-24T00:00:00.000Z;0.118
2023-07-25T00:00:00.000Z;0.144
2023-07-26T00:00:00.000Z;0.142
2023-07-27T00:00:00.000Z;0.129
2023-07-28T00:00:00.000Z;0.175
2023-07-29T00:00:00.000Z;0.143
2023-07-30T00:00:00.000Z;0.149
2023-07-31T00:00:00.000Z;0.218
2023-08-01T00:00:00.000Z;0.169
2023-08-02T00:00:00.000Z;0.145
2023-08-03T00:00:00.000Z;0.140
2023-08-04T00:00:00.000Z;0.149
2023-08-05T00:00:00.000Z;0.176
2023-08-06T00:00:00.000Z;0.146
2023-08-07T00:00:00.000Z;0.134
2023-08-08T00:00:00.000Z;0.127
2023-08-09T00:00:00.000Z;0.121
2023-08-10T00:00:00.000Z;0.116
2023-08-11T00:00:00.000Z;0.113
2023-08-12T00:00:00.000Z;0.110
2023-08-13T00:00:00.000Z;0.110
2023-08-14T00:00:00.000Z;0.109
2023-08-15T00:00:00.000Z;0.108
2023-08-16T00:00:00.000Z;0.108
2023-08-17T00:00:00.000Z;0.107
2023-08-18T00:00:00.000Z;0.104
2023-08-19T00:00:00.000Z;0.100
2023-08-20T00:00:00.000Z;0.0970
2023-08-21T00:00:00.000Z;0.0950
2023-08-22T00:00:00.000Z;0.0940
2023-08-23T00:00:00.000Z;0.0930
2023-08-24T00:00:00.000Z;0.0890
2023-08-25T00:00:00.000Z;0.0920
2023-08-26T00:00:00.000Z;0.108
2023-08-29T00:00:00.000Z;0.731
2023-08-30T00:00:00.000Z;0.256
2023-08-31T00:00:00.000Z;0.194
2023-09-01T00:00:00.000Z;0.162
2023-09-02T00:00:00.000Z;0.154
2023-09-03T00:00:00.000Z;0.147
2023-09-04T00:00:00.000Z;0.137
2023-09-05T00:00:00.000Z;0.129
2023-09-06T00:00:00.000Z;0.124
2023-09-07T00:00:00.000Z;0.119
2023-09-08T00:00:00.000Z;0.115
2023-09-09T00:00:00.000Z;0.112
2023-09-10T00:00:00.000Z;0.110
2023-09-11T00:00:00.000Z;0.106
2023-09-12T00:00:00.000Z;0.105
2023-09-13T00:00:00.000Z;0.113
2023-09-14T00:00:00.000Z;0.102
2023-09-15T00:00:00.000Z;0.100
2023-09-16T00:00:00.000Z;0.0990
2023-09-17T00:00:00.000Z;0.0960
2023-09-18T00:00:00.000Z;0.0970
2023-09-19T00:00:00.000Z;0.0950
2023-09-20T00:00:00.000Z;0.0950
2023-09-21T00:00:00.000Z;0.0950
2023-09-22T00:00:00.000Z;0.0990
2023-09-23T00:00:00.000Z;0.0960
2023-09-24T00:00:00.000Z;0.0930
2023-09-25T00:00:00.000Z;0.0900
2023-09-26T00:00:00.000Z;0.0870
2023-09-27T00:00:00.000Z;0.0850
2023-09-28T00:00:00.000Z;0.0840
2023-09-29T00:00:00.000Z;0.0810
2023-09-30T00:00:00.000Z;0.0810
2023-10-01T00:00:00.000Z;0.0800
2023-10-02T00:00:00.000Z;0.0780
2023-10-03T00:00:00.000Z;0.0760
2023-10-04T00:00:00.000Z;0.0780
2023-10-05T00:00:00.000Z;0.0800
2023-10-06T00:00:00.000Z;0.0770
2023-10-07T00:00:00.000Z;0.0750
2023-10-08T00:00:00.000Z;0.0740
2023-10-09T00:00:00.000Z;0.0720
2023-10-10T00:00:00.000Z;0.0720
2023-10-11T00:00:00.000Z;0.0720
2023-10-12T00:00:00.000Z;0.0700
2023-10-13T00:00:00.000Z;0.0690
2023-10-14T00:00:00.000Z;0.0690
2023-10-15T00:00:00.000Z;0.0940
2023-10-16T00:00:00.000Z;0.0940
2023-10-17T00:00:00.000Z;0.0830
2023-10-18T00:00:00.000Z;0.0770
2023-10-19T00:00:00.000Z;0.0770
2023-10-20T00:00:00.000Z;0.101
2023-10-21T00:00:00.000Z;0.0940
2023-10-22T00:00:00.000Z;0.0830
2023-10-23T00:00:00.000Z;0.0790
2023-10-24T00:00:00.000Z;0.0950
2023-10-25T00:00:00.000Z;0.107
2023-10-26T00:00:00.000Z;0.0900
2023-10-27T00:00:00.000Z;0.105
2023-10-28T00:00:00.000Z;0.0990
2023-10-29T00:00:00.000Z;0.0870
2023-10-30T00:00:00.000Z;0.0820
2023-10-31T00:00:00.000Z;0.0870
2023-11-01T00:00:00.000Z;0.0830
2023-11-02T00:00:00.000Z;0.286
2023-11-03T00:00:00.000Z;0.440
2023-11-04T00:00:00.000Z;0.373
2023-11-05T00:00:00.000Z;0.323
2023-11-06T00:00:00.000Z;0.181
2023-11-07T00:00:00.000Z;0.169
2023-11-08T00:00:00.000Z;0.147
2023-11-09T00:00:00.000Z;0.495
2023-11-10T00:00:00.000Z;0.441
2023-11-11T00:00:00.000Z;0.793
2023-11-12T00:00:00.000Z;1.38
2023-11-13T00:00:00.000Z;0.432
2023-11-14T00:00:00.000Z;0.238
2023-11-15T00:00:00.000Z;0.207
2023-11-16T00:00:00.000Z;0.244
2023-11-17T00:00:00.000Z;0.250
2023-11-18T00:00:00.000Z;0.212
2023-11-19T00:00:00.000Z;0.174
2023-11-20T00:00:00.000Z;0.156
2023-11-24T00:00:00.000Z;0.506
2023-11-25T00:00:00.000Z;0.307
2023-11-26T00:00:00.000Z;0.285
2023-11-27T00:00:00.000Z;0.242
2023-11-29T00:00:00.000Z;1.02
2023-11-30T00:00:00.000Z;0.389
2023-12-04T00:00:00.000Z;0.484
2023-12-05T00:00:00.000Z;0.437
2023-12-06T00:00:00.000Z;0.415
2023-12-07T00:00:00.000Z;0.325
2023-12-10T00:00:00.000Z;0.558
2023-12-11T00:00:00.000Z;0.366
2023-12-12T00:00:00.000Z;0.305
2023-12-16T00:00:00.000Z;0.553
2023-12-17T00:00:00.000Z;0.369
2023-12-18T00:00:00.000Z;0.298
2023-12-19T00:00:00.000Z;0.257
2023-12-22T00:00:00.000Z;0.658
2023-12-23T00:00:00.000Z;0.472
2023-12-24T00:00:00.000Z;0.409
2023-12-25T00:00:00.000Z;0.328
2023-12-26T00:00:00.000Z;0.280
2023-12-27T00:00:00.000Z;0.247
2023-12-28T00:00:00.000Z;0.224
2023-12-29T00:00:00.000Z;0.209
2023-12-30T00:00:00.000Z;0.199
2023-12-31T00:00:00.000Z;0.189
2024-01-01T00:00:00.000Z;0.176
2024-01-02T00:00:00.000Z;0.168
2024-01-03T00:00:00.000Z;0.166
2024-01-04T00:00:00.000Z;0.157
2024-01-05T00:00:00.000Z;0.168
2024-01-06T00:00:00.000Z;0.345
2024-01-07T00:00:00.000Z;0.463
2024-01-08T00:00:00.000Z;0.366
2024-01-09T00:00:00.000Z;0.291
2024-01-10T00:00:00.000Z;0.258
2024-01-11T00:00:00.000Z;0.228
2024-01-12T00:00:00.000Z;0.211
2024-01-13T00:00:00.000Z;0.232
2024-01-14T00:00:00.000Z;0.383
2024-01-15T00:00:00.000Z;0.704
2024-01-16T00:00:00.000Z;0.673
2024-01-17T00:00:00.000Z;0.421
2024-01-18T00:00:00.000Z;0.317
2024-01-19T00:00:00.000Z;0.289
2024-01-20T00:00:00.000Z;0.273
2024-01-21T00:00:00.000Z;0.236
2024-01-22T00:00:00.000Z;0.217
2024-01-23T00:00:00.000Z;0.201
2024-01-24T00:00:00.000Z;0.189
2024-01-25T00:00:00.000Z;0.184
2024-01-26T00:00:00.000Z;0.175
2024-01-27T00:00:00.000Z;0.170
2024-01-28T00:00:00.000Z;0.165
2024-01-29T00:00:00.000Z;0.160
2024-01-30T00:00:00.000Z;0.153
2024-01-31T00:00:00.000Z;0.148
2024-02-01T00:00:00.000Z;0.145
2024-02-02T00:00:00.000Z;0.143
2024-02-03T00:00:00.000Z;0.141
2024-02-04T00:00:00.000Z;0.139
2024-02-05T00:00:00.000Z;0.137
2024-02-06T00:00:00.000Z;0.136
2024-02-07T00:00:00.000Z;0.133
2024-02-08T00:00:00.000Z;0.134
2024-02-09T00:00:00.000Z;0.137
2024-02-10T00:00:00.000Z;0.152
2024-02-11T00:00:00.000Z;0.187
2024-02-12T00:00:00.000Z;0.183
2024-02-13T00:00:00.000Z;0.168
2024-02-14T00:00:00.000Z;0.157
2024-02-15T00:00:00.000Z;0.156
2024-02-19T00:00:00.000Z;0.403
2024-02-20T00:00:00.000Z;0.409
2024-02-21T00:00:00.000Z;0.331
2024-02-22T00:00:00.000Z;0.287
2024-02-23T00:00:00.000Z;0.391
2024-02-24T00:00:00.000Z;0.377
2024-03-04T00:00:00.000Z;1.08
2024-03-05T00:00:00.000Z;1.50
2024-03-06T00:00:00.000Z;0.828
2024-03-07T00:00:00.000Z;0.575
2024-03-08T00:00:00.000Z;0.516
2024-03-09T00:00:00.000Z;0.447
2024-03-10T00:00:00.000Z;0.376
2024-03-13T00:00:00.000Z;0.615
2024-03-14T00:00:00.000Z;0.465
2024-03-15T00:00:00.000Z;0.422
2024-03-16T00:00:00.000Z;0.360
2024-03-17T00:00:00.000Z;0.315
2024-03-18T00:00:00.000Z;0.280
2024-03-19T00:00:00.000Z;0.251
2024-03-20T00:00:00.000Z;0.234
2024-03-21T00:00:00.000Z;0.217
2024-03-22T00:00:00.000Z;0.206
2024-03-23T00:00:00.000Z;0.202
2024-03-24T00:00:00.000Z;0.197
2024-03-25T00:00:00.000Z;0.198
2024-03-26T00:00:00.000Z;0.280
2024-03-27T00:00:00.000Z;0.579
2024-03-28T00:00:00.000Z;0.458
2024-03-29T00:00:00.000Z;0.394
2024-03-30T00:00:00.000Z;0.745
2024-03-31T00:00:00.000Z;0.509
2024-04-01T00:00:00.000Z;0.378
2024-04-02T00:00:00.000Z;0.323
2024-04-03T00:00:00.000Z;0.286
2024-04-04T00:00:00.000Z;0.256
2024-04-05T00:00:00.000Z;0.236
2024-04-06T00:00:00.000Z;0.221
2024-04-07T00:00:00.000Z;0.210
2024-04-08T00:00:00.000Z;0.205
2024-04-09T00:00:00.000Z;0.219
2024-04-10T00:00:00.000Z;0.243
2024-04-11T00:00:00.000Z;0.225
2024-04-12T00:00:00.000Z;0.214
2024-04-13T00:00:00.000Z;0.213
2024-04-14T00:00:00.000Z;0.207
2024-04-15T00:00:00.000Z;0.191
2024-04-16T00:00:00.000Z;0.184
2024-04-17T00:00:00.000Z;0.184
2024-04-18T00:00:00.000Z;0.182
2024-04-19T00:00:00.000Z;0.185
2024-04-20T00:00:00.000Z;0.182
2024-04-21T00:00:00.000Z;0.176
2024-04-22T00:00:00.000Z;0.172
2024-04-23T00:00:00.000Z;0.168
2024-04-24T00:00:00.000Z;0.170
2024-04-25T00:00:00.000Z;0.177
2024-04-26T00:00:00.000Z;0.180
2024-04-27T00:00:00.000Z;0.193
2024-04-28T00:00:00.000Z;0.278
2024-04-29T00:00:00.000Z;0.730
2024-05-01T00:00:00.000Z;0.762
2024-05-02T00:00:00.000Z;1.37
2024-05-03T00:00:00.000Z;0.513
2024-05-04T00:00:00.000Z;0.357
2024-05-05T00:00:00.000Z;0.304
2024-05-06T00:00:00.000Z;0.276
2024-05-10T00:00:00.000Z;0.423
2024-05-11T00:00:00.000Z;0.319
2024-05-12T00:00:00.000Z;0.271
2024-05-13T00:00:00.000Z;0.243
2024-05-14T00:00:00.000Z;0.755
2024-05-15T00:00:00.000Z;0.670
2024-05-16T00:00:00.000Z;0.444
2024-05-17T00:00:00.000Z;0.350
2024-05-18T00:00:00.000Z;0.296
2024-05-19T00:00:00.000Z;0.284
2024-05-20T00:00:00.000Z;0.550
2024-05-21T00:00:00.000Z;0.470
2024-05-22T00:00:00.000Z;0.365
2024-05-23T00:00:00.000Z;0.353
2024-05-24T00:00:00.000Z;0.366
2024-05-25T00:00:00.000Z;0.339
2024-05-26T00:00:00.000Z;0.289
2024-05-27T00:00:00.000Z;0.376
2024-05-28T00:00:00.000Z;0.758
2024-05-29T00:00:00.000Z;0.406
2024-05-30T00:00:00.000Z;0.317
2024-05-31T00:00:00.000Z;0.283
2024-06-01T00:00:00.000Z;0.307
2024-06-02T00:00:00.000Z;0.307
2024-06-03T00:00:00.000Z;0.273
2024-06-04T00:00:00.000Z;0.247
2024-06-05T00:00:00.000Z;0.229
2024-06-06T00:00:00.000Z;0.216
2024-06-07T00:00:00.000Z;0.205
2024-06-08T00:00:00.000Z;0.199
2024-06-09T00:00:00.000Z;0.959
2024-06-10T00:00:00.000Z;0.539
2024-06-11T00:00:00.000Z;0.477
2024-06-12T00:00:00.000Z;1.68
2024-06-13T00:00:00.000Z;0.548
2024-06-14T00:00:00.000Z;0.341
2024-06-15T00:00:00.000Z;0.304
2024-06-16T00:00:00.000Z;0.302
2024-06-17T00:00:00.000Z;0.254
2024-06-18T00:00:00.000Z;0.229
2024-06-19T00:00:00.000Z;0.217
2024-06-23T00:00:00.000Z;0.433
2024-06-24T00:00:00.000Z;0.331
2024-06-25T00:00:00.000Z;0.289
2024-06-26T00:00:00.000Z;0.255
2024-06-27T00:00:00.000Z;0.233
2024-06-28T00:00:00.000Z;0.221
2024-06-29T00:00:00.000Z;0.228
2024-06-30T00:00:00.000Z;0.265
2024-07-01T00:00:00.000Z;0.334
2024-07-02T00:00:00.000Z;0.344
2024-07-03T00:00:00.000Z;0.306
2024-07-04T00:00:00.000Z;0.251
2024-07-05T00:00:00.000Z;0.228
2024-07-06T00:00:00.000Z;0.268
2024-07-07T00:00:00.000Z;0.660
2024-07-08T00:00:00.000Z;0.426
2024-07-09T00:00:00.000Z;0.278
2024-07-10T00:00:00.000Z;0.231
2024-07-11T00:00:00.000Z;0.211
2024-07-12T00:00:00.000Z;0.218
2024-07-13T00:00:00.000Z;0.385
2024-07-14T00:00:00.000Z;0.291
2024-07-15T00:00:00.000Z;0.235
2024-07-16T00:00:00.000Z;0.209
2024-07-17T00:00:00.000Z;0.194
2024-07-18T00:00:00.000Z;0.185
2024-07-19T00:00:00.000Z;0.178
2024-07-20T00:00:00.000Z;0.173
2024-07-21T00:00:00.000Z;0.181
2024-07-22T00:00:00.000Z;0.169
2024-07-23T00:00:00.000Z;0.161
2024-07-24T00:00:00.000Z;0.158
2024-07-25T00:00:00.000Z;0.157
2024-07-26T00:00:00.000Z;0.157
2024-07-27T00:00:00.000Z;0.153
2024-07-28T00:00:00.000Z;0.149
2024-07-29T00:00:00.000Z;0.146
2024-07-30T00:00:00.000Z;0.145
2024-07-31T00:00:00.000Z;0.148
2024-08-01T00:00:00.000Z;0.143
2024-08-02T00:00:00.000Z;0.143
2024-08-03T00:00:00.000Z;0.144
2024-08-04T00:00:00.000Z;0.143
2024-08-05T00:00:00.000Z;0.139
2024-08-06T00:00:00.000Z;0.138
2024-08-07T00:00:00.000Z;0.141
2024-08-08T00:00:00.000Z;0.140
2024-08-09T00:00:00.000Z;0.137
2024-08-10T00:00:00.000Z;0.136
2024-08-11T00:00:00.000Z;0.135
2024-08-12T00:00:00.000Z;0.134
2024-08-13T00:00:00.000Z;0.135
2024-08-14T00:00:00.000Z;0.168
2024-08-15T00:00:00.000Z;0.239
2024-08-16T00:00:00.000Z;0.174
2024-08-17T00:00:00.000Z;0.155
2024-08-18T00:00:00.000Z;0.168
2024-08-19T00:00:00.000Z;0.192
2024-08-20T00:00:00.000Z;0.161
2024-08-21T00:00:00.000Z;0.149
2024-08-22T00:00:00.000Z;0.144
2024-08-23T00:00:00.000Z;0.139
2024-08-24T00:00:00.000Z;0.153
2024-08-25T00:00:00.000Z;0.265
2024-08-26T00:00:00.000Z;0.174
2024-08-27T00:00:00.000Z;0.148
2024-08-28T00:00:00.000Z;0.136
2024-08-29T00:00:00.000Z;0.131
2024-08-30T00:00:00.000Z;0.134
2024-08-31T00:00:00.000Z;0.133
2024-09-01T00:00:00.000Z;0.268
2024-09-06T00:00:00.000Z;0.845
2024-09-07T00:00:00.000Z;0.718
2024-09-08T00:00:00.000Z;0.527
2024-09-09T00:00:00.000Z;0.369
2024-09-10T00:00:00.000Z;0.305
2024-09-11T00:00:00.000Z;0.264
2024-09-13T00:00:00.000Z;1.11
2024-09-14T00:00:00.000Z;0.565
2024-09-15T00:00:00.000Z;0.320
2024-09-16T00:00:00.000Z;0.258
2024-09-17T00:00:00.000Z;0.229
2024-09-18T00:00:00.000Z;0.209
2024-09-19T00:00:00.000Z;0.193
2024-09-20T00:00:00.000Z;0.183
2024-09-21T00:00:00.000Z;0.176
2024-09-22T00:00:00.000Z;0.170
2024-09-23T00:00:00.000Z;0.164
2024-09-24T00:00:00.000Z;0.160
2024-09-25T00:00:00.000Z;0.156
2024-09-26T00:00:00.000Z;0.154
2024-09-27T00:00:00.000Z;0.164
2024-09-28T00:00:00.000Z;0.186
2024-09-29T00:00:00.000Z;0.169
2024-09-30T00:00:00.000Z;0.157
2024-10-01T00:00:00.000Z;0.151
2024-10-02T00:00:00.000Z;0.267
2024-10-03T00:00:00.000Z;1.15
2024-10-04T00:00:00.000Z;0.447
2024-10-05T00:00:00.000Z;0.260
2024-10-06T00:00:00.000Z;0.214
2024-10-07T00:00:00.000Z;0.191
2024-10-08T00:00:00.000Z;0.184
2024-10-09T00:00:00.000Z;0.182
2024-10-10T00:00:00.000Z;0.313
2024-10-11T00:00:00.000Z;0.246
2024-10-12T00:00:00.000Z;0.208
2024-10-13T00:00:00.000Z;0.182
2024-10-14T00:00:00.000Z;0.167
2024-10-15T00:00:00.000Z;0.161
2024-10-16T00:00:00.000Z;0.156
2024-10-20T00:00:00.000Z;0.904
2024-10-21T00:00:00.000Z;0.554
2024-10-22T00:00:00.000Z;0.395
2024-10-23T00:00:00.000Z;0.410
2024-10-24T00:00:00.000Z;0.311
2024-10-25T00:00:00.000Z;0.283
2024-10-26T00:00:00.000Z;1.21
2024-10-27T00:00:00.000Z;1.25
2024-10-28T00:00:00.000Z;0.556
2024-10-29T00:00:00.000Z;0.387
2024-10-30T00:00:00.000Z;0.319
2024-10-31T00:00:00.000Z;0.280
2024-11-01T00:00:00.000Z;0.249
2024-11-02T00:00:00.000Z;0.223
2024-11-03T00:00:00.000Z;0.207
2024-11-04T00:00:00.000Z;0.194
2024-11-05T00:00:00.000Z;0.183
2024-11-06T00:00:00.000Z;0.173
2024-11-07T00:00:00.000Z;0.165
2024-11-08T00:00:00.000Z;0.160
2024-11-09T00:00:00.000Z;0.155
2024-11-10T00:00:00.000Z;0.148
2024-11-11T00:00:00.000Z;0.143
2024-11-12T00:00:00.000Z;0.145
2024-11-13T00:00:00.000Z;0.159
2024-11-14T00:00:00.000Z;0.158
2024-11-15T00:00:00.000Z;0.153
2024-11-16T00:00:00.000Z;0.147
2024-11-17T00:00:00.000Z;0.143
2024-11-18T00:00:00.000Z;0.139
2024-11-19T00:00:00.000Z;0.136
2024-11-20T00:00:00.000Z;0.351
2024-11-23T00:00:00.000Z;1.31
2024-11-24T00:00:00.000Z;0.595
2024-11-25T00:00:00.000Z;0.375
2024-11-26T00:00:00.000Z;0.545
2024-11-27T00:00:00.000Z;0.413
2024-11-28T00:00:00.000Z;0.313
2024-11-29T00:00:00.000Z;0.270
2024-11-30T00:00:00.000Z;0.237
2024-12-01T00:00:00.000Z;0.219
2024-12-02T00:00:00.000Z;0.210
2024-12-03T00:00:00.000Z;0.292
2024-12-04T00:00:00.000Z;0.375
2024-12-05T00:00:00.000Z;0.358
2024-12-10T00:00:00.000Z;1.50
2024-12-11T00:00:00.000Z;1.20
2024-12-12T00:00:00.000Z;0.656
2024-12-13T00:00:00.000Z;0.648
2024-12-14T00:00:00.000Z;0.676
2024-12-15T00:00:00.000Z;1.04
2024-12-16T00:00:00.000Z;0.836
2024-12-17T00:00:00.000Z;1.01
2024-12-18T00:00:00.000Z;1.13
2024-12-20T00:00:00.000Z;1.20
2024-12-21T00:00:00.000Z;1.11
2024-12-24T00:00:00.000Z;1.42
2024-12-25T00:00:00.000Z;1.26
2024-12-26T00:00:00.000Z;0.943
2024-12-27T00:00:00.000Z;0.605
2024-12-28T00:00:00.000Z;0.411
2024-12-29T00:00:00.000Z;0.337
2024-12-30T00:00:00.000Z;0.297
2024-12-31T00:00:00.000Z;0.267
2025-01-01T00:00:00.000Z;0.242
2025-01-02T00:00:00.000Z;0.228
2025-01-03T00:00:00.000Z;0.217
2025-01-04T00:00:00.000Z;0.605
2025-01-05T00:00:00.000Z;0.636
2025-01-06T00:00:00.000Z;0.405
2025-01-07T00:00:00.000Z;0.462
2025-01-08T00:00:00.000Z;0.397
2025-01-09T00:00:00.000Z;0.321
2025-01-10T00:00:00.000Z;0.273
2025-01-13T00:00:00.000Z;1.06
2025-01-14T00:00:00.000Z;0.511
2025-01-15T00:00:00.000Z;0.372
2025-01-16T00:00:00.000Z;0.312
2025-01-17T00:00:00.000Z;0.275
2025-01-18T00:00:00.000Z;0.248
2025-01-19T00:00:00.000Z;0.230
2025-01-20T00:00:00.000Z;0.217
2025-01-21T00:00:00.000Z;0.205
2025-01-22T00:00:00.000Z;0.196
2025-01-23T00:00:00.000Z;0.195
2025-01-24T00:00:00.000Z;0.198
2025-01-25T00:00:00.000Z;0.195
2025-01-26T00:00:00.000Z;0.192
2025-01-27T00:00:00.000Z;0.194
2025-01-28T00:00:00.000Z;0.284
2025-01-29T00:00:00.000Z;0.427
2025-01-30T00:00:00.000Z;0.524
2025-02-01T00:00:00.000Z;1.25
2025-02-02T00:00:00.000Z;0.708
2025-02-03T00:00:00.000Z;0.495
2025-02-04T00:00:00.000Z;0.377
2025-02-05T00:00:00.000Z;0.313
2025-02-06T00:00:00.000Z;0.278
2025-02-07T00:00:00.000Z;0.260
2025-02-08T00:00:00.000Z;0.274
2025-02-09T00:00:00.000Z;0.309
2025-02-10T00:00:00.000Z;0.870
2025-02-11T00:00:00.000Z;0.542
2025-02-12T00:00:00.000Z;0.392
2025-02-13T00:00:00.000Z;0.587
2025-02-14T00:00:00.000Z;0.466
2025-02-15T00:00:00.000Z;0.375
2025-02-16T00:00:00.000Z;0.312
2025-02-17T00:00:00.000Z;0.272
2025-02-18T00:00:00.000Z;0.247
2025-02-19T00:00:00.000Z;0.226
2025-02-20T00:00:00.000Z;0.209
2025-02-21T00:00:00.000Z;0.199
2025-02-22T00:00:00.000Z;0.198
2025-02-23T00:00:00.000Z;0.216
2025-02-24T00:00:00.000Z;0.217
2025-02-25T00:00:00.000Z;0.211
2025-02-26T00:00:00.000Z;0.198
2025-02-27T00:00:00.000Z;0.190
2025-02-28T00:00:00.000Z;0.182
2025-03-01T00:00:00.000Z;0.175
2025-03-02T00:00:00.000Z;0.167
2025-03-03T00:00:00.000Z;0.161
2025-03-04T00:00:00.000Z;0.156
2025-03-05T00:00:00.000Z;0.151
2025-03-06T00:00:00.000Z;0.148
2025-03-07T00:00:00.000Z;0.147
2025-03-08T00:00:00.000Z;0.146
2025-03-09T00:00:00.000Z;0.169
2025-03-10T00:00:00.000Z;0.182
2025-03-11T00:00:00.000Z;0.180
2025-03-12T00:00:00.000Z;0.313
2025-03-13T00:00:00.000Z;0.416
2025-03-14T00:00:00.000Z;0.797
2025-03-15T00:00:00.000Z;0.580
2025-03-16T00:00:00.000Z;0.464
2025-03-17T00:00:00.000Z;0.400
2025-03-18T00:00:00.000Z;0.430
2025-03-19T00:00:00.000Z;0.429
2025-03-20T00:00:00.000Z;0.327
2025-03-21T00:00:00.000Z;0.270
2025-03-22T00:00:00.000Z;0.248
2025-03-23T00:00:00.000Z;0.278
2025-03-24T00:00:00.000Z;0.394
2025-03-25T00:00:00.000Z;0.448
2025-03-26T00:00:00.000Z;0.717
2025-03-27T00:00:00.000Z;0.529
2025-03-28T00:00:00.000Z;0.357
2025-03-29T00:00:00.000Z;0.672
2025-03-30T00:00:00.000Z;0.767
2025-03-31T00:00:00.000Z;0.513
2025-04-01T00:00:00.000Z;0.394
2025-04-02T00:00:00.000Z;0.318
2025-04-03T00:00:00.000Z;0.260
2025-04-04T00:00:00.000Z;0.230
2025-04-05T00:00:00.000Z;0.213
2025-04-06T00:00:00.000Z;0.197
2025-04-07T00:00:00.000Z;0.184
2025-04-08T00:00:00.000Z;0.173
2025-04-09T00:00:00.000Z;0.166
2025-04-10T00:00:00.000Z;0.159
2025-04-11T00:00:00.000Z;0.153
2025-04-12T00:00:00.000Z;0.150
2025-04-13T00:00:00.000Z;0.157
2025-04-14T00:00:00.000Z;0.270
2025-04-15T00:00:00.000Z;0.558
2025-04-16T00:00:00.000Z;1.82
2025-04-18T00:00:00.000Z;1.02
2025-04-19T00:00:00.000Z;0.613
2025-04-20T00:00:00.000Z;0.729
2025-04-21T00:00:00.000Z;0.423
2025-04-22T00:00:00.000Z;0.572
2025-04-23T00:00:00.000Z;0.721
2025-04-24T00:00:00.000Z;0.434
2025-04-25T00:00:00.000Z;0.335
2025-04-26T00:00:00.000Z;0.312
2025-04-27T00:00:00.000Z;1.01
2025-04-28T00:00:00.000Z;0.616
2025-04-29T00:00:00.000Z;0.383
2025-04-30T00:00:00.000Z;0.298
2025-05-01T00:00:00.000Z;0.253
2025-05-02T00:00:00.000Z;0.223
2025-05-03T00:00:00.000Z;0.206
2025-05-04T00:00:00.000Z;0.382
2025-05-05T00:00:00.000Z;0.987
2025-05-06T00:00:00.000Z;0.844
2025-05-07T00:00:00.000Z;0.504
2025-05-08T00:00:00.000Z;0.337
2025-05-09T00:00:00.000Z;0.270
2025-05-10T00:00:00.000Z;0.230
2025-05-11T00:00:00.000Z;0.283
2025-05-12T00:00:00.000Z;0.401
2025-05-13T00:00:00.000Z;0.250
2025-05-14T00:00:00.000Z;0.211
2025-05-15T00:00:00.000Z;0.189
2025-05-16T00:00:00.000Z;0.172
2025-05-17T00:00:00.000Z;0.161
2025-05-18T00:00:00.000Z;0.151
2025-05-19T00:00:00.000Z;0.158
2025-05-20T00:00:00.000Z;0.466
2025-05-21T00:00:00.000Z;0.267
2025-05-22T00:00:00.000Z;0.246
2025-05-23T00:00:00.000Z;0.247
2025-05-24T00:00:00.000Z;0.198
2025-05-25T00:00:00.000Z;0.172
2025-05-26T00:00:00.000Z;0.153
2025-05-27T00:00:00.000Z;0.145
2025-05-28T00:00:00.000Z;0.136
2025-05-29T00:00:00.000Z;0.129
2025-05-30T00:00:00.000Z;0.125
2025-05-31T00:00:00.000Z;0.121
2025-06-01T00:00:00.000Z;0.117
2025-06-02T00:00:00.000Z;0.140
2025-06-03T00:00:00.000Z;0.216
2025-06-04T00:00:00.000Z;0.455
2025-06-05T00:00:00.000Z;0.324
2025-06-06T00:00:00.000Z;0.227
2025-06-07T00:00:00.000Z;0.194
2025-06-08T00:00:00.000Z;0.268
2025-06-09T00:00:00.000Z;0.219
2025-06-10T00:00:00.000Z;0.171
2025-06-11T00:00:00.000Z;0.146
2025-06-12T00:00:00.000Z;0.135
2025-06-13T00:00:00.000Z;0.125
2025-06-14T00:00:00.000Z;0.120
2025-06-15T00:00:00.000Z;0.115
2025-06-16T00:00:00.000Z;0.110
2025-06-17T00:00:00.000Z;0.105
2025-06-18T00:00:00.000Z;0.104
2025-06-19T00:00:00.000Z;0.102
2025-06-20T00:00:00.000Z;0.100
2025-06-21T00:00:00.000Z;0.0970
2025-06-22T00:00:00.000Z;0.0940
2025-06-23T00:00:00.000Z;0.0930
2025-06-24T00:00:00.000Z;0.0930
2025-06-25T00:00:00.000Z;0.0910
2025-06-26T00:00:00.000Z;0.0880
2025-06-27T00:00:00.000Z;0.0860
2025-06-28T00:00:00.000Z;0.0830
2025-06-29T00:00:00.000Z;0.0820
2025-06-30T00:00:00.000Z;0.0810
2025-07-01T00:00:00.000Z;0.0800
2025-07-02T00:00:00.000Z;0.0790
2025-07-03T00:00:00.000Z;0.0790
2025-07-04T00:00:00.000Z;0.0780
2025-07-05T00:00:00.000Z;0.0780
2025-07-06T00:00:00.000Z;0.0770
2025-07-07T00:00:00.000Z;0.0760
2025-07-08T00:00:00.000Z;0.0750
2025-07-09T00:00:00.000Z;0.0720
2025-07-10T00:00:00.000Z;0.0700
2025-07-11T00:00:00.000Z;0.0690
2025-07-12T00:00:00.000Z;0.0690
2025-07-13T00:00:00.000Z;0.0700
2025-07-14T00:00:00.000Z;0.0690
2025-07-15T00:00:00.000Z;0.0690
2025-07-16T00:00:00.000Z;0.0700
2025-07-17T00:00:00.000Z;0.0680
2025-07-18T00:00:00.000Z;0.0650
2025-07-19T00:00:00.000Z;0.0660
2025-07-20T00:00:00.000Z;0.0660
2025-07-21T00:00:00.000Z;0.0670
2025-07-22T00:00:00.000Z;0.0630
2025-07-23T00:00:00.000Z;0.0610
2025-07-24T00:00:00.000Z;0.0620
2025-07-25T00:00:00.000Z;0.0620
2025-07-26T00:00:00.000Z;0.0620
2025-07-27T00:00:00.000Z;0.0610
2025-07-28T00:00:00.000Z;0.0680
2025-07-29T00:00:00.000Z;0.0680
2025-07-30T00:00:00.000Z;0.0620
2025-07-31T00:00:00.000Z;0.0680
2025-08-01T00:00:00.000Z;0.0740
2025-08-02T00:00:00.000Z;0.0710
2025-08-03T00:00:00.000Z;0.0660
2025-08-04T00:00:00.000Z;0.0600
2025-08-05T00:00:00.000Z;0.0570
2025-08-06T00:00:00.000Z;0.0550
2025-08-07T00:00:00.000Z;0.0550
2025-08-08T00:00:00.000Z;0.0520
2025-08-09T00:00:00.000Z;0.0490
2025-08-10T00:00:00.000Z;0.0480
2025-08-11T00:00:00.000Z;0.0460
2025-08-12T00:00:00.000Z;0.0440
2025-08-13T00:00:00.000Z;0.0430
2025-08-14T00:00:00.000Z;0.0440
2025-08-15T00:00:00.000Z;0.0410
2025-08-16T00:00:00.000Z;0.0390
2025-08-17T00:00:00.000Z;0.0390
2025-08-18T00:00:00.000Z;0.0400
2025-08-19T00:00:00.000Z;0.0450
2025-08-20T00:00:00.000Z;0.0600
2025-08-21T00:00:00.000Z;0.0720
2025-08-22T00:00:00.000Z;0.111
2025-08-23T00:00:00.000Z;0.0670
2025-08-24T00:00:00.000Z;0.0550
2025-08-25T00:00:00.000Z;0.0480
2025-08-26T00:00:00.000Z;0.0460
2025-08-27T00:00:00.000Z;0.0490
2025-08-28T00:00:00.000Z;0.111
2025-08-29T00:00:00.000Z;0.100
2025-08-30T00:00:00.000Z;0.0740
2025-08-31T00:00:00.000Z;0.0630
2025-09-01T00:00:00.000Z;0.136
2025-09-02T00:00:00.000Z;0.135
2025-09-03T00:00:00.000Z;0.0800
2025-09-04T00:00:00.000Z;0.0650
2025-09-05T00:00:00.000Z;0.0650
2025-09-06T00:00:00.000Z;0.0590
2025-09-07T00:00:00.000Z;0.0510
2025-09-08T00:00:00.000Z;0.0570
2025-09-09T00:00:00.000Z;0.665
2025-09-10T00:00:00.000Z;0.217
2025-09-11T00:00:00.000Z;0.460
2025-09-12T00:00:00.000Z;0.192
2025-09-13T00:00:00.000Z;0.116
2025-09-14T00:00:00.000Z;0.0870
2025-09-15T00:00:00.000Z;0.0720
2025-09-16T00:00:00.000Z;0.0770
2025-09-17T00:00:00.000Z;0.0800
2025-09-18T00:00:00.000Z;0.0670
2025-09-19T00:00:00.000Z;0.0580
2025-09-20T00:00:00.000Z;0.0520
2025-09-21T00:00:00.000Z;0.148
2025-09-22T00:00:00.000Z;0.462
2025-09-23T00:00:00.000Z;0.515
2025-09-24T00:00:00.000Z;0.227
2025-09-25T00:00:00.000Z;0.134
2025-09-26T00:00:00.000Z;0.0990
2025-09-27T00:00:00.000Z;0.0800
2025-09-28T00:00:00.000Z;0.0690
2025-09-29T00:00:00.000Z;0.0610
2025-09-30T00:00:00.000Z;0.0550
2025-10-01T00:00:00.000Z;0.0520
2025-10-02T00:00:00.000Z;0.0470
2025-10-03T00:00:00.000Z;0.0430
2025-10-04T00:00:00.000Z;0.0410
2025-10-05T00:00:00.000Z;0.0480
2025-10-06T00:00:00.000Z;0.0450
2025-10-07T00:00:00.000Z;0.0410
2025-10-08T00:00:00.000Z;0.0380
2025-10-09T00:00:00.000Z;0.0350
2025-10-10T00:00:00.000Z;0.0340
2025-10-11T00:00:00.000Z;0.0340
2025-10-12T00:00:00.000Z;0.0330
2025-10-13T00:00:00.000Z;0.0320
2025-10-14T00:00:00.000Z;0.0310
2025-10-15T00:00:00.000Z;0.0300
2025-10-16T00:00:00.000Z;0.0290
2025-10-17T00:00:00.000Z;0.0280
2025-10-18T00:00:00.000Z;0.0280
2025-10-19T00:00:00.000Z;0.0280
2025-10-20T00:00:00.000Z;0.0300
2025-10-21T00:00:00.000Z;0.0310
2025-10-22T00:00:00.000Z;0.0290
2025-10-23T00:00:00.000Z;0.0650
2025-10-24T00:00:00.000Z;0.0710
2025-10-25T00:00:00.000Z;0.0530
2025-10-26T00:00:00.000Z;0.0510
2025-10-27T00:00:00.000Z;0.0530
2025-10-28T00:00:00.000Z;0.0490
2025-10-29T00:00:00.000Z;0.0490
2025-10-30T00:00:00.000Z;0.0520
2025-10-31T00:00:00.000Z;0.0510
2025-11-01T00:00:00.000Z;0.0500
2025-11-02T00:00:00.000Z;0.0550
2025-11-03T00:00:00.000Z;0.0620
2025-11-04T00:00:00.000Z;0.0610
2025-11-05T00:00:00.000Z;0.0590
2025-11-06T00:00:00.000Z;0.149
2025-11-07T00:00:00.000Z;0.623
2025-11-09T00:00:00.000Z;0.950
2025-11-10T00:00:00.000Z;0.245
2025-11-11T00:00:00.000Z;0.146
2025-11-12T00:00:00.000Z;0.107
2025-11-13T00:00:00.000Z;0.0870
2025-11-14T00:00:00.000Z;0.0720
2025-11-15T00:00:00.000Z;0.0640
2025-11-16T00:00:00.000Z;0.0570
2025-11-17T00:00:00.000Z;0.0510
2025-11-18T00:00:00.000Z;0.0990
2025-11-19T00:00:00.000Z;0.0900
2025-11-20T00:00:00.000Z;0.127
2025-11-21T00:00:00.000Z;0.153
2025-11-22T00:00:00.000Z;0.124
2025-11-23T00:00:00.000Z;0.984
2025-11-26T00:00:00.000Z;1.09
2025-11-27T00:00:00.000Z;0.373
2025-11-28T00:00:00.000Z;0.199
2025-11-29T00:00:00.000Z;0.154
2025-11-30T00:00:00.000Z;0.174
2025-12-01T00:00:00.000Z;0.245
2025-12-02T00:00:00.000Z;0.174
2025-12-03T00:00:00.000Z;0.139
2025-12-04T00:00:00.000Z;0.124
2025-12-05T00:00:00.000Z;0.546
2025-12-06T00:00:00.000Z;0.423
2025-12-07T00:00:00.000Z;0.233
2025-12-08T00:00:00.000Z;0.167
2025-12-09T00:00:00.000Z;0.136
2025-12-10T00:00:00.000Z;0.114
2025-12-11T00:00:00.000Z;0.100
2025-12-12T00:00:00.000Z;0.0910
2025-12-13T00:00:00.000Z;0.0790
2025-12-14T00:00:00.000Z;0.0730
2025-12-15T00:00:00.000Z;0.0710
2025-12-16T00:00:00.000Z;0.0680
2025-12-17T00:00:00.000Z;0.0640
2025-12-18T00:00:00.000Z;0.0600
2025-12-19T00:00:00.000Z;0.0570
2025-12-20T00:00:00.000Z;0.0540
2025-12-21T00:00:00.000Z;0.0540
2025-12-22T00:00:00.000Z;0.0530
2025-12-23T00:00:00.000Z;0.0510
2025-12-24T00:00:00.000Z;0.0610
2025-12-25T00:00:00.000Z;0.0700
2025-12-26T00:00:00.000Z;0.0710
2025-12-27T00:00:00.000Z;0.0810
2025-12-28T00:00:00.000Z;0.0800
2025-12-29T00:00:00.000Z;0.0700
2025-12-30T00:00:00.000Z;0.0620
2025-12-31T00:00:00.000Z;0.0570
2026-01-01T00:00:00.000Z;0.0520
2026-01-02T00:00:00.000Z;0.0470
2026-01-03T00:00:00.000Z;0.0460
2026-01-04T00:00:00.000Z;0.0490
2026-01-05T00:00:00.000Z;0.0470
2026-01-06T00:00:00.000Z;0.0430
2026-01-07T00:00:00.000Z;0.0390
2026-01-08T00:00:00.000Z;0.196
2026-01-11T00:00:00.000Z;1.16
2026-01-12T00:00:00.000Z;1.07
2026-01-13T00:00:00.000Z;1.09
2026-01-14T00:00:00.000Z;0.469
2026-01-15T00:00:00.000Z;0.255
2026-01-16T00:00:00.000Z;0.176
2026-01-17T00:00:00.000Z;0.150
2026-01-18T00:00:00.000Z;0.179
2026-01-19T00:00:00.000Z;0.179
2026-01-20T00:00:00.000Z;0.689
2026-01-21T00:00:00.000Z;0.487
2026-01-22T00:00:00.000Z;0.256
2026-01-23T00:00:00.000Z;0.202
2026-01-24T00:00:00.000Z;0.197
2026-01-25T00:00:00.000Z;0.682
2026-01-29T00:00:00.000Z;0.808
2026-01-30T00:00:00.000Z;0.387
2026-01-31T00:00:00.000Z;0.570
2026-02-02T00:00:00.000Z;0.919
2026-02-03T00:00:00.000Z;0.377
2026-02-04T00:00:00.000Z;0.235
2026-02-05T00:00:00.000Z;0.179
2026-02-06T00:00:00.000Z;0.148
2026-02-07T00:00:00.000Z;0.120
2026-02-08T00:00:00.000Z;0.107
2026-02-09T00:00:00.000Z;0.149
2026-02-13T00:00:00.000Z;0.814
2026-02-20T00:00:00.000Z;0.881
2026-02-21T00:00:00.000Z;0.849
2026-02-22T00:00:00.000Z;0.403
2026-02-23T00:00:00.000Z;0.272
2026-02-24T00:00:00.000Z;0.202
2026-02-25T00:00:00.000Z;0.162
2026-02-26T00:00:00.000Z;0.133
2026-02-27T00:00:00.000Z;0.113
2026-02-28T00:00:00.000Z;0.0990
2026-03-01T00:00:00.000Z;0.0880
2026-03-02T00:00:00.000Z;0.0780
2026-03-03T00:00:00.000Z;0.0690
2026-03-04T00:00:00.000Z;0.0600
2026-03-05T00:00:00.000Z;0.0560
2026-03-06T00:00:00.000Z;0.0680
2026-03-07T00:00:00.000Z;0.351
2026-03-08T00:00:00.000Z;0.250
2026-03-09T00:00:00.000Z;0.192
2026-03-10T00:00:00.000Z;0.134
2026-03-11T00:00:00.000Z;0.0960
2026-03-12T00:00:00.000Z;0.0780
2026-03-13T00:00:00.000Z;0.0710
2026-03-14T00:00:00.000Z;0.423
2026-03-15T00:00:00.000Z;0.487
2026-03-16T00:00:00.000Z;0.234
2026-03-17T00:00:00.000Z;0.150
2026-03-18T00:00:00.000Z;0.148
2026-03-19T00:00:00.000Z;0.126
2026-03-20T00:00:00.000Z;0.102
2026-03-21T00:00:00.000Z;0.0870
2026-03-22T00:00:00.000Z;0.0750
2026-03-23T00:00:00.000Z;0.0650
2026-03-24T00:00:00.000Z;0.0560
2026-03-25T00:00:00.000Z;0.0510
2026-03-26T00:00:00.000Z;0.0480
2026-03-27T00:00:00.000Z;0.0430
2026-03-28T00:00:00.000Z;0.0400
2026-03-29T00:00:00.000Z;0.0460
2026-03-30T00:00:00.000Z;0.0430
2026-03-31T00:00:00.000Z;0.158
2026-04-01T00:00:00.000Z;0.540
2026-04-02T00:00:00.000Z;0.860
2026-04-03T00:00:00.000Z;0.933
2026-04-04T00:00:00.000Z;0.343
2026-04-05T00:00:00.000Z;0.177
2026-04-06T00:00:00.000Z;0.106
2026-04-07T00:00:00.000Z;0.0810
2026-04-08T00:00:00.000Z;0.0630
2026-04-09T00:00:00.000Z;0.0490
2026-04-10T00:00:00.000Z;0.0410
2026-04-11T00:00:00.000Z;0.0360
2026-04-12T00:00:00.000Z;0.0490
2026-04-13T00:00:00.000Z;0.163
2026-04-14T00:00:00.000Z;0.197
2026-04-15T00:00:00.000Z;0.129
2026-04-16T00:00:00.000Z;0.0690
2026-04-17T00:00:00.000Z;0.0490
2026-04-18T00:00:00.000Z;0.0360
2026-04-19T00:00:00.000Z;0.0280
2026-04-20T00:00:00.000Z;0.0240
2026-04-21T00:00:00.000Z;0.0200
2026-04-22T00:00:00.000Z;0.0170
2026-04-23T00:00:00.000Z;0.0140
2026-04-24T00:00:00.000Z;0.0110
2026-04-25T00:00:00.000Z;0.0100
2026-04-26T00:00:00.000Z;0.00900
2026-04-27T00:00:00.000Z;0.0110
2026-04-28T00:00:00.000Z;0.0300
2026-04-29T00:00:00.000Z;0.0120
2026-04-30T00:00:00.000Z;0.00800
2026-05-01T00:00:00.000Z;0.00900
2026-05-02T00:00:00.000Z;0.0150
2026-05-03T00:00:00.000Z;0.00800
2026-05-04T00:00:00.000Z;0.176
2026-05-05T00:00:00.000Z;0.300
2026-05-06T00:00:00.000Z;0.0700
2026-05-07T00:00:00.000Z;0.0330
2026-05-08T00:00:00.000Z;0.0200
2026-05-09T00:00:00.000Z;0.0130
2026-05-10T00:00:00.000Z;0.00900
2026-05-11T00:00:00.000Z;0.00600
2026-05-12T00:00:00.000Z;0.00400
2026-05-13T00:00:00.000Z;0.0690
2026-05-14T00:00:00.000Z;0.0330
2026-05-15T00:00:00.000Z;0.0580
2026-05-16T00:00:00.000Z;0.485
2026-05-17T00:00:00.000Z;0.178
2026-05-18T00:00:00.000Z;0.667
2026-05-19T00:00:00.000Z;0.194
2026-05-20T00:00:00.000Z;0.0630
2026-05-21T00:00:00.000Z;0.0340
2026-05-22T00:00:00.000Z;0.0200
2026-05-23T00:00:00.000Z;0.0120
2026-05-24T00:00:00.000Z;0.00800
2026-05-25T00:00:00.000Z;0.00500
2026-05-26T00:00:00.000Z;0.00300
2026-05-27T00:00:00.000Z;0.00200
2026-05-28T00:00:00.000Z;0.00200
2026-05-29T00:00:00.000Z;0.00200
2026-05-30T00:00:00.000Z;0.00100
2026-05-31T00:00:00.000Z;0.00100
2026-06-01T00:00:00.000Z;0.00100
2026-06-02T00:00:00.000Z;0.00100
2025-05-09T00:00:00.000Z;0.149
2025-05-10T00:00:00.000Z;0.130
2025-05-11T00:00:00.000Z;0.120
2025-05-12T00:00:00.000Z;0.115
2025-05-13T00:00:00.000Z;0.117
2025-05-14T00:00:00.000Z;0.122
2025-05-15T00:00:00.000Z;0.112
2025-05-16T00:00:00.000Z;0.107
2025-05-17T00:00:00.000Z;0.103
2025-05-18T00:00:00.000Z;0.100
2025-05-19T00:00:00.000Z;0.101
2025-05-20T00:00:00.000Z;0.396
2025-05-21T00:00:00.000Z;0.309
2025-05-22T00:00:00.000Z;0.321
2025-05-23T00:00:00.000Z;0.272
2025-05-24T00:00:00.000Z;0.142
2025-05-25T00:00:00.000Z;0.121
2025-05-26T00:00:00.000Z;0.111
2025-05-27T00:00:00.000Z;0.106
2025-05-28T00:00:00.000Z;0.101
2025-05-29T00:00:00.000Z;0.0970
2025-05-30T00:00:00.000Z;0.0940
2025-05-31T00:00:00.000Z;0.0900
2025-06-01T00:00:00.000Z;0.0910
2025-06-02T00:00:00.000Z;0.149
2025-06-03T00:00:00.000Z;0.253
2025-06-04T00:00:00.000Z;0.690
2025-06-05T00:00:00.000Z;0.332
2025-06-06T00:00:00.000Z;0.247
2025-06-07T00:00:00.000Z;0.148
2025-06-08T00:00:00.000Z;0.186
2025-06-09T00:00:00.000Z;0.142
2025-06-10T00:00:00.000Z;0.116
2025-06-11T00:00:00.000Z;0.106
2025-06-12T00:00:00.000Z;0.102
2025-06-13T00:00:00.000Z;0.0970
2025-06-14T00:00:00.000Z;0.0920
2025-06-15T00:00:00.000Z;0.0920
2025-06-16T00:00:00.000Z;0.0880
2025-06-17T00:00:00.000Z;0.0830
2025-06-18T00:00:00.000Z;0.0790
2025-06-19T00:00:00.000Z;0.0750
2025-06-20T00:00:00.000Z;0.0710
2025-06-21T00:00:00.000Z;0.0690
2025-06-22T00:00:00.000Z;0.0670
2025-06-23T00:00:00.000Z;0.0650
2025-06-24T00:00:00.000Z;0.0620
2025-06-25T00:00:00.000Z;0.0590
2025-06-26T00:00:00.000Z;0.0560
2025-06-27T00:00:00.000Z;0.0540
2025-06-28T00:00:00.000Z;0.0510
2025-06-29T00:00:00.000Z;0.0510
2025-06-30T00:00:00.000Z;0.0500
2025-07-01T00:00:00.000Z;0.0480
2025-07-02T00:00:00.000Z;0.0490
2025-07-03T00:00:00.000Z;0.0500
2025-07-04T00:00:00.000Z;0.0490
2025-07-05T00:00:00.000Z;0.0480
2025-07-06T00:00:00.000Z;0.0470
2025-07-07T00:00:00.000Z;0.0500
2025-07-08T00:00:00.000Z;0.0480
2025-07-09T00:00:00.000Z;0.0450
2025-07-10T00:00:00.000Z;0.0430
2025-07-11T00:00:00.000Z;0.0420
2025-07-12T00:00:00.000Z;0.0420
2025-07-13T00:00:00.000Z;0.0430
2025-07-14T00:00:00.000Z;0.0440
2025-07-15T00:00:00.000Z;0.0450
2025-07-16T00:00:00.000Z;0.0450
2025-07-17T00:00:00.000Z;0.0400
2025-07-18T00:00:00.000Z;0.0390
2025-07-19T00:00:00.000Z;0.0390
2025-07-20T00:00:00.000Z;0.0390
2025-07-21T00:00:00.000Z;0.0430
2025-07-22T00:00:00.000Z;0.0400
2025-07-23T00:00:00.000Z;0.0380
2025-07-24T00:00:00.000Z;0.0400
2025-07-25T00:00:00.000Z;0.0430
2025-07-26T00:00:00.000Z;0.0380
2025-07-27T00:00:00.000Z;0.0370
2025-07-28T00:00:00.000Z;0.0570
2025-07-29T00:00:00.000Z;0.0630
2025-07-30T00:00:00.000Z;0.0470
2025-07-31T00:00:00.000Z;0.0540
2025-08-01T00:00:00.000Z;0.0570
2025-08-02T00:00:00.000Z;0.0450
2025-08-03T00:00:00.000Z;0.0390
2025-08-04T00:00:00.000Z;0.0360
2025-08-05T00:00:00.000Z;0.0340
2025-08-06T00:00:00.000Z;0.0330
2025-08-07T00:00:00.000Z;0.0320
2025-08-08T00:00:00.000Z;0.0310
2025-08-09T00:00:00.000Z;0.0300
2025-08-10T00:00:00.000Z;0.0290
2025-08-11T00:00:00.000Z;0.0280
2025-08-12T00:00:00.000Z;0.0280
2025-08-13T00:00:00.000Z;0.0300
2025-08-14T00:00:00.000Z;0.0290
2025-08-15T00:00:00.000Z;0.0270
2025-08-16T00:00:00.000Z;0.0260
2025-08-17T00:00:00.000Z;0.0260
2025-08-18T00:00:00.000Z;0.0270
2025-08-19T00:00:00.000Z;0.0280
2025-08-20T00:00:00.000Z;0.0790
2025-08-21T00:00:00.000Z;0.142
2025-08-22T00:00:00.000Z;0.148
2025-08-23T00:00:00.000Z;0.0480
2025-08-24T00:00:00.000Z;0.0370
2025-08-25T00:00:00.000Z;0.0320
2025-08-26T00:00:00.000Z;0.0310
2025-08-27T00:00:00.000Z;0.0310
2025-08-28T00:00:00.000Z;0.0920
2025-08-29T00:00:00.000Z;0.0920
2025-08-30T00:00:00.000Z;0.0600
2025-08-31T00:00:00.000Z;0.0450
2025-09-01T00:00:00.000Z;0.193
2025-09-02T00:00:00.000Z;0.172
2025-09-03T00:00:00.000Z;0.0560
2025-09-04T00:00:00.000Z;0.0450
2025-09-05T00:00:00.000Z;0.0610
2025-09-06T00:00:00.000Z;0.0480
2025-09-07T00:00:00.000Z;0.0450
2025-09-08T00:00:00.000Z;0.242
2025-09-09T00:00:00.000Z;0.661
2025-09-10T00:00:00.000Z;0.285
2025-09-11T00:00:00.000Z;0.868
2025-09-12T00:00:00.000Z;0.285
2025-09-13T00:00:00.000Z;0.149
2025-09-14T00:00:00.000Z;0.0780
2025-09-15T00:00:00.000Z;0.0660
2025-09-16T00:00:00.000Z;0.0730
2025-09-17T00:00:00.000Z;0.0720
2025-09-18T00:00:00.000Z;0.0600
2025-09-19T00:00:00.000Z;0.0520
2025-09-20T00:00:00.000Z;0.0470
2025-09-21T00:00:00.000Z;0.133
2025-09-22T00:00:00.000Z;0.269
2025-09-23T00:00:00.000Z;0.265
2025-09-24T00:00:00.000Z;0.198
2025-09-25T00:00:00.000Z;0.0950
2025-09-26T00:00:00.000Z;0.0760
2025-09-27T00:00:00.000Z;0.0650
2025-09-28T00:00:00.000Z;0.0590
2025-09-29T00:00:00.000Z;0.0540
2025-09-30T00:00:00.000Z;0.0490
2025-10-01T00:00:00.000Z;0.0460
2025-10-02T00:00:00.000Z;0.0440
2025-10-03T00:00:00.000Z;0.0430
2025-10-04T00:00:00.000Z;0.0430
2025-10-05T00:00:00.000Z;0.0600
2025-10-06T00:00:00.000Z;0.0510
2025-10-07T00:00:00.000Z;0.0460
2025-10-08T00:00:00.000Z;0.0420
2025-10-09T00:00:00.000Z;0.0390
2025-10-10T00:00:00.000Z;0.0380
2025-10-11T00:00:00.000Z;0.0360
2025-10-12T00:00:00.000Z;0.0350
2025-10-13T00:00:00.000Z;0.0340
2025-10-14T00:00:00.000Z;0.0340
2025-10-15T00:00:00.000Z;0.0330
2025-10-16T00:00:00.000Z;0.0330
2025-10-17T00:00:00.000Z;0.0330
2025-10-18T00:00:00.000Z;0.0320
2025-10-19T00:00:00.000Z;0.0320
2025-10-20T00:00:00.000Z;0.0330
2025-10-21T00:00:00.000Z;0.0330
2025-10-22T00:00:00.000Z;0.0320
2025-10-23T00:00:00.000Z;0.167
2025-10-24T00:00:00.000Z;0.0790
2025-10-25T00:00:00.000Z;0.0450
2025-10-26T00:00:00.000Z;0.0780
2025-10-27T00:00:00.000Z;0.0870
2025-10-28T00:00:00.000Z;0.0550
2025-10-29T00:00:00.000Z;0.0470
2025-10-30T00:00:00.000Z;0.0430
2025-10-31T00:00:00.000Z;0.0400
2025-11-01T00:00:00.000Z;0.0370
2025-11-02T00:00:00.000Z;0.0360
2025-11-03T00:00:00.000Z;0.0360
2025-11-04T00:00:00.000Z;0.0350
2025-11-05T00:00:00.000Z;0.0340
2025-11-06T00:00:00.000Z;0.370
2025-11-07T00:00:00.000Z;0.560
2025-11-08T00:00:00.000Z;2.Jul
2025-11-09T00:00:00.000Z;0.908
2025-11-10T00:00:00.000Z;0.330
2025-11-11T00:00:00.000Z;0.199
2025-11-12T00:00:00.000Z;0.101
2025-11-13T00:00:00.000Z;0.0850
2025-11-14T00:00:00.000Z;0.0770
2025-11-15T00:00:00.000Z;0.0700
2025-11-16T00:00:00.000Z;0.0660
2025-11-17T00:00:00.000Z;0.0660
2025-11-18T00:00:00.000Z;0.111
2025-11-19T00:00:00.000Z;0.0900
2025-11-20T00:00:00.000Z;0.0900
2025-11-21T00:00:00.000Z;0.0930
2025-11-22T00:00:00.000Z;0.0900
2025-11-23T00:00:00.000Z;0.771
2025-11-24T00:00:00.000Z;0.893
2025-11-25T00:00:00.000Z;Jan.41
2025-11-26T00:00:00.000Z;0.434
2025-11-27T00:00:00.000Z;0.312
2025-11-28T00:00:00.000Z;0.161
2025-11-29T00:00:00.000Z;0.108
2025-11-30T00:00:00.000Z;0.191
2025-12-01T00:00:00.000Z;0.175
2025-12-02T00:00:00.000Z;0.108
2025-12-03T00:00:00.000Z;0.0910
2025-12-04T00:00:00.000Z;0.106
2025-12-05T00:00:00.000Z;0.242
2025-12-06T00:00:00.000Z;0.238
2025-12-07T00:00:00.000Z;0.173
2025-12-08T00:00:00.000Z;0.119
2025-12-09T00:00:00.000Z;0.0930
2025-12-10T00:00:00.000Z;0.0810
2025-12-11T00:00:00.000Z;0.0710
2025-12-12T00:00:00.000Z;0.0590
2025-12-13T00:00:00.000Z;0.0540
2025-12-14T00:00:00.000Z;0.0530
2025-12-15T00:00:00.000Z;0.0510
2025-12-16T00:00:00.000Z;0.0510
2025-12-17T00:00:00.000Z;0.0500
2025-12-18T00:00:00.000Z;0.0490
2025-12-19T00:00:00.000Z;0.0480
2025-12-20T00:00:00.000Z;0.0460
2025-12-21T00:00:00.000Z;0.0450
2025-12-22T00:00:00.000Z;0.0520
2025-12-23T00:00:00.000Z;0.0560
2025-12-24T00:00:00.000Z;0.0630
2025-12-25T00:00:00.000Z;0.0730
2025-12-26T00:00:00.000Z;0.0680
2025-12-27T00:00:00.000Z;0.0710
2025-12-28T00:00:00.000Z;0.0680
2025-12-29T00:00:00.000Z;0.0620
2025-12-30T00:00:00.000Z;0.0570
2025-12-31T00:00:00.000Z;0.0540
2026-01-01T00:00:00.000Z;0.0510
2026-01-02T00:00:00.000Z;0.0490
2026-01-03T00:00:00.000Z;0.0490
2026-01-04T00:00:00.000Z;0.0500
2026-01-05T00:00:00.000Z;0.0490
2026-01-06T00:00:00.000Z;0.0470
2026-01-07T00:00:00.000Z;0.0450
2026-01-08T00:00:00.000Z;0.160
2026-01-09T00:00:00.000Z;0.344
2026-01-10T00:00:00.000Z;0.584
2026-01-11T00:00:00.000Z;0.375
2026-01-12T00:00:00.000Z;0.382
2026-01-13T00:00:00.000Z;0.441
2026-01-14T00:00:00.000Z;0.327
2026-01-15T00:00:00.000Z;0.269
2026-01-16T00:00:00.000Z;0.176
2026-01-17T00:00:00.000Z;0.114
2026-01-18T00:00:00.000Z;0.0990
2026-01-19T00:00:00.000Z;0.0990
2026-01-20T00:00:00.000Z;0.255
2026-01-21T00:00:00.000Z;0.260
2026-01-22T00:00:00.000Z;0.333
2026-01-23T00:00:00.000Z;0.297
2026-01-24T00:00:00.000Z;0.236
2026-01-25T00:00:00.000Z;0.420
2026-01-26T00:00:00.000Z;Jan.55
2026-01-27T00:00:00.000Z;0.664
2026-01-28T00:00:00.000Z;0.619
2026-01-29T00:00:00.000Z;0.301
2026-01-30T00:00:00.000Z;0.288
2026-01-31T00:00:00.000Z;0.919
2026-02-01T00:00:00.000Z;Jan.22
2026-02-02T00:00:00.000Z;0.462
2026-02-03T00:00:00.000Z;0.537
2026-02-04T00:00:00.000Z;0.297
2026-02-05T00:00:00.000Z;0.252
2026-02-06T00:00:00.000Z;0.173
2026-02-07T00:00:00.000Z;0.139
2026-02-08T00:00:00.000Z;0.184
2026-02-09T00:00:00.000Z;0.317
2026-02-12T00:00:00.000Z;0.767
2026-02-13T00:00:00.000Z;0.358
2026-02-15T00:00:00.000Z;1.Dec
2026-02-18T00:00:00.000Z;0.457
2026-02-19T00:00:00.000Z;0.831
2026-02-20T00:00:00.000Z;0.382
2026-02-21T00:00:00.000Z;0.328
2026-02-22T00:00:00.000Z;0.276
2026-02-23T00:00:00.000Z;0.252
2026-02-24T00:00:00.000Z;0.202
2026-02-25T00:00:00.000Z;0.151
2026-02-26T00:00:00.000Z;0.132
2026-02-27T00:00:00.000Z;0.122
2026-02-28T00:00:00.000Z;0.129
2026-03-01T00:00:00.000Z;0.106
2026-03-02T00:00:00.000Z;0.0900
2026-03-03T00:00:00.000Z;0.0800
2026-03-04T00:00:00.000Z;0.0770
2026-03-05T00:00:00.000Z;0.0840
2026-03-06T00:00:00.000Z;0.122
2026-03-07T00:00:00.000Z;0.233
2026-03-08T00:00:00.000Z;0.281
2026-03-09T00:00:00.000Z;0.387
2026-03-10T00:00:00.000Z;0.371
2026-03-11T00:00:00.000Z;0.254
2026-03-12T00:00:00.000Z;0.215
2026-03-13T00:00:00.000Z;0.125
2026-03-14T00:00:00.000Z;0.380
2026-03-15T00:00:00.000Z;0.322
2026-03-16T00:00:00.000Z;0.262
2026-03-17T00:00:00.000Z;0.247
2026-03-18T00:00:00.000Z;0.234
2026-03-19T00:00:00.000Z;0.166
2026-03-20T00:00:00.000Z;0.103
2026-03-21T00:00:00.000Z;0.0860
2026-03-22T00:00:00.000Z;0.0760
2026-03-23T00:00:00.000Z;0.0710
2026-03-24T00:00:00.000Z;0.0640
2026-03-25T00:00:00.000Z;0.0600
2026-03-26T00:00:00.000Z;0.0590
2026-03-27T00:00:00.000Z;0.0540
2026-03-28T00:00:00.000Z;0.0750
2026-03-29T00:00:00.000Z;0.236
2026-03-30T00:00:00.000Z;0.112
2026-03-31T00:00:00.000Z;0.229
2026-04-01T00:00:00.000Z;0.617
2026-04-02T00:00:00.000Z;0.881
2026-04-03T00:00:00.000Z;0.655
2026-04-04T00:00:00.000Z;0.309
2026-04-05T00:00:00.000Z;0.256
2026-04-06T00:00:00.000Z;0.222
2026-04-07T00:00:00.000Z;0.106
2026-04-08T00:00:00.000Z;0.0810
2026-04-09T00:00:00.000Z;0.0710
2026-04-10T00:00:00.000Z;0.0670
2026-04-11T00:00:00.000Z;0.0640
2026-04-12T00:00:00.000Z;0.108
2026-04-13T00:00:00.000Z;0.159
2026-04-14T00:00:00.000Z;0.113
2026-04-15T00:00:00.000Z;0.0820
2026-04-16T00:00:00.000Z;0.0700
2026-04-17T00:00:00.000Z;0.0640
2026-04-18T00:00:00.000Z;0.0590
2026-04-19T00:00:00.000Z;0.0560
2026-04-20T00:00:00.000Z;0.0550
2026-04-21T00:00:00.000Z;0.0530
2026-04-22T00:00:00.000Z;0.0530
2026-04-23T00:00:00.000Z;0.0510
2026-04-24T00:00:00.000Z;0.0500
2026-04-25T00:00:00.000Z;0.0480
2026-04-26T00:00:00.000Z;0.0460
2026-04-27T00:00:00.000Z;0.0450
2026-04-28T00:00:00.000Z;0.108
2026-04-29T00:00:00.000Z;0.215
2026-04-30T00:00:00.000Z;0.0720
2026-05-01T00:00:00.000Z;0.0590
2026-05-02T00:00:00.000Z;0.0600
2026-05-03T00:00:00.000Z;0.0540
2026-05-04T00:00:00.000Z;0.0920
2026-05-05T00:00:00.000Z;0.234
2026-05-06T00:00:00.000Z;0.213
2026-05-07T00:00:00.000Z;0.0910
2026-05-08T00:00:00.000Z;0.0730
2026-05-09T00:00:00.000Z;0.0680
2026-05-10T00:00:00.000Z;0.0610
2026-05-11T00:00:00.000Z;0.0560
2026-05-12T00:00:00.000Z;0.0570
2026-05-13T00:00:00.000Z;0.187
2026-05-14T00:00:00.000Z;0.0930
2026-05-15T00:00:00.000Z;0.281
2026-05-16T00:00:00.000Z;0.331
2026-05-17T00:00:00.000Z;0.262
2026-05-18T00:00:00.000Z;0.685
2026-05-19T00:00:00.000Z;0.266
2026-05-20T00:00:00.000Z;0.189
2026-05-21T00:00:00.000Z;0.0810
2026-05-22T00:00:00.000Z;0.0680
2026-05-23T00:00:00.000Z;0.0600
2026-05-24T00:00:00.000Z;0.0550
2026-05-25T00:00:00.000Z;0.0510
2026-05-26T00:00:00.000Z;0.0480
2026-05-27T00:00:00.000Z;0.0470
2026-05-28T00:00:00.000Z;0.0450
2026-05-29T00:00:00.000Z;0.0440
2026-05-30T00:00:00.000Z;0.0430
2026-05-31T00:00:00.000Z;0.0430