Region;Pyrenees
Country;France
#;6
Spring Name/Station Name;Arbas
Literature;
Lat;42,984
Lon;0,900
Elev (m);435
Recharge Area (km2);
Start Date;26.03.2002
End Date;9.08.2026
Resolution;Daily
Data Source;S Beranger
Data License;CC BY 4.0
Contact For License;
Spring ID;PYR_06_FR
Date;Discharge (m3/s)
2002-03-27T00:00:00.000Z;0,053
2002-03-28T00:00:00.000Z;0,053
2002-03-29T00:00:00.000Z;0,053
2002-03-30T00:00:00.000Z;0,053
2002-03-31T00:00:00.000Z;0,053
2002-04-01T00:00:00.000Z;0,053
2002-04-02T00:00:00.000Z;0,053
2002-04-03T00:00:00.000Z;0,096
2002-04-04T00:00:00.000Z;1,31
2002-04-05T00:00:00.000Z;0,583
2002-04-06T00:00:00.000Z;0,401
2002-04-07T00:00:00.000Z;0,375
2002-04-08T00:00:00.000Z;0,309
2002-04-09T00:00:00.000Z;0,322
2002-04-10T00:00:00.000Z;0,604
2002-04-11T00:00:00.000Z;0,281
2002-04-12T00:00:00.000Z;0,279
2002-04-13T00:00:00.000Z;0,453
2002-04-14T00:00:00.000Z;0,291
2002-04-15T00:00:00.000Z;0,238
2002-04-16T00:00:00.000Z;0,121
2002-04-17T00:00:00.000Z;0,104
2002-04-18T00:00:00.000Z;0,091
2002-04-19T00:00:00.000Z;0,078
2002-04-20T00:00:00.000Z;0,071
2002-04-21T00:00:00.000Z;0,071
2002-04-22T00:00:00.000Z;0,071
2002-04-23T00:00:00.000Z;0,058
2002-04-24T00:00:00.000Z;0,053
2002-04-25T00:00:00.000Z;0,053
2002-04-26T00:00:00.000Z;0,053
2002-04-27T00:00:00.000Z;0,053
2002-04-28T00:00:00.000Z;0,053
2002-04-29T00:00:00.000Z;0,053
2002-04-30T00:00:00.000Z;0,053
2002-05-01T00:00:00.000Z;0,053
2002-05-02T00:00:00.000Z;0,067
2002-05-03T00:00:00.000Z;0,32
2002-05-04T00:00:00.000Z;0,871
2002-05-05T00:00:00.000Z;0,335
2002-05-06T00:00:00.000Z;0,276
2002-05-07T00:00:00.000Z;0,234
2002-05-08T00:00:00.000Z;0,216
2002-05-11T00:00:00.000Z;0,881
2002-05-12T00:00:00.000Z;0,329
2002-05-13T00:00:00.000Z;0,27
2002-05-14T00:00:00.000Z;0,119
2002-05-15T00:00:00.000Z;0,091
2002-05-16T00:00:00.000Z;0,077
2002-05-17T00:00:00.000Z;0,071
2002-05-18T00:00:00.000Z;0,249
2002-05-19T00:00:00.000Z;0,211
2002-05-20T00:00:00.000Z;0,09
2002-05-21T00:00:00.000Z;0,071
2002-05-22T00:00:00.000Z;0,072
2002-05-23T00:00:00.000Z;1,34
2002-05-24T00:00:00.000Z;0,347
2002-05-25T00:00:00.000Z;0,262
2002-05-26T00:00:00.000Z;0,205
2002-05-27T00:00:00.000Z;0,281
2002-05-28T00:00:00.000Z;0,214
2002-05-29T00:00:00.000Z;0,101
2002-05-30T00:00:00.000Z;0,116
2002-05-31T00:00:00.000Z;0,092
2002-06-01T00:00:00.000Z;0,077
2002-06-02T00:00:00.000Z;0,071
2002-06-03T00:00:00.000Z;0,071
2002-06-04T00:00:00.000Z;0,138
2002-06-06T00:00:00.000Z;1,79
2002-06-07T00:00:00.000Z;0,364
2002-06-08T00:00:00.000Z;1,22
2002-06-09T00:00:00.000Z;1,21
2002-06-10T00:00:00.000Z;0,349
2002-06-11T00:00:00.000Z;0,285
2002-06-12T00:00:00.000Z;0,168
2002-06-13T00:00:00.000Z;0,095
2002-06-14T00:00:00.000Z;0,079
2002-06-15T00:00:00.000Z;0,071
2002-06-16T00:00:00.000Z;0,071
2002-06-17T00:00:00.000Z;0,06
2002-06-18T00:00:00.000Z;0,053
2002-06-19T00:00:00.000Z;0,053
2002-06-20T00:00:00.000Z;0,053
2002-06-21T00:00:00.000Z;0,053
2002-06-22T00:00:00.000Z;0,053
2002-06-23T00:00:00.000Z;0,053
2002-06-24T00:00:00.000Z;0,053
2002-06-25T00:00:00.000Z;0,048
2002-06-26T00:00:00.000Z;0,044
2002-06-27T00:00:00.000Z;0,043
2002-06-28T00:00:00.000Z;0,042
2002-06-29T00:00:00.000Z;0,042
2002-06-30T00:00:00.000Z;0,041
2002-07-01T00:00:00.000Z;0,041
2002-07-02T00:00:00.000Z;0,041
2002-07-03T00:00:00.000Z;0,04
2002-07-04T00:00:00.000Z;0,04
2002-07-05T00:00:00.000Z;0,04
2002-07-06T00:00:00.000Z;0,039
2002-07-07T00:00:00.000Z;0,039
2002-07-08T00:00:00.000Z;0,039
2002-07-09T00:00:00.000Z;0,042
2002-07-10T00:00:00.000Z;0,102
2002-07-11T00:00:00.000Z;0,056
2002-07-12T00:00:00.000Z;0,05
2002-07-13T00:00:00.000Z;0,149
2002-07-14T00:00:00.000Z;0,21
2002-07-15T00:00:00.000Z;0,104
2002-07-16T00:00:00.000Z;0,341
2002-07-17T00:00:00.000Z;0,269
2002-07-18T00:00:00.000Z;0,188
2002-07-19T00:00:00.000Z;0,061
2002-07-20T00:00:00.000Z;0,051
2002-07-21T00:00:00.000Z;0,049
2002-07-22T00:00:00.000Z;0,047
2002-07-23T00:00:00.000Z;0,046
2002-07-24T00:00:00.000Z;0,046
2002-07-25T00:00:00.000Z;0,047
2002-07-26T00:00:00.000Z;0,048
2002-07-27T00:00:00.000Z;0,048
2002-07-28T00:00:00.000Z;0,045
2002-07-29T00:00:00.000Z;0,043
2002-07-30T00:00:00.000Z;0,043
2002-07-31T00:00:00.000Z;0,243
2002-08-01T00:00:00.000Z;0,248
2002-08-02T00:00:00.000Z;0,13
2002-08-03T00:00:00.000Z;0,055
2002-08-04T00:00:00.000Z;0,049
2002-08-05T00:00:00.000Z;0,048
2002-08-06T00:00:00.000Z;0,195
2002-08-07T00:00:00.000Z;0,201
2002-08-08T00:00:00.000Z;0,07
2002-08-09T00:00:00.000Z;0,074
2002-08-10T00:00:00.000Z;0,304
2002-08-11T00:00:00.000Z;0,711
2002-08-12T00:00:00.000Z;0,326
2002-08-13T00:00:00.000Z;0,289
2002-08-14T00:00:00.000Z;0,206
2002-08-15T00:00:00.000Z;0,075
2002-08-16T00:00:00.000Z;0,06
2002-08-17T00:00:00.000Z;0,057
2002-08-18T00:00:00.000Z;0,053
2002-08-19T00:00:00.000Z;0,05
2002-08-20T00:00:00.000Z;0,049
2002-08-21T00:00:00.000Z;0,048
2002-08-22T00:00:00.000Z;0,048
2002-08-23T00:00:00.000Z;0,068
2002-08-24T00:00:00.000Z;0,057
2002-08-25T00:00:00.000Z;0,108
2002-08-26T00:00:00.000Z;0,215
2002-08-27T00:00:00.000Z;0,11
2002-08-28T00:00:00.000Z;0,079
2002-08-29T00:00:00.000Z;0,208
2002-08-30T00:00:00.000Z;0,262
2002-08-31T00:00:00.000Z;0,171
2002-09-01T00:00:00.000Z;0,11
2002-09-02T00:00:00.000Z;0,078
2002-09-03T00:00:00.000Z;0,063
2002-09-04T00:00:00.000Z;0,056
2002-09-05T00:00:00.000Z;0,108
2002-09-06T00:00:00.000Z;0,088
2002-09-07T00:00:00.000Z;0,064
2002-09-08T00:00:00.000Z;0,055
2002-09-09T00:00:00.000Z;0,053
2002-09-10T00:00:00.000Z;0,057
2002-09-11T00:00:00.000Z;0,047
2002-09-12T00:00:00.000Z;0,045
2002-09-13T00:00:00.000Z;0,043
2002-09-14T00:00:00.000Z;0,051
2002-09-15T00:00:00.000Z;0,041
2002-09-16T00:00:00.000Z;0,039
2002-09-17T00:00:00.000Z;0,038
2002-09-18T00:00:00.000Z;0,037
2002-09-19T00:00:00.000Z;0,036
2002-09-20T00:00:00.000Z;0,035
2002-09-21T00:00:00.000Z;0,035
2002-09-22T00:00:00.000Z;0,063
2003-01-28T00:00:00.000Z;0,56
2003-01-29T00:00:00.000Z;0,567
2003-01-30T00:00:00.000Z;0,421
2003-01-31T00:00:00.000Z;0,329
2003-02-01T00:00:00.000Z;0,192
2003-02-02T00:00:00.000Z;0,327
2003-02-03T00:00:00.000Z;0,806
2003-02-04T00:00:00.000Z;1,18
2003-02-05T00:00:00.000Z;0,5
2003-02-06T00:00:00.000Z;0,351
2003-02-07T00:00:00.000Z;0,285
2003-02-08T00:00:00.000Z;0,204
2003-02-09T00:00:00.000Z;0,186
2003-02-10T00:00:00.000Z;0,308
2003-02-11T00:00:00.000Z;0,261
2003-02-12T00:00:00.000Z;0,25
2003-02-13T00:00:00.000Z;0,296
2003-02-14T00:00:00.000Z;0,237
2003-02-15T00:00:00.000Z;0,149
2003-02-16T00:00:00.000Z;0,122
2003-02-17T00:00:00.000Z;0,109
2003-02-18T00:00:00.000Z;0,095
2003-02-19T00:00:00.000Z;0,09
2003-02-20T00:00:00.000Z;0,087
2003-02-21T00:00:00.000Z;0,084
2003-02-22T00:00:00.000Z;0,092
2003-02-23T00:00:00.000Z;0,143
2003-02-24T00:00:00.000Z;0,207
2003-02-25T00:00:00.000Z;0,302
2003-02-26T00:00:00.000Z;0,332
2003-02-27T00:00:00.000Z;0,363
2003-02-28T00:00:00.000Z;0,36
2003-03-01T00:00:00.000Z;0,302
2003-03-02T00:00:00.000Z;0,329
2003-03-03T00:00:00.000Z;0,815
2003-03-04T00:00:00.000Z;0,892
2003-03-05T00:00:00.000Z;0,435
2003-03-06T00:00:00.000Z;0,938
2003-03-07T00:00:00.000Z;0,41
2003-03-08T00:00:00.000Z;0,298
2003-03-09T00:00:00.000Z;0,265
2003-03-10T00:00:00.000Z;0,213
2003-03-11T00:00:00.000Z;0,204
2003-03-12T00:00:00.000Z;0,222
2003-03-13T00:00:00.000Z;0,212
2003-03-14T00:00:00.000Z;0,194
2003-03-15T00:00:00.000Z;0,164
2003-03-16T00:00:00.000Z;0,125
2003-03-17T00:00:00.000Z;0,103
2003-03-18T00:00:00.000Z;0,093
2003-03-19T00:00:00.000Z;0,088
2003-03-20T00:00:00.000Z;0,081
2003-03-21T00:00:00.000Z;0,08
2003-03-22T00:00:00.000Z;0,078
2003-03-23T00:00:00.000Z;0,079
2003-03-24T00:00:00.000Z;0,084
2003-03-25T00:00:00.000Z;0,089
2003-03-26T00:00:00.000Z;0,099
2003-03-27T00:00:00.000Z;0,108
2003-03-28T00:00:00.000Z;0,109
2003-03-29T00:00:00.000Z;0,174
2003-03-30T00:00:00.000Z;0,262
2003-03-31T00:00:00.000Z;0,182
2003-04-01T00:00:00.000Z;0,288
2003-04-02T00:00:00.000Z;0,755
2003-04-03T00:00:00.000Z;0,717
2003-04-04T00:00:00.000Z;0,357
2003-04-05T00:00:00.000Z;0,317
2003-04-06T00:00:00.000Z;0,29
2003-04-07T00:00:00.000Z;0,295
2003-04-08T00:00:00.000Z;0,258
2003-04-09T00:00:00.000Z;0,185
2003-04-10T00:00:00.000Z;0,279
2003-04-11T00:00:00.000Z;0,315
2003-04-12T00:00:00.000Z;0,343
2003-04-13T00:00:00.000Z;0,311
2003-04-14T00:00:00.000Z;0,29
2003-04-15T00:00:00.000Z;0,199
2003-04-16T00:00:00.000Z;0,125
2003-04-17T00:00:00.000Z;0,107
2003-04-18T00:00:00.000Z;0,1
2003-04-19T00:00:00.000Z;0,099
2003-04-20T00:00:00.000Z;0,136
2003-04-21T00:00:00.000Z;0,268
2003-04-22T00:00:00.000Z;0,159
2003-04-23T00:00:00.000Z;0,113
2003-04-24T00:00:00.000Z;0,097
2003-04-25T00:00:00.000Z;0,088
2003-04-26T00:00:00.000Z;0,086
2003-04-27T00:00:00.000Z;0,089
2003-04-28T00:00:00.000Z;0,082
2003-04-29T00:00:00.000Z;0,075
2003-04-30T00:00:00.000Z;0,07
2003-05-01T00:00:00.000Z;0,068
2003-05-02T00:00:00.000Z;0,067
2003-05-03T00:00:00.000Z;0,066
2003-05-04T00:00:00.000Z;0,065
2003-05-05T00:00:00.000Z;0,064
2003-05-06T00:00:00.000Z;0,186
2003-05-07T00:00:00.000Z;0,274
2003-05-08T00:00:00.000Z;0,29
2003-05-09T00:00:00.000Z;0,227
2003-05-10T00:00:00.000Z;0,141
2003-05-11T00:00:00.000Z;0,125
2003-05-12T00:00:00.000Z;0,101
2003-05-13T00:00:00.000Z;0,088
2003-05-14T00:00:00.000Z;0,082
2003-05-15T00:00:00.000Z;0,077
2003-05-16T00:00:00.000Z;0,074
2003-05-17T00:00:00.000Z;0,079
2003-05-18T00:00:00.000Z;0,081
2003-05-19T00:00:00.000Z;0,073
2003-05-20T00:00:00.000Z;0,152
2003-05-21T00:00:00.000Z;0,088
2003-05-22T00:00:00.000Z;0,074
2003-05-23T00:00:00.000Z;0,069
2003-05-24T00:00:00.000Z;0,085
2003-05-25T00:00:00.000Z;0,719
2003-05-26T00:00:00.000Z;0,472
2003-05-27T00:00:00.000Z;0,31
2003-05-28T00:00:00.000Z;0,271
2003-05-29T00:00:00.000Z;0,124
2003-05-30T00:00:00.000Z;0,086
2003-05-31T00:00:00.000Z;0,077
2003-06-01T00:00:00.000Z;0,09
2003-06-02T00:00:00.000Z;0,172
2003-06-03T00:00:00.000Z;0,089
2003-06-04T00:00:00.000Z;0,077
2003-06-05T00:00:00.000Z;0,069
2003-06-06T00:00:00.000Z;0,066
2003-06-07T00:00:00.000Z;0,064
2003-06-08T00:00:00.000Z;0,061
2003-06-09T00:00:00.000Z;0,059
2003-06-10T00:00:00.000Z;0,056
2003-06-11T00:00:00.000Z;0,055
2003-06-12T00:00:00.000Z;0,053
2003-06-13T00:00:00.000Z;0,052
2003-06-14T00:00:00.000Z;0,05
2003-06-15T00:00:00.000Z;0,049
2003-06-16T00:00:00.000Z;0,048
2003-06-17T00:00:00.000Z;0,049
2003-06-18T00:00:00.000Z;0,049
2003-06-19T00:00:00.000Z;0,049
2003-06-20T00:00:00.000Z;0,047
2003-06-21T00:00:00.000Z;0,045
2003-06-22T00:00:00.000Z;0,043
2003-06-23T00:00:00.000Z;0,043
2003-06-24T00:00:00.000Z;0,043
2003-06-25T00:00:00.000Z;0,043
2003-06-26T00:00:00.000Z;0,043
2003-06-27T00:00:00.000Z;0,044
2003-06-28T00:00:00.000Z;0,05
2003-06-29T00:00:00.000Z;0,047
2003-06-30T00:00:00.000Z;0,043
2003-07-01T00:00:00.000Z;0,042
2003-07-02T00:00:00.000Z;0,041
2003-07-03T00:00:00.000Z;0,041
2003-07-04T00:00:00.000Z;0,04
2003-07-05T00:00:00.000Z;0,04
2003-07-06T00:00:00.000Z;0,04
2003-07-07T00:00:00.000Z;0,039
2003-07-08T00:00:00.000Z;0,039
2003-07-09T00:00:00.000Z;0,039
2003-07-10T00:00:00.000Z;0,038
2003-07-11T00:00:00.000Z;0,038
2003-07-12T00:00:00.000Z;0,038
2003-07-13T00:00:00.000Z;0,037
2003-07-14T00:00:00.000Z;0,037
2003-07-15T00:00:00.000Z;0,037
2003-07-16T00:00:00.000Z;0,036
2003-07-17T00:00:00.000Z;0,036
2003-07-18T00:00:00.000Z;0,036
2003-07-19T00:00:00.000Z;0,036
2003-07-20T00:00:00.000Z;0,037
2003-07-21T00:00:00.000Z;0,037
2003-07-22T00:00:00.000Z;0,037
2003-07-23T00:00:00.000Z;0,038
2003-07-24T00:00:00.000Z;0,038
2003-07-25T00:00:00.000Z;0,039
2003-07-26T00:00:00.000Z;0,039
2003-07-27T00:00:00.000Z;0,039
2003-07-28T00:00:00.000Z;0,04
2003-07-29T00:00:00.000Z;0,039
2003-07-30T00:00:00.000Z;0,039
2003-07-31T00:00:00.000Z;0,039
2003-08-01T00:00:00.000Z;0,038
2003-08-02T00:00:00.000Z;0,038
2003-08-03T00:00:00.000Z;0,035
2003-08-04T00:00:00.000Z;0,033
2003-08-05T00:00:00.000Z;0,033
2003-08-06T00:00:00.000Z;0,033
2003-08-07T00:00:00.000Z;0,033
2003-08-08T00:00:00.000Z;0,032
2003-08-09T00:00:00.000Z;0,032
2003-08-10T00:00:00.000Z;0,032
2003-08-11T00:00:00.000Z;0,032
2003-08-12T00:00:00.000Z;0,031
2003-08-13T00:00:00.000Z;0,031
2003-08-14T00:00:00.000Z;0,031
2003-08-15T00:00:00.000Z;0,032
2003-08-16T00:00:00.000Z;0,033
2003-08-17T00:00:00.000Z;0,034
2003-08-18T00:00:00.000Z;0,035
2003-08-19T00:00:00.000Z;0,036
2003-08-20T00:00:00.000Z;0,035
2003-08-21T00:00:00.000Z;0,035
2003-08-22T00:00:00.000Z;0,035
2003-08-23T00:00:00.000Z;0,035
2003-08-24T00:00:00.000Z;0,035
2003-08-25T00:00:00.000Z;0,035
2003-08-26T00:00:00.000Z;0,036
2003-08-27T00:00:00.000Z;0,036
2003-08-28T00:00:00.000Z;0,036
2003-08-29T00:00:00.000Z;0,035
2003-08-30T00:00:00.000Z;0,035
2003-08-31T00:00:00.000Z;0,035
2003-09-01T00:00:00.000Z;0,034
2003-09-02T00:00:00.000Z;0,034
2003-09-03T00:00:00.000Z;0,033
2003-09-04T00:00:00.000Z;0,033
2003-09-05T00:00:00.000Z;0,033
2003-09-06T00:00:00.000Z;0,039
2003-09-07T00:00:00.000Z;0,054
2003-09-08T00:00:00.000Z;0,061
2003-09-09T00:00:00.000Z;0,77
2003-09-10T00:00:00.000Z;0,353
2003-09-11T00:00:00.000Z;0,148
2003-09-12T00:00:00.000Z;0,059
2003-09-13T00:00:00.000Z;0,053
2003-09-14T00:00:00.000Z;0,049
2003-09-15T00:00:00.000Z;0,046
2003-09-16T00:00:00.000Z;0,043
2003-09-17T00:00:00.000Z;0,041
2003-09-18T00:00:00.000Z;0,04
2003-09-19T00:00:00.000Z;0,039
2003-09-20T00:00:00.000Z;0,039
2003-09-21T00:00:00.000Z;0,038
2003-09-22T00:00:00.000Z;0,038
2003-09-23T00:00:00.000Z;0,083
2003-09-24T00:00:00.000Z;0,07
2003-09-25T00:00:00.000Z;0,052
2003-09-26T00:00:00.000Z;0,043
2003-09-27T00:00:00.000Z;0,043
2003-09-28T00:00:00.000Z;0,111
2003-09-29T00:00:00.000Z;0,655
2003-09-30T00:00:00.000Z;0,255
2003-10-01T00:00:00.000Z;0,076
2003-10-02T00:00:00.000Z;0,06
2003-10-03T00:00:00.000Z;0,052
2003-10-04T00:00:00.000Z;0,05
2003-10-05T00:00:00.000Z;0,446
2003-10-06T00:00:00.000Z;0,312
2003-10-07T00:00:00.000Z;0,149
2003-10-08T00:00:00.000Z;0,152
2003-10-09T00:00:00.000Z;0,182
2003-10-10T00:00:00.000Z;0,098
2003-10-11T00:00:00.000Z;0,077
2003-10-12T00:00:00.000Z;0,067
2003-10-13T00:00:00.000Z;0,062
2003-10-14T00:00:00.000Z;0,058
2003-10-15T00:00:00.000Z;0,055
2003-10-16T00:00:00.000Z;0,054
2003-10-17T00:00:00.000Z;0,054
2003-10-18T00:00:00.000Z;0,054
2003-10-19T00:00:00.000Z;0,053
2003-10-20T00:00:00.000Z;0,054
2003-10-21T00:00:00.000Z;0,078
2003-10-22T00:00:00.000Z;0,081
2003-10-23T00:00:00.000Z;0,302
2003-10-24T00:00:00.000Z;0,251
2003-10-25T00:00:00.000Z;0,161
2003-10-26T00:00:00.000Z;0,113
2003-10-27T00:00:00.000Z;0,103
2003-10-28T00:00:00.000Z;0,117
2003-10-29T00:00:00.000Z;0,226
2003-10-30T00:00:00.000Z;0,314
2003-10-31T00:00:00.000Z;0,183
2003-11-01T00:00:00.000Z;0,107
2003-11-02T00:00:00.000Z;0,108
2003-11-03T00:00:00.000Z;0,094
2003-11-04T00:00:00.000Z;0,079
2003-11-05T00:00:00.000Z;0,072
2003-11-06T00:00:00.000Z;0,067
2003-11-07T00:00:00.000Z;0,064
2003-11-08T00:00:00.000Z;0,061
2003-11-09T00:00:00.000Z;0,062
2003-11-10T00:00:00.000Z;0,064
2003-11-11T00:00:00.000Z;0,062
2003-11-12T00:00:00.000Z;0,063
2003-11-13T00:00:00.000Z;0,157
2003-11-14T00:00:00.000Z;0,139
2003-11-15T00:00:00.000Z;0,095
2003-11-16T00:00:00.000Z;0,084
2003-11-17T00:00:00.000Z;0,111
2003-11-18T00:00:00.000Z;0,151
2003-11-19T00:00:00.000Z;0,145
2003-11-20T00:00:00.000Z;0,131
2003-11-21T00:00:00.000Z;0,115
2003-11-22T00:00:00.000Z;0,102
2003-11-23T00:00:00.000Z;0,09
2003-11-24T00:00:00.000Z;0,085
2003-11-25T00:00:00.000Z;0,085
2003-11-26T00:00:00.000Z;0,084
2003-11-27T00:00:00.000Z;0,228
2003-11-28T00:00:00.000Z;0,46
2003-11-29T00:00:00.000Z;0,733
2003-11-30T00:00:00.000Z;0,578
2003-12-01T00:00:00.000Z;0,833
2003-12-02T00:00:00.000Z;0,499
2003-12-03T00:00:00.000Z;0,363
2003-12-04T00:00:00.000Z;0,45
2003-12-05T00:00:00.000Z;0,369
2003-12-06T00:00:00.000Z;0,3
2003-12-07T00:00:00.000Z;0,168
2003-12-08T00:00:00.000Z;0,131
2003-12-09T00:00:00.000Z;0,119
2003-12-10T00:00:00.000Z;0,1
2003-12-11T00:00:00.000Z;0,085
2003-12-12T00:00:00.000Z;0,351
2003-12-13T00:00:00.000Z;0,394
2003-12-15T00:00:00.000Z;0,62
2003-12-16T00:00:00.000Z;0,334
2003-12-17T00:00:00.000Z;0,215
2003-12-18T00:00:00.000Z;0,125
2003-12-19T00:00:00.000Z;0,213
2003-12-20T00:00:00.000Z;0,228
2003-12-21T00:00:00.000Z;0,215
2003-12-22T00:00:00.000Z;0,454
2003-12-23T00:00:00.000Z;0,334
2003-12-24T00:00:00.000Z;0,559
2003-12-25T00:00:00.000Z;0,574
2003-12-26T00:00:00.000Z;0,363
2003-12-27T00:00:00.000Z;0,307
2003-12-28T00:00:00.000Z;0,279
2003-12-29T00:00:00.000Z;0,32
2003-12-30T00:00:00.000Z;1,81
2003-12-31T00:00:00.000Z;0,857
2004-01-01T00:00:00.000Z;1,02
2004-01-02T00:00:00.000Z;1,42
2004-01-03T00:00:00.000Z;0,467
2004-01-04T00:00:00.000Z;0,353
2004-01-05T00:00:00.000Z;0,252
2004-01-06T00:00:00.000Z;0,159
2004-01-07T00:00:00.000Z;0,141
2004-01-08T00:00:00.000Z;0,136
2004-01-09T00:00:00.000Z;0,892
2004-01-10T00:00:00.000Z;1,96
2004-01-11T00:00:00.000Z;0,762
2004-01-12T00:00:00.000Z;0,555
2004-01-13T00:00:00.000Z;0,453
2004-01-14T00:00:00.000Z;1,06
2004-01-15T00:00:00.000Z;0,598
2004-01-16T00:00:00.000Z;0,36
2004-01-17T00:00:00.000Z;0,312
2004-01-18T00:00:00.000Z;0,431
2004-01-19T00:00:00.000Z;0,268
2004-01-20T00:00:00.000Z;0,254
2004-01-21T00:00:00.000Z;1,23
2004-01-22T00:00:00.000Z;0,753
2004-01-25T00:00:00.000Z;0,769
2004-01-26T00:00:00.000Z;0,699
2004-01-27T00:00:00.000Z;0,877
2004-01-28T00:00:00.000Z;0,47
2004-01-29T00:00:00.000Z;0,397
2004-01-30T00:00:00.000Z;0,349
2004-01-31T00:00:00.000Z;0,28
2004-02-01T00:00:00.000Z;0,282
2004-02-02T00:00:00.000Z;0,245
2004-02-03T00:00:00.000Z;0,199
2004-02-04T00:00:00.000Z;0,167
2004-02-05T00:00:00.000Z;0,151
2004-02-06T00:00:00.000Z;0,15
2004-02-07T00:00:00.000Z;0,151
2004-02-08T00:00:00.000Z;0,14
2004-02-09T00:00:00.000Z;0,111
2004-02-10T00:00:00.000Z;0,097
2004-02-11T00:00:00.000Z;0,091
2004-02-12T00:00:00.000Z;0,085
2004-02-13T00:00:00.000Z;0,081
2004-02-14T00:00:00.000Z;0,079
2004-02-15T00:00:00.000Z;0,077
2004-02-16T00:00:00.000Z;0,077
2004-02-17T00:00:00.000Z;0,077
2004-02-18T00:00:00.000Z;0,079
2004-02-19T00:00:00.000Z;0,082
2004-02-20T00:00:00.000Z;0,083
2004-02-21T00:00:00.000Z;0,1
2004-02-22T00:00:00.000Z;0,157
2004-02-23T00:00:00.000Z;0,137
2004-02-24T00:00:00.000Z;0,108
2004-02-25T00:00:00.000Z;0,1
2004-02-26T00:00:00.000Z;0,096
2004-02-27T00:00:00.000Z;0,092
2004-02-28T00:00:00.000Z;0,087
2004-02-29T00:00:00.000Z;0,083
2004-03-01T00:00:00.000Z;0,077
2004-03-02T00:00:00.000Z;0,075
2004-03-03T00:00:00.000Z;0,087
2004-03-04T00:00:00.000Z;0,158
2004-03-05T00:00:00.000Z;0,525
2004-03-06T00:00:00.000Z;0,964
2004-03-07T00:00:00.000Z;0,544
2004-03-08T00:00:00.000Z;0,339
2004-03-09T00:00:00.000Z;0,25
2004-03-10T00:00:00.000Z;0,142
2004-03-11T00:00:00.000Z;0,12
2004-03-12T00:00:00.000Z;0,135
2004-03-13T00:00:00.000Z;0,791
2004-03-14T00:00:00.000Z;0,476
2004-03-15T00:00:00.000Z;0,325
2004-03-16T00:00:00.000Z;0,294
2004-03-17T00:00:00.000Z;0,282
2004-03-18T00:00:00.000Z;0,247
2004-03-19T00:00:00.000Z;0,172
2004-03-20T00:00:00.000Z;0,158
2004-03-21T00:00:00.000Z;0,146
2004-03-22T00:00:00.000Z;0,166
2004-03-23T00:00:00.000Z;0,256
2004-03-24T00:00:00.000Z;0,248
2004-03-25T00:00:00.000Z;0,208
2004-03-26T00:00:00.000Z;0,191
2004-03-27T00:00:00.000Z;0,176
2004-03-28T00:00:00.000Z;0,152
2004-03-29T00:00:00.000Z;0,215
2004-03-30T00:00:00.000Z;0,344
2004-03-31T00:00:00.000Z;0,386
2004-04-01T00:00:00.000Z;0,388
2004-04-02T00:00:00.000Z;0,341
2004-04-03T00:00:00.000Z;0,309
2004-04-04T00:00:00.000Z;0,27
2004-04-05T00:00:00.000Z;0,193
2004-04-06T00:00:00.000Z;0,156
2004-04-07T00:00:00.000Z;0,144
2004-04-08T00:00:00.000Z;0,156
2004-04-09T00:00:00.000Z;0,163
2004-04-10T00:00:00.000Z;0,179
2004-04-11T00:00:00.000Z;0,155
2004-04-12T00:00:00.000Z;0,367
2004-04-13T00:00:00.000Z;0,386
2004-04-14T00:00:00.000Z;0,337
2004-04-15T00:00:00.000Z;0,307
2004-04-16T00:00:00.000Z;0,364
2004-04-17T00:00:00.000Z;0,628
2004-04-18T00:00:00.000Z;0,995
2004-04-19T00:00:00.000Z;0,629
2004-04-20T00:00:00.000Z;0,626
2004-04-21T00:00:00.000Z;0,456
2004-04-24T00:00:00.000Z;0,57
2004-04-25T00:00:00.000Z;0,366
2004-04-26T00:00:00.000Z;0,319
2004-04-27T00:00:00.000Z;0,207
2004-04-28T00:00:00.000Z;0,17
2004-04-29T00:00:00.000Z;0,288
2004-04-30T00:00:00.000Z;0,758
2004-05-01T00:00:00.000Z;0,479
2004-05-02T00:00:00.000Z;0,349
2004-05-03T00:00:00.000Z;0,828
2004-05-05T00:00:00.000Z;0,698
2004-05-06T00:00:00.000Z;0,433
2004-05-07T00:00:00.000Z;0,373
2004-05-08T00:00:00.000Z;0,335
2004-05-09T00:00:00.000Z;0,272
2004-05-10T00:00:00.000Z;0,192
2004-05-11T00:00:00.000Z;0,16
2004-05-12T00:00:00.000Z;0,223
2004-05-13T00:00:00.000Z;0,453
2004-05-14T00:00:00.000Z;0,357
2004-05-15T00:00:00.000Z;0,319
2004-05-16T00:00:00.000Z;0,226
2004-05-17T00:00:00.000Z;0,14
2004-05-18T00:00:00.000Z;0,122
2004-05-19T00:00:00.000Z;0,11
2004-05-20T00:00:00.000Z;0,131
2004-05-21T00:00:00.000Z;0,131
2004-05-22T00:00:00.000Z;0,228
2004-05-23T00:00:00.000Z;0,389
2004-05-24T00:00:00.000Z;0,255
2004-05-25T00:00:00.000Z;0,133
2004-05-26T00:00:00.000Z;0,114
2004-05-27T00:00:00.000Z;0,104
2004-05-28T00:00:00.000Z;0,096
2004-05-29T00:00:00.000Z;0,089
2004-05-30T00:00:00.000Z;0,085
2004-05-31T00:00:00.000Z;0,082
2004-06-01T00:00:00.000Z;0,08
2004-06-02T00:00:00.000Z;0,078
2004-06-03T00:00:00.000Z;0,074
2004-06-04T00:00:00.000Z;0,072
2004-06-05T00:00:00.000Z;0,07
2004-06-06T00:00:00.000Z;0,068
2004-06-07T00:00:00.000Z;0,066
2004-06-08T00:00:00.000Z;0,064
2004-06-09T00:00:00.000Z;0,063
2004-06-10T00:00:00.000Z;0,061
2004-06-11T00:00:00.000Z;0,087
2004-06-12T00:00:00.000Z;0,282
2004-06-13T00:00:00.000Z;0,248
2004-06-14T00:00:00.000Z;0,099
2004-06-15T00:00:00.000Z;0,079
2004-06-16T00:00:00.000Z;0,073
2004-06-17T00:00:00.000Z;0,075
2004-06-18T00:00:00.000Z;0,072
2004-06-19T00:00:00.000Z;0,07
2004-06-20T00:00:00.000Z;0,069
2004-06-21T00:00:00.000Z;0,068
2004-06-22T00:00:00.000Z;0,065
2004-06-23T00:00:00.000Z;0,063
2004-06-24T00:00:00.000Z;0,062
2004-06-25T00:00:00.000Z;0,062
2004-06-26T00:00:00.000Z;0,061
2004-06-27T00:00:00.000Z;0,063
2004-06-28T00:00:00.000Z;0,063
2004-06-29T00:00:00.000Z;0,061
2004-06-30T00:00:00.000Z;0,059
2004-07-01T00:00:00.000Z;0,059
2004-07-02T00:00:00.000Z;0,058
2004-07-03T00:00:00.000Z;0,058
2004-07-04T00:00:00.000Z;0,058
2004-07-05T00:00:00.000Z;0,058
2004-07-06T00:00:00.000Z;0,057
2004-07-07T00:00:00.000Z;0,058
2004-07-08T00:00:00.000Z;0,057
2004-07-09T00:00:00.000Z;0,054
2004-07-10T00:00:00.000Z;0,054
2004-07-11T00:00:00.000Z;0,055
2004-07-12T00:00:00.000Z;0,055
2004-07-13T00:00:00.000Z;0,053
2004-07-14T00:00:00.000Z;0,053
2004-07-15T00:00:00.000Z;0,051
2004-07-16T00:00:00.000Z;0,046
2004-07-17T00:00:00.000Z;0,043
2004-07-18T00:00:00.000Z;0,043
2004-07-19T00:00:00.000Z;0,042
2004-07-20T00:00:00.000Z;0,044
2004-07-21T00:00:00.000Z;0,043
2004-07-22T00:00:00.000Z;0,042
2004-07-23T00:00:00.000Z;0,041
2004-07-24T00:00:00.000Z;0,042
2004-07-25T00:00:00.000Z;0,041
2004-07-26T00:00:00.000Z;0,041
2004-07-27T00:00:00.000Z;0,041
2004-07-28T00:00:00.000Z;0,041
2004-07-29T00:00:00.000Z;0,041
2004-07-30T00:00:00.000Z;0,041
2004-07-31T00:00:00.000Z;0,041
2004-08-01T00:00:00.000Z;0,041
2004-08-02T00:00:00.000Z;0,041
2004-08-03T00:00:00.000Z;0,041
2004-08-04T00:00:00.000Z;0,045
2004-08-05T00:00:00.000Z;0,047
2004-08-06T00:00:00.000Z;0,046
2004-08-07T00:00:00.000Z;0,044
2004-08-08T00:00:00.000Z;0,043
2004-08-09T00:00:00.000Z;0,043
2004-08-10T00:00:00.000Z;0,043
2004-08-11T00:00:00.000Z;0,043
2004-08-12T00:00:00.000Z;0,042
2004-08-13T00:00:00.000Z;0,042
2004-08-14T00:00:00.000Z;0,041
2004-08-15T00:00:00.000Z;0,04
2004-08-16T00:00:00.000Z;0,04
2004-08-17T00:00:00.000Z;0,04
2004-08-18T00:00:00.000Z;0,04
2004-08-19T00:00:00.000Z;0,039
2004-08-20T00:00:00.000Z;0,039
2004-08-21T00:00:00.000Z;0,039
2004-08-22T00:00:00.000Z;0,039
2004-08-23T00:00:00.000Z;0,038
2004-08-24T00:00:00.000Z;0,039
2004-08-25T00:00:00.000Z;0,039
2004-08-26T00:00:00.000Z;0,038
2004-08-27T00:00:00.000Z;0,038
2004-08-28T00:00:00.000Z;0,037
2004-08-29T00:00:00.000Z;0,037
2004-08-30T00:00:00.000Z;0,037
2004-08-31T00:00:00.000Z;0,039
2004-09-01T00:00:00.000Z;0,039
2004-09-02T00:00:00.000Z;0,038
2004-09-03T00:00:00.000Z;0,037
2004-09-04T00:00:00.000Z;0,037
2004-09-05T00:00:00.000Z;0,037
2004-09-06T00:00:00.000Z;0,037
2004-09-07T00:00:00.000Z;0,037
2004-09-08T00:00:00.000Z;0,037
2004-09-09T00:00:00.000Z;0,037
2004-09-10T00:00:00.000Z;0,037
2004-09-11T00:00:00.000Z;0,038
2004-09-12T00:00:00.000Z;0,04
2004-09-13T00:00:00.000Z;0,039
2004-09-14T00:00:00.000Z;0,039
2004-09-15T00:00:00.000Z;0,051
2004-09-16T00:00:00.000Z;0,057
2004-09-17T00:00:00.000Z;0,049
2004-09-18T00:00:00.000Z;0,042
2004-09-19T00:00:00.000Z;0,041
2004-09-20T00:00:00.000Z;0,041
2004-09-21T00:00:00.000Z;0,041
2004-09-22T00:00:00.000Z;0,041
2004-09-23T00:00:00.000Z;0,04
2004-09-24T00:00:00.000Z;0,043
2004-09-25T00:00:00.000Z;0,061
2004-09-26T00:00:00.000Z;0,047
2004-09-27T00:00:00.000Z;0,043
2004-09-28T00:00:00.000Z;0,042
2004-09-29T00:00:00.000Z;0,041
2004-09-30T00:00:00.000Z;0,041
2004-10-01T00:00:00.000Z;0,041
2004-10-02T00:00:00.000Z;0,035
2004-10-03T00:00:00.000Z;0,032
2004-10-04T00:00:00.000Z;0,032
2004-10-05T00:00:00.000Z;0,033
2004-10-06T00:00:00.000Z;0,035
2004-10-07T00:00:00.000Z;0,037
2004-10-08T00:00:00.000Z;0,037
2004-10-09T00:00:00.000Z;0,037
2004-10-10T00:00:00.000Z;0,038
2004-10-11T00:00:00.000Z;0,038
2004-10-12T00:00:00.000Z;0,04
2004-10-13T00:00:00.000Z;0,042
2004-10-14T00:00:00.000Z;0,042
2004-10-15T00:00:00.000Z;0,045
2004-10-16T00:00:00.000Z;0,124
2004-10-17T00:00:00.000Z;0,127
2004-10-18T00:00:00.000Z;0,053
2004-10-19T00:00:00.000Z;0,044
2004-10-20T00:00:00.000Z;0,04
2004-10-21T00:00:00.000Z;0,039
2004-10-22T00:00:00.000Z;0,038
2004-10-23T00:00:00.000Z;0,038
2004-10-24T00:00:00.000Z;0,037
2004-10-25T00:00:00.000Z;0,06
2004-10-26T00:00:00.000Z;0,658
2004-10-27T00:00:00.000Z;0,281
2004-10-28T00:00:00.000Z;0,083
2004-10-29T00:00:00.000Z;0,059
2004-10-30T00:00:00.000Z;0,056
2004-10-31T00:00:00.000Z;0,192
2004-11-01T00:00:00.000Z;0,189
2004-11-02T00:00:00.000Z;0,083
2004-11-03T00:00:00.000Z;0,065
2004-11-04T00:00:00.000Z;0,056
2004-11-05T00:00:00.000Z;0,051
2004-11-06T00:00:00.000Z;0,049
2004-11-07T00:00:00.000Z;0,047
2004-11-08T00:00:00.000Z;0,046
2004-11-09T00:00:00.000Z;0,3
2004-11-10T00:00:00.000Z;0,769
2004-11-11T00:00:00.000Z;0,666
2004-11-12T00:00:00.000Z;0,546
2004-11-13T00:00:00.000Z;0,335
2004-11-14T00:00:00.000Z;0,322
2004-11-15T00:00:00.000Z;0,191
2004-11-16T00:00:00.000Z;0,116
2004-11-17T00:00:00.000Z;0,099
2004-11-18T00:00:00.000Z;0,099
2004-11-19T00:00:00.000Z;0,253
2004-11-20T00:00:00.000Z;0,873
2004-11-21T00:00:00.000Z;0,329
2004-11-22T00:00:00.000Z;0,296
2004-11-23T00:00:00.000Z;0,195
2004-11-24T00:00:00.000Z;0,133
2004-11-25T00:00:00.000Z;0,111
2004-11-26T00:00:00.000Z;0,097
2004-11-27T00:00:00.000Z;0,088
2004-11-28T00:00:00.000Z;0,087
2004-11-29T00:00:00.000Z;0,117
2004-11-30T00:00:00.000Z;0,149
2004-12-01T00:00:00.000Z;0,118
2004-12-02T00:00:00.000Z;0,107
2004-12-03T00:00:00.000Z;0,098
2004-12-04T00:00:00.000Z;0,086
2004-12-05T00:00:00.000Z;0,081
2004-12-06T00:00:00.000Z;0,079
2004-12-07T00:00:00.000Z;0,075
2004-12-08T00:00:00.000Z;0,132
2004-12-09T00:00:00.000Z;0,272
2004-12-10T00:00:00.000Z;0,171
2004-12-11T00:00:00.000Z;0,134
2004-12-12T00:00:00.000Z;0,108
2004-12-13T00:00:00.000Z;0,091
2004-12-14T00:00:00.000Z;0,082
2004-12-15T00:00:00.000Z;0,078
2004-12-16T00:00:00.000Z;0,074
2004-12-17T00:00:00.000Z;0,288
2004-12-18T00:00:00.000Z;0,967
2004-12-19T00:00:00.000Z;0,612
2004-12-20T00:00:00.000Z;1,55
2004-12-21T00:00:00.000Z;0,437
2004-12-22T00:00:00.000Z;0,317
2004-12-23T00:00:00.000Z;0,186
2004-12-24T00:00:00.000Z;0,201
2004-12-25T00:00:00.000Z;0,153
2004-12-26T00:00:00.000Z;0,159
2004-12-27T00:00:00.000Z;0,141
2004-12-28T00:00:00.000Z;0,27
2004-12-29T00:00:00.000Z;0,388
2004-12-30T00:00:00.000Z;0,293
2004-12-31T00:00:00.000Z;0,25
2005-01-01T00:00:00.000Z;0,301
2005-01-02T00:00:00.000Z;0,644
2005-01-03T00:00:00.000Z;0,727
2005-01-04T00:00:00.000Z;0,378
2005-01-05T00:00:00.000Z;0,31
2005-01-06T00:00:00.000Z;0,163
2005-01-07T00:00:00.000Z;0,171
2005-01-08T00:00:00.000Z;0,213
2005-01-09T00:00:00.000Z;0,164
2005-01-10T00:00:00.000Z;0,131
2005-01-11T00:00:00.000Z;0,116
2005-01-12T00:00:00.000Z;0,105
2005-01-13T00:00:00.000Z;0,094
2005-01-14T00:00:00.000Z;0,089
2005-01-15T00:00:00.000Z;0,085
2005-01-16T00:00:00.000Z;0,082
2005-01-17T00:00:00.000Z;0,079
2005-01-18T00:00:00.000Z;0,085
2005-01-21T00:00:00.000Z;0,621
2005-01-22T00:00:00.000Z;0,362
2005-01-23T00:00:00.000Z;0,344
2005-01-24T00:00:00.000Z;0,676
2005-01-25T00:00:00.000Z;0,35
2005-01-26T00:00:00.000Z;0,267
2005-01-27T00:00:00.000Z;0,141
2005-01-28T00:00:00.000Z;0,123
2005-01-29T00:00:00.000Z;0,114
2005-01-30T00:00:00.000Z;0,104
2005-01-31T00:00:00.000Z;0,097
2005-02-01T00:00:00.000Z;0,095
2005-02-02T00:00:00.000Z;0,127
2005-02-03T00:00:00.000Z;0,132
2005-02-04T00:00:00.000Z;0,121
2005-02-05T00:00:00.000Z;0,117
2005-02-06T00:00:00.000Z;0,111
2005-02-07T00:00:00.000Z;0,104
2005-02-08T00:00:00.000Z;0,101
2005-02-09T00:00:00.000Z;0,099
2005-02-10T00:00:00.000Z;0,096
2005-02-11T00:00:00.000Z;0,096
2005-02-12T00:00:00.000Z;0,16
2005-02-13T00:00:00.000Z;0,617
2005-02-14T00:00:00.000Z;0,611
2005-02-15T00:00:00.000Z;0,341
2005-02-16T00:00:00.000Z;0,235
2005-02-17T00:00:00.000Z;0,139
2005-02-18T00:00:00.000Z;0,124
2005-02-19T00:00:00.000Z;0,129
2005-02-20T00:00:00.000Z;0,144
2005-02-21T00:00:00.000Z;0,13
2005-02-22T00:00:00.000Z;0,12
2005-02-23T00:00:00.000Z;0,109
2005-02-24T00:00:00.000Z;0,104
2005-02-25T00:00:00.000Z;0,099
2005-02-26T00:00:00.000Z;0,099
2005-02-27T00:00:00.000Z;0,097
2005-02-28T00:00:00.000Z;0,094
2005-03-01T00:00:00.000Z;0,089
2005-03-02T00:00:00.000Z;0,089
2005-03-03T00:00:00.000Z;0,092
2005-03-04T00:00:00.000Z;0,087
2005-03-05T00:00:00.000Z;0,087
2005-03-06T00:00:00.000Z;0,091
2005-03-07T00:00:00.000Z;0,086
2005-03-08T00:00:00.000Z;0,083
2005-03-09T00:00:00.000Z;0,086
2005-03-10T00:00:00.000Z;0,1
2005-03-11T00:00:00.000Z;0,114
2005-03-12T00:00:00.000Z;0,12
2005-03-13T00:00:00.000Z;0,178
2005-03-14T00:00:00.000Z;0,279
2005-03-15T00:00:00.000Z;0,612
2005-03-16T00:00:00.000Z;1,03
2005-03-17T00:00:00.000Z;1,04
2005-03-18T00:00:00.000Z;0,962
2005-03-19T00:00:00.000Z;0,882
2005-03-20T00:00:00.000Z;0,714
2005-03-21T00:00:00.000Z;0,758
2005-03-22T00:00:00.000Z;0,718
2005-03-23T00:00:00.000Z;0,492
2005-03-24T00:00:00.000Z;0,467
2005-03-25T00:00:00.000Z;0,367
2005-03-26T00:00:00.000Z;0,345
2005-03-27T00:00:00.000Z;0,384
2005-03-28T00:00:00.000Z;0,434
2005-03-29T00:00:00.000Z;0,403
2005-03-30T00:00:00.000Z;0,65
2005-03-31T00:00:00.000Z;0,435
2005-04-01T00:00:00.000Z;0,334
2005-04-02T00:00:00.000Z;0,304
2005-04-03T00:00:00.000Z;0,251
2005-04-04T00:00:00.000Z;0,208
2005-04-05T00:00:00.000Z;0,271
2005-04-06T00:00:00.000Z;0,201
2005-04-07T00:00:00.000Z;0,195
2005-04-08T00:00:00.000Z;1,26
2005-04-09T00:00:00.000Z;0,432
2005-04-10T00:00:00.000Z;0,346
2005-04-11T00:00:00.000Z;0,37
2005-04-12T00:00:00.000Z;0,389
2005-04-13T00:00:00.000Z;0,448
2005-04-14T00:00:00.000Z;0,452
2005-04-15T00:00:00.000Z;0,744
2005-04-16T00:00:00.000Z;0,476
2005-04-17T00:00:00.000Z;0,443
2005-04-18T00:00:00.000Z;0,746
2005-04-19T00:00:00.000Z;0,575
2005-04-20T00:00:00.000Z;0,545
2005-04-21T00:00:00.000Z;0,745
2005-04-22T00:00:00.000Z;1,48
2005-04-23T00:00:00.000Z;1,02
2005-04-24T00:00:00.000Z;0,439
2005-04-25T00:00:00.000Z;0,349
2005-04-26T00:00:00.000Z;0,32
2005-04-27T00:00:00.000Z;0,287
2005-04-28T00:00:00.000Z;0,218
2005-04-29T00:00:00.000Z;0,169
2005-04-30T00:00:00.000Z;0,147
2005-05-01T00:00:00.000Z;0,129
2005-05-02T00:00:00.000Z;0,116
2005-05-03T00:00:00.000Z;0,106
2005-05-04T00:00:00.000Z;0,103
2005-05-05T00:00:00.000Z;0,477
2005-05-06T00:00:00.000Z;0,359
2005-05-07T00:00:00.000Z;0,29
2005-05-08T00:00:00.000Z;0,178
2005-05-09T00:00:00.000Z;0,116
2005-05-10T00:00:00.000Z;0,11
2005-05-11T00:00:00.000Z;0,138
2005-05-12T00:00:00.000Z;0,148
2005-05-13T00:00:00.000Z;0,129
2005-05-14T00:00:00.000Z;0,323
2005-05-15T00:00:00.000Z;0,272
2005-05-16T00:00:00.000Z;0,119
2005-05-17T00:00:00.000Z;1,21
2005-05-18T00:00:00.000Z;1,5
2005-05-19T00:00:00.000Z;0,317
2005-05-20T00:00:00.000Z;0,24
2005-05-21T00:00:00.000Z;0,129
2005-05-22T00:00:00.000Z;0,09
2005-05-23T00:00:00.000Z;0,098
2005-05-24T00:00:00.000Z;0,085
2005-05-25T00:00:00.000Z;0,074
2005-05-26T00:00:00.000Z;0,066
2005-05-27T00:00:00.000Z;0,061
2005-05-28T00:00:00.000Z;0,056
2005-05-29T00:00:00.000Z;0,052
2005-05-30T00:00:00.000Z;0,05
2005-05-31T00:00:00.000Z;0,049
2005-06-01T00:00:00.000Z;0,046
2005-06-02T00:00:00.000Z;0,043
2005-06-03T00:00:00.000Z;0,042
2005-06-04T00:00:00.000Z;0,041
2005-06-05T00:00:00.000Z;0,041
2005-06-06T00:00:00.000Z;0,039
2005-06-07T00:00:00.000Z;0,038
2005-06-08T00:00:00.000Z;0,037
2005-06-09T00:00:00.000Z;0,036
2005-06-10T00:00:00.000Z;0,035
2005-06-11T00:00:00.000Z;0,034
2005-06-12T00:00:00.000Z;0,034
2005-06-13T00:00:00.000Z;0,041
2005-06-14T00:00:00.000Z;0,218
2005-06-15T00:00:00.000Z;0,097
2005-06-16T00:00:00.000Z;0,048
2005-06-17T00:00:00.000Z;0,041
2005-06-18T00:00:00.000Z;0,039
2005-06-19T00:00:00.000Z;0,037
2005-06-20T00:00:00.000Z;0,036
2005-06-21T00:00:00.000Z;0,035
2005-06-22T00:00:00.000Z;0,034
2005-06-23T00:00:00.000Z;0,033
2005-06-24T00:00:00.000Z;0,032
2005-06-25T00:00:00.000Z;0,031
2005-06-26T00:00:00.000Z;0,03
2005-06-27T00:00:00.000Z;0,029
2005-06-28T00:00:00.000Z;0,029
2005-06-29T00:00:00.000Z;0,029
2005-06-30T00:00:00.000Z;0,029
2005-07-01T00:00:00.000Z;0,028
2005-07-02T00:00:00.000Z;0,027
2005-07-03T00:00:00.000Z;0,027
2005-07-04T00:00:00.000Z;0,027
2005-07-05T00:00:00.000Z;0,029
2005-07-06T00:00:00.000Z;0,03
2005-07-07T00:00:00.000Z;0,051
2005-07-08T00:00:00.000Z;0,04
2005-07-09T00:00:00.000Z;0,044
2005-07-10T00:00:00.000Z;0,213
2005-07-11T00:00:00.000Z;0,081
2005-07-12T00:00:00.000Z;0,041
2005-07-13T00:00:00.000Z;0,036
2005-07-14T00:00:00.000Z;0,034
2005-07-15T00:00:00.000Z;0,033
2005-07-16T00:00:00.000Z;0,033
2005-07-17T00:00:00.000Z;0,032
2005-07-18T00:00:00.000Z;0,032
2005-07-19T00:00:00.000Z;0,031
2005-07-20T00:00:00.000Z;0,03
2005-07-21T00:00:00.000Z;0,03
2005-07-22T00:00:00.000Z;0,03
2005-07-23T00:00:00.000Z;0,03
2005-07-24T00:00:00.000Z;0,03
2005-07-25T00:00:00.000Z;0,03
2005-07-26T00:00:00.000Z;0,03
2005-07-27T00:00:00.000Z;0,03
2005-07-28T00:00:00.000Z;0,03
2005-07-29T00:00:00.000Z;0,03
2005-07-30T00:00:00.000Z;0,03
2005-07-31T00:00:00.000Z;0,03
2005-08-01T00:00:00.000Z;0,031
2005-08-02T00:00:00.000Z;0,036
2005-08-03T00:00:00.000Z;0,033
2005-08-04T00:00:00.000Z;0,03
2005-08-05T00:00:00.000Z;0,029
2005-08-06T00:00:00.000Z;0,028
2005-08-07T00:00:00.000Z;0,027
2005-08-08T00:00:00.000Z;0,027
2005-08-09T00:00:00.000Z;0,027
2005-08-10T00:00:00.000Z;0,027
2005-08-11T00:00:00.000Z;0,032
2005-08-12T00:00:00.000Z;0,033
2005-08-13T00:00:00.000Z;0,028
2005-08-14T00:00:00.000Z;0,027
2005-08-15T00:00:00.000Z;0,026
2005-08-16T00:00:00.000Z;0,026
2005-08-17T00:00:00.000Z;0,025
2005-08-18T00:00:00.000Z;0,026
2005-08-19T00:00:00.000Z;0,026
2005-08-20T00:00:00.000Z;0,027
2005-08-21T00:00:00.000Z;0,125
2005-08-22T00:00:00.000Z;0,047
2005-08-23T00:00:00.000Z;0,036
2005-08-24T00:00:00.000Z;0,055
2005-08-25T00:00:00.000Z;0,036
2005-08-26T00:00:00.000Z;0,032
2005-08-27T00:00:00.000Z;0,029
2005-08-28T00:00:00.000Z;0,027
2005-08-29T00:00:00.000Z;0,027
2005-08-30T00:00:00.000Z;0,025
2005-08-31T00:00:00.000Z;0,022
2005-09-01T00:00:00.000Z;0,02
2005-09-02T00:00:00.000Z;0,021
2005-09-03T00:00:00.000Z;0,02
2005-09-04T00:00:00.000Z;0,019
2005-09-05T00:00:00.000Z;0,019
2005-09-06T00:00:00.000Z;0,053
2005-09-07T00:00:00.000Z;0,081
2005-09-08T00:00:00.000Z;0,235
2005-09-09T00:00:00.000Z;0,258
2005-09-10T00:00:00.000Z;0,221
2005-09-11T00:00:00.000Z;0,204
2005-09-12T00:00:00.000Z;0,423
2005-09-13T00:00:00.000Z;0,474
2005-09-14T00:00:00.000Z;0,212
2005-09-15T00:00:00.000Z;0,077
2005-09-16T00:00:00.000Z;0,049
2005-09-17T00:00:00.000Z;0,768
2005-09-18T00:00:00.000Z;0,265
2005-09-19T00:00:00.000Z;0,169
2005-09-20T00:00:00.000Z;0,058
2005-09-21T00:00:00.000Z;0,046
2005-09-22T00:00:00.000Z;0,041
2005-09-23T00:00:00.000Z;0,037
2005-09-24T00:00:00.000Z;0,034
2005-09-25T00:00:00.000Z;0,033
2005-09-26T00:00:00.000Z;0,044
2005-09-27T00:00:00.000Z;0,042
2005-09-28T00:00:00.000Z;0,036
2005-09-29T00:00:00.000Z;0,034
2005-09-30T00:00:00.000Z;0,032
2005-10-01T00:00:00.000Z;0,031
2005-10-02T00:00:00.000Z;0,178
2005-10-03T00:00:00.000Z;0,228
2005-10-04T00:00:00.000Z;0,108
2005-10-05T00:00:00.000Z;0,057
2005-10-06T00:00:00.000Z;0,048
2005-10-07T00:00:00.000Z;0,042
2005-10-08T00:00:00.000Z;0,039
2005-10-09T00:00:00.000Z;0,036
2005-10-10T00:00:00.000Z;0,034
2005-10-11T00:00:00.000Z;0,034
2005-10-12T00:00:00.000Z;0,034
2005-10-13T00:00:00.000Z;0,035
2005-10-14T00:00:00.000Z;0,035
2005-10-15T00:00:00.000Z;0,035
2005-10-16T00:00:00.000Z;0,036
2005-10-17T00:00:00.000Z;0,036
2005-10-18T00:00:00.000Z;0,037
2005-10-19T00:00:00.000Z;0,037
2005-10-20T00:00:00.000Z;0,037
2005-10-21T00:00:00.000Z;0,038
2005-10-22T00:00:00.000Z;0,038
2005-10-23T00:00:00.000Z;0,039
2005-10-24T00:00:00.000Z;0,039
2005-10-25T00:00:00.000Z;0,04
2005-10-26T00:00:00.000Z;0,04
2005-10-27T00:00:00.000Z;0,041
2005-10-28T00:00:00.000Z;0,041
2005-10-29T00:00:00.000Z;0,041
2005-10-30T00:00:00.000Z;0,042
2006-01-27T00:00:00.000Z;0,083
2006-01-28T00:00:00.000Z;0,08
2006-01-29T00:00:00.000Z;0,075
2006-01-30T00:00:00.000Z;0,072
2006-01-31T00:00:00.000Z;0,13
2006-02-01T00:00:00.000Z;0,228
2006-02-02T00:00:00.000Z;0,191
2006-02-03T00:00:00.000Z;0,159
2006-02-04T00:00:00.000Z;0,128
2006-02-05T00:00:00.000Z;0,109
2006-02-06T00:00:00.000Z;0,097
2006-02-07T00:00:00.000Z;0,089
2006-02-08T00:00:00.000Z;0,086
2006-02-09T00:00:00.000Z;0,082
2006-02-10T00:00:00.000Z;0,078
2006-02-11T00:00:00.000Z;0,075
2006-02-12T00:00:00.000Z;0,072
2006-02-13T00:00:00.000Z;0,069
2006-02-14T00:00:00.000Z;0,067
2006-02-15T00:00:00.000Z;0,068
2006-02-16T00:00:00.000Z;0,215
2006-02-17T00:00:00.000Z;0,269
2006-02-18T00:00:00.000Z;0,148
2006-02-19T00:00:00.000Z;0,125
2006-02-20T00:00:00.000Z;0,105
2006-02-21T00:00:00.000Z;0,093
2006-02-22T00:00:00.000Z;0,085
2006-02-23T00:00:00.000Z;0,08
2006-02-24T00:00:00.000Z;0,078
2006-02-25T00:00:00.000Z;0,074
2006-02-26T00:00:00.000Z;0,073
2006-02-27T00:00:00.000Z;0,077
2006-02-28T00:00:00.000Z;0,079
2006-03-01T00:00:00.000Z;0,076
2006-03-02T00:00:00.000Z;0,072
2006-03-03T00:00:00.000Z;0,07
2006-03-04T00:00:00.000Z;0,069
2006-03-05T00:00:00.000Z;0,085
2006-03-06T00:00:00.000Z;0,082
2006-03-07T00:00:00.000Z;0,089
2006-03-08T00:00:00.000Z;0,531
2006-03-10T00:00:00.000Z;0,869
2006-03-12T00:00:00.000Z;0,918
2006-03-13T00:00:00.000Z;0,646
2006-03-14T00:00:00.000Z;0,394
2006-03-15T00:00:00.000Z;0,335
2006-03-16T00:00:00.000Z;0,299
2006-03-17T00:00:00.000Z;0,195
2006-03-18T00:00:00.000Z;0,202
2006-03-19T00:00:00.000Z;0,186
2006-03-20T00:00:00.000Z;0,164
2006-03-21T00:00:00.000Z;0,147
2006-03-22T00:00:00.000Z;0,199
2006-03-23T00:00:00.000Z;0,256
2006-03-24T00:00:00.000Z;0,178
2006-03-25T00:00:00.000Z;0,184
2006-03-26T00:00:00.000Z;0,168
2006-03-27T00:00:00.000Z;0,146
2006-03-28T00:00:00.000Z;0,269
2006-03-29T00:00:00.000Z;0,27
2006-03-30T00:00:00.000Z;0,15
2006-03-31T00:00:00.000Z;0,138
2006-04-01T00:00:00.000Z;0,12
2006-04-02T00:00:00.000Z;0,104
2006-04-03T00:00:00.000Z;0,098
2006-04-04T00:00:00.000Z;0,092
2006-04-05T00:00:00.000Z;0,093
2006-04-06T00:00:00.000Z;0,15
2006-04-07T00:00:00.000Z;0,115
2006-04-08T00:00:00.000Z;0,1
2006-04-09T00:00:00.000Z;0,097
2006-04-10T00:00:00.000Z;0,329
2006-04-11T00:00:00.000Z;0,315
2006-04-12T00:00:00.000Z;0,28
2006-04-13T00:00:00.000Z;0,171
2006-04-14T00:00:00.000Z;0,129
2006-04-15T00:00:00.000Z;0,108
2006-04-16T00:00:00.000Z;0,096
2006-04-17T00:00:00.000Z;0,091
2006-04-18T00:00:00.000Z;0,238
2006-04-19T00:00:00.000Z;0,23
2006-04-20T00:00:00.000Z;0,116
2006-04-21T00:00:00.000Z;0,099
2006-04-22T00:00:00.000Z;0,093
2006-04-23T00:00:00.000Z;0,103
2006-04-24T00:00:00.000Z;0,095
2006-04-25T00:00:00.000Z;0,093
2006-04-26T00:00:00.000Z;0,088
2006-04-27T00:00:00.000Z;0,086
2006-04-28T00:00:00.000Z;0,273
2006-04-29T00:00:00.000Z;0,209
2006-04-30T00:00:00.000Z;0,11
2006-05-01T00:00:00.000Z;0,094
2006-05-02T00:00:00.000Z;0,085
2006-05-03T00:00:00.000Z;0,08
2006-05-04T00:00:00.000Z;0,075
2006-05-05T00:00:00.000Z;0,075
2006-05-06T00:00:00.000Z;0,155
2006-05-07T00:00:00.000Z;0,753
2006-05-08T00:00:00.000Z;0,387
2006-05-09T00:00:00.000Z;0,368
2006-05-10T00:00:00.000Z;0,283
2006-05-11T00:00:00.000Z;0,138
2006-05-12T00:00:00.000Z;0,1
2006-05-13T00:00:00.000Z;0,094
2006-05-14T00:00:00.000Z;0,09
2006-05-15T00:00:00.000Z;0,084
2006-05-16T00:00:00.000Z;0,078
2006-05-17T00:00:00.000Z;0,073
2006-05-18T00:00:00.000Z;0,071
2006-05-19T00:00:00.000Z;0,071
2006-05-20T00:00:00.000Z;0,07
2006-05-21T00:00:00.000Z;0,067
2006-05-22T00:00:00.000Z;0,064
2006-05-23T00:00:00.000Z;0,062
2006-05-24T00:00:00.000Z;0,084
2006-05-25T00:00:00.000Z;0,076
2006-05-26T00:00:00.000Z;0,067
2006-05-27T00:00:00.000Z;0,062
2006-05-28T00:00:00.000Z;0,059
2006-05-29T00:00:00.000Z;0,058
2006-05-30T00:00:00.000Z;0,068
2006-05-31T00:00:00.000Z;0,07
2006-06-01T00:00:00.000Z;0,062
2006-06-02T00:00:00.000Z;0,059
2006-06-03T00:00:00.000Z;0,056
2006-06-04T00:00:00.000Z;0,052
2006-06-05T00:00:00.000Z;0,05
2006-06-06T00:00:00.000Z;0,049
2006-06-07T00:00:00.000Z;0,047
2006-06-08T00:00:00.000Z;0,047
2006-06-09T00:00:00.000Z;0,045
2006-06-10T00:00:00.000Z;0,045
2006-06-11T00:00:00.000Z;0,045
2006-06-12T00:00:00.000Z;0,044
2006-06-13T00:00:00.000Z;0,043
2006-06-14T00:00:00.000Z;0,044
2006-06-15T00:00:00.000Z;0,043
2006-06-16T00:00:00.000Z;0,043
2006-06-17T00:00:00.000Z;0,043
2006-06-18T00:00:00.000Z;0,043
2006-06-19T00:00:00.000Z;0,043
2006-06-20T00:00:00.000Z;0,043
2006-06-21T00:00:00.000Z;0,043
2006-06-22T00:00:00.000Z;0,043
2006-06-23T00:00:00.000Z;0,043
2006-06-24T00:00:00.000Z;0,043
2006-06-25T00:00:00.000Z;0,043
2006-06-26T00:00:00.000Z;0,043
2006-06-27T00:00:00.000Z;0,043
2006-06-28T00:00:00.000Z;0,057
2006-06-29T00:00:00.000Z;0,07
2006-06-30T00:00:00.000Z;0,049
2006-07-01T00:00:00.000Z;0,046
2006-07-02T00:00:00.000Z;0,043
2006-07-03T00:00:00.000Z;0,041
2006-07-04T00:00:00.000Z;0,041
2006-07-05T00:00:00.000Z;0,042
2006-07-06T00:00:00.000Z;0,053
2006-07-07T00:00:00.000Z;0,054
2006-07-08T00:00:00.000Z;0,047
2006-07-09T00:00:00.000Z;0,043
2006-07-10T00:00:00.000Z;0,041
2006-07-11T00:00:00.000Z;0,04
2006-07-12T00:00:00.000Z;0,043
2006-07-13T00:00:00.000Z;0,043
2006-07-14T00:00:00.000Z;0,042
2006-07-15T00:00:00.000Z;0,04
2006-07-16T00:00:00.000Z;0,04
2006-07-17T00:00:00.000Z;0,039
2006-07-18T00:00:00.000Z;0,038
2006-07-19T00:00:00.000Z;0,037
2006-07-20T00:00:00.000Z;0,037
2006-07-21T00:00:00.000Z;0,037
2006-07-22T00:00:00.000Z;0,037
2006-07-23T00:00:00.000Z;0,037
2006-07-24T00:00:00.000Z;0,037
2006-07-25T00:00:00.000Z;0,036
2006-07-26T00:00:00.000Z;0,035
2006-07-27T00:00:00.000Z;0,035
2006-07-28T00:00:00.000Z;0,036
2006-07-29T00:00:00.000Z;0,036
2006-07-30T00:00:00.000Z;0,035
2006-07-31T00:00:00.000Z;0,035
2006-08-01T00:00:00.000Z;0,035
2006-08-02T00:00:00.000Z;0,034
2006-08-03T00:00:00.000Z;0,198
2006-08-04T00:00:00.000Z;0,232
2006-08-05T00:00:00.000Z;0,054
2006-08-06T00:00:00.000Z;0,043
2006-08-07T00:00:00.000Z;0,04
2006-08-08T00:00:00.000Z;0,039
2006-08-09T00:00:00.000Z;0,038
2006-08-10T00:00:00.000Z;0,037
2006-08-11T00:00:00.000Z;0,037
2006-08-12T00:00:00.000Z;0,037
2006-08-13T00:00:00.000Z;0,037
2006-08-14T00:00:00.000Z;0,037
2006-08-15T00:00:00.000Z;0,037
2006-08-16T00:00:00.000Z;0,039
2006-08-17T00:00:00.000Z;0,038
2006-08-18T00:00:00.000Z;0,039
2006-08-19T00:00:00.000Z;0,038
2006-08-20T00:00:00.000Z;0,039
2006-08-21T00:00:00.000Z;0,04
2006-08-22T00:00:00.000Z;0,041
2006-08-23T00:00:00.000Z;0,041
2006-08-24T00:00:00.000Z;0,041
2006-08-25T00:00:00.000Z;0,054
2006-08-26T00:00:00.000Z;0,058
2006-08-27T00:00:00.000Z;0,042
2006-08-28T00:00:00.000Z;0,04
2006-08-29T00:00:00.000Z;0,039
2006-08-30T00:00:00.000Z;0,044
2006-08-31T00:00:00.000Z;0,045
2006-09-01T00:00:00.000Z;0,042
2006-09-02T00:00:00.000Z;0,04
2006-09-03T00:00:00.000Z;0,039
2006-09-04T00:00:00.000Z;0,038
2006-09-05T00:00:00.000Z;0,038
2006-09-06T00:00:00.000Z;0,038
2006-09-07T00:00:00.000Z;0,038
2006-09-08T00:00:00.000Z;0,041
2006-09-09T00:00:00.000Z;0,041
2006-09-10T00:00:00.000Z;0,035
2006-09-11T00:00:00.000Z;0,029
2006-09-12T00:00:00.000Z;0,029
2006-09-13T00:00:00.000Z;0,031
2006-09-14T00:00:00.000Z;0,036
2006-09-15T00:00:00.000Z;0,049
2006-09-16T00:00:00.000Z;1,05
2006-09-17T00:00:00.000Z;0,609
2006-09-18T00:00:00.000Z;0,258
2006-09-19T00:00:00.000Z;0,087
2006-09-20T00:00:00.000Z;0,068
2006-09-21T00:00:00.000Z;0,058
2006-09-22T00:00:00.000Z;0,064
2006-09-23T00:00:00.000Z;0,072
2006-09-24T00:00:00.000Z;0,06
2006-09-25T00:00:00.000Z;0,25
2006-09-26T00:00:00.000Z;0,14
2006-09-27T00:00:00.000Z;0,083
2006-09-28T00:00:00.000Z;0,07
2006-09-29T00:00:00.000Z;0,057
2006-09-30T00:00:00.000Z;0,052
2006-10-01T00:00:00.000Z;0,049
2006-10-02T00:00:00.000Z;0,048
2006-10-03T00:00:00.000Z;0,048
2006-10-04T00:00:00.000Z;0,048
2006-10-05T00:00:00.000Z;0,048
2006-10-06T00:00:00.000Z;0,048
2006-10-07T00:00:00.000Z;0,055
2006-10-08T00:00:00.000Z;0,067
2006-10-09T00:00:00.000Z;0,051
2006-10-10T00:00:00.000Z;0,048
2006-10-11T00:00:00.000Z;0,057
2006-10-12T00:00:00.000Z;0,987
2006-10-13T00:00:00.000Z;0,311
2006-10-14T00:00:00.000Z;0,184
2006-10-15T00:00:00.000Z;0,082
2006-10-16T00:00:00.000Z;0,071
2006-10-17T00:00:00.000Z;0,063
2006-10-18T00:00:00.000Z;0,059
2006-10-19T00:00:00.000Z;0,057
2006-10-20T00:00:00.000Z;0,054
2006-10-21T00:00:00.000Z;0,052
2006-10-22T00:00:00.000Z;0,05
2006-10-23T00:00:00.000Z;0,05
2006-10-24T00:00:00.000Z;0,05
2006-10-25T00:00:00.000Z;0,05
2006-10-26T00:00:00.000Z;0,05
2006-10-27T00:00:00.000Z;0,05
2006-10-28T00:00:00.000Z;0,05
2006-10-29T00:00:00.000Z;0,05
2006-10-30T00:00:00.000Z;0,05
2006-10-31T00:00:00.000Z;0,051
2006-11-01T00:00:00.000Z;0,051
2006-11-02T00:00:00.000Z;0,053
2006-11-03T00:00:00.000Z;0,052
2006-11-04T00:00:00.000Z;0,05
2006-11-05T00:00:00.000Z;0,047
2006-11-06T00:00:00.000Z;0,047
2006-11-07T00:00:00.000Z;0,047
2006-11-08T00:00:00.000Z;0,047
2006-11-09T00:00:00.000Z;0,047
2006-11-10T00:00:00.000Z;0,046
2006-11-11T00:00:00.000Z;0,046
2006-11-12T00:00:00.000Z;0,064
2006-11-13T00:00:00.000Z;0,107
2006-11-14T00:00:00.000Z;0,06
2006-11-15T00:00:00.000Z;0,049
2006-11-16T00:00:00.000Z;0,049
2006-11-17T00:00:00.000Z;0,051
2006-11-18T00:00:00.000Z;0,051
2006-11-19T00:00:00.000Z;0,054
2006-11-20T00:00:00.000Z;0,064
2006-11-21T00:00:00.000Z;0,077
2006-11-22T00:00:00.000Z;1,53
2006-11-23T00:00:00.000Z;0,512
2006-11-24T00:00:00.000Z;0,286
2006-11-25T00:00:00.000Z;0,114
2006-11-26T00:00:00.000Z;0,082
2006-11-27T00:00:00.000Z;0,07
2006-11-28T00:00:00.000Z;0,065
2006-11-29T00:00:00.000Z;0,061
2006-11-30T00:00:00.000Z;0,06
2006-12-01T00:00:00.000Z;0,058
2006-12-02T00:00:00.000Z;0,058
2006-12-03T00:00:00.000Z;0,056
2006-12-04T00:00:00.000Z;0,053
2006-12-05T00:00:00.000Z;0,052
2006-12-06T00:00:00.000Z;0,208
2006-12-07T00:00:00.000Z;0,283
2006-12-08T00:00:00.000Z;0,395
2006-12-09T00:00:00.000Z;0,396
2006-12-10T00:00:00.000Z;0,346
2006-12-11T00:00:00.000Z;0,307
2006-12-12T00:00:00.000Z;0,167
2006-12-13T00:00:00.000Z;0,108
2006-12-14T00:00:00.000Z;0,1
2006-12-15T00:00:00.000Z;0,09
2006-12-16T00:00:00.000Z;0,082
2006-12-17T00:00:00.000Z;0,076
2006-12-18T00:00:00.000Z;0,093
2006-12-19T00:00:00.000Z;0,092
2006-12-20T00:00:00.000Z;0,082
2006-12-21T00:00:00.000Z;0,075
2006-12-22T00:00:00.000Z;0,07
2006-12-23T00:00:00.000Z;0,066
2006-12-24T00:00:00.000Z;0,062
2006-12-25T00:00:00.000Z;0,059
2006-12-26T00:00:00.000Z;0,057
2006-12-27T00:00:00.000Z;0,055
2006-12-28T00:00:00.000Z;0,055
2006-12-29T00:00:00.000Z;0,055
2006-12-30T00:00:00.000Z;0,054
2006-12-31T00:00:00.000Z;0,052
2007-01-01T00:00:00.000Z;0,051
2007-01-02T00:00:00.000Z;0,056
2007-01-03T00:00:00.000Z;0,061
2007-01-04T00:00:00.000Z;0,057
2007-01-05T00:00:00.000Z;0,078
2007-01-06T00:00:00.000Z;0,064
2007-01-07T00:00:00.000Z;0,06
2007-01-08T00:00:00.000Z;0,057
2007-01-09T00:00:00.000Z;0,06
2007-01-10T00:00:00.000Z;0,06
2007-01-11T00:00:00.000Z;0,056
2007-01-12T00:00:00.000Z;0,052
2007-01-13T00:00:00.000Z;0,051
2007-01-14T00:00:00.000Z;0,05
2007-01-15T00:00:00.000Z;0,05
2007-01-16T00:00:00.000Z;0,049
2007-01-17T00:00:00.000Z;0,048
2007-01-18T00:00:00.000Z;0,047
2007-01-19T00:00:00.000Z;0,047
2007-01-20T00:00:00.000Z;0,047
2007-01-21T00:00:00.000Z;0,047
2007-01-22T00:00:00.000Z;0,047
2007-01-23T00:00:00.000Z;0,049
2007-01-24T00:00:00.000Z;0,051
2007-01-25T00:00:00.000Z;0,05
2007-01-26T00:00:00.000Z;0,049
2007-01-27T00:00:00.000Z;0,047
2007-01-28T00:00:00.000Z;0,047
2007-01-29T00:00:00.000Z;0,047
2007-01-30T00:00:00.000Z;0,048
2007-01-31T00:00:00.000Z;0,048
2007-02-01T00:00:00.000Z;0,048
2007-02-02T00:00:00.000Z;0,05
2007-02-03T00:00:00.000Z;0,051
2007-02-04T00:00:00.000Z;0,05
2007-02-05T00:00:00.000Z;0,05
2007-02-06T00:00:00.000Z;0,055
2007-02-07T00:00:00.000Z;0,072
2007-02-08T00:00:00.000Z;0,159
2007-02-09T00:00:00.000Z;0,281
2007-02-10T00:00:00.000Z;0,32
2007-02-11T00:00:00.000Z;0,34
2007-02-12T00:00:00.000Z;1,03
2007-02-13T00:00:00.000Z;0,415
2007-02-14T00:00:00.000Z;0,303
2007-02-15T00:00:00.000Z;0,232
2007-02-16T00:00:00.000Z;0,141
2007-02-17T00:00:00.000Z;0,111
2007-02-18T00:00:00.000Z;0,157
2007-02-19T00:00:00.000Z;0,296
2007-02-20T00:00:00.000Z;0,182
2007-02-21T00:00:00.000Z;0,141
2007-02-22T00:00:00.000Z;0,123
2007-02-23T00:00:00.000Z;0,105
2007-02-24T00:00:00.000Z;0,101
2007-02-25T00:00:00.000Z;0,321
2007-02-26T00:00:00.000Z;0,664
2007-02-27T00:00:00.000Z;0,521
2007-02-28T00:00:00.000Z;0,347
2007-03-01T00:00:00.000Z;0,285
2007-03-02T00:00:00.000Z;0,131
2007-03-03T00:00:00.000Z;0,107
2007-03-04T00:00:00.000Z;0,095
2007-03-05T00:00:00.000Z;0,161
2007-03-06T00:00:00.000Z;0,17
2007-03-07T00:00:00.000Z;0,203
2007-03-09T00:00:00.000Z;0,482
2007-03-10T00:00:00.000Z;0,406
2007-03-11T00:00:00.000Z;0,308
2007-03-12T00:00:00.000Z;0,252
2007-03-13T00:00:00.000Z;0,163
2007-03-14T00:00:00.000Z;0,162
2007-03-15T00:00:00.000Z;0,164
2007-03-16T00:00:00.000Z;0,164
2007-03-17T00:00:00.000Z;0,141
2007-03-18T00:00:00.000Z;0,122
2007-03-19T00:00:00.000Z;0,263
2007-03-20T00:00:00.000Z;0,241
2007-03-21T00:00:00.000Z;0,164
2007-03-22T00:00:00.000Z;0,152
2007-03-23T00:00:00.000Z;0,392
2007-03-24T00:00:00.000Z;1,21
2007-03-25T00:00:00.000Z;0,4
2007-03-26T00:00:00.000Z;0,424
2007-03-27T00:00:00.000Z;0,57
2007-03-28T00:00:00.000Z;0,673
2007-03-29T00:00:00.000Z;0,443
2007-03-30T00:00:00.000Z;0,675
2007-03-31T00:00:00.000Z;0,399
2007-04-01T00:00:00.000Z;0,36
2007-04-02T00:00:00.000Z;0,581
2007-04-03T00:00:00.000Z;0,813
2007-04-04T00:00:00.000Z;0,734
2007-04-05T00:00:00.000Z;0,406
2007-04-06T00:00:00.000Z;0,402
2007-04-07T00:00:00.000Z;0,817
2007-04-08T00:00:00.000Z;0,564
2007-04-09T00:00:00.000Z;0,581
2007-04-10T00:00:00.000Z;0,482
2007-04-11T00:00:00.000Z;0,375
2007-04-12T00:00:00.000Z;0,416
2007-04-13T00:00:00.000Z;0,463
2007-04-14T00:00:00.000Z;1,33
2007-04-15T00:00:00.000Z;0,635
2007-04-17T00:00:00.000Z;1,52
2007-04-18T00:00:00.000Z;0,415
2007-04-19T00:00:00.000Z;0,375
2007-04-20T00:00:00.000Z;0,439
2007-04-21T00:00:00.000Z;0,3
2007-04-22T00:00:00.000Z;0,457
2007-04-23T00:00:00.000Z;0,519
2007-04-24T00:00:00.000Z;0,31
2007-04-25T00:00:00.000Z;0,224
2007-04-26T00:00:00.000Z;0,134
2007-04-27T00:00:00.000Z;0,114
2007-04-28T00:00:00.000Z;0,103
2007-04-29T00:00:00.000Z;0,271
2007-04-30T00:00:00.000Z;0,593
2007-05-01T00:00:00.000Z;1,47
2007-05-02T00:00:00.000Z;1,59
2007-05-03T00:00:00.000Z;0,765
2007-05-04T00:00:00.000Z;0,766
2007-05-05T00:00:00.000Z;0,47
2007-05-06T00:00:00.000Z;0,441
2007-05-07T00:00:00.000Z;0,334
2007-05-08T00:00:00.000Z;0,29
2007-05-09T00:00:00.000Z;0,167
2007-05-10T00:00:00.000Z;0,127
2007-05-11T00:00:00.000Z;0,113
2007-05-12T00:00:00.000Z;0,103
2007-05-13T00:00:00.000Z;0,099
2007-05-14T00:00:00.000Z;0,433
2007-05-15T00:00:00.000Z;0,334
2007-05-16T00:00:00.000Z;0,278
2007-05-17T00:00:00.000Z;0,203
2007-05-18T00:00:00.000Z;0,21
2007-05-19T00:00:00.000Z;0,161
2007-05-20T00:00:00.000Z;0,211
2007-05-21T00:00:00.000Z;0,146
2007-05-22T00:00:00.000Z;0,125
2007-05-23T00:00:00.000Z;0,115
2007-05-24T00:00:00.000Z;0,107
2007-05-25T00:00:00.000Z;0,105
2007-05-26T00:00:00.000Z;0,498
2007-05-27T00:00:00.000Z;0,865
2007-05-28T00:00:00.000Z;0,728
2007-05-29T00:00:00.000Z;0,37
2007-05-30T00:00:00.000Z;0,326
2007-05-31T00:00:00.000Z;0,367
2007-06-01T00:00:00.000Z;0,561
2007-06-02T00:00:00.000Z;0,343
2007-06-03T00:00:00.000Z;0,293
2007-06-04T00:00:00.000Z;0,439
2007-06-05T00:00:00.000Z;0,49
2007-06-06T00:00:00.000Z;0,317
2007-06-07T00:00:00.000Z;0,24
2007-06-08T00:00:00.000Z;0,133
2007-06-09T00:00:00.000Z;0,114
2007-06-10T00:00:00.000Z;0,104
2007-06-11T00:00:00.000Z;0,099
2007-06-12T00:00:00.000Z;0,095
2007-06-13T00:00:00.000Z;0,091
2007-06-14T00:00:00.000Z;0,087
2007-06-15T00:00:00.000Z;0,084
2007-06-16T00:00:00.000Z;0,082
2007-06-17T00:00:00.000Z;0,079
2007-06-18T00:00:00.000Z;0,076
2007-06-19T00:00:00.000Z;0,075
2007-06-20T00:00:00.000Z;0,075
2007-06-21T00:00:00.000Z;0,079
2007-06-22T00:00:00.000Z;0,075
2007-06-23T00:00:00.000Z;0,071
2007-06-24T00:00:00.000Z;0,071
2007-06-25T00:00:00.000Z;0,071
2007-06-26T00:00:00.000Z;0,071
2007-06-27T00:00:00.000Z;0,071
2007-06-28T00:00:00.000Z;0,069
2007-06-29T00:00:00.000Z;0,067
2007-06-30T00:00:00.000Z;0,066
2007-07-01T00:00:00.000Z;0,064
2007-07-02T00:00:00.000Z;0,064
2007-07-03T00:00:00.000Z;0,061
2007-07-04T00:00:00.000Z;0,059
2007-07-05T00:00:00.000Z;0,058
2007-07-06T00:00:00.000Z;0,058
2007-07-07T00:00:00.000Z;0,058
2007-07-08T00:00:00.000Z;0,058
2007-07-09T00:00:00.000Z;0,158
2007-07-10T00:00:00.000Z;0,087
2007-07-11T00:00:00.000Z;0,119
2007-07-12T00:00:00.000Z;0,077
2007-07-13T00:00:00.000Z;0,063
2007-07-14T00:00:00.000Z;0,059
2007-07-15T00:00:00.000Z;0,055
2007-07-16T00:00:00.000Z;0,053
2007-07-17T00:00:00.000Z;0,051
2007-07-18T00:00:00.000Z;0,05
2007-07-19T00:00:00.000Z;0,049
2007-07-20T00:00:00.000Z;0,048
2007-07-21T00:00:00.000Z;0,049
2007-07-22T00:00:00.000Z;0,05
2007-07-23T00:00:00.000Z;0,05
2007-07-24T00:00:00.000Z;0,049
2007-07-25T00:00:00.000Z;0,047
2007-07-26T00:00:00.000Z;0,047
2007-07-27T00:00:00.000Z;0,047
2007-07-28T00:00:00.000Z;0,047
2007-07-29T00:00:00.000Z;0,047
2007-07-30T00:00:00.000Z;0,045
2007-07-31T00:00:00.000Z;0,044
2007-08-01T00:00:00.000Z;0,043
2007-08-02T00:00:00.000Z;0,043
2007-08-03T00:00:00.000Z;0,043
2007-08-04T00:00:00.000Z;0,043
2007-08-05T00:00:00.000Z;0,042
2007-08-06T00:00:00.000Z;0,042
2007-08-07T00:00:00.000Z;0,053
2007-08-08T00:00:00.000Z;0,059
2007-08-09T00:00:00.000Z;0,052
2007-08-10T00:00:00.000Z;0,048
2007-08-11T00:00:00.000Z;0,046
2007-08-12T00:00:00.000Z;0,236
2007-08-13T00:00:00.000Z;0,601
2007-08-14T00:00:00.000Z;0,232
2007-08-15T00:00:00.000Z;0,068
2007-08-16T00:00:00.000Z;0,102
2007-08-17T00:00:00.000Z;0,139
2007-08-18T00:00:00.000Z;0,092
2007-08-19T00:00:00.000Z;0,066
2007-08-20T00:00:00.000Z;0,245
2007-08-21T00:00:00.000Z;0,882
2007-08-22T00:00:00.000Z;0,339
2007-08-23T00:00:00.000Z;0,508
2007-08-24T00:00:00.000Z;0,416
2007-08-25T00:00:00.000Z;0,275
2007-08-26T00:00:00.000Z;0,138
2007-08-27T00:00:00.000Z;0,082
2007-08-28T00:00:00.000Z;0,072
2007-08-29T00:00:00.000Z;0,066
2007-08-30T00:00:00.000Z;0,062
2007-08-31T00:00:00.000Z;0,059
2007-09-01T00:00:00.000Z;0,056
2007-09-02T00:00:00.000Z;0,055
2007-09-03T00:00:00.000Z;0,052
2007-09-04T00:00:00.000Z;0,05
2007-09-05T00:00:00.000Z;0,049
2007-09-06T00:00:00.000Z;0,047
2007-09-07T00:00:00.000Z;0,047
2007-09-08T00:00:00.000Z;0,047
2007-09-09T00:00:00.000Z;0,047
2007-09-10T00:00:00.000Z;0,047
2007-09-11T00:00:00.000Z;0,047
2007-09-12T00:00:00.000Z;0,046
2007-09-13T00:00:00.000Z;0,045
2007-09-14T00:00:00.000Z;0,045
2007-09-15T00:00:00.000Z;0,045
2007-09-16T00:00:00.000Z;0,045
2007-09-17T00:00:00.000Z;0,045
2007-09-18T00:00:00.000Z;0,048
2007-09-19T00:00:00.000Z;0,047
2007-09-20T00:00:00.000Z;0,047
2007-09-21T00:00:00.000Z;0,046
2007-09-22T00:00:00.000Z;0,046
2007-09-23T00:00:00.000Z;0,047
2007-09-24T00:00:00.000Z;0,047
2007-09-25T00:00:00.000Z;0,056
2007-09-26T00:00:00.000Z;0,058
2007-09-27T00:00:00.000Z;0,238
2007-09-28T00:00:00.000Z;0,101
2007-09-29T00:00:00.000Z;0,064
2007-09-30T00:00:00.000Z;0,057
2007-10-01T00:00:00.000Z;0,052
2007-10-02T00:00:00.000Z;0,049
2007-10-03T00:00:00.000Z;0,047
2007-10-04T00:00:00.000Z;0,047
2007-10-05T00:00:00.000Z;0,048
2007-10-06T00:00:00.000Z;0,088
2007-10-07T00:00:00.000Z;0,106
2007-10-08T00:00:00.000Z;0,419
2007-10-09T00:00:00.000Z;0,376
2007-10-10T00:00:00.000Z;0,336
2007-10-11T00:00:00.000Z;0,488
2007-10-12T00:00:00.000Z;0,275
2007-10-13T00:00:00.000Z;0,132
2007-10-14T00:00:00.000Z;0,082
2007-10-15T00:00:00.000Z;0,07
2007-10-16T00:00:00.000Z;0,065
2007-10-17T00:00:00.000Z;0,061
2007-10-18T00:00:00.000Z;0,058
2007-10-19T00:00:00.000Z;0,055
2007-10-20T00:00:00.000Z;0,053
2007-10-21T00:00:00.000Z;0,05
2007-10-22T00:00:00.000Z;0,05
2007-10-23T00:00:00.000Z;0,049
2007-10-24T00:00:00.000Z;0,048
2007-10-25T00:00:00.000Z;0,048
2007-10-26T00:00:00.000Z;0,048
2007-10-27T00:00:00.000Z;0,048
2007-10-28T00:00:00.000Z;0,047
2007-10-29T00:00:00.000Z;0,048
2007-10-30T00:00:00.000Z;0,061
2007-10-31T00:00:00.000Z;0,1
2007-11-01T00:00:00.000Z;0,077
2007-11-02T00:00:00.000Z;0,065
2007-11-03T00:00:00.000Z;0,06
2007-11-04T00:00:00.000Z;0,058
2007-11-05T00:00:00.000Z;0,056
2007-11-06T00:00:00.000Z;0,054
2007-11-07T00:00:00.000Z;0,053
2007-11-08T00:00:00.000Z;0,052
2007-11-09T00:00:00.000Z;0,056
2007-11-10T00:00:00.000Z;0,058
2007-11-11T00:00:00.000Z;0,058
2007-11-12T00:00:00.000Z;0,058
2007-11-13T00:00:00.000Z;0,06
2007-11-14T00:00:00.000Z;0,163
2007-11-15T00:00:00.000Z;0,205
2007-11-16T00:00:00.000Z;0,103
2007-11-17T00:00:00.000Z;0,081
2007-11-18T00:00:00.000Z;0,07
2007-11-19T00:00:00.000Z;0,066
2007-11-20T00:00:00.000Z;0,072
2007-11-21T00:00:00.000Z;0,145
2007-11-22T00:00:00.000Z;0,098
2007-11-23T00:00:00.000Z;0,207
2007-11-24T00:00:00.000Z;0,201
2007-11-25T00:00:00.000Z;0,114
2007-11-26T00:00:00.000Z;0,094
2007-11-27T00:00:00.000Z;0,088
2007-11-28T00:00:00.000Z;0,081
2007-11-29T00:00:00.000Z;0,074
2007-11-30T00:00:00.000Z;0,069
2007-12-01T00:00:00.000Z;0,068
2007-12-02T00:00:00.000Z;0,143
2007-12-03T00:00:00.000Z;0,173
2007-12-04T00:00:00.000Z;0,336
2007-12-05T00:00:00.000Z;0,333
2007-12-06T00:00:00.000Z;0,255
2007-12-07T00:00:00.000Z;0,433
2007-12-08T00:00:00.000Z;1,02
2007-12-09T00:00:00.000Z;0,905
2007-12-10T00:00:00.000Z;1,09
2007-12-11T00:00:00.000Z;0,574
2007-12-12T00:00:00.000Z;0,333
2007-12-13T00:00:00.000Z;0,257
2007-12-14T00:00:00.000Z;0,131
2007-12-15T00:00:00.000Z;0,11
2007-12-16T00:00:00.000Z;0,096
2007-12-17T00:00:00.000Z;0,088
2007-12-18T00:00:00.000Z;0,082
2007-12-19T00:00:00.000Z;0,076
2007-12-20T00:00:00.000Z;0,074
2007-12-21T00:00:00.000Z;0,07
2007-12-22T00:00:00.000Z;0,068
2007-12-23T00:00:00.000Z;0,066
2007-12-24T00:00:00.000Z;0,064
2007-12-25T00:00:00.000Z;0,063
2007-12-26T00:00:00.000Z;0,062
2007-12-27T00:00:00.000Z;0,061
2007-12-28T00:00:00.000Z;0,06
2007-12-29T00:00:00.000Z;0,059
2007-12-30T00:00:00.000Z;0,197
2007-12-31T00:00:00.000Z;0,217
2008-01-01T00:00:00.000Z;0,11
2008-01-02T00:00:00.000Z;0,093
2008-01-03T00:00:00.000Z;0,086
2008-01-04T00:00:00.000Z;0,082
2008-01-05T00:00:00.000Z;0,084
2008-01-06T00:00:00.000Z;0,204
2008-01-07T00:00:00.000Z;0,218
2008-01-08T00:00:00.000Z;0,118
2008-01-09T00:00:00.000Z;0,099
2008-01-10T00:00:00.000Z;0,09
2008-01-11T00:00:00.000Z;0,102
2008-01-12T00:00:00.000Z;0,235
2008-01-13T00:00:00.000Z;0,178
2008-01-14T00:00:00.000Z;0,183
2008-01-15T00:00:00.000Z;0,154
2008-01-16T00:00:00.000Z;0,306
2008-01-17T00:00:00.000Z;1,23
2008-01-18T00:00:00.000Z;2,41
2008-01-19T00:00:00.000Z;0,655
2008-01-20T00:00:00.000Z;0,34
2008-01-21T00:00:00.000Z;0,284
2008-01-22T00:00:00.000Z;0,146
2008-01-23T00:00:00.000Z;0,116
2008-01-24T00:00:00.000Z;0,102
2008-01-25T00:00:00.000Z;0,091
2008-01-26T00:00:00.000Z;0,086
2008-01-27T00:00:00.000Z;0,08
2008-01-28T00:00:00.000Z;0,076
2008-01-29T00:00:00.000Z;0,075
2008-01-30T00:00:00.000Z;0,072
2008-01-31T00:00:00.000Z;0,069
2008-02-01T00:00:00.000Z;0,066
2008-02-02T00:00:00.000Z;0,066
2008-02-03T00:00:00.000Z;0,064
2008-02-04T00:00:00.000Z;0,069
2008-02-05T00:00:00.000Z;0,07
2008-02-06T00:00:00.000Z;0,068
2008-02-07T00:00:00.000Z;0,066
2008-02-08T00:00:00.000Z;0,065
2008-02-09T00:00:00.000Z;0,064
2008-02-10T00:00:00.000Z;0,063
2008-02-11T00:00:00.000Z;0,062
2008-02-12T00:00:00.000Z;0,06
2008-02-13T00:00:00.000Z;0,058
2008-02-14T00:00:00.000Z;0,056
2008-02-15T00:00:00.000Z;0,056
2008-02-16T00:00:00.000Z;0,055
2008-02-17T00:00:00.000Z;0,055
2008-02-18T00:00:00.000Z;0,055
2008-02-19T00:00:00.000Z;0,055
2008-02-20T00:00:00.000Z;0,055
2008-02-21T00:00:00.000Z;0,055
2008-02-22T00:00:00.000Z;0,054
2008-02-23T00:00:00.000Z;0,053
2008-02-24T00:00:00.000Z;0,053
2008-02-25T00:00:00.000Z;0,053
2008-02-26T00:00:00.000Z;0,053
2008-02-27T00:00:00.000Z;0,053
2008-02-28T00:00:00.000Z;0,053
2008-02-29T00:00:00.000Z;0,053
2008-03-01T00:00:00.000Z;0,054
2008-03-02T00:00:00.000Z;0,054
2008-03-03T00:00:00.000Z;0,054
2008-03-04T00:00:00.000Z;0,056
2008-03-05T00:00:00.000Z;0,056
2008-03-06T00:00:00.000Z;0,056
2008-03-07T00:00:00.000Z;0,056
2008-03-08T00:00:00.000Z;0,081
2008-03-09T00:00:00.000Z;0,16
2008-03-10T00:00:00.000Z;0,237
2008-03-11T00:00:00.000Z;0,274
2008-03-12T00:00:00.000Z;0,358
2008-03-13T00:00:00.000Z;0,294
2008-03-14T00:00:00.000Z;0,235
2008-03-15T00:00:00.000Z;0,108
2008-03-16T00:00:00.000Z;0,092
2008-03-17T00:00:00.000Z;0,084
2008-03-18T00:00:00.000Z;0,082
2008-03-19T00:00:00.000Z;0,14
2008-03-20T00:00:00.000Z;0,109
2008-03-21T00:00:00.000Z;0,097
2008-03-22T00:00:00.000Z;0,394
2008-03-23T00:00:00.000Z;0,312
2008-03-24T00:00:00.000Z;0,233
2008-03-25T00:00:00.000Z;1,4
2008-03-26T00:00:00.000Z;0,712
2008-03-28T00:00:00.000Z;1,94
2008-03-29T00:00:00.000Z;0,758
2008-03-30T00:00:00.000Z;0,544
2008-03-31T00:00:00.000Z;0,747
2008-04-01T00:00:00.000Z;0,559
2008-04-02T00:00:00.000Z;0,485
2008-04-03T00:00:00.000Z;0,379
2008-04-04T00:00:00.000Z;0,317
2008-04-05T00:00:00.000Z;0,297
2008-04-06T00:00:00.000Z;0,255
2008-04-07T00:00:00.000Z;0,146
2008-04-08T00:00:00.000Z;0,137
2008-04-09T00:00:00.000Z;0,148
2008-04-10T00:00:00.000Z;0,135
2008-04-11T00:00:00.000Z;0,271
2008-04-12T00:00:00.000Z;0,308
2008-04-13T00:00:00.000Z;0,316
2008-04-14T00:00:00.000Z;0,611
2008-04-15T00:00:00.000Z;0,381
2008-04-16T00:00:00.000Z;0,316
2008-04-17T00:00:00.000Z;0,462
2008-04-18T00:00:00.000Z;0,438
2008-04-19T00:00:00.000Z;0,349
2008-04-20T00:00:00.000Z;0,391
2008-04-21T00:00:00.000Z;0,476
2008-04-22T00:00:00.000Z;0,396
2008-04-23T00:00:00.000Z;0,329
2008-04-24T00:00:00.000Z;0,302
2008-04-25T00:00:00.000Z;0,201
2008-04-26T00:00:00.000Z;0,134
2008-04-27T00:00:00.000Z;0,117
2008-04-28T00:00:00.000Z;0,12
2008-04-29T00:00:00.000Z;0,195
2008-04-30T00:00:00.000Z;0,162
2008-05-01T00:00:00.000Z;0,152
2008-05-02T00:00:00.000Z;0,115
2008-05-03T00:00:00.000Z;0,101
2008-05-04T00:00:00.000Z;0,094
2008-05-05T00:00:00.000Z;0,09
2008-05-06T00:00:00.000Z;0,084
2008-05-07T00:00:00.000Z;0,082
2008-05-08T00:00:00.000Z;0,084
2008-05-09T00:00:00.000Z;0,111
2008-05-10T00:00:00.000Z;0,197
2008-05-11T00:00:00.000Z;0,139
2008-05-12T00:00:00.000Z;0,138
2008-05-13T00:00:00.000Z;0,106
2008-05-14T00:00:00.000Z;0,115
2008-05-15T00:00:00.000Z;0,116
2008-05-16T00:00:00.000Z;0,099
2008-05-17T00:00:00.000Z;0,107
2008-05-18T00:00:00.000Z;0,176
2008-05-19T00:00:00.000Z;0,857
2008-05-20T00:00:00.000Z;0,355
2008-05-21T00:00:00.000Z;0,292
2008-05-22T00:00:00.000Z;0,175
2008-05-23T00:00:00.000Z;0,112
2008-05-24T00:00:00.000Z;0,1
2008-05-25T00:00:00.000Z;0,099
2008-05-26T00:00:00.000Z;0,103
2008-05-27T00:00:00.000Z;0,16
2008-05-28T00:00:00.000Z;0,214
2008-05-29T00:00:00.000Z;0,16
2008-05-30T00:00:00.000Z;0,117
2008-05-31T00:00:00.000Z;0,11
2008-06-01T00:00:00.000Z;0,2
2008-06-02T00:00:00.000Z;0,517
2008-06-03T00:00:00.000Z;0,463
2008-06-04T00:00:00.000Z;0,521
2008-06-05T00:00:00.000Z;0,309
2008-06-06T00:00:00.000Z;0,523
2008-06-07T00:00:00.000Z;0,344
2008-06-08T00:00:00.000Z;0,289
2008-06-09T00:00:00.000Z;0,178
2008-06-10T00:00:00.000Z;0,349
2008-06-11T00:00:00.000Z;0,66
2008-06-12T00:00:00.000Z;1,14
2008-06-13T00:00:00.000Z;0,618
2008-06-14T00:00:00.000Z;1,07
2008-06-15T00:00:00.000Z;0,353
2008-06-16T00:00:00.000Z;0,295
2008-06-17T00:00:00.000Z;0,155
2008-06-18T00:00:00.000Z;0,121
2008-06-19T00:00:00.000Z;0,107
2008-06-20T00:00:00.000Z;0,097
2008-06-21T00:00:00.000Z;0,092
2008-06-22T00:00:00.000Z;0,086
2008-06-23T00:00:00.000Z;0,085
2008-06-24T00:00:00.000Z;0,097
2008-06-25T00:00:00.000Z;0,144
2008-06-26T00:00:00.000Z;0,096
2008-06-27T00:00:00.000Z;0,264
2008-06-28T00:00:00.000Z;0,189
2008-06-29T00:00:00.000Z;0,103
2008-06-30T00:00:00.000Z;0,089
2008-07-01T00:00:00.000Z;0,083
2008-07-02T00:00:00.000Z;0,128
2008-07-03T00:00:00.000Z;0,212
2008-07-04T00:00:00.000Z;0,141
2008-07-05T00:00:00.000Z;0,098
2008-07-06T00:00:00.000Z;0,092
2008-07-07T00:00:00.000Z;0,099
2008-07-08T00:00:00.000Z;0,098
2008-07-09T00:00:00.000Z;0,083
2008-07-10T00:00:00.000Z;0,071
2008-07-11T00:00:00.000Z;0,069
2008-07-12T00:00:00.000Z;0,573
2008-07-13T00:00:00.000Z;0,948
2008-07-14T00:00:00.000Z;0,279
2008-07-15T00:00:00.000Z;0,183
2008-07-16T00:00:00.000Z;0,096
2008-07-17T00:00:00.000Z;0,086
2008-07-18T00:00:00.000Z;0,079
2008-07-19T00:00:00.000Z;0,073
2008-07-20T00:00:00.000Z;0,071
2008-07-21T00:00:00.000Z;0,065
2008-07-22T00:00:00.000Z;0,063
2008-07-23T00:00:00.000Z;0,059
2008-07-24T00:00:00.000Z;0,057
2008-07-25T00:00:00.000Z;0,059
2008-07-26T00:00:00.000Z;0,076
2008-07-27T00:00:00.000Z;0,071
2008-07-28T00:00:00.000Z;0,062
2008-07-29T00:00:00.000Z;0,059
2008-07-30T00:00:00.000Z;0,056
2008-07-31T00:00:00.000Z;0,053
2008-08-01T00:00:00.000Z;0,051
2008-08-02T00:00:00.000Z;0,05
2008-08-03T00:00:00.000Z;0,048
2008-08-04T00:00:00.000Z;0,048
2008-08-05T00:00:00.000Z;0,046
2008-08-06T00:00:00.000Z;0,045
2008-08-07T00:00:00.000Z;0,045
2008-08-08T00:00:00.000Z;0,045
2008-08-09T00:00:00.000Z;0,045
2008-08-10T00:00:00.000Z;0,045
2008-08-11T00:00:00.000Z;0,045
2008-08-12T00:00:00.000Z;0,045
2008-08-13T00:00:00.000Z;0,045
2008-08-14T00:00:00.000Z;0,045
2008-08-15T00:00:00.000Z;0,071
2008-08-16T00:00:00.000Z;0,059
2008-08-17T00:00:00.000Z;0,052
2008-08-18T00:00:00.000Z;0,049
2008-08-19T00:00:00.000Z;0,048
2008-08-20T00:00:00.000Z;0,048
2008-08-21T00:00:00.000Z;0,045
2008-08-22T00:00:00.000Z;0,044
2008-08-23T00:00:00.000Z;0,081
2008-08-24T00:00:00.000Z;0,06
2008-08-25T00:00:00.000Z;0,052
2008-08-26T00:00:00.000Z;0,049
2008-08-27T00:00:00.000Z;0,046
2008-08-28T00:00:00.000Z;0,044
2008-08-29T00:00:00.000Z;0,043
2008-08-30T00:00:00.000Z;0,042
2008-08-31T00:00:00.000Z;0,041
2008-09-01T00:00:00.000Z;0,043
2008-09-02T00:00:00.000Z;0,043
2008-09-03T00:00:00.000Z;0,042
2008-09-04T00:00:00.000Z;0,041
2008-09-05T00:00:00.000Z;0,041
2008-09-06T00:00:00.000Z;0,043
2008-09-07T00:00:00.000Z;0,076
2008-09-08T00:00:00.000Z;0,056
2008-09-09T00:00:00.000Z;0,049
2008-09-10T00:00:00.000Z;0,046
2008-09-11T00:00:00.000Z;0,046
2008-09-12T00:00:00.000Z;0,084
2008-09-13T00:00:00.000Z;0,088
2008-09-14T00:00:00.000Z;0,237
2008-09-15T00:00:00.000Z;0,087
2008-09-16T00:00:00.000Z;0,06
2008-09-17T00:00:00.000Z;0,053
2008-09-18T00:00:00.000Z;0,05
2008-09-19T00:00:00.000Z;0,049
2008-09-20T00:00:00.000Z;0,047
2008-09-21T00:00:00.000Z;0,045
2008-09-22T00:00:00.000Z;0,043
2008-09-23T00:00:00.000Z;0,043
2008-09-24T00:00:00.000Z;0,043
2008-09-25T00:00:00.000Z;0,042
2008-09-26T00:00:00.000Z;0,041
2008-09-27T00:00:00.000Z;0,041
2008-09-28T00:00:00.000Z;0,041
2008-09-29T00:00:00.000Z;0,041
2008-09-30T00:00:00.000Z;0,04
2008-10-01T00:00:00.000Z;0,04
2008-10-02T00:00:00.000Z;0,04
2008-10-03T00:00:00.000Z;0,041
2008-10-04T00:00:00.000Z;0,042
2008-10-05T00:00:00.000Z;0,041
2008-10-06T00:00:00.000Z;0,041
2008-10-07T00:00:00.000Z;0,041
2008-10-08T00:00:00.000Z;0,054
2008-10-09T00:00:00.000Z;0,058
2008-10-10T00:00:00.000Z;0,047
2008-10-11T00:00:00.000Z;0,046
2008-10-12T00:00:00.000Z;0,045
2008-10-13T00:00:00.000Z;0,045
2008-10-14T00:00:00.000Z;0,045
2008-10-15T00:00:00.000Z;0,046
2008-10-16T00:00:00.000Z;0,049
2008-10-17T00:00:00.000Z;0,066
2008-10-18T00:00:00.000Z;0,068
2008-10-19T00:00:00.000Z;0,057
2008-10-20T00:00:00.000Z;0,053
2008-11-15T00:00:00.000Z;0,28
2008-11-16T00:00:00.000Z;0,131
2008-11-17T00:00:00.000Z;0,108
2008-11-18T00:00:00.000Z;0,101
2008-11-19T00:00:00.000Z;0,627
2008-11-20T00:00:00.000Z;0,362
2008-11-21T00:00:00.000Z;0,283
2008-11-22T00:00:00.000Z;0,886
2008-11-23T00:00:00.000Z;1,37
2008-11-24T00:00:00.000Z;1,79
2008-11-25T00:00:00.000Z;0,465
2008-11-26T00:00:00.000Z;0,338
2008-11-27T00:00:00.000Z;0,259
2008-11-28T00:00:00.000Z;0,16
2008-11-29T00:00:00.000Z;0,14
2008-11-30T00:00:00.000Z;0,128
2008-12-01T00:00:00.000Z;0,136
2008-12-02T00:00:00.000Z;0,151
2008-12-03T00:00:00.000Z;0,155
2008-12-04T00:00:00.000Z;0,239
2008-12-05T00:00:00.000Z;0,698
2008-12-06T00:00:00.000Z;0,399
2008-12-07T00:00:00.000Z;0,345
2008-12-08T00:00:00.000Z;0,323
2008-12-09T00:00:00.000Z;0,318
2008-12-10T00:00:00.000Z;0,351
2008-12-11T00:00:00.000Z;0,315
2008-12-12T00:00:00.000Z;0,222
2008-12-13T00:00:00.000Z;0,2
2008-12-14T00:00:00.000Z;0,289
2008-12-15T00:00:00.000Z;0,241
2008-12-16T00:00:00.000Z;0,241
2008-12-17T00:00:00.000Z;0,236
2008-12-18T00:00:00.000Z;0,59
2008-12-19T00:00:00.000Z;0,427
2008-12-20T00:00:00.000Z;0,444
2008-12-21T00:00:00.000Z;0,344
2008-12-22T00:00:00.000Z;0,316
2008-12-23T00:00:00.000Z;0,297
2008-12-24T00:00:00.000Z;0,257
2008-12-25T00:00:00.000Z;0,229
2008-12-26T00:00:00.000Z;0,179
2008-12-27T00:00:00.000Z;0,142
2008-12-28T00:00:00.000Z;0,123
2008-12-29T00:00:00.000Z;0,113
2008-12-30T00:00:00.000Z;0,11
2008-12-31T00:00:00.000Z;0,141
2009-01-01T00:00:00.000Z;0,203
2009-01-02T00:00:00.000Z;0,19
2009-01-03T00:00:00.000Z;0,179
2009-01-04T00:00:00.000Z;0,127
2009-01-05T00:00:00.000Z;0,108
2009-01-06T00:00:00.000Z;0,101
2009-01-07T00:00:00.000Z;0,093
2009-01-08T00:00:00.000Z;0,087
2009-01-09T00:00:00.000Z;0,084
2009-01-10T00:00:00.000Z;0,081
2009-01-11T00:00:00.000Z;0,078
2009-01-12T00:00:00.000Z;0,076
2009-01-13T00:00:00.000Z;0,075
2009-01-14T00:00:00.000Z;0,174
2009-01-15T00:00:00.000Z;0,132
2009-01-16T00:00:00.000Z;0,107
2009-01-17T00:00:00.000Z;0,098
2009-01-18T00:00:00.000Z;0,1
2009-01-19T00:00:00.000Z;0,158
2009-01-20T00:00:00.000Z;0,327
2009-01-21T00:00:00.000Z;0,209
2009-01-22T00:00:00.000Z;0,262
2009-01-23T00:00:00.000Z;2,12
2009-01-24T00:00:00.000Z;0,767
2009-01-25T00:00:00.000Z;0,461
2009-01-26T00:00:00.000Z;0,513
2009-01-27T00:00:00.000Z;0,769
2009-01-28T00:00:00.000Z;0,446
2009-01-29T00:00:00.000Z;0,587
2009-01-30T00:00:00.000Z;0,419
2009-01-31T00:00:00.000Z;0,409
2009-02-01T00:00:00.000Z;0,369
2009-02-02T00:00:00.000Z;0,338
2009-02-03T00:00:00.000Z;0,285
2009-02-04T00:00:00.000Z;0,199
2009-02-05T00:00:00.000Z;0,181
2009-02-06T00:00:00.000Z;0,164
2009-02-07T00:00:00.000Z;0,16
2009-02-08T00:00:00.000Z;0,151
2009-02-09T00:00:00.000Z;0,256
2009-02-10T00:00:00.000Z;0,398
2009-02-11T00:00:00.000Z;0,42
2009-02-12T00:00:00.000Z;0,436
2009-02-13T00:00:00.000Z;0,343
2009-02-14T00:00:00.000Z;0,251
2009-02-15T00:00:00.000Z;0,235
2009-02-16T00:00:00.000Z;0,196
2009-02-17T00:00:00.000Z;0,172
2009-02-18T00:00:00.000Z;0,158
2009-02-19T00:00:00.000Z;0,181
2009-02-20T00:00:00.000Z;0,191
2009-02-21T00:00:00.000Z;0,172
2009-02-22T00:00:00.000Z;0,155
2009-02-23T00:00:00.000Z;0,163
2009-02-24T00:00:00.000Z;0,174
2009-02-25T00:00:00.000Z;0,169
2009-02-26T00:00:00.000Z;0,166
2009-02-27T00:00:00.000Z;0,197
2009-02-28T00:00:00.000Z;0,25
2009-03-01T00:00:00.000Z;0,297
2009-03-02T00:00:00.000Z;0,297
2009-03-03T00:00:00.000Z;0,239
2009-03-04T00:00:00.000Z;0,198
2009-03-05T00:00:00.000Z;0,2
2009-03-06T00:00:00.000Z;0,205
2009-03-07T00:00:00.000Z;0,313
2009-03-08T00:00:00.000Z;0,401
2009-03-09T00:00:00.000Z;0,401
2009-03-10T00:00:00.000Z;0,376
2009-03-11T00:00:00.000Z;0,348
2009-03-12T00:00:00.000Z;0,325
2009-03-13T00:00:00.000Z;0,315
2009-03-14T00:00:00.000Z;0,329
2009-03-15T00:00:00.000Z;0,324
2009-03-16T00:00:00.000Z;0,306
2009-03-17T00:00:00.000Z;0,265
2009-03-18T00:00:00.000Z;0,259
2009-03-19T00:00:00.000Z;0,276
2009-03-20T00:00:00.000Z;0,246
2009-03-21T00:00:00.000Z;0,188
2009-03-22T00:00:00.000Z;0,153
2009-03-23T00:00:00.000Z;0,139
2009-03-24T00:00:00.000Z;0,14
2009-03-25T00:00:00.000Z;0,127
2009-03-26T00:00:00.000Z;0,12
2009-03-27T00:00:00.000Z;0,142
2009-03-28T00:00:00.000Z;0,215
2009-03-29T00:00:00.000Z;0,266
2009-03-30T00:00:00.000Z;0,186
2009-03-31T00:00:00.000Z;0,133
2009-04-01T00:00:00.000Z;0,135
2009-04-02T00:00:00.000Z;0,158
2009-04-03T00:00:00.000Z;0,153
2009-04-04T00:00:00.000Z;0,169
2009-04-05T00:00:00.000Z;0,179
2009-04-06T00:00:00.000Z;0,2
2009-04-07T00:00:00.000Z;0,483
2009-04-08T00:00:00.000Z;0,624
2009-04-09T00:00:00.000Z;0,354
2009-04-10T00:00:00.000Z;0,318
2009-04-11T00:00:00.000Z;0,47
2009-04-12T00:00:00.000Z;0,944
2009-04-13T00:00:00.000Z;0,632
2009-04-14T00:00:00.000Z;0,429
2009-04-15T00:00:00.000Z;0,462
2009-04-16T00:00:00.000Z;0,339
2009-04-17T00:00:00.000Z;0,296
2009-04-18T00:00:00.000Z;0,263
2009-04-19T00:00:00.000Z;0,18
2009-04-20T00:00:00.000Z;0,294
2009-04-22T00:00:00.000Z;0,531
2009-04-23T00:00:00.000Z;0,358
2009-04-24T00:00:00.000Z;0,322
2009-04-25T00:00:00.000Z;0,304
2009-04-26T00:00:00.000Z;0,479
2009-04-27T00:00:00.000Z;0,592
2009-04-28T00:00:00.000Z;0,57
2009-04-29T00:00:00.000Z;0,373
2009-04-30T00:00:00.000Z;0,593
2009-05-01T00:00:00.000Z;2,17
2009-05-02T00:00:00.000Z;0,617
2009-05-03T00:00:00.000Z;0,387
2009-05-04T00:00:00.000Z;0,334
2009-05-05T00:00:00.000Z;0,303
2009-05-06T00:00:00.000Z;0,238
2009-05-07T00:00:00.000Z;0,19
2009-05-08T00:00:00.000Z;0,178
2009-05-09T00:00:00.000Z;0,147
2009-05-10T00:00:00.000Z;0,131
2009-05-11T00:00:00.000Z;0,119
2009-05-12T00:00:00.000Z;0,11
2009-05-13T00:00:00.000Z;0,102
2009-05-14T00:00:00.000Z;0,185
2009-05-15T00:00:00.000Z;0,342
2009-05-16T00:00:00.000Z;0,293
2009-05-17T00:00:00.000Z;0,167
2009-05-18T00:00:00.000Z;0,169
2009-05-19T00:00:00.000Z;0,146
2009-05-20T00:00:00.000Z;0,123
2009-05-21T00:00:00.000Z;0,11
2009-05-22T00:00:00.000Z;0,103
2009-05-23T00:00:00.000Z;0,096
2009-05-24T00:00:00.000Z;0,09
2009-05-25T00:00:00.000Z;0,088
2009-05-26T00:00:00.000Z;0,091
2009-05-27T00:00:00.000Z;0,172
2009-05-28T00:00:00.000Z;0,119
2009-05-29T00:00:00.000Z;0,098
2009-05-30T00:00:00.000Z;0,089
2009-05-31T00:00:00.000Z;0,084
2009-06-01T00:00:00.000Z;0,083
2009-06-02T00:00:00.000Z;0,08
2009-06-03T00:00:00.000Z;0,076
2009-06-04T00:00:00.000Z;0,075
2009-06-05T00:00:00.000Z;0,135
2009-06-06T00:00:00.000Z;0,335
2009-06-07T00:00:00.000Z;0,17
2009-06-08T00:00:00.000Z;0,105
2009-06-09T00:00:00.000Z;0,09
2009-06-10T00:00:00.000Z;0,081
2009-06-11T00:00:00.000Z;0,078
2009-06-12T00:00:00.000Z;0,074
2009-06-13T00:00:00.000Z;0,07
2009-06-14T00:00:00.000Z;0,068
2009-06-15T00:00:00.000Z;0,066
2009-06-16T00:00:00.000Z;0,066
2009-06-17T00:00:00.000Z;0,067
2009-06-18T00:00:00.000Z;0,065
2009-06-19T00:00:00.000Z;0,064
2009-06-20T00:00:00.000Z;0,089
2009-06-21T00:00:00.000Z;0,077
2009-06-22T00:00:00.000Z;0,067
2009-06-23T00:00:00.000Z;0,063
2009-06-24T00:00:00.000Z;0,06
2009-06-25T00:00:00.000Z;0,059
2009-06-26T00:00:00.000Z;0,057
2009-06-27T00:00:00.000Z;0,056
2009-06-28T00:00:00.000Z;0,054
2009-06-29T00:00:00.000Z;0,052
2009-06-30T00:00:00.000Z;0,05
2009-07-01T00:00:00.000Z;0,048
2009-07-02T00:00:00.000Z;0,048
2009-07-03T00:00:00.000Z;0,048
2009-07-04T00:00:00.000Z;0,049
2009-07-05T00:00:00.000Z;0,086
2009-07-06T00:00:00.000Z;0,146
2009-07-07T00:00:00.000Z;0,142
2009-07-08T00:00:00.000Z;0,231
2009-07-09T00:00:00.000Z;0,131
2009-07-10T00:00:00.000Z;0,099
2009-07-11T00:00:00.000Z;0,075
2009-07-12T00:00:00.000Z;0,066
2009-07-13T00:00:00.000Z;0,061
2009-07-14T00:00:00.000Z;0,06
2009-07-15T00:00:00.000Z;0,059
2009-07-16T00:00:00.000Z;0,056
2009-07-17T00:00:00.000Z;0,073
2009-07-18T00:00:00.000Z;0,201
2009-07-19T00:00:00.000Z;0,097
2009-07-20T00:00:00.000Z;0,073
2009-07-21T00:00:00.000Z;0,065
2009-07-22T00:00:00.000Z;0,062
2009-07-23T00:00:00.000Z;0,059
2009-07-24T00:00:00.000Z;0,055
2009-07-25T00:00:00.000Z;0,052
2009-07-26T00:00:00.000Z;0,05
2009-07-27T00:00:00.000Z;0,05
2009-07-28T00:00:00.000Z;0,049
2009-07-29T00:00:00.000Z;0,047
2009-07-30T00:00:00.000Z;0,047
2009-07-31T00:00:00.000Z;0,046
2009-08-01T00:00:00.000Z;0,045
2009-08-02T00:00:00.000Z;0,046
2009-08-03T00:00:00.000Z;0,046
2009-08-04T00:00:00.000Z;0,046
2009-08-05T00:00:00.000Z;0,045
2009-08-06T00:00:00.000Z;0,047
2009-08-07T00:00:00.000Z;0,048
2009-08-08T00:00:00.000Z;0,049
2009-08-09T00:00:00.000Z;0,052
2009-08-10T00:00:00.000Z;0,051
2009-08-11T00:00:00.000Z;0,049
2009-08-12T00:00:00.000Z;0,048
2009-08-13T00:00:00.000Z;0,046
2009-08-14T00:00:00.000Z;0,045
2009-08-15T00:00:00.000Z;0,045
2009-08-16T00:00:00.000Z;0,044
2009-08-17T00:00:00.000Z;0,043
2009-08-18T00:00:00.000Z;0,043
2009-08-19T00:00:00.000Z;0,043
2009-08-20T00:00:00.000Z;0,043
2009-08-21T00:00:00.000Z;0,044
2009-08-22T00:00:00.000Z;0,043
2009-08-23T00:00:00.000Z;0,042
2009-08-24T00:00:00.000Z;0,042
2009-08-25T00:00:00.000Z;0,043
2009-08-26T00:00:00.000Z;0,044
2009-08-27T00:00:00.000Z;0,042
2009-08-28T00:00:00.000Z;0,042
2009-08-29T00:00:00.000Z;0,044
2009-08-30T00:00:00.000Z;0,043
2009-08-31T00:00:00.000Z;0,042
2009-09-01T00:00:00.000Z;0,042
2009-09-02T00:00:00.000Z;0,043
2009-09-03T00:00:00.000Z;0,042
2009-09-04T00:00:00.000Z;0,044
2009-09-05T00:00:00.000Z;0,052
2009-09-06T00:00:00.000Z;0,048
2009-09-07T00:00:00.000Z;0,044
2009-09-08T00:00:00.000Z;0,041
2009-09-09T00:00:00.000Z;0,039
2009-09-10T00:00:00.000Z;0,038
2009-09-11T00:00:00.000Z;0,038
2009-09-12T00:00:00.000Z;0,038
2009-09-13T00:00:00.000Z;0,038
2009-09-14T00:00:00.000Z;0,038
2009-09-15T00:00:00.000Z;0,038
2009-09-16T00:00:00.000Z;0,038
2009-09-17T00:00:00.000Z;0,039
2009-09-18T00:00:00.000Z;0,039
2009-09-19T00:00:00.000Z;0,04
2009-09-20T00:00:00.000Z;0,04
2009-09-21T00:00:00.000Z;0,056
2009-09-22T00:00:00.000Z;0,048
2009-09-23T00:00:00.000Z;0,041
2009-09-24T00:00:00.000Z;0,039
2009-09-25T00:00:00.000Z;0,038
2009-09-26T00:00:00.000Z;0,038
2009-09-27T00:00:00.000Z;0,038
2009-09-28T00:00:00.000Z;0,038
2009-09-29T00:00:00.000Z;0,038
2009-09-30T00:00:00.000Z;0,038
2009-10-01T00:00:00.000Z;0,038
2009-10-02T00:00:00.000Z;0,038
2009-10-03T00:00:00.000Z;0,038
2009-10-04T00:00:00.000Z;0,038
2009-10-05T00:00:00.000Z;0,037
2009-10-06T00:00:00.000Z;0,036
2009-10-07T00:00:00.000Z;0,035
2009-10-08T00:00:00.000Z;0,039
2009-10-09T00:00:00.000Z;0,046
2009-10-10T00:00:00.000Z;0,047
2009-10-11T00:00:00.000Z;0,046
2009-10-12T00:00:00.000Z;0,119
2009-10-13T00:00:00.000Z;0,074
2009-10-14T00:00:00.000Z;0,044
2009-10-15T00:00:00.000Z;0,039
2009-10-16T00:00:00.000Z;0,038
2009-10-17T00:00:00.000Z;0,038
2009-10-18T00:00:00.000Z;0,038
2009-10-19T00:00:00.000Z;0,038
2009-10-20T00:00:00.000Z;0,038
2009-10-21T00:00:00.000Z;0,038
2009-10-22T00:00:00.000Z;0,077
2009-10-23T00:00:00.000Z;0,131
2009-10-24T00:00:00.000Z;0,131
2009-10-25T00:00:00.000Z;0,211
2009-10-26T00:00:00.000Z;0,297
2009-10-27T00:00:00.000Z;0,127
2009-10-28T00:00:00.000Z;0,059
2009-10-29T00:00:00.000Z;0,049
2009-10-30T00:00:00.000Z;0,046
2009-10-31T00:00:00.000Z;0,047
2009-11-01T00:00:00.000Z;0,051
2009-11-02T00:00:00.000Z;0,513
2009-11-03T00:00:00.000Z;0,323
2009-11-04T00:00:00.000Z;0,292
2009-11-05T00:00:00.000Z;0,279
2009-11-06T00:00:00.000Z;0,219
2009-11-07T00:00:00.000Z;0,497
2009-11-08T00:00:00.000Z;1,35
2009-11-09T00:00:00.000Z;1,34
2009-11-10T00:00:00.000Z;0,441
2009-11-11T00:00:00.000Z;1,95
2009-11-12T00:00:00.000Z;0,774
2009-11-13T00:00:00.000Z;0,359
2009-11-14T00:00:00.000Z;0,31
2009-11-15T00:00:00.000Z;0,234
2009-11-16T00:00:00.000Z;0,127
2009-11-17T00:00:00.000Z;0,102
2009-11-18T00:00:00.000Z;0,092
2009-11-19T00:00:00.000Z;0,084
2009-11-20T00:00:00.000Z;0,078
2009-11-21T00:00:00.000Z;0,074
2009-11-22T00:00:00.000Z;0,072
2009-11-23T00:00:00.000Z;0,068
2009-11-24T00:00:00.000Z;0,066
2009-11-25T00:00:00.000Z;0,064
2009-11-26T00:00:00.000Z;0,063
2009-11-27T00:00:00.000Z;0,062
2009-11-28T00:00:00.000Z;0,062
2009-11-29T00:00:00.000Z;0,063
2009-11-30T00:00:00.000Z;0,249
2009-12-01T00:00:00.000Z;0,33
2009-12-02T00:00:00.000Z;0,306
2009-12-03T00:00:00.000Z;0,73
2009-12-05T00:00:00.000Z;0,707
2009-12-06T00:00:00.000Z;0,357
2009-12-07T00:00:00.000Z;0,313
2009-12-08T00:00:00.000Z;0,204
2009-12-09T00:00:00.000Z;0,129
2009-12-10T00:00:00.000Z;0,106
2009-12-11T00:00:00.000Z;0,095
2009-12-12T00:00:00.000Z;0,089
2009-12-13T00:00:00.000Z;0,085
2009-12-14T00:00:00.000Z;0,082
2009-12-15T00:00:00.000Z;0,078
2009-12-16T00:00:00.000Z;0,074
2009-12-17T00:00:00.000Z;0,071
2009-12-18T00:00:00.000Z;0,068
2009-12-19T00:00:00.000Z;0,065
2009-12-20T00:00:00.000Z;0,062
2009-12-21T00:00:00.000Z;0,062
2009-12-22T00:00:00.000Z;0,062
2009-12-23T00:00:00.000Z;0,062
2009-12-24T00:00:00.000Z;0,062
2009-12-25T00:00:00.000Z;0,215
2009-12-26T00:00:00.000Z;0,163
2009-12-27T00:00:00.000Z;0,165
2009-12-28T00:00:00.000Z;0,146
2009-12-29T00:00:00.000Z;0,209
2009-12-30T00:00:00.000Z;0,15
2009-12-31T00:00:00.000Z;0,112
2010-01-01T00:00:00.000Z;0,116
2010-01-02T00:00:00.000Z;0,112
2010-01-03T00:00:00.000Z;0,105
2010-01-04T00:00:00.000Z;0,164
2010-01-05T00:00:00.000Z;0,155
2010-01-06T00:00:00.000Z;0,127
2010-01-07T00:00:00.000Z;0,111
2010-01-08T00:00:00.000Z;0,102
2010-01-09T00:00:00.000Z;0,095
2010-01-10T00:00:00.000Z;0,089
2010-01-11T00:00:00.000Z;0,088
2010-01-12T00:00:00.000Z;0,126
2010-01-13T00:00:00.000Z;0,571
2010-01-14T00:00:00.000Z;1,12
2010-01-15T00:00:00.000Z;1,36
2010-01-16T00:00:00.000Z;0,426
2010-01-17T00:00:00.000Z;0,934
2010-01-18T00:00:00.000Z;0,452
2010-01-19T00:00:00.000Z;0,345
2010-01-20T00:00:00.000Z;1,01
2010-01-21T00:00:00.000Z;0,469
2010-01-22T00:00:00.000Z;0,346
2010-01-23T00:00:00.000Z;0,276
2010-01-24T00:00:00.000Z;0,198
2010-01-25T00:00:00.000Z;0,355
2010-01-26T00:00:00.000Z;0,278
2010-01-27T00:00:00.000Z;0,166
2010-01-28T00:00:00.000Z;0,14
2010-01-29T00:00:00.000Z;0,214
2010-01-30T00:00:00.000Z;0,418
2010-01-31T00:00:00.000Z;0,305
2010-02-01T00:00:00.000Z;0,184
2010-02-02T00:00:00.000Z;0,155
2010-02-03T00:00:00.000Z;0,143
2010-02-04T00:00:00.000Z;0,148
2010-02-05T00:00:00.000Z;0,314
2010-02-06T00:00:00.000Z;0,366
2010-02-07T00:00:00.000Z;0,472
2010-02-08T00:00:00.000Z;0,386
2010-02-09T00:00:00.000Z;0,333
2010-02-10T00:00:00.000Z;0,187
2010-02-11T00:00:00.000Z;0,157
2010-02-12T00:00:00.000Z;0,139
2010-02-13T00:00:00.000Z;0,127
2010-02-14T00:00:00.000Z;0,119
2010-02-15T00:00:00.000Z;0,113
2010-02-16T00:00:00.000Z;0,109
2010-02-17T00:00:00.000Z;0,115
2010-02-18T00:00:00.000Z;0,203
2010-02-19T00:00:00.000Z;0,336
2010-02-20T00:00:00.000Z;0,289
2010-02-21T00:00:00.000Z;0,197
2010-02-22T00:00:00.000Z;0,179
2010-02-23T00:00:00.000Z;0,212
2010-02-24T00:00:00.000Z;0,227
2010-02-25T00:00:00.000Z;0,251
2010-02-26T00:00:00.000Z;0,304
2010-02-27T00:00:00.000Z;0,218
2010-02-28T00:00:00.000Z;0,336
2010-03-01T00:00:00.000Z;0,318
2010-03-02T00:00:00.000Z;0,23
2010-03-03T00:00:00.000Z;0,183
2010-03-04T00:00:00.000Z;0,421
2010-03-05T00:00:00.000Z;0,375
2010-03-06T00:00:00.000Z;0,313
2010-03-07T00:00:00.000Z;0,169
2010-03-08T00:00:00.000Z;0,14
2010-03-09T00:00:00.000Z;0,126
2010-03-10T00:00:00.000Z;0,116
2010-03-11T00:00:00.000Z;0,11
2010-03-12T00:00:00.000Z;0,104
2010-03-13T00:00:00.000Z;0,1
2010-03-14T00:00:00.000Z;0,107
2010-03-15T00:00:00.000Z;0,123
2010-03-16T00:00:00.000Z;0,12
2010-03-17T00:00:00.000Z;0,129
2010-03-18T00:00:00.000Z;0,185
2010-03-19T00:00:00.000Z;0,262
2010-03-20T00:00:00.000Z;0,312
2010-03-21T00:00:00.000Z;0,323
2010-03-22T00:00:00.000Z;0,331
2010-03-23T00:00:00.000Z;0,331
2010-03-24T00:00:00.000Z;0,32
2010-03-25T00:00:00.000Z;0,31
2010-03-26T00:00:00.000Z;0,295
2010-03-27T00:00:00.000Z;0,188
2010-03-28T00:00:00.000Z;0,166
2010-03-29T00:00:00.000Z;0,171
2010-03-30T00:00:00.000Z;0,179
2010-03-31T00:00:00.000Z;0,153
2010-04-01T00:00:00.000Z;0,22
2010-04-02T00:00:00.000Z;0,197
2010-04-03T00:00:00.000Z;0,167
2010-04-04T00:00:00.000Z;0,308
2010-04-05T00:00:00.000Z;0,328
2010-04-06T00:00:00.000Z;0,263
2010-04-07T00:00:00.000Z;0,56
2010-04-08T00:00:00.000Z;1,32
2010-04-09T00:00:00.000Z;0,386
2010-04-10T00:00:00.000Z;0,326
2010-04-11T00:00:00.000Z;0,268
2010-04-12T00:00:00.000Z;0,169
2010-04-13T00:00:00.000Z;0,134
2010-04-14T00:00:00.000Z;0,118
2010-04-15T00:00:00.000Z;0,11
2010-04-16T00:00:00.000Z;0,105
2010-04-17T00:00:00.000Z;0,103
2010-04-18T00:00:00.000Z;0,1
2010-04-19T00:00:00.000Z;0,097
2010-04-20T00:00:00.000Z;0,116
2010-04-21T00:00:00.000Z;0,101
2010-04-23T00:00:00.000Z;0,8
2010-04-24T00:00:00.000Z;0,314
2010-04-25T00:00:00.000Z;0,235
2010-04-26T00:00:00.000Z;0,128
2010-04-27T00:00:00.000Z;0,111
2010-04-28T00:00:00.000Z;0,099
2010-04-29T00:00:00.000Z;0,092
2010-04-30T00:00:00.000Z;0,088
2010-05-01T00:00:00.000Z;0,434
2010-05-02T00:00:00.000Z;0,397
2010-05-03T00:00:00.000Z;0,592
2010-05-04T00:00:00.000Z;1,68
2010-05-05T00:00:00.000Z;1,23
2010-05-06T00:00:00.000Z;1,03
2010-05-07T00:00:00.000Z;0,839
2010-05-08T00:00:00.000Z;0,849
2010-05-09T00:00:00.000Z;1,21
2010-05-10T00:00:00.000Z;1,1
2010-05-11T00:00:00.000Z;0,776
2010-05-12T00:00:00.000Z;0,905
2010-05-13T00:00:00.000Z;0,923
2010-05-14T00:00:00.000Z;0,622
2010-05-15T00:00:00.000Z;0,407
2010-05-16T00:00:00.000Z;0,731
2010-05-17T00:00:00.000Z;0,437
2010-05-18T00:00:00.000Z;0,479
2010-05-19T00:00:00.000Z;0,388
2010-05-20T00:00:00.000Z;0,366
2010-05-21T00:00:00.000Z;0,324
2010-05-22T00:00:00.000Z;0,295
2010-05-23T00:00:00.000Z;0,216
2010-05-24T00:00:00.000Z;0,126
2010-05-25T00:00:00.000Z;0,109
2010-05-26T00:00:00.000Z;0,102
2010-05-27T00:00:00.000Z;0,097
2010-05-28T00:00:00.000Z;0,228
2010-05-29T00:00:00.000Z;0,223
2010-05-30T00:00:00.000Z;0,125
2010-05-31T00:00:00.000Z;0,111
2010-06-01T00:00:00.000Z;0,104
2010-06-02T00:00:00.000Z;0,103
2010-06-03T00:00:00.000Z;0,106
2010-06-04T00:00:00.000Z;0,094
2010-06-05T00:00:00.000Z;0,086
2010-06-06T00:00:00.000Z;0,085
2010-06-07T00:00:00.000Z;0,084
2010-06-08T00:00:00.000Z;0,082
2010-06-09T00:00:00.000Z;0,094
2010-06-10T00:00:00.000Z;0,095
2010-06-11T00:00:00.000Z;0,085
2010-06-12T00:00:00.000Z;0,081
2010-06-13T00:00:00.000Z;0,184
2010-06-14T00:00:00.000Z;1,38
2010-06-15T00:00:00.000Z;0,761
2010-06-16T00:00:00.000Z;0,329
2010-06-17T00:00:00.000Z;0,291
2010-06-18T00:00:00.000Z;0,209
2010-06-19T00:00:00.000Z;0,984
2010-06-20T00:00:00.000Z;0,975
2010-06-21T00:00:00.000Z;0,375
2010-06-22T00:00:00.000Z;0,3
2010-06-23T00:00:00.000Z;0,162
2010-06-24T00:00:00.000Z;0,12
2010-06-25T00:00:00.000Z;0,106
2010-06-26T00:00:00.000Z;0,099
2010-06-27T00:00:00.000Z;0,091
2010-06-28T00:00:00.000Z;0,087
2010-06-29T00:00:00.000Z;0,084
2010-06-30T00:00:00.000Z;0,082
2010-07-01T00:00:00.000Z;0,079
2010-07-02T00:00:00.000Z;0,076
2010-07-03T00:00:00.000Z;0,075
2010-07-04T00:00:00.000Z;0,074
2010-07-05T00:00:00.000Z;0,072
2010-07-06T00:00:00.000Z;0,069
2010-07-07T00:00:00.000Z;0,066
2010-07-08T00:00:00.000Z;0,065
2010-07-09T00:00:00.000Z;0,069
2010-07-10T00:00:00.000Z;0,068
2010-07-11T00:00:00.000Z;0,066
2010-07-12T00:00:00.000Z;0,065
2010-07-13T00:00:00.000Z;0,064
2010-07-14T00:00:00.000Z;0,064
2010-07-15T00:00:00.000Z;0,061
2010-07-16T00:00:00.000Z;0,059
2010-07-17T00:00:00.000Z;0,058
2010-07-18T00:00:00.000Z;0,057
2010-07-19T00:00:00.000Z;0,055
2010-07-20T00:00:00.000Z;0,055
2010-07-21T00:00:00.000Z;0,055
2010-07-22T00:00:00.000Z;0,074
2010-07-23T00:00:00.000Z;0,133
2010-07-24T00:00:00.000Z;0,083
2010-07-25T00:00:00.000Z;0,07
2010-07-26T00:00:00.000Z;0,065
2010-07-27T00:00:00.000Z;0,061
2010-07-28T00:00:00.000Z;0,057
2010-07-29T00:00:00.000Z;0,054
2010-07-30T00:00:00.000Z;0,066
2010-07-31T00:00:00.000Z;0,068
2010-08-01T00:00:00.000Z;0,066
2010-08-02T00:00:00.000Z;0,167
2010-08-03T00:00:00.000Z;0,193
2010-08-04T00:00:00.000Z;0,102
2010-08-05T00:00:00.000Z;0,303
2010-08-06T00:00:00.000Z;0,293
2010-08-07T00:00:00.000Z;0,151
2010-08-08T00:00:00.000Z;0,08
2010-08-09T00:00:00.000Z;0,073
2010-08-10T00:00:00.000Z;0,068
2010-08-11T00:00:00.000Z;0,064
2010-08-12T00:00:00.000Z;0,082
2010-08-13T00:00:00.000Z;0,15
2010-08-14T00:00:00.000Z;0,088
2010-08-15T00:00:00.000Z;0,078
2010-08-16T00:00:00.000Z;0,072
2010-08-17T00:00:00.000Z;0,067
2010-08-18T00:00:00.000Z;0,064
2010-08-19T00:00:00.000Z;0,061
2010-08-20T00:00:00.000Z;0,059
2010-08-21T00:00:00.000Z;0,057
2010-08-22T00:00:00.000Z;0,055
2010-08-23T00:00:00.000Z;0,053
2010-08-24T00:00:00.000Z;0,053
2010-08-25T00:00:00.000Z;0,053
2010-08-26T00:00:00.000Z;0,051
2010-08-27T00:00:00.000Z;0,05
2010-08-28T00:00:00.000Z;0,05
2010-08-29T00:00:00.000Z;0,049
2010-08-30T00:00:00.000Z;0,048
2010-08-31T00:00:00.000Z;0,048
2010-09-01T00:00:00.000Z;0,048
2010-09-02T00:00:00.000Z;0,047
2010-09-03T00:00:00.000Z;0,047
2010-09-04T00:00:00.000Z;0,047
2010-09-05T00:00:00.000Z;0,047
2010-09-06T00:00:00.000Z;0,047
2010-09-07T00:00:00.000Z;0,047
2010-09-08T00:00:00.000Z;0,047
2010-09-09T00:00:00.000Z;0,047
2010-09-10T00:00:00.000Z;0,047
2010-09-11T00:00:00.000Z;0,047
2010-09-12T00:00:00.000Z;0,047
2010-09-13T00:00:00.000Z;0,046
2010-09-14T00:00:00.000Z;0,045
2010-09-15T00:00:00.000Z;0,045
2010-09-16T00:00:00.000Z;0,045
2010-09-17T00:00:00.000Z;0,048
2010-09-18T00:00:00.000Z;0,058
2010-09-19T00:00:00.000Z;0,05
2010-09-20T00:00:00.000Z;0,047
2010-09-21T00:00:00.000Z;0,046
2010-09-22T00:00:00.000Z;0,045
2010-09-23T00:00:00.000Z;0,045
2010-09-24T00:00:00.000Z;0,116
2010-09-25T00:00:00.000Z;0,189
2010-09-26T00:00:00.000Z;0,276
2010-09-27T00:00:00.000Z;0,091
2010-09-28T00:00:00.000Z;0,064
2010-09-29T00:00:00.000Z;0,056
2010-09-30T00:00:00.000Z;0,052
2010-10-01T00:00:00.000Z;0,05
2010-10-02T00:00:00.000Z;0,049
2010-10-03T00:00:00.000Z;0,047
2010-10-04T00:00:00.000Z;0,047
2010-10-05T00:00:00.000Z;0,047
2010-10-06T00:00:00.000Z;0,046
2010-10-07T00:00:00.000Z;0,045
2010-10-08T00:00:00.000Z;0,045
2010-10-09T00:00:00.000Z;0,045
2010-10-10T00:00:00.000Z;0,175
2010-10-11T00:00:00.000Z;0,641
2010-10-12T00:00:00.000Z;0,279
2010-10-13T00:00:00.000Z;0,113
2010-10-14T00:00:00.000Z;0,075
2010-10-15T00:00:00.000Z;0,066
2010-10-16T00:00:00.000Z;0,06
2010-10-17T00:00:00.000Z;0,054
2010-10-18T00:00:00.000Z;0,052
2010-10-19T00:00:00.000Z;0,05
2010-10-20T00:00:00.000Z;0,05
2010-10-21T00:00:00.000Z;0,049
2010-10-22T00:00:00.000Z;0,048
2010-10-23T00:00:00.000Z;0,047
2010-10-24T00:00:00.000Z;0,051
2010-10-25T00:00:00.000Z;0,238
2010-10-26T00:00:00.000Z;0,115
2010-10-27T00:00:00.000Z;0,078
2010-10-28T00:00:00.000Z;0,068
2010-10-29T00:00:00.000Z;0,064
2010-10-30T00:00:00.000Z;0,061
2010-10-31T00:00:00.000Z;0,058
2010-11-03T00:00:00.000Z;0,338
2010-11-04T00:00:00.000Z;0,242
2010-11-05T00:00:00.000Z;0,108
2010-11-06T00:00:00.000Z;0,091
2010-11-07T00:00:00.000Z;0,167
2010-11-08T00:00:00.000Z;0,344
2010-11-09T00:00:00.000Z;0,355
2010-11-10T00:00:00.000Z;0,626
2010-11-11T00:00:00.000Z;0,482
2010-11-12T00:00:00.000Z;0,317
2010-11-13T00:00:00.000Z;0,222
2010-11-14T00:00:00.000Z;0,124
2010-11-15T00:00:00.000Z;0,258
2010-11-16T00:00:00.000Z;1,44
2010-11-17T00:00:00.000Z;0,42
2010-11-18T00:00:00.000Z;0,522
2010-11-19T00:00:00.000Z;0,336
2010-11-20T00:00:00.000Z;0,257
2010-11-21T00:00:00.000Z;0,222
2010-11-22T00:00:00.000Z;0,543
2010-11-23T00:00:00.000Z;0,4
2010-11-24T00:00:00.000Z;0,444
2010-11-25T00:00:00.000Z;0,356
2010-11-26T00:00:00.000Z;0,35
2010-11-27T00:00:00.000Z;0,239
2010-11-28T00:00:00.000Z;0,162
2010-11-29T00:00:00.000Z;0,134
2010-11-30T00:00:00.000Z;0,12
2010-12-01T00:00:00.000Z;0,108
2010-12-02T00:00:00.000Z;0,098
2010-12-03T00:00:00.000Z;0,091
2010-12-04T00:00:00.000Z;0,085
2010-12-05T00:00:00.000Z;0,114
2010-12-06T00:00:00.000Z;0,335
2010-12-07T00:00:00.000Z;0,348
2010-12-08T00:00:00.000Z;0,329
2010-12-09T00:00:00.000Z;0,293
2010-12-10T00:00:00.000Z;0,225
2010-12-11T00:00:00.000Z;0,116
2010-12-12T00:00:00.000Z;0,103
2010-12-13T00:00:00.000Z;0,093
2010-12-14T00:00:00.000Z;0,086
2010-12-15T00:00:00.000Z;0,08
2010-12-16T00:00:00.000Z;0,078
2010-12-17T00:00:00.000Z;0,078
2010-12-18T00:00:00.000Z;0,077
2010-12-19T00:00:00.000Z;0,076
2010-12-20T00:00:00.000Z;0,075
2010-12-21T00:00:00.000Z;0,076
2010-12-22T00:00:00.000Z;0,096
2010-12-23T00:00:00.000Z;0,182
2010-12-24T00:00:00.000Z;0,21
2010-12-25T00:00:00.000Z;0,141
2010-12-26T00:00:00.000Z;0,115
2010-12-27T00:00:00.000Z;0,107
2010-12-28T00:00:00.000Z;0,102
2010-12-29T00:00:00.000Z;0,112
2010-12-30T00:00:00.000Z;0,129
2010-12-31T00:00:00.000Z;0,126
2011-01-01T00:00:00.000Z;0,111
2011-01-02T00:00:00.000Z;0,102
2011-01-03T00:00:00.000Z;0,094
2011-01-04T00:00:00.000Z;0,088
2011-01-05T00:00:00.000Z;0,084
2011-01-06T00:00:00.000Z;0,082
2011-01-07T00:00:00.000Z;0,081
2011-01-08T00:00:00.000Z;0,089
2011-01-09T00:00:00.000Z;0,16
2011-01-10T00:00:00.000Z;0,274
2011-01-11T00:00:00.000Z;0,243
2011-01-12T00:00:00.000Z;0,587
2011-01-13T00:00:00.000Z;0,457
2011-01-14T00:00:00.000Z;0,321
2011-01-15T00:00:00.000Z;0,205
2011-01-16T00:00:00.000Z;0,124
2011-01-17T00:00:00.000Z;0,107
2011-01-18T00:00:00.000Z;0,097
2011-01-19T00:00:00.000Z;0,092
2011-01-20T00:00:00.000Z;0,087
2011-01-21T00:00:00.000Z;0,083
2011-01-22T00:00:00.000Z;0,081
2011-01-23T00:00:00.000Z;0,076
2011-01-24T00:00:00.000Z;0,074
2011-01-25T00:00:00.000Z;0,071
2011-01-26T00:00:00.000Z;0,07
2011-01-27T00:00:00.000Z;0,068
2011-01-28T00:00:00.000Z;0,066
2011-01-29T00:00:00.000Z;0,065
2011-01-30T00:00:00.000Z;0,065
2011-01-31T00:00:00.000Z;0,065
2011-02-01T00:00:00.000Z;0,065
2011-02-02T00:00:00.000Z;0,063
2011-02-03T00:00:00.000Z;0,062
2011-02-04T00:00:00.000Z;0,062
2011-02-05T00:00:00.000Z;0,062
2011-02-06T00:00:00.000Z;0,062
2011-02-07T00:00:00.000Z;0,061
2011-02-08T00:00:00.000Z;0,062
2011-02-09T00:00:00.000Z;0,062
2011-02-10T00:00:00.000Z;0,062
2011-02-11T00:00:00.000Z;0,061
2011-02-12T00:00:00.000Z;0,061
2011-02-13T00:00:00.000Z;0,061
2011-02-14T00:00:00.000Z;0,062
2011-02-15T00:00:00.000Z;0,067
2011-02-16T00:00:00.000Z;0,069
2011-02-17T00:00:00.000Z;0,111
2011-02-18T00:00:00.000Z;0,173
2011-02-19T00:00:00.000Z;0,207
2011-02-20T00:00:00.000Z;0,636
2011-02-21T00:00:00.000Z;0,392
2011-02-22T00:00:00.000Z;1,67
2011-02-23T00:00:00.000Z;1,13
2011-02-24T00:00:00.000Z;0,831
2011-02-25T00:00:00.000Z;0,397
2011-02-26T00:00:00.000Z;0,33
2011-02-27T00:00:00.000Z;0,396
2011-02-28T00:00:00.000Z;0,366
2011-03-01T00:00:00.000Z;0,342
2011-03-02T00:00:00.000Z;0,224
2011-03-03T00:00:00.000Z;0,196
2011-03-04T00:00:00.000Z;0,2
2011-03-05T00:00:00.000Z;0,23
2011-03-06T00:00:00.000Z;0,201
2011-03-07T00:00:00.000Z;0,205
2011-03-08T00:00:00.000Z;0,218
2011-03-09T00:00:00.000Z;0,249
2011-03-10T00:00:00.000Z;0,225
2011-03-11T00:00:00.000Z;0,203
2011-03-12T00:00:00.000Z;0,197
2011-03-13T00:00:00.000Z;0,169
2011-03-14T00:00:00.000Z;0,15
2011-03-15T00:00:00.000Z;0,148
2011-03-18T00:00:00.000Z;0,519
2011-03-19T00:00:00.000Z;0,356
2011-03-20T00:00:00.000Z;0,329
2011-03-21T00:00:00.000Z;0,261
2011-03-22T00:00:00.000Z;0,148
2011-03-23T00:00:00.000Z;0,124
2011-03-24T00:00:00.000Z;0,111
2011-03-25T00:00:00.000Z;0,102
2011-03-26T00:00:00.000Z;0,096
2011-03-27T00:00:00.000Z;0,1
2011-03-28T00:00:00.000Z;0,266
2011-03-29T00:00:00.000Z;0,203
2011-03-30T00:00:00.000Z;0,258
2011-03-31T00:00:00.000Z;0,305
2011-04-01T00:00:00.000Z;0,297
2011-04-02T00:00:00.000Z;0,171
2011-04-03T00:00:00.000Z;0,129
2011-04-04T00:00:00.000Z;0,113
2011-04-05T00:00:00.000Z;0,106
2011-04-06T00:00:00.000Z;0,098
2011-04-07T00:00:00.000Z;0,091
2011-04-08T00:00:00.000Z;0,085
2011-04-09T00:00:00.000Z;0,082
2011-04-10T00:00:00.000Z;0,08
2011-04-11T00:00:00.000Z;0,078
2011-04-12T00:00:00.000Z;0,079
2011-04-13T00:00:00.000Z;0,078
2011-04-14T00:00:00.000Z;0,076
2011-04-15T00:00:00.000Z;0,072
2011-04-16T00:00:00.000Z;0,07
2011-04-17T00:00:00.000Z;0,068
2011-04-18T00:00:00.000Z;0,066
2011-04-19T00:00:00.000Z;0,065
2011-04-20T00:00:00.000Z;0,063
2011-04-21T00:00:00.000Z;0,061
2011-04-22T00:00:00.000Z;0,06
2011-04-23T00:00:00.000Z;0,167
2011-04-24T00:00:00.000Z;0,245
2011-04-25T00:00:00.000Z;0,208
2011-04-26T00:00:00.000Z;0,428
2011-04-27T00:00:00.000Z;0,304
2011-04-28T00:00:00.000Z;0,175
2011-04-29T00:00:00.000Z;0,108
2011-04-30T00:00:00.000Z;0,098
2011-05-01T00:00:00.000Z;0,089
2011-05-02T00:00:00.000Z;0,25
2011-05-03T00:00:00.000Z;0,58
2011-05-04T00:00:00.000Z;0,375
2011-05-05T00:00:00.000Z;0,293
2011-05-06T00:00:00.000Z;0,129
2011-05-07T00:00:00.000Z;0,103
2011-05-08T00:00:00.000Z;0,09
2011-05-09T00:00:00.000Z;0,082
2011-05-10T00:00:00.000Z;0,078
2011-05-11T00:00:00.000Z;0,074
2011-05-12T00:00:00.000Z;0,072
2011-05-13T00:00:00.000Z;0,07
2011-05-14T00:00:00.000Z;0,069
2011-05-15T00:00:00.000Z;0,069
2011-05-16T00:00:00.000Z;0,066
2011-05-17T00:00:00.000Z;0,064
2011-05-18T00:00:00.000Z;0,063
2011-05-19T00:00:00.000Z;0,061
2011-05-20T00:00:00.000Z;0,062
2011-05-21T00:00:00.000Z;0,068
2011-05-22T00:00:00.000Z;0,068
2011-05-23T00:00:00.000Z;0,064
2011-05-24T00:00:00.000Z;0,062
2011-05-25T00:00:00.000Z;0,06
2011-05-26T00:00:00.000Z;0,058
2011-05-27T00:00:00.000Z;0,058
2011-05-28T00:00:00.000Z;0,058
2011-05-29T00:00:00.000Z;0,056
2011-05-30T00:00:00.000Z;0,075
2011-05-31T00:00:00.000Z;0,45
2011-06-01T00:00:00.000Z;0,398
2011-06-02T00:00:00.000Z;0,344
2011-06-03T00:00:00.000Z;0,458
2011-06-04T00:00:00.000Z;0,892
2011-06-05T00:00:00.000Z;0,405
2011-06-06T00:00:00.000Z;0,303
2011-06-07T00:00:00.000Z;0,335
2011-06-08T00:00:00.000Z;0,449
2011-06-09T00:00:00.000Z;0,306
2011-06-10T00:00:00.000Z;0,214
2011-06-11T00:00:00.000Z;0,203
2011-06-12T00:00:00.000Z;0,135
2011-06-13T00:00:00.000Z;0,107
2011-06-14T00:00:00.000Z;0,095
2011-06-15T00:00:00.000Z;0,086
2011-06-16T00:00:00.000Z;0,082
2011-06-17T00:00:00.000Z;0,1
2011-06-18T00:00:00.000Z;0,137
2011-06-19T00:00:00.000Z;0,183
2011-06-20T00:00:00.000Z;0,106
2011-06-21T00:00:00.000Z;0,088
2011-06-22T00:00:00.000Z;0,085
2011-06-23T00:00:00.000Z;0,175
2011-06-24T00:00:00.000Z;0,157
2011-06-25T00:00:00.000Z;0,11
2011-06-26T00:00:00.000Z;0,09
2011-06-27T00:00:00.000Z;0,08
2011-06-28T00:00:00.000Z;0,076
2011-06-29T00:00:00.000Z;0,08
2011-06-30T00:00:00.000Z;0,088
2011-07-01T00:00:00.000Z;0,079
2011-07-02T00:00:00.000Z;0,073
2011-07-03T00:00:00.000Z;0,074
2011-07-04T00:00:00.000Z;0,084
2011-07-05T00:00:00.000Z;0,07
2011-07-06T00:00:00.000Z;0,066
2011-07-07T00:00:00.000Z;0,065
2011-07-08T00:00:00.000Z;0,066
2011-07-09T00:00:00.000Z;0,066
2011-07-10T00:00:00.000Z;0,063
2011-07-11T00:00:00.000Z;0,059
2011-07-12T00:00:00.000Z;0,071
2011-07-13T00:00:00.000Z;1,72
2011-07-14T00:00:00.000Z;0,886
2011-07-15T00:00:00.000Z;0,308
2011-07-16T00:00:00.000Z;0,204
2011-07-17T00:00:00.000Z;0,349
2011-07-18T00:00:00.000Z;0,318
2011-07-19T00:00:00.000Z;0,265
2011-07-20T00:00:00.000Z;0,132
2011-07-21T00:00:00.000Z;0,216
2011-07-22T00:00:00.000Z;0,596
2011-07-23T00:00:00.000Z;0,323
2011-07-24T00:00:00.000Z;0,262
2011-07-25T00:00:00.000Z;0,722
2011-07-26T00:00:00.000Z;1,59
2011-07-27T00:00:00.000Z;1,24
2011-07-28T00:00:00.000Z;0,502
2011-07-29T00:00:00.000Z;0,333
2011-07-30T00:00:00.000Z;0,278
2011-07-31T00:00:00.000Z;0,134
2011-08-01T00:00:00.000Z;0,108
2011-08-02T00:00:00.000Z;0,095
2011-08-03T00:00:00.000Z;0,086
2011-08-04T00:00:00.000Z;0,081
2011-08-05T00:00:00.000Z;0,078
2011-08-06T00:00:00.000Z;0,074
2011-08-07T00:00:00.000Z;0,074
2011-08-08T00:00:00.000Z;0,08
2011-08-09T00:00:00.000Z;0,078
2011-08-10T00:00:00.000Z;0,073
2011-08-11T00:00:00.000Z;0,069
2011-08-12T00:00:00.000Z;0,066
2011-08-13T00:00:00.000Z;0,064
2011-08-14T00:00:00.000Z;0,063
2011-08-15T00:00:00.000Z;0,062
2011-08-16T00:00:00.000Z;0,059
2011-08-17T00:00:00.000Z;0,057
2011-08-18T00:00:00.000Z;0,056
2011-08-19T00:00:00.000Z;0,054
2011-08-20T00:00:00.000Z;0,052
2011-08-21T00:00:00.000Z;0,051
2011-08-22T00:00:00.000Z;0,051
2011-08-23T00:00:00.000Z;0,051
2011-08-24T00:00:00.000Z;0,051
2011-08-25T00:00:00.000Z;0,051
2011-08-26T00:00:00.000Z;0,053
2011-08-27T00:00:00.000Z;0,055
2011-08-28T00:00:00.000Z;0,052
2011-08-29T00:00:00.000Z;0,05
2011-08-30T00:00:00.000Z;0,049
2011-08-31T00:00:00.000Z;0,048
2011-09-01T00:00:00.000Z;0,048
2011-09-02T00:00:00.000Z;0,048
2011-09-03T00:00:00.000Z;0,062
2011-09-04T00:00:00.000Z;0,299
2011-09-05T00:00:00.000Z;0,129
2011-09-06T00:00:00.000Z;0,076
2011-09-07T00:00:00.000Z;0,065
2011-09-08T00:00:00.000Z;0,06
2011-09-09T00:00:00.000Z;0,055
2011-09-10T00:00:00.000Z;0,052
2011-09-11T00:00:00.000Z;0,051
2011-09-12T00:00:00.000Z;0,049
2011-09-13T00:00:00.000Z;0,048
2011-09-14T00:00:00.000Z;0,049
2011-09-15T00:00:00.000Z;0,05
2011-09-16T00:00:00.000Z;0,049
2011-09-17T00:00:00.000Z;0,048
2011-09-18T00:00:00.000Z;0,176
2011-09-19T00:00:00.000Z;0,212
2011-09-20T00:00:00.000Z;0,099
2011-09-21T00:00:00.000Z;0,071
2011-09-22T00:00:00.000Z;0,064
2011-09-23T00:00:00.000Z;0,06
2011-09-24T00:00:00.000Z;0,055
2011-09-25T00:00:00.000Z;0,053
2011-09-26T00:00:00.000Z;0,051
2011-09-27T00:00:00.000Z;0,05
2011-09-28T00:00:00.000Z;0,05
2011-09-29T00:00:00.000Z;0,049
2011-09-30T00:00:00.000Z;0,048
2011-10-01T00:00:00.000Z;0,048
2011-10-02T00:00:00.000Z;0,048
2011-10-03T00:00:00.000Z;0,047
2011-10-04T00:00:00.000Z;0,047
2011-10-05T00:00:00.000Z;0,046
2011-10-06T00:00:00.000Z;0,047
2011-10-07T00:00:00.000Z;0,089
2011-10-08T00:00:00.000Z;0,134
2011-10-09T00:00:00.000Z;0,065
2011-10-10T00:00:00.000Z;0,056
2011-10-11T00:00:00.000Z;0,051
2011-10-12T00:00:00.000Z;0,049
2011-10-13T00:00:00.000Z;0,048
2011-10-14T00:00:00.000Z;0,048
2011-10-15T00:00:00.000Z;0,048
2011-10-16T00:00:00.000Z;0,047
2011-10-17T00:00:00.000Z;0,047
2011-10-18T00:00:00.000Z;0,047
2011-10-19T00:00:00.000Z;0,05
2011-10-20T00:00:00.000Z;0,07
2011-10-21T00:00:00.000Z;0,059
2011-10-22T00:00:00.000Z;0,052
2011-10-23T00:00:00.000Z;0,05
2011-10-24T00:00:00.000Z;0,05
2011-10-25T00:00:00.000Z;0,05
2011-10-26T00:00:00.000Z;0,05
2011-10-27T00:00:00.000Z;0,051
2011-10-28T00:00:00.000Z;0,087
2011-10-29T00:00:00.000Z;0,104
2011-10-30T00:00:00.000Z;0,07
2011-10-31T00:00:00.000Z;0,063
2011-11-01T00:00:00.000Z;0,056
2011-11-02T00:00:00.000Z;0,055
2011-11-03T00:00:00.000Z;0,056
2011-11-04T00:00:00.000Z;0,06
2011-11-05T00:00:00.000Z;0,075
2011-11-08T00:00:00.000Z;0,472
2011-11-09T00:00:00.000Z;0,332
2011-11-10T00:00:00.000Z;0,169
2011-11-11T00:00:00.000Z;0,108
2011-11-12T00:00:00.000Z;0,091
2011-11-13T00:00:00.000Z;0,082
2011-11-14T00:00:00.000Z;0,077
2011-11-15T00:00:00.000Z;0,073
2011-11-16T00:00:00.000Z;0,068
2011-11-17T00:00:00.000Z;0,063
2011-11-18T00:00:00.000Z;0,061
2011-11-19T00:00:00.000Z;0,06
2011-11-20T00:00:00.000Z;0,059
2011-11-21T00:00:00.000Z;0,058
2011-11-22T00:00:00.000Z;0,058
2011-11-23T00:00:00.000Z;0,057
2011-11-24T00:00:00.000Z;0,055
2011-11-25T00:00:00.000Z;0,055
2011-11-26T00:00:00.000Z;0,055
2011-11-27T00:00:00.000Z;0,055
2011-11-28T00:00:00.000Z;0,055
2011-11-29T00:00:00.000Z;0,055
2011-11-30T00:00:00.000Z;0,055
2011-12-01T00:00:00.000Z;0,055
2011-12-02T00:00:00.000Z;0,055
2011-12-03T00:00:00.000Z;0,055
2011-12-04T00:00:00.000Z;0,055
2011-12-05T00:00:00.000Z;0,156
2011-12-06T00:00:00.000Z;0,148
2011-12-07T00:00:00.000Z;0,12
2011-12-08T00:00:00.000Z;0,101
2011-12-09T00:00:00.000Z;0,086
2011-12-10T00:00:00.000Z;0,078
2011-12-11T00:00:00.000Z;0,073
2011-12-12T00:00:00.000Z;0,068
2011-12-13T00:00:00.000Z;0,066
2011-12-14T00:00:00.000Z;0,069
2011-12-15T00:00:00.000Z;0,118
2011-12-16T00:00:00.000Z;0,157
2011-12-17T00:00:00.000Z;0,53
2011-12-18T00:00:00.000Z;0,424
2011-12-19T00:00:00.000Z;0,328
2011-12-22T00:00:00.000Z;0,623
2011-12-23T00:00:00.000Z;0,391
2011-12-24T00:00:00.000Z;0,518
2011-12-25T00:00:00.000Z;0,384
2011-12-26T00:00:00.000Z;0,306
2011-12-27T00:00:00.000Z;0,146
2011-12-28T00:00:00.000Z;0,12
2011-12-29T00:00:00.000Z;0,307
2011-12-30T00:00:00.000Z;0,24
2011-12-31T00:00:00.000Z;0,941
2012-01-01T00:00:00.000Z;0,843
2012-01-02T00:00:00.000Z;0,737
2012-01-03T00:00:00.000Z;0,467
2012-01-04T00:00:00.000Z;0,403
2012-01-05T00:00:00.000Z;0,397
2012-01-06T00:00:00.000Z;1,65
2012-01-07T00:00:00.000Z;0,455
2012-01-08T00:00:00.000Z;0,361
2012-01-09T00:00:00.000Z;0,217
2012-01-10T00:00:00.000Z;0,147
2012-01-11T00:00:00.000Z;0,128
2012-01-12T00:00:00.000Z;0,114
2012-01-13T00:00:00.000Z;0,105
2012-01-14T00:00:00.000Z;0,1
2012-01-15T00:00:00.000Z;0,094
2012-01-16T00:00:00.000Z;0,09
2012-01-17T00:00:00.000Z;0,082
2012-01-18T00:00:00.000Z;0,074
2012-01-19T00:00:00.000Z;0,071
2012-01-20T00:00:00.000Z;0,071
2012-01-21T00:00:00.000Z;0,074
2012-01-22T00:00:00.000Z;0,075
2012-01-23T00:00:00.000Z;0,074
2012-01-24T00:00:00.000Z;0,074
2012-01-25T00:00:00.000Z;0,072
2012-01-26T00:00:00.000Z;0,071
2012-01-27T00:00:00.000Z;0,074
2012-01-28T00:00:00.000Z;0,087
2012-01-29T00:00:00.000Z;0,087
2012-01-30T00:00:00.000Z;0,085
2012-01-31T00:00:00.000Z;0,131
2012-02-01T00:00:00.000Z;0,165
2012-02-02T00:00:00.000Z;0,12
2012-02-03T00:00:00.000Z;0,101
2012-02-04T00:00:00.000Z;0,091
2012-02-05T00:00:00.000Z;0,094
2012-02-06T00:00:00.000Z;0,103
2012-02-07T00:00:00.000Z;0,1
2012-02-08T00:00:00.000Z;0,093
2012-02-09T00:00:00.000Z;0,087
2012-02-10T00:00:00.000Z;0,081
2012-02-11T00:00:00.000Z;0,08
2012-02-12T00:00:00.000Z;0,077
2012-02-13T00:00:00.000Z;0,075
2012-02-14T00:00:00.000Z;0,075
2012-02-15T00:00:00.000Z;0,074
2012-02-16T00:00:00.000Z;0,085
2012-02-17T00:00:00.000Z;0,115
2012-02-18T00:00:00.000Z;0,156
2012-02-19T00:00:00.000Z;0,245
2012-02-20T00:00:00.000Z;0,266
2012-02-21T00:00:00.000Z;0,153
2012-02-22T00:00:00.000Z;0,128
2012-02-23T00:00:00.000Z;0,121
2012-02-24T00:00:00.000Z;0,16
2012-02-25T00:00:00.000Z;0,269
2012-02-26T00:00:00.000Z;0,346
2012-02-27T00:00:00.000Z;0,352
2012-02-28T00:00:00.000Z;0,324
2012-02-29T00:00:00.000Z;0,283
2012-03-01T00:00:00.000Z;0,313
2012-03-02T00:00:00.000Z;0,321
2012-03-03T00:00:00.000Z;0,35
2012-03-04T00:00:00.000Z;0,359
2012-03-05T00:00:00.000Z;0,433
2012-03-06T00:00:00.000Z;0,351
2012-03-07T00:00:00.000Z;0,267
2012-03-08T00:00:00.000Z;0,256
2012-03-09T00:00:00.000Z;0,208
2012-03-10T00:00:00.000Z;0,165
2012-03-11T00:00:00.000Z;0,148
2012-03-12T00:00:00.000Z;0,157
2012-03-13T00:00:00.000Z;0,217
2012-03-14T00:00:00.000Z;0,27
2012-03-15T00:00:00.000Z;0,271
2012-03-16T00:00:00.000Z;0,251
2012-03-17T00:00:00.000Z;0,207
2012-03-18T00:00:00.000Z;0,205
2012-03-19T00:00:00.000Z;0,156
2012-03-20T00:00:00.000Z;0,141
2012-03-21T00:00:00.000Z;0,163
2012-03-22T00:00:00.000Z;0,371
2012-03-23T00:00:00.000Z;0,567
2012-03-24T00:00:00.000Z;0,341
2012-03-25T00:00:00.000Z;0,299
2012-03-26T00:00:00.000Z;0,183
2012-03-27T00:00:00.000Z;0,146
2012-03-28T00:00:00.000Z;0,131
2012-03-29T00:00:00.000Z;0,121
2012-03-30T00:00:00.000Z;0,114
2012-03-31T00:00:00.000Z;0,11
2012-04-01T00:00:00.000Z;0,104
2012-04-02T00:00:00.000Z;0,095
2012-04-03T00:00:00.000Z;0,1
2012-04-04T00:00:00.000Z;0,115
2012-04-05T00:00:00.000Z;0,102
2012-04-06T00:00:00.000Z;0,091
2012-04-07T00:00:00.000Z;0,085
2012-04-08T00:00:00.000Z;0,228
2012-04-09T00:00:00.000Z;0,306
2012-04-10T00:00:00.000Z;0,334
2012-04-11T00:00:00.000Z;0,42
2012-04-12T00:00:00.000Z;0,436
2012-04-13T00:00:00.000Z;0,555
2012-04-14T00:00:00.000Z;0,388
2012-04-15T00:00:00.000Z;0,637
2012-04-16T00:00:00.000Z;0,44
2012-04-17T00:00:00.000Z;0,346
2012-04-18T00:00:00.000Z;0,334
2012-04-19T00:00:00.000Z;0,37
2012-04-20T00:00:00.000Z;0,367
2012-04-21T00:00:00.000Z;0,729
2012-04-22T00:00:00.000Z;0,734
2012-04-23T00:00:00.000Z;0,41
2012-04-24T00:00:00.000Z;0,667
2012-04-25T00:00:00.000Z;0,365
2012-04-26T00:00:00.000Z;0,321
2012-04-27T00:00:00.000Z;0,23
2012-04-28T00:00:00.000Z;0,151
2012-04-29T00:00:00.000Z;0,165
2012-04-30T00:00:00.000Z;0,225
2012-05-01T00:00:00.000Z;0,31
2012-05-02T00:00:00.000Z;0,205
2012-05-03T00:00:00.000Z;0,156
2012-05-04T00:00:00.000Z;0,136
2012-05-05T00:00:00.000Z;0,134
2012-05-06T00:00:00.000Z;0,126
2012-05-07T00:00:00.000Z;0,115
2012-05-08T00:00:00.000Z;0,105
2012-05-09T00:00:00.000Z;0,095
2012-05-10T00:00:00.000Z;0,09
2012-05-11T00:00:00.000Z;0,085
2012-05-12T00:00:00.000Z;0,082
2012-05-13T00:00:00.000Z;0,081
2012-05-14T00:00:00.000Z;0,076
2012-05-15T00:00:00.000Z;0,074
2012-05-16T00:00:00.000Z;0,072
2012-05-17T00:00:00.000Z;0,07
2012-05-18T00:00:00.000Z;0,069
2012-05-19T00:00:00.000Z;0,068
2012-05-20T00:00:00.000Z;0,363
2012-05-21T00:00:00.000Z;0,652
2012-05-23T00:00:00.000Z;0,413
2012-05-24T00:00:00.000Z;0,314
2012-05-25T00:00:00.000Z;0,166
2012-05-26T00:00:00.000Z;0,118
2012-05-27T00:00:00.000Z;0,104
2012-05-28T00:00:00.000Z;0,099
2012-05-29T00:00:00.000Z;0,09
2012-05-30T00:00:00.000Z;0,083
2012-05-31T00:00:00.000Z;0,078
2012-06-01T00:00:00.000Z;0,075
2012-06-02T00:00:00.000Z;0,072
2012-06-03T00:00:00.000Z;0,07
2012-06-04T00:00:00.000Z;0,068
2012-06-05T00:00:00.000Z;0,067
2012-06-06T00:00:00.000Z;0,067
2012-06-07T00:00:00.000Z;0,066
2012-06-08T00:00:00.000Z;0,064
2012-06-09T00:00:00.000Z;0,064
2012-06-10T00:00:00.000Z;0,07
2012-06-11T00:00:00.000Z;0,19
2012-06-12T00:00:00.000Z;0,305
2012-06-13T00:00:00.000Z;0,179
2012-06-14T00:00:00.000Z;0,086
2012-06-15T00:00:00.000Z;0,077
2012-06-16T00:00:00.000Z;0,071
2012-06-17T00:00:00.000Z;0,068
2012-06-18T00:00:00.000Z;0,067
2012-06-19T00:00:00.000Z;0,067
2012-06-20T00:00:00.000Z;0,066
2012-06-21T00:00:00.000Z;0,063
2012-06-22T00:00:00.000Z;0,062
2012-06-23T00:00:00.000Z;0,061
2012-06-24T00:00:00.000Z;0,059
2012-06-25T00:00:00.000Z;0,057
2012-06-26T00:00:00.000Z;0,055
2012-06-27T00:00:00.000Z;0,055
2012-06-28T00:00:00.000Z;0,055
2012-06-29T00:00:00.000Z;0,055
2012-06-30T00:00:00.000Z;0,055
2012-07-01T00:00:00.000Z;0,065
2012-07-02T00:00:00.000Z;0,062
2012-07-03T00:00:00.000Z;0,054
2012-07-04T00:00:00.000Z;0,052
2012-07-05T00:00:00.000Z;0,26
2012-07-06T00:00:00.000Z;0,258
2012-07-07T00:00:00.000Z;0,094
2012-07-08T00:00:00.000Z;0,13
2012-07-09T00:00:00.000Z;0,094
2012-07-10T00:00:00.000Z;0,077
2012-07-11T00:00:00.000Z;0,12
2012-07-12T00:00:00.000Z;0,228
2012-07-13T00:00:00.000Z;0,124
2012-07-14T00:00:00.000Z;0,088
2012-07-15T00:00:00.000Z;0,079
2012-07-16T00:00:00.000Z;0,073
2012-07-17T00:00:00.000Z;0,067
2012-07-18T00:00:00.000Z;0,063
2012-07-19T00:00:00.000Z;0,062
2012-07-20T00:00:00.000Z;0,061
2012-07-21T00:00:00.000Z;0,059
2012-07-22T00:00:00.000Z;0,057
2012-07-23T00:00:00.000Z;0,054
2012-07-24T00:00:00.000Z;0,052
2012-07-25T00:00:00.000Z;0,05
2012-07-26T00:00:00.000Z;0,05
2012-07-27T00:00:00.000Z;0,05
2012-07-28T00:00:00.000Z;0,05
2012-07-29T00:00:00.000Z;0,05
2012-07-30T00:00:00.000Z;0,049
2012-07-31T00:00:00.000Z;0,048
2012-08-01T00:00:00.000Z;0,048
2012-08-02T00:00:00.000Z;0,048
2012-08-03T00:00:00.000Z;0,048
2012-08-04T00:00:00.000Z;0,048
2012-08-05T00:00:00.000Z;0,074
2012-08-06T00:00:00.000Z;0,293
2012-08-07T00:00:00.000Z;0,102
2012-08-08T00:00:00.000Z;0,066
2012-08-09T00:00:00.000Z;0,059
2012-08-10T00:00:00.000Z;0,052
2012-08-11T00:00:00.000Z;0,05
2012-08-12T00:00:00.000Z;0,05
2012-08-13T00:00:00.000Z;0,05
2012-08-14T00:00:00.000Z;0,048
2012-08-15T00:00:00.000Z;0,047
2012-08-16T00:00:00.000Z;0,047
2012-08-17T00:00:00.000Z;0,046
2012-08-18T00:00:00.000Z;0,046
2012-08-19T00:00:00.000Z;0,045
2012-08-20T00:00:00.000Z;0,045
2012-08-21T00:00:00.000Z;0,045
2012-08-22T00:00:00.000Z;0,045
2012-08-23T00:00:00.000Z;0,045
2012-08-24T00:00:00.000Z;0,045
2012-08-25T00:00:00.000Z;0,045
2012-08-26T00:00:00.000Z;0,049
2012-08-27T00:00:00.000Z;0,046
2012-08-28T00:00:00.000Z;0,045
2012-08-29T00:00:00.000Z;0,045
2012-08-30T00:00:00.000Z;0,06
2012-08-31T00:00:00.000Z;0,091
2012-09-01T00:00:00.000Z;0,054
2012-09-02T00:00:00.000Z;0,047
2012-09-03T00:00:00.000Z;0,045
2012-09-04T00:00:00.000Z;0,044
2012-09-05T00:00:00.000Z;0,043
2012-09-06T00:00:00.000Z;0,043
2012-09-07T00:00:00.000Z;0,042
2012-09-08T00:00:00.000Z;0,041
2012-09-09T00:00:00.000Z;0,041
2012-09-10T00:00:00.000Z;0,04
2012-09-11T00:00:00.000Z;0,04
2012-09-12T00:00:00.000Z;0,05
2012-09-13T00:00:00.000Z;0,063
2012-09-14T00:00:00.000Z;0,059
2012-09-15T00:00:00.000Z;0,048
2012-09-16T00:00:00.000Z;0,045
2012-09-17T00:00:00.000Z;0,043
2012-09-18T00:00:00.000Z;0,043
2012-09-19T00:00:00.000Z;0,051
2012-09-20T00:00:00.000Z;0,051
2012-09-21T00:00:00.000Z;0,045
2012-09-22T00:00:00.000Z;0,043
2012-09-23T00:00:00.000Z;0,042
2012-09-24T00:00:00.000Z;0,044
2012-09-25T00:00:00.000Z;0,044
2012-09-26T00:00:00.000Z;0,046
2012-09-27T00:00:00.000Z;0,047
2012-09-28T00:00:00.000Z;0,046
2012-09-29T00:00:00.000Z;0,061
2012-09-30T00:00:00.000Z;0,402
2012-10-01T00:00:00.000Z;0,195
2012-10-02T00:00:00.000Z;0,06
2012-10-03T00:00:00.000Z;0,051
2012-10-04T00:00:00.000Z;0,047
2012-10-05T00:00:00.000Z;0,046
2012-10-06T00:00:00.000Z;0,044
2012-10-07T00:00:00.000Z;0,043
2012-10-08T00:00:00.000Z;0,043
2012-10-09T00:00:00.000Z;0,043
2012-10-10T00:00:00.000Z;0,043
2012-10-11T00:00:00.000Z;0,048
2012-10-12T00:00:00.000Z;0,084
2012-10-13T00:00:00.000Z;0,08
2012-10-14T00:00:00.000Z;0,13
2012-10-15T00:00:00.000Z;0,295
2012-10-16T00:00:00.000Z;0,102
2012-10-17T00:00:00.000Z;0,064
2012-10-18T00:00:00.000Z;0,055
2012-10-19T00:00:00.000Z;0,05
2012-10-20T00:00:00.000Z;0,055
2012-10-21T00:00:00.000Z;0,074
2012-10-22T00:00:00.000Z;0,088
2012-10-23T00:00:00.000Z;0,073
2012-10-24T00:00:00.000Z;0,062
2012-10-25T00:00:00.000Z;0,054
2012-10-26T00:00:00.000Z;0,099
2012-10-28T00:00:00.000Z;0,405
2012-10-29T00:00:00.000Z;0,268
2012-10-30T00:00:00.000Z;0,106
2012-10-31T00:00:00.000Z;0,087
2012-11-01T00:00:00.000Z;0,078
2012-11-02T00:00:00.000Z;0,118
2012-11-03T00:00:00.000Z;0,098
2012-11-04T00:00:00.000Z;0,103
2012-11-05T00:00:00.000Z;0,423
2012-11-06T00:00:00.000Z;0,293
2012-11-07T00:00:00.000Z;0,146
2012-11-08T00:00:00.000Z;0,091
2012-11-09T00:00:00.000Z;0,082
2012-11-10T00:00:00.000Z;0,104
2012-11-11T00:00:00.000Z;0,365
2012-11-12T00:00:00.000Z;0,328
2012-11-13T00:00:00.000Z;0,242
2012-11-14T00:00:00.000Z;0,121
2012-11-15T00:00:00.000Z;0,097
2012-11-16T00:00:00.000Z;0,085
2012-11-17T00:00:00.000Z;0,076
2012-11-18T00:00:00.000Z;0,072
2012-11-19T00:00:00.000Z;0,07
2012-11-20T00:00:00.000Z;0,068
2012-11-21T00:00:00.000Z;0,066
2012-11-22T00:00:00.000Z;0,076
2012-11-23T00:00:00.000Z;0,075
2012-11-24T00:00:00.000Z;0,069
2012-11-25T00:00:00.000Z;0,065
2012-11-26T00:00:00.000Z;0,099
2012-11-27T00:00:00.000Z;0,306
2012-11-28T00:00:00.000Z;0,323
2012-11-29T00:00:00.000Z;0,318
2012-11-30T00:00:00.000Z;0,197
2012-12-01T00:00:00.000Z;0,139
2012-12-02T00:00:00.000Z;0,113
2012-12-03T00:00:00.000Z;1,49
2012-12-04T00:00:00.000Z;1,21
2012-12-05T00:00:00.000Z;1,35
2012-12-06T00:00:00.000Z;0,636
2012-12-08T00:00:00.000Z;1,23
2012-12-09T00:00:00.000Z;0,417
2012-12-10T00:00:00.000Z;0,338
2012-12-11T00:00:00.000Z;0,24
2012-12-12T00:00:00.000Z;0,154
2012-12-13T00:00:00.000Z;0,134
2012-12-14T00:00:00.000Z;0,197
2012-12-15T00:00:00.000Z;0,332
2012-12-16T00:00:00.000Z;0,307
2012-12-17T00:00:00.000Z;0,289
2012-12-18T00:00:00.000Z;0,255
2012-12-19T00:00:00.000Z;0,203
2012-12-20T00:00:00.000Z;0,276
2012-12-21T00:00:00.000Z;0,293
2012-12-22T00:00:00.000Z;0,333
2012-12-23T00:00:00.000Z;0,313
2012-12-24T00:00:00.000Z;0,29
2012-12-25T00:00:00.000Z;0,22
2012-12-26T00:00:00.000Z;0,16
2012-12-27T00:00:00.000Z;0,127
2012-12-28T00:00:00.000Z;0,131
2012-12-29T00:00:00.000Z;0,113
2012-12-30T00:00:00.000Z;0,149
2012-12-31T00:00:00.000Z;0,124
2013-01-01T00:00:00.000Z;0,316
2013-01-02T00:00:00.000Z;0,733
2013-01-03T00:00:00.000Z;0,36
2013-01-04T00:00:00.000Z;0,298
2013-01-05T00:00:00.000Z;0,187
2013-01-06T00:00:00.000Z;0,151
2013-01-07T00:00:00.000Z;0,13
2013-01-08T00:00:00.000Z;0,119
2013-01-09T00:00:00.000Z;0,11
2013-01-10T00:00:00.000Z;0,105
2013-01-11T00:00:00.000Z;0,181
2013-01-12T00:00:00.000Z;0,139
2013-01-13T00:00:00.000Z;0,226
2013-01-14T00:00:00.000Z;0,317
2013-01-15T00:00:00.000Z;0,598
2013-01-16T00:00:00.000Z;1,49
2013-01-17T00:00:00.000Z;1,28
2013-01-18T00:00:00.000Z;0,926
2013-01-19T00:00:00.000Z;1,37
2013-01-21T00:00:00.000Z;0,533
2013-01-22T00:00:00.000Z;0,391
2013-01-23T00:00:00.000Z;0,365
2013-01-24T00:00:00.000Z;0,426
2013-01-25T00:00:00.000Z;0,315
2013-01-26T00:00:00.000Z;1,44
2013-01-27T00:00:00.000Z;0,868
2013-01-28T00:00:00.000Z;1,39
2013-01-29T00:00:00.000Z;0,528
2013-01-30T00:00:00.000Z;0,549
2013-01-31T00:00:00.000Z;0,706
2013-02-01T00:00:00.000Z;0,779
2013-02-02T00:00:00.000Z;1,63
2013-02-03T00:00:00.000Z;0,514
2013-02-04T00:00:00.000Z;0,45
2013-02-05T00:00:00.000Z;0,952
2013-02-06T00:00:00.000Z;0,697
2013-02-07T00:00:00.000Z;0,476
2013-02-08T00:00:00.000Z;0,387
2013-02-09T00:00:00.000Z;0,341
2013-02-10T00:00:00.000Z;0,449
2013-02-11T00:00:00.000Z;0,487
2013-02-12T00:00:00.000Z;0,432
2013-02-13T00:00:00.000Z;0,359
2013-02-14T00:00:00.000Z;1,81
2013-02-15T00:00:00.000Z;1,52
2013-02-16T00:00:00.000Z;0,685
2013-02-17T00:00:00.000Z;0,444
2013-02-18T00:00:00.000Z;0,389
2013-02-19T00:00:00.000Z;0,383
2013-02-20T00:00:00.000Z;0,383
2013-02-21T00:00:00.000Z;0,375
2013-02-22T00:00:00.000Z;0,427
2013-02-23T00:00:00.000Z;0,379
2013-02-24T00:00:00.000Z;0,323
2013-02-25T00:00:00.000Z;0,198
2013-02-26T00:00:00.000Z;0,174
2013-02-27T00:00:00.000Z;0,161
2013-02-28T00:00:00.000Z;0,16
2013-03-01T00:00:00.000Z;0,165
2013-03-02T00:00:00.000Z;0,18
2013-03-03T00:00:00.000Z;0,199
2013-03-04T00:00:00.000Z;0,243
2013-03-05T00:00:00.000Z;0,355
2013-03-06T00:00:00.000Z;0,479
2013-03-07T00:00:00.000Z;0,653
2013-03-08T00:00:00.000Z;0,91
2013-03-09T00:00:00.000Z;0,557
2013-03-10T00:00:00.000Z;0,441
2013-03-11T00:00:00.000Z;0,385
2013-03-12T00:00:00.000Z;0,421
2013-03-13T00:00:00.000Z;0,395
2013-03-14T00:00:00.000Z;0,346
2013-03-15T00:00:00.000Z;0,246
2013-03-16T00:00:00.000Z;0,221
2013-03-17T00:00:00.000Z;0,274
2013-03-18T00:00:00.000Z;0,373
2013-03-19T00:00:00.000Z;0,295
2013-03-20T00:00:00.000Z;0,294
2013-03-21T00:00:00.000Z;0,334
2013-03-22T00:00:00.000Z;0,314
2013-03-23T00:00:00.000Z;0,39
2013-03-24T00:00:00.000Z;0,651
2013-03-25T00:00:00.000Z;0,946
2013-03-26T00:00:00.000Z;1,53
2013-03-27T00:00:00.000Z;0,605
2013-03-28T00:00:00.000Z;0,463
2013-03-29T00:00:00.000Z;0,529
2013-03-30T00:00:00.000Z;2,62
2013-03-31T00:00:00.000Z;0,797
2013-04-01T00:00:00.000Z;0,571
2013-04-02T00:00:00.000Z;0,472
2013-04-03T00:00:00.000Z;0,389
2013-04-04T00:00:00.000Z;0,845
2013-04-05T00:00:00.000Z;0,912
2013-04-06T00:00:00.000Z;0,409
2013-04-07T00:00:00.000Z;0,393
2013-04-08T00:00:00.000Z;0,38
2013-04-09T00:00:00.000Z;0,407
2013-04-10T00:00:00.000Z;0,505
2013-04-11T00:00:00.000Z;0,621
2013-04-12T00:00:00.000Z;0,506
2013-04-13T00:00:00.000Z;0,443
2013-04-14T00:00:00.000Z;0,498
2013-04-15T00:00:00.000Z;0,494
2013-04-16T00:00:00.000Z;0,445
2013-04-17T00:00:00.000Z;0,468
2013-04-18T00:00:00.000Z;0,372
2013-04-19T00:00:00.000Z;0,406
2013-04-20T00:00:00.000Z;0,372
2013-04-21T00:00:00.000Z;0,323
2013-04-22T00:00:00.000Z;0,264
2013-04-23T00:00:00.000Z;0,199
2013-04-24T00:00:00.000Z;0,212
2013-04-25T00:00:00.000Z;0,241
2013-04-26T00:00:00.000Z;0,265
2013-04-27T00:00:00.000Z;1,06
2013-04-28T00:00:00.000Z;0,606
2013-04-29T00:00:00.000Z;0,552
2013-04-30T00:00:00.000Z;1,01
2013-05-01T00:00:00.000Z;0,535
2013-05-02T00:00:00.000Z;0,959
2013-05-03T00:00:00.000Z;0,804
2013-05-04T00:00:00.000Z;0,526
2013-05-05T00:00:00.000Z;0,378
2013-05-06T00:00:00.000Z;0,34
2013-05-07T00:00:00.000Z;0,314
2013-05-08T00:00:00.000Z;0,262
2013-05-09T00:00:00.000Z;0,231
2013-05-10T00:00:00.000Z;0,817
2013-05-11T00:00:00.000Z;0,411
2013-05-12T00:00:00.000Z;0,337
2013-05-13T00:00:00.000Z;0,271
2013-05-14T00:00:00.000Z;0,179
2013-05-15T00:00:00.000Z;0,269
2013-05-16T00:00:00.000Z;0,416
2013-05-17T00:00:00.000Z;0,391
2013-05-18T00:00:00.000Z;0,344
2013-05-19T00:00:00.000Z;0,314
2013-05-20T00:00:00.000Z;0,208
2013-05-21T00:00:00.000Z;0,181
2013-05-22T00:00:00.000Z;1,75
2013-05-23T00:00:00.000Z;0,812
2013-05-24T00:00:00.000Z;0,461
2013-05-25T00:00:00.000Z;0,39
2013-05-26T00:00:00.000Z;0,387
2013-05-27T00:00:00.000Z;0,344
2013-05-28T00:00:00.000Z;0,63
2013-05-29T00:00:00.000Z;0,463
2013-05-30T00:00:00.000Z;1,16
2013-06-01T00:00:00.000Z;1,22
2013-06-02T00:00:00.000Z;0,598
2013-06-03T00:00:00.000Z;0,431
2013-06-04T00:00:00.000Z;0,348
2013-06-05T00:00:00.000Z;0,296
2013-06-06T00:00:00.000Z;0,22
2013-06-07T00:00:00.000Z;0,171
2013-06-08T00:00:00.000Z;0,164
2013-06-09T00:00:00.000Z;0,568
2013-06-10T00:00:00.000Z;0,738
2013-06-11T00:00:00.000Z;0,37
2013-06-12T00:00:00.000Z;0,317
2013-06-13T00:00:00.000Z;0,185
2013-06-14T00:00:00.000Z;0,163
2013-06-15T00:00:00.000Z;0,147
2013-06-16T00:00:00.000Z;0,134
2013-06-17T00:00:00.000Z;0,125
2013-06-18T00:00:00.000Z;0,397
2013-06-19T00:00:00.000Z;0,826
2013-06-20T00:00:00.000Z;0,539
2013-06-21T00:00:00.000Z;0,36
2013-06-22T00:00:00.000Z;0,319
2013-06-23T00:00:00.000Z;0,228
2013-06-24T00:00:00.000Z;0,245
2013-06-25T00:00:00.000Z;0,172
2013-06-26T00:00:00.000Z;0,144
2013-06-27T00:00:00.000Z;0,13
2013-06-28T00:00:00.000Z;0,121
2013-06-29T00:00:00.000Z;0,113
2013-06-30T00:00:00.000Z;0,109
2013-07-01T00:00:00.000Z;0,138
2013-07-02T00:00:00.000Z;0,136
2013-07-03T00:00:00.000Z;0,125
2013-07-04T00:00:00.000Z;0,13
2013-07-05T00:00:00.000Z;0,112
2013-07-06T00:00:00.000Z;0,103
2013-07-07T00:00:00.000Z;0,097
2013-07-08T00:00:00.000Z;0,091
2013-07-09T00:00:00.000Z;0,088
2013-07-10T00:00:00.000Z;0,084
2013-07-11T00:00:00.000Z;0,082
2013-07-12T00:00:00.000Z;0,079
2013-07-13T00:00:00.000Z;0,077
2013-07-14T00:00:00.000Z;0,074
2013-07-15T00:00:00.000Z;0,071
2013-07-16T00:00:00.000Z;0,072
2013-07-17T00:00:00.000Z;0,108
2013-07-18T00:00:00.000Z;0,219
2013-07-19T00:00:00.000Z;0,092
2013-07-20T00:00:00.000Z;0,082
2013-07-21T00:00:00.000Z;0,076
2013-07-22T00:00:00.000Z;0,074
2013-07-23T00:00:00.000Z;0,074
2013-07-24T00:00:00.000Z;0,073
2013-07-25T00:00:00.000Z;0,07
2013-07-26T00:00:00.000Z;0,068
2013-07-27T00:00:00.000Z;0,065
2013-07-28T00:00:00.000Z;0,064
2013-07-29T00:00:00.000Z;0,062
2013-07-30T00:00:00.000Z;0,06
2013-07-31T00:00:00.000Z;0,06
2013-08-01T00:00:00.000Z;0,059
2013-08-02T00:00:00.000Z;0,057
2013-08-03T00:00:00.000Z;0,057
2013-08-04T00:00:00.000Z;0,057
2013-08-05T00:00:00.000Z;0,056
2013-08-06T00:00:00.000Z;0,056
2013-08-07T00:00:00.000Z;0,061
2013-08-08T00:00:00.000Z;0,077
2013-08-09T00:00:00.000Z;0,068
2013-08-10T00:00:00.000Z;0,063
2013-08-11T00:00:00.000Z;0,06
2013-08-12T00:00:00.000Z;0,057
2013-08-13T00:00:00.000Z;0,055
2013-08-14T00:00:00.000Z;0,054
2013-08-15T00:00:00.000Z;0,052
2013-08-16T00:00:00.000Z;0,054
2013-08-17T00:00:00.000Z;0,058
2013-08-18T00:00:00.000Z;0,053
2013-08-19T00:00:00.000Z;0,052
2013-08-20T00:00:00.000Z;0,051
2013-08-21T00:00:00.000Z;0,05
2013-08-22T00:00:00.000Z;0,05
2013-08-23T00:00:00.000Z;0,05
2013-08-24T00:00:00.000Z;0,051
2013-08-25T00:00:00.000Z;0,051
2013-08-26T00:00:00.000Z;0,054
2013-08-27T00:00:00.000Z;0,183
2013-08-28T00:00:00.000Z;0,078
2013-08-29T00:00:00.000Z;0,065
2013-08-30T00:00:00.000Z;0,059
2013-08-31T00:00:00.000Z;0,057
2013-09-01T00:00:00.000Z;0,054
2013-09-02T00:00:00.000Z;0,052
2013-09-03T00:00:00.000Z;0,05
2013-09-04T00:00:00.000Z;0,05
2013-09-05T00:00:00.000Z;0,05
2013-09-06T00:00:00.000Z;0,049
2013-09-07T00:00:00.000Z;0,062
2013-09-08T00:00:00.000Z;0,107
2013-09-09T00:00:00.000Z;0,068
2013-09-10T00:00:00.000Z;0,54
2013-09-11T00:00:00.000Z;0,317
2013-09-12T00:00:00.000Z;0,185
2013-09-13T00:00:00.000Z;0,073
2013-09-14T00:00:00.000Z;0,064
2013-09-15T00:00:00.000Z;0,134
2013-09-16T00:00:00.000Z;0,105
2013-09-17T00:00:00.000Z;0,269
2013-09-18T00:00:00.000Z;0,27
2013-09-19T00:00:00.000Z;0,186
2013-09-20T00:00:00.000Z;0,127
2013-09-21T00:00:00.000Z;0,088
2013-09-22T00:00:00.000Z;0,074
2013-09-23T00:00:00.000Z;0,068
2013-09-24T00:00:00.000Z;0,064
2013-09-25T00:00:00.000Z;0,06
2013-09-26T00:00:00.000Z;0,058
2013-09-27T00:00:00.000Z;0,054
2013-09-28T00:00:00.000Z;0,052
2013-09-29T00:00:00.000Z;0,051
2013-09-30T00:00:00.000Z;0,051
2013-10-01T00:00:00.000Z;0,05
2013-10-02T00:00:00.000Z;0,049
2013-10-03T00:00:00.000Z;0,049
2013-10-04T00:00:00.000Z;0,058
2013-10-05T00:00:00.000Z;0,062
2013-10-06T00:00:00.000Z;0,109
2013-10-07T00:00:00.000Z;0,077
2013-10-08T00:00:00.000Z;0,062
2013-10-09T00:00:00.000Z;0,058
2013-10-10T00:00:00.000Z;0,079
2013-10-11T00:00:00.000Z;0,289
2013-10-12T00:00:00.000Z;0,104
2013-10-13T00:00:00.000Z;0,073
2013-10-14T00:00:00.000Z;0,065
2013-10-15T00:00:00.000Z;0,061
2013-10-16T00:00:00.000Z;0,354
2013-10-17T00:00:00.000Z;0,303
2013-10-18T00:00:00.000Z;0,184
2013-10-19T00:00:00.000Z;0,084
2013-10-20T00:00:00.000Z;0,074
2013-10-21T00:00:00.000Z;0,07
2013-10-22T00:00:00.000Z;0,065
2013-10-23T00:00:00.000Z;0,061
2013-10-24T00:00:00.000Z;0,059
2013-10-25T00:00:00.000Z;0,055
2013-10-26T00:00:00.000Z;0,053
2013-10-27T00:00:00.000Z;0,051
2013-10-28T00:00:00.000Z;0,051
2013-10-29T00:00:00.000Z;0,051
2013-10-30T00:00:00.000Z;0,053
2013-10-31T00:00:00.000Z;0,057
2013-11-01T00:00:00.000Z;0,056
2013-11-02T00:00:00.000Z;0,055
2013-11-03T00:00:00.000Z;0,388
2013-11-04T00:00:00.000Z;0,347
2013-11-06T00:00:00.000Z;0,775
2013-11-07T00:00:00.000Z;0,321
2013-11-08T00:00:00.000Z;0,214
2013-11-09T00:00:00.000Z;0,298
2013-11-10T00:00:00.000Z;0,495
2013-11-12T00:00:00.000Z;0,893
2013-11-13T00:00:00.000Z;1,47
2013-11-14T00:00:00.000Z;0,773
2013-11-15T00:00:00.000Z;0,824
2013-11-16T00:00:00.000Z;0,441
2013-11-17T00:00:00.000Z;0,489
2013-11-18T00:00:00.000Z;0,822
2013-11-20T00:00:00.000Z;0,7
2013-11-21T00:00:00.000Z;0,812
2013-11-22T00:00:00.000Z;0,781
2013-11-23T00:00:00.000Z;0,388
2013-11-24T00:00:00.000Z;0,35
2013-11-25T00:00:00.000Z;0,268
2013-11-26T00:00:00.000Z;0,217
2013-11-27T00:00:00.000Z;0,192
2013-11-28T00:00:00.000Z;0,17
2013-11-29T00:00:00.000Z;0,158
2013-11-30T00:00:00.000Z;0,239
2013-12-01T00:00:00.000Z;0,284
2013-12-02T00:00:00.000Z;0,2
2013-12-03T00:00:00.000Z;0,207
2013-12-04T00:00:00.000Z;0,272
2013-12-05T00:00:00.000Z;0,294
2013-12-06T00:00:00.000Z;0,238
2013-12-07T00:00:00.000Z;0,193
2013-12-08T00:00:00.000Z;0,187
2013-12-09T00:00:00.000Z;0,202
2013-12-10T00:00:00.000Z;0,204
2013-12-11T00:00:00.000Z;0,234
2013-12-12T00:00:00.000Z;0,28
2013-12-13T00:00:00.000Z;0,233
2013-12-14T00:00:00.000Z;0,26
2013-12-15T00:00:00.000Z;0,243
2013-12-16T00:00:00.000Z;0,243
2013-12-17T00:00:00.000Z;0,244
2013-12-18T00:00:00.000Z;0,202
2013-12-19T00:00:00.000Z;0,274
2013-12-20T00:00:00.000Z;0,588
2013-12-21T00:00:00.000Z;0,369
2013-12-22T00:00:00.000Z;0,307
2013-12-23T00:00:00.000Z;0,168
2013-12-24T00:00:00.000Z;0,181
2013-12-25T00:00:00.000Z;0,28
2013-12-26T00:00:00.000Z;0,357
2013-12-27T00:00:00.000Z;0,386
2013-12-28T00:00:00.000Z;0,789
2013-12-29T00:00:00.000Z;0,465
2013-12-30T00:00:00.000Z;0,356
2013-12-31T00:00:00.000Z;0,261
2014-01-01T00:00:00.000Z;0,17
2014-01-02T00:00:00.000Z;0,174
2014-01-03T00:00:00.000Z;0,237
2014-01-04T00:00:00.000Z;0,374
2014-01-05T00:00:00.000Z;0,432
2014-01-06T00:00:00.000Z;0,578
2014-01-07T00:00:00.000Z;0,395
2014-01-08T00:00:00.000Z;0,361
2014-01-09T00:00:00.000Z;0,342
2014-01-10T00:00:00.000Z;0,316
2014-01-11T00:00:00.000Z;0,216
2014-01-12T00:00:00.000Z;0,174
2014-01-13T00:00:00.000Z;0,18
2014-01-14T00:00:00.000Z;0,242
2014-01-15T00:00:00.000Z;0,359
2014-01-16T00:00:00.000Z;0,286
2014-01-17T00:00:00.000Z;0,207
2014-01-18T00:00:00.000Z;0,172
2014-01-19T00:00:00.000Z;0,158
2014-01-20T00:00:00.000Z;0,183
2014-01-21T00:00:00.000Z;0,207
2014-01-22T00:00:00.000Z;0,273
2014-01-23T00:00:00.000Z;0,594
2014-01-26T00:00:00.000Z;0,978
2014-01-27T00:00:00.000Z;0,918
2014-01-28T00:00:00.000Z;0,576
2014-01-29T00:00:00.000Z;0,416
2014-01-30T00:00:00.000Z;0,367
2014-01-31T00:00:00.000Z;0,301
2014-02-01T00:00:00.000Z;0,404
2014-02-02T00:00:00.000Z;0,513
2014-02-03T00:00:00.000Z;0,383
2014-02-04T00:00:00.000Z;0,327
2014-02-05T00:00:00.000Z;0,219
2014-02-06T00:00:00.000Z;0,222
2014-02-07T00:00:00.000Z;0,365
2014-02-08T00:00:00.000Z;0,358
2014-02-09T00:00:00.000Z;0,352
2014-02-10T00:00:00.000Z;0,342
2014-02-11T00:00:00.000Z;0,48
2014-02-12T00:00:00.000Z;0,413
2014-02-13T00:00:00.000Z;0,413
2014-02-14T00:00:00.000Z;0,579
2014-02-15T00:00:00.000Z;0,456
2014-02-16T00:00:00.000Z;0,43
2014-02-17T00:00:00.000Z;0,405
2014-02-18T00:00:00.000Z;0,357
2014-02-19T00:00:00.000Z;0,252
2014-02-20T00:00:00.000Z;0,19
2014-02-21T00:00:00.000Z;0,315
2014-02-22T00:00:00.000Z;0,353
2014-02-23T00:00:00.000Z;0,29
2014-02-24T00:00:00.000Z;0,2
2014-02-25T00:00:00.000Z;0,178
2014-02-26T00:00:00.000Z;0,177
2014-02-27T00:00:00.000Z;0,189
2014-02-28T00:00:00.000Z;0,379
2014-03-01T00:00:00.000Z;0,45
2014-03-02T00:00:00.000Z;0,396
2014-03-03T00:00:00.000Z;1,08
2014-03-04T00:00:00.000Z;0,763
2014-03-06T00:00:00.000Z;0,775
2014-03-07T00:00:00.000Z;0,445
2014-03-08T00:00:00.000Z;0,381
2014-03-09T00:00:00.000Z;0,366
2014-03-10T00:00:00.000Z;0,354
2014-03-11T00:00:00.000Z;0,336
2014-03-12T00:00:00.000Z;0,301
2014-03-13T00:00:00.000Z;0,223
2014-03-14T00:00:00.000Z;0,188
2014-03-15T00:00:00.000Z;0,189
2014-03-16T00:00:00.000Z;0,215
2014-03-17T00:00:00.000Z;0,223
2014-03-18T00:00:00.000Z;0,223
2014-03-19T00:00:00.000Z;0,214
2014-03-20T00:00:00.000Z;0,2
2014-03-21T00:00:00.000Z;0,2
2014-03-22T00:00:00.000Z;0,237
2014-03-23T00:00:00.000Z;0,321
2014-03-24T00:00:00.000Z;0,307
2014-03-25T00:00:00.000Z;0,886
2014-03-26T00:00:00.000Z;0,584
2014-03-27T00:00:00.000Z;0,573
2014-03-28T00:00:00.000Z;0,391
2014-03-29T00:00:00.000Z;0,371
2014-03-30T00:00:00.000Z;0,362
2014-03-31T00:00:00.000Z;0,345
2014-04-01T00:00:00.000Z;0,336
2014-04-02T00:00:00.000Z;0,323
2014-04-03T00:00:00.000Z;0,377
2014-04-04T00:00:00.000Z;1,34
2014-04-05T00:00:00.000Z;0,624
2014-04-06T00:00:00.000Z;0,395
2014-04-07T00:00:00.000Z;0,345
2014-04-08T00:00:00.000Z;0,409
2014-04-09T00:00:00.000Z;0,433
2014-04-10T00:00:00.000Z;0,35
2014-04-11T00:00:00.000Z;0,326
2014-04-12T00:00:00.000Z;0,299
2014-04-13T00:00:00.000Z;0,199
2014-04-14T00:00:00.000Z;0,186
2014-04-15T00:00:00.000Z;0,175
2014-04-16T00:00:00.000Z;0,158
2014-04-17T00:00:00.000Z;0,145
2014-04-18T00:00:00.000Z;0,135
2014-04-19T00:00:00.000Z;0,13
2014-04-20T00:00:00.000Z;0,125
2014-04-21T00:00:00.000Z;0,126
2014-04-22T00:00:00.000Z;0,259
2014-04-23T00:00:00.000Z;0,159
2014-04-24T00:00:00.000Z;0,178
2014-04-25T00:00:00.000Z;0,354
2014-04-26T00:00:00.000Z;0,473
2014-04-27T00:00:00.000Z;0,821
2014-04-28T00:00:00.000Z;0,361
2014-04-29T00:00:00.000Z;0,315
2014-04-30T00:00:00.000Z;0,366
2014-05-01T00:00:00.000Z;0,711
2014-05-02T00:00:00.000Z;1,63
2014-05-03T00:00:00.000Z;1,24
2014-05-04T00:00:00.000Z;0,441
2014-05-05T00:00:00.000Z;0,352
2014-05-06T00:00:00.000Z;0,254
2014-05-07T00:00:00.000Z;0,16
2014-05-08T00:00:00.000Z;0,142
2014-05-09T00:00:00.000Z;0,132
2014-05-10T00:00:00.000Z;0,124
2014-05-11T00:00:00.000Z;0,121
2014-05-12T00:00:00.000Z;0,119
2014-05-13T00:00:00.000Z;0,238
2014-05-14T00:00:00.000Z;0,265
2014-05-15T00:00:00.000Z;0,147
2014-05-16T00:00:00.000Z;0,129
2014-05-17T00:00:00.000Z;0,118
2014-05-18T00:00:00.000Z;0,112
2014-05-19T00:00:00.000Z;0,107
2014-05-20T00:00:00.000Z;0,104
2014-05-21T00:00:00.000Z;0,1
2014-05-22T00:00:00.000Z;0,096
2014-05-23T00:00:00.000Z;0,094
2014-05-24T00:00:00.000Z;0,092
2014-05-25T00:00:00.000Z;0,091
2014-05-26T00:00:00.000Z;0,446
2014-05-27T00:00:00.000Z;0,475
2014-05-28T00:00:00.000Z;0,436
2014-05-29T00:00:00.000Z;1,07
2014-05-30T00:00:00.000Z;0,61
2014-05-31T00:00:00.000Z;0,92
2014-06-01T00:00:00.000Z;0,884
2014-06-02T00:00:00.000Z;0,395
2014-06-03T00:00:00.000Z;0,329
2014-06-04T00:00:00.000Z;0,185
2014-06-05T00:00:00.000Z;0,173
2014-06-06T00:00:00.000Z;0,146
2014-06-07T00:00:00.000Z;0,128
2014-06-08T00:00:00.000Z;0,115
2014-06-09T00:00:00.000Z;0,109
2014-06-10T00:00:00.000Z;0,104
2014-06-11T00:00:00.000Z;0,101
2014-06-12T00:00:00.000Z;0,097
2014-06-13T00:00:00.000Z;0,093
2014-06-14T00:00:00.000Z;0,092
2014-06-15T00:00:00.000Z;0,099
2014-06-16T00:00:00.000Z;0,094
2014-06-17T00:00:00.000Z;0,09
2014-06-18T00:00:00.000Z;0,086
2014-06-19T00:00:00.000Z;0,084
2014-06-20T00:00:00.000Z;0,082
2014-06-21T00:00:00.000Z;0,08
2014-06-22T00:00:00.000Z;0,079
2014-06-23T00:00:00.000Z;0,081
2014-06-24T00:00:00.000Z;0,11
2014-06-25T00:00:00.000Z;0,139
2014-06-26T00:00:00.000Z;0,148
2014-06-27T00:00:00.000Z;0,166
2014-06-28T00:00:00.000Z;0,197
2014-06-29T00:00:00.000Z;0,313
2014-06-30T00:00:00.000Z;0,329
2014-07-01T00:00:00.000Z;0,282
2014-07-02T00:00:00.000Z;0,204
2014-07-03T00:00:00.000Z;0,128
2014-07-04T00:00:00.000Z;0,107
2014-07-05T00:00:00.000Z;0,1
2014-07-06T00:00:00.000Z;0,095
2014-07-07T00:00:00.000Z;0,136
2014-07-08T00:00:00.000Z;0,179
2014-07-09T00:00:00.000Z;0,176
2014-07-10T00:00:00.000Z;0,22
2014-07-11T00:00:00.000Z;0,129
2014-07-12T00:00:00.000Z;0,197
2014-07-13T00:00:00.000Z;0,193
2014-07-14T00:00:00.000Z;0,209
2014-07-15T00:00:00.000Z;0,276
2014-07-16T00:00:00.000Z;0,144
2014-07-17T00:00:00.000Z;0,114
2014-07-18T00:00:00.000Z;0,105
2014-07-19T00:00:00.000Z;0,103
2014-07-20T00:00:00.000Z;0,1
2014-07-21T00:00:00.000Z;0,111
2014-07-22T00:00:00.000Z;0,139
2014-07-23T00:00:00.000Z;0,12
2014-07-24T00:00:00.000Z;0,113
2014-07-25T00:00:00.000Z;0,108
2014-07-26T00:00:00.000Z;0,103
2014-07-27T00:00:00.000Z;0,098
2014-07-28T00:00:00.000Z;0,097
2014-07-29T00:00:00.000Z;0,16
2014-07-30T00:00:00.000Z;0,178
2014-07-31T00:00:00.000Z;0,182
2014-08-01T00:00:00.000Z;0,133
2014-08-02T00:00:00.000Z;0,211
2014-08-03T00:00:00.000Z;0,183
2014-08-04T00:00:00.000Z;0,252
2014-08-05T00:00:00.000Z;0,284
2014-08-06T00:00:00.000Z;0,212
2014-08-07T00:00:00.000Z;0,143
2014-08-08T00:00:00.000Z;0,119
2014-08-09T00:00:00.000Z;0,144
2014-08-10T00:00:00.000Z;0,138
2014-08-11T00:00:00.000Z;0,264
2014-08-12T00:00:00.000Z;0,276
2014-08-13T00:00:00.000Z;0,305
2014-08-14T00:00:00.000Z;0,345
2014-08-15T00:00:00.000Z;0,239
2014-08-16T00:00:00.000Z;0,187
2014-08-17T00:00:00.000Z;0,185
2014-08-18T00:00:00.000Z;0,123
2014-08-19T00:00:00.000Z;0,125
2014-08-20T00:00:00.000Z;0,169
2014-08-21T00:00:00.000Z;0,173
2014-08-22T00:00:00.000Z;0,135
2014-08-23T00:00:00.000Z;0,12
2014-08-24T00:00:00.000Z;0,111
2014-08-25T00:00:00.000Z;0,101
2014-08-26T00:00:00.000Z;0,091
2014-08-27T00:00:00.000Z;0,093
2014-08-28T00:00:00.000Z;0,107
2014-08-29T00:00:00.000Z;0,101
2014-08-30T00:00:00.000Z;0,095
2014-08-31T00:00:00.000Z;0,092
2014-09-01T00:00:00.000Z;0,087
2014-09-02T00:00:00.000Z;0,082
2014-09-03T00:00:00.000Z;0,078
2014-09-04T00:00:00.000Z;0,074
2014-09-05T00:00:00.000Z;0,072
2014-09-06T00:00:00.000Z;0,067
2014-09-07T00:00:00.000Z;0,065
2014-09-08T00:00:00.000Z;0,065
2014-09-09T00:00:00.000Z;0,063
2014-09-10T00:00:00.000Z;0,061
2014-09-11T00:00:00.000Z;0,059
2014-09-12T00:00:00.000Z;0,056
2014-09-13T00:00:00.000Z;0,054
2014-09-14T00:00:00.000Z;0,052
2014-09-15T00:00:00.000Z;0,05
2014-09-16T00:00:00.000Z;0,049
2014-09-17T00:00:00.000Z;0,047
2014-09-18T00:00:00.000Z;0,047
2014-09-19T00:00:00.000Z;0,047
2014-09-20T00:00:00.000Z;0,047
2014-09-21T00:00:00.000Z;0,047
2014-09-22T00:00:00.000Z;0,047
2014-09-23T00:00:00.000Z;0,039
2014-09-24T00:00:00.000Z;0,037
2014-09-25T00:00:00.000Z;0,037
2014-09-26T00:00:00.000Z;0,037
2014-09-27T00:00:00.000Z;0,037
2014-09-28T00:00:00.000Z;0,037
2014-09-29T00:00:00.000Z;0,037
2014-09-30T00:00:00.000Z;0,039
2014-10-01T00:00:00.000Z;0,042
2014-10-02T00:00:00.000Z;0,039
2014-10-03T00:00:00.000Z;0,038
2014-10-04T00:00:00.000Z;0,037
2014-10-05T00:00:00.000Z;0,047
2014-10-06T00:00:00.000Z;0,041
2014-10-07T00:00:00.000Z;0,039
2014-10-08T00:00:00.000Z;0,038
2014-10-09T00:00:00.000Z;0,037
2014-10-10T00:00:00.000Z;0,037
2014-10-11T00:00:00.000Z;0,037
2014-10-12T00:00:00.000Z;0,037
2014-10-13T00:00:00.000Z;0,037
2014-10-14T00:00:00.000Z;0,037
2014-10-15T00:00:00.000Z;0,037
2014-10-16T00:00:00.000Z;0,037
2014-10-17T00:00:00.000Z;0,037
2014-10-18T00:00:00.000Z;0,037
2014-10-19T00:00:00.000Z;0,037
2014-10-20T00:00:00.000Z;0,037
2014-10-21T00:00:00.000Z;0,038
2014-10-22T00:00:00.000Z;0,041
2014-10-23T00:00:00.000Z;0,041
2014-10-24T00:00:00.000Z;0,041
2014-10-25T00:00:00.000Z;0,04
2014-10-26T00:00:00.000Z;0,04
2014-10-27T00:00:00.000Z;0,04
2014-10-28T00:00:00.000Z;0,04
2014-10-29T00:00:00.000Z;0,04
2014-10-30T00:00:00.000Z;0,04
2014-10-31T00:00:00.000Z;0,04
2014-11-01T00:00:00.000Z;0,04
2014-11-02T00:00:00.000Z;0,04
2014-11-03T00:00:00.000Z;0,042
2014-11-04T00:00:00.000Z;0,044
2014-11-05T00:00:00.000Z;0,045
2014-11-06T00:00:00.000Z;0,047
2014-11-07T00:00:00.000Z;0,063
2014-11-08T00:00:00.000Z;0,077
2014-11-09T00:00:00.000Z;0,045
2014-11-10T00:00:00.000Z;0,043
2014-11-11T00:00:00.000Z;0,041
2014-11-12T00:00:00.000Z;0,039
2014-11-13T00:00:00.000Z;0,038
2014-11-14T00:00:00.000Z;0,04
2014-11-15T00:00:00.000Z;0,047
2014-11-16T00:00:00.000Z;0,047
2014-11-17T00:00:00.000Z;0,118
2014-11-18T00:00:00.000Z;0,07
2014-11-19T00:00:00.000Z;0,049
2014-11-20T00:00:00.000Z;0,044
2014-11-21T00:00:00.000Z;0,043
2014-11-22T00:00:00.000Z;0,043
2014-11-23T00:00:00.000Z;0,044
2014-11-24T00:00:00.000Z;0,045
2014-11-25T00:00:00.000Z;0,045
2014-11-26T00:00:00.000Z;0,046
2014-11-27T00:00:00.000Z;0,051
2014-11-28T00:00:00.000Z;0,052
2014-11-29T00:00:00.000Z;0,052
2014-11-30T00:00:00.000Z;0,254
2014-12-01T00:00:00.000Z;0,773
2014-12-02T00:00:00.000Z;0,293
2014-12-03T00:00:00.000Z;0,119
2014-12-04T00:00:00.000Z;0,069
2014-12-05T00:00:00.000Z;0,06
2014-12-06T00:00:00.000Z;0,057
2014-12-07T00:00:00.000Z;0,063
2014-12-08T00:00:00.000Z;0,383
2014-12-09T00:00:00.000Z;0,564
2014-12-10T00:00:00.000Z;0,279
2014-12-11T00:00:00.000Z;0,838
2014-12-12T00:00:00.000Z;0,339
2014-12-13T00:00:00.000Z;0,273
2014-12-14T00:00:00.000Z;0,15
2014-12-15T00:00:00.000Z;0,13
2014-12-16T00:00:00.000Z;0,499
2014-12-18T00:00:00.000Z;0,616
2014-12-19T00:00:00.000Z;0,364
2014-12-20T00:00:00.000Z;0,314
2014-12-21T00:00:00.000Z;0,416
2014-12-22T00:00:00.000Z;0,316
2014-12-23T00:00:00.000Z;0,21
2014-12-24T00:00:00.000Z;0,106
2014-12-25T00:00:00.000Z;0,089
2014-12-26T00:00:00.000Z;0,085
2014-12-27T00:00:00.000Z;0,162
2014-12-28T00:00:00.000Z;0,358
2014-12-29T00:00:00.000Z;0,351
2014-12-30T00:00:00.000Z;0,276
2014-12-31T00:00:00.000Z;0,137
2015-01-01T00:00:00.000Z;0,115
2015-01-02T00:00:00.000Z;0,102
2015-01-03T00:00:00.000Z;0,11
2015-01-04T00:00:00.000Z;0,206
2015-01-05T00:00:00.000Z;0,269
2015-01-06T00:00:00.000Z;0,163
2015-01-07T00:00:00.000Z;0,126
2015-01-08T00:00:00.000Z;0,106
2015-01-09T00:00:00.000Z;0,093
2015-01-10T00:00:00.000Z;0,148
2015-01-11T00:00:00.000Z;0,22
2015-01-12T00:00:00.000Z;0,254
2015-01-13T00:00:00.000Z;0,113
2015-01-14T00:00:00.000Z;0,094
2015-01-15T00:00:00.000Z;0,086
2015-01-16T00:00:00.000Z;0,102
2015-01-17T00:00:00.000Z;0,167
2015-01-18T00:00:00.000Z;0,131
2015-01-19T00:00:00.000Z;0,108
2015-01-20T00:00:00.000Z;0,097
2015-01-21T00:00:00.000Z;0,092
2015-01-22T00:00:00.000Z;0,09
2015-01-23T00:00:00.000Z;0,089
2015-01-24T00:00:00.000Z;0,09
2015-01-25T00:00:00.000Z;0,124
2015-01-26T00:00:00.000Z;0,105
2015-01-27T00:00:00.000Z;0,243
2015-01-28T00:00:00.000Z;0,321
2015-01-29T00:00:00.000Z;0,275
2015-01-30T00:00:00.000Z;1,17
2015-01-31T00:00:00.000Z;0,931
2015-02-01T00:00:00.000Z;0,432
2015-02-02T00:00:00.000Z;0,327
2015-02-03T00:00:00.000Z;0,218
2015-02-04T00:00:00.000Z;0,152
2015-02-05T00:00:00.000Z;0,135
2015-02-06T00:00:00.000Z;0,13
2015-02-07T00:00:00.000Z;0,12
2015-02-08T00:00:00.000Z;0,11
2015-02-09T00:00:00.000Z;0,106
2015-02-10T00:00:00.000Z;0,116
2015-02-11T00:00:00.000Z;0,148
2015-02-12T00:00:00.000Z;0,158
2015-02-13T00:00:00.000Z;0,181
2015-02-14T00:00:00.000Z;0,212
2015-02-15T00:00:00.000Z;0,75
2015-02-16T00:00:00.000Z;0,691
2015-02-17T00:00:00.000Z;0,442
2015-02-18T00:00:00.000Z;0,477
2015-02-19T00:00:00.000Z;0,371
2015-02-20T00:00:00.000Z;0,337
2015-02-21T00:00:00.000Z;0,371
2015-02-22T00:00:00.000Z;0,364
2015-02-23T00:00:00.000Z;1,37
2015-02-24T00:00:00.000Z;1,27
2015-02-28T00:00:00.000Z;0,637
2015-03-01T00:00:00.000Z;2,05
2015-03-02T00:00:00.000Z;1,7
2015-03-03T00:00:00.000Z;1,01
2015-03-04T00:00:00.000Z;1,71
2015-03-05T00:00:00.000Z;0,547
2015-03-06T00:00:00.000Z;0,371
2015-03-07T00:00:00.000Z;0,328
2015-03-08T00:00:00.000Z;0,32
2015-03-09T00:00:00.000Z;0,317
2015-03-10T00:00:00.000Z;0,315
2015-03-11T00:00:00.000Z;0,316
2015-03-12T00:00:00.000Z;0,32
2015-03-13T00:00:00.000Z;0,32
2015-03-14T00:00:00.000Z;0,32
2015-03-15T00:00:00.000Z;0,259
2015-03-16T00:00:00.000Z;0,168
2015-03-17T00:00:00.000Z;0,162
2015-03-18T00:00:00.000Z;0,181
2015-03-19T00:00:00.000Z;0,208
2015-03-20T00:00:00.000Z;0,265
2015-03-21T00:00:00.000Z;0,28
2015-03-22T00:00:00.000Z;0,738
2015-03-23T00:00:00.000Z;0,632
2015-03-24T00:00:00.000Z;0,449
2015-03-25T00:00:00.000Z;0,676
2015-03-26T00:00:00.000Z;0,435
2015-03-27T00:00:00.000Z;0,962
2015-03-28T00:00:00.000Z;1,41
2015-03-29T00:00:00.000Z;0,675
2015-03-30T00:00:00.000Z;0,505
2015-03-31T00:00:00.000Z;0,47
2015-04-01T00:00:00.000Z;0,369
2015-04-02T00:00:00.000Z;0,322
2015-04-03T00:00:00.000Z;0,295
2015-04-04T00:00:00.000Z;0,254
2015-04-05T00:00:00.000Z;0,286
2015-04-06T00:00:00.000Z;0,307
2015-04-07T00:00:00.000Z;0,253
2015-04-08T00:00:00.000Z;0,18
2015-04-09T00:00:00.000Z;0,178
2015-04-10T00:00:00.000Z;0,165
2015-04-11T00:00:00.000Z;0,147
2015-04-12T00:00:00.000Z;0,148
2015-04-13T00:00:00.000Z;0,143
2015-04-14T00:00:00.000Z;0,132
2015-04-15T00:00:00.000Z;0,119
2015-04-16T00:00:00.000Z;0,112
2015-04-17T00:00:00.000Z;0,193
2015-04-18T00:00:00.000Z;0,298
2015-04-19T00:00:00.000Z;1,39
2015-04-20T00:00:00.000Z;0,891
2015-04-21T00:00:00.000Z;0,335
2015-04-22T00:00:00.000Z;0,284
2015-04-23T00:00:00.000Z;0,171
2015-04-24T00:00:00.000Z;0,156
2015-04-25T00:00:00.000Z;0,134
2015-04-26T00:00:00.000Z;0,139
2015-04-28T00:00:00.000Z;1,18
2015-04-29T00:00:00.000Z;0,382
2015-04-30T00:00:00.000Z;0,302
2015-05-01T00:00:00.000Z;0,203
2015-05-02T00:00:00.000Z;0,153
2015-05-03T00:00:00.000Z;0,131
2015-05-04T00:00:00.000Z;0,12
2015-05-05T00:00:00.000Z;0,11
2015-05-06T00:00:00.000Z;0,106
2015-05-07T00:00:00.000Z;0,102
2015-05-08T00:00:00.000Z;0,098
2015-05-09T00:00:00.000Z;0,091
2015-05-10T00:00:00.000Z;0,088
2015-05-11T00:00:00.000Z;0,086
2015-05-12T00:00:00.000Z;0,084
2015-05-13T00:00:00.000Z;0,08
2015-05-14T00:00:00.000Z;0,079
2015-05-15T00:00:00.000Z;0,1
2015-05-16T00:00:00.000Z;0,122
2015-05-17T00:00:00.000Z;0,091
2015-05-18T00:00:00.000Z;0,086
2015-05-19T00:00:00.000Z;0,161
2015-05-20T00:00:00.000Z;0,372
2015-05-21T00:00:00.000Z;0,567
2015-05-22T00:00:00.000Z;0,295
2015-05-23T00:00:00.000Z;0,178
2015-05-24T00:00:00.000Z;0,106
2015-05-25T00:00:00.000Z;0,096
2015-05-26T00:00:00.000Z;0,091
2015-05-27T00:00:00.000Z;0,086
2015-05-28T00:00:00.000Z;0,084
2015-05-29T00:00:00.000Z;0,082
2015-05-30T00:00:00.000Z;0,08
2015-05-31T00:00:00.000Z;0,076
2015-06-01T00:00:00.000Z;0,074
2015-06-02T00:00:00.000Z;0,072
2015-06-03T00:00:00.000Z;0,07
2015-06-04T00:00:00.000Z;0,068
2015-06-05T00:00:00.000Z;0,071
2015-06-06T00:00:00.000Z;0,072
2015-06-07T00:00:00.000Z;0,069
2015-06-08T00:00:00.000Z;0,067
2015-06-09T00:00:00.000Z;0,067
2015-06-10T00:00:00.000Z;0,067
2015-06-11T00:00:00.000Z;0,076
2015-06-12T00:00:00.000Z;0,194
2015-06-13T00:00:00.000Z;0,173
2015-06-14T00:00:00.000Z;0,32
2015-06-15T00:00:00.000Z;0,274
2015-06-16T00:00:00.000Z;0,145
2015-06-17T00:00:00.000Z;0,345
2015-06-18T00:00:00.000Z;0,278
2015-06-19T00:00:00.000Z;0,136
2015-06-20T00:00:00.000Z;0,093
2015-06-21T00:00:00.000Z;0,085
2015-06-22T00:00:00.000Z;0,08
2015-06-23T00:00:00.000Z;0,076
2015-06-24T00:00:00.000Z;0,073
2015-06-25T00:00:00.000Z;0,07
2015-06-26T00:00:00.000Z;0,068
2015-06-27T00:00:00.000Z;0,067
2015-06-28T00:00:00.000Z;0,065
2015-06-29T00:00:00.000Z;0,063
2015-06-30T00:00:00.000Z;0,061
2015-07-01T00:00:00.000Z;0,059
2015-07-02T00:00:00.000Z;0,057
2015-07-03T00:00:00.000Z;0,055
2015-07-04T00:00:00.000Z;0,052
2015-07-05T00:00:00.000Z;0,051
2015-07-06T00:00:00.000Z;0,05
2015-07-07T00:00:00.000Z;0,049
2015-07-08T00:00:00.000Z;0,049
2015-07-09T00:00:00.000Z;0,048
2015-07-10T00:00:00.000Z;0,047
2015-07-11T00:00:00.000Z;0,047
2015-07-12T00:00:00.000Z;0,047
2015-07-13T00:00:00.000Z;0,046
2015-07-14T00:00:00.000Z;0,045
2015-07-15T00:00:00.000Z;0,044
2015-07-16T00:00:00.000Z;0,043
2015-07-17T00:00:00.000Z;0,043
2015-07-18T00:00:00.000Z;0,043
2015-07-19T00:00:00.000Z;0,043
2015-07-20T00:00:00.000Z;0,042
2015-07-21T00:00:00.000Z;0,04
2015-07-22T00:00:00.000Z;0,042
2015-07-23T00:00:00.000Z;0,044
2015-07-24T00:00:00.000Z;0,041
2015-07-25T00:00:00.000Z;0,04
2015-07-26T00:00:00.000Z;0,041
2015-07-27T00:00:00.000Z;0,039
2015-07-28T00:00:00.000Z;0,038
2015-07-29T00:00:00.000Z;0,038
2015-07-30T00:00:00.000Z;0,11
2015-07-31T00:00:00.000Z;0,175
2015-08-01T00:00:00.000Z;0,266
2015-08-02T00:00:00.000Z;0,124
2015-08-03T00:00:00.000Z;0,052
2015-08-04T00:00:00.000Z;0,05
2015-08-05T00:00:00.000Z;0,046
2015-08-06T00:00:00.000Z;0,042
2015-08-07T00:00:00.000Z;0,041
2015-08-08T00:00:00.000Z;0,044
2015-08-09T00:00:00.000Z;0,118
2015-08-10T00:00:00.000Z;0,238
2015-08-11T00:00:00.000Z;0,112
2015-08-12T00:00:00.000Z;0,057
2015-08-13T00:00:00.000Z;0,085
2015-08-14T00:00:00.000Z;0,135
2015-08-15T00:00:00.000Z;0,139
2015-08-16T00:00:00.000Z;0,128
2015-08-17T00:00:00.000Z;0,072
2015-08-18T00:00:00.000Z;0,057
2015-08-19T00:00:00.000Z;0,051
2015-08-20T00:00:00.000Z;0,048
2015-08-21T00:00:00.000Z;0,045
2015-08-22T00:00:00.000Z;0,043
2015-08-23T00:00:00.000Z;0,042
2015-08-24T00:00:00.000Z;0,042
2015-08-25T00:00:00.000Z;0,043
2015-08-26T00:00:00.000Z;0,041
2015-08-27T00:00:00.000Z;0,039
2015-08-28T00:00:00.000Z;0,038
2015-08-29T00:00:00.000Z;0,037
2015-08-30T00:00:00.000Z;0,036
2015-08-31T00:00:00.000Z;0,036
2015-09-01T00:00:00.000Z;0,038
2015-09-02T00:00:00.000Z;0,04
2015-09-03T00:00:00.000Z;0,056
2015-09-04T00:00:00.000Z;0,085
2015-09-05T00:00:00.000Z;0,053
2015-09-06T00:00:00.000Z;0,046
2015-09-07T00:00:00.000Z;0,043
2015-09-08T00:00:00.000Z;0,041
2015-09-09T00:00:00.000Z;0,038
2015-09-10T00:00:00.000Z;0,037
2015-09-11T00:00:00.000Z;0,037
2015-09-12T00:00:00.000Z;0,038
2015-09-13T00:00:00.000Z;0,043
2015-09-14T00:00:00.000Z;0,049
2015-09-15T00:00:00.000Z;0,062
2015-09-16T00:00:00.000Z;0,049
2015-09-17T00:00:00.000Z;0,355
2015-09-18T00:00:00.000Z;0,372
2015-09-19T00:00:00.000Z;0,228
2015-09-20T00:00:00.000Z;0,07
2015-09-21T00:00:00.000Z;0,056
2015-09-22T00:00:00.000Z;0,051
2015-09-23T00:00:00.000Z;0,094
2015-09-24T00:00:00.000Z;0,086
2015-09-25T00:00:00.000Z;0,062
2015-09-26T00:00:00.000Z;0,054
2015-09-27T00:00:00.000Z;0,05
2015-09-28T00:00:00.000Z;0,047
2015-09-29T00:00:00.000Z;0,046
2015-09-30T00:00:00.000Z;0,045
2015-10-01T00:00:00.000Z;0,051
2015-10-02T00:00:00.000Z;0,139
2015-10-03T00:00:00.000Z;0,072
2015-10-04T00:00:00.000Z;0,058
2015-10-05T00:00:00.000Z;0,052
2015-10-06T00:00:00.000Z;0,083
2015-10-07T00:00:00.000Z;0,989
2015-10-08T00:00:00.000Z;0,542
2015-10-09T00:00:00.000Z;0,293
2015-10-10T00:00:00.000Z;0,185
2015-10-11T00:00:00.000Z;0,08
2015-10-12T00:00:00.000Z;0,066
2015-10-13T00:00:00.000Z;0,095
2015-10-14T00:00:00.000Z;0,168
2015-10-15T00:00:00.000Z;0,105
2015-10-16T00:00:00.000Z;0,077
2015-10-17T00:00:00.000Z;0,066
2015-10-18T00:00:00.000Z;0,06
2015-10-19T00:00:00.000Z;0,054
2015-10-20T00:00:00.000Z;0,051
2015-10-21T00:00:00.000Z;0,05
2015-10-22T00:00:00.000Z;0,048
2015-10-23T00:00:00.000Z;0,046
2015-10-24T00:00:00.000Z;0,045
2015-10-25T00:00:00.000Z;0,043
2015-10-26T00:00:00.000Z;0,043
2015-10-27T00:00:00.000Z;0,043
2015-10-28T00:00:00.000Z;0,046
2015-10-29T00:00:00.000Z;0,048
2015-10-30T00:00:00.000Z;0,048
2015-10-31T00:00:00.000Z;0,047
2015-11-01T00:00:00.000Z;0,047
2015-11-02T00:00:00.000Z;0,056
2015-11-03T00:00:00.000Z;0,118
2015-11-04T00:00:00.000Z;0,066
2015-11-05T00:00:00.000Z;0,055
2015-11-06T00:00:00.000Z;0,05
2015-11-07T00:00:00.000Z;0,047
2015-11-08T00:00:00.000Z;0,047
2015-11-09T00:00:00.000Z;0,046
2015-11-10T00:00:00.000Z;0,045
2015-11-11T00:00:00.000Z;0,045
2015-11-12T00:00:00.000Z;0,045
2015-11-13T00:00:00.000Z;0,045
2015-11-14T00:00:00.000Z;0,045
2015-11-15T00:00:00.000Z;0,045
2015-11-16T00:00:00.000Z;0,045
2015-11-17T00:00:00.000Z;0,045
2015-11-18T00:00:00.000Z;0,045
2015-11-19T00:00:00.000Z;0,045
2015-11-20T00:00:00.000Z;0,045
2015-11-21T00:00:00.000Z;0,361
2015-11-22T00:00:00.000Z;0,301
2015-11-23T00:00:00.000Z;0,167
2015-11-24T00:00:00.000Z;0,074
2015-11-27T00:00:00.000Z;0,739
2015-11-28T00:00:00.000Z;0,919
2015-11-29T00:00:00.000Z;0,415
2015-11-30T00:00:00.000Z;0,313
2015-12-01T00:00:00.000Z;0,185
2015-12-02T00:00:00.000Z;0,115
2015-12-03T00:00:00.000Z;0,096
2015-12-04T00:00:00.000Z;0,084
2015-12-05T00:00:00.000Z;0,093
2015-12-06T00:00:00.000Z;0,096
2015-12-07T00:00:00.000Z;0,086
2015-12-08T00:00:00.000Z;0,08
2015-12-09T00:00:00.000Z;0,089
2015-12-10T00:00:00.000Z;0,108
2015-12-11T00:00:00.000Z;0,094
2015-12-12T00:00:00.000Z;0,085
2015-12-13T00:00:00.000Z;0,079
2015-12-14T00:00:00.000Z;0,075
2015-12-15T00:00:00.000Z;0,069
2015-12-16T00:00:00.000Z;0,065
2015-12-17T00:00:00.000Z;0,062
2015-12-18T00:00:00.000Z;0,059
2015-12-19T00:00:00.000Z;0,057
2015-12-20T00:00:00.000Z;0,056
2015-12-21T00:00:00.000Z;0,055
2015-12-22T00:00:00.000Z;0,053
2015-12-23T00:00:00.000Z;0,052
2015-12-24T00:00:00.000Z;0,051
2015-12-25T00:00:00.000Z;0,051
2015-12-26T00:00:00.000Z;0,05
2015-12-27T00:00:00.000Z;0,05
2015-12-28T00:00:00.000Z;0,05
2015-12-29T00:00:00.000Z;0,05
2015-12-30T00:00:00.000Z;0,05
2015-12-31T00:00:00.000Z;0,05
2016-01-01T00:00:00.000Z;0,05
2016-01-02T00:00:00.000Z;0,183
2016-01-03T00:00:00.000Z;0,142
2016-01-04T00:00:00.000Z;0,691
2016-01-05T00:00:00.000Z;0,697
2016-01-06T00:00:00.000Z;0,43
2016-01-07T00:00:00.000Z;0,379
2016-01-08T00:00:00.000Z;0,35
2016-01-09T00:00:00.000Z;0,305
2016-01-10T00:00:00.000Z;0,143
2016-01-11T00:00:00.000Z;0,116
2016-01-12T00:00:00.000Z;0,11
2016-01-13T00:00:00.000Z;0,108
2016-01-14T00:00:00.000Z;0,288
2016-01-15T00:00:00.000Z;0,673
2016-01-16T00:00:00.000Z;0,382
2016-01-17T00:00:00.000Z;0,297
2016-01-18T00:00:00.000Z;0,316
2016-01-19T00:00:00.000Z;1,25
2016-01-20T00:00:00.000Z;0,545
2016-01-21T00:00:00.000Z;0,368
2016-01-22T00:00:00.000Z;0,288
2016-01-23T00:00:00.000Z;0,47
2016-01-24T00:00:00.000Z;0,364
2016-01-25T00:00:00.000Z;0,325
2016-01-26T00:00:00.000Z;0,221
2016-01-27T00:00:00.000Z;0,144
2016-01-28T00:00:00.000Z;0,127
2016-01-29T00:00:00.000Z;0,12
2016-01-30T00:00:00.000Z;0,127
2016-01-31T00:00:00.000Z;0,131
2016-02-01T00:00:00.000Z;0,188
2016-02-02T00:00:00.000Z;0,147
2016-02-03T00:00:00.000Z;0,362
2016-02-04T00:00:00.000Z;0,457
2016-02-05T00:00:00.000Z;0,35
2016-02-06T00:00:00.000Z;0,266
2016-02-07T00:00:00.000Z;0,308
2016-02-08T00:00:00.000Z;0,306
2016-02-09T00:00:00.000Z;0,431
2016-02-10T00:00:00.000Z;1,3
2016-02-11T00:00:00.000Z;1,2
2016-02-14T00:00:00.000Z;0,701
2016-02-15T00:00:00.000Z;0,439
2016-02-16T00:00:00.000Z;0,388
2016-02-17T00:00:00.000Z;0,327
2016-02-18T00:00:00.000Z;0,195
2016-02-19T00:00:00.000Z;0,171
2016-02-20T00:00:00.000Z;0,154
2016-02-21T00:00:00.000Z;0,16
2016-02-22T00:00:00.000Z;0,299
2016-02-23T00:00:00.000Z;0,324
2016-02-24T00:00:00.000Z;0,283
2016-02-25T00:00:00.000Z;1,31
2016-02-26T00:00:00.000Z;0,498
2016-02-27T00:00:00.000Z;0,378
2016-02-28T00:00:00.000Z;0,403
2016-02-29T00:00:00.000Z;0,391
2016-03-01T00:00:00.000Z;0,315
2016-03-02T00:00:00.000Z;0,248
2016-03-03T00:00:00.000Z;0,624
2016-03-04T00:00:00.000Z;0,719
2016-03-05T00:00:00.000Z;0,735
2016-03-06T00:00:00.000Z;0,428
2016-03-07T00:00:00.000Z;0,383
2016-03-08T00:00:00.000Z;0,401
2016-03-09T00:00:00.000Z;0,409
2016-03-10T00:00:00.000Z;0,42
2016-03-11T00:00:00.000Z;0,363
2016-03-12T00:00:00.000Z;0,278
2016-03-13T00:00:00.000Z;0,209
2016-03-14T00:00:00.000Z;0,186
2016-03-15T00:00:00.000Z;0,176
2016-03-16T00:00:00.000Z;0,288
2016-03-17T00:00:00.000Z;0,307
2016-03-18T00:00:00.000Z;0,21
2016-03-19T00:00:00.000Z;0,212
2016-03-20T00:00:00.000Z;0,285
2016-03-21T00:00:00.000Z;0,298
2016-03-22T00:00:00.000Z;0,373
2016-03-23T00:00:00.000Z;0,345
2016-03-24T00:00:00.000Z;0,31
2016-03-25T00:00:00.000Z;0,259
2016-03-26T00:00:00.000Z;0,275
2016-03-27T00:00:00.000Z;0,328
2016-03-28T00:00:00.000Z;0,326
2016-03-29T00:00:00.000Z;0,311
2016-03-30T00:00:00.000Z;0,291
2016-03-31T00:00:00.000Z;0,279
2016-04-01T00:00:00.000Z;0,202
2016-04-02T00:00:00.000Z;0,19
2016-04-03T00:00:00.000Z;0,229
2016-04-04T00:00:00.000Z;0,198
2016-04-05T00:00:00.000Z;0,503
2016-04-06T00:00:00.000Z;0,46
2016-04-07T00:00:00.000Z;0,337
2016-04-08T00:00:00.000Z;0,367
2016-04-09T00:00:00.000Z;0,401
2016-04-10T00:00:00.000Z;0,454
2016-04-11T00:00:00.000Z;0,399
2016-04-12T00:00:00.000Z;0,328
2016-04-13T00:00:00.000Z;0,297
2016-04-14T00:00:00.000Z;0,186
2016-04-15T00:00:00.000Z;0,149
2016-04-16T00:00:00.000Z;0,136
2016-04-17T00:00:00.000Z;0,135
2016-04-18T00:00:00.000Z;0,266
2016-04-19T00:00:00.000Z;0,212
2016-04-20T00:00:00.000Z;0,15
2016-04-21T00:00:00.000Z;0,296
2016-04-22T00:00:00.000Z;0,436
2016-04-23T00:00:00.000Z;0,601
2016-04-24T00:00:00.000Z;0,832
2016-04-25T00:00:00.000Z;0,384
2016-04-26T00:00:00.000Z;0,319
2016-04-27T00:00:00.000Z;0,191
2016-04-28T00:00:00.000Z;0,138
2016-04-29T00:00:00.000Z;0,123
2016-04-30T00:00:00.000Z;0,114
2016-05-01T00:00:00.000Z;0,11
2016-05-02T00:00:00.000Z;0,112
2016-05-03T00:00:00.000Z;0,109
2016-05-04T00:00:00.000Z;0,104
2016-05-05T00:00:00.000Z;0,098
2016-05-06T00:00:00.000Z;0,096
2016-05-07T00:00:00.000Z;0,092
2016-05-08T00:00:00.000Z;0,09
2016-05-09T00:00:00.000Z;0,088
2016-05-10T00:00:00.000Z;0,084
2016-05-11T00:00:00.000Z;0,145
2016-05-12T00:00:00.000Z;0,337
2016-05-13T00:00:00.000Z;0,553
2016-05-14T00:00:00.000Z;0,541
2016-05-15T00:00:00.000Z;0,457
2016-05-16T00:00:00.000Z;0,33
2016-05-17T00:00:00.000Z;0,266
2016-05-18T00:00:00.000Z;0,137
2016-05-19T00:00:00.000Z;0,117
2016-05-20T00:00:00.000Z;0,105
2016-05-21T00:00:00.000Z;0,098
2016-05-22T00:00:00.000Z;0,111
2016-05-23T00:00:00.000Z;0,152
2016-05-24T00:00:00.000Z;0,109
2016-05-25T00:00:00.000Z;0,098
2016-05-26T00:00:00.000Z;0,09
2016-05-27T00:00:00.000Z;0,086
2016-05-28T00:00:00.000Z;0,084
2016-05-29T00:00:00.000Z;0,151
2016-05-30T00:00:00.000Z;0,203
2016-05-31T00:00:00.000Z;0,283
2016-06-01T00:00:00.000Z;0,179
2016-06-02T00:00:00.000Z;0,119
2016-06-03T00:00:00.000Z;0,103
2016-06-04T00:00:00.000Z;0,096
2016-06-05T00:00:00.000Z;0,133
2016-06-06T00:00:00.000Z;0,129
2016-06-07T00:00:00.000Z;0,301
2016-06-08T00:00:00.000Z;0,199
2016-06-09T00:00:00.000Z;0,109
2016-06-10T00:00:00.000Z;0,096
2016-06-11T00:00:00.000Z;0,114
2016-06-12T00:00:00.000Z;0,105
2016-06-13T00:00:00.000Z;0,091
2016-06-14T00:00:00.000Z;0,089
2016-06-15T00:00:00.000Z;0,085
2016-06-16T00:00:00.000Z;0,082
2016-06-17T00:00:00.000Z;0,097
2016-06-18T00:00:00.000Z;0,178
2016-06-19T00:00:00.000Z;0,173
2016-06-20T00:00:00.000Z;0,121
2016-06-21T00:00:00.000Z;0,111
2016-06-22T00:00:00.000Z;0,101
2016-06-23T00:00:00.000Z;0,092
2016-06-24T00:00:00.000Z;0,081
2016-06-25T00:00:00.000Z;0,082
2016-06-26T00:00:00.000Z;0,084
2016-06-27T00:00:00.000Z;0,083
2016-06-28T00:00:00.000Z;0,08
2016-06-29T00:00:00.000Z;0,081
2016-06-30T00:00:00.000Z;0,151
2016-07-01T00:00:00.000Z;0,12
2016-07-02T00:00:00.000Z;0,122
2016-07-03T00:00:00.000Z;0,226
2016-07-04T00:00:00.000Z;0,15
2016-07-05T00:00:00.000Z;0,233
2016-07-06T00:00:00.000Z;0,276
2016-07-07T00:00:00.000Z;0,132
2016-07-08T00:00:00.000Z;0,097
2016-07-09T00:00:00.000Z;0,087
2016-07-10T00:00:00.000Z;0,082
2016-07-11T00:00:00.000Z;0,077
2016-07-12T00:00:00.000Z;0,125
2016-07-13T00:00:00.000Z;0,25
2016-07-14T00:00:00.000Z;0,19
2016-07-15T00:00:00.000Z;0,106
2016-07-16T00:00:00.000Z;0,09
2016-07-17T00:00:00.000Z;0,083
2016-07-18T00:00:00.000Z;0,076
2016-07-19T00:00:00.000Z;0,072
2016-07-20T00:00:00.000Z;0,07
2016-07-21T00:00:00.000Z;0,069
2016-07-22T00:00:00.000Z;0,116
2016-07-23T00:00:00.000Z;0,125
2016-07-24T00:00:00.000Z;0,098
2016-07-25T00:00:00.000Z;0,084
2016-07-26T00:00:00.000Z;0,077
2016-07-27T00:00:00.000Z;0,072
2016-07-28T00:00:00.000Z;0,069
2016-07-29T00:00:00.000Z;0,068
2016-07-30T00:00:00.000Z;0,065
2016-07-31T00:00:00.000Z;0,064
2016-08-01T00:00:00.000Z;0,064
2016-08-02T00:00:00.000Z;0,064
2016-08-03T00:00:00.000Z;0,064
2016-08-04T00:00:00.000Z;0,061
2016-08-05T00:00:00.000Z;0,275
2016-08-06T00:00:00.000Z;0,226
2016-08-07T00:00:00.000Z;0,08
2016-08-08T00:00:00.000Z;0,069
2016-08-09T00:00:00.000Z;0,064
2016-08-10T00:00:00.000Z;0,078
2016-08-11T00:00:00.000Z;0,07
2016-08-12T00:00:00.000Z;0,062
2016-08-13T00:00:00.000Z;0,058
2016-08-14T00:00:00.000Z;0,055
2016-08-15T00:00:00.000Z;0,052
2016-08-16T00:00:00.000Z;0,05
2016-08-17T00:00:00.000Z;0,048
2016-08-18T00:00:00.000Z;0,047
2016-08-19T00:00:00.000Z;0,047
2016-08-20T00:00:00.000Z;0,047
2016-08-21T00:00:00.000Z;0,047
2016-08-22T00:00:00.000Z;0,045
2016-08-23T00:00:00.000Z;0,044
2016-08-24T00:00:00.000Z;0,042
2016-08-25T00:00:00.000Z;0,041
2016-08-26T00:00:00.000Z;0,041
2016-08-27T00:00:00.000Z;0,04
2016-08-28T00:00:00.000Z;0,038
2016-08-29T00:00:00.000Z;0,04
2016-08-30T00:00:00.000Z;0,04
2016-08-31T00:00:00.000Z;0,039
2016-09-01T00:00:00.000Z;0,038
2016-09-02T00:00:00.000Z;0,037
2016-09-03T00:00:00.000Z;0,036
2016-09-04T00:00:00.000Z;0,036
2016-09-05T00:00:00.000Z;0,036
2016-09-06T00:00:00.000Z;0,036
2016-09-07T00:00:00.000Z;0,036
2016-09-08T00:00:00.000Z;0,036
2016-09-09T00:00:00.000Z;0,036
2016-09-10T00:00:00.000Z;0,036
2016-09-11T00:00:00.000Z;0,036
2016-09-12T00:00:00.000Z;0,035
2016-09-13T00:00:00.000Z;0,035
2016-09-14T00:00:00.000Z;0,056
2016-09-15T00:00:00.000Z;0,065
2016-09-16T00:00:00.000Z;0,045
2016-09-17T00:00:00.000Z;0,342
2016-09-18T00:00:00.000Z;0,256
2016-09-19T00:00:00.000Z;0,088
2016-09-20T00:00:00.000Z;0,053
2016-09-21T00:00:00.000Z;0,048
2016-09-22T00:00:00.000Z;0,044
2016-09-23T00:00:00.000Z;0,041
2016-09-24T00:00:00.000Z;0,038
2016-09-25T00:00:00.000Z;0,038
2016-09-26T00:00:00.000Z;0,038
2016-09-27T00:00:00.000Z;0,037
2016-09-28T00:00:00.000Z;0,036
2016-09-29T00:00:00.000Z;0,036
2016-09-30T00:00:00.000Z;0,036
2016-10-01T00:00:00.000Z;0,036
2016-10-02T00:00:00.000Z;0,037
2016-10-03T00:00:00.000Z;0,037
2016-10-04T00:00:00.000Z;0,037
2016-10-05T00:00:00.000Z;0,052
2016-10-06T00:00:00.000Z;0,046
2016-10-07T00:00:00.000Z;0,041
2016-10-08T00:00:00.000Z;0,039
2016-10-09T00:00:00.000Z;0,037
2016-10-10T00:00:00.000Z;0,037
2016-10-11T00:00:00.000Z;0,037
2016-10-12T00:00:00.000Z;0,037
2016-10-13T00:00:00.000Z;0,038
2016-10-14T00:00:00.000Z;1,08
2016-10-15T00:00:00.000Z;0,325
2016-10-16T00:00:00.000Z;0,169
2016-10-17T00:00:00.000Z;0,063
2016-10-18T00:00:00.000Z;0,119
2016-10-19T00:00:00.000Z;0,115
2016-10-20T00:00:00.000Z;0,083
2016-10-21T00:00:00.000Z;0,072
2016-10-22T00:00:00.000Z;0,066
2016-10-23T00:00:00.000Z;0,058
2016-10-24T00:00:00.000Z;0,051
2016-10-25T00:00:00.000Z;0,048
2016-10-26T00:00:00.000Z;0,048
2016-10-27T00:00:00.000Z;0,048
2016-10-28T00:00:00.000Z;0,048
2016-10-29T00:00:00.000Z;0,048
2016-10-30T00:00:00.000Z;0,048
2016-10-31T00:00:00.000Z;0,048
2016-11-01T00:00:00.000Z;0,048
2016-11-02T00:00:00.000Z;0,048
2016-11-03T00:00:00.000Z;0,048
2016-11-04T00:00:00.000Z;0,048
2016-11-05T00:00:00.000Z;0,052
2016-11-06T00:00:00.000Z;0,074
2016-11-07T00:00:00.000Z;0,063
2016-11-08T00:00:00.000Z;0,056
2016-11-09T00:00:00.000Z;0,159
2016-11-10T00:00:00.000Z;0,411
2016-11-11T00:00:00.000Z;0,817
2016-11-12T00:00:00.000Z;0,695
2016-11-13T00:00:00.000Z;0,75
2016-11-14T00:00:00.000Z;1,1
2016-11-15T00:00:00.000Z;0,38
2016-11-16T00:00:00.000Z;0,297
2016-11-17T00:00:00.000Z;0,14
2016-11-18T00:00:00.000Z;0,104
2016-11-19T00:00:00.000Z;0,7
2016-11-20T00:00:00.000Z;0,358
2016-11-21T00:00:00.000Z;0,278
2016-11-22T00:00:00.000Z;0,144
2016-11-23T00:00:00.000Z;0,503
2016-11-24T00:00:00.000Z;0,693
2016-11-25T00:00:00.000Z;0,322
2016-11-26T00:00:00.000Z;0,211
2016-11-27T00:00:00.000Z;0,113
2016-11-28T00:00:00.000Z;0,095
2016-11-29T00:00:00.000Z;0,084
2016-11-30T00:00:00.000Z;0,075
2016-12-01T00:00:00.000Z;0,071
2016-12-02T00:00:00.000Z;0,068
2016-12-03T00:00:00.000Z;0,066
2016-12-04T00:00:00.000Z;0,064
2016-12-05T00:00:00.000Z;0,061
2016-12-06T00:00:00.000Z;0,059
2016-12-07T00:00:00.000Z;0,055
2016-12-08T00:00:00.000Z;0,055
2016-12-09T00:00:00.000Z;0,052
2016-12-10T00:00:00.000Z;0,051
2016-12-11T00:00:00.000Z;0,051
2016-12-12T00:00:00.000Z;0,051
2016-12-13T00:00:00.000Z;0,051
2016-12-14T00:00:00.000Z;0,051
2016-12-15T00:00:00.000Z;0,051
2016-12-16T00:00:00.000Z;0,051
2016-12-17T00:00:00.000Z;0,05
2016-12-18T00:00:00.000Z;0,05
2016-12-19T00:00:00.000Z;0,05
2016-12-20T00:00:00.000Z;0,05
2016-12-21T00:00:00.000Z;0,049
2016-12-22T00:00:00.000Z;0,048
2016-12-23T00:00:00.000Z;0,049
2016-12-24T00:00:00.000Z;0,05
2016-12-25T00:00:00.000Z;0,05
2016-12-26T00:00:00.000Z;0,05
2016-12-27T00:00:00.000Z;0,05
2016-12-28T00:00:00.000Z;0,05
2016-12-29T00:00:00.000Z;0,05
2016-12-30T00:00:00.000Z;0,049
2016-12-31T00:00:00.000Z;0,048
2017-01-01T00:00:00.000Z;0,048
2017-01-02T00:00:00.000Z;0,048
2017-01-03T00:00:00.000Z;0,048
2017-01-04T00:00:00.000Z;0,048
2017-01-05T00:00:00.000Z;0,048
2017-01-06T00:00:00.000Z;0,047
2017-01-07T00:00:00.000Z;0,047
2017-01-08T00:00:00.000Z;0,047
2017-01-09T00:00:00.000Z;0,047
2017-01-10T00:00:00.000Z;0,207
2017-01-11T00:00:00.000Z;0,39
2017-01-12T00:00:00.000Z;0,353
2017-01-13T00:00:00.000Z;0,532
2017-01-14T00:00:00.000Z;0,333
2017-01-15T00:00:00.000Z;0,205
2017-01-16T00:00:00.000Z;0,922
2017-01-17T00:00:00.000Z;0,483
2017-01-18T00:00:00.000Z;0,311
2017-01-19T00:00:00.000Z;0,147
2017-01-20T00:00:00.000Z;0,104
2017-01-21T00:00:00.000Z;0,092
2017-01-22T00:00:00.000Z;0,087
2017-01-23T00:00:00.000Z;0,083
2017-01-24T00:00:00.000Z;0,083
2017-01-25T00:00:00.000Z;0,083
2017-01-26T00:00:00.000Z;0,077
2017-01-27T00:00:00.000Z;0,076
2017-01-28T00:00:00.000Z;0,164
2017-01-29T00:00:00.000Z;0,164
2017-01-30T00:00:00.000Z;0,18
2017-01-31T00:00:00.000Z;0,298
2017-02-01T00:00:00.000Z;0,294
2017-02-02T00:00:00.000Z;0,237
2017-02-03T00:00:00.000Z;0,225
2017-02-04T00:00:00.000Z;0,272
2017-02-05T00:00:00.000Z;0,489
2017-02-06T00:00:00.000Z;0,654
2017-02-08T00:00:00.000Z;0,777
2017-02-09T00:00:00.000Z;0,476
2017-02-10T00:00:00.000Z;0,352
2017-02-11T00:00:00.000Z;0,274
2017-02-12T00:00:00.000Z;0,183
2017-02-13T00:00:00.000Z;0,247
2017-02-14T00:00:00.000Z;0,313
2017-02-15T00:00:00.000Z;0,316
2017-02-16T00:00:00.000Z;0,239
2017-02-17T00:00:00.000Z;0,172
2017-02-18T00:00:00.000Z;0,157
2017-02-19T00:00:00.000Z;0,14
2017-02-20T00:00:00.000Z;0,132
2017-02-21T00:00:00.000Z;0,127
2017-02-22T00:00:00.000Z;0,133
2017-02-23T00:00:00.000Z;0,155
2017-02-24T00:00:00.000Z;0,171
2017-02-25T00:00:00.000Z;0,133
2017-02-26T00:00:00.000Z;0,109
2017-02-27T00:00:00.000Z;0,116
2017-02-28T00:00:00.000Z;0,132
2017-03-01T00:00:00.000Z;0,132
2017-03-02T00:00:00.000Z;0,124
2017-03-03T00:00:00.000Z;0,146
2017-03-04T00:00:00.000Z;0,37
2017-03-05T00:00:00.000Z;0,315
2017-03-06T00:00:00.000Z;0,375
2017-03-07T00:00:00.000Z;0,686
2017-03-08T00:00:00.000Z;0,78
2017-03-09T00:00:00.000Z;0,361
2017-03-10T00:00:00.000Z;0,31
2017-03-11T00:00:00.000Z;0,232
2017-03-12T00:00:00.000Z;0,183
2017-03-13T00:00:00.000Z;0,167
2017-03-14T00:00:00.000Z;0,153
2017-03-15T00:00:00.000Z;0,139
2017-03-16T00:00:00.000Z;0,129
2017-03-17T00:00:00.000Z;0,12
2017-03-18T00:00:00.000Z;0,112
2017-03-19T00:00:00.000Z;0,105
2017-03-20T00:00:00.000Z;0,1
2017-03-21T00:00:00.000Z;0,097
2017-03-22T00:00:00.000Z;0,15
2017-03-23T00:00:00.000Z;0,203
2017-03-24T00:00:00.000Z;0,193
2017-03-25T00:00:00.000Z;0,329
2017-03-26T00:00:00.000Z;0,349
2017-03-27T00:00:00.000Z;0,297
2017-03-28T00:00:00.000Z;0,189
2017-03-29T00:00:00.000Z;0,151
2017-03-30T00:00:00.000Z;0,136
2017-03-31T00:00:00.000Z;0,126
2017-04-01T00:00:00.000Z;0,227
2017-04-02T00:00:00.000Z;0,915
2017-04-03T00:00:00.000Z;0,506
2017-04-04T00:00:00.000Z;0,363
2017-04-05T00:00:00.000Z;0,33
2017-04-06T00:00:00.000Z;0,222
2017-04-07T00:00:00.000Z;0,146
2017-04-08T00:00:00.000Z;0,128
2017-04-09T00:00:00.000Z;0,119
2017-04-10T00:00:00.000Z;0,111
2017-04-11T00:00:00.000Z;0,108
2017-04-12T00:00:00.000Z;0,105
2017-04-13T00:00:00.000Z;0,103
2017-04-14T00:00:00.000Z;0,103
2017-04-15T00:00:00.000Z;0,103
2017-04-16T00:00:00.000Z;0,101
2017-04-17T00:00:00.000Z;0,099
2017-04-18T00:00:00.000Z;0,097
2017-04-19T00:00:00.000Z;0,093
2017-04-20T00:00:00.000Z;0,089
2017-04-21T00:00:00.000Z;0,086
2017-04-22T00:00:00.000Z;0,084
2017-04-23T00:00:00.000Z;0,082
2017-04-24T00:00:00.000Z;0,08
2017-04-25T00:00:00.000Z;0,079
2017-04-26T00:00:00.000Z;0,082
2017-04-27T00:00:00.000Z;0,096
2017-04-28T00:00:00.000Z;0,093
2017-04-29T00:00:00.000Z;0,092
2017-04-30T00:00:00.000Z;0,113
2017-05-01T00:00:00.000Z;0,198
2017-05-02T00:00:00.000Z;0,189
2017-05-03T00:00:00.000Z;0,216
2017-05-04T00:00:00.000Z;0,138
2017-05-05T00:00:00.000Z;0,111
2017-05-06T00:00:00.000Z;0,176
2017-05-07T00:00:00.000Z;0,139
2017-05-08T00:00:00.000Z;0,11
2017-05-09T00:00:00.000Z;0,098
2017-05-10T00:00:00.000Z;0,091
2017-05-11T00:00:00.000Z;0,087
2017-05-12T00:00:00.000Z;0,083
2017-05-13T00:00:00.000Z;0,077
2017-05-14T00:00:00.000Z;0,073
2017-05-15T00:00:00.000Z;0,07
2017-05-16T00:00:00.000Z;0,068
2017-05-17T00:00:00.000Z;0,065
2017-05-18T00:00:00.000Z;0,068
2017-05-19T00:00:00.000Z;0,137
2017-05-20T00:00:00.000Z;0,09
2017-05-21T00:00:00.000Z;0,077
2017-05-22T00:00:00.000Z;0,331
2017-05-23T00:00:00.000Z;0,502
2017-05-24T00:00:00.000Z;0,293
2017-05-25T00:00:00.000Z;0,12
2017-05-26T00:00:00.000Z;0,1
2017-05-27T00:00:00.000Z;0,091
2017-05-28T00:00:00.000Z;0,085
2017-05-29T00:00:00.000Z;0,08
2017-05-30T00:00:00.000Z;0,813
2017-05-31T00:00:00.000Z;1,51
2017-06-01T00:00:00.000Z;0,376
2017-06-02T00:00:00.000Z;0,259
2017-06-03T00:00:00.000Z;0,327
2017-06-04T00:00:00.000Z;0,819
2017-06-05T00:00:00.000Z;0,488
2017-06-06T00:00:00.000Z;0,575
2017-06-07T00:00:00.000Z;0,442
2017-06-08T00:00:00.000Z;0,35
2017-06-09T00:00:00.000Z;0,183
2017-06-10T00:00:00.000Z;0,14
2017-06-11T00:00:00.000Z;0,125
2017-06-12T00:00:00.000Z;0,117
2017-06-13T00:00:00.000Z;0,11
2017-06-14T00:00:00.000Z;0,107
2017-06-15T00:00:00.000Z;0,103
2017-06-16T00:00:00.000Z;0,102
2017-06-17T00:00:00.000Z;0,097
2017-06-18T00:00:00.000Z;0,093
2017-06-19T00:00:00.000Z;0,089
2017-06-20T00:00:00.000Z;0,086
2017-06-21T00:00:00.000Z;0,084
2017-06-22T00:00:00.000Z;0,083
2017-06-23T00:00:00.000Z;0,083
2017-06-24T00:00:00.000Z;0,083
2017-06-25T00:00:00.000Z;0,083
2017-06-26T00:00:00.000Z;0,083
2017-06-27T00:00:00.000Z;0,083
2017-06-28T00:00:00.000Z;0,101
2017-06-29T00:00:00.000Z;0,161
2017-06-30T00:00:00.000Z;0,222
2017-07-01T00:00:00.000Z;0,189
2017-07-02T00:00:00.000Z;0,238
2017-07-03T00:00:00.000Z;0,275
2017-07-04T00:00:00.000Z;0,127
2017-07-05T00:00:00.000Z;0,108
2017-07-06T00:00:00.000Z;0,098
2017-07-07T00:00:00.000Z;0,09
2017-07-08T00:00:00.000Z;0,086
2017-07-09T00:00:00.000Z;0,082
2017-07-10T00:00:00.000Z;0,086
2017-07-11T00:00:00.000Z;0,085
2017-07-12T00:00:00.000Z;0,081
2017-07-13T00:00:00.000Z;0,076
2017-07-14T00:00:00.000Z;0,08
2017-07-15T00:00:00.000Z;0,081
2017-07-16T00:00:00.000Z;0,075
2017-07-17T00:00:00.000Z;0,075
2017-07-18T00:00:00.000Z;0,072
2017-07-19T00:00:00.000Z;0,064
2017-07-20T00:00:00.000Z;0,067
2017-07-21T00:00:00.000Z;0,101
2017-07-22T00:00:00.000Z;0,091
2017-07-23T00:00:00.000Z;0,09
2017-07-24T00:00:00.000Z;0,109
2017-07-25T00:00:00.000Z;0,123
2017-07-26T00:00:00.000Z;0,09
2017-07-27T00:00:00.000Z;0,079
2017-07-28T00:00:00.000Z;0,07
2017-07-29T00:00:00.000Z;0,065
2017-07-30T00:00:00.000Z;0,062
2017-07-31T00:00:00.000Z;0,061
2017-08-01T00:00:00.000Z;0,06
2017-08-02T00:00:00.000Z;0,059
2017-08-03T00:00:00.000Z;0,055
2017-08-04T00:00:00.000Z;0,054
2017-08-05T00:00:00.000Z;0,055
2017-08-06T00:00:00.000Z;0,162
2017-08-07T00:00:00.000Z;0,09
2017-08-08T00:00:00.000Z;0,072
2017-08-09T00:00:00.000Z;0,069
2017-08-10T00:00:00.000Z;0,066
2017-08-11T00:00:00.000Z;0,065
2017-08-12T00:00:00.000Z;0,061
2017-08-13T00:00:00.000Z;0,057
2017-08-14T00:00:00.000Z;0,055
2017-08-15T00:00:00.000Z;0,051
2017-08-16T00:00:00.000Z;0,051
2017-08-17T00:00:00.000Z;0,051
2017-08-18T00:00:00.000Z;0,05
2017-08-19T00:00:00.000Z;0,052
2017-08-20T00:00:00.000Z;0,057
2017-08-21T00:00:00.000Z;0,051
2017-08-22T00:00:00.000Z;0,048
2017-08-23T00:00:00.000Z;0,048
2017-08-24T00:00:00.000Z;0,048
2017-08-25T00:00:00.000Z;0,046
2017-08-26T00:00:00.000Z;0,045
2017-08-27T00:00:00.000Z;0,045
2017-08-28T00:00:00.000Z;0,043
2017-08-29T00:00:00.000Z;0,043
2017-08-30T00:00:00.000Z;0,043
2017-08-31T00:00:00.000Z;0,045
2017-09-01T00:00:00.000Z;0,044
2017-09-02T00:00:00.000Z;0,043
2017-09-03T00:00:00.000Z;0,043
2017-09-04T00:00:00.000Z;0,042
2017-09-05T00:00:00.000Z;0,041
2017-09-06T00:00:00.000Z;0,041
2017-09-07T00:00:00.000Z;0,042
2017-09-08T00:00:00.000Z;0,043
2017-09-09T00:00:00.000Z;0,046
2017-09-10T00:00:00.000Z;0,052
2017-09-11T00:00:00.000Z;0,086
2017-09-12T00:00:00.000Z;0,167
2017-09-13T00:00:00.000Z;0,162
2017-09-14T00:00:00.000Z;0,137
2017-09-15T00:00:00.000Z;0,281
2017-09-16T00:00:00.000Z;0,141
2017-09-17T00:00:00.000Z;0,083
2017-09-18T00:00:00.000Z;0,081
2017-09-19T00:00:00.000Z;0,109
2017-09-20T00:00:00.000Z;0,079
2017-09-21T00:00:00.000Z;0,067
2017-09-22T00:00:00.000Z;0,061
2017-09-23T00:00:00.000Z;0,055
2017-09-24T00:00:00.000Z;0,052
2017-09-25T00:00:00.000Z;0,05
2017-09-26T00:00:00.000Z;0,051
2017-09-27T00:00:00.000Z;0,049
2017-09-28T00:00:00.000Z;0,048
2017-09-29T00:00:00.000Z;0,048
2017-09-30T00:00:00.000Z;0,049
2017-10-01T00:00:00.000Z;0,056
2017-10-02T00:00:00.000Z;0,366
2017-10-03T00:00:00.000Z;0,287
2017-10-04T00:00:00.000Z;0,14
2017-10-05T00:00:00.000Z;0,079
2017-10-06T00:00:00.000Z;0,067
2017-10-07T00:00:00.000Z;0,06
2017-10-08T00:00:00.000Z;0,059
2017-10-09T00:00:00.000Z;0,053
2017-10-10T00:00:00.000Z;0,051
2017-10-11T00:00:00.000Z;0,048
2017-10-12T00:00:00.000Z;0,048
2017-10-13T00:00:00.000Z;0,048
2017-10-14T00:00:00.000Z;0,048
2017-10-15T00:00:00.000Z;0,048
2017-10-16T00:00:00.000Z;0,048
2017-10-17T00:00:00.000Z;0,048
2017-10-18T00:00:00.000Z;0,048
2017-10-19T00:00:00.000Z;0,049
2017-10-20T00:00:00.000Z;0,048
2017-10-21T00:00:00.000Z;0,048
2017-10-22T00:00:00.000Z;0,055
2017-10-23T00:00:00.000Z;0,06
2017-10-24T00:00:00.000Z;0,057
2017-10-25T00:00:00.000Z;0,053
2017-10-26T00:00:00.000Z;0,053
2017-10-27T00:00:00.000Z;0,051
2017-10-28T00:00:00.000Z;0,05
2017-10-29T00:00:00.000Z;0,05
2017-10-30T00:00:00.000Z;0,05
2017-10-31T00:00:00.000Z;0,05
2017-11-01T00:00:00.000Z;0,05
2017-11-02T00:00:00.000Z;0,051
2017-11-03T00:00:00.000Z;0,051
2017-11-04T00:00:00.000Z;0,058
2017-11-05T00:00:00.000Z;0,249
2017-11-06T00:00:00.000Z;0,296
2017-11-07T00:00:00.000Z;0,294
2017-11-08T00:00:00.000Z;0,218
2017-11-09T00:00:00.000Z;0,566
2017-11-10T00:00:00.000Z;0,537
2017-11-11T00:00:00.000Z;1,17
2017-11-12T00:00:00.000Z;0,783
2017-11-13T00:00:00.000Z;0,808
2017-11-14T00:00:00.000Z;0,331
2017-11-15T00:00:00.000Z;0,236
2017-11-16T00:00:00.000Z;0,111
2017-11-17T00:00:00.000Z;0,1
2017-11-18T00:00:00.000Z;0,093
2017-11-19T00:00:00.000Z;0,083
2017-11-20T00:00:00.000Z;0,077
2017-11-21T00:00:00.000Z;0,071
2017-11-22T00:00:00.000Z;0,068
2017-11-23T00:00:00.000Z;0,066
2017-11-24T00:00:00.000Z;0,064
2017-11-25T00:00:00.000Z;0,104
2017-11-26T00:00:00.000Z;0,21
2017-11-27T00:00:00.000Z;0,224
2017-11-28T00:00:00.000Z;0,176
2017-11-29T00:00:00.000Z;0,126
2017-11-30T00:00:00.000Z;0,162
2017-12-01T00:00:00.000Z;0,132
2017-12-02T00:00:00.000Z;0,123
2017-12-03T00:00:00.000Z;0,113
2017-12-04T00:00:00.000Z;0,106
2017-12-05T00:00:00.000Z;0,101
2017-12-06T00:00:00.000Z;0,097
2017-12-07T00:00:00.000Z;0,096
2017-12-08T00:00:00.000Z;0,142
2017-12-09T00:00:00.000Z;0,226
2017-12-10T00:00:00.000Z;0,257
2017-12-11T00:00:00.000Z;0,281
2017-12-12T00:00:00.000Z;0,296
2017-12-13T00:00:00.000Z;0,296
2017-12-14T00:00:00.000Z;0,296
2017-12-15T00:00:00.000Z;0,306
2017-12-16T00:00:00.000Z;0,318
2017-12-17T00:00:00.000Z;0,325
2017-12-18T00:00:00.000Z;0,317
2017-12-19T00:00:00.000Z;0,366
2017-12-20T00:00:00.000Z;0,342
2017-12-21T00:00:00.000Z;0,284
2017-12-22T00:00:00.000Z;0,221
2017-12-23T00:00:00.000Z;0,182
2017-12-24T00:00:00.000Z;0,157
2017-12-25T00:00:00.000Z;0,141
2017-12-26T00:00:00.000Z;0,135
2017-12-27T00:00:00.000Z;0,18
2017-12-28T00:00:00.000Z;0,208
2017-12-29T00:00:00.000Z;0,247
2017-12-30T00:00:00.000Z;0,306
2017-12-31T00:00:00.000Z;0,444
2018-01-01T00:00:00.000Z;0,438
2018-01-02T00:00:00.000Z;0,505
2018-01-03T00:00:00.000Z;0,826
2018-01-04T00:00:00.000Z;0,68
2018-01-05T00:00:00.000Z;0,421
2018-01-06T00:00:00.000Z;0,394
2018-01-07T00:00:00.000Z;0,424
2018-01-08T00:00:00.000Z;0,574
2018-01-09T00:00:00.000Z;0,378
2018-01-10T00:00:00.000Z;0,325
2018-01-11T00:00:00.000Z;0,254
2018-01-12T00:00:00.000Z;0,218
2018-01-13T00:00:00.000Z;0,175
2018-01-14T00:00:00.000Z;0,158
2018-01-15T00:00:00.000Z;0,141
2018-01-16T00:00:00.000Z;0,156
2018-01-17T00:00:00.000Z;0,272
2018-01-18T00:00:00.000Z;0,291
2018-01-19T00:00:00.000Z;0,178
2018-01-20T00:00:00.000Z;0,161
2018-01-21T00:00:00.000Z;0,556
2018-01-22T00:00:00.000Z;0,517
2018-01-23T00:00:00.000Z;0,435
2018-01-24T00:00:00.000Z;0,351
2018-01-25T00:00:00.000Z;0,278
2018-01-26T00:00:00.000Z;0,317
2018-01-27T00:00:00.000Z;0,41
2018-01-28T00:00:00.000Z;0,375
2018-01-29T00:00:00.000Z;0,35
2018-01-30T00:00:00.000Z;0,292
2018-01-31T00:00:00.000Z;0,222
2018-02-01T00:00:00.000Z;0,226
2018-02-02T00:00:00.000Z;0,282
2018-02-03T00:00:00.000Z;0,284
2018-02-04T00:00:00.000Z;0,298
2018-02-05T00:00:00.000Z;0,299
2018-02-06T00:00:00.000Z;0,278
2018-02-07T00:00:00.000Z;0,237
2018-02-08T00:00:00.000Z;0,207
2018-02-09T00:00:00.000Z;0,188
2018-02-10T00:00:00.000Z;0,183
2018-02-11T00:00:00.000Z;0,205
2018-02-12T00:00:00.000Z;0,343
2018-02-13T00:00:00.000Z;0,406
2018-02-14T00:00:00.000Z;0,433
2018-02-15T00:00:00.000Z;0,499
2018-02-16T00:00:00.000Z;0,508
2018-02-17T00:00:00.000Z;0,518
2018-02-18T00:00:00.000Z;0,525
2018-02-19T00:00:00.000Z;0,53
2018-02-22T00:00:00.000Z;0,617
2018-02-23T00:00:00.000Z;0,445
2018-02-24T00:00:00.000Z;0,389
2018-02-25T00:00:00.000Z;0,258
2018-02-26T00:00:00.000Z;0,219
2018-02-27T00:00:00.000Z;0,198
2018-02-28T00:00:00.000Z;0,186
2018-03-01T00:00:00.000Z;0,181
2018-03-02T00:00:00.000Z;0,339
2018-03-03T00:00:00.000Z;0,302
2018-03-04T00:00:00.000Z;0,269
2018-03-05T00:00:00.000Z;0,253
2018-03-06T00:00:00.000Z;0,229
2018-03-07T00:00:00.000Z;0,225
2018-03-08T00:00:00.000Z;0,225
2018-03-09T00:00:00.000Z;0,231
2018-03-10T00:00:00.000Z;0,297
2018-03-11T00:00:00.000Z;0,334
2018-03-12T00:00:00.000Z;0,33
2018-03-13T00:00:00.000Z;0,219
2018-03-14T00:00:00.000Z;0,184
2018-03-15T00:00:00.000Z;0,2
2018-03-16T00:00:00.000Z;0,197
2018-03-17T00:00:00.000Z;0,166
2018-03-18T00:00:00.000Z;0,172
2018-03-19T00:00:00.000Z;0,19
2018-03-20T00:00:00.000Z;0,188
2018-03-21T00:00:00.000Z;0,181
2018-03-22T00:00:00.000Z;0,185
2018-03-23T00:00:00.000Z;0,193
2018-03-24T00:00:00.000Z;0,325
2018-03-25T00:00:00.000Z;0,363
2018-03-26T00:00:00.000Z;0,909
2018-03-27T00:00:00.000Z;0,855
2018-03-28T00:00:00.000Z;0,861
2018-03-29T00:00:00.000Z;0,935
2018-03-30T00:00:00.000Z;0,473
2018-03-31T00:00:00.000Z;0,451
2018-04-01T00:00:00.000Z;0,423
2018-04-02T00:00:00.000Z;0,41
2018-04-03T00:00:00.000Z;0,433
2018-04-04T00:00:00.000Z;0,406
2018-04-05T00:00:00.000Z;0,368
2018-04-06T00:00:00.000Z;0,362
2018-04-07T00:00:00.000Z;0,358
2018-04-08T00:00:00.000Z;0,412
2018-04-09T00:00:00.000Z;0,453
2018-04-10T00:00:00.000Z;0,377
2018-04-11T00:00:00.000Z;0,421
2018-04-12T00:00:00.000Z;0,465
2018-04-13T00:00:00.000Z;0,4
2018-04-14T00:00:00.000Z;0,376
2018-04-15T00:00:00.000Z;0,322
2018-04-16T00:00:00.000Z;0,291
2018-04-17T00:00:00.000Z;0,292
2018-04-18T00:00:00.000Z;0,255
2018-04-19T00:00:00.000Z;0,216
2018-04-20T00:00:00.000Z;0,193
2018-04-21T00:00:00.000Z;0,175
2018-04-22T00:00:00.000Z;0,167
2018-04-23T00:00:00.000Z;0,157
2018-04-24T00:00:00.000Z;0,149
2018-04-25T00:00:00.000Z;0,147
2018-04-26T00:00:00.000Z;0,146
2018-04-27T00:00:00.000Z;0,145
2018-04-28T00:00:00.000Z;0,143
2018-04-29T00:00:00.000Z;0,752
2018-04-30T00:00:00.000Z;0,599
2018-05-01T00:00:00.000Z;0,702
2018-05-02T00:00:00.000Z;0,422
2018-05-04T00:00:00.000Z;0,856
2018-05-05T00:00:00.000Z;0,442
2018-05-06T00:00:00.000Z;0,373
2018-05-07T00:00:00.000Z;0,325
2018-05-08T00:00:00.000Z;0,951
2018-05-09T00:00:00.000Z;0,517
2018-05-10T00:00:00.000Z;0,629
2018-05-11T00:00:00.000Z;0,392
2018-05-12T00:00:00.000Z;0,371
2018-05-13T00:00:00.000Z;0,576
2018-05-14T00:00:00.000Z;0,471
2018-05-15T00:00:00.000Z;0,855
2018-05-16T00:00:00.000Z;0,462
2018-05-17T00:00:00.000Z;0,378
2018-05-18T00:00:00.000Z;0,31
2018-05-20T00:00:00.000Z;0,573
2018-05-21T00:00:00.000Z;0,386
2018-05-22T00:00:00.000Z;0,466
2018-05-24T00:00:00.000Z;0,825
2018-05-25T00:00:00.000Z;0,407
2018-05-26T00:00:00.000Z;0,352
2018-05-27T00:00:00.000Z;0,807
2018-05-28T00:00:00.000Z;1,08
2018-05-29T00:00:00.000Z;0,609
2018-05-30T00:00:00.000Z;0,453
2018-05-31T00:00:00.000Z;1,31
2018-06-01T00:00:00.000Z;0,484
2018-06-02T00:00:00.000Z;0,802
2018-06-03T00:00:00.000Z;0,536
2018-06-05T00:00:00.000Z;1,71
2018-06-06T00:00:00.000Z;0,863
2018-06-07T00:00:00.000Z;0,574
2018-06-08T00:00:00.000Z;0,396
2018-06-09T00:00:00.000Z;0,345
2018-06-10T00:00:00.000Z;0,208
2018-06-11T00:00:00.000Z;1,2
2018-06-13T00:00:00.000Z;1,42
2018-06-14T00:00:00.000Z;0,694
2018-06-15T00:00:00.000Z;0,438
2018-06-16T00:00:00.000Z;0,369
2018-06-17T00:00:00.000Z;0,273
2018-06-18T00:00:00.000Z;0,203
2018-06-19T00:00:00.000Z;0,187
2018-06-20T00:00:00.000Z;0,173
2018-06-21T00:00:00.000Z;0,157
2018-06-22T00:00:00.000Z;0,148
2018-06-23T00:00:00.000Z;0,142
2018-06-24T00:00:00.000Z;0,14
2018-06-25T00:00:00.000Z;0,132
2018-06-26T00:00:00.000Z;0,129
2018-06-27T00:00:00.000Z;0,125
2018-06-28T00:00:00.000Z;0,124
2018-06-29T00:00:00.000Z;0,12
2018-06-30T00:00:00.000Z;0,116
2018-07-01T00:00:00.000Z;0,113
2018-07-02T00:00:00.000Z;0,113
2018-07-03T00:00:00.000Z;0,11
2018-07-04T00:00:00.000Z;0,11
2018-07-05T00:00:00.000Z;0,122
2018-07-06T00:00:00.000Z;0,113
2018-07-07T00:00:00.000Z;0,11
2018-07-08T00:00:00.000Z;0,107
2018-07-09T00:00:00.000Z;0,104
2018-07-10T00:00:00.000Z;0,103
2018-07-11T00:00:00.000Z;0,102
2018-07-12T00:00:00.000Z;0,101
2018-07-13T00:00:00.000Z;0,1
2018-07-14T00:00:00.000Z;0,097
2018-07-15T00:00:00.000Z;0,095
2018-07-16T00:00:00.000Z;0,465
2018-07-17T00:00:00.000Z;0,359
2018-07-18T00:00:00.000Z;0,232
2018-07-19T00:00:00.000Z;0,124
2018-07-20T00:00:00.000Z;0,119
2018-07-21T00:00:00.000Z;0,18
2018-07-22T00:00:00.000Z;0,148
2018-07-23T00:00:00.000Z;0,12
2018-07-24T00:00:00.000Z;0,114
2018-07-25T00:00:00.000Z;0,108
2018-07-26T00:00:00.000Z;0,102
2018-07-27T00:00:00.000Z;0,1
2018-07-28T00:00:00.000Z;0,099
2018-07-29T00:00:00.000Z;0,091
2018-07-30T00:00:00.000Z;0,088
2018-07-31T00:00:00.000Z;0,087
2018-08-01T00:00:00.000Z;0,085
2018-08-02T00:00:00.000Z;0,081
2018-08-03T00:00:00.000Z;0,078
2018-08-04T00:00:00.000Z;0,077
2018-08-05T00:00:00.000Z;0,074
2018-08-06T00:00:00.000Z;0,07
2018-08-07T00:00:00.000Z;0,07
2018-08-08T00:00:00.000Z;0,07
2018-08-09T00:00:00.000Z;0,069
2018-08-10T00:00:00.000Z;0,069
2018-08-11T00:00:00.000Z;0,065
2018-08-12T00:00:00.000Z;0,064
2018-08-13T00:00:00.000Z;0,062
2018-08-14T00:00:00.000Z;0,068
2018-08-15T00:00:00.000Z;0,069
2018-08-16T00:00:00.000Z;0,067
2018-08-17T00:00:00.000Z;0,269
2018-08-18T00:00:00.000Z;0,285
2018-08-19T00:00:00.000Z;0,134
2018-08-20T00:00:00.000Z;0,073
2018-08-21T00:00:00.000Z;0,067
2018-08-22T00:00:00.000Z;0,062
2018-08-23T00:00:00.000Z;0,06
2018-08-24T00:00:00.000Z;0,056
2018-08-25T00:00:00.000Z;0,056
2018-08-26T00:00:00.000Z;0,056
2018-08-27T00:00:00.000Z;0,056
2018-08-28T00:00:00.000Z;0,056
2018-08-29T00:00:00.000Z;0,052
2018-08-30T00:00:00.000Z;0,061
2018-08-31T00:00:00.000Z;0,058
2018-09-01T00:00:00.000Z;0,058
2018-09-02T00:00:00.000Z;0,053
2018-09-03T00:00:00.000Z;0,053
2018-09-04T00:00:00.000Z;0,049
2018-09-05T00:00:00.000Z;0,054
2018-09-06T00:00:00.000Z;0,123
2018-09-07T00:00:00.000Z;0,144
2018-09-08T00:00:00.000Z;0,073
2018-09-09T00:00:00.000Z;0,062
2018-09-10T00:00:00.000Z;0,059
2018-09-11T00:00:00.000Z;0,055
2018-09-12T00:00:00.000Z;0,055
2018-09-13T00:00:00.000Z;0,055
2018-09-14T00:00:00.000Z;0,055
2018-09-15T00:00:00.000Z;0,05
2018-09-16T00:00:00.000Z;0,045
2018-09-17T00:00:00.000Z;0,045
2018-09-18T00:00:00.000Z;0,045
2018-09-19T00:00:00.000Z;0,044
2018-09-20T00:00:00.000Z;0,044
2018-09-21T00:00:00.000Z;0,044
2018-09-22T00:00:00.000Z;0,044
2018-09-23T00:00:00.000Z;0,044
2018-09-24T00:00:00.000Z;0,05
2018-09-25T00:00:00.000Z;0,055
2018-09-26T00:00:00.000Z;0,052
2018-09-27T00:00:00.000Z;0,048
2018-09-28T00:00:00.000Z;0,048
2018-09-29T00:00:00.000Z;0,047
2018-09-30T00:00:00.000Z;0,047
2018-10-01T00:00:00.000Z;0,048
2018-10-02T00:00:00.000Z;0,047
2018-10-03T00:00:00.000Z;0,048
2018-10-04T00:00:00.000Z;0,048
2018-10-05T00:00:00.000Z;0,048
2018-10-06T00:00:00.000Z;0,048
2018-10-07T00:00:00.000Z;0,049
2018-10-08T00:00:00.000Z;0,055
2018-10-09T00:00:00.000Z;0,055
2018-10-10T00:00:00.000Z;0,053
2018-10-11T00:00:00.000Z;0,052
2018-10-12T00:00:00.000Z;0,066
2018-10-13T00:00:00.000Z;0,089
2018-10-14T00:00:00.000Z;0,116
2018-10-15T00:00:00.000Z;0,304
2018-10-16T00:00:00.000Z;0,147
2018-10-17T00:00:00.000Z;0,06
2018-10-18T00:00:00.000Z;0,054
2018-10-19T00:00:00.000Z;0,049
2018-10-20T00:00:00.000Z;0,046
2018-10-21T00:00:00.000Z;0,045
2018-10-22T00:00:00.000Z;0,045
2018-10-23T00:00:00.000Z;0,045
2018-10-24T00:00:00.000Z;0,045
2018-10-25T00:00:00.000Z;0,045
2018-10-26T00:00:00.000Z;0,045
2018-10-27T00:00:00.000Z;0,064
2018-10-28T00:00:00.000Z;0,086
2018-10-29T00:00:00.000Z;0,082
2018-10-30T00:00:00.000Z;0,082
2018-10-31T00:00:00.000Z;0,154
2018-11-01T00:00:00.000Z;0,129
2018-11-02T00:00:00.000Z;0,101
2018-11-03T00:00:00.000Z;0,225
2018-11-04T00:00:00.000Z;0,099
2018-11-05T00:00:00.000Z;0,073
2018-11-06T00:00:00.000Z;0,414
2018-11-07T00:00:00.000Z;0,339
2018-11-08T00:00:00.000Z;0,352
2018-11-09T00:00:00.000Z;0,305
2018-11-10T00:00:00.000Z;0,222
2018-11-11T00:00:00.000Z;0,118
2018-11-12T00:00:00.000Z;0,091
2018-11-13T00:00:00.000Z;0,076
2018-11-14T00:00:00.000Z;0,069
2018-11-15T00:00:00.000Z;0,065
2018-11-16T00:00:00.000Z;0,063
2018-11-17T00:00:00.000Z;0,062
2018-11-18T00:00:00.000Z;0,062
2018-11-19T00:00:00.000Z;0,062
2018-11-20T00:00:00.000Z;0,061
2018-11-21T00:00:00.000Z;0,06
2018-11-22T00:00:00.000Z;0,059
2018-11-23T00:00:00.000Z;0,057
2018-11-24T00:00:00.000Z;0,056
2018-11-25T00:00:00.000Z;0,056
2018-11-26T00:00:00.000Z;0,059
2018-11-27T00:00:00.000Z;0,091
2018-11-28T00:00:00.000Z;0,082
2018-11-29T00:00:00.000Z;0,074
2018-11-30T00:00:00.000Z;0,169
2018-12-01T00:00:00.000Z;0,276
2018-12-02T00:00:00.000Z;0,146
2018-12-03T00:00:00.000Z;0,096
2018-12-04T00:00:00.000Z;0,076
2018-12-05T00:00:00.000Z;0,069
2018-12-06T00:00:00.000Z;0,064
2018-12-07T00:00:00.000Z;0,062
2018-12-08T00:00:00.000Z;0,153
2018-12-09T00:00:00.000Z;0,101
2018-12-10T00:00:00.000Z;0,081
2018-12-11T00:00:00.000Z;0,075
2018-12-12T00:00:00.000Z;0,102
2018-12-15T00:00:00.000Z;0,405
2018-12-16T00:00:00.000Z;0,378
2018-12-17T00:00:00.000Z;0,65
2018-12-18T00:00:00.000Z;0,359
2018-12-19T00:00:00.000Z;0,289
2018-12-20T00:00:00.000Z;0,129
2018-12-21T00:00:00.000Z;0,105
2018-12-22T00:00:00.000Z;0,09
2018-12-23T00:00:00.000Z;0,084
2018-12-24T00:00:00.000Z;0,078
2018-12-25T00:00:00.000Z;0,076
2018-12-26T00:00:00.000Z;0,073
2018-12-27T00:00:00.000Z;0,069
2018-12-28T00:00:00.000Z;0,066
2018-12-29T00:00:00.000Z;0,063
2018-12-30T00:00:00.000Z;0,061
2018-12-31T00:00:00.000Z;0,059
2019-01-01T00:00:00.000Z;0,058
2019-01-02T00:00:00.000Z;0,058
2019-01-03T00:00:00.000Z;0,057
2019-01-04T00:00:00.000Z;0,056
2019-01-05T00:00:00.000Z;0,055
2019-01-06T00:00:00.000Z;0,055
2019-01-07T00:00:00.000Z;0,055
2019-01-08T00:00:00.000Z;0,055
2019-01-09T00:00:00.000Z;0,055
2019-01-10T00:00:00.000Z;0,055
2019-01-11T00:00:00.000Z;0,055
2019-01-12T00:00:00.000Z;0,055
2019-01-13T00:00:00.000Z;0,055
2019-01-14T00:00:00.000Z;0,055
2019-01-15T00:00:00.000Z;0,056
2019-01-16T00:00:00.000Z;0,056
2019-01-17T00:00:00.000Z;0,056
2019-01-18T00:00:00.000Z;0,058
2019-01-19T00:00:00.000Z;0,058
2019-01-20T00:00:00.000Z;0,063
2019-01-21T00:00:00.000Z;0,141
2019-01-22T00:00:00.000Z;0,125
2019-01-23T00:00:00.000Z;0,445
2019-01-24T00:00:00.000Z;0,32
2019-01-25T00:00:00.000Z;0,557
2019-01-26T00:00:00.000Z;1,01
2019-01-27T00:00:00.000Z;0,473
2019-01-28T00:00:00.000Z;1,38
2019-01-29T00:00:00.000Z;0,804
2019-01-30T00:00:00.000Z;0,621
2019-01-31T00:00:00.000Z;0,5
2019-02-01T00:00:00.000Z;1,19
2019-02-02T00:00:00.000Z;0,544
2019-02-03T00:00:00.000Z;0,413
2019-02-04T00:00:00.000Z;0,34
2019-02-05T00:00:00.000Z;1,63
2019-02-06T00:00:00.000Z;1,13
2019-02-07T00:00:00.000Z;0,691
2019-02-08T00:00:00.000Z;0,641
2019-02-09T00:00:00.000Z;0,421
2019-02-10T00:00:00.000Z;0,42
2019-02-11T00:00:00.000Z;0,467
2019-02-12T00:00:00.000Z;0,36
2019-02-13T00:00:00.000Z;0,281
2019-02-14T00:00:00.000Z;0,199
2019-02-15T00:00:00.000Z;0,214
2019-02-16T00:00:00.000Z;0,254
2019-02-17T00:00:00.000Z;0,249
2019-02-18T00:00:00.000Z;0,242
2019-02-19T00:00:00.000Z;0,22
2019-02-20T00:00:00.000Z;0,193
2019-02-21T00:00:00.000Z;0,188
2019-02-22T00:00:00.000Z;0,188
2019-02-23T00:00:00.000Z;0,199
2019-02-24T00:00:00.000Z;0,248
2019-02-25T00:00:00.000Z;0,229
2019-02-26T00:00:00.000Z;0,209
2019-02-27T00:00:00.000Z;0,207
2019-02-28T00:00:00.000Z;0,184
2019-03-01T00:00:00.000Z;0,154
2019-03-02T00:00:00.000Z;0,143
2019-03-03T00:00:00.000Z;0,179
2019-03-04T00:00:00.000Z;0,218
2019-03-05T00:00:00.000Z;0,184
2019-03-06T00:00:00.000Z;0,151
2019-03-07T00:00:00.000Z;0,166
2019-03-08T00:00:00.000Z;0,123
2019-03-09T00:00:00.000Z;0,115
2019-03-10T00:00:00.000Z;0,146
2019-03-11T00:00:00.000Z;0,187
2019-03-12T00:00:00.000Z;0,144
2019-03-13T00:00:00.000Z;0,168
2019-03-14T00:00:00.000Z;0,202
2019-03-15T00:00:00.000Z;0,177
2019-03-16T00:00:00.000Z;0,159
2019-03-17T00:00:00.000Z;0,155
2019-03-18T00:00:00.000Z;0,156
2019-03-19T00:00:00.000Z;0,197
2019-03-20T00:00:00.000Z;0,262
2019-03-21T00:00:00.000Z;0,181
2019-03-22T00:00:00.000Z;0,157
2019-03-23T00:00:00.000Z;0,162
2019-03-24T00:00:00.000Z;0,149
2019-03-25T00:00:00.000Z;0,136
2019-03-26T00:00:00.000Z;0,119
2019-03-27T00:00:00.000Z;0,108
2019-03-28T00:00:00.000Z;0,101
2019-03-29T00:00:00.000Z;0,099
2019-03-30T00:00:00.000Z;0,099
2019-03-31T00:00:00.000Z;0,099
2019-04-01T00:00:00.000Z;0,099
2019-04-02T00:00:00.000Z;0,112
2019-04-03T00:00:00.000Z;0,166
2019-04-04T00:00:00.000Z;0,203
2019-04-05T00:00:00.000Z;0,164
2019-04-06T00:00:00.000Z;0,221
2019-04-07T00:00:00.000Z;0,245
2019-04-08T00:00:00.000Z;0,216
2019-04-09T00:00:00.000Z;0,436
2019-04-10T00:00:00.000Z;0,349
2019-04-11T00:00:00.000Z;0,308
2019-04-12T00:00:00.000Z;0,282
2019-04-13T00:00:00.000Z;0,223
2019-04-14T00:00:00.000Z;0,164
2019-04-15T00:00:00.000Z;0,147
2019-04-16T00:00:00.000Z;0,456
2019-04-17T00:00:00.000Z;0,368
2019-04-18T00:00:00.000Z;0,303
2019-04-19T00:00:00.000Z;0,149
2019-04-20T00:00:00.000Z;0,127
2019-04-21T00:00:00.000Z;0,118
2019-04-22T00:00:00.000Z;0,11
2019-04-23T00:00:00.000Z;0,106
2019-04-24T00:00:00.000Z;0,117
2019-04-25T00:00:00.000Z;0,115
2019-04-26T00:00:00.000Z;0,113
2019-04-27T00:00:00.000Z;0,12
2019-04-28T00:00:00.000Z;0,112
2019-04-29T00:00:00.000Z;0,105
2019-04-30T00:00:00.000Z;0,1
2019-05-01T00:00:00.000Z;0,094
2019-05-02T00:00:00.000Z;0,091
2019-05-03T00:00:00.000Z;0,093
2019-05-04T00:00:00.000Z;0,119
2019-05-05T00:00:00.000Z;0,235
2019-05-06T00:00:00.000Z;0,168
2019-05-07T00:00:00.000Z;0,122
2019-05-08T00:00:00.000Z;0,107
2019-05-09T00:00:00.000Z;0,098
2019-05-10T00:00:00.000Z;0,114
2019-05-11T00:00:00.000Z;0,385
2019-05-12T00:00:00.000Z;0,332
2019-05-13T00:00:00.000Z;0,232
2019-05-14T00:00:00.000Z;0,119
2019-05-15T00:00:00.000Z;0,108
2019-05-16T00:00:00.000Z;0,104
2019-05-17T00:00:00.000Z;0,245
2019-05-18T00:00:00.000Z;0,341
2019-05-19T00:00:00.000Z;0,379
2019-05-20T00:00:00.000Z;0,581
2019-05-21T00:00:00.000Z;0,35
2019-05-22T00:00:00.000Z;0,296
2019-05-23T00:00:00.000Z;0,148
2019-05-26T00:00:00.000Z;0,807
2019-05-27T00:00:00.000Z;0,459
2019-05-28T00:00:00.000Z;0,382
2019-05-29T00:00:00.000Z;0,41
2019-05-30T00:00:00.000Z;0,379
2019-05-31T00:00:00.000Z;0,293
2019-06-01T00:00:00.000Z;0,167
2019-06-02T00:00:00.000Z;0,145
2019-06-03T00:00:00.000Z;0,132
2019-06-04T00:00:00.000Z;0,126
2019-06-05T00:00:00.000Z;0,166
2019-06-06T00:00:00.000Z;0,165
2019-06-07T00:00:00.000Z;0,13
2019-06-08T00:00:00.000Z;0,118
2019-06-09T00:00:00.000Z;0,114
2019-06-10T00:00:00.000Z;0,111
2019-06-11T00:00:00.000Z;0,198
2019-06-12T00:00:00.000Z;0,179
2019-06-13T00:00:00.000Z;0,129
2019-06-14T00:00:00.000Z;0,116
2019-06-15T00:00:00.000Z;0,12
2019-06-16T00:00:00.000Z;0,123
2019-06-17T00:00:00.000Z;0,114
2019-06-18T00:00:00.000Z;0,107
2019-06-19T00:00:00.000Z;0,102
2019-06-20T00:00:00.000Z;0,096
2019-06-21T00:00:00.000Z;0,131
2019-06-22T00:00:00.000Z;0,127
2019-06-23T00:00:00.000Z;0,105
2019-06-24T00:00:00.000Z;0,096
2019-06-25T00:00:00.000Z;0,09
2019-06-26T00:00:00.000Z;0,084
2019-06-27T00:00:00.000Z;0,081
2019-06-28T00:00:00.000Z;0,078
2019-06-29T00:00:00.000Z;0,074
2019-06-30T00:00:00.000Z;0,072
2019-07-01T00:00:00.000Z;0,071
2019-07-02T00:00:00.000Z;0,07
2019-07-03T00:00:00.000Z;0,068
2019-07-04T00:00:00.000Z;0,064
2019-07-05T00:00:00.000Z;0,063
2019-07-06T00:00:00.000Z;0,061
2019-07-07T00:00:00.000Z;0,061
2019-07-08T00:00:00.000Z;0,06
2019-07-09T00:00:00.000Z;0,06
2019-07-10T00:00:00.000Z;0,058
2019-07-11T00:00:00.000Z;0,055
2019-07-12T00:00:00.000Z;0,053
2019-07-13T00:00:00.000Z;0,053
2019-07-14T00:00:00.000Z;0,052
2019-07-15T00:00:00.000Z;0,051
2019-07-16T00:00:00.000Z;0,05
2019-07-17T00:00:00.000Z;0,05
2019-07-18T00:00:00.000Z;0,049
2019-07-19T00:00:00.000Z;0,049
2019-07-20T00:00:00.000Z;0,048
2019-07-21T00:00:00.000Z;0,047
2019-07-22T00:00:00.000Z;0,047
2019-07-23T00:00:00.000Z;0,046
2019-07-24T00:00:00.000Z;0,045
2019-07-25T00:00:00.000Z;0,044
2019-07-26T00:00:00.000Z;0,045
2019-07-27T00:00:00.000Z;0,075
2019-07-28T00:00:00.000Z;0,286
2019-07-29T00:00:00.000Z;0,084
2019-07-30T00:00:00.000Z;0,056
2019-07-31T00:00:00.000Z;0,05
2019-08-01T00:00:00.000Z;0,047
2019-08-02T00:00:00.000Z;0,046
2019-08-03T00:00:00.000Z;0,045
2019-08-04T00:00:00.000Z;0,044
2019-08-05T00:00:00.000Z;0,044
2019-08-06T00:00:00.000Z;0,044
2019-08-07T00:00:00.000Z;0,043
2019-08-08T00:00:00.000Z;0,043
2019-08-09T00:00:00.000Z;0,042
2019-08-10T00:00:00.000Z;0,042
2019-08-11T00:00:00.000Z;0,041
2019-08-12T00:00:00.000Z;0,069
2019-08-13T00:00:00.000Z;0,078
2019-08-14T00:00:00.000Z;0,063
2019-08-15T00:00:00.000Z;0,052
2019-08-16T00:00:00.000Z;0,059
2019-08-17T00:00:00.000Z;0,049
2019-08-18T00:00:00.000Z;0,045
2019-08-19T00:00:00.000Z;0,044
2019-08-20T00:00:00.000Z;1,01
2019-08-21T00:00:00.000Z;0,296
2019-08-22T00:00:00.000Z;0,136
2019-08-23T00:00:00.000Z;0,065
2019-08-24T00:00:00.000Z;0,055
2019-08-25T00:00:00.000Z;0,049
2019-08-26T00:00:00.000Z;0,047
2019-08-27T00:00:00.000Z;0,067
2019-08-28T00:00:00.000Z;0,056
2019-08-29T00:00:00.000Z;0,048
2019-08-30T00:00:00.000Z;0,046
2019-08-31T00:00:00.000Z;0,044
2019-09-01T00:00:00.000Z;0,044
2019-09-02T00:00:00.000Z;0,049
2019-09-03T00:00:00.000Z;0,047
2019-09-04T00:00:00.000Z;0,044
2019-09-05T00:00:00.000Z;0,043
2019-09-06T00:00:00.000Z;0,042
2019-09-07T00:00:00.000Z;0,042
2019-09-08T00:00:00.000Z;0,041
2019-09-09T00:00:00.000Z;0,04
2019-09-10T00:00:00.000Z;0,051
2019-09-11T00:00:00.000Z;0,053
2019-09-12T00:00:00.000Z;0,046
2019-09-13T00:00:00.000Z;0,043
2019-09-14T00:00:00.000Z;0,041
2019-09-15T00:00:00.000Z;0,042
2019-09-16T00:00:00.000Z;0,042
2019-09-17T00:00:00.000Z;0,04
2019-09-18T00:00:00.000Z;0,04
2019-09-19T00:00:00.000Z;0,04
2019-09-20T00:00:00.000Z;0,04
2019-09-21T00:00:00.000Z;0,04
2019-09-22T00:00:00.000Z;0,041
2019-09-23T00:00:00.000Z;0,043
2019-09-24T00:00:00.000Z;0,041
2019-09-25T00:00:00.000Z;0,042
2019-09-26T00:00:00.000Z;0,042
2019-09-27T00:00:00.000Z;0,042
2019-09-28T00:00:00.000Z;0,043
2019-09-29T00:00:00.000Z;0,043
2019-09-30T00:00:00.000Z;0,043
2019-10-01T00:00:00.000Z;0,051
2019-10-02T00:00:00.000Z;0,148
2019-10-03T00:00:00.000Z;0,231
2019-10-04T00:00:00.000Z;0,063
2019-10-05T00:00:00.000Z;0,232
2019-10-06T00:00:00.000Z;0,116
2019-10-07T00:00:00.000Z;0,061
2019-10-08T00:00:00.000Z;0,053
2019-10-09T00:00:00.000Z;0,048
2019-10-10T00:00:00.000Z;0,071
2019-10-11T00:00:00.000Z;0,064
2019-10-12T00:00:00.000Z;0,057
2019-10-13T00:00:00.000Z;0,05
2019-10-14T00:00:00.000Z;0,046
2019-10-15T00:00:00.000Z;0,126
2019-10-16T00:00:00.000Z;0,078
2019-10-17T00:00:00.000Z;0,058
2019-10-18T00:00:00.000Z;0,051
2019-10-19T00:00:00.000Z;0,047
2019-10-20T00:00:00.000Z;0,046
2019-10-21T00:00:00.000Z;0,045
2019-10-22T00:00:00.000Z;0,058
2019-10-23T00:00:00.000Z;1,18
2019-10-24T00:00:00.000Z;0,295
2019-10-25T00:00:00.000Z;0,152
2019-10-26T00:00:00.000Z;0,084
2019-10-27T00:00:00.000Z;0,069
2019-10-28T00:00:00.000Z;0,062
2019-10-29T00:00:00.000Z;0,056
2019-10-30T00:00:00.000Z;0,053
2019-10-31T00:00:00.000Z;0,386
2019-11-01T00:00:00.000Z;0,372
2019-11-02T00:00:00.000Z;0,545
2019-11-03T00:00:00.000Z;0,332
2019-11-04T00:00:00.000Z;0,4
2019-11-05T00:00:00.000Z;0,623
2019-11-07T00:00:00.000Z;1,44
2019-11-08T00:00:00.000Z;0,802
2019-11-09T00:00:00.000Z;0,657
2019-11-10T00:00:00.000Z;1,1
2019-11-11T00:00:00.000Z;0,395
2019-11-12T00:00:00.000Z;0,358
2019-11-13T00:00:00.000Z;0,338
2019-11-14T00:00:00.000Z;0,392
2019-11-15T00:00:00.000Z;0,35
2019-11-16T00:00:00.000Z;0,273
2019-11-17T00:00:00.000Z;0,352
2019-11-18T00:00:00.000Z;0,449
2019-11-19T00:00:00.000Z;0,373
2019-11-20T00:00:00.000Z;0,309
2019-11-21T00:00:00.000Z;0,291
2019-11-22T00:00:00.000Z;0,356
2019-11-23T00:00:00.000Z;0,423
2019-11-24T00:00:00.000Z;0,479
2019-11-25T00:00:00.000Z;0,345
2019-11-26T00:00:00.000Z;0,341
2019-11-27T00:00:00.000Z;0,314
2019-11-28T00:00:00.000Z;0,291
2019-11-29T00:00:00.000Z;0,439
2019-11-30T00:00:00.000Z;0,387
2019-12-01T00:00:00.000Z;0,662
2019-12-02T00:00:00.000Z;0,34
2019-12-03T00:00:00.000Z;0,32
2019-12-04T00:00:00.000Z;0,239
2019-12-05T00:00:00.000Z;0,151
2019-12-06T00:00:00.000Z;0,127
2019-12-07T00:00:00.000Z;0,112
2019-12-08T00:00:00.000Z;0,102
2019-12-09T00:00:00.000Z;0,28
2019-12-10T00:00:00.000Z;0,83
2019-12-11T00:00:00.000Z;0,594
2019-12-12T00:00:00.000Z;0,812
2019-12-15T00:00:00.000Z;0,415
2019-12-16T00:00:00.000Z;0,337
2019-12-17T00:00:00.000Z;0,219
2019-12-18T00:00:00.000Z;0,135
2019-12-19T00:00:00.000Z;0,12
2019-12-20T00:00:00.000Z;0,114
2019-12-21T00:00:00.000Z;0,298
2019-12-22T00:00:00.000Z;0,482
2019-12-23T00:00:00.000Z;0,671
2019-12-24T00:00:00.000Z;0,375
2019-12-25T00:00:00.000Z;0,316
2019-12-26T00:00:00.000Z;0,184
2019-12-27T00:00:00.000Z;0,15
2019-12-28T00:00:00.000Z;0,133
2019-12-29T00:00:00.000Z;0,122
2019-12-30T00:00:00.000Z;0,113
2019-12-31T00:00:00.000Z;0,107
2020-01-01T00:00:00.000Z;0,106
2020-01-02T00:00:00.000Z;0,103
2020-01-03T00:00:00.000Z;0,101
2020-01-04T00:00:00.000Z;0,1
2020-01-05T00:00:00.000Z;0,099
2020-01-06T00:00:00.000Z;0,098
2020-01-07T00:00:00.000Z;0,096
2020-01-08T00:00:00.000Z;0,093
2020-01-09T00:00:00.000Z;0,091
2020-01-10T00:00:00.000Z;0,118
2020-01-11T00:00:00.000Z;0,148
2020-01-12T00:00:00.000Z;0,117
2020-01-13T00:00:00.000Z;0,109
2020-01-14T00:00:00.000Z;0,107
2020-01-15T00:00:00.000Z;0,101
2020-01-16T00:00:00.000Z;0,097
2020-01-17T00:00:00.000Z;0,143
2020-01-18T00:00:00.000Z;0,186
2020-01-19T00:00:00.000Z;0,142
2020-01-20T00:00:00.000Z;0,13
2020-01-21T00:00:00.000Z;0,122
2020-01-22T00:00:00.000Z;0,118
2020-01-23T00:00:00.000Z;0,262
2020-01-24T00:00:00.000Z;0,271
2020-01-25T00:00:00.000Z;0,167
2020-01-26T00:00:00.000Z;0,158
2020-01-27T00:00:00.000Z;0,153
2020-01-28T00:00:00.000Z;0,181
2020-01-29T00:00:00.000Z;0,203
2020-01-30T00:00:00.000Z;0,179
2020-01-31T00:00:00.000Z;0,178
2020-02-01T00:00:00.000Z;0,174
2020-02-02T00:00:00.000Z;0,182
2020-02-03T00:00:00.000Z;0,155
2020-02-04T00:00:00.000Z;0,208
2020-02-05T00:00:00.000Z;0,297
2020-02-06T00:00:00.000Z;0,198
2020-02-07T00:00:00.000Z;0,167
2020-02-08T00:00:00.000Z;0,146
2020-02-09T00:00:00.000Z;0,134
2020-02-10T00:00:00.000Z;0,126
2020-02-11T00:00:00.000Z;0,124
2020-02-12T00:00:00.000Z;0,124
2020-02-13T00:00:00.000Z;0,116
2020-02-14T00:00:00.000Z;0,113
2020-02-15T00:00:00.000Z;0,112
2020-02-16T00:00:00.000Z;0,109
2020-02-17T00:00:00.000Z;0,108
2020-02-18T00:00:00.000Z;0,122
2020-02-19T00:00:00.000Z;0,118
2020-02-20T00:00:00.000Z;0,113
2020-02-21T00:00:00.000Z;0,107
2020-02-22T00:00:00.000Z;0,104
2020-02-23T00:00:00.000Z;0,101
2020-02-24T00:00:00.000Z;0,097
2020-02-25T00:00:00.000Z;0,097
2020-02-26T00:00:00.000Z;0,125
2020-02-27T00:00:00.000Z;0,151
2020-02-28T00:00:00.000Z;0,395
2020-02-29T00:00:00.000Z;0,398
2020-03-01T00:00:00.000Z;0,299
2020-03-02T00:00:00.000Z;0,204
2020-03-03T00:00:00.000Z;0,298
2020-03-04T00:00:00.000Z;0,622
2020-03-05T00:00:00.000Z;0,687
2020-03-06T00:00:00.000Z;0,75
2020-03-07T00:00:00.000Z;0,655
2020-03-08T00:00:00.000Z;0,555
2020-03-09T00:00:00.000Z;0,633
2020-03-10T00:00:00.000Z;0,707
2020-03-11T00:00:00.000Z;0,47
2020-03-12T00:00:00.000Z;0,408
2020-03-13T00:00:00.000Z;0,492
2020-03-14T00:00:00.000Z;0,423
2020-03-15T00:00:00.000Z;0,378
2020-03-16T00:00:00.000Z;0,306
2020-03-17T00:00:00.000Z;0,233
2020-03-18T00:00:00.000Z;0,22
2020-03-19T00:00:00.000Z;0,204
2020-03-20T00:00:00.000Z;0,189
2020-03-21T00:00:00.000Z;0,177
2020-03-22T00:00:00.000Z;0,167
2020-03-23T00:00:00.000Z;0,16
2020-06-19T00:00:00.000Z;0,171
2020-06-20T00:00:00.000Z;0,154
2020-06-21T00:00:00.000Z;0,141
2020-06-22T00:00:00.000Z;0,133
2020-06-23T00:00:00.000Z;0,129
2020-06-24T00:00:00.000Z;0,125
2020-06-25T00:00:00.000Z;0,13
2020-06-26T00:00:00.000Z;0,175
2020-06-27T00:00:00.000Z;0,131
2020-06-28T00:00:00.000Z;0,123
2020-06-29T00:00:00.000Z;0,119
2020-06-30T00:00:00.000Z;0,118
2020-07-01T00:00:00.000Z;0,117
2020-07-07T00:00:00.000Z;0,127
2020-07-08T00:00:00.000Z;0,12
2020-07-09T00:00:00.000Z;0,112
2020-07-10T00:00:00.000Z;0,107
2020-07-11T00:00:00.000Z;0,106
2020-07-12T00:00:00.000Z;0,103
2020-07-13T00:00:00.000Z;0,1
2020-07-14T00:00:00.000Z;0,097
2020-07-15T00:00:00.000Z;0,094
2020-07-16T00:00:00.000Z;0,09
2020-07-17T00:00:00.000Z;0,089
2020-07-18T00:00:00.000Z;0,086
2020-07-19T00:00:00.000Z;0,083
2020-07-20T00:00:00.000Z;0,08
2020-07-21T00:00:00.000Z;0,078
2020-07-22T00:00:00.000Z;0,078
2020-07-23T00:00:00.000Z;0,076
2020-07-24T00:00:00.000Z;0,073
2020-07-27T00:00:00.000Z;0,068
2020-07-28T00:00:00.000Z;0,069
2020-08-04T00:00:00.000Z;0,062
2020-08-05T00:00:00.000Z;0,061
2020-08-06T00:00:00.000Z;0,059
2020-08-07T00:00:00.000Z;0,056
2020-08-08T00:00:00.000Z;0,054
2020-08-09T00:00:00.000Z;0,053
2020-08-10T00:00:00.000Z;0,054
2020-08-11T00:00:00.000Z;0,053
2020-08-12T00:00:00.000Z;0,053
2020-08-13T00:00:00.000Z;0,053
2020-08-14T00:00:00.000Z;0,053
2020-08-15T00:00:00.000Z;0,052
2020-08-16T00:00:00.000Z;0,051
2020-08-17T00:00:00.000Z;0,05
2020-08-18T00:00:00.000Z;0,05
2020-08-19T00:00:00.000Z;0,049
2020-08-20T00:00:00.000Z;0,048
2020-08-21T00:00:00.000Z;0,047
2020-08-22T00:00:00.000Z;0,047
2020-08-23T00:00:00.000Z;0,047
2020-08-24T00:00:00.000Z;0,047
2020-08-25T00:00:00.000Z;0,046
2020-08-26T00:00:00.000Z;0,045
2020-08-27T00:00:00.000Z;0,047
2020-08-28T00:00:00.000Z;0,052
2020-08-29T00:00:00.000Z;0,057
2020-08-30T00:00:00.000Z;0,063
2020-08-31T00:00:00.000Z;0,067
2020-09-01T00:00:00.000Z;0,057
2020-09-02T00:00:00.000Z;0,051
2020-09-03T00:00:00.000Z;0,046
2020-09-04T00:00:00.000Z;0,045
2020-09-05T00:00:00.000Z;0,044
2020-09-06T00:00:00.000Z;0,045
2020-09-07T00:00:00.000Z;0,045
2020-09-08T00:00:00.000Z;0,044
2020-09-09T00:00:00.000Z;0,044
2020-09-10T00:00:00.000Z;0,044
2020-09-11T00:00:00.000Z;0,043
2020-09-12T00:00:00.000Z;0,042
2020-09-13T00:00:00.000Z;0,041
2020-09-14T00:00:00.000Z;0,041
2020-09-15T00:00:00.000Z;0,041
2020-09-16T00:00:00.000Z;0,041
2020-09-17T00:00:00.000Z;0,041
2020-09-18T00:00:00.000Z;0,04
2020-09-19T00:00:00.000Z;0,041
2020-09-20T00:00:00.000Z;0,041
2020-09-21T00:00:00.000Z;0,05
2020-09-22T00:00:00.000Z;0,051
2020-09-23T00:00:00.000Z;0,05
2020-09-24T00:00:00.000Z;0,046
2020-09-25T00:00:00.000Z;0,116
2020-09-26T00:00:00.000Z;0,309
2020-09-27T00:00:00.000Z;0,462
2020-09-28T00:00:00.000Z;0,389
2020-10-27T00:00:00.000Z;0,555
2020-10-28T00:00:00.000Z;0,38
2020-10-29T00:00:00.000Z;0,321
2020-10-30T00:00:00.000Z;0,258
2020-10-31T00:00:00.000Z;0,204
2020-11-01T00:00:00.000Z;0,158
2020-11-02T00:00:00.000Z;0,119
2020-11-03T00:00:00.000Z;0,116
2020-11-04T00:00:00.000Z;0,317
2020-11-05T00:00:00.000Z;0,348
2020-11-06T00:00:00.000Z;0,24
2020-11-07T00:00:00.000Z;0,147
2020-11-08T00:00:00.000Z;0,121
2020-11-09T00:00:00.000Z;0,109
2020-11-10T00:00:00.000Z;0,196
2020-11-11T00:00:00.000Z;0,236
2020-11-12T00:00:00.000Z;0,162
2020-11-13T00:00:00.000Z;0,158
2020-11-14T00:00:00.000Z;0,163
2020-11-15T00:00:00.000Z;0,168
2020-11-16T00:00:00.000Z;0,175
2020-11-17T00:00:00.000Z;0,233
2020-11-18T00:00:00.000Z;0,276
2020-11-19T00:00:00.000Z;0,16
2020-11-20T00:00:00.000Z;0,312
2020-11-21T00:00:00.000Z;0,294
2020-11-22T00:00:00.000Z;0,177
2020-11-23T00:00:00.000Z;0,127
2020-11-24T00:00:00.000Z;0,109
2020-11-25T00:00:00.000Z;0,099
2020-11-26T00:00:00.000Z;0,093
2020-11-27T00:00:00.000Z;0,087
2020-11-28T00:00:00.000Z;0,085
2020-11-29T00:00:00.000Z;0,081
2020-11-30T00:00:00.000Z;0,077
2020-12-01T00:00:00.000Z;0,074
2020-12-02T00:00:00.000Z;0,073
2020-12-03T00:00:00.000Z;0,072
2020-12-04T00:00:00.000Z;0,086
2020-12-05T00:00:00.000Z;0,109
2020-12-06T00:00:00.000Z;0,23
2020-12-07T00:00:00.000Z;0,228
2020-12-08T00:00:00.000Z;0,27
2020-12-09T00:00:00.000Z;0,216
2020-12-10T00:00:00.000Z;0,291
2020-12-11T00:00:00.000Z;0,375
2020-12-12T00:00:00.000Z;0,73
2020-12-13T00:00:00.000Z;0,894
2020-12-14T00:00:00.000Z;0,49
2020-12-15T00:00:00.000Z;0,377
2020-12-16T00:00:00.000Z;0,343
2020-12-17T00:00:00.000Z;0,27
2020-12-18T00:00:00.000Z;0,148
2020-12-19T00:00:00.000Z;0,134
2020-12-20T00:00:00.000Z;0,168
2020-12-21T00:00:00.000Z;0,199
2020-12-22T00:00:00.000Z;0,28
2020-12-23T00:00:00.000Z;0,177
2020-12-24T00:00:00.000Z;0,219
2021-04-30T00:00:00.000Z;0,31
2021-05-01T00:00:00.000Z;0,675
2021-05-02T00:00:00.000Z;0,405
2021-05-03T00:00:00.000Z;0,333
2021-05-04T00:00:00.000Z;0,164
2021-05-05T00:00:00.000Z;0,131
2021-05-06T00:00:00.000Z;0,118
2021-05-07T00:00:00.000Z;0,109
2021-05-08T00:00:00.000Z;0,105
2021-05-09T00:00:00.000Z;0,101
2021-05-10T00:00:00.000Z;0,098
2021-05-11T00:00:00.000Z;0,275
2021-05-12T00:00:00.000Z;0,334
2021-05-13T00:00:00.000Z;0,281
2021-05-14T00:00:00.000Z;1,09
2021-05-15T00:00:00.000Z;0,39
2021-05-16T00:00:00.000Z;0,343
2021-05-17T00:00:00.000Z;0,368
2021-05-18T00:00:00.000Z;0,306
2021-05-19T00:00:00.000Z;0,173
2021-05-20T00:00:00.000Z;0,155
2021-05-21T00:00:00.000Z;0,14
2021-05-22T00:00:00.000Z;0,13
2021-05-23T00:00:00.000Z;0,122
2021-05-24T00:00:00.000Z;0,115
2021-05-25T00:00:00.000Z;0,109
2021-05-26T00:00:00.000Z;0,105
2021-05-27T00:00:00.000Z;0,101
2021-05-28T00:00:00.000Z;0,099
2021-05-29T00:00:00.000Z;0,093
2021-05-30T00:00:00.000Z;0,093
2021-05-31T00:00:00.000Z;0,087
2021-06-01T00:00:00.000Z;0,118
2021-06-02T00:00:00.000Z;0,126
2021-06-03T00:00:00.000Z;0,097
2021-06-04T00:00:00.000Z;0,118
2021-06-05T00:00:00.000Z;0,199
2021-06-06T00:00:00.000Z;0,14
2021-06-07T00:00:00.000Z;0,107
2021-06-08T00:00:00.000Z;0,094
2021-06-09T00:00:00.000Z;0,087
2021-06-10T00:00:00.000Z;0,081
2021-06-11T00:00:00.000Z;0,078
2021-06-12T00:00:00.000Z;0,073
2021-06-13T00:00:00.000Z;0,07
2021-06-14T00:00:00.000Z;0,066
2021-06-15T00:00:00.000Z;0,065
2021-06-16T00:00:00.000Z;0,065
2021-06-17T00:00:00.000Z;0,065
2021-06-18T00:00:00.000Z;0,063
2021-06-19T00:00:00.000Z;0,06
2021-06-20T00:00:00.000Z;0,06
2021-06-21T00:00:00.000Z;0,059
2021-06-22T00:00:00.000Z;0,059
2021-06-23T00:00:00.000Z;0,06
2021-06-24T00:00:00.000Z;0,06
2021-06-25T00:00:00.000Z;0,057
2021-06-26T00:00:00.000Z;0,055
2021-06-27T00:00:00.000Z;0,055
2021-06-28T00:00:00.000Z;0,057
2021-06-29T00:00:00.000Z;0,055
2021-06-30T00:00:00.000Z;0,054
2021-07-01T00:00:00.000Z;0,051
2021-07-02T00:00:00.000Z;0,05
2021-07-03T00:00:00.000Z;0,049
2021-07-04T00:00:00.000Z;0,05
2021-07-05T00:00:00.000Z;0,049
2021-07-06T00:00:00.000Z;0,048
2021-07-07T00:00:00.000Z;0,055
2021-07-08T00:00:00.000Z;0,089
2021-07-09T00:00:00.000Z;0,059
2021-07-10T00:00:00.000Z;0,054
2021-07-11T00:00:00.000Z;0,049
2021-07-12T00:00:00.000Z;0,05
2021-07-13T00:00:00.000Z;0,119
2021-07-14T00:00:00.000Z;0,095
2021-07-15T00:00:00.000Z;0,079
2021-07-16T00:00:00.000Z;0,076
2021-07-17T00:00:00.000Z;0,058
2021-07-18T00:00:00.000Z;0,052
2021-07-19T00:00:00.000Z;0,049
2021-07-20T00:00:00.000Z;0,046
2021-07-21T00:00:00.000Z;0,044
2021-07-22T00:00:00.000Z;0,042
2021-07-23T00:00:00.000Z;0,041
2021-07-24T00:00:00.000Z;0,043
2021-07-25T00:00:00.000Z;0,041
2021-07-26T00:00:00.000Z;0,042
2021-07-27T00:00:00.000Z;0,043
2021-07-28T00:00:00.000Z;0,056
2021-07-29T00:00:00.000Z;0,052
2021-07-30T00:00:00.000Z;0,049
2021-07-31T00:00:00.000Z;0,108
2021-08-01T00:00:00.000Z;0,307
2021-08-02T00:00:00.000Z;0,2
2021-08-03T00:00:00.000Z;0,077
2021-08-04T00:00:00.000Z;0,139
2021-08-05T00:00:00.000Z;0,136
2021-08-06T00:00:00.000Z;0,081
2021-08-07T00:00:00.000Z;0,107
2021-08-08T00:00:00.000Z;0,133
2021-08-09T00:00:00.000Z;0,082
2021-08-10T00:00:00.000Z;0,065
2021-08-11T00:00:00.000Z;0,058
2021-08-12T00:00:00.000Z;0,053
2021-08-13T00:00:00.000Z;0,05
2021-08-14T00:00:00.000Z;0,047
2021-08-15T00:00:00.000Z;0,047
2021-08-16T00:00:00.000Z;0,049
2021-08-17T00:00:00.000Z;0,054
2021-08-18T00:00:00.000Z;0,06
2021-08-19T00:00:00.000Z;0,056
2021-08-20T00:00:00.000Z;0,05
2021-08-21T00:00:00.000Z;0,046
2021-08-22T00:00:00.000Z;0,045
2021-08-23T00:00:00.000Z;0,043
2021-08-24T00:00:00.000Z;0,043
2021-08-25T00:00:00.000Z;0,041
2021-08-26T00:00:00.000Z;0,04
2021-08-27T00:00:00.000Z;0,038
2021-08-28T00:00:00.000Z;0,038
2021-08-29T00:00:00.000Z;0,037
2021-08-30T00:00:00.000Z;0,036
2021-08-31T00:00:00.000Z;0,035
2021-09-01T00:00:00.000Z;0,038
2021-09-02T00:00:00.000Z;0,04
2021-09-03T00:00:00.000Z;0,06
2021-09-04T00:00:00.000Z;0,095
2021-09-05T00:00:00.000Z;0,049
2021-09-06T00:00:00.000Z;0,04
2021-09-07T00:00:00.000Z;0,038
2021-09-08T00:00:00.000Z;0,037
2021-09-09T00:00:00.000Z;0,042
2021-09-10T00:00:00.000Z;0,202
2021-09-11T00:00:00.000Z;0,6
2021-09-12T00:00:00.000Z;0,272
2021-09-13T00:00:00.000Z;0,089
2021-09-14T00:00:00.000Z;0,072
2021-09-15T00:00:00.000Z;0,063
2021-09-16T00:00:00.000Z;0,11
2021-09-17T00:00:00.000Z;0,082
2021-09-18T00:00:00.000Z;0,133
2021-09-19T00:00:00.000Z;0,24
2021-09-20T00:00:00.000Z;0,099
2021-09-21T00:00:00.000Z;0,153
2021-09-22T00:00:00.000Z;0,202
2021-09-23T00:00:00.000Z;0,102
2021-09-24T00:00:00.000Z;0,082
2021-09-25T00:00:00.000Z;0,073
2021-09-26T00:00:00.000Z;0,066
2021-09-27T00:00:00.000Z;0,061
2021-09-28T00:00:00.000Z;0,059
2021-09-29T00:00:00.000Z;0,056
2021-09-30T00:00:00.000Z;0,054
2021-10-01T00:00:00.000Z;0,053
2021-10-02T00:00:00.000Z;0,051
2021-10-03T00:00:00.000Z;0,347
2021-10-04T00:00:00.000Z;0,688
2021-10-05T00:00:00.000Z;0,307
2021-10-06T00:00:00.000Z;0,439
2021-10-07T00:00:00.000Z;0,299
2021-10-08T00:00:00.000Z;0,155
2021-10-09T00:00:00.000Z;0,098
2021-10-10T00:00:00.000Z;0,088
2021-10-11T00:00:00.000Z;0,081
2021-10-12T00:00:00.000Z;0,077
2021-10-13T00:00:00.000Z;0,073
2021-10-14T00:00:00.000Z;0,068
2021-10-15T00:00:00.000Z;0,065
2021-10-16T00:00:00.000Z;0,063
2021-10-17T00:00:00.000Z;0,06
2021-10-18T00:00:00.000Z;0,057
2021-10-19T00:00:00.000Z;0,056
2021-10-20T00:00:00.000Z;0,054
2021-10-21T00:00:00.000Z;0,057
2021-10-22T00:00:00.000Z;0,061
2021-10-23T00:00:00.000Z;0,062
2021-10-24T00:00:00.000Z;0,058
2021-10-25T00:00:00.000Z;0,054
2021-10-26T00:00:00.000Z;0,051
2021-10-27T00:00:00.000Z;0,049
2021-10-28T00:00:00.000Z;0,048
2021-10-29T00:00:00.000Z;0,047
2021-10-30T00:00:00.000Z;0,049
2021-10-31T00:00:00.000Z;0,052
2021-11-01T00:00:00.000Z;0,302
2021-11-02T00:00:00.000Z;0,291
2021-11-03T00:00:00.000Z;0,293
2021-11-04T00:00:00.000Z;0,295
2021-11-05T00:00:00.000Z;0,371
2021-11-06T00:00:00.000Z;0,317
2021-11-07T00:00:00.000Z;0,192
2021-11-08T00:00:00.000Z;0,225
2021-11-09T00:00:00.000Z;0,223
2021-11-10T00:00:00.000Z;0,121
2021-11-11T00:00:00.000Z;0,1
2021-11-12T00:00:00.000Z;0,089
2021-11-13T00:00:00.000Z;0,083
2021-11-14T00:00:00.000Z;0,831
2021-11-15T00:00:00.000Z;1,18
2021-11-16T00:00:00.000Z;0,382
2021-11-17T00:00:00.000Z;0,303
2021-11-18T00:00:00.000Z;0,255
2021-11-19T00:00:00.000Z;0,153
2021-11-20T00:00:00.000Z;0,122
2021-11-21T00:00:00.000Z;0,107
2021-11-22T00:00:00.000Z;0,11
2021-11-23T00:00:00.000Z;0,101
2021-11-24T00:00:00.000Z;0,095
2021-11-25T00:00:00.000Z;0,105
2021-11-26T00:00:00.000Z;0,25
2021-11-27T00:00:00.000Z;0,396
2021-11-28T00:00:00.000Z;0,33
2021-11-29T00:00:00.000Z;0,233
2021-11-30T00:00:00.000Z;0,311
2021-12-01T00:00:00.000Z;0,298
2021-12-02T00:00:00.000Z;0,414
2021-12-03T00:00:00.000Z;0,366
2021-12-04T00:00:00.000Z;0,424
2021-12-05T00:00:00.000Z;0,726
2021-12-06T00:00:00.000Z;0,723
2021-12-07T00:00:00.000Z;0,832
2021-12-08T00:00:00.000Z;1,56
2021-12-12T00:00:00.000Z;0,887
2021-12-13T00:00:00.000Z;0,473
2021-12-14T00:00:00.000Z;0,398
2021-12-15T00:00:00.000Z;0,372
2021-12-16T00:00:00.000Z;0,354
2021-12-17T00:00:00.000Z;0,327
2021-12-18T00:00:00.000Z;0,254
2021-12-19T00:00:00.000Z;0,183
2021-12-20T00:00:00.000Z;0,151
2021-12-21T00:00:00.000Z;0,141
2021-12-22T00:00:00.000Z;0,189
2021-12-23T00:00:00.000Z;0,229
2021-12-24T00:00:00.000Z;0,218
2021-12-25T00:00:00.000Z;0,212
2021-12-26T00:00:00.000Z;0,167
2021-12-27T00:00:00.000Z;0,258
2021-12-28T00:00:00.000Z;0,465
2021-12-29T00:00:00.000Z;0,927
2021-12-30T00:00:00.000Z;0,572
2021-12-31T00:00:00.000Z;0,338
2022-01-01T00:00:00.000Z;0,302
2022-01-02T00:00:00.000Z;0,177
2022-01-03T00:00:00.000Z;0,16
2022-01-04T00:00:00.000Z;0,161
2022-01-05T00:00:00.000Z;0,627
2022-01-06T00:00:00.000Z;0,4
2022-01-07T00:00:00.000Z;0,324
2022-01-08T00:00:00.000Z;0,289
2022-01-12T00:00:00.000Z;0,503
2022-01-13T00:00:00.000Z;0,38
2022-01-14T00:00:00.000Z;0,269
2022-01-15T00:00:00.000Z;0,157
2022-01-16T00:00:00.000Z;0,134
2022-01-17T00:00:00.000Z;0,122
2022-01-18T00:00:00.000Z;0,113
2022-01-19T00:00:00.000Z;0,106
2022-01-20T00:00:00.000Z;0,108
2022-01-21T00:00:00.000Z;0,131
2022-01-22T00:00:00.000Z;0,115
2022-01-23T00:00:00.000Z;0,109
2022-01-24T00:00:00.000Z;0,104
2022-01-25T00:00:00.000Z;0,099
2022-01-26T00:00:00.000Z;0,095
2022-01-27T00:00:00.000Z;0,091
2022-01-28T00:00:00.000Z;0,088
2022-01-29T00:00:00.000Z;0,085
2022-01-30T00:00:00.000Z;0,084
2022-01-31T00:00:00.000Z;0,083
2022-02-01T00:00:00.000Z;0,083
2022-02-02T00:00:00.000Z;0,084
2022-02-03T00:00:00.000Z;0,095
2022-02-04T00:00:00.000Z;0,099
2022-02-05T00:00:00.000Z;0,247
2022-02-06T00:00:00.000Z;0,23
2022-02-07T00:00:00.000Z;0,134
2022-02-08T00:00:00.000Z;0,141
2022-02-09T00:00:00.000Z;0,131
2022-02-10T00:00:00.000Z;0,122
2022-02-11T00:00:00.000Z;0,117
2022-02-12T00:00:00.000Z;0,124
2022-02-13T00:00:00.000Z;0,128
2022-02-14T00:00:00.000Z;0,23
2022-02-15T00:00:00.000Z;0,414
2022-02-16T00:00:00.000Z;0,408
2022-02-17T00:00:00.000Z;0,575
2022-02-18T00:00:00.000Z;0,389
2022-02-19T00:00:00.000Z;0,537
2022-02-20T00:00:00.000Z;0,438
2022-02-21T00:00:00.000Z;0,376
2022-02-22T00:00:00.000Z;0,273
2022-02-23T00:00:00.000Z;0,176
2022-02-24T00:00:00.000Z;0,156
2022-02-25T00:00:00.000Z;0,172
2022-02-26T00:00:00.000Z;0,171
2022-02-27T00:00:00.000Z;0,148
2022-02-28T00:00:00.000Z;0,134
2022-03-01T00:00:00.000Z;0,141
2022-03-02T00:00:00.000Z;0,143
2022-03-03T00:00:00.000Z;0,166
2022-03-04T00:00:00.000Z;0,8
2022-03-05T00:00:00.000Z;0,452
2022-03-06T00:00:00.000Z;0,356
2022-03-07T00:00:00.000Z;0,231
2022-03-08T00:00:00.000Z;0,172
2022-03-09T00:00:00.000Z;0,164
2022-03-10T00:00:00.000Z;0,161
2022-03-11T00:00:00.000Z;0,154
2022-03-12T00:00:00.000Z;0,39
2022-03-13T00:00:00.000Z;0,42
2022-03-14T00:00:00.000Z;0,397
2022-03-15T00:00:00.000Z;0,301
2022-03-16T00:00:00.000Z;0,226
2022-03-17T00:00:00.000Z;0,853
2022-03-18T00:00:00.000Z;1,26
2022-03-19T00:00:00.000Z;0,46
2022-03-20T00:00:00.000Z;0,402
2022-03-21T00:00:00.000Z;0,286
2022-03-22T00:00:00.000Z;0,203
2022-03-23T00:00:00.000Z;0,184
2022-03-24T00:00:00.000Z;0,17
2022-03-25T00:00:00.000Z;0,16
2022-03-26T00:00:00.000Z;0,154
2022-03-27T00:00:00.000Z;0,145
2022-03-28T00:00:00.000Z;0,139
2022-03-29T00:00:00.000Z;0,137
2022-03-30T00:00:00.000Z;0,243
2022-03-31T00:00:00.000Z;1,13
2022-04-01T00:00:00.000Z;0,644
2022-04-02T00:00:00.000Z;0,42
2022-04-03T00:00:00.000Z;0,335
2022-04-04T00:00:00.000Z;0,229
2022-04-05T00:00:00.000Z;0,234
2022-04-06T00:00:00.000Z;0,267
2022-04-07T00:00:00.000Z;0,347
2022-04-08T00:00:00.000Z;0,397
2022-04-09T00:00:00.000Z;0,415
2022-04-10T00:00:00.000Z;0,396
2022-04-11T00:00:00.000Z;0,309
2022-04-12T00:00:00.000Z;0,204
2022-04-13T00:00:00.000Z;0,193
2022-04-14T00:00:00.000Z;0,186
2022-04-15T00:00:00.000Z;0,172
2022-04-16T00:00:00.000Z;0,162
2022-04-17T00:00:00.000Z;0,154
2022-04-18T00:00:00.000Z;0,149
2022-04-19T00:00:00.000Z;0,155
2022-04-20T00:00:00.000Z;0,479
2022-04-21T00:00:00.000Z;0,511
2022-04-22T00:00:00.000Z;0,405
2022-04-23T00:00:00.000Z;0,316
2022-04-24T00:00:00.000Z;0,875
2022-04-25T00:00:00.000Z;0,459
2022-04-26T00:00:00.000Z;0,388
2022-04-27T00:00:00.000Z;0,23
2022-04-28T00:00:00.000Z;0,186
2022-04-29T00:00:00.000Z;0,18
2022-04-30T00:00:00.000Z;0,176
2022-05-01T00:00:00.000Z;0,174
2022-05-02T00:00:00.000Z;0,172
2022-05-03T00:00:00.000Z;0,395
2022-05-05T00:00:00.000Z;0,893
2022-05-06T00:00:00.000Z;0,42
2022-05-07T00:00:00.000Z;0,358
2022-05-08T00:00:00.000Z;0,199
2022-05-09T00:00:00.000Z;0,174
2022-05-10T00:00:00.000Z;0,16
2022-05-11T00:00:00.000Z;0,15
2022-05-12T00:00:00.000Z;0,143
2022-05-13T00:00:00.000Z;0,137
2022-05-14T00:00:00.000Z;0,131
2022-05-15T00:00:00.000Z;0,125
2022-05-16T00:00:00.000Z;0,119
2022-05-17T00:00:00.000Z;0,113
2022-05-18T00:00:00.000Z;0,109
2022-05-19T00:00:00.000Z;0,105
2022-05-20T00:00:00.000Z;0,1
2022-05-21T00:00:00.000Z;0,096
2022-05-22T00:00:00.000Z;0,093
2022-05-23T00:00:00.000Z;0,092
2022-05-24T00:00:00.000Z;0,093
2022-05-25T00:00:00.000Z;0,204
2022-05-26T00:00:00.000Z;0,124
2022-05-27T00:00:00.000Z;0,105
2022-05-28T00:00:00.000Z;0,093
2022-05-29T00:00:00.000Z;0,088
2022-05-30T00:00:00.000Z;0,084
2022-05-31T00:00:00.000Z;0,081
2022-06-01T00:00:00.000Z;0,078
2022-06-02T00:00:00.000Z;0,074
2022-06-03T00:00:00.000Z;0,071
2022-06-04T00:00:00.000Z;0,069
2022-06-05T00:00:00.000Z;0,069
2022-06-06T00:00:00.000Z;0,067
2022-06-07T00:00:00.000Z;0,067
2022-06-08T00:00:00.000Z;0,064
2022-06-09T00:00:00.000Z;0,077
2022-06-10T00:00:00.000Z;0,075
2022-06-11T00:00:00.000Z;0,066
2022-06-12T00:00:00.000Z;0,061
2022-06-13T00:00:00.000Z;0,058
2022-06-14T00:00:00.000Z;0,055
2022-06-15T00:00:00.000Z;0,052
2022-06-16T00:00:00.000Z;0,05
2022-06-17T00:00:00.000Z;0,049
2022-06-18T00:00:00.000Z;0,048
2022-06-19T00:00:00.000Z;0,047
2022-06-20T00:00:00.000Z;0,047
2022-06-21T00:00:00.000Z;0,047
2022-06-22T00:00:00.000Z;0,047
2022-06-23T00:00:00.000Z;0,046
2022-06-24T00:00:00.000Z;0,045
2022-06-25T00:00:00.000Z;0,045
2022-06-26T00:00:00.000Z;0,049
2022-06-27T00:00:00.000Z;0,206
2022-06-28T00:00:00.000Z;0,207
2022-06-29T00:00:00.000Z;0,071
2022-06-30T00:00:00.000Z;0,246
2022-07-01T00:00:00.000Z;0,338
2022-07-02T00:00:00.000Z;0,14
2022-07-03T00:00:00.000Z;0,074
2022-07-04T00:00:00.000Z;0,066
2022-07-05T00:00:00.000Z;0,06
2022-07-06T00:00:00.000Z;0,055
2022-07-07T00:00:00.000Z;0,05
2022-07-08T00:00:00.000Z;0,048
2022-07-09T00:00:00.000Z;0,047
2022-07-10T00:00:00.000Z;0,045
2022-07-11T00:00:00.000Z;0,043
2022-07-12T00:00:00.000Z;0,042
2022-07-13T00:00:00.000Z;0,04
2022-07-14T00:00:00.000Z;0,039
2022-07-15T00:00:00.000Z;0,037
2022-07-16T00:00:00.000Z;0,036
2022-07-17T00:00:00.000Z;0,035
2022-07-18T00:00:00.000Z;0,034
2022-07-19T00:00:00.000Z;0,035
2022-07-20T00:00:00.000Z;0,034
2022-07-21T00:00:00.000Z;0,033
2022-07-22T00:00:00.000Z;0,033
2022-07-23T00:00:00.000Z;0,033
2022-07-24T00:00:00.000Z;0,032
2022-07-25T00:00:00.000Z;0,032
2022-07-26T00:00:00.000Z;0,034
2022-07-27T00:00:00.000Z;0,033
2022-07-28T00:00:00.000Z;0,032
2022-07-29T00:00:00.000Z;0,034
2022-07-30T00:00:00.000Z;0,032
2022-07-31T00:00:00.000Z;0,031
2022-08-01T00:00:00.000Z;0,029
2022-08-02T00:00:00.000Z;0,029
2022-08-03T00:00:00.000Z;0,028
2022-08-04T00:00:00.000Z;0,027
2022-08-05T00:00:00.000Z;0,028
2022-08-06T00:00:00.000Z;0,029
2022-08-07T00:00:00.000Z;0,028
2022-08-08T00:00:00.000Z;0,028
2022-08-09T00:00:00.000Z;0,026
2022-08-10T00:00:00.000Z;0,025
2022-08-11T00:00:00.000Z;0,024
2022-08-12T00:00:00.000Z;0,024
2022-08-13T00:00:00.000Z;0,024
2022-08-14T00:00:00.000Z;0,025
2022-08-15T00:00:00.000Z;0,025
2022-08-16T00:00:00.000Z;0,025
2022-08-17T00:00:00.000Z;0,029
2022-08-18T00:00:00.000Z;0,03
2022-08-19T00:00:00.000Z;0,029
2022-08-20T00:00:00.000Z;0,028
2022-08-21T00:00:00.000Z;0,027
2022-08-22T00:00:00.000Z;0,028
2022-08-23T00:00:00.000Z;0,028
2022-08-24T00:00:00.000Z;0,027
2022-08-25T00:00:00.000Z;0,026
2022-08-26T00:00:00.000Z;0,079
2022-08-27T00:00:00.000Z;0,04
2022-08-28T00:00:00.000Z;0,028
2022-08-29T00:00:00.000Z;0,051
2022-08-30T00:00:00.000Z;0,183
2022-08-31T00:00:00.000Z;0,04
2022-09-01T00:00:00.000Z;0,032
2022-09-02T00:00:00.000Z;0,034
2022-09-03T00:00:00.000Z;0,186
2022-09-04T00:00:00.000Z;0,061
2022-09-05T00:00:00.000Z;0,037
2022-09-06T00:00:00.000Z;0,031
2022-09-07T00:00:00.000Z;0,029
2022-09-08T00:00:00.000Z;0,028
2022-09-09T00:00:00.000Z;0,026
2022-09-10T00:00:00.000Z;0,026
2022-09-11T00:00:00.000Z;0,025
2022-09-12T00:00:00.000Z;0,024
2022-09-13T00:00:00.000Z;0,024
2022-09-14T00:00:00.000Z;0,025
2022-09-15T00:00:00.000Z;0,025
2022-09-16T00:00:00.000Z;0,025
2022-09-17T00:00:00.000Z;0,025
2022-09-18T00:00:00.000Z;0,026
2022-09-19T00:00:00.000Z;0,026
2022-09-20T00:00:00.000Z;0,025
2022-09-21T00:00:00.000Z;0,026
2022-09-22T00:00:00.000Z;0,026
2022-09-23T00:00:00.000Z;0,026
2022-09-24T00:00:00.000Z;0,027
2022-09-25T00:00:00.000Z;0,027
2022-09-26T00:00:00.000Z;0,027
2022-09-27T00:00:00.000Z;0,032
2022-09-28T00:00:00.000Z;0,09
2022-09-29T00:00:00.000Z;0,122
2022-09-30T00:00:00.000Z;0,419
2022-10-01T00:00:00.000Z;0,224
2022-10-02T00:00:00.000Z;0,055
2022-10-03T00:00:00.000Z;0,041
2022-10-04T00:00:00.000Z;0,036
2022-10-05T00:00:00.000Z;0,033
2022-10-06T00:00:00.000Z;0,031
2022-10-07T00:00:00.000Z;0,031
2022-10-08T00:00:00.000Z;0,03
2022-10-09T00:00:00.000Z;0,029
2022-10-10T00:00:00.000Z;0,029
2022-10-11T00:00:00.000Z;0,029
2022-10-12T00:00:00.000Z;0,035
2022-10-13T00:00:00.000Z;0,034
2022-10-14T00:00:00.000Z;0,032
2022-10-15T00:00:00.000Z;0,031
2022-10-16T00:00:00.000Z;0,03
2022-10-17T00:00:00.000Z;0,029
2022-10-18T00:00:00.000Z;0,028
2022-10-19T00:00:00.000Z;0,028
2022-10-20T00:00:00.000Z;0,032
2022-10-21T00:00:00.000Z;0,038
2022-10-22T00:00:00.000Z;0,041
2022-10-23T00:00:00.000Z;0,04
2022-10-24T00:00:00.000Z;0,043
2022-10-25T00:00:00.000Z;0,043
2022-10-26T00:00:00.000Z;0,045
2022-10-27T00:00:00.000Z;0,047
2022-10-28T00:00:00.000Z;0,047
2022-10-29T00:00:00.000Z;0,045
2022-10-30T00:00:00.000Z;0,045
2022-10-31T00:00:00.000Z;0,039
2022-11-01T00:00:00.000Z;0,027
2022-11-02T00:00:00.000Z;0,026
2022-11-03T00:00:00.000Z;0,03
2022-11-04T00:00:00.000Z;0,046
2022-11-05T00:00:00.000Z;0,053
2022-11-06T00:00:00.000Z;0,038
2022-11-07T00:00:00.000Z;0,034
2022-11-08T00:00:00.000Z;0,033
2022-11-09T00:00:00.000Z;0,035
2022-11-10T00:00:00.000Z;0,08
2022-11-11T00:00:00.000Z;0,045
2022-11-12T00:00:00.000Z;0,033
2022-11-13T00:00:00.000Z;0,03
2022-11-14T00:00:00.000Z;0,03
2022-11-15T00:00:00.000Z;0,03
2022-11-16T00:00:00.000Z;0,032
2022-11-17T00:00:00.000Z;0,035
2022-11-18T00:00:00.000Z;0,059
2022-11-19T00:00:00.000Z;0,213
2022-11-20T00:00:00.000Z;0,209
2022-11-21T00:00:00.000Z;0,714
2022-11-22T00:00:00.000Z;1,1
2022-11-24T00:00:00.000Z;0,442
2022-11-25T00:00:00.000Z;0,457
2022-11-26T00:00:00.000Z;0,456
2022-11-27T00:00:00.000Z;0,324
2022-11-28T00:00:00.000Z;0,439
2022-11-29T00:00:00.000Z;1,08
2022-11-30T00:00:00.000Z;0,447
2022-12-01T00:00:00.000Z;0,347
2022-12-02T00:00:00.000Z;0,159
2022-12-03T00:00:00.000Z;0,119
2022-12-04T00:00:00.000Z;0,103
2022-12-05T00:00:00.000Z;0,092
2022-12-06T00:00:00.000Z;0,086
2022-12-07T00:00:00.000Z;0,083
2022-12-08T00:00:00.000Z;0,081
2022-12-09T00:00:00.000Z;0,08
2022-12-10T00:00:00.000Z;0,323
2022-12-11T00:00:00.000Z;0,285
2022-12-12T00:00:00.000Z;0,13
2022-12-13T00:00:00.000Z;0,168
2022-12-14T00:00:00.000Z;0,153
2022-12-15T00:00:00.000Z;0,143
2022-12-16T00:00:00.000Z;0,329
2022-12-17T00:00:00.000Z;0,485
2022-12-18T00:00:00.000Z;0,353
2022-12-19T00:00:00.000Z;0,204
2022-12-20T00:00:00.000Z;0,119
2022-12-21T00:00:00.000Z;0,109
2022-12-22T00:00:00.000Z;0,102
2022-12-23T00:00:00.000Z;0,096
2022-12-24T00:00:00.000Z;0,091
2022-12-25T00:00:00.000Z;0,087
2022-12-26T00:00:00.000Z;0,082
2022-12-27T00:00:00.000Z;0,076
2022-12-28T00:00:00.000Z;0,076
2022-12-29T00:00:00.000Z;0,075
2022-12-30T00:00:00.000Z;0,073
2022-12-31T00:00:00.000Z;0,072
2023-01-01T00:00:00.000Z;0,07
2023-01-02T00:00:00.000Z;0,068
2023-01-03T00:00:00.000Z;0,068
2023-01-04T00:00:00.000Z;0,068
2023-01-05T00:00:00.000Z;0,067
2023-01-06T00:00:00.000Z;0,066
2023-01-07T00:00:00.000Z;0,065
2023-01-08T00:00:00.000Z;0,067
2023-01-09T00:00:00.000Z;0,582
2023-01-10T00:00:00.000Z;0,398
2023-01-11T00:00:00.000Z;0,323
2023-01-12T00:00:00.000Z;0,252
2023-01-13T00:00:00.000Z;0,16
2023-01-14T00:00:00.000Z;0,129
2023-01-15T00:00:00.000Z;0,199
2023-01-16T00:00:00.000Z;1,12
2023-01-17T00:00:00.000Z;1,97
2023-01-18T00:00:00.000Z;0,515
2023-01-19T00:00:00.000Z;0,383
2023-01-20T00:00:00.000Z;0,82
2023-01-21T00:00:00.000Z;0,41
2023-01-22T00:00:00.000Z;0,323
2023-01-23T00:00:00.000Z;0,152
2023-01-24T00:00:00.000Z;0,127
2023-01-25T00:00:00.000Z;0,111
2023-01-26T00:00:00.000Z;0,105
2023-01-27T00:00:00.000Z;0,099
2023-01-28T00:00:00.000Z;0,094
2023-01-29T00:00:00.000Z;0,088
2023-01-30T00:00:00.000Z;0,084
2023-01-31T00:00:00.000Z;0,08
2023-02-01T00:00:00.000Z;0,08
2023-02-02T00:00:00.000Z;0,086
2023-02-03T00:00:00.000Z;0,088
2023-02-04T00:00:00.000Z;0,089
2023-02-05T00:00:00.000Z;0,089
2023-02-06T00:00:00.000Z;0,089
2023-02-07T00:00:00.000Z;0,092
2023-02-08T00:00:00.000Z;0,095
2023-02-09T00:00:00.000Z;0,093
2023-02-10T00:00:00.000Z;0,09
2023-02-11T00:00:00.000Z;0,086
2023-02-12T00:00:00.000Z;0,085
2023-02-13T00:00:00.000Z;0,083
2023-02-14T00:00:00.000Z;0,086
2023-02-15T00:00:00.000Z;0,105
2023-02-16T00:00:00.000Z;0,114
2023-02-17T00:00:00.000Z;0,107
2023-02-18T00:00:00.000Z;0,135
2023-02-19T00:00:00.000Z;0,18
2023-02-20T00:00:00.000Z;0,184
2023-02-21T00:00:00.000Z;0,197
2023-02-22T00:00:00.000Z;0,166
2023-02-23T00:00:00.000Z;0,155
2023-02-24T00:00:00.000Z;0,124
2023-02-25T00:00:00.000Z;0,113
2023-02-26T00:00:00.000Z;0,104
2023-02-27T00:00:00.000Z;0,094
2023-02-28T00:00:00.000Z;0,087
2023-03-01T00:00:00.000Z;0,082
2023-03-02T00:00:00.000Z;0,08
2023-03-03T00:00:00.000Z;0,078
2023-03-04T00:00:00.000Z;0,077
2023-03-05T00:00:00.000Z;0,081
2023-03-06T00:00:00.000Z;0,083
2023-03-07T00:00:00.000Z;0,084
2023-03-08T00:00:00.000Z;0,172
2023-03-09T00:00:00.000Z;0,293
2023-03-10T00:00:00.000Z;0,261
2023-03-11T00:00:00.000Z;0,28
2023-03-12T00:00:00.000Z;0,325
2023-03-13T00:00:00.000Z;0,38
2023-03-14T00:00:00.000Z;0,786
2023-03-15T00:00:00.000Z;0,376
2023-03-16T00:00:00.000Z;0,256
2023-03-17T00:00:00.000Z;0,141
2023-03-18T00:00:00.000Z;0,124
2023-03-19T00:00:00.000Z;0,115
2023-03-20T00:00:00.000Z;0,106
2023-03-21T00:00:00.000Z;0,1
2023-03-22T00:00:00.000Z;0,093
2023-03-23T00:00:00.000Z;0,087
2023-03-24T00:00:00.000Z;0,084
2023-03-25T00:00:00.000Z;0,078
2023-03-26T00:00:00.000Z;0,078
2023-03-27T00:00:00.000Z;0,289
2023-03-28T00:00:00.000Z;0,318
2023-03-29T00:00:00.000Z;0,141
2023-03-30T00:00:00.000Z;0,112
2023-03-31T00:00:00.000Z;0,101
2023-04-01T00:00:00.000Z;0,1
2023-04-04T00:00:00.000Z;0,489
2023-04-05T00:00:00.000Z;0,367
2023-04-06T00:00:00.000Z;0,324
2023-04-07T00:00:00.000Z;0,255
2023-04-08T00:00:00.000Z;0,219
2023-04-09T00:00:00.000Z;0,177
2023-04-10T00:00:00.000Z;0,15
2023-04-11T00:00:00.000Z;0,134
2023-04-12T00:00:00.000Z;0,156
2023-04-13T00:00:00.000Z;0,36
2023-04-14T00:00:00.000Z;0,379
2023-04-15T00:00:00.000Z;0,505
2023-04-16T00:00:00.000Z;0,442
2023-04-17T00:00:00.000Z;0,363
2023-04-18T00:00:00.000Z;0,183
2023-04-19T00:00:00.000Z;0,153
2023-04-20T00:00:00.000Z;0,138
2023-04-21T00:00:00.000Z;0,13
2023-04-22T00:00:00.000Z;0,125
2023-04-23T00:00:00.000Z;0,123
2023-04-24T00:00:00.000Z;0,128
2023-04-25T00:00:00.000Z;0,257
2023-04-26T00:00:00.000Z;0,338
2023-04-27T00:00:00.000Z;0,181
2023-04-28T00:00:00.000Z;0,151
2023-04-29T00:00:00.000Z;0,139
2023-04-30T00:00:00.000Z;0,731
2023-05-01T00:00:00.000Z;0,41
2023-05-02T00:00:00.000Z;0,328
2023-05-03T00:00:00.000Z;0,159
2023-05-04T00:00:00.000Z;0,136
2023-05-05T00:00:00.000Z;0,131
2023-05-06T00:00:00.000Z;0,126
2023-05-07T00:00:00.000Z;0,155
2023-05-08T00:00:00.000Z;0,369
2023-05-09T00:00:00.000Z;0,332
2023-05-10T00:00:00.000Z;0,498
2023-05-11T00:00:00.000Z;0,351
2023-05-12T00:00:00.000Z;0,238
2023-05-13T00:00:00.000Z;0,392
2023-05-14T00:00:00.000Z;0,631
2023-05-15T00:00:00.000Z;1,03
2023-05-16T00:00:00.000Z;1,74
2023-05-17T00:00:00.000Z;0,563
2023-05-18T00:00:00.000Z;0,397
2023-05-19T00:00:00.000Z;0,278
2023-05-20T00:00:00.000Z;0,227
2023-05-21T00:00:00.000Z;0,18
2023-05-22T00:00:00.000Z;0,157
2023-05-23T00:00:00.000Z;0,146
2023-05-26T00:00:00.000Z;0,739
2023-05-27T00:00:00.000Z;0,439
2023-05-28T00:00:00.000Z;0,351
2023-05-29T00:00:00.000Z;0,234
2023-05-30T00:00:00.000Z;0,329
2023-05-31T00:00:00.000Z;0,232
2023-06-01T00:00:00.000Z;0,37
2023-06-02T00:00:00.000Z;0,56
2023-06-03T00:00:00.000Z;0,502
2023-06-04T00:00:00.000Z;0,375
2023-06-05T00:00:00.000Z;0,266
2023-06-06T00:00:00.000Z;0,163
2023-06-07T00:00:00.000Z;0,201
2023-06-08T00:00:00.000Z;0,358
2023-06-09T00:00:00.000Z;0,222
2023-06-10T00:00:00.000Z;0,228
2023-06-11T00:00:00.000Z;0,419
2023-06-12T00:00:00.000Z;0,453
2023-06-13T00:00:00.000Z;1,29
2023-06-14T00:00:00.000Z;1,33
2023-06-15T00:00:00.000Z;0,489
2023-06-16T00:00:00.000Z;0,387
2023-06-17T00:00:00.000Z;0,229
2023-06-18T00:00:00.000Z;0,217
2023-06-19T00:00:00.000Z;0,176
2023-06-20T00:00:00.000Z;0,162
2023-06-21T00:00:00.000Z;0,153
2023-06-22T00:00:00.000Z;0,152
2023-06-23T00:00:00.000Z;0,146
2023-06-24T00:00:00.000Z;0,144
2023-06-25T00:00:00.000Z;0,143
2023-06-26T00:00:00.000Z;0,141
2023-06-27T00:00:00.000Z;0,138
2023-06-28T00:00:00.000Z;0,134
2023-06-29T00:00:00.000Z;0,133
2023-06-30T00:00:00.000Z;0,177
2023-07-01T00:00:00.000Z;0,247
2023-07-02T00:00:00.000Z;0,226
2023-07-03T00:00:00.000Z;0,159
2023-07-04T00:00:00.000Z;0,152
2023-07-05T00:00:00.000Z;0,15
2023-07-06T00:00:00.000Z;0,147
2023-07-07T00:00:00.000Z;0,143
2023-07-08T00:00:00.000Z;0,14
2023-07-09T00:00:00.000Z;0,136
2023-07-10T00:00:00.000Z;0,134
2023-07-11T00:00:00.000Z;0,134
2023-07-12T00:00:00.000Z;0,135
2023-07-13T00:00:00.000Z;0,139
2023-07-14T00:00:00.000Z;0,136
2023-07-15T00:00:00.000Z;0,129
2023-07-16T00:00:00.000Z;0,126
2023-07-17T00:00:00.000Z;0,121
2023-07-18T00:00:00.000Z;0,115
2023-07-19T00:00:00.000Z;0,114
2023-07-20T00:00:00.000Z;0,11
2023-07-21T00:00:00.000Z;0,112
2023-07-22T00:00:00.000Z;0,109
2023-07-23T00:00:00.000Z;0,106
2023-07-24T00:00:00.000Z;0,106
2023-07-25T00:00:00.000Z;0,128
2023-07-26T00:00:00.000Z;0,14
2023-07-27T00:00:00.000Z;0,154
2023-07-28T00:00:00.000Z;0,382
2023-07-29T00:00:00.000Z;0,194
2023-07-30T00:00:00.000Z;0,422
2023-07-31T00:00:00.000Z;0,402
2023-08-01T00:00:00.000Z;0,228
2023-08-02T00:00:00.000Z;0,148
2023-08-03T00:00:00.000Z;0,273
2023-08-04T00:00:00.000Z;0,329
2023-08-05T00:00:00.000Z;0,409
2023-08-06T00:00:00.000Z;0,272
2023-08-07T00:00:00.000Z;0,153
2023-08-08T00:00:00.000Z;0,137
2023-08-09T00:00:00.000Z;0,125
2023-08-10T00:00:00.000Z;0,117
2023-08-11T00:00:00.000Z;0,115
2023-08-12T00:00:00.000Z;0,111
2023-08-13T00:00:00.000Z;0,109
2023-08-14T00:00:00.000Z;0,106
2023-08-15T00:00:00.000Z;0,103
2023-08-16T00:00:00.000Z;0,101
2023-08-17T00:00:00.000Z;0,1
2023-08-18T00:00:00.000Z;0,097
2023-08-19T00:00:00.000Z;0,094
2023-08-20T00:00:00.000Z;0,092
2023-08-21T00:00:00.000Z;0,09
2023-08-22T00:00:00.000Z;0,091
2023-08-23T00:00:00.000Z;0,09
2023-08-24T00:00:00.000Z;0,088
2023-08-25T00:00:00.000Z;0,092
2023-08-26T00:00:00.000Z;0,1
2023-08-27T00:00:00.000Z;0,288
2023-08-28T00:00:00.000Z;0,486
2023-08-29T00:00:00.000Z;0,549
2023-08-30T00:00:00.000Z;0,359
2023-08-31T00:00:00.000Z;0,162
2023-09-01T00:00:00.000Z;0,144
2023-09-02T00:00:00.000Z;0,136
2023-09-03T00:00:00.000Z;0,13
2023-09-04T00:00:00.000Z;0,123
2023-09-05T00:00:00.000Z;0,118
2023-09-06T00:00:00.000Z;0,113
2023-09-07T00:00:00.000Z;0,112
2023-09-08T00:00:00.000Z;0,109
2023-09-09T00:00:00.000Z;0,107
2023-09-10T00:00:00.000Z;0,105
2023-09-11T00:00:00.000Z;0,104
2023-09-12T00:00:00.000Z;0,106
2023-09-13T00:00:00.000Z;0,105
2023-09-14T00:00:00.000Z;0,103
2023-09-15T00:00:00.000Z;0,102
2023-09-16T00:00:00.000Z;0,1
2023-09-17T00:00:00.000Z;0,1
2023-09-18T00:00:00.000Z;0,099
2023-09-19T00:00:00.000Z;0,098
2023-09-20T00:00:00.000Z;0,098
2023-09-21T00:00:00.000Z;0,098
2023-09-22T00:00:00.000Z;0,103
2023-09-23T00:00:00.000Z;0,1
2023-09-24T00:00:00.000Z;0,097
2023-09-25T00:00:00.000Z;0,094
2023-09-26T00:00:00.000Z;0,093
2023-09-27T00:00:00.000Z;0,092
2023-09-28T00:00:00.000Z;0,093
2023-09-29T00:00:00.000Z;0,092
2023-09-30T00:00:00.000Z;0,09
2023-10-01T00:00:00.000Z;0,089
2023-10-02T00:00:00.000Z;0,088
2023-10-03T00:00:00.000Z;0,089
2023-10-04T00:00:00.000Z;0,091
2023-10-05T00:00:00.000Z;0,089
2023-10-06T00:00:00.000Z;0,087
2023-10-07T00:00:00.000Z;0,086
2023-10-08T00:00:00.000Z;0,087
2023-10-09T00:00:00.000Z;0,086
2023-10-10T00:00:00.000Z;0,086
2023-10-11T00:00:00.000Z;0,086
2023-10-12T00:00:00.000Z;0,085
2023-10-13T00:00:00.000Z;0,085
2023-10-14T00:00:00.000Z;0,095
2023-10-15T00:00:00.000Z;0,154
2023-10-16T00:00:00.000Z;0,107
2023-10-17T00:00:00.000Z;0,094
2023-10-18T00:00:00.000Z;0,09
2023-10-19T00:00:00.000Z;0,095
2023-10-20T00:00:00.000Z;0,118
2023-10-21T00:00:00.000Z;0,103
2023-10-22T00:00:00.000Z;0,096
2023-10-23T00:00:00.000Z;0,092
2023-10-24T00:00:00.000Z;0,111
2023-10-25T00:00:00.000Z;0,114
2023-10-26T00:00:00.000Z;0,105
2023-10-27T00:00:00.000Z;0,172
2023-10-28T00:00:00.000Z;0,118
2023-10-29T00:00:00.000Z;0,104
2023-10-30T00:00:00.000Z;0,124
2023-10-31T00:00:00.000Z;0,146
2023-11-01T00:00:00.000Z;0,116
2023-11-02T00:00:00.000Z;0,409
2023-11-03T00:00:00.000Z;0,517
2023-11-04T00:00:00.000Z;0,453
2023-11-05T00:00:00.000Z;0,272
2023-11-06T00:00:00.000Z;0,174
2023-11-07T00:00:00.000Z;0,224
2023-11-08T00:00:00.000Z;0,178
2023-11-09T00:00:00.000Z;0,378
2023-11-10T00:00:00.000Z;0,499
2023-11-11T00:00:00.000Z;0,555
2023-11-12T00:00:00.000Z;0,675
2023-11-13T00:00:00.000Z;0,514
2023-11-14T00:00:00.000Z;0,309
2023-11-15T00:00:00.000Z;0,301
2023-11-16T00:00:00.000Z;0,354
2023-11-17T00:00:00.000Z;0,272
2023-11-18T00:00:00.000Z;0,223
2023-11-19T00:00:00.000Z;0,192
2023-11-20T00:00:00.000Z;0,222
2023-11-21T00:00:00.000Z;1,32
2023-11-22T00:00:00.000Z;1,94
2023-11-23T00:00:00.000Z;0,742
2023-11-24T00:00:00.000Z;0,506
2023-11-25T00:00:00.000Z;0,411
2023-11-26T00:00:00.000Z;0,33
2023-11-27T00:00:00.000Z;0,266
2023-11-28T00:00:00.000Z;1,37
2023-11-29T00:00:00.000Z;0,612
2023-11-30T00:00:00.000Z;0,511
2023-12-01T00:00:00.000Z;0,736
2023-12-02T00:00:00.000Z;1,25
2023-12-03T00:00:00.000Z;0,631
2023-12-04T00:00:00.000Z;0,529
2023-12-05T00:00:00.000Z;0,566
2023-12-06T00:00:00.000Z;0,491
2023-12-07T00:00:00.000Z;0,317
2023-12-08T00:00:00.000Z;0,818
2023-12-09T00:00:00.000Z;0,783
2023-12-10T00:00:00.000Z;0,562
2023-12-11T00:00:00.000Z;0,469
2023-12-12T00:00:00.000Z;0,282
2023-12-13T00:00:00.000Z;1
2023-12-15T00:00:00.000Z;0,653
2023-12-16T00:00:00.000Z;0,579
2023-12-17T00:00:00.000Z;0,517
2023-12-18T00:00:00.000Z;0,303
2023-12-19T00:00:00.000Z;0,258
2023-12-21T00:00:00.000Z;0,746
2023-12-22T00:00:00.000Z;0,568
2023-12-23T00:00:00.000Z;0,557
2023-12-24T00:00:00.000Z;0,519
2023-12-25T00:00:00.000Z;0,329
2023-12-26T00:00:00.000Z;0,265
2023-12-27T00:00:00.000Z;0,242
2023-12-28T00:00:00.000Z;0,225
2023-12-29T00:00:00.000Z;0,214
2023-12-30T00:00:00.000Z;0,207
2023-12-31T00:00:00.000Z;0,204
2024-01-01T00:00:00.000Z;0,2
2024-01-02T00:00:00.000Z;0,196
2024-01-03T00:00:00.000Z;0,192
2024-01-04T00:00:00.000Z;0,19
2024-01-05T00:00:00.000Z;0,198
2024-01-06T00:00:00.000Z;0,41
2024-01-07T00:00:00.000Z;0,519
2024-01-08T00:00:00.000Z;0,336
2024-01-09T00:00:00.000Z;0,282
2024-01-10T00:00:00.000Z;0,256
2024-01-11T00:00:00.000Z;0,244
2024-01-12T00:00:00.000Z;0,237
2024-01-13T00:00:00.000Z;0,241
2024-01-14T00:00:00.000Z;0,414
2024-01-15T00:00:00.000Z;0,855
2024-01-16T00:00:00.000Z;0,855
2024-01-17T00:00:00.000Z;0,71
2024-01-18T00:00:00.000Z;0,554
2024-01-19T00:00:00.000Z;0,511
2024-01-20T00:00:00.000Z;0,341
2024-01-21T00:00:00.000Z;0,256
2024-01-22T00:00:00.000Z;0,241
2024-01-23T00:00:00.000Z;0,228
2024-01-24T00:00:00.000Z;0,23
2024-01-25T00:00:00.000Z;0,219
2024-01-26T00:00:00.000Z;0,211
2024-01-27T00:00:00.000Z;0,204
2024-01-28T00:00:00.000Z;0,199
2024-01-29T00:00:00.000Z;0,195
2024-01-30T00:00:00.000Z;0,191
2024-01-31T00:00:00.000Z;0,188
2024-02-01T00:00:00.000Z;0,186
2024-02-02T00:00:00.000Z;0,182
2024-02-03T00:00:00.000Z;0,18
2024-02-04T00:00:00.000Z;0,177
2024-02-05T00:00:00.000Z;0,173
2024-02-06T00:00:00.000Z;0,171
2024-02-07T00:00:00.000Z;0,169
2024-02-08T00:00:00.000Z;0,169
2024-02-09T00:00:00.000Z;0,169
2024-02-10T00:00:00.000Z;0,34
2024-02-11T00:00:00.000Z;0,302
2024-02-12T00:00:00.000Z;0,266
2024-02-13T00:00:00.000Z;0,216
2024-02-14T00:00:00.000Z;0,208
2024-02-15T00:00:00.000Z;0,205
2024-02-16T00:00:00.000Z;1,65
2024-02-17T00:00:00.000Z;1,51
2024-02-18T00:00:00.000Z;0,631
2024-02-19T00:00:00.000Z;0,536
2024-02-20T00:00:00.000Z;0,338
2024-02-21T00:00:00.000Z;0,301
2024-02-22T00:00:00.000Z;0,282
2024-02-23T00:00:00.000Z;0,484
2024-02-24T00:00:00.000Z;0,393
2024-02-25T00:00:00.000Z;0,432
2024-02-26T00:00:00.000Z;0,794
2024-02-27T00:00:00.000Z;1,08
2024-02-28T00:00:00.000Z;1,17
2024-02-29T00:00:00.000Z;0,744
2024-03-01T00:00:00.000Z;1,26
2024-03-02T00:00:00.000Z;0,84
2024-03-03T00:00:00.000Z;0,926
2024-03-04T00:00:00.000Z;0,73
2024-03-05T00:00:00.000Z;0,946
2024-03-06T00:00:00.000Z;0,692
2024-03-07T00:00:00.000Z;0,624
2024-03-08T00:00:00.000Z;0,637
2024-03-09T00:00:00.000Z;0,625
2024-03-10T00:00:00.000Z;0,592
2024-03-11T00:00:00.000Z;0,698
2024-03-12T00:00:00.000Z;0,694
2024-03-13T00:00:00.000Z;0,634
2024-03-14T00:00:00.000Z;0,623
2024-03-15T00:00:00.000Z;0,638
2024-03-16T00:00:00.000Z;0,656
2024-03-17T00:00:00.000Z;0,605
2024-03-18T00:00:00.000Z;0,575
2024-03-19T00:00:00.000Z;0,56
2024-03-20T00:00:00.000Z;0,544
2024-03-21T00:00:00.000Z;0,525
2024-03-22T00:00:00.000Z;0,453
2024-03-23T00:00:00.000Z;0,384
2024-03-24T00:00:00.000Z;0,327
2024-03-25T00:00:00.000Z;0,293
2024-03-26T00:00:00.000Z;0,299
2024-03-27T00:00:00.000Z;0,386
2024-03-28T00:00:00.000Z;0,49
2024-03-29T00:00:00.000Z;0,411
2024-03-30T00:00:00.000Z;0,451
2024-03-31T00:00:00.000Z;0,416
2024-04-01T00:00:00.000Z;0,378
2024-04-02T00:00:00.000Z;0,345
2024-04-03T00:00:00.000Z;0,314
2024-04-04T00:00:00.000Z;0,286
2024-04-05T00:00:00.000Z;0,268
2024-04-06T00:00:00.000Z;0,255
2024-04-07T00:00:00.000Z;0,241
2024-04-08T00:00:00.000Z;0,233
2024-04-09T00:00:00.000Z;0,309
2024-04-10T00:00:00.000Z;0,348
2024-04-11T00:00:00.000Z;0,317
2024-04-12T00:00:00.000Z;0,283
2024-04-13T00:00:00.000Z;0,26
2024-04-14T00:00:00.000Z;0,243
2024-04-15T00:00:00.000Z;0,235
2024-04-16T00:00:00.000Z;0,228
2024-04-17T00:00:00.000Z;0,229
2024-04-18T00:00:00.000Z;0,256
2024-04-19T00:00:00.000Z;0,257
2024-04-20T00:00:00.000Z;0,246
2024-04-21T00:00:00.000Z;0,227
2024-04-22T00:00:00.000Z;0,215
2024-04-23T00:00:00.000Z;0,197
2024-04-24T00:00:00.000Z;0,192
2024-04-25T00:00:00.000Z;0,189
2024-04-26T00:00:00.000Z;0,187
2024-04-27T00:00:00.000Z;0,184
2024-04-28T00:00:00.000Z;0,181
2024-04-29T00:00:00.000Z;0,233
2024-04-30T00:00:00.000Z;0,337
2024-05-01T00:00:00.000Z;0,409
2024-05-02T00:00:00.000Z;0,499
2024-05-03T00:00:00.000Z;0,529
2024-05-04T00:00:00.000Z;0,511
2024-05-05T00:00:00.000Z;0,269
2024-05-06T00:00:00.000Z;0,275
2024-05-07T00:00:00.000Z;0,327
2024-05-08T00:00:00.000Z;0,487
2024-05-09T00:00:00.000Z;0,528
2024-05-10T00:00:00.000Z;0,446
2024-05-11T00:00:00.000Z;0,257
2024-05-12T00:00:00.000Z;0,239
2024-05-13T00:00:00.000Z;0,228
2024-05-14T00:00:00.000Z;0,264
2024-05-15T00:00:00.000Z;0,324
2024-05-16T00:00:00.000Z;0,284
2024-05-17T00:00:00.000Z;0,217
2024-05-18T00:00:00.000Z;0,111
2024-05-19T00:00:00.000Z;0,099
2024-05-20T00:00:00.000Z;0,15
2024-05-21T00:00:00.000Z;0,124
2024-05-22T00:00:00.000Z;0,107
2024-05-23T00:00:00.000Z;0,115
2024-05-24T00:00:00.000Z;0,111
2024-05-25T00:00:00.000Z;0,102
2024-05-26T00:00:00.000Z;0,088
2024-05-27T00:00:00.000Z;0,154
2024-05-28T00:00:00.000Z;0,2
2024-05-29T00:00:00.000Z;0,119
2024-05-30T00:00:00.000Z;0,101
2024-05-31T00:00:00.000Z;0,111
2024-06-01T00:00:00.000Z;0,126
2024-06-02T00:00:00.000Z;0,161
2024-06-03T00:00:00.000Z;0,117
2024-06-04T00:00:00.000Z;0,094
2024-06-05T00:00:00.000Z;0,083
2024-06-06T00:00:00.000Z;0,074
2024-06-07T00:00:00.000Z;0,068
2024-06-08T00:00:00.000Z;0,065
2024-06-09T00:00:00.000Z;0,112
2024-06-10T00:00:00.000Z;0,097
2024-06-11T00:00:00.000Z;0,095
2024-06-12T00:00:00.000Z;0,296
2024-06-13T00:00:00.000Z;0,254
2024-06-14T00:00:00.000Z;0,119
2024-06-15T00:00:00.000Z;0,14
2024-06-16T00:00:00.000Z;0,135
2024-06-17T00:00:00.000Z;0,091
2024-06-18T00:00:00.000Z;0,077
2024-06-19T00:00:00.000Z;0,072
2024-06-20T00:00:00.000Z;0,892
2024-06-21T00:00:00.000Z;0,516
2024-06-22T00:00:00.000Z;0,282
2024-06-23T00:00:00.000Z;0,165
2024-06-24T00:00:00.000Z;0,114
2024-06-25T00:00:00.000Z;0,1
2024-06-26T00:00:00.000Z;0,089
2024-06-27T00:00:00.000Z;0,083
2024-06-28T00:00:00.000Z;0,08
2024-06-29T00:00:00.000Z;0,084
2024-06-30T00:00:00.000Z;0,088
2024-07-01T00:00:00.000Z;0,114
2024-07-02T00:00:00.000Z;0,117
2024-07-03T00:00:00.000Z;0,157
2024-07-04T00:00:00.000Z;0,1
2024-07-05T00:00:00.000Z;0,099
2024-07-06T00:00:00.000Z;0,373
2024-07-07T00:00:00.000Z;0,405
2024-07-08T00:00:00.000Z;0,298
2024-07-09T00:00:00.000Z;0,177
2024-07-10T00:00:00.000Z;0,098
2024-07-11T00:00:00.000Z;0,086
2024-07-12T00:00:00.000Z;0,129
2024-07-13T00:00:00.000Z;0,285
2024-07-14T00:00:00.000Z;0,185
2024-07-15T00:00:00.000Z;0,09
2024-07-16T00:00:00.000Z;0,079
2024-07-17T00:00:00.000Z;0,072
2024-07-18T00:00:00.000Z;0,068
2024-07-19T00:00:00.000Z;0,064
2024-07-20T00:00:00.000Z;0,062
2024-07-21T00:00:00.000Z;0,221
2024-07-22T00:00:00.000Z;0,105
2024-07-23T00:00:00.000Z;0,082
2024-07-24T00:00:00.000Z;0,073
2024-07-25T00:00:00.000Z;0,07
2024-07-26T00:00:00.000Z;0,066
2024-07-27T00:00:00.000Z;0,063
2024-07-28T00:00:00.000Z;0,059
2024-07-29T00:00:00.000Z;0,057
2024-07-30T00:00:00.000Z;0,057
2024-07-31T00:00:00.000Z;0,055
2024-08-01T00:00:00.000Z;0,056
2024-08-02T00:00:00.000Z;0,056
2024-08-03T00:00:00.000Z;0,055
2024-08-04T00:00:00.000Z;0,053
2024-08-05T00:00:00.000Z;0,05
2024-08-06T00:00:00.000Z;0,049
2024-08-07T00:00:00.000Z;0,048
2024-08-08T00:00:00.000Z;0,046
2024-08-09T00:00:00.000Z;0,045
2024-08-10T00:00:00.000Z;0,045
2024-08-11T00:00:00.000Z;0,044
2024-08-12T00:00:00.000Z;0,043
2024-08-13T00:00:00.000Z;0,043
2024-08-14T00:00:00.000Z;1,31
2024-08-15T00:00:00.000Z;0,92
2024-08-16T00:00:00.000Z;0,301
2024-08-17T00:00:00.000Z;0,145
2024-08-18T00:00:00.000Z;0,096
2024-08-19T00:00:00.000Z;0,097
2024-08-20T00:00:00.000Z;0,085
2024-08-21T00:00:00.000Z;0,077
2024-08-22T00:00:00.000Z;0,074
2024-08-23T00:00:00.000Z;0,07
2024-08-24T00:00:00.000Z;0,068
2024-08-25T00:00:00.000Z;0,088
2024-08-26T00:00:00.000Z;0,074
2024-08-27T00:00:00.000Z;0,066
2024-08-28T00:00:00.000Z;0,061
2024-08-29T00:00:00.000Z;0,057
2024-08-30T00:00:00.000Z;0,053
2024-08-31T00:00:00.000Z;0,05
2024-09-01T00:00:00.000Z;0,055
2024-09-02T00:00:00.000Z;0,098
2024-09-03T00:00:00.000Z;0,713
2024-09-05T00:00:00.000Z;0,693
2024-09-06T00:00:00.000Z;0,33
2024-09-07T00:00:00.000Z;0,321
2024-09-08T00:00:00.000Z;0,253
2024-09-09T00:00:00.000Z;0,22
2024-09-10T00:00:00.000Z;0,135
2024-09-11T00:00:00.000Z;0,11
2024-09-12T00:00:00.000Z;1,36
2024-09-13T00:00:00.000Z;0,408
2024-09-14T00:00:00.000Z;0,299
2024-09-15T00:00:00.000Z;0,148
2024-09-16T00:00:00.000Z;0,103
2024-09-17T00:00:00.000Z;0,092
2024-09-18T00:00:00.000Z;0,085
2024-09-19T00:00:00.000Z;0,081
2024-09-20T00:00:00.000Z;0,078
2024-09-21T00:00:00.000Z;0,074
2024-09-22T00:00:00.000Z;0,073
2024-09-23T00:00:00.000Z;0,073
2024-09-24T00:00:00.000Z;0,072
2024-09-25T00:00:00.000Z;0,069
2024-09-26T00:00:00.000Z;0,07
2024-09-27T00:00:00.000Z;0,086
2024-09-28T00:00:00.000Z;0,106
2024-09-29T00:00:00.000Z;0,09
2024-09-30T00:00:00.000Z;0,08
2024-10-01T00:00:00.000Z;0,076
2024-10-02T00:00:00.000Z;0,182
2024-10-03T00:00:00.000Z;0,536
2024-10-04T00:00:00.000Z;0,295
2024-10-05T00:00:00.000Z;0,142
2024-10-06T00:00:00.000Z;0,096
2024-10-07T00:00:00.000Z;0,09
2024-10-08T00:00:00.000Z;0,086
2024-10-09T00:00:00.000Z;0,089
2024-10-10T00:00:00.000Z;0,228
2024-10-11T00:00:00.000Z;0,268
2024-10-12T00:00:00.000Z;0,18
2024-10-13T00:00:00.000Z;0,103
2024-10-14T00:00:00.000Z;0,091
2024-10-15T00:00:00.000Z;0,086
2024-10-16T00:00:00.000Z;0,083
2024-10-17T00:00:00.000Z;0,208
2024-10-18T00:00:00.000Z;2,37
2024-10-19T00:00:00.000Z;0,61
2024-10-20T00:00:00.000Z;0,342
2024-10-21T00:00:00.000Z;0,213
2024-10-22T00:00:00.000Z;0,187
2024-10-23T00:00:00.000Z;0,187
2024-10-24T00:00:00.000Z;0,138
2024-10-25T00:00:00.000Z;0,121
2024-10-26T00:00:00.000Z;0,335
2024-10-27T00:00:00.000Z;0,39
2024-10-28T00:00:00.000Z;0,325
2024-10-29T00:00:00.000Z;0,222
2024-10-30T00:00:00.000Z;0,137
2024-10-31T00:00:00.000Z;0,118
2024-11-01T00:00:00.000Z;0,108
2024-11-02T00:00:00.000Z;0,101
2024-11-03T00:00:00.000Z;0,096
2024-11-04T00:00:00.000Z;0,091
2024-11-05T00:00:00.000Z;0,088
2024-11-06T00:00:00.000Z;0,086
2024-11-07T00:00:00.000Z;0,084
2024-11-08T00:00:00.000Z;0,081
2024-11-09T00:00:00.000Z;0,08
2024-11-10T00:00:00.000Z;0,078
2024-11-11T00:00:00.000Z;0,076
2024-11-12T00:00:00.000Z;0,079
2024-11-13T00:00:00.000Z;0,084
2024-11-14T00:00:00.000Z;0,083
2024-11-15T00:00:00.000Z;0,08
2024-11-16T00:00:00.000Z;0,077
2024-11-17T00:00:00.000Z;0,075
2024-11-18T00:00:00.000Z;0,073
2024-11-19T00:00:00.000Z;0,072
2024-11-20T00:00:00.000Z;1,15
2024-11-21T00:00:00.000Z;1,11
2024-11-22T00:00:00.000Z;0,947
2024-11-23T00:00:00.000Z;0,371
2024-11-24T00:00:00.000Z;0,29
2024-11-25T00:00:00.000Z;0,138
2024-11-26T00:00:00.000Z;0,2
2024-11-27T00:00:00.000Z;0,137
2024-11-28T00:00:00.000Z;0,11
2024-11-29T00:00:00.000Z;0,098
2024-11-30T00:00:00.000Z;0,089
2024-12-01T00:00:00.000Z;0,084
2024-12-02T00:00:00.000Z;0,093
2024-12-03T00:00:00.000Z;0,413
2024-12-04T00:00:00.000Z;0,439
2024-12-05T00:00:00.000Z;0,308
2024-12-06T00:00:00.000Z;0,688
2024-12-07T00:00:00.000Z;1,35
2024-12-08T00:00:00.000Z;1,36
2024-12-09T00:00:00.000Z;1,01
2024-12-10T00:00:00.000Z;0,549
2024-12-11T00:00:00.000Z;0,37
2024-12-12T00:00:00.000Z;0,327
2024-12-13T00:00:00.000Z;0,303
2024-12-14T00:00:00.000Z;0,315
2024-12-15T00:00:00.000Z;0,382
2024-12-16T00:00:00.000Z;0,341
2024-12-17T00:00:00.000Z;0,351
2024-12-18T00:00:00.000Z;0,484
2024-12-19T00:00:00.000Z;1,01
2024-12-20T00:00:00.000Z;0,68
2024-12-21T00:00:00.000Z;0,359
2024-12-24T00:00:00.000Z;0,981
2024-12-25T00:00:00.000Z;0,632
2024-12-26T00:00:00.000Z;0,382
2024-12-27T00:00:00.000Z;0,325
2024-12-28T00:00:00.000Z;0,286
2024-12-29T00:00:00.000Z;0,166
2024-12-30T00:00:00.000Z;0,126
2024-12-31T00:00:00.000Z;0,111
2025-01-01T00:00:00.000Z;0,102
2025-01-02T00:00:00.000Z;0,097
2025-01-03T00:00:00.000Z;0,102
2025-01-04T00:00:00.000Z;0,32
2025-01-05T00:00:00.000Z;0,322
2025-01-06T00:00:00.000Z;0,31
2025-01-07T00:00:00.000Z;0,329
2025-01-08T00:00:00.000Z;0,29
2025-01-09T00:00:00.000Z;0,247
2025-01-10T00:00:00.000Z;0,187
2025-01-12T00:00:00.000Z;0,569
2025-01-13T00:00:00.000Z;0,325
2025-01-14T00:00:00.000Z;0,247
2025-01-15T00:00:00.000Z;0,129
2025-01-16T00:00:00.000Z;0,113
2025-01-17T00:00:00.000Z;0,101
2025-01-18T00:00:00.000Z;0,095
2025-01-19T00:00:00.000Z;0,09
2025-01-20T00:00:00.000Z;0,086
2025-01-21T00:00:00.000Z;0,084
2025-01-22T00:00:00.000Z;0,08
2025-01-23T00:00:00.000Z;0,115
2025-01-24T00:00:00.000Z;0,119
2025-01-25T00:00:00.000Z;0,103
2025-01-26T00:00:00.000Z;0,189
2025-01-27T00:00:00.000Z;0,145
2025-01-28T00:00:00.000Z;0,236
2025-01-29T00:00:00.000Z;0,201
2025-01-30T00:00:00.000Z;0,145
2025-01-31T00:00:00.000Z;0,403
2025-02-01T00:00:00.000Z;0,349
2025-02-02T00:00:00.000Z;0,288
2025-02-03T00:00:00.000Z;0,142
2025-02-04T00:00:00.000Z;0,121
2025-02-05T00:00:00.000Z;0,107
2025-02-06T00:00:00.000Z;0,102
2025-02-07T00:00:00.000Z;0,1
2025-02-08T00:00:00.000Z;0,109
2025-02-09T00:00:00.000Z;0,143
2025-02-10T00:00:00.000Z;0,326
2025-02-11T00:00:00.000Z;0,281
2025-02-12T00:00:00.000Z;0,325
2025-02-13T00:00:00.000Z;0,894
2025-02-14T00:00:00.000Z;0,344
2025-02-15T00:00:00.000Z;0,31
2025-02-16T00:00:00.000Z;0,228
2025-02-17T00:00:00.000Z;0,141
2025-02-18T00:00:00.000Z;0,13
2025-02-19T00:00:00.000Z;0,116
2025-02-20T00:00:00.000Z;0,108
2025-02-21T00:00:00.000Z;0,104
2025-02-22T00:00:00.000Z;0,11
2025-02-23T00:00:00.000Z;0,112
2025-02-24T00:00:00.000Z;0,102
2025-02-25T00:00:00.000Z;0,101
2025-02-26T00:00:00.000Z;0,1
2025-02-27T00:00:00.000Z;0,097
2025-02-28T00:00:00.000Z;0,097
2025-03-01T00:00:00.000Z;0,095
2025-03-02T00:00:00.000Z;0,091
2025-03-03T00:00:00.000Z;0,089
2025-03-04T00:00:00.000Z;0,088
2025-03-05T00:00:00.000Z;0,086
2025-03-06T00:00:00.000Z;0,085
2025-03-07T00:00:00.000Z;0,084
2025-03-08T00:00:00.000Z;0,083
2025-03-09T00:00:00.000Z;0,139
2025-03-10T00:00:00.000Z;0,189
2025-03-11T00:00:00.000Z;0,142
2025-03-12T00:00:00.000Z;0,204
2025-03-13T00:00:00.000Z;0,334
2025-03-14T00:00:00.000Z;0,428
2025-03-15T00:00:00.000Z;0,324
2025-03-16T00:00:00.000Z;0,172
2025-03-17T00:00:00.000Z;0,155
2025-03-18T00:00:00.000Z;0,195
2025-03-19T00:00:00.000Z;0,266
2025-03-20T00:00:00.000Z;0,2
2025-03-21T00:00:00.000Z;0,189
2025-03-22T00:00:00.000Z;0,18
2025-03-23T00:00:00.000Z;0,244
2025-03-24T00:00:00.000Z;0,378
2025-03-25T00:00:00.000Z;0,673
2025-03-26T00:00:00.000Z;0,925
2025-03-27T00:00:00.000Z;0,418
2025-03-28T00:00:00.000Z;0,341
2025-03-29T00:00:00.000Z;0,259
2025-03-30T00:00:00.000Z;0,224
2025-03-31T00:00:00.000Z;0,215
2025-04-01T00:00:00.000Z;0,169
2025-04-02T00:00:00.000Z;0,132
2025-04-03T00:00:00.000Z;0,115
2025-04-04T00:00:00.000Z;0,109
2025-04-05T00:00:00.000Z;0,102
2025-04-06T00:00:00.000Z;0,097
2025-04-07T00:00:00.000Z;0,092
2025-04-08T00:00:00.000Z;0,089
2025-04-09T00:00:00.000Z;0,088
2025-04-10T00:00:00.000Z;0,088
2025-04-11T00:00:00.000Z;0,087
2025-04-12T00:00:00.000Z;0,085
2025-04-13T00:00:00.000Z;0,102
2025-04-14T00:00:00.000Z;0,183
2025-04-15T00:00:00.000Z;0,216
2025-04-16T00:00:00.000Z;0,596
2025-04-17T00:00:00.000Z;0,444
2025-04-18T00:00:00.000Z;0,332
2025-04-19T00:00:00.000Z;0,329
2025-04-20T00:00:00.000Z;0,297
2025-04-21T00:00:00.000Z;0,215
2025-04-22T00:00:00.000Z;0,223
2025-04-23T00:00:00.000Z;0,33
2025-04-24T00:00:00.000Z;0,226
2025-04-25T00:00:00.000Z;0,149
2025-04-26T00:00:00.000Z;0,454
2025-04-27T00:00:00.000Z;0,843
2025-04-28T00:00:00.000Z;0,374
2025-04-29T00:00:00.000Z;0,368
2025-04-30T00:00:00.000Z;0,305
2025-05-01T00:00:00.000Z;0,159
2025-05-02T00:00:00.000Z;0,129
2025-05-03T00:00:00.000Z;0,119
2025-05-04T00:00:00.000Z;0,346
2025-05-05T00:00:00.000Z;1,35
2025-05-06T00:00:00.000Z;0,625
2025-05-07T00:00:00.000Z;0,345
2025-05-08T00:00:00.000Z;0,281
2025-05-09T00:00:00.000Z;0,149
2025-05-10T00:00:00.000Z;0,13
2025-05-11T00:00:00.000Z;0,12
2025-05-12T00:00:00.000Z;0,115
2025-05-13T00:00:00.000Z;0,117
2025-05-14T00:00:00.000Z;0,122
2025-05-15T00:00:00.000Z;0,112
2025-05-16T00:00:00.000Z;0,107
2025-05-17T00:00:00.000Z;0,103
2025-05-18T00:00:00.000Z;0,1
2025-05-19T00:00:00.000Z;0,101
2025-05-20T00:00:00.000Z;0,396
2025-05-21T00:00:00.000Z;0,309
2025-05-22T00:00:00.000Z;0,321
2025-05-23T00:00:00.000Z;0,272
2025-05-24T00:00:00.000Z;0,142
2025-05-25T00:00:00.000Z;0,121
2025-05-26T00:00:00.000Z;0,111
2025-05-27T00:00:00.000Z;0,106
2025-05-28T00:00:00.000Z;0,101
2025-05-29T00:00:00.000Z;0,097
2025-05-30T00:00:00.000Z;0,094
2025-05-31T00:00:00.000Z;0,09
2025-06-01T00:00:00.000Z;0,091
2025-06-02T00:00:00.000Z;0,149
2025-06-03T00:00:00.000Z;0,253
2025-06-04T00:00:00.000Z;0,69
2025-06-05T00:00:00.000Z;0,332
2025-06-06T00:00:00.000Z;0,247
2025-06-07T00:00:00.000Z;0,148
2025-06-08T00:00:00.000Z;0,186
2025-06-09T00:00:00.000Z;0,142
2025-06-10T00:00:00.000Z;0,116
2025-06-11T00:00:00.000Z;0,106
2025-06-12T00:00:00.000Z;0,102
2025-06-13T00:00:00.000Z;0,097
2025-06-14T00:00:00.000Z;0,092
2025-06-15T00:00:00.000Z;0,092
2025-06-16T00:00:00.000Z;0,088
2025-06-17T00:00:00.000Z;0,083
2025-06-18T00:00:00.000Z;0,079
2025-06-19T00:00:00.000Z;0,075
2025-06-20T00:00:00.000Z;0,071
2025-06-21T00:00:00.000Z;0,069
2025-06-22T00:00:00.000Z;0,067
2025-06-23T00:00:00.000Z;0,065
2025-06-24T00:00:00.000Z;0,062
2025-06-25T00:00:00.000Z;0,059
2025-06-26T00:00:00.000Z;0,056
2025-06-27T00:00:00.000Z;0,054
2025-06-28T00:00:00.000Z;0,051
2025-06-29T00:00:00.000Z;0,051
2025-06-30T00:00:00.000Z;0,05
2025-07-01T00:00:00.000Z;0,048
2025-07-02T00:00:00.000Z;0,049
2025-07-03T00:00:00.000Z;0,05
2025-07-04T00:00:00.000Z;0,049
2025-07-05T00:00:00.000Z;0,048
2025-07-06T00:00:00.000Z;0,047
2025-07-07T00:00:00.000Z;0,05
2025-07-08T00:00:00.000Z;0,048
2025-07-09T00:00:00.000Z;0,045
2025-07-10T00:00:00.000Z;0,043
2025-07-11T00:00:00.000Z;0,042
2025-07-12T00:00:00.000Z;0,042
2025-07-13T00:00:00.000Z;0,043
2025-07-14T00:00:00.000Z;0,044
2025-07-15T00:00:00.000Z;0,045
2025-07-16T00:00:00.000Z;0,045
2025-07-17T00:00:00.000Z;0,04
2025-07-18T00:00:00.000Z;0,039
2025-07-19T00:00:00.000Z;0,039
2025-07-20T00:00:00.000Z;0,039
2025-07-21T00:00:00.000Z;0,043
2025-07-22T00:00:00.000Z;0,04
2025-07-23T00:00:00.000Z;0,038
2025-07-24T00:00:00.000Z;0,04
2025-07-25T00:00:00.000Z;0,043
2025-07-26T00:00:00.000Z;0,038
2025-07-27T00:00:00.000Z;0,037
2025-07-28T00:00:00.000Z;0,057
2025-07-29T00:00:00.000Z;0,063
2025-07-30T00:00:00.000Z;0,047
2025-07-31T00:00:00.000Z;0,054
2025-08-01T00:00:00.000Z;0,057
2025-08-02T00:00:00.000Z;0,045
2025-08-03T00:00:00.000Z;0,039
2025-08-04T00:00:00.000Z;0,036
2025-08-05T00:00:00.000Z;0,034
2025-08-06T00:00:00.000Z;0,033
2025-08-07T00:00:00.000Z;0,032
2025-08-08T00:00:00.000Z;0,031
2025-08-09T00:00:00.000Z;0,03
2025-08-10T00:00:00.000Z;0,029
2025-08-11T00:00:00.000Z;0,028
2025-08-12T00:00:00.000Z;0,028
2025-08-13T00:00:00.000Z;0,03
2025-08-14T00:00:00.000Z;0,029
2025-08-15T00:00:00.000Z;0,027
2025-08-16T00:00:00.000Z;0,026
2025-08-17T00:00:00.000Z;0,026
2025-08-18T00:00:00.000Z;0,027
2025-08-19T00:00:00.000Z;0,028
2025-08-20T00:00:00.000Z;0,079
2025-08-21T00:00:00.000Z;0,142
2025-08-22T00:00:00.000Z;0,148
2025-08-23T00:00:00.000Z;0,048
2025-08-24T00:00:00.000Z;0,037
2025-08-25T00:00:00.000Z;0,032
2025-08-26T00:00:00.000Z;0,031
2025-08-27T00:00:00.000Z;0,031
2025-08-28T00:00:00.000Z;0,092
2025-08-29T00:00:00.000Z;0,092
2025-08-30T00:00:00.000Z;0,06
2025-08-31T00:00:00.000Z;0,045
2025-09-01T00:00:00.000Z;0,193
2025-09-02T00:00:00.000Z;0,172
2025-09-03T00:00:00.000Z;0,056
2025-09-04T00:00:00.000Z;0,045
2025-09-05T00:00:00.000Z;0,061
2025-09-06T00:00:00.000Z;0,048
2025-09-07T00:00:00.000Z;0,045
2025-09-08T00:00:00.000Z;0,242
2025-09-09T00:00:00.000Z;0,661
2025-09-10T00:00:00.000Z;0,285
2025-09-11T00:00:00.000Z;0,868
2025-09-12T00:00:00.000Z;0,285
2025-09-13T00:00:00.000Z;0,149
2025-09-14T00:00:00.000Z;0,078
2025-09-15T00:00:00.000Z;0,066
2025-09-16T00:00:00.000Z;0,073
2025-09-17T00:00:00.000Z;0,072
2025-09-18T00:00:00.000Z;0,06
2025-09-19T00:00:00.000Z;0,052
2025-09-20T00:00:00.000Z;0,047
2025-09-21T00:00:00.000Z;0,133
2025-09-22T00:00:00.000Z;0,269
2025-09-23T00:00:00.000Z;0,265
2025-09-24T00:00:00.000Z;0,198
2025-09-25T00:00:00.000Z;0,095
2025-09-26T00:00:00.000Z;0,076
2025-09-27T00:00:00.000Z;0,065
2025-09-28T00:00:00.000Z;0,059
2025-09-29T00:00:00.000Z;0,054
2025-09-30T00:00:00.000Z;0,049
2025-10-01T00:00:00.000Z;0,046
2025-10-02T00:00:00.000Z;0,044
2025-10-03T00:00:00.000Z;0,043
2025-10-04T00:00:00.000Z;0,043
2025-10-05T00:00:00.000Z;0,06
2025-10-06T00:00:00.000Z;0,051
2025-10-07T00:00:00.000Z;0,046
2025-10-08T00:00:00.000Z;0,042
2025-10-09T00:00:00.000Z;0,039
2025-10-10T00:00:00.000Z;0,038
2025-10-11T00:00:00.000Z;0,036
2025-10-12T00:00:00.000Z;0,035
2025-10-13T00:00:00.000Z;0,034
2025-10-14T00:00:00.000Z;0,034
2025-10-15T00:00:00.000Z;0,033
2025-10-16T00:00:00.000Z;0,033
2025-10-17T00:00:00.000Z;0,033
2025-10-18T00:00:00.000Z;0,032
2025-10-19T00:00:00.000Z;0,032
2025-10-20T00:00:00.000Z;0,033
2025-10-21T00:00:00.000Z;0,033
2025-10-22T00:00:00.000Z;0,032
2025-10-23T00:00:00.000Z;0,167
2025-10-24T00:00:00.000Z;0,079
2025-10-25T00:00:00.000Z;0,045
2025-10-26T00:00:00.000Z;0,078
2025-10-27T00:00:00.000Z;0,087
2025-10-28T00:00:00.000Z;0,055
2025-10-29T00:00:00.000Z;0,047
2025-10-30T00:00:00.000Z;0,043
2025-10-31T00:00:00.000Z;0,04
2025-11-01T00:00:00.000Z;0,037
2025-11-02T00:00:00.000Z;0,036
2025-11-03T00:00:00.000Z;0,036
2025-11-04T00:00:00.000Z;0,035
2025-11-05T00:00:00.000Z;0,034
2025-11-06T00:00:00.000Z;0,37
2025-11-07T00:00:00.000Z;0,56
2025-11-08T00:00:00.000Z;2,07
2025-11-09T00:00:00.000Z;0,908
2025-11-10T00:00:00.000Z;0,33
2025-11-11T00:00:00.000Z;0,199
2025-11-12T00:00:00.000Z;0,101
2025-11-13T00:00:00.000Z;0,085
2025-11-14T00:00:00.000Z;0,077
2025-11-15T00:00:00.000Z;0,07
2025-11-16T00:00:00.000Z;0,066
2025-11-17T00:00:00.000Z;0,066
2025-11-18T00:00:00.000Z;0,111
2025-11-19T00:00:00.000Z;0,09
2025-11-20T00:00:00.000Z;0,09
2025-11-21T00:00:00.000Z;0,093
2025-11-22T00:00:00.000Z;0,09
2025-11-23T00:00:00.000Z;0,771
2025-11-24T00:00:00.000Z;0,893
2025-11-25T00:00:00.000Z;1,41
2025-11-26T00:00:00.000Z;0,434
2025-11-27T00:00:00.000Z;0,312
2025-11-28T00:00:00.000Z;0,161
2025-11-29T00:00:00.000Z;0,108
2025-11-30T00:00:00.000Z;0,191
2025-12-01T00:00:00.000Z;0,175
2025-12-02T00:00:00.000Z;0,108
2025-12-03T00:00:00.000Z;0,091
2025-12-04T00:00:00.000Z;0,106
2025-12-05T00:00:00.000Z;0,242
2025-12-06T00:00:00.000Z;0,238
2025-12-07T00:00:00.000Z;0,173
2025-12-08T00:00:00.000Z;0,119
2025-12-09T00:00:00.000Z;0,093
2025-12-10T00:00:00.000Z;0,081
2025-12-11T00:00:00.000Z;0,071
2025-12-12T00:00:00.000Z;0,059
2025-12-13T00:00:00.000Z;0,054
2025-12-14T00:00:00.000Z;0,053
2025-12-15T00:00:00.000Z;0,051
2025-12-16T00:00:00.000Z;0,051
2025-12-17T00:00:00.000Z;0,05
2025-12-18T00:00:00.000Z;0,049
2025-12-19T00:00:00.000Z;0,048
2025-12-20T00:00:00.000Z;0,046
2025-12-21T00:00:00.000Z;0,045
2025-12-22T00:00:00.000Z;0,052
2025-12-23T00:00:00.000Z;0,056
2025-12-24T00:00:00.000Z;0,063
2025-12-25T00:00:00.000Z;0,073
2025-12-26T00:00:00.000Z;0,068
2025-12-27T00:00:00.000Z;0,071
2025-12-28T00:00:00.000Z;0,068
2025-12-29T00:00:00.000Z;0,062
2025-12-30T00:00:00.000Z;0,057
2025-12-31T00:00:00.000Z;0,054
2026-01-01T00:00:00.000Z;0,051
2026-01-02T00:00:00.000Z;0,049
2026-01-03T00:00:00.000Z;0,049
2026-01-04T00:00:00.000Z;0,05
2026-01-05T00:00:00.000Z;0,049
2026-01-06T00:00:00.000Z;0,047
2026-01-07T00:00:00.000Z;0,045
2026-01-08T00:00:00.000Z;0,16
2026-01-09T00:00:00.000Z;0,344
2026-01-10T00:00:00.000Z;0,584
2026-01-11T00:00:00.000Z;0,375
2026-01-12T00:00:00.000Z;0,382
2026-01-13T00:00:00.000Z;0,441
2026-01-14T00:00:00.000Z;0,327
2026-01-15T00:00:00.000Z;0,269
2026-01-16T00:00:00.000Z;0,176
2026-01-17T00:00:00.000Z;0,114
2026-01-18T00:00:00.000Z;0,099
2026-01-19T00:00:00.000Z;0,099
2026-01-20T00:00:00.000Z;0,255
2026-01-21T00:00:00.000Z;0,26
2026-01-22T00:00:00.000Z;0,333
2026-01-23T00:00:00.000Z;0,297
2026-01-24T00:00:00.000Z;0,236
2026-01-25T00:00:00.000Z;0,42
2026-01-26T00:00:00.000Z;1,55
2026-01-27T00:00:00.000Z;0,664
2026-01-28T00:00:00.000Z;0,619
2026-01-29T00:00:00.000Z;0,301
2026-01-30T00:00:00.000Z;0,288
2026-01-31T00:00:00.000Z;0,919
2026-02-01T00:00:00.000Z;1,22
2026-02-02T00:00:00.000Z;0,462
2026-02-03T00:00:00.000Z;0,537
2026-02-04T00:00:00.000Z;0,297
2026-02-05T00:00:00.000Z;0,252
2026-02-06T00:00:00.000Z;0,173
2026-02-07T00:00:00.000Z;0,139
2026-02-08T00:00:00.000Z;0,184
2026-02-09T00:00:00.000Z;0,317
2026-02-12T00:00:00.000Z;0,767
2026-02-13T00:00:00.000Z;0,358
2026-02-15T00:00:00.000Z;1,12
2026-02-18T00:00:00.000Z;0,457
2026-02-19T00:00:00.000Z;0,831
2026-02-20T00:00:00.000Z;0,382
2026-02-21T00:00:00.000Z;0,328
2026-02-22T00:00:00.000Z;0,276
2026-02-23T00:00:00.000Z;0,252
2026-02-24T00:00:00.000Z;0,202
2026-02-25T00:00:00.000Z;0,151
2026-02-26T00:00:00.000Z;0,132
2026-02-27T00:00:00.000Z;0,122
2026-02-28T00:00:00.000Z;0,129
2026-03-01T00:00:00.000Z;0,106
2026-03-02T00:00:00.000Z;0,09
2026-03-03T00:00:00.000Z;0,08
2026-03-04T00:00:00.000Z;0,077
2026-03-05T00:00:00.000Z;0,084
2026-03-06T00:00:00.000Z;0,122
2026-03-07T00:00:00.000Z;0,233
2026-03-08T00:00:00.000Z;0,281
2026-03-09T00:00:00.000Z;0,387
2026-03-10T00:00:00.000Z;0,371
2026-03-11T00:00:00.000Z;0,254
2026-03-12T00:00:00.000Z;0,215
2026-03-13T00:00:00.000Z;0,125
2026-03-14T00:00:00.000Z;0,38
2026-03-15T00:00:00.000Z;0,322
2026-03-16T00:00:00.000Z;0,262
2026-03-17T00:00:00.000Z;0,247
2026-03-18T00:00:00.000Z;0,234
2026-03-19T00:00:00.000Z;0,166
2026-03-20T00:00:00.000Z;0,103
2026-03-21T00:00:00.000Z;0,086
2026-03-22T00:00:00.000Z;0,076
2026-03-23T00:00:00.000Z;0,071
2026-03-24T00:00:00.000Z;0,064
2026-03-25T00:00:00.000Z;0,06
2026-03-26T00:00:00.000Z;0,059
2026-03-27T00:00:00.000Z;0,054
2026-03-28T00:00:00.000Z;0,075
2026-03-29T00:00:00.000Z;0,236
2026-03-30T00:00:00.000Z;0,112
2026-03-31T00:00:00.000Z;0,229
2026-04-01T00:00:00.000Z;0,617
2026-04-02T00:00:00.000Z;0,881
2026-04-03T00:00:00.000Z;0,655
2026-04-04T00:00:00.000Z;0,309
2026-04-05T00:00:00.000Z;0,256
2026-04-06T00:00:00.000Z;0,222
2026-04-07T00:00:00.000Z;0,106
2026-04-08T00:00:00.000Z;0,081
2026-04-09T00:00:00.000Z;0,071
2026-04-10T00:00:00.000Z;0,067
2026-04-11T00:00:00.000Z;0,064
2026-04-12T00:00:00.000Z;0,108
2026-04-13T00:00:00.000Z;0,159
2026-04-14T00:00:00.000Z;0,113
2026-04-15T00:00:00.000Z;0,082
2026-04-16T00:00:00.000Z;0,07
2026-04-17T00:00:00.000Z;0,064
2026-04-18T00:00:00.000Z;0,059
2026-04-19T00:00:00.000Z;0,056
2026-04-20T00:00:00.000Z;0,055
2026-04-21T00:00:00.000Z;0,053
2026-04-22T00:00:00.000Z;0,053
2026-04-23T00:00:00.000Z;0,051
2026-04-24T00:00:00.000Z;0,05
2026-04-25T00:00:00.000Z;0,048
2026-04-26T00:00:00.000Z;0,046
2026-04-27T00:00:00.000Z;0,045
2026-04-28T00:00:00.000Z;0,108
2026-04-29T00:00:00.000Z;0,215
2026-04-30T00:00:00.000Z;0,072
2026-05-01T00:00:00.000Z;0,059
2026-05-02T00:00:00.000Z;0,06
2026-05-03T00:00:00.000Z;0,054
2026-05-04T00:00:00.000Z;0,092
2026-05-05T00:00:00.000Z;0,234
2026-05-06T00:00:00.000Z;0,213
2026-05-07T00:00:00.000Z;0,091
2026-05-08T00:00:00.000Z;0,073
2026-05-09T00:00:00.000Z;0,068
2026-05-10T00:00:00.000Z;0,061
2026-05-11T00:00:00.000Z;0,056
2026-05-12T00:00:00.000Z;0,057
2026-05-13T00:00:00.000Z;0,187
2026-05-14T00:00:00.000Z;0,093
2026-05-15T00:00:00.000Z;0,281
2026-05-16T00:00:00.000Z;0,331
2026-05-17T00:00:00.000Z;0,262
2026-05-18T00:00:00.000Z;0,685
2026-05-19T00:00:00.000Z;0,266
2026-05-20T00:00:00.000Z;0,189
2026-05-21T00:00:00.000Z;0,081
2026-05-22T00:00:00.000Z;0,068
2026-05-23T00:00:00.000Z;0,06
2026-05-24T00:00:00.000Z;0,055
2026-05-25T00:00:00.000Z;0,051
2026-05-26T00:00:00.000Z;0,048
2026-05-27T00:00:00.000Z;0,047
2026-05-28T00:00:00.000Z;0,045
2026-05-29T00:00:00.000Z;0,044
2026-05-30T00:00:00.000Z;0,043
2026-05-31T00:00:00.000Z;0,043
2026-06-01T00:00:00.000Z;0,041
2026-06-02T00:00:00.000Z;0,042
2026-06-03T00:00:00.000Z;0,044
2026-06-04T00:00:00.000Z;0,061
2026-06-05T00:00:00.000Z;0,162
2026-06-06T00:00:00.000Z;0,06
2026-06-07T00:00:00.000Z;0,05
2026-06-08T00:00:00.000Z;0,047
2026-06-09T00:00:00.000Z;0,048
2026-06-10T00:00:00.000Z;0,065
2026-06-11T00:00:00.000Z;0,075
2026-06-12T00:00:00.000Z;0,06
2026-06-13T00:00:00.000Z;0,051
2026-06-14T00:00:00.000Z;0,046
2026-06-15T00:00:00.000Z;0,044
2026-06-16T00:00:00.000Z;0,044
2026-06-17T00:00:00.000Z;0,042
2026-06-18T00:00:00.000Z;0,041
2026-06-19T00:00:00.000Z;0,04
2026-06-20T00:00:00.000Z;0,039
2026-06-21T00:00:00.000Z;0,037
2026-06-22T00:00:00.000Z;0,036
2026-06-23T00:00:00.000Z;0,035
2026-06-24T00:00:00.000Z;0,034
2026-06-25T00:00:00.000Z;0,033
2026-06-26T00:00:00.000Z;0,033
2026-06-27T00:00:00.000Z;0,032
2026-06-28T00:00:00.000Z;0,033
2026-06-29T00:00:00.000Z;0,034
2026-06-30T00:00:00.000Z;0,033
2026-07-01T00:00:00.000Z;0,033
2026-07-02T00:00:00.000Z;0,032
2026-07-03T00:00:00.000Z;0,03
2026-07-04T00:00:00.000Z;0,03
2026-07-05T00:00:00.000Z;0,028
2026-07-06T00:00:00.000Z;0,028
2026-07-07T00:00:00.000Z;0,027
2026-07-08T00:00:00.000Z;0,027
2026-07-09T00:00:00.000Z;0,027
2026-07-10T00:00:00.000Z;0,027
2026-07-11T00:00:00.000Z;0,027
2026-07-12T00:00:00.000Z;0,026
2026-07-13T00:00:00.000Z;0,026
2026-07-14T00:00:00.000Z;0,026
2026-07-15T00:00:00.000Z;0,025
2026-07-16T00:00:00.000Z;0,025
2026-07-17T00:00:00.000Z;0,025
2026-07-18T00:00:00.000Z;0,025
2026-07-19T00:00:00.000Z;0,024
2026-07-20T00:00:00.000Z;0,024
2026-07-21T00:00:00.000Z;0,023
2026-07-22T00:00:00.000Z;0,022
2026-07-23T00:00:00.000Z;0,022
2026-07-24T00:00:00.000Z;0,022
2026-07-25T00:00:00.000Z;0,022
2026-07-26T00:00:00.000Z;0,023
2026-07-27T00:00:00.000Z;0,022
2026-07-28T00:00:00.000Z;0,021
2026-07-29T00:00:00.000Z;0,02
2026-07-30T00:00:00.000Z;0,02
2026-07-31T00:00:00.000Z;0,02
2026-08-01T00:00:00.000Z;0,02
2026-08-02T00:00:00.000Z;0,02
2026-08-03T00:00:00.000Z;0,02
2026-08-04T00:00:00.000Z;0,02
2026-08-05T00:00:00.000Z;0,02
2026-08-06T00:00:00.000Z;0,02
2026-08-07T00:00:00.000Z;0,019
2026-08-08T00:00:00.000Z;0,019
2026-08-09T00:00:00.000Z;0,02