Region;Pyrenees
Country;France
#;3
Spring Name/Station Name;Le Lachein à Balaguères (Baget - Las Hountas)
Literature;Padilla et al. (1994)
Lat;42.955
Lon;1.031
Elev (m);450
Recharge Area (km2);13
Start Date;25.04.1968
End Date;11.07.2026
Resolution;Daily
Data Source;eaufrance hydroportail (from Sandra Beranger)
Data License;CC BY 4.0
Contact For License;Sandra Beranger
Spring ID;PYR_03_FR
Date;Discharge m^3/s
1968-04-25T00:00:00.000Z;Jan.34
1968-04-26T00:00:00.000Z;0.435
1968-04-27T00:00:00.000Z;0.350
1968-04-28T00:00:00.000Z;0.305
1968-04-29T00:00:00.000Z;0.275
1968-04-30T00:00:00.000Z;0.248
1968-05-01T00:00:00.000Z;0.225
1968-05-02T00:00:00.000Z;0.215
1968-05-03T00:00:00.000Z;0.210
1968-05-04T00:00:00.000Z;0.195
1968-05-05T00:00:00.000Z;0.190
1968-05-06T00:00:00.000Z;0.345
1968-05-07T00:00:00.000Z;Jan.19
1968-05-08T00:00:00.000Z;0.885
1968-05-09T00:00:00.000Z;0.400
1968-05-10T00:00:00.000Z;0.300
1968-05-11T00:00:00.000Z;0.260
1968-05-12T00:00:00.000Z;0.325
1968-05-13T00:00:00.000Z;0.305
1968-05-14T00:00:00.000Z;0.290
1968-05-15T00:00:00.000Z;0.250
1968-05-16T00:00:00.000Z;0.225
1968-05-17T00:00:00.000Z;0.215
1968-05-18T00:00:00.000Z;0.195
1968-05-19T00:00:00.000Z;0.185
1968-05-20T00:00:00.000Z;0.400
1968-05-21T00:00:00.000Z;Apr.87
1968-05-22T00:00:00.000Z;Feb.47
1968-05-23T00:00:00.000Z;Jan.26
1968-05-24T00:00:00.000Z;0.460
1968-05-25T00:00:00.000Z;0.430
1968-05-26T00:00:00.000Z;0.425
1968-05-27T00:00:00.000Z;Jan.54
1968-05-28T00:00:00.000Z;3.Mar
1968-05-29T00:00:00.000Z;4.Feb
1968-05-30T00:00:00.000Z;Feb.75
1968-05-31T00:00:00.000Z;Feb.16
1968-06-01T00:00:00.000Z;Jan.90
1968-06-02T00:00:00.000Z;Jan.34
1968-06-03T00:00:00.000Z;1.Jun
1968-06-04T00:00:00.000Z;0.885
1968-06-05T00:00:00.000Z;0.470
1968-06-06T00:00:00.000Z;0.410
1968-06-07T00:00:00.000Z;0.370
1968-06-08T00:00:00.000Z;0.345
1968-06-09T00:00:00.000Z;0.305
1968-06-10T00:00:00.000Z;0.290
1968-06-11T00:00:00.000Z;0.275
1968-06-12T00:00:00.000Z;0.260
1968-06-13T00:00:00.000Z;0.250
1968-06-14T00:00:00.000Z;0.230
1968-06-15T00:00:00.000Z;0.220
1968-06-16T00:00:00.000Z;0.200
1968-06-17T00:00:00.000Z;0.200
1968-06-18T00:00:00.000Z;0.300
1968-06-19T00:00:00.000Z;Jan.42
1968-06-20T00:00:00.000Z;Jan.34
1968-06-21T00:00:00.000Z;Jan.14
1968-06-22T00:00:00.000Z;0.885
1968-06-23T00:00:00.000Z;0.635
1968-06-24T00:00:00.000Z;0.635
1968-06-25T00:00:00.000Z;0.435
1968-06-26T00:00:00.000Z;0.365
1968-06-27T00:00:00.000Z;0.305
1968-06-28T00:00:00.000Z;0.275
1968-06-29T00:00:00.000Z;0.250
1968-06-30T00:00:00.000Z;0.230
1968-07-01T00:00:00.000Z;0.215
1968-07-02T00:00:00.000Z;0.210
1968-07-03T00:00:00.000Z;0.195
1968-07-04T00:00:00.000Z;0.195
1968-07-05T00:00:00.000Z;0.185
1968-07-06T00:00:00.000Z;0.185
1968-07-07T00:00:00.000Z;0.180
1968-07-08T00:00:00.000Z;0.165
1968-07-09T00:00:00.000Z;0.160
1968-07-10T00:00:00.000Z;0.150
1968-07-11T00:00:00.000Z;0.150
1968-07-12T00:00:00.000Z;0.145
1968-07-13T00:00:00.000Z;0.140
1968-07-14T00:00:00.000Z;0.135
1968-07-15T00:00:00.000Z;0.140
1968-07-16T00:00:00.000Z;0.135
1968-07-17T00:00:00.000Z;0.130
1968-07-18T00:00:00.000Z;0.125
1968-07-19T00:00:00.000Z;0.120
1968-07-20T00:00:00.000Z;0.120
1968-07-21T00:00:00.000Z;0.120
1968-07-22T00:00:00.000Z;0.115
1968-07-23T00:00:00.000Z;0.115
1968-07-24T00:00:00.000Z;0.115
1968-07-25T00:00:00.000Z;0.110
1968-07-26T00:00:00.000Z;0.110
1968-07-27T00:00:00.000Z;0.110
1968-07-28T00:00:00.000Z;0.110
1968-07-29T00:00:00.000Z;0.110
1968-07-30T00:00:00.000Z;0.110
1968-07-31T00:00:00.000Z;0.115
1968-08-01T00:00:00.000Z;0.115
1968-08-02T00:00:00.000Z;0.110
1968-08-03T00:00:00.000Z;0.110
1968-08-04T00:00:00.000Z;0.105
1968-08-05T00:00:00.000Z;0.110
1968-08-06T00:00:00.000Z;0.115
1968-08-07T00:00:00.000Z;0.110
1968-08-08T00:00:00.000Z;0.110
1968-08-09T00:00:00.000Z;0.155
1968-08-10T00:00:00.000Z;0.145
1968-08-11T00:00:00.000Z;0.130
1968-08-12T00:00:00.000Z;0.205
1968-08-13T00:00:00.000Z;0.190
1968-08-14T00:00:00.000Z;0.145
1968-08-15T00:00:00.000Z;0.130
1968-08-16T00:00:00.000Z;0.125
1968-08-17T00:00:00.000Z;0.120
1968-08-18T00:00:00.000Z;0.130
1968-08-19T00:00:00.000Z;0.130
1968-08-20T00:00:00.000Z;0.110
1968-08-21T00:00:00.000Z;0.105
1968-08-22T00:00:00.000Z;0.0940
1968-08-23T00:00:00.000Z;0.0930
1968-08-24T00:00:00.000Z;0.0920
1968-08-25T00:00:00.000Z;0.0910
1968-08-26T00:00:00.000Z;0.0900
1968-08-27T00:00:00.000Z;0.0890
1968-08-28T00:00:00.000Z;0.0890
1968-08-29T00:00:00.000Z;0.0890
1968-08-30T00:00:00.000Z;0.0890
1968-08-31T00:00:00.000Z;0.0890
1968-09-01T00:00:00.000Z;0.0880
1968-09-02T00:00:00.000Z;0.0880
1968-09-03T00:00:00.000Z;0.0870
1968-09-04T00:00:00.000Z;0.0900
1968-09-05T00:00:00.000Z;0.0900
1968-09-06T00:00:00.000Z;0.0880
1968-09-07T00:00:00.000Z;0.0870
1968-09-08T00:00:00.000Z;0.0870
1968-09-09T00:00:00.000Z;0.0870
1968-09-10T00:00:00.000Z;0.0870
1968-09-11T00:00:00.000Z;0.0870
1968-09-12T00:00:00.000Z;0.0870
1968-09-13T00:00:00.000Z;0.0870
1968-09-14T00:00:00.000Z;0.0860
1968-09-15T00:00:00.000Z;0.0860
1968-09-16T00:00:00.000Z;0.0860
1968-09-17T00:00:00.000Z;0.0860
1968-09-18T00:00:00.000Z;0.0860
1968-09-19T00:00:00.000Z;0.0860
1968-09-20T00:00:00.000Z;0.0860
1968-09-21T00:00:00.000Z;0.0860
1968-09-22T00:00:00.000Z;0.0870
1968-09-23T00:00:00.000Z;0.145
1968-09-24T00:00:00.000Z;0.430
1968-09-25T00:00:00.000Z;0.225
1968-09-26T00:00:00.000Z;0.150
1968-09-27T00:00:00.000Z;0.120
1968-09-28T00:00:00.000Z;0.240
1968-09-29T00:00:00.000Z;0.250
1968-09-30T00:00:00.000Z;0.340
1968-10-01T00:00:00.000Z;0.250
1968-10-02T00:00:00.000Z;0.175
1968-10-03T00:00:00.000Z;0.130
1968-10-04T00:00:00.000Z;0.120
1968-10-05T00:00:00.000Z;0.115
1968-10-06T00:00:00.000Z;0.105
1968-10-07T00:00:00.000Z;0.0950
1968-10-08T00:00:00.000Z;0.0930
1968-10-09T00:00:00.000Z;0.0930
1968-10-10T00:00:00.000Z;0.0920
1968-10-11T00:00:00.000Z;0.0890
1968-10-12T00:00:00.000Z;0.0880
1968-10-13T00:00:00.000Z;0.0870
1968-10-14T00:00:00.000Z;0.0870
1968-10-15T00:00:00.000Z;0.0870
1968-10-16T00:00:00.000Z;0.0870
1968-10-17T00:00:00.000Z;0.0880
1968-10-18T00:00:00.000Z;0.0870
1968-10-19T00:00:00.000Z;0.0860
1968-10-20T00:00:00.000Z;0.0860
1968-10-21T00:00:00.000Z;0.0860
1968-10-22T00:00:00.000Z;0.0860
1968-10-23T00:00:00.000Z;0.0850
1968-10-24T00:00:00.000Z;0.0850
1968-10-25T00:00:00.000Z;0.0860
1968-10-26T00:00:00.000Z;0.0860
1968-10-27T00:00:00.000Z;0.0860
1968-10-28T00:00:00.000Z;0.0860
1968-10-29T00:00:00.000Z;0.0850
1968-10-30T00:00:00.000Z;0.0850
1968-10-31T00:00:00.000Z;0.0850
1968-11-01T00:00:00.000Z;0.0860
1968-11-02T00:00:00.000Z;0.0860
1968-11-03T00:00:00.000Z;0.130
1968-11-04T00:00:00.000Z;0.285
1968-11-05T00:00:00.000Z;0.250
1968-11-06T00:00:00.000Z;0.180
1968-11-07T00:00:00.000Z;0.135
1968-11-08T00:00:00.000Z;0.190
1968-11-09T00:00:00.000Z;Jan.76
1968-11-10T00:00:00.000Z;Jan.34
1968-11-11T00:00:00.000Z;1.Jun
1968-11-12T00:00:00.000Z;0.435
1968-11-13T00:00:00.000Z;0.305
1968-11-14T00:00:00.000Z;0.260
1968-11-15T00:00:00.000Z;0.225
1968-11-16T00:00:00.000Z;0.290
1968-11-17T00:00:00.000Z;0.560
1968-11-18T00:00:00.000Z;Jan.19
1968-11-19T00:00:00.000Z;Feb.27
1968-11-20T00:00:00.000Z;Jan.76
1968-11-21T00:00:00.000Z;Jan.65
1968-11-22T00:00:00.000Z;Jan.54
1968-11-23T00:00:00.000Z;0.745
1968-11-24T00:00:00.000Z;0.400
1968-11-25T00:00:00.000Z;0.350
1968-11-26T00:00:00.000Z;0.325
1968-11-27T00:00:00.000Z;0.300
1968-11-28T00:00:00.000Z;0.300
1968-11-29T00:00:00.000Z;0.250
1968-11-30T00:00:00.000Z;0.260
1968-12-01T00:00:00.000Z;0.370
1968-12-02T00:00:00.000Z;0.340
1968-12-03T00:00:00.000Z;0.305
1968-12-04T00:00:00.000Z;0.280
1968-12-05T00:00:00.000Z;0.250
1968-12-06T00:00:00.000Z;0.245
1968-12-07T00:00:00.000Z;0.225
1968-12-08T00:00:00.000Z;0.195
1968-12-09T00:00:00.000Z;0.255
1968-12-10T00:00:00.000Z;0.475
1968-12-11T00:00:00.000Z;Jan.62
1968-12-12T00:00:00.000Z;Jan.65
1968-12-13T00:00:00.000Z;Jan.34
1968-12-14T00:00:00.000Z;Jan.34
1968-12-15T00:00:00.000Z;Jan.20
1968-12-16T00:00:00.000Z;Jan.14
1968-12-17T00:00:00.000Z;Jan.14
1968-12-18T00:00:00.000Z;Jan.34
1968-12-19T00:00:00.000Z;Jan.26
1968-12-20T00:00:00.000Z;1.Sep
1968-12-21T00:00:00.000Z;1.Mar
1968-12-22T00:00:00.000Z;0.970
1968-12-23T00:00:00.000Z;Jan.14
1968-12-24T00:00:00.000Z;1.Sep
1968-12-25T00:00:00.000Z;0.575
1968-12-26T00:00:00.000Z;0.635
1968-12-27T00:00:00.000Z;Jan.34
1968-12-28T00:00:00.000Z;1.Sep
1968-12-29T00:00:00.000Z;0.800
1968-12-30T00:00:00.000Z;0.520
1968-12-31T00:00:00.000Z;0.410
1969-01-01T00:00:00.000Z;0.390
1969-01-02T00:00:00.000Z;0.345
1969-01-03T00:00:00.000Z;0.305
1969-01-04T00:00:00.000Z;0.280
1969-01-05T00:00:00.000Z;0.260
1969-01-06T00:00:00.000Z;0.250
1969-01-07T00:00:00.000Z;0.230
1969-01-08T00:00:00.000Z;0.220
1969-01-09T00:00:00.000Z;0.200
1969-01-10T00:00:00.000Z;0.195
1969-01-11T00:00:00.000Z;0.190
1969-01-12T00:00:00.000Z;0.185
1969-01-13T00:00:00.000Z;0.185
1969-01-14T00:00:00.000Z;0.225
1969-01-15T00:00:00.000Z;0.435
1969-01-16T00:00:00.000Z;0.500
1969-01-17T00:00:00.000Z;0.800
1969-01-18T00:00:00.000Z;0.970
1969-01-19T00:00:00.000Z;Jan.14
1969-01-20T00:00:00.000Z;1.Jun
1969-01-21T00:00:00.000Z;0.575
1969-01-22T00:00:00.000Z;0.420
1969-01-23T00:00:00.000Z;0.335
1969-01-24T00:00:00.000Z;0.305
1969-01-25T00:00:00.000Z;0.260
1969-01-26T00:00:00.000Z;0.225
1969-01-27T00:00:00.000Z;0.205
1969-01-28T00:00:00.000Z;0.185
1969-01-29T00:00:00.000Z;0.180
1969-01-30T00:00:00.000Z;0.170
1969-01-31T00:00:00.000Z;0.160
1969-02-01T00:00:00.000Z;0.155
1969-02-02T00:00:00.000Z;0.150
1969-02-03T00:00:00.000Z;0.145
1969-02-04T00:00:00.000Z;0.140
1969-02-05T00:00:00.000Z;0.135
1969-02-06T00:00:00.000Z;0.130
1969-02-07T00:00:00.000Z;0.130
1969-02-08T00:00:00.000Z;0.140
1969-02-09T00:00:00.000Z;0.150
1969-02-10T00:00:00.000Z;0.150
1969-02-11T00:00:00.000Z;0.165
1969-02-12T00:00:00.000Z;0.385
1969-02-13T00:00:00.000Z;Jan.42
1969-02-14T00:00:00.000Z;Jan.34
1969-02-15T00:00:00.000Z;0.970
1969-02-16T00:00:00.000Z;0.400
1969-02-17T00:00:00.000Z;0.370
1969-02-18T00:00:00.000Z;0.425
1969-02-19T00:00:00.000Z;0.450
1969-02-20T00:00:00.000Z;Jan.19
1969-02-21T00:00:00.000Z;0.520
1969-02-22T00:00:00.000Z;0.400
1969-02-23T00:00:00.000Z;0.365
1969-02-24T00:00:00.000Z;0.450
1969-02-25T00:00:00.000Z;0.460
1969-02-26T00:00:00.000Z;0.490
1969-02-27T00:00:00.000Z;0.490
1969-02-28T00:00:00.000Z;0.530
1969-03-01T00:00:00.000Z;0.460
1969-03-02T00:00:00.000Z;0.400
1969-03-03T00:00:00.000Z;0.365
1969-03-04T00:00:00.000Z;0.335
1969-03-05T00:00:00.000Z;0.295
1969-03-06T00:00:00.000Z;0.315
1969-03-07T00:00:00.000Z;0.425
1969-03-08T00:00:00.000Z;0.715
1969-03-09T00:00:00.000Z;0.970
1969-03-10T00:00:00.000Z;0.435
1969-03-11T00:00:00.000Z;0.385
1969-03-12T00:00:00.000Z;0.350
1969-03-13T00:00:00.000Z;0.345
1969-03-14T00:00:00.000Z;0.450
1969-03-15T00:00:00.000Z;Jan.14
1969-03-16T00:00:00.000Z;0.635
1969-03-17T00:00:00.000Z;Jan.23
1969-03-18T00:00:00.000Z;Jan.76
1969-03-19T00:00:00.000Z;Jan.59
1969-03-20T00:00:00.000Z;Jan.42
1969-03-21T00:00:00.000Z;Jan.14
1969-03-22T00:00:00.000Z;1.Nov
1969-03-23T00:00:00.000Z;Jan.85
1969-03-24T00:00:00.000Z;Jan.54
1969-03-25T00:00:00.000Z;Jan.26
1969-03-26T00:00:00.000Z;0.970
1969-03-27T00:00:00.000Z;0.800
1969-03-28T00:00:00.000Z;0.520
1969-03-29T00:00:00.000Z;0.435
1969-03-30T00:00:00.000Z;0.410
1969-03-31T00:00:00.000Z;0.470
1969-04-01T00:00:00.000Z;0.480
1969-04-02T00:00:00.000Z;0.860
1969-04-03T00:00:00.000Z;0.970
1969-04-04T00:00:00.000Z;0.745
1969-04-05T00:00:00.000Z;0.470
1969-04-06T00:00:00.000Z;0.480
1969-04-07T00:00:00.000Z;0.440
1969-04-08T00:00:00.000Z;0.395
1969-04-09T00:00:00.000Z;0.355
1969-04-10T00:00:00.000Z;0.305
1969-04-11T00:00:00.000Z;0.280
1969-04-12T00:00:00.000Z;0.265
1969-04-13T00:00:00.000Z;0.275
1969-04-14T00:00:00.000Z;0.250
1969-04-15T00:00:00.000Z;0.280
1969-04-16T00:00:00.000Z;0.290
1969-04-17T00:00:00.000Z;0.280
1969-04-18T00:00:00.000Z;0.475
1969-04-19T00:00:00.000Z;Jan.42
1969-04-20T00:00:00.000Z;1.Mar
1969-04-21T00:00:00.000Z;0.520
1969-04-22T00:00:00.000Z;0.410
1969-04-23T00:00:00.000Z;0.800
1969-04-24T00:00:00.000Z;0.775
1969-04-25T00:00:00.000Z;0.415
1969-04-26T00:00:00.000Z;0.355
1969-04-27T00:00:00.000Z;0.605
1969-04-28T00:00:00.000Z;Jan.65
1969-04-29T00:00:00.000Z;Jan.88
1969-04-30T00:00:00.000Z;Jan.82
1969-05-01T00:00:00.000Z;Jan.68
1969-05-02T00:00:00.000Z;Jan.42
1969-05-03T00:00:00.000Z;1.Nov
1969-05-04T00:00:00.000Z;0.885
1969-05-05T00:00:00.000Z;0.915
1969-05-06T00:00:00.000Z;Jan.34
1969-05-07T00:00:00.000Z;Jan.23
1969-05-08T00:00:00.000Z;1.Mar
1969-05-09T00:00:00.000Z;0.970
1969-05-10T00:00:00.000Z;Jan.34
1969-05-11T00:00:00.000Z;1.Mar
1969-05-12T00:00:00.000Z;0.520
1969-05-13T00:00:00.000Z;0.425
1969-05-14T00:00:00.000Z;0.380
1969-05-15T00:00:00.000Z;0.350
1969-05-16T00:00:00.000Z;0.320
1969-05-17T00:00:00.000Z;0.305
1969-05-18T00:00:00.000Z;0.310
1969-05-19T00:00:00.000Z;0.360
1969-05-20T00:00:00.000Z;0.385
1969-05-21T00:00:00.000Z;0.320
1969-05-22T00:00:00.000Z;0.290
1969-05-23T00:00:00.000Z;0.265
1969-05-24T00:00:00.000Z;0.245
1969-05-25T00:00:00.000Z;0.215
1969-05-26T00:00:00.000Z;0.190
1969-05-27T00:00:00.000Z;0.175
1969-05-28T00:00:00.000Z;0.180
1969-05-29T00:00:00.000Z;0.255
1969-05-30T00:00:00.000Z;0.200
1969-05-31T00:00:00.000Z;0.180
1969-06-01T00:00:00.000Z;0.165
1969-06-02T00:00:00.000Z;0.160
1969-06-03T00:00:00.000Z;0.155
1969-06-04T00:00:00.000Z;0.145
1969-06-05T00:00:00.000Z;0.360
1969-06-06T00:00:00.000Z;0.365
1969-06-07T00:00:00.000Z;0.265
1969-06-08T00:00:00.000Z;0.240
1969-06-09T00:00:00.000Z;0.215
1969-06-10T00:00:00.000Z;0.190
1969-06-11T00:00:00.000Z;0.175
1969-06-12T00:00:00.000Z;0.160
1969-06-13T00:00:00.000Z;0.145
1969-06-14T00:00:00.000Z;0.340
1969-06-15T00:00:00.000Z;0.360
1969-06-16T00:00:00.000Z;0.365
1969-06-17T00:00:00.000Z;0.245
1969-06-18T00:00:00.000Z;0.215
1969-06-19T00:00:00.000Z;0.305
1969-06-20T00:00:00.000Z;0.245
1969-06-21T00:00:00.000Z;0.220
1969-06-22T00:00:00.000Z;0.205
1969-06-23T00:00:00.000Z;0.200
1969-06-24T00:00:00.000Z;0.190
1969-06-25T00:00:00.000Z;0.180
1969-06-26T00:00:00.000Z;0.175
1969-06-27T00:00:00.000Z;0.160
1969-06-28T00:00:00.000Z;0.145
1969-06-29T00:00:00.000Z;0.135
1969-06-30T00:00:00.000Z;0.130
1969-07-01T00:00:00.000Z;0.125
1969-07-02T00:00:00.000Z;0.115
1969-07-03T00:00:00.000Z;0.112
1969-07-04T00:00:00.000Z;0.110
1969-07-05T00:00:00.000Z;0.105
1969-07-06T00:00:00.000Z;0.105
1969-07-07T00:00:00.000Z;0.160
1969-07-08T00:00:00.000Z;0.210
1969-07-09T00:00:00.000Z;0.140
1969-07-10T00:00:00.000Z;0.125
1969-07-11T00:00:00.000Z;0.110
1969-07-12T00:00:00.000Z;0.108
1969-07-13T00:00:00.000Z;0.105
1969-07-14T00:00:00.000Z;0.105
1969-07-15T00:00:00.000Z;0.102
1969-07-16T00:00:00.000Z;0.100
1969-07-17T00:00:00.000Z;0.0950
1969-07-18T00:00:00.000Z;0.0880
1969-07-19T00:00:00.000Z;0.0870
1969-07-20T00:00:00.000Z;0.0850
1969-07-21T00:00:00.000Z;0.0830
1969-07-22T00:00:00.000Z;0.0800
1969-07-23T00:00:00.000Z;0.0780
1969-07-24T00:00:00.000Z;0.0750
1969-07-25T00:00:00.000Z;0.0850
1969-07-26T00:00:00.000Z;0.105
1969-07-27T00:00:00.000Z;0.100
1969-07-28T00:00:00.000Z;0.275
1969-07-29T00:00:00.000Z;0.965
1969-07-30T00:00:00.000Z;0.530
1969-07-31T00:00:00.000Z;0.270
1969-08-01T00:00:00.000Z;0.280
1969-08-02T00:00:00.000Z;0.630
1969-08-03T00:00:00.000Z;0.450
1969-08-04T00:00:00.000Z;0.270
1969-08-05T00:00:00.000Z;0.265
1969-08-06T00:00:00.000Z;0.370
1969-08-07T00:00:00.000Z;0.255
1969-08-08T00:00:00.000Z;0.210
1969-08-09T00:00:00.000Z;0.165
1969-08-10T00:00:00.000Z;0.145
1969-08-11T00:00:00.000Z;0.135
1969-08-12T00:00:00.000Z;0.120
1969-08-13T00:00:00.000Z;0.115
1969-08-14T00:00:00.000Z;0.115
1969-08-15T00:00:00.000Z;0.110
1969-08-16T00:00:00.000Z;0.105
1969-08-17T00:00:00.000Z;0.100
1969-08-18T00:00:00.000Z;0.0980
1969-08-19T00:00:00.000Z;0.0950
1969-08-20T00:00:00.000Z;0.0900
1969-08-21T00:00:00.000Z;0.0900
1969-08-22T00:00:00.000Z;0.0900
1969-08-23T00:00:00.000Z;0.0900
1969-08-24T00:00:00.000Z;0.0910
1969-08-25T00:00:00.000Z;0.0900
1969-08-26T00:00:00.000Z;0.0890
1969-08-27T00:00:00.000Z;0.0850
1969-08-28T00:00:00.000Z;0.0860
1969-08-29T00:00:00.000Z;0.0850
1969-08-30T00:00:00.000Z;0.0980
1969-08-31T00:00:00.000Z;0.0950
1969-09-01T00:00:00.000Z;0.0880
1969-09-02T00:00:00.000Z;0.0870
1969-09-03T00:00:00.000Z;0.0850
1969-09-04T00:00:00.000Z;0.0850
1969-09-05T00:00:00.000Z;0.0850
1969-09-06T00:00:00.000Z;0.0870
1969-09-07T00:00:00.000Z;0.0880
1969-09-08T00:00:00.000Z;0.125
1969-09-09T00:00:00.000Z;0.120
1969-09-10T00:00:00.000Z;0.105
1969-09-11T00:00:00.000Z;0.0900
1969-09-12T00:00:00.000Z;0.0880
1969-09-13T00:00:00.000Z;0.0860
1969-09-14T00:00:00.000Z;0.0980
1969-09-15T00:00:00.000Z;0.100
1969-09-16T00:00:00.000Z;0.270
1969-09-17T00:00:00.000Z;0.225
1969-09-18T00:00:00.000Z;0.290
1969-09-19T00:00:00.000Z;0.645
1969-09-20T00:00:00.000Z;0.385
1969-09-21T00:00:00.000Z;0.340
1969-09-22T00:00:00.000Z;0.270
1969-09-23T00:00:00.000Z;0.225
1969-09-24T00:00:00.000Z;0.175
1969-09-25T00:00:00.000Z;0.135
1969-09-26T00:00:00.000Z;0.115
1969-09-27T00:00:00.000Z;0.110
1969-09-28T00:00:00.000Z;0.108
1969-09-29T00:00:00.000Z;0.105
1969-09-30T00:00:00.000Z;0.110
1969-10-01T00:00:00.000Z;0.670
1969-10-02T00:00:00.000Z;0.700
1969-10-03T00:00:00.000Z;0.405
1969-10-04T00:00:00.000Z;0.305
1969-10-05T00:00:00.000Z;0.255
1969-10-06T00:00:00.000Z;0.225
1969-10-07T00:00:00.000Z;0.190
1969-10-08T00:00:00.000Z;0.170
1969-10-09T00:00:00.000Z;0.160
1969-10-10T00:00:00.000Z;0.150
1969-10-11T00:00:00.000Z;0.145
1969-10-12T00:00:00.000Z;0.140
1969-10-13T00:00:00.000Z;0.135
1969-10-14T00:00:00.000Z;0.130
1969-10-15T00:00:00.000Z;0.125
1969-10-16T00:00:00.000Z;0.120
1969-10-17T00:00:00.000Z;0.115
1969-10-18T00:00:00.000Z;0.112
1969-10-19T00:00:00.000Z;0.100
1969-10-20T00:00:00.000Z;0.0980
1969-10-21T00:00:00.000Z;0.0900
1969-10-22T00:00:00.000Z;0.0880
1969-10-23T00:00:00.000Z;0.0860
1969-10-24T00:00:00.000Z;0.0850
1969-10-25T00:00:00.000Z;0.0840
1969-10-26T00:00:00.000Z;0.0830
1969-10-27T00:00:00.000Z;0.0820
1969-10-28T00:00:00.000Z;0.0800
1969-10-29T00:00:00.000Z;0.0800
1969-10-30T00:00:00.000Z;0.0790
1969-10-31T00:00:00.000Z;0.0780
1969-11-01T00:00:00.000Z;0.0770
1969-11-02T00:00:00.000Z;0.0760
1969-11-03T00:00:00.000Z;0.0750
1969-11-04T00:00:00.000Z;0.0750
1969-11-05T00:00:00.000Z;0.0740
1969-11-06T00:00:00.000Z;0.0740
1969-11-07T00:00:00.000Z;0.0740
1969-11-08T00:00:00.000Z;0.0730
1969-11-09T00:00:00.000Z;0.0730
1969-11-10T00:00:00.000Z;0.0720
1969-11-11T00:00:00.000Z;0.0720
1969-11-12T00:00:00.000Z;0.0710
1969-11-13T00:00:00.000Z;0.0710
1969-11-14T00:00:00.000Z;0.0700
1969-11-15T00:00:00.000Z;0.0700
1969-11-16T00:00:00.000Z;0.0700
1969-11-17T00:00:00.000Z;0.0700
1969-11-18T00:00:00.000Z;0.0700
1969-11-19T00:00:00.000Z;0.0700
1969-11-20T00:00:00.000Z;0.0700
1969-11-21T00:00:00.000Z;0.0700
1969-11-22T00:00:00.000Z;0.0710
1969-11-23T00:00:00.000Z;0.0710
1969-11-24T00:00:00.000Z;0.0710
1969-11-25T00:00:00.000Z;0.0700
1969-11-26T00:00:00.000Z;0.0700
1969-11-27T00:00:00.000Z;0.0700
1969-11-28T00:00:00.000Z;0.0700
1969-11-29T00:00:00.000Z;0.0700
1969-11-30T00:00:00.000Z;0.0700
1969-12-01T00:00:00.000Z;0.0710
1969-12-02T00:00:00.000Z;0.0720
1969-12-03T00:00:00.000Z;0.0720
1969-12-04T00:00:00.000Z;Feb.29
1969-12-05T00:00:00.000Z;Mar.55
1969-12-06T00:00:00.000Z;Feb.71
1969-12-07T00:00:00.000Z;Mar.53
1969-12-08T00:00:00.000Z;Jan.61
1969-12-09T00:00:00.000Z;1.Mar
1969-12-10T00:00:00.000Z;0.640
1969-12-11T00:00:00.000Z;0.530
1969-12-12T00:00:00.000Z;0.495
1969-12-13T00:00:00.000Z;0.450
1969-12-14T00:00:00.000Z;0.385
1969-12-15T00:00:00.000Z;Jan.15
1969-12-16T00:00:00.000Z;4.Nov
1969-12-17T00:00:00.000Z;3.Mar
1969-12-18T00:00:00.000Z;Feb.71
1969-12-19T00:00:00.000Z;Mar.85
1969-12-20T00:00:00.000Z;Apr.38
1969-12-21T00:00:00.000Z;Mar.66
1969-12-22T00:00:00.000Z;3.Oct
1969-12-23T00:00:00.000Z;Feb.89
1969-12-24T00:00:00.000Z;Feb.51
1969-12-25T00:00:00.000Z;Jan.75
1969-12-26T00:00:00.000Z;Jan.27
1969-12-27T00:00:00.000Z;0.850
1969-12-28T00:00:00.000Z;0.790
1969-12-29T00:00:00.000Z;0.720
1969-12-30T00:00:00.000Z;0.620
1969-12-31T00:00:00.000Z;0.560
1970-01-01T00:00:00.000Z;0.540
1970-01-02T00:00:00.000Z;0.495
1970-01-03T00:00:00.000Z;0.460
1970-01-04T00:00:00.000Z;0.460
1970-01-05T00:00:00.000Z;0.560
1970-01-06T00:00:00.000Z;0.655
1970-01-07T00:00:00.000Z;0.540
1970-01-08T00:00:00.000Z;0.480
1970-01-09T00:00:00.000Z;0.540
1970-01-10T00:00:00.000Z;0.540
1970-01-11T00:00:00.000Z;0.510
1970-01-12T00:00:00.000Z;0.455
1970-01-13T00:00:00.000Z;0.440
1970-01-14T00:00:00.000Z;0.420
1970-01-15T00:00:00.000Z;0.405
1970-01-16T00:00:00.000Z;0.560
1970-01-17T00:00:00.000Z;0.895
1970-01-18T00:00:00.000Z;0.690
1970-01-19T00:00:00.000Z;0.700
1970-01-20T00:00:00.000Z;0.605
1970-01-21T00:00:00.000Z;Jan.28
1970-01-22T00:00:00.000Z;0.915
1970-01-23T00:00:00.000Z;0.605
1970-01-24T00:00:00.000Z;0.510
1970-01-25T00:00:00.000Z;0.450
1970-01-26T00:00:00.000Z;0.385
1970-01-27T00:00:00.000Z;0.405
1970-01-28T00:00:00.000Z;0.385
1970-01-29T00:00:00.000Z;0.365
1970-01-30T00:00:00.000Z;0.720
1970-01-31T00:00:00.000Z;Feb.85
1970-02-01T00:00:00.000Z;Jan.82
1970-02-02T00:00:00.000Z;3.Oct
1970-02-03T00:00:00.000Z;Feb.37
1970-02-04T00:00:00.000Z;Jan.14
1970-02-05T00:00:00.000Z;0.690
1970-02-06T00:00:00.000Z;0.530
1970-02-07T00:00:00.000Z;0.480
1970-02-08T00:00:00.000Z;0.420
1970-02-09T00:00:00.000Z;0.380
1970-02-10T00:00:00.000Z;0.355
1970-02-11T00:00:00.000Z;0.330
1970-02-12T00:00:00.000Z;0.320
1970-02-13T00:00:00.000Z;0.385
1970-02-14T00:00:00.000Z;0.430
1970-02-15T00:00:00.000Z;0.385
1970-02-16T00:00:00.000Z;0.340
1970-02-17T00:00:00.000Z;0.430
1970-02-18T00:00:00.000Z;0.885
1970-02-19T00:00:00.000Z;0.810
1970-02-20T00:00:00.000Z;0.830
1970-02-21T00:00:00.000Z;0.875
1970-02-22T00:00:00.000Z;0.770
1970-02-23T00:00:00.000Z;0.590
1970-02-24T00:00:00.000Z;0.495
1970-02-25T00:00:00.000Z;0.510
1970-02-26T00:00:00.000Z;0.485
1970-02-27T00:00:00.000Z;0.450
1970-02-28T00:00:00.000Z;0.420
1970-03-01T00:00:00.000Z;0.450
1970-03-02T00:00:00.000Z;0.430
1970-03-03T00:00:00.000Z;0.520
1970-03-04T00:00:00.000Z;0.480
1970-03-05T00:00:00.000Z;0.620
1970-03-06T00:00:00.000Z;0.540
1970-03-07T00:00:00.000Z;0.530
1970-03-08T00:00:00.000Z;0.620
1970-03-09T00:00:00.000Z;0.605
1970-03-10T00:00:00.000Z;0.620
1970-03-11T00:00:00.000Z;0.560
1970-03-12T00:00:00.000Z;0.560
1970-03-13T00:00:00.000Z;0.640
1970-03-14T00:00:00.000Z;0.690
1970-03-15T00:00:00.000Z;0.605
1970-03-16T00:00:00.000Z;0.610
1970-03-17T00:00:00.000Z;0.720
1970-03-18T00:00:00.000Z;0.775
1970-03-19T00:00:00.000Z;4.Aug
1970-03-20T00:00:00.000Z;Mar.50
1970-03-21T00:00:00.000Z;Feb.55
1970-03-22T00:00:00.000Z;2.Apr
1970-03-23T00:00:00.000Z;2.Oct
1970-03-24T00:00:00.000Z;Jan.45
1970-03-25T00:00:00.000Z;0.915
1970-03-26T00:00:00.000Z;0.700
1970-03-27T00:00:00.000Z;0.680
1970-03-28T00:00:00.000Z;0.640
1970-03-29T00:00:00.000Z;0.590
1970-03-30T00:00:00.000Z;0.530
1970-03-31T00:00:00.000Z;0.510
1970-04-01T00:00:00.000Z;0.510
1970-04-02T00:00:00.000Z;0.460
1970-04-03T00:00:00.000Z;0.460
1970-04-04T00:00:00.000Z;0.470
1970-04-05T00:00:00.000Z;0.455
1970-04-06T00:00:00.000Z;0.470
1970-04-07T00:00:00.000Z;0.470
1970-04-08T00:00:00.000Z;0.455
1970-04-09T00:00:00.000Z;0.430
1970-04-10T00:00:00.000Z;0.450
1970-04-11T00:00:00.000Z;0.450
1970-04-12T00:00:00.000Z;0.460
1970-04-13T00:00:00.000Z;0.575
1970-04-14T00:00:00.000Z;0.605
1970-04-15T00:00:00.000Z;0.560
1970-04-16T00:00:00.000Z;0.480
1970-04-17T00:00:00.000Z;0.450
1970-04-18T00:00:00.000Z;0.410
1970-04-19T00:00:00.000Z;0.385
1970-04-20T00:00:00.000Z;Jan.42
1970-04-21T00:00:00.000Z;Jan.41
1970-04-22T00:00:00.000Z;Jan.18
1970-04-23T00:00:00.000Z;1.Feb
1970-04-24T00:00:00.000Z;0.670
1970-04-25T00:00:00.000Z;0.530
1970-04-26T00:00:00.000Z;0.750
1970-04-27T00:00:00.000Z;0.770
1970-04-28T00:00:00.000Z;0.830
1970-04-29T00:00:00.000Z;0.810
1970-04-30T00:00:00.000Z;Jan.26
1970-05-01T00:00:00.000Z;Jan.23
1970-05-02T00:00:00.000Z;0.810
1970-05-03T00:00:00.000Z;0.620
1970-05-04T00:00:00.000Z;0.540
1970-05-05T00:00:00.000Z;0.490
1970-05-06T00:00:00.000Z;0.720
1970-05-07T00:00:00.000Z;Jan.27
1970-05-08T00:00:00.000Z;Feb.20
1970-05-09T00:00:00.000Z;Jan.55
1970-05-10T00:00:00.000Z;1.Mar
1970-05-11T00:00:00.000Z;0.720
1970-05-12T00:00:00.000Z;0.560
1970-05-13T00:00:00.000Z;0.495
1970-05-14T00:00:00.000Z;0.460
1970-05-15T00:00:00.000Z;0.425
1970-05-16T00:00:00.000Z;0.420
1970-05-17T00:00:00.000Z;Jan.64
1970-05-18T00:00:00.000Z;Jan.97
1970-05-19T00:00:00.000Z;Jan.41
1970-05-20T00:00:00.000Z;0.915
1970-05-21T00:00:00.000Z;0.655
1970-05-22T00:00:00.000Z;0.560
1970-05-23T00:00:00.000Z;0.495
1970-05-24T00:00:00.000Z;0.450
1970-05-25T00:00:00.000Z;0.405
1970-05-26T00:00:00.000Z;0.370
1970-05-27T00:00:00.000Z;0.355
1970-05-28T00:00:00.000Z;0.320
1970-05-29T00:00:00.000Z;0.305
1970-05-30T00:00:00.000Z;0.280
1970-05-31T00:00:00.000Z;0.265
1970-06-01T00:00:00.000Z;0.250
1970-06-02T00:00:00.000Z;0.240
1970-06-03T00:00:00.000Z;0.235
1970-06-04T00:00:00.000Z;0.230
1970-06-05T00:00:00.000Z;0.225
1970-06-06T00:00:00.000Z;0.220
1970-06-07T00:00:00.000Z;0.210
1970-06-08T00:00:00.000Z;0.205
1970-06-09T00:00:00.000Z;0.265
1970-06-10T00:00:00.000Z;0.450
1970-06-11T00:00:00.000Z;0.370
1970-06-12T00:00:00.000Z;Jan.19
1970-06-13T00:00:00.000Z;Mar.15
1970-06-14T00:00:00.000Z;Jan.91
1970-06-15T00:00:00.000Z;0.940
1970-06-16T00:00:00.000Z;0.515
1970-06-17T00:00:00.000Z;0.485
1970-06-18T00:00:00.000Z;0.655
1970-06-19T00:00:00.000Z;Jan.18
1970-06-20T00:00:00.000Z;0.810
1970-06-21T00:00:00.000Z;0.605
1970-06-22T00:00:00.000Z;0.480
1970-06-23T00:00:00.000Z;0.385
1970-06-24T00:00:00.000Z;0.355
1970-06-25T00:00:00.000Z;0.305
1970-06-26T00:00:00.000Z;0.295
1970-06-27T00:00:00.000Z;0.285
1970-06-28T00:00:00.000Z;0.430
1970-06-29T00:00:00.000Z;0.405
1970-06-30T00:00:00.000Z;0.305
1970-07-01T00:00:00.000Z;0.285
1970-07-02T00:00:00.000Z;0.270
1970-07-03T00:00:00.000Z;0.260
1970-07-04T00:00:00.000Z;0.240
1970-07-05T00:00:00.000Z;0.225
1970-07-06T00:00:00.000Z;0.210
1970-07-07T00:00:00.000Z;0.205
1970-07-08T00:00:00.000Z;0.190
1970-07-09T00:00:00.000Z;0.180
1970-07-10T00:00:00.000Z;0.175
1970-07-11T00:00:00.000Z;0.165
1970-07-12T00:00:00.000Z;0.150
1970-07-13T00:00:00.000Z;0.145
1970-07-14T00:00:00.000Z;0.145
1970-07-15T00:00:00.000Z;0.190
1970-07-16T00:00:00.000Z;0.215
1970-07-17T00:00:00.000Z;0.160
1970-07-18T00:00:00.000Z;0.135
1970-07-19T00:00:00.000Z;0.125
1970-07-20T00:00:00.000Z;0.120
1970-07-21T00:00:00.000Z;0.120
1970-07-22T00:00:00.000Z;0.115
1970-07-23T00:00:00.000Z;0.112
1970-07-24T00:00:00.000Z;0.110
1970-07-25T00:00:00.000Z;0.105
1970-07-26T00:00:00.000Z;0.105
1970-07-27T00:00:00.000Z;0.103
1970-07-28T00:00:00.000Z;0.100
1970-07-29T00:00:00.000Z;0.0980
1970-07-30T00:00:00.000Z;0.0980
1970-07-31T00:00:00.000Z;0.0950
1970-08-01T00:00:00.000Z;0.0950
1970-08-02T00:00:00.000Z;0.0950
1970-08-03T00:00:00.000Z;0.0950
1970-08-04T00:00:00.000Z;0.0930
1970-08-05T00:00:00.000Z;0.0930
1970-08-06T00:00:00.000Z;0.0920
1970-08-07T00:00:00.000Z;0.0920
1970-08-08T00:00:00.000Z;0.0910
1970-08-09T00:00:00.000Z;0.0900
1970-08-10T00:00:00.000Z;0.0900
1970-08-11T00:00:00.000Z;0.0850
1970-08-12T00:00:00.000Z;0.0850
1970-08-13T00:00:00.000Z;0.0840
1970-08-14T00:00:00.000Z;0.0830
1970-08-15T00:00:00.000Z;0.0820
1970-08-16T00:00:00.000Z;0.0830
1970-08-17T00:00:00.000Z;0.0820
1970-08-18T00:00:00.000Z;0.0820
1970-08-19T00:00:00.000Z;0.0830
1970-08-20T00:00:00.000Z;0.0850
1970-08-21T00:00:00.000Z;0.0840
1970-08-22T00:00:00.000Z;0.0800
1970-08-23T00:00:00.000Z;0.0800
1970-08-24T00:00:00.000Z;0.0790
1970-08-25T00:00:00.000Z;0.0760
1970-08-26T00:00:00.000Z;0.0760
1970-08-27T00:00:00.000Z;0.0750
1970-08-28T00:00:00.000Z;0.0750
1970-08-29T00:00:00.000Z;0.0750
1970-08-30T00:00:00.000Z;0.0750
1970-08-31T00:00:00.000Z;0.0750
1970-09-01T00:00:00.000Z;0.0700
1970-09-02T00:00:00.000Z;0.0700
1970-09-03T00:00:00.000Z;0.0700
1970-09-04T00:00:00.000Z;0.0700
1970-09-05T00:00:00.000Z;0.0700
1970-09-06T00:00:00.000Z;0.0650
1970-09-07T00:00:00.000Z;0.0650
1970-09-08T00:00:00.000Z;0.0650
1970-09-09T00:00:00.000Z;0.0650
1970-09-10T00:00:00.000Z;0.0650
1970-09-11T00:00:00.000Z;0.0650
1970-09-12T00:00:00.000Z;0.0600
1970-09-13T00:00:00.000Z;0.0600
1970-09-14T00:00:00.000Z;0.0600
1970-09-15T00:00:00.000Z;0.0600
1970-09-16T00:00:00.000Z;0.0600
1970-09-17T00:00:00.000Z;0.0600
1970-09-18T00:00:00.000Z;0.0590
1970-09-19T00:00:00.000Z;0.0590
1970-09-20T00:00:00.000Z;0.0580
1970-09-21T00:00:00.000Z;0.0570
1970-09-22T00:00:00.000Z;0.0550
1970-09-23T00:00:00.000Z;0.0550
1970-09-24T00:00:00.000Z;0.0540
1970-09-25T00:00:00.000Z;0.0530
1970-09-26T00:00:00.000Z;0.0520
1970-09-27T00:00:00.000Z;0.0510
1970-09-28T00:00:00.000Z;0.0500
1970-09-29T00:00:00.000Z;0.0500
1970-09-30T00:00:00.000Z;0.0500
1970-10-01T00:00:00.000Z;0.0550
1970-10-02T00:00:00.000Z;0.0550
1970-10-03T00:00:00.000Z;0.0540
1970-10-04T00:00:00.000Z;0.0540
1970-10-05T00:00:00.000Z;0.0540
1970-10-06T00:00:00.000Z;0.0530
1970-10-07T00:00:00.000Z;0.0530
1970-10-08T00:00:00.000Z;0.0520
1970-10-09T00:00:00.000Z;0.0520
1970-10-10T00:00:00.000Z;0.0500
1970-10-11T00:00:00.000Z;0.0750
1970-10-12T00:00:00.000Z;0.145
1970-10-13T00:00:00.000Z;0.0980
1970-10-14T00:00:00.000Z;0.0750
1970-10-15T00:00:00.000Z;0.0700
1970-10-16T00:00:00.000Z;0.0680
1970-10-17T00:00:00.000Z;0.0660
1970-10-18T00:00:00.000Z;0.0650
1970-10-19T00:00:00.000Z;0.0650
1970-10-20T00:00:00.000Z;0.0700
1970-10-21T00:00:00.000Z;0.270
1970-10-22T00:00:00.000Z;0.305
1970-10-23T00:00:00.000Z;0.210
1970-10-24T00:00:00.000Z;0.240
1970-10-25T00:00:00.000Z;0.285
1970-10-26T00:00:00.000Z;0.285
1970-10-27T00:00:00.000Z;0.210
1970-10-28T00:00:00.000Z;0.145
1970-10-29T00:00:00.000Z;0.120
1970-10-30T00:00:00.000Z;0.112
1970-10-31T00:00:00.000Z;0.100
1970-11-01T00:00:00.000Z;0.0980
1970-11-02T00:00:00.000Z;0.0900
1970-11-03T00:00:00.000Z;0.0880
1970-11-04T00:00:00.000Z;0.0850
1970-11-05T00:00:00.000Z;0.0830
1970-11-06T00:00:00.000Z;0.0820
1970-11-07T00:00:00.000Z;0.0830
1970-11-08T00:00:00.000Z;0.0820
1970-11-09T00:00:00.000Z;0.0810
1970-11-10T00:00:00.000Z;0.0800
1970-11-11T00:00:00.000Z;0.0820
1970-11-12T00:00:00.000Z;0.0850
1970-11-13T00:00:00.000Z;0.100
1970-11-14T00:00:00.000Z;0.285
1970-11-15T00:00:00.000Z;0.325
1970-11-16T00:00:00.000Z;0.420
1970-11-17T00:00:00.000Z;0.665
1970-11-18T00:00:00.000Z;0.510
1970-11-19T00:00:00.000Z;0.270
1970-11-20T00:00:00.000Z;0.230
1970-11-21T00:00:00.000Z;0.210
1970-11-22T00:00:00.000Z;0.220
1970-11-23T00:00:00.000Z;0.190
1970-11-24T00:00:00.000Z;0.150
1970-11-25T00:00:00.000Z;0.135
1970-11-26T00:00:00.000Z;0.120
1970-11-27T00:00:00.000Z;0.112
1970-11-28T00:00:00.000Z;0.105
1970-11-29T00:00:00.000Z;0.105
1970-11-30T00:00:00.000Z;0.100
1970-12-01T00:00:00.000Z;0.0980
1970-12-02T00:00:00.000Z;0.0950
1970-12-03T00:00:00.000Z;0.0900
1970-12-04T00:00:00.000Z;0.0850
1970-12-05T00:00:00.000Z;0.0850
1970-12-06T00:00:00.000Z;0.0840
1970-12-07T00:00:00.000Z;0.0840
1970-12-08T00:00:00.000Z;0.0830
1970-12-09T00:00:00.000Z;0.0840
1970-12-10T00:00:00.000Z;0.130
1970-12-11T00:00:00.000Z;0.316
1970-12-12T00:00:00.000Z;0.240
1970-12-13T00:00:00.000Z;0.210
1970-12-14T00:00:00.000Z;0.210
1970-12-15T00:00:00.000Z;0.240
1970-12-16T00:00:00.000Z;0.225
1970-12-17T00:00:00.000Z;0.175
1970-12-18T00:00:00.000Z;0.160
1970-12-19T00:00:00.000Z;0.120
1970-12-20T00:00:00.000Z;0.115
1970-12-21T00:00:00.000Z;0.107
1970-12-22T00:00:00.000Z;0.0980
1970-12-23T00:00:00.000Z;0.0920
1970-12-24T00:00:00.000Z;0.0910
1970-12-25T00:00:00.000Z;0.0900
1970-12-26T00:00:00.000Z;0.0850
1970-12-27T00:00:00.000Z;0.0840
1970-12-28T00:00:00.000Z;0.0830
1970-12-29T00:00:00.000Z;0.0800
1970-12-30T00:00:00.000Z;0.0800
1970-12-31T00:00:00.000Z;0.0750
1971-01-01T00:00:00.000Z;0.0730
1971-01-02T00:00:00.000Z;0.0710
1971-01-03T00:00:00.000Z;0.0700
1971-01-04T00:00:00.000Z;0.0700
1971-01-05T00:00:00.000Z;0.0700
1971-01-06T00:00:00.000Z;0.735
1971-01-07T00:00:00.000Z;0.710
1971-01-08T00:00:00.000Z;0.450
1971-01-09T00:00:00.000Z;0.335
1971-01-10T00:00:00.000Z;0.270
1971-01-11T00:00:00.000Z;0.225
1971-01-12T00:00:00.000Z;0.190
1971-01-13T00:00:00.000Z;0.145
1971-01-14T00:00:00.000Z;0.135
1971-01-15T00:00:00.000Z;0.140
1971-01-16T00:00:00.000Z;0.360
1971-01-17T00:00:00.000Z;0.425
1971-01-18T00:00:00.000Z;0.285
1971-01-19T00:00:00.000Z;0.340
1971-01-20T00:00:00.000Z;0.815
1971-01-21T00:00:00.000Z;0.800
1971-01-22T00:00:00.000Z;0.495
1971-01-23T00:00:00.000Z;0.610
1971-01-24T00:00:00.000Z;Jan.89
1971-01-25T00:00:00.000Z;1.Jun
1971-01-26T00:00:00.000Z;0.560
1971-01-27T00:00:00.000Z;0.430
1971-01-28T00:00:00.000Z;0.310
1971-01-29T00:00:00.000Z;0.285
1971-01-30T00:00:00.000Z;0.255
1971-01-31T00:00:00.000Z;0.270
1971-02-01T00:00:00.000Z;0.320
1971-02-02T00:00:00.000Z;0.310
1971-02-03T00:00:00.000Z;0.290
1971-02-04T00:00:00.000Z;0.310
1971-02-05T00:00:00.000Z;0.480
1971-02-06T00:00:00.000Z;0.630
1971-02-07T00:00:00.000Z;0.645
1971-02-08T00:00:00.000Z;0.540
1971-02-09T00:00:00.000Z;0.445
1971-02-10T00:00:00.000Z;0.380
1971-02-11T00:00:00.000Z;0.310
1971-02-12T00:00:00.000Z;0.295
1971-02-13T00:00:00.000Z;0.280
1971-02-14T00:00:00.000Z;0.280
1971-02-15T00:00:00.000Z;0.270
1971-02-16T00:00:00.000Z;0.250
1971-02-17T00:00:00.000Z;Jan.68
1971-02-18T00:00:00.000Z;Mar.48
1971-02-19T00:00:00.000Z;May.28
1971-02-20T00:00:00.000Z;Jul.84
1971-02-21T00:00:00.000Z;4.May
1971-02-22T00:00:00.000Z;Mar.33
1971-02-23T00:00:00.000Z;Feb.75
1971-02-24T00:00:00.000Z;Feb.34
1971-02-25T00:00:00.000Z;2.Mar
1971-02-26T00:00:00.000Z;Jan.54
1971-02-27T00:00:00.000Z;1.Jul
1971-02-28T00:00:00.000Z;0.800
1971-03-01T00:00:00.000Z;Jan.38
1971-03-02T00:00:00.000Z;1.Feb
1971-03-03T00:00:00.000Z;0.790
1971-03-04T00:00:00.000Z;0.650
1971-03-05T00:00:00.000Z;0.520
1971-03-06T00:00:00.000Z;0.500
1971-03-07T00:00:00.000Z;0.460
1971-03-08T00:00:00.000Z;0.405
1971-03-09T00:00:00.000Z;0.355
1971-03-10T00:00:00.000Z;0.345
1971-03-11T00:00:00.000Z;0.310
1971-03-12T00:00:00.000Z;0.350
1971-03-13T00:00:00.000Z;0.390
1971-03-14T00:00:00.000Z;0.400
1971-03-15T00:00:00.000Z;0.400
1971-03-16T00:00:00.000Z;0.640
1971-03-17T00:00:00.000Z;0.900
1971-03-18T00:00:00.000Z;0.825
1971-03-19T00:00:00.000Z;0.605
1971-03-20T00:00:00.000Z;0.710
1971-03-21T00:00:00.000Z;Jan.40
1971-03-22T00:00:00.000Z;Jan.41
1971-03-23T00:00:00.000Z;Jan.55
1971-03-24T00:00:00.000Z;0.900
1971-03-25T00:00:00.000Z;0.900
1971-03-26T00:00:00.000Z;1.Jun
1971-03-27T00:00:00.000Z;Jan.55
1971-03-28T00:00:00.000Z;Jan.22
1971-03-29T00:00:00.000Z;0.880
1971-03-30T00:00:00.000Z;0.905
1971-03-31T00:00:00.000Z;1.Sep
1971-04-01T00:00:00.000Z;1.Nov
1971-04-02T00:00:00.000Z;Jan.17
1971-04-03T00:00:00.000Z;Jan.24
1971-04-04T00:00:00.000Z;Jan.20
1971-04-05T00:00:00.000Z;1.Jan
1971-04-06T00:00:00.000Z;0.820
1971-04-07T00:00:00.000Z;0.820
1971-04-08T00:00:00.000Z;0.820
1971-04-09T00:00:00.000Z;0.720
1971-04-10T00:00:00.000Z;0.820
1971-04-11T00:00:00.000Z;0.900
1971-04-12T00:00:00.000Z;0.795
1971-04-13T00:00:00.000Z;0.660
1971-04-14T00:00:00.000Z;0.560
1971-04-15T00:00:00.000Z;0.510
1971-04-16T00:00:00.000Z;0.420
1971-04-17T00:00:00.000Z;0.420
1971-04-18T00:00:00.000Z;0.420
1971-04-19T00:00:00.000Z;0.400
1971-04-20T00:00:00.000Z;0.385
1971-04-21T00:00:00.000Z;0.355
1971-04-22T00:00:00.000Z;0.325
1971-04-23T00:00:00.000Z;0.615
1971-04-24T00:00:00.000Z;Jan.31
1971-04-25T00:00:00.000Z;1.Sep
1971-04-26T00:00:00.000Z;0.770
1971-04-27T00:00:00.000Z;0.560
1971-04-28T00:00:00.000Z;0.480
1971-04-29T00:00:00.000Z;0.435
1971-04-30T00:00:00.000Z;0.465
1971-05-01T00:00:00.000Z;0.470
1971-05-02T00:00:00.000Z;0.550
1971-05-03T00:00:00.000Z;0.745
1971-05-04T00:00:00.000Z;0.620
1971-05-05T00:00:00.000Z;0.480
1971-05-06T00:00:00.000Z;0.450
1971-05-07T00:00:00.000Z;0.385
1971-05-08T00:00:00.000Z;0.340
1971-05-09T00:00:00.000Z;0.310
1971-05-10T00:00:00.000Z;0.290
1971-05-11T00:00:00.000Z;0.310
1971-05-12T00:00:00.000Z;0.300
1971-05-13T00:00:00.000Z;0.340
1971-05-14T00:00:00.000Z;0.310
1971-05-15T00:00:00.000Z;0.400
1971-05-16T00:00:00.000Z;0.325
1971-05-17T00:00:00.000Z;0.290
1971-05-18T00:00:00.000Z;0.255
1971-05-19T00:00:00.000Z;0.255
1971-05-20T00:00:00.000Z;0.240
1971-05-21T00:00:00.000Z;0.240
1971-05-22T00:00:00.000Z;0.240
1971-05-23T00:00:00.000Z;0.400
1971-05-24T00:00:00.000Z;0.635
1971-05-25T00:00:00.000Z;0.630
1971-05-26T00:00:00.000Z;0.690
1971-05-27T00:00:00.000Z;0.985
1971-05-28T00:00:00.000Z;Jan.44
1971-05-29T00:00:00.000Z;Jan.13
1971-05-30T00:00:00.000Z;0.720
1971-05-31T00:00:00.000Z;0.860
1971-06-01T00:00:00.000Z;1.Dec
1971-06-02T00:00:00.000Z;0.855
1971-06-03T00:00:00.000Z;0.590
1971-06-04T00:00:00.000Z;0.480
1971-06-05T00:00:00.000Z;Jan.30
1971-06-06T00:00:00.000Z;Mar.73
1971-06-07T00:00:00.000Z;Feb.45
1971-06-08T00:00:00.000Z;Jan.33
1971-06-09T00:00:00.000Z;0.885
1971-06-10T00:00:00.000Z;0.885
1971-06-11T00:00:00.000Z;0.925
1971-06-12T00:00:00.000Z;0.820
1971-06-13T00:00:00.000Z;0.620
1971-06-14T00:00:00.000Z;0.560
1971-06-15T00:00:00.000Z;0.550
1971-06-16T00:00:00.000Z;0.510
1971-06-17T00:00:00.000Z;0.435
1971-06-18T00:00:00.000Z;0.420
1971-06-19T00:00:00.000Z;0.400
1971-06-20T00:00:00.000Z;0.370
1971-06-21T00:00:00.000Z;0.350
1971-06-22T00:00:00.000Z;0.325
1971-06-23T00:00:00.000Z;0.300
1971-06-24T00:00:00.000Z;0.290
1971-06-25T00:00:00.000Z;0.340
1971-06-26T00:00:00.000Z;0.700
1971-06-27T00:00:00.000Z;0.480
1971-06-28T00:00:00.000Z;0.395
1971-06-29T00:00:00.000Z;0.355
1971-06-30T00:00:00.000Z;0.325
1971-07-01T00:00:00.000Z;0.290
1971-07-02T00:00:00.000Z;0.280
1971-07-03T00:00:00.000Z;0.260
1971-07-04T00:00:00.000Z;0.255
1971-07-05T00:00:00.000Z;0.240
1971-07-06T00:00:00.000Z;0.220
1971-07-07T00:00:00.000Z;0.215
1971-07-08T00:00:00.000Z;0.175
1971-07-09T00:00:00.000Z;0.160
1971-07-10T00:00:00.000Z;0.150
1971-07-11T00:00:00.000Z;0.145
1971-07-12T00:00:00.000Z;0.135
1971-07-13T00:00:00.000Z;0.130
1971-07-14T00:00:00.000Z;0.125
1971-07-15T00:00:00.000Z;0.115
1971-07-16T00:00:00.000Z;0.113
1971-07-17T00:00:00.000Z;0.112
1971-07-18T00:00:00.000Z;0.112
1971-07-19T00:00:00.000Z;0.110
1971-07-20T00:00:00.000Z;0.108
1971-07-21T00:00:00.000Z;0.105
1971-07-22T00:00:00.000Z;0.105
1971-07-23T00:00:00.000Z;0.104
1971-07-24T00:00:00.000Z;0.105
1971-07-25T00:00:00.000Z;0.103
1971-07-26T00:00:00.000Z;0.100
1971-07-27T00:00:00.000Z;0.0980
1971-07-28T00:00:00.000Z;0.0970
1971-07-29T00:00:00.000Z;0.0950
1971-07-30T00:00:00.000Z;0.0940
1971-07-31T00:00:00.000Z;0.0930
1971-08-01T00:00:00.000Z;0.0940
1971-08-02T00:00:00.000Z;0.0930
1971-08-03T00:00:00.000Z;0.0920
1971-08-04T00:00:00.000Z;0.0900
1971-08-05T00:00:00.000Z;0.0900
1971-08-06T00:00:00.000Z;0.0900
1971-08-07T00:00:00.000Z;0.0950
1971-08-08T00:00:00.000Z;0.0950
1971-08-09T00:00:00.000Z;0.0930
1971-08-10T00:00:00.000Z;0.0900
1971-08-11T00:00:00.000Z;0.0900
1971-08-12T00:00:00.000Z;0.0900
1971-08-13T00:00:00.000Z;0.0890
1971-08-14T00:00:00.000Z;0.0900
1971-08-15T00:00:00.000Z;0.0890
1971-08-16T00:00:00.000Z;0.0890
1971-08-17T00:00:00.000Z;0.0880
1971-08-18T00:00:00.000Z;0.0870
1971-08-19T00:00:00.000Z;0.0860
1971-08-20T00:00:00.000Z;0.0850
1971-08-21T00:00:00.000Z;0.0850
1971-08-22T00:00:00.000Z;0.0840
1971-08-23T00:00:00.000Z;0.0840
1971-08-24T00:00:00.000Z;0.0830
1971-08-25T00:00:00.000Z;0.0830
1971-08-26T00:00:00.000Z;0.0820
1971-08-27T00:00:00.000Z;0.0810
1971-08-28T00:00:00.000Z;0.0810
1971-08-29T00:00:00.000Z;0.0800
1971-08-30T00:00:00.000Z;0.112
1971-08-31T00:00:00.000Z;0.360
1971-09-01T00:00:00.000Z;0.175
1971-09-02T00:00:00.000Z;0.0980
1971-09-03T00:00:00.000Z;0.0900
1971-09-04T00:00:00.000Z;0.0850
1971-09-05T00:00:00.000Z;0.0830
1971-09-06T00:00:00.000Z;0.0800
1971-09-07T00:00:00.000Z;0.0790
1971-09-08T00:00:00.000Z;0.0750
1971-09-09T00:00:00.000Z;0.0750
1971-09-10T00:00:00.000Z;0.0850
1971-09-11T00:00:00.000Z;0.0950
1971-09-12T00:00:00.000Z;0.0850
1971-09-13T00:00:00.000Z;0.105
1971-09-14T00:00:00.000Z;0.105
1971-09-15T00:00:00.000Z;0.105
1971-09-16T00:00:00.000Z;0.0950
1971-09-17T00:00:00.000Z;0.0880
1971-09-18T00:00:00.000Z;0.0850
1971-09-19T00:00:00.000Z;0.0830
1971-09-20T00:00:00.000Z;0.795
1971-09-21T00:00:00.000Z;0.795
1971-09-22T00:00:00.000Z;0.240
1971-09-23T00:00:00.000Z;0.145
1971-09-24T00:00:00.000Z;0.125
1971-09-25T00:00:00.000Z;0.105
1971-09-26T00:00:00.000Z;0.0980
1971-09-27T00:00:00.000Z;0.0960
1971-09-28T00:00:00.000Z;0.0980
1971-09-29T00:00:00.000Z;0.105
1971-09-30T00:00:00.000Z;0.0970
1971-10-01T00:00:00.000Z;0.0950
1971-10-02T00:00:00.000Z;0.0920
1971-10-03T00:00:00.000Z;0.0900
1971-10-04T00:00:00.000Z;0.0900
1971-10-05T00:00:00.000Z;0.165
1971-10-06T00:00:00.000Z;0.145
1971-10-07T00:00:00.000Z;0.112
1971-10-08T00:00:00.000Z;0.105
1971-10-09T00:00:00.000Z;0.0980
1971-10-10T00:00:00.000Z;0.0980
1971-10-11T00:00:00.000Z;0.0950
1971-10-12T00:00:00.000Z;0.0950
1971-10-13T00:00:00.000Z;0.0920
1971-10-14T00:00:00.000Z;0.0920
1971-10-15T00:00:00.000Z;0.0900
1971-10-16T00:00:00.000Z;0.0890
1971-10-17T00:00:00.000Z;0.0900
1971-10-18T00:00:00.000Z;0.0950
1971-10-19T00:00:00.000Z;0.0950
1971-10-20T00:00:00.000Z;0.0920
1971-10-21T00:00:00.000Z;0.0900
1971-10-22T00:00:00.000Z;0.0890
1971-10-23T00:00:00.000Z;0.0870
1971-10-24T00:00:00.000Z;0.0860
1971-10-25T00:00:00.000Z;0.0850
1971-10-26T00:00:00.000Z;0.0840
1971-10-27T00:00:00.000Z;0.0830
1971-10-28T00:00:00.000Z;0.0820
1971-10-29T00:00:00.000Z;0.0820
1971-10-30T00:00:00.000Z;0.0810
1971-10-31T00:00:00.000Z;0.0810
1971-11-01T00:00:00.000Z;0.0800
1971-11-02T00:00:00.000Z;0.0850
1971-11-03T00:00:00.000Z;0.0830
1971-11-04T00:00:00.000Z;0.0800
1971-11-05T00:00:00.000Z;0.0800
1971-11-06T00:00:00.000Z;0.0820
1971-11-07T00:00:00.000Z;0.0850
1971-11-08T00:00:00.000Z;0.0850
1971-11-09T00:00:00.000Z;0.105
1971-11-10T00:00:00.000Z;0.175
1971-11-11T00:00:00.000Z;0.165
1971-11-12T00:00:00.000Z;0.165
1971-11-13T00:00:00.000Z;0.190
1971-11-14T00:00:00.000Z;0.190
1971-11-15T00:00:00.000Z;0.290
1971-11-16T00:00:00.000Z;0.280
1971-11-17T00:00:00.000Z;0.310
1971-11-18T00:00:00.000Z;0.325
1971-11-19T00:00:00.000Z;0.625
1971-11-20T00:00:00.000Z;0.795
1971-11-21T00:00:00.000Z;0.465
1971-11-22T00:00:00.000Z;Feb.13
1971-11-23T00:00:00.000Z;Jan.36
1971-11-24T00:00:00.000Z;Jan.69
1971-11-25T00:00:00.000Z;0.925
1971-11-26T00:00:00.000Z;0.610
1971-11-27T00:00:00.000Z;0.495
1971-11-28T00:00:00.000Z;0.475
1971-11-29T00:00:00.000Z;0.880
1971-11-30T00:00:00.000Z;0.750
1971-12-01T00:00:00.000Z;0.900
1971-12-02T00:00:00.000Z;1.Nov
1971-12-03T00:00:00.000Z;Jan.25
1971-12-04T00:00:00.000Z;1.Oct
1971-12-05T00:00:00.000Z;0.860
1971-12-06T00:00:00.000Z;0.745
1971-12-07T00:00:00.000Z;Jan.22
1971-12-08T00:00:00.000Z;1.Jul
1971-12-09T00:00:00.000Z;0.810
1971-12-10T00:00:00.000Z;0.590
1971-12-11T00:00:00.000Z;0.480
1971-12-12T00:00:00.000Z;0.390
1971-12-13T00:00:00.000Z;0.400
1971-12-14T00:00:00.000Z;0.465
1971-12-15T00:00:00.000Z;0.435
1971-12-16T00:00:00.000Z;0.360
1971-12-17T00:00:00.000Z;0.340
1971-12-18T00:00:00.000Z;0.340
1971-12-19T00:00:00.000Z;0.310
1971-12-20T00:00:00.000Z;0.340
1971-12-21T00:00:00.000Z;0.325
1971-12-22T00:00:00.000Z;0.290
1971-12-23T00:00:00.000Z;0.255
1971-12-24T00:00:00.000Z;0.240
1971-12-25T00:00:00.000Z;0.220
1971-12-26T00:00:00.000Z;0.210
1971-12-27T00:00:00.000Z;0.190
1971-12-28T00:00:00.000Z;0.185
1971-12-29T00:00:00.000Z;0.190
1971-12-30T00:00:00.000Z;0.190
1971-12-31T00:00:00.000Z;0.190
1972-01-01T00:00:00.000Z;0.210
1972-01-02T00:00:00.000Z;0.215
1972-01-03T00:00:00.000Z;0.270
1972-01-04T00:00:00.000Z;0.275
1972-01-05T00:00:00.000Z;0.270
1972-01-06T00:00:00.000Z;0.280
1972-01-07T00:00:00.000Z;0.285
1972-01-08T00:00:00.000Z;0.290
1972-01-09T00:00:00.000Z;0.290
1972-01-10T00:00:00.000Z;0.550
1972-01-11T00:00:00.000Z;0.520
1972-01-12T00:00:00.000Z;0.790
1972-01-13T00:00:00.000Z;1.00
1972-01-14T00:00:00.000Z;0.745
1972-01-15T00:00:00.000Z;0.660
1972-01-16T00:00:00.000Z;0.565
1972-01-17T00:00:00.000Z;0.500
1972-01-18T00:00:00.000Z;Jan.36
1972-01-19T00:00:00.000Z;1.Sep
1972-01-20T00:00:00.000Z;0.860
1972-01-21T00:00:00.000Z;0.805
1972-01-22T00:00:00.000Z;0.695
1972-01-23T00:00:00.000Z;0.575
1972-01-24T00:00:00.000Z;0.515
1972-01-25T00:00:00.000Z;0.475
1972-01-26T00:00:00.000Z;3.Jun
1972-01-27T00:00:00.000Z;May.40
1972-01-28T00:00:00.000Z;Mar.30
1972-01-29T00:00:00.000Z;Jan.73
1972-01-30T00:00:00.000Z;1.Apr
1972-01-31T00:00:00.000Z;0.740
1972-02-01T00:00:00.000Z;0.770
1972-02-02T00:00:00.000Z;1.Jan
1972-02-03T00:00:00.000Z;0.925
1972-02-04T00:00:00.000Z;Jan.28
1972-02-05T00:00:00.000Z;Jan.22
1972-02-06T00:00:00.000Z;Jan.17
1972-02-07T00:00:00.000Z;Jan.78
1972-02-08T00:00:00.000Z;Jan.69
1972-02-09T00:00:00.000Z;Jan.33
1972-02-10T00:00:00.000Z;Jan.66
1972-02-11T00:00:00.000Z;Feb.90
1972-02-12T00:00:00.000Z;Mar.45
1972-02-13T00:00:00.000Z;Feb.62
1972-02-14T00:00:00.000Z;Feb.18
1972-02-15T00:00:00.000Z;Jan.31
1972-02-16T00:00:00.000Z;Jan.15
1972-02-17T00:00:00.000Z;Jan.15
1972-02-18T00:00:00.000Z;0.990
1972-02-19T00:00:00.000Z;0.900
1972-02-20T00:00:00.000Z;0.755
1972-02-21T00:00:00.000Z;0.660
1972-02-22T00:00:00.000Z;0.670
1972-02-23T00:00:00.000Z;0.720
1972-02-24T00:00:00.000Z;0.695
1972-02-25T00:00:00.000Z;0.770
1972-02-26T00:00:00.000Z;0.885
1972-02-27T00:00:00.000Z;0.900
1972-02-28T00:00:00.000Z;0.990
1972-02-29T00:00:00.000Z;0.835
1972-03-01T00:00:00.000Z;0.740
1972-03-02T00:00:00.000Z;0.695
1972-03-03T00:00:00.000Z;0.770
1972-03-04T00:00:00.000Z;0.860
1972-03-05T00:00:00.000Z;1.Jan
1972-03-06T00:00:00.000Z;0.990
1972-03-07T00:00:00.000Z;Jan.26
1972-03-08T00:00:00.000Z;1.Sep
1972-03-09T00:00:00.000Z;0.860
1972-03-10T00:00:00.000Z;0.660
1972-03-11T00:00:00.000Z;0.620
1972-03-12T00:00:00.000Z;0.620
1972-03-13T00:00:00.000Z;0.550
1972-03-14T00:00:00.000Z;0.560
1972-03-15T00:00:00.000Z;0.590
1972-03-16T00:00:00.000Z;0.560
1972-03-17T00:00:00.000Z;0.550
1972-03-18T00:00:00.000Z;0.550
1972-03-19T00:00:00.000Z;0.515
1972-03-20T00:00:00.000Z;0.480
1972-03-21T00:00:00.000Z;0.435
1972-03-22T00:00:00.000Z;0.420
1972-03-23T00:00:00.000Z;0.400
1972-03-24T00:00:00.000Z;0.390
1972-03-25T00:00:00.000Z;0.380
1972-03-26T00:00:00.000Z;0.400
1972-03-27T00:00:00.000Z;0.400
1972-03-28T00:00:00.000Z;0.375
1972-03-29T00:00:00.000Z;0.370
1972-03-30T00:00:00.000Z;0.355
1972-03-31T00:00:00.000Z;0.400
1972-04-01T00:00:00.000Z;0.435
1972-04-02T00:00:00.000Z;0.465
1972-04-03T00:00:00.000Z;0.420
1972-04-04T00:00:00.000Z;0.420
1972-04-05T00:00:00.000Z;0.740
1972-04-06T00:00:00.000Z;0.620
1972-04-07T00:00:00.000Z;0.435
1972-04-08T00:00:00.000Z;0.740
1972-04-09T00:00:00.000Z;0.820
1972-04-10T00:00:00.000Z;0.620
1972-04-11T00:00:00.000Z;1.Apr
1972-04-12T00:00:00.000Z;Mar.84
1972-04-13T00:00:00.000Z;Feb.90
1972-04-14T00:00:00.000Z;Feb.23
1972-04-15T00:00:00.000Z;Feb.68
1972-04-16T00:00:00.000Z;Mar.26
1972-04-17T00:00:00.000Z;Feb.17
1972-04-18T00:00:00.000Z;Feb.17
1972-04-19T00:00:00.000Z;Jan.71
1972-04-20T00:00:00.000Z;Feb.55
1972-04-21T00:00:00.000Z;Jan.37
1972-04-22T00:00:00.000Z;Jan.42
1972-04-23T00:00:00.000Z;Jan.91
1972-04-24T00:00:00.000Z;Jan.73
1972-04-25T00:00:00.000Z;Jan.82
1972-04-26T00:00:00.000Z;Jan.55
1972-04-27T00:00:00.000Z;Jan.15
1972-04-28T00:00:00.000Z;0.900
1972-04-29T00:00:00.000Z;0.925
1972-04-30T00:00:00.000Z;0.990
1972-05-01T00:00:00.000Z;0.835
1972-05-02T00:00:00.000Z;0.640
1972-05-03T00:00:00.000Z;0.620
1972-05-04T00:00:00.000Z;Feb.78
1972-05-05T00:00:00.000Z;Jan.97
1972-05-06T00:00:00.000Z;Jan.13
1972-05-07T00:00:00.000Z;0.860
1972-05-08T00:00:00.000Z;0.720
1972-05-09T00:00:00.000Z;0.650
1972-05-10T00:00:00.000Z;0.600
1972-05-11T00:00:00.000Z;0.550
1972-05-12T00:00:00.000Z;0.540
1972-05-13T00:00:00.000Z;0.620
1972-05-14T00:00:00.000Z;0.820
1972-05-15T00:00:00.000Z;Jan.41
1972-05-16T00:00:00.000Z;Jan.73
1972-05-17T00:00:00.000Z;Jan.82
1972-05-18T00:00:00.000Z;Jan.26
1972-05-19T00:00:00.000Z;1.Apr
1972-05-20T00:00:00.000Z;0.990
1972-05-21T00:00:00.000Z;0.885
1972-05-22T00:00:00.000Z;0.720
1972-05-23T00:00:00.000Z;1.Jan
1972-05-24T00:00:00.000Z;0.950
1972-05-25T00:00:00.000Z;0.660
1972-05-26T00:00:00.000Z;0.560
1972-05-27T00:00:00.000Z;0.520
1972-05-28T00:00:00.000Z;0.480
1972-05-29T00:00:00.000Z;0.465
1972-05-30T00:00:00.000Z;0.420
1972-05-31T00:00:00.000Z;0.410
1972-06-01T00:00:00.000Z;0.450
1972-06-02T00:00:00.000Z;0.400
1972-06-03T00:00:00.000Z;0.375
1972-06-04T00:00:00.000Z;0.370
1972-06-05T00:00:00.000Z;0.355
1972-06-06T00:00:00.000Z;0.620
1972-06-07T00:00:00.000Z;0.480
1972-06-08T00:00:00.000Z;0.550
1972-06-09T00:00:00.000Z;0.425
1972-06-10T00:00:00.000Z;0.730
1972-06-11T00:00:00.000Z;0.925
1972-06-12T00:00:00.000Z;0.950
1972-06-13T00:00:00.000Z;0.660
1972-06-14T00:00:00.000Z;0.465
1972-06-15T00:00:00.000Z;0.640
1972-06-16T00:00:00.000Z;0.695
1972-06-17T00:00:00.000Z;0.520
1972-06-18T00:00:00.000Z;0.435
1972-06-19T00:00:00.000Z;0.385
1972-06-20T00:00:00.000Z;0.355
1972-06-21T00:00:00.000Z;0.340
1972-06-22T00:00:00.000Z;0.340
1972-06-23T00:00:00.000Z;0.325
1972-06-24T00:00:00.000Z;0.310
1972-06-25T00:00:00.000Z;0.290
1972-06-26T00:00:00.000Z;0.280
1972-06-27T00:00:00.000Z;0.300
1972-06-28T00:00:00.000Z;0.325
1972-06-29T00:00:00.000Z;0.550
1972-06-30T00:00:00.000Z;0.900
1972-07-01T00:00:00.000Z;0.620
1972-07-02T00:00:00.000Z;0.385
1972-07-03T00:00:00.000Z;0.355
1972-07-04T00:00:00.000Z;0.340
1972-07-05T00:00:00.000Z;0.330
1972-07-06T00:00:00.000Z;0.310
1972-07-07T00:00:00.000Z;0.290
1972-07-08T00:00:00.000Z;0.270
1972-07-09T00:00:00.000Z;0.260
1972-07-10T00:00:00.000Z;0.590
1972-07-11T00:00:00.000Z;0.420
1972-07-12T00:00:00.000Z;0.325
1972-07-13T00:00:00.000Z;0.310
1972-07-14T00:00:00.000Z;0.270
1972-07-15T00:00:00.000Z;0.260
1972-07-16T00:00:00.000Z;0.255
1972-07-17T00:00:00.000Z;0.235
1972-07-18T00:00:00.000Z;0.220
1972-07-19T00:00:00.000Z;0.215
1972-07-20T00:00:00.000Z;0.210
1972-07-21T00:00:00.000Z;0.205
1972-07-22T00:00:00.000Z;0.195
1972-07-23T00:00:00.000Z;0.190
1972-07-24T00:00:00.000Z;0.210
1972-07-25T00:00:00.000Z;0.230
1972-07-26T00:00:00.000Z;0.230
1972-07-27T00:00:00.000Z;0.210
1972-07-28T00:00:00.000Z;0.200
1972-07-29T00:00:00.000Z;0.190
1972-07-30T00:00:00.000Z;0.175
1972-07-31T00:00:00.000Z;0.175
1972-08-01T00:00:00.000Z;0.170
1972-08-02T00:00:00.000Z;0.165
1972-08-03T00:00:00.000Z;0.160
1972-08-04T00:00:00.000Z;0.145
1972-08-05T00:00:00.000Z;0.140
1972-08-06T00:00:00.000Z;0.135
1972-08-07T00:00:00.000Z;0.135
1972-08-08T00:00:00.000Z;0.130
1972-08-09T00:00:00.000Z;0.130
1972-08-10T00:00:00.000Z;0.130
1972-08-11T00:00:00.000Z;0.130
1972-08-12T00:00:00.000Z;0.130
1972-08-13T00:00:00.000Z;0.130
1972-08-14T00:00:00.000Z;0.190
1972-08-15T00:00:00.000Z;0.165
1972-08-16T00:00:00.000Z;0.160
1972-08-17T00:00:00.000Z;0.240
1972-08-18T00:00:00.000Z;0.220
1972-08-19T00:00:00.000Z;0.165
1972-08-20T00:00:00.000Z;0.145
1972-08-21T00:00:00.000Z;0.135
1972-08-22T00:00:00.000Z;0.130
1972-08-23T00:00:00.000Z;0.130
1972-08-24T00:00:00.000Z;0.125
1972-08-25T00:00:00.000Z;0.125
1972-08-26T00:00:00.000Z;0.125
1972-08-27T00:00:00.000Z;0.125
1972-08-28T00:00:00.000Z;0.120
1972-08-29T00:00:00.000Z;0.125
1972-08-30T00:00:00.000Z;0.125
1972-08-31T00:00:00.000Z;0.160
1972-09-01T00:00:00.000Z;0.135
1972-09-02T00:00:00.000Z;0.130
1972-09-03T00:00:00.000Z;0.125
1972-09-04T00:00:00.000Z;0.720
1972-09-05T00:00:00.000Z;0.510
1972-09-06T00:00:00.000Z;0.310
1972-09-07T00:00:00.000Z;0.270
1972-09-08T00:00:00.000Z;0.260
1972-09-09T00:00:00.000Z;0.270
1972-09-10T00:00:00.000Z;0.310
1972-09-11T00:00:00.000Z;0.420
1972-09-12T00:00:00.000Z;0.325
1972-09-13T00:00:00.000Z;0.270
1972-09-14T00:00:00.000Z;0.250
1972-09-15T00:00:00.000Z;Feb.25
1972-09-16T00:00:00.000Z;Jan.31
1972-09-17T00:00:00.000Z;0.720
1972-09-18T00:00:00.000Z;0.435
1972-09-19T00:00:00.000Z;0.370
1972-09-20T00:00:00.000Z;0.340
1972-09-21T00:00:00.000Z;0.325
1972-09-22T00:00:00.000Z;0.300
1972-09-23T00:00:00.000Z;0.270
1972-09-24T00:00:00.000Z;0.255
1972-09-25T00:00:00.000Z;0.240
1972-09-26T00:00:00.000Z;0.220
1972-09-27T00:00:00.000Z;0.210
1972-09-28T00:00:00.000Z;0.190
1972-09-29T00:00:00.000Z;0.180
1972-09-30T00:00:00.000Z;0.175
1972-10-01T00:00:00.000Z;0.170
1972-10-02T00:00:00.000Z;0.165
1972-10-03T00:00:00.000Z;0.160
1972-10-04T00:00:00.000Z;0.150
1972-10-05T00:00:00.000Z;0.145
1972-10-06T00:00:00.000Z;0.140
1972-10-07T00:00:00.000Z;0.135
1972-10-08T00:00:00.000Z;0.130
1972-10-09T00:00:00.000Z;0.130
1972-10-10T00:00:00.000Z;0.125
1972-10-11T00:00:00.000Z;0.130
1972-10-12T00:00:00.000Z;0.145
1972-10-13T00:00:00.000Z;0.135
1972-10-14T00:00:00.000Z;0.125
1972-10-15T00:00:00.000Z;0.120
1972-10-16T00:00:00.000Z;0.115
1972-10-17T00:00:00.000Z;0.110
1972-10-18T00:00:00.000Z;0.110
1972-10-19T00:00:00.000Z;0.110
1972-10-20T00:00:00.000Z;0.110
1972-10-21T00:00:00.000Z;0.115
1972-10-22T00:00:00.000Z;0.110
1972-10-23T00:00:00.000Z;0.105
1972-10-24T00:00:00.000Z;0.110
1972-10-25T00:00:00.000Z;0.110
1972-10-26T00:00:00.000Z;0.110
1972-10-27T00:00:00.000Z;0.120
1972-10-28T00:00:00.000Z;0.185
1972-10-29T00:00:00.000Z;0.130
1972-10-30T00:00:00.000Z;0.110
1972-10-31T00:00:00.000Z;0.110
1972-11-01T00:00:00.000Z;0.105
1972-11-02T00:00:00.000Z;0.110
1972-11-03T00:00:00.000Z;0.110
1972-11-04T00:00:00.000Z;0.108
1972-11-05T00:00:00.000Z;0.105
1972-11-06T00:00:00.000Z;0.103
1972-11-07T00:00:00.000Z;0.100
1972-11-08T00:00:00.000Z;0.100
1972-11-09T00:00:00.000Z;0.100
1972-11-10T00:00:00.000Z;0.0980
1972-11-11T00:00:00.000Z;0.100
1972-11-12T00:00:00.000Z;0.125
1972-11-13T00:00:00.000Z;0.120
1972-11-14T00:00:00.000Z;0.115
1972-11-15T00:00:00.000Z;0.110
1972-11-16T00:00:00.000Z;0.135
1972-11-17T00:00:00.000Z;0.130
1972-11-18T00:00:00.000Z;0.130
1972-11-19T00:00:00.000Z;0.135
1972-11-20T00:00:00.000Z;0.145
1972-11-21T00:00:00.000Z;0.190
1972-11-22T00:00:00.000Z;0.230
1972-11-23T00:00:00.000Z;0.190
1972-11-24T00:00:00.000Z;0.360
1972-11-25T00:00:00.000Z;0.325
1972-11-26T00:00:00.000Z;0.275
1972-11-27T00:00:00.000Z;0.220
1972-11-28T00:00:00.000Z;0.190
1972-11-29T00:00:00.000Z;0.175
1972-11-30T00:00:00.000Z;0.175
1972-12-01T00:00:00.000Z;0.495
1972-12-02T00:00:00.000Z;0.480
1972-12-03T00:00:00.000Z;0.360
1972-12-04T00:00:00.000Z;0.435
1972-12-05T00:00:00.000Z;0.370
1972-12-06T00:00:00.000Z;0.340
1972-12-07T00:00:00.000Z;0.290
1972-12-08T00:00:00.000Z;0.280
1972-12-09T00:00:00.000Z;0.270
1972-12-10T00:00:00.000Z;0.240
1972-12-11T00:00:00.000Z;0.235
1972-12-12T00:00:00.000Z;0.215
1972-12-13T00:00:00.000Z;0.205
1972-12-14T00:00:00.000Z;0.200
1972-12-15T00:00:00.000Z;0.190
1972-12-16T00:00:00.000Z;0.175
1972-12-17T00:00:00.000Z;0.170
1972-12-18T00:00:00.000Z;0.165
1972-12-19T00:00:00.000Z;0.160
1972-12-20T00:00:00.000Z;0.155
1972-12-21T00:00:00.000Z;0.150
1972-12-22T00:00:00.000Z;0.145
1972-12-23T00:00:00.000Z;0.140
1972-12-24T00:00:00.000Z;0.135
1972-12-25T00:00:00.000Z;0.135
1972-12-26T00:00:00.000Z;0.130
1972-12-27T00:00:00.000Z;0.125
1972-12-28T00:00:00.000Z;0.130
1972-12-29T00:00:00.000Z;0.145
1972-12-30T00:00:00.000Z;0.220
1972-12-31T00:00:00.000Z;0.255
1973-01-01T00:00:00.000Z;0.240
1973-01-02T00:00:00.000Z;0.325
1973-01-03T00:00:00.000Z;0.330
1973-01-04T00:00:00.000Z;0.310
1973-01-05T00:00:00.000Z;0.280
1973-01-06T00:00:00.000Z;0.270
1973-01-07T00:00:00.000Z;0.250
1973-01-08T00:00:00.000Z;0.230
1973-01-09T00:00:00.000Z;0.215
1973-01-10T00:00:00.000Z;0.200
1973-01-11T00:00:00.000Z;0.175
1973-01-12T00:00:00.000Z;0.160
1973-01-13T00:00:00.000Z;0.160
1973-01-14T00:00:00.000Z;0.155
1973-01-15T00:00:00.000Z;0.150
1973-01-16T00:00:00.000Z;0.145
1973-01-17T00:00:00.000Z;0.140
1973-01-18T00:00:00.000Z;0.140
1973-01-19T00:00:00.000Z;0.145
1973-01-20T00:00:00.000Z;0.140
1973-01-21T00:00:00.000Z;0.135
1973-01-22T00:00:00.000Z;0.135
1973-01-23T00:00:00.000Z;0.135
1973-01-24T00:00:00.000Z;0.330
1973-01-25T00:00:00.000Z;1.Feb
1973-01-26T00:00:00.000Z;0.740
1973-01-27T00:00:00.000Z;0.455
1973-01-28T00:00:00.000Z;Feb.15
1973-01-29T00:00:00.000Z;Mar.52
1973-01-30T00:00:00.000Z;Jan.52
1973-01-31T00:00:00.000Z;1.Sep
1973-02-01T00:00:00.000Z;0.960
1973-02-02T00:00:00.000Z;0.635
1973-02-03T00:00:00.000Z;0.555
1973-02-04T00:00:00.000Z;0.465
1973-02-05T00:00:00.000Z;0.400
1973-02-06T00:00:00.000Z;0.385
1973-02-07T00:00:00.000Z;0.325
1973-02-08T00:00:00.000Z;0.310
1973-02-09T00:00:00.000Z;0.290
1973-02-10T00:00:00.000Z;0.325
1973-02-11T00:00:00.000Z;0.325
1973-02-12T00:00:00.000Z;0.330
1973-02-13T00:00:00.000Z;0.530
1973-02-14T00:00:00.000Z;0.590
1973-02-15T00:00:00.000Z;0.480
1973-02-16T00:00:00.000Z;0.370
1973-02-17T00:00:00.000Z;0.320
1973-02-18T00:00:00.000Z;0.310
1973-02-19T00:00:00.000Z;0.310
1973-02-20T00:00:00.000Z;0.315
1973-02-21T00:00:00.000Z;0.325
1973-02-22T00:00:00.000Z;0.375
1973-02-23T00:00:00.000Z;0.800
1973-02-24T00:00:00.000Z;Feb.79
1973-02-25T00:00:00.000Z;May.82
1973-02-26T00:00:00.000Z;May.62
1973-02-27T00:00:00.000Z;Mar.97
1973-02-28T00:00:00.000Z;Feb.59
1973-03-01T00:00:00.000Z;Jan.61
1973-03-02T00:00:00.000Z;1.Nov
1973-03-03T00:00:00.000Z;0.805
1973-03-04T00:00:00.000Z;0.770
1973-03-05T00:00:00.000Z;0.830
1973-03-06T00:00:00.000Z;0.890
1973-03-07T00:00:00.000Z;0.660
1973-03-08T00:00:00.000Z;0.530
1973-03-09T00:00:00.000Z;0.440
1973-03-10T00:00:00.000Z;0.410
1973-03-11T00:00:00.000Z;0.380
1973-03-12T00:00:00.000Z;0.330
1973-03-13T00:00:00.000Z;0.320
1973-03-14T00:00:00.000Z;0.300
1973-03-15T00:00:00.000Z;0.270
1973-03-16T00:00:00.000Z;0.260
1973-03-17T00:00:00.000Z;0.260
1973-03-18T00:00:00.000Z;0.275
1973-03-19T00:00:00.000Z;0.300
1973-03-20T00:00:00.000Z;0.290
1973-03-21T00:00:00.000Z;0.290
1973-03-22T00:00:00.000Z;0.290
1973-03-23T00:00:00.000Z;0.285
1973-03-24T00:00:00.000Z;0.300
1973-03-25T00:00:00.000Z;0.425
1973-03-26T00:00:00.000Z;0.630
1973-03-27T00:00:00.000Z;0.770
1973-03-28T00:00:00.000Z;0.920
1973-03-29T00:00:00.000Z;3.May
1973-03-30T00:00:00.000Z;Feb.53
1973-03-31T00:00:00.000Z;Jan.39
1973-04-01T00:00:00.000Z;0.830
1973-04-02T00:00:00.000Z;0.700
1973-04-03T00:00:00.000Z;0.920
1973-04-04T00:00:00.000Z;0.890
1973-04-05T00:00:00.000Z;0.710
1973-04-06T00:00:00.000Z;0.560
1973-04-07T00:00:00.000Z;0.530
1973-04-08T00:00:00.000Z;0.490
1973-04-09T00:00:00.000Z;0.440
1973-04-10T00:00:00.000Z;0.395
1973-04-11T00:00:00.000Z;0.480
1973-04-12T00:00:00.000Z;0.925
1973-04-13T00:00:00.000Z;Jan.79
1973-04-14T00:00:00.000Z;Jan.36
1973-04-15T00:00:00.000Z;Jan.15
1973-04-16T00:00:00.000Z;1.Dec
1973-04-17T00:00:00.000Z;0.805
1973-04-18T00:00:00.000Z;0.660
1973-04-19T00:00:00.000Z;0.560
1973-04-20T00:00:00.000Z;0.490
1973-04-21T00:00:00.000Z;0.450
1973-04-22T00:00:00.000Z;0.410
1973-04-23T00:00:00.000Z;0.395
1973-04-24T00:00:00.000Z;0.395
1973-04-25T00:00:00.000Z;0.380
1973-04-26T00:00:00.000Z;0.375
1973-04-27T00:00:00.000Z;0.360
1973-04-28T00:00:00.000Z;0.360
1973-04-29T00:00:00.000Z;0.370
1973-04-30T00:00:00.000Z;0.370
1973-05-01T00:00:00.000Z;0.330
1973-05-02T00:00:00.000Z;0.315
1973-05-03T00:00:00.000Z;0.300
1973-05-04T00:00:00.000Z;0.290
1973-05-05T00:00:00.000Z;0.275
1973-05-06T00:00:00.000Z;0.275
1973-05-07T00:00:00.000Z;0.300
1973-05-08T00:00:00.000Z;0.360
1973-05-09T00:00:00.000Z;0.315
1973-05-10T00:00:00.000Z;0.330
1973-05-11T00:00:00.000Z;Jan.47
1973-05-12T00:00:00.000Z;Jan.32
1973-05-13T00:00:00.000Z;0.730
1973-05-14T00:00:00.000Z;0.470
1973-05-15T00:00:00.000Z;0.395
1973-05-16T00:00:00.000Z;0.345
1973-05-17T00:00:00.000Z;0.320
1973-05-18T00:00:00.000Z;0.300
1973-05-19T00:00:00.000Z;0.295
1973-05-20T00:00:00.000Z;0.275
1973-05-21T00:00:00.000Z;0.260
1973-05-22T00:00:00.000Z;0.245
1973-05-23T00:00:00.000Z;0.230
1973-05-24T00:00:00.000Z;0.215
1973-05-25T00:00:00.000Z;0.205
1973-05-26T00:00:00.000Z;0.190
1973-05-27T00:00:00.000Z;0.185
1973-05-28T00:00:00.000Z;0.180
1973-05-29T00:00:00.000Z;0.180
1973-05-30T00:00:00.000Z;0.180
1973-05-31T00:00:00.000Z;0.175
1973-06-01T00:00:00.000Z;0.170
1973-06-02T00:00:00.000Z;0.160
1973-06-03T00:00:00.000Z;0.155
1973-06-04T00:00:00.000Z;0.150
1973-06-05T00:00:00.000Z;0.265
1973-06-06T00:00:00.000Z;0.320
1973-06-07T00:00:00.000Z;0.205
1973-06-08T00:00:00.000Z;0.180
1973-06-09T00:00:00.000Z;0.170
1973-06-10T00:00:00.000Z;0.150
1973-06-11T00:00:00.000Z;0.145
1973-06-12T00:00:00.000Z;0.140
1973-06-13T00:00:00.000Z;0.145
1973-06-14T00:00:00.000Z;0.250
1973-06-15T00:00:00.000Z;0.215
1973-06-16T00:00:00.000Z;0.180
1973-06-17T00:00:00.000Z;0.155
1973-06-18T00:00:00.000Z;0.145
1973-06-19T00:00:00.000Z;0.145
1973-06-20T00:00:00.000Z;0.140
1973-06-21T00:00:00.000Z;0.155
1973-06-22T00:00:00.000Z;0.145
1973-06-23T00:00:00.000Z;0.390
1973-06-24T00:00:00.000Z;0.280
1973-06-25T00:00:00.000Z;0.215
1973-06-26T00:00:00.000Z;0.180
1973-06-27T00:00:00.000Z;0.160
1973-06-28T00:00:00.000Z;0.145
1973-06-29T00:00:00.000Z;0.135
1973-06-30T00:00:00.000Z;0.130
1973-07-01T00:00:00.000Z;0.120
1973-07-02T00:00:00.000Z;0.115
1973-07-03T00:00:00.000Z;0.108
1973-07-04T00:00:00.000Z;0.108
1973-07-05T00:00:00.000Z;0.108
1973-07-06T00:00:00.000Z;0.105
1973-07-07T00:00:00.000Z;0.100
1973-07-08T00:00:00.000Z;0.0950
1973-07-09T00:00:00.000Z;0.180
1973-07-10T00:00:00.000Z;0.135
1973-07-11T00:00:00.000Z;0.108
1973-07-12T00:00:00.000Z;0.100
1973-07-13T00:00:00.000Z;0.0950
1973-07-14T00:00:00.000Z;0.695
1973-07-15T00:00:00.000Z;0.335
1973-07-16T00:00:00.000Z;0.215
1973-07-17T00:00:00.000Z;0.160
1973-07-18T00:00:00.000Z;0.155
1973-07-19T00:00:00.000Z;0.140
1973-07-20T00:00:00.000Z;0.135
1973-07-21T00:00:00.000Z;0.155
1973-07-22T00:00:00.000Z;0.580
1973-07-23T00:00:00.000Z;0.475
1973-07-24T00:00:00.000Z;0.245
1973-07-25T00:00:00.000Z;0.470
1973-07-26T00:00:00.000Z;0.500
1973-07-27T00:00:00.000Z;0.275
1973-07-28T00:00:00.000Z;0.230
1973-07-29T00:00:00.000Z;0.190
1973-07-30T00:00:00.000Z;0.170
1973-07-31T00:00:00.000Z;0.150
1973-08-01T00:00:00.000Z;0.170
1973-08-02T00:00:00.000Z;0.200
1973-08-03T00:00:00.000Z;0.250
1973-08-04T00:00:00.000Z;0.300
1973-08-05T00:00:00.000Z;0.230
1973-08-06T00:00:00.000Z;0.190
1973-08-07T00:00:00.000Z;0.160
1973-08-08T00:00:00.000Z;0.145
1973-08-09T00:00:00.000Z;0.135
1973-08-10T00:00:00.000Z;0.130
1973-08-11T00:00:00.000Z;0.120
1973-08-12T00:00:00.000Z;0.110
1973-08-13T00:00:00.000Z;0.105
1973-08-14T00:00:00.000Z;0.100
1973-08-15T00:00:00.000Z;0.100
1973-08-16T00:00:00.000Z;0.0980
1973-08-17T00:00:00.000Z;0.0950
1973-08-18T00:00:00.000Z;0.0920
1973-08-19T00:00:00.000Z;0.0900
1973-08-20T00:00:00.000Z;0.0880
1973-08-21T00:00:00.000Z;0.0850
1973-08-22T00:00:00.000Z;0.0850
1973-08-23T00:00:00.000Z;0.0950
1973-08-24T00:00:00.000Z;0.155
1973-08-25T00:00:00.000Z;0.130
1973-08-26T00:00:00.000Z;0.110
1973-08-27T00:00:00.000Z;0.100
1973-08-28T00:00:00.000Z;0.0950
1973-08-29T00:00:00.000Z;0.0850
1973-08-30T00:00:00.000Z;0.0830
1973-08-31T00:00:00.000Z;0.0800
1973-09-01T00:00:00.000Z;0.0800
1973-09-02T00:00:00.000Z;0.0800
1973-09-03T00:00:00.000Z;0.0780
1973-09-04T00:00:00.000Z;0.0780
1973-09-05T00:00:00.000Z;0.0750
1973-09-06T00:00:00.000Z;0.0780
1973-09-07T00:00:00.000Z;0.0800
1973-09-08T00:00:00.000Z;0.0850
1973-09-09T00:00:00.000Z;0.0830
1973-09-10T00:00:00.000Z;0.0800
1973-09-11T00:00:00.000Z;0.0780
1973-09-12T00:00:00.000Z;0.0750
1973-09-13T00:00:00.000Z;0.0750
1973-09-14T00:00:00.000Z;0.0720
1973-09-15T00:00:00.000Z;0.0700
1973-09-16T00:00:00.000Z;0.0690
1973-09-17T00:00:00.000Z;0.0680
1973-09-18T00:00:00.000Z;0.0700
1973-09-19T00:00:00.000Z;0.0690
1973-09-20T00:00:00.000Z;0.0650
1973-09-21T00:00:00.000Z;0.0630
1973-09-22T00:00:00.000Z;0.0630
1973-09-23T00:00:00.000Z;0.0650
1973-09-24T00:00:00.000Z;0.0660
1973-09-25T00:00:00.000Z;0.0650
1973-09-26T00:00:00.000Z;0.0640
1973-09-27T00:00:00.000Z;0.0630
1973-09-28T00:00:00.000Z;0.0620
1973-09-29T00:00:00.000Z;0.0640
1973-09-30T00:00:00.000Z;0.0680
1973-10-01T00:00:00.000Z;0.0780
1973-10-02T00:00:00.000Z;0.220
1973-10-03T00:00:00.000Z;0.140
1973-10-04T00:00:00.000Z;0.0920
1973-10-05T00:00:00.000Z;0.0780
1973-10-06T00:00:00.000Z;0.0750
1973-10-07T00:00:00.000Z;0.0700
1973-10-08T00:00:00.000Z;0.0680
1973-10-09T00:00:00.000Z;0.0650
1973-10-10T00:00:00.000Z;0.0650
1973-10-11T00:00:00.000Z;0.0650
1973-10-12T00:00:00.000Z;0.0670
1973-10-13T00:00:00.000Z;0.0780
1973-10-14T00:00:00.000Z;0.0950
1973-10-15T00:00:00.000Z;0.0930
1973-10-16T00:00:00.000Z;0.0920
1973-10-17T00:00:00.000Z;0.0850
1973-10-18T00:00:00.000Z;0.0780
1973-10-19T00:00:00.000Z;0.0750
1973-10-20T00:00:00.000Z;0.0730
1973-10-21T00:00:00.000Z;0.0700
1973-10-22T00:00:00.000Z;0.0700
1973-10-23T00:00:00.000Z;0.0680
1973-10-24T00:00:00.000Z;0.0650
1973-10-25T00:00:00.000Z;0.0680
1973-10-26T00:00:00.000Z;0.0650
1973-10-27T00:00:00.000Z;0.0650
1973-10-28T00:00:00.000Z;0.0630
1973-10-29T00:00:00.000Z;0.0640
1973-10-30T00:00:00.000Z;0.0660
1973-10-31T00:00:00.000Z;0.0650
1973-11-01T00:00:00.000Z;0.0670
1973-11-02T00:00:00.000Z;0.0680
1973-11-03T00:00:00.000Z;0.0680
1973-11-04T00:00:00.000Z;0.0660
1973-11-05T00:00:00.000Z;0.0690
1973-11-06T00:00:00.000Z;0.155
1973-11-07T00:00:00.000Z;0.190
1973-11-08T00:00:00.000Z;0.0950
1973-11-09T00:00:00.000Z;0.0780
1973-11-10T00:00:00.000Z;0.0700
1973-11-11T00:00:00.000Z;0.0700
1973-11-12T00:00:00.000Z;0.170
1973-11-13T00:00:00.000Z;0.190
1973-11-14T00:00:00.000Z;0.130
1973-11-15T00:00:00.000Z;0.105
1973-11-16T00:00:00.000Z;0.0920
1973-11-17T00:00:00.000Z;0.0850
1973-11-18T00:00:00.000Z;0.0800
1973-11-19T00:00:00.000Z;0.0750
1973-11-20T00:00:00.000Z;0.0700
1973-11-21T00:00:00.000Z;0.0680
1973-11-22T00:00:00.000Z;0.0650
1973-11-23T00:00:00.000Z;0.0640
1973-11-24T00:00:00.000Z;0.0640
1973-11-25T00:00:00.000Z;0.0630
1973-11-26T00:00:00.000Z;0.0630
1973-11-27T00:00:00.000Z;0.0630
1973-11-28T00:00:00.000Z;0.0630
1973-11-29T00:00:00.000Z;0.120
1973-11-30T00:00:00.000Z;Jan.13
1973-12-01T00:00:00.000Z;Jan.95
1973-12-02T00:00:00.000Z;Feb.40
1973-12-03T00:00:00.000Z;1.Dec
1973-12-04T00:00:00.000Z;0.570
1973-12-05T00:00:00.000Z;0.865
1973-12-06T00:00:00.000Z;0.900
1973-12-07T00:00:00.000Z;0.650
1973-12-08T00:00:00.000Z;0.560
1973-12-09T00:00:00.000Z;0.600
1973-12-10T00:00:00.000Z;0.510
1973-12-11T00:00:00.000Z;0.410
1973-12-12T00:00:00.000Z;0.330
1973-12-13T00:00:00.000Z;0.315
1973-12-14T00:00:00.000Z;0.355
1973-12-15T00:00:00.000Z;0.505
1973-12-16T00:00:00.000Z;0.580
1973-12-17T00:00:00.000Z;0.580
1973-12-18T00:00:00.000Z;0.960
1973-12-19T00:00:00.000Z;0.630
1973-12-20T00:00:00.000Z;0.490
1973-12-21T00:00:00.000Z;0.415
1973-12-22T00:00:00.000Z;0.420
1973-12-23T00:00:00.000Z;0.420
1973-12-24T00:00:00.000Z;0.400
1973-12-25T00:00:00.000Z;0.595
1973-12-26T00:00:00.000Z;1.Jul
1973-12-27T00:00:00.000Z;1.Apr
1973-12-28T00:00:00.000Z;0.685
1973-12-29T00:00:00.000Z;0.510
1973-12-30T00:00:00.000Z;0.440
1973-12-31T00:00:00.000Z;0.380
1974-01-01T00:00:00.000Z;0.340
1974-01-02T00:00:00.000Z;0.320
1974-01-03T00:00:00.000Z;0.300
1974-01-04T00:00:00.000Z;0.280
1974-01-05T00:00:00.000Z;0.260
1974-01-06T00:00:00.000Z;0.250
1974-01-07T00:00:00.000Z;0.275
1974-01-08T00:00:00.000Z;0.400
1974-01-09T00:00:00.000Z;0.400
1974-01-10T00:00:00.000Z;0.475
1974-01-11T00:00:00.000Z;0.395
1974-01-12T00:00:00.000Z;0.350
1974-01-13T00:00:00.000Z;0.330
1974-01-14T00:00:00.000Z;0.300
1974-01-15T00:00:00.000Z;0.275
1974-01-16T00:00:00.000Z;0.260
1974-01-17T00:00:00.000Z;0.250
1974-01-18T00:00:00.000Z;0.270
1974-01-19T00:00:00.000Z;0.270
1974-01-20T00:00:00.000Z;0.260
1974-01-21T00:00:00.000Z;0.260
1974-01-22T00:00:00.000Z;0.245
1974-01-23T00:00:00.000Z;0.245
1974-01-24T00:00:00.000Z;0.180
1974-01-25T00:00:00.000Z;0.250
1974-01-26T00:00:00.000Z;0.280
1974-01-27T00:00:00.000Z;0.410
1974-01-28T00:00:00.000Z;0.430
1974-01-29T00:00:00.000Z;0.405
1974-01-30T00:00:00.000Z;0.480
1974-01-31T00:00:00.000Z;0.395
1974-02-01T00:00:00.000Z;0.420
1974-02-02T00:00:00.000Z;0.345
1974-02-03T00:00:00.000Z;0.410
1974-02-04T00:00:00.000Z;1.May
1974-02-05T00:00:00.000Z;Feb.76
1974-02-06T00:00:00.000Z;Mar.18
1974-02-07T00:00:00.000Z;4.Jun
1974-02-08T00:00:00.000Z;Jan.99
1974-02-09T00:00:00.000Z;Jan.24
1974-02-10T00:00:00.000Z;Jan.26
1974-02-11T00:00:00.000Z;Jan.24
1974-02-12T00:00:00.000Z;Jan.17
1974-02-13T00:00:00.000Z;1.Oct
1974-02-14T00:00:00.000Z;1.00
1974-02-15T00:00:00.000Z;0.860
1974-02-16T00:00:00.000Z;0.860
1974-02-17T00:00:00.000Z;0.760
1974-02-18T00:00:00.000Z;Jan.46
1974-02-19T00:00:00.000Z;Jan.71
1974-02-20T00:00:00.000Z;1.00
1974-02-21T00:00:00.000Z;0.685
1974-02-22T00:00:00.000Z;0.520
1974-02-23T00:00:00.000Z;1.Apr
1974-02-24T00:00:00.000Z;Jan.28
1974-02-25T00:00:00.000Z;0.800
1974-02-26T00:00:00.000Z;0.550
1974-02-27T00:00:00.000Z;0.520
1974-02-28T00:00:00.000Z;0.480
1974-03-01T00:00:00.000Z;0.430
1974-03-02T00:00:00.000Z;0.430
1974-03-03T00:00:00.000Z;0.665
1974-03-04T00:00:00.000Z;0.685
1974-03-05T00:00:00.000Z;0.520
1974-03-06T00:00:00.000Z;0.530
1974-03-07T00:00:00.000Z;0.670
1974-03-08T00:00:00.000Z;0.710
1974-03-09T00:00:00.000Z;0.700
1974-03-10T00:00:00.000Z;0.740
1974-03-11T00:00:00.000Z;0.710
1974-03-12T00:00:00.000Z;0.620
1974-03-13T00:00:00.000Z;0.770
1974-03-14T00:00:00.000Z;0.740
1974-03-15T00:00:00.000Z;0.750
1974-03-16T00:00:00.000Z;Feb.51
1974-03-17T00:00:00.000Z;Feb.27
1974-03-18T00:00:00.000Z;Jan.42
1974-03-19T00:00:00.000Z;1.Apr
1974-03-20T00:00:00.000Z;0.890
1974-03-21T00:00:00.000Z;Feb.42
1974-03-22T00:00:00.000Z;Feb.71
1974-03-23T00:00:00.000Z;Jan.69
1974-03-24T00:00:00.000Z;Jan.25
1974-03-25T00:00:00.000Z;0.900
1974-03-26T00:00:00.000Z;0.710
1974-03-27T00:00:00.000Z;Jan.50
1974-03-28T00:00:00.000Z;Feb.64
1974-03-29T00:00:00.000Z;Jan.40
1974-03-30T00:00:00.000Z;Jan.45
1974-03-31T00:00:00.000Z;Jan.22
1974-04-01T00:00:00.000Z;0.920
1974-04-02T00:00:00.000Z;0.710
1974-04-03T00:00:00.000Z;0.620
1974-04-04T00:00:00.000Z;Feb.13
1974-04-05T00:00:00.000Z;May.91
1974-04-06T00:00:00.000Z;Mar.40
1974-04-07T00:00:00.000Z;2.Jul
1974-04-08T00:00:00.000Z;Jan.37
1974-04-09T00:00:00.000Z;0.995
1974-04-10T00:00:00.000Z;0.740
1974-04-11T00:00:00.000Z;0.630
1974-04-12T00:00:00.000Z;0.590
1974-04-13T00:00:00.000Z;0.630
1974-04-14T00:00:00.000Z;0.590
1974-04-15T00:00:00.000Z;0.540
1974-04-16T00:00:00.000Z;0.480
1974-04-17T00:00:00.000Z;0.465
1974-04-18T00:00:00.000Z;0.440
1974-04-19T00:00:00.000Z;0.420
1974-04-20T00:00:00.000Z;0.395
1974-04-21T00:00:00.000Z;0.390
1974-04-22T00:00:00.000Z;0.360
1974-04-23T00:00:00.000Z;0.335
1974-04-24T00:00:00.000Z;0.325
1974-04-25T00:00:00.000Z;0.330
1974-04-26T00:00:00.000Z;0.320
1974-04-27T00:00:00.000Z;0.315
1974-04-28T00:00:00.000Z;0.310
1974-04-29T00:00:00.000Z;0.295
1974-04-30T00:00:00.000Z;0.295
1974-05-01T00:00:00.000Z;0.290
1974-05-02T00:00:00.000Z;0.290
1974-05-03T00:00:00.000Z;0.390
1974-05-04T00:00:00.000Z;0.720
1974-05-05T00:00:00.000Z;0.655
1974-05-06T00:00:00.000Z;0.925
1974-05-07T00:00:00.000Z;Jan.61
1974-05-08T00:00:00.000Z;Jan.47
1974-05-09T00:00:00.000Z;Jan.20
1974-05-10T00:00:00.000Z;0.820
1974-05-11T00:00:00.000Z;0.740
1974-05-12T00:00:00.000Z;0.660
1974-05-13T00:00:00.000Z;0.560
1974-05-14T00:00:00.000Z;0.470
1974-05-15T00:00:00.000Z;0.440
1974-05-16T00:00:00.000Z;0.450
1974-05-17T00:00:00.000Z;0.670
1974-05-18T00:00:00.000Z;0.500
1974-05-19T00:00:00.000Z;0.425
1974-05-20T00:00:00.000Z;0.390
1974-05-21T00:00:00.000Z;0.360
1974-05-22T00:00:00.000Z;0.340
1974-05-23T00:00:00.000Z;0.320
1974-05-24T00:00:00.000Z;0.315
1974-05-25T00:00:00.000Z;0.310
1974-05-26T00:00:00.000Z;0.295
1974-05-27T00:00:00.000Z;0.280
1974-05-28T00:00:00.000Z;0.275
1974-05-29T00:00:00.000Z;0.265
1974-05-30T00:00:00.000Z;0.255
1974-05-31T00:00:00.000Z;0.240
1974-06-01T00:00:00.000Z;0.230
1974-06-02T00:00:00.000Z;0.220
1974-06-03T00:00:00.000Z;0.225
1974-06-04T00:00:00.000Z;0.335
1974-06-05T00:00:00.000Z;0.720
1974-06-06T00:00:00.000Z;0.900
1974-06-07T00:00:00.000Z;0.710
1974-06-08T00:00:00.000Z;0.470
1974-06-09T00:00:00.000Z;0.350
1974-06-10T00:00:00.000Z;0.345
1974-06-11T00:00:00.000Z;0.315
1974-06-12T00:00:00.000Z;0.295
1974-06-13T00:00:00.000Z;0.280
1974-06-14T00:00:00.000Z;0.270
1974-06-15T00:00:00.000Z;0.250
1974-06-16T00:00:00.000Z;0.240
1974-06-17T00:00:00.000Z;0.230
1974-06-18T00:00:00.000Z;0.450
1974-06-19T00:00:00.000Z;0.380
1974-06-20T00:00:00.000Z;0.290
1974-06-21T00:00:00.000Z;0.250
1974-06-22T00:00:00.000Z;0.230
1974-06-23T00:00:00.000Z;0.370
1974-06-24T00:00:00.000Z;0.315
1974-06-25T00:00:00.000Z;0.280
1974-06-26T00:00:00.000Z;0.260
1974-06-27T00:00:00.000Z;0.230
1974-06-28T00:00:00.000Z;0.215
1974-06-29T00:00:00.000Z;0.240
1974-06-30T00:00:00.000Z;0.295
1974-07-01T00:00:00.000Z;0.245
1974-07-02T00:00:00.000Z;0.215
1974-07-03T00:00:00.000Z;0.205
1974-07-04T00:00:00.000Z;0.195
1974-07-05T00:00:00.000Z;0.190
1974-07-06T00:00:00.000Z;0.190
1974-07-07T00:00:00.000Z;0.180
1974-07-08T00:00:00.000Z;0.170
1974-07-09T00:00:00.000Z;0.160
1974-07-10T00:00:00.000Z;0.155
1974-07-11T00:00:00.000Z;0.150
1974-07-12T00:00:00.000Z;0.145
1974-07-13T00:00:00.000Z;0.150
1974-07-14T00:00:00.000Z;0.170
1974-07-15T00:00:00.000Z;0.185
1974-07-16T00:00:00.000Z;0.170
1974-07-17T00:00:00.000Z;0.160
1974-07-18T00:00:00.000Z;0.180
1974-07-19T00:00:00.000Z;0.165
1974-07-20T00:00:00.000Z;0.155
1974-07-21T00:00:00.000Z;0.150
1974-07-22T00:00:00.000Z;0.145
1974-07-23T00:00:00.000Z;0.150
1974-07-24T00:00:00.000Z;0.140
1974-07-25T00:00:00.000Z;0.135
1974-07-26T00:00:00.000Z;0.130
1974-07-27T00:00:00.000Z;0.130
1974-07-28T00:00:00.000Z;0.125
1974-07-29T00:00:00.000Z;0.125
1974-07-30T00:00:00.000Z;0.125
1974-07-31T00:00:00.000Z;0.135
1974-08-01T00:00:00.000Z;0.130
1974-08-02T00:00:00.000Z;0.125
1974-08-03T00:00:00.000Z;0.120
1974-08-04T00:00:00.000Z;0.120
1974-08-05T00:00:00.000Z;0.115
1974-08-06T00:00:00.000Z;0.115
1974-08-07T00:00:00.000Z;0.115
1974-08-08T00:00:00.000Z;0.115
1974-08-09T00:00:00.000Z;0.115
1974-08-10T00:00:00.000Z;0.115
1974-08-11T00:00:00.000Z;0.115
1974-08-12T00:00:00.000Z;0.110
1974-08-13T00:00:00.000Z;0.110
1974-08-14T00:00:00.000Z;0.108
1974-08-15T00:00:00.000Z;0.108
1974-08-16T00:00:00.000Z;0.108
1974-08-17T00:00:00.000Z;0.108
1974-08-18T00:00:00.000Z;0.108
1974-08-19T00:00:00.000Z;0.125
1974-08-20T00:00:00.000Z;0.130
1974-08-21T00:00:00.000Z;0.420
1974-08-22T00:00:00.000Z;Jan.92
1974-08-23T00:00:00.000Z;Jan.34
1974-08-24T00:00:00.000Z;0.475
1974-08-25T00:00:00.000Z;0.275
1974-08-26T00:00:00.000Z;0.220
1974-08-27T00:00:00.000Z;0.270
1974-08-28T00:00:00.000Z;0.270
1974-08-29T00:00:00.000Z;0.230
1974-08-30T00:00:00.000Z;0.780
1974-08-31T00:00:00.000Z;0.805
1974-09-01T00:00:00.000Z;0.390
1974-09-02T00:00:00.000Z;0.295
1974-09-03T00:00:00.000Z;0.260
1974-09-04T00:00:00.000Z;0.230
1974-09-05T00:00:00.000Z;0.205
1974-09-06T00:00:00.000Z;0.185
1974-09-07T00:00:00.000Z;0.190
1974-09-08T00:00:00.000Z;0.170
1974-09-09T00:00:00.000Z;0.160
1974-09-10T00:00:00.000Z;0.160
1974-09-11T00:00:00.000Z;0.170
1974-09-12T00:00:00.000Z;0.145
1974-09-13T00:00:00.000Z;0.140
1974-09-14T00:00:00.000Z;0.135
1974-09-15T00:00:00.000Z;0.135
1974-09-16T00:00:00.000Z;0.155
1974-09-17T00:00:00.000Z;Mar.47
1974-09-18T00:00:00.000Z;Mar.32
1974-09-19T00:00:00.000Z;Mar.54
1974-09-20T00:00:00.000Z;Feb.51
1974-09-21T00:00:00.000Z;Jan.43
1974-09-22T00:00:00.000Z;0.730
1974-09-23T00:00:00.000Z;0.510
1974-09-24T00:00:00.000Z;0.490
1974-09-25T00:00:00.000Z;0.630
1974-09-26T00:00:00.000Z;Jan.14
1974-09-27T00:00:00.000Z;0.950
1974-09-28T00:00:00.000Z;0.930
1974-09-29T00:00:00.000Z;Jan.34
1974-09-30T00:00:00.000Z;0.860
1974-10-01T00:00:00.000Z;0.860
1974-10-02T00:00:00.000Z;Jan.63
1974-10-03T00:00:00.000Z;1.Apr
1974-10-04T00:00:00.000Z;0.600
1974-10-05T00:00:00.000Z;0.520
1974-10-06T00:00:00.000Z;0.465
1974-10-07T00:00:00.000Z;0.480
1974-10-08T00:00:00.000Z;0.770
1974-10-09T00:00:00.000Z;0.660
1974-10-10T00:00:00.000Z;0.660
1974-10-11T00:00:00.000Z;0.630
1974-10-12T00:00:00.000Z;0.510
1974-10-13T00:00:00.000Z;0.490
1974-10-14T00:00:00.000Z;0.465
1974-10-15T00:00:00.000Z;0.460
1974-10-16T00:00:00.000Z;0.400
1974-10-17T00:00:00.000Z;0.405
1974-10-18T00:00:00.000Z;Jan.41
1974-10-19T00:00:00.000Z;0.600
1974-10-20T00:00:00.000Z;Jan.31
1974-10-21T00:00:00.000Z;May.16
1974-10-22T00:00:00.000Z;Mar.90
1974-10-23T00:00:00.000Z;2.Oct
1974-10-24T00:00:00.000Z;Jan.36
1974-10-25T00:00:00.000Z;Jan.34
1974-10-26T00:00:00.000Z;Jan.61
1974-10-27T00:00:00.000Z;Jan.72
1974-10-28T00:00:00.000Z;Feb.81
1974-10-29T00:00:00.000Z;Apr.36
1974-10-30T00:00:00.000Z;Feb.53
1974-10-31T00:00:00.000Z;Jan.69
1974-11-01T00:00:00.000Z;Jan.56
1974-11-02T00:00:00.000Z;Jan.62
1974-11-03T00:00:00.000Z;Jan.96
1974-11-04T00:00:00.000Z;Feb.94
1974-11-05T00:00:00.000Z;Feb.81
1974-11-06T00:00:00.000Z;Jan.61
1974-11-07T00:00:00.000Z;Jan.21
1974-11-08T00:00:00.000Z;Jan.15
1974-11-09T00:00:00.000Z;Jan.44
1974-11-10T00:00:00.000Z;Jan.54
1974-11-11T00:00:00.000Z;Jan.36
1974-11-12T00:00:00.000Z;1.Jun
1974-11-13T00:00:00.000Z;0.920
1974-11-14T00:00:00.000Z;0.850
1974-11-15T00:00:00.000Z;0.805
1974-11-16T00:00:00.000Z;0.710
1974-11-17T00:00:00.000Z;0.560
1974-11-18T00:00:00.000Z;0.530
1974-11-19T00:00:00.000Z;0.615
1974-11-20T00:00:00.000Z;0.600
1974-11-21T00:00:00.000Z;0.570
1974-11-22T00:00:00.000Z;0.580
1974-11-23T00:00:00.000Z;0.550
1974-11-24T00:00:00.000Z;0.900
1974-11-25T00:00:00.000Z;Jan.80
1974-11-26T00:00:00.000Z;Jan.78
1974-11-27T00:00:00.000Z;3.Jan
1974-11-28T00:00:00.000Z;Mar.70
1974-11-29T00:00:00.000Z;Apr.35
1974-11-30T00:00:00.000Z;Mar.55
1974-12-01T00:00:00.000Z;Jan.97
1974-12-02T00:00:00.000Z;Jan.25
1974-12-03T00:00:00.000Z;0.950
1974-12-04T00:00:00.000Z;0.770
1974-12-05T00:00:00.000Z;0.660
1974-12-06T00:00:00.000Z;0.600
1974-12-07T00:00:00.000Z;0.570
1974-12-08T00:00:00.000Z;0.490
1974-12-09T00:00:00.000Z;0.475
1974-12-10T00:00:00.000Z;0.445
1974-12-11T00:00:00.000Z;0.415
1974-12-12T00:00:00.000Z;0.450
1974-12-13T00:00:00.000Z;Mar.96
1974-12-14T00:00:00.000Z;Mar.60
1974-12-15T00:00:00.000Z;Feb.27
1974-12-16T00:00:00.000Z;Jan.30
1974-12-17T00:00:00.000Z;0.830
1974-12-18T00:00:00.000Z;0.630
1974-12-19T00:00:00.000Z;0.620
1974-12-20T00:00:00.000Z;0.580
1974-12-21T00:00:00.000Z;0.520
1974-12-22T00:00:00.000Z;0.480
1974-12-23T00:00:00.000Z;0.450
1974-12-24T00:00:00.000Z;0.430
1974-12-25T00:00:00.000Z;0.400
1974-12-26T00:00:00.000Z;0.390
1974-12-27T00:00:00.000Z;0.370
1974-12-28T00:00:00.000Z;0.350
1974-12-29T00:00:00.000Z;0.345
1974-12-30T00:00:00.000Z;0.330
1974-12-31T00:00:00.000Z;0.320
1975-01-01T00:00:00.000Z;0.315
1975-01-02T00:00:00.000Z;0.310
1975-01-03T00:00:00.000Z;0.300
1975-01-04T00:00:00.000Z;0.295
1975-01-05T00:00:00.000Z;0.285
1975-01-06T00:00:00.000Z;0.280
1975-01-07T00:00:00.000Z;0.275
1975-01-08T00:00:00.000Z;0.260
1975-01-09T00:00:00.000Z;0.255
1975-01-10T00:00:00.000Z;0.250
1975-01-11T00:00:00.000Z;0.240
1975-01-12T00:00:00.000Z;0.230
1975-01-13T00:00:00.000Z;0.220
1975-01-14T00:00:00.000Z;0.215
1975-01-15T00:00:00.000Z;0.205
1975-01-16T00:00:00.000Z;0.210
1975-01-17T00:00:00.000Z;0.205
1975-01-18T00:00:00.000Z;0.200
1975-01-19T00:00:00.000Z;0.275
1975-01-20T00:00:00.000Z;0.290
1975-01-21T00:00:00.000Z;0.500
1975-01-22T00:00:00.000Z;0.580
1975-01-23T00:00:00.000Z;0.490
1975-01-24T00:00:00.000Z;0.625
1975-01-25T00:00:00.000Z;0.910
1975-01-26T00:00:00.000Z;0.630
1975-01-27T00:00:00.000Z;0.510
1975-01-28T00:00:00.000Z;0.555
1975-01-29T00:00:00.000Z;1.00
1975-01-30T00:00:00.000Z;0.860
1975-01-31T00:00:00.000Z;0.590
1975-02-01T00:00:00.000Z;0.905
1975-02-02T00:00:00.000Z;0.830
1975-02-03T00:00:00.000Z;0.580
1975-02-04T00:00:00.000Z;0.465
1975-02-05T00:00:00.000Z;0.390
1975-02-06T00:00:00.000Z;0.345
1975-02-07T00:00:00.000Z;0.315
1975-02-08T00:00:00.000Z;0.310
1975-02-09T00:00:00.000Z;0.295
1975-02-10T00:00:00.000Z;0.285
1975-02-11T00:00:00.000Z;0.260
1975-02-12T00:00:00.000Z;0.260
1975-02-13T00:00:00.000Z;0.265
1975-02-14T00:00:00.000Z;0.265
1975-02-15T00:00:00.000Z;0.280
1975-02-16T00:00:00.000Z;0.315
1975-02-17T00:00:00.000Z;0.320
1975-02-18T00:00:00.000Z;0.295
1975-02-19T00:00:00.000Z;0.290
1975-02-20T00:00:00.000Z;0.275
1975-02-21T00:00:00.000Z;0.270
1975-02-22T00:00:00.000Z;0.250
1975-02-23T00:00:00.000Z;0.240
1975-02-24T00:00:00.000Z;0.230
1975-02-25T00:00:00.000Z;0.220
1975-02-26T00:00:00.000Z;0.215
1975-02-27T00:00:00.000Z;0.210
1975-02-28T00:00:00.000Z;0.210
1975-03-01T00:00:00.000Z;0.200
1975-03-02T00:00:00.000Z;0.210
1975-03-03T00:00:00.000Z;0.200
1975-03-04T00:00:00.000Z;0.205
1975-03-05T00:00:00.000Z;0.195
1975-03-06T00:00:00.000Z;0.190
1975-03-07T00:00:00.000Z;0.195
1975-03-08T00:00:00.000Z;0.215
1975-03-09T00:00:00.000Z;0.305
1975-03-10T00:00:00.000Z;0.390
1975-03-11T00:00:00.000Z;0.380
1975-03-12T00:00:00.000Z;0.330
1975-03-13T00:00:00.000Z;0.350
1975-03-14T00:00:00.000Z;0.830
1975-03-15T00:00:00.000Z;0.950
1975-03-16T00:00:00.000Z;0.790
1975-03-17T00:00:00.000Z;0.770
1975-03-18T00:00:00.000Z;0.670
1975-03-19T00:00:00.000Z;0.600
1975-03-20T00:00:00.000Z;0.520
1975-03-21T00:00:00.000Z;0.645
1975-03-22T00:00:00.000Z;0.825
1975-03-23T00:00:00.000Z;Mar.20
1975-03-24T00:00:00.000Z;Feb.18
1975-03-25T00:00:00.000Z;Jan.56
1975-03-26T00:00:00.000Z;Jan.71
1975-03-27T00:00:00.000Z;Jan.92
1975-03-28T00:00:00.000Z;Jan.62
1975-03-29T00:00:00.000Z;Jan.39
1975-03-30T00:00:00.000Z;0.970
1975-03-31T00:00:00.000Z;0.740
1975-04-01T00:00:00.000Z;0.630
1975-04-02T00:00:00.000Z;0.635
1975-04-03T00:00:00.000Z;0.765
1975-04-04T00:00:00.000Z;0.890
1975-04-05T00:00:00.000Z;0.740
1975-04-06T00:00:00.000Z;0.750
1975-04-07T00:00:00.000Z;0.845
1975-04-08T00:00:00.000Z;0.730
1975-04-09T00:00:00.000Z;0.970
1975-04-10T00:00:00.000Z;0.905
1975-04-11T00:00:00.000Z;0.710
1975-04-12T00:00:00.000Z;1.Jan
1975-04-13T00:00:00.000Z;Jan.39
1975-04-14T00:00:00.000Z;Jan.57
1975-04-15T00:00:00.000Z;Jan.76
1975-04-16T00:00:00.000Z;Jan.64
1975-04-17T00:00:00.000Z;Jan.52
1975-04-18T00:00:00.000Z;Jan.39
1975-04-19T00:00:00.000Z;1.Jun
1975-04-20T00:00:00.000Z;0.820
1975-04-21T00:00:00.000Z;0.695
1975-04-22T00:00:00.000Z;0.590
1975-04-23T00:00:00.000Z;0.510
1975-04-24T00:00:00.000Z;0.465
1975-04-25T00:00:00.000Z;0.425
1975-04-26T00:00:00.000Z;0.395
1975-04-27T00:00:00.000Z;0.385
1975-04-28T00:00:00.000Z;0.370
1975-04-29T00:00:00.000Z;0.350
1975-04-30T00:00:00.000Z;0.470
1975-05-01T00:00:00.000Z;0.510
1975-05-02T00:00:00.000Z;0.415
1975-05-03T00:00:00.000Z;0.360
1975-05-04T00:00:00.000Z;0.350
1975-05-05T00:00:00.000Z;0.345
1975-05-06T00:00:00.000Z;0.320
1975-05-07T00:00:00.000Z;0.315
1975-05-08T00:00:00.000Z;0.305
1975-05-09T00:00:00.000Z;0.300
1975-05-10T00:00:00.000Z;0.310
1975-05-11T00:00:00.000Z;3.May
1975-05-12T00:00:00.000Z;Mar.88
1975-05-13T00:00:00.000Z;Jan.97
1975-05-14T00:00:00.000Z;Jan.15
1975-05-15T00:00:00.000Z;0.765
1975-05-16T00:00:00.000Z;0.600
1975-05-17T00:00:00.000Z;0.520
1975-05-18T00:00:00.000Z;0.450
1975-05-19T00:00:00.000Z;0.425
1975-05-20T00:00:00.000Z;0.395
1975-05-21T00:00:00.000Z;0.360
1975-05-22T00:00:00.000Z;0.410
1975-05-23T00:00:00.000Z;Jan.73
1975-05-24T00:00:00.000Z;Jan.15
1975-05-25T00:00:00.000Z;0.710
1975-05-26T00:00:00.000Z;0.545
1975-05-27T00:00:00.000Z;0.475
1975-05-28T00:00:00.000Z;0.425
1975-05-29T00:00:00.000Z;0.395
1975-05-30T00:00:00.000Z;0.375
1975-05-31T00:00:00.000Z;0.360
1975-06-01T00:00:00.000Z;0.370
1975-06-02T00:00:00.000Z;0.510
1975-06-03T00:00:00.000Z;0.460
1975-06-04T00:00:00.000Z;0.395
1975-06-05T00:00:00.000Z;0.360
1975-06-06T00:00:00.000Z;0.340
1975-06-07T00:00:00.000Z;0.330
1975-06-08T00:00:00.000Z;0.310
1975-06-09T00:00:00.000Z;0.300
1975-06-10T00:00:00.000Z;0.320
1975-06-11T00:00:00.000Z;Jan.35
1975-06-12T00:00:00.000Z;Apr.24
1975-06-13T00:00:00.000Z;3.00
1975-06-14T00:00:00.000Z;Jan.40
1975-06-15T00:00:00.000Z;0.815
1975-06-16T00:00:00.000Z;0.740
1975-06-17T00:00:00.000Z;0.730
1975-06-18T00:00:00.000Z;0.585
1975-06-19T00:00:00.000Z;0.510
1975-06-20T00:00:00.000Z;0.440
1975-06-21T00:00:00.000Z;0.390
1975-06-22T00:00:00.000Z;0.360
1975-06-23T00:00:00.000Z;0.340
1975-06-24T00:00:00.000Z;0.330
1975-06-25T00:00:00.000Z;0.320
1975-06-26T00:00:00.000Z;0.310
1975-06-27T00:00:00.000Z;0.300
1975-06-28T00:00:00.000Z;0.275
1975-06-29T00:00:00.000Z;0.270
1975-06-30T00:00:00.000Z;0.255
1975-07-01T00:00:00.000Z;0.245
1975-07-02T00:00:00.000Z;0.240
1975-07-03T00:00:00.000Z;0.235
1975-07-04T00:00:00.000Z;0.230
1975-07-05T00:00:00.000Z;0.220
1975-07-06T00:00:00.000Z;0.215
1975-07-07T00:00:00.000Z;0.210
1975-07-08T00:00:00.000Z;0.205
1975-07-09T00:00:00.000Z;0.200
1975-07-10T00:00:00.000Z;0.190
1975-07-11T00:00:00.000Z;0.185
1975-07-12T00:00:00.000Z;0.180
1975-07-13T00:00:00.000Z;0.175
1975-07-14T00:00:00.000Z;0.170
1975-07-15T00:00:00.000Z;0.165
1975-07-16T00:00:00.000Z;0.160
1975-07-17T00:00:00.000Z;0.155
1975-07-18T00:00:00.000Z;0.155
1975-07-19T00:00:00.000Z;0.155
1975-07-20T00:00:00.000Z;0.150
1975-07-21T00:00:00.000Z;0.145
1975-07-22T00:00:00.000Z;0.145
1975-07-23T00:00:00.000Z;0.140
1975-07-24T00:00:00.000Z;0.140
1975-07-25T00:00:00.000Z;0.135
1975-07-26T00:00:00.000Z;0.135
1975-07-27T00:00:00.000Z;0.130
1975-07-28T00:00:00.000Z;0.130
1975-07-29T00:00:00.000Z;0.125
1975-07-30T00:00:00.000Z;0.125
1975-07-31T00:00:00.000Z;0.125
1975-08-01T00:00:00.000Z;0.125
1975-08-02T00:00:00.000Z;0.120
1975-08-03T00:00:00.000Z;0.120
1975-08-04T00:00:00.000Z;0.120
1975-08-05T00:00:00.000Z;0.118
1975-08-06T00:00:00.000Z;0.118
1975-08-07T00:00:00.000Z;0.118
1975-08-08T00:00:00.000Z;0.118
1975-08-09T00:00:00.000Z;0.115
1975-08-10T00:00:00.000Z;0.115
1975-08-11T00:00:00.000Z;0.112
1975-08-12T00:00:00.000Z;0.112
1975-08-13T00:00:00.000Z;0.112
1975-08-14T00:00:00.000Z;0.110
1975-08-15T00:00:00.000Z;0.110
1975-08-16T00:00:00.000Z;0.108
1975-08-17T00:00:00.000Z;0.108
1975-08-18T00:00:00.000Z;0.108
1975-08-19T00:00:00.000Z;0.108
1975-08-20T00:00:00.000Z;0.105
1975-08-21T00:00:00.000Z;0.108
1975-08-22T00:00:00.000Z;0.250
1975-08-23T00:00:00.000Z;0.245
1975-08-24T00:00:00.000Z;0.190
1975-08-25T00:00:00.000Z;0.225
1975-08-26T00:00:00.000Z;0.490
1975-08-27T00:00:00.000Z;0.290
1975-08-28T00:00:00.000Z;0.210
1975-08-29T00:00:00.000Z;0.180
1975-08-30T00:00:00.000Z;0.160
1975-08-31T00:00:00.000Z;0.155
1975-09-01T00:00:00.000Z;0.185
1975-09-02T00:00:00.000Z;0.260
1975-09-03T00:00:00.000Z;0.275
1975-09-04T00:00:00.000Z;0.215
1975-09-05T00:00:00.000Z;0.180
1975-09-06T00:00:00.000Z;0.205
1975-09-07T00:00:00.000Z;0.300
1975-09-08T00:00:00.000Z;0.290
1975-09-09T00:00:00.000Z;0.230
1975-09-10T00:00:00.000Z;0.275
1975-09-11T00:00:00.000Z;0.550
1975-09-12T00:00:00.000Z;0.490
1975-09-13T00:00:00.000Z;0.330
1975-09-14T00:00:00.000Z;0.375
1975-09-15T00:00:00.000Z;0.440
1975-09-16T00:00:00.000Z;0.410
1975-09-17T00:00:00.000Z;0.435
1975-09-18T00:00:00.000Z;0.510
1975-09-19T00:00:00.000Z;0.380
1975-09-20T00:00:00.000Z;0.290
1975-09-21T00:00:00.000Z;0.245
1975-09-22T00:00:00.000Z;0.210
1975-09-23T00:00:00.000Z;0.190
1975-09-24T00:00:00.000Z;0.185
1975-09-25T00:00:00.000Z;0.170
1975-09-26T00:00:00.000Z;0.175
1975-09-27T00:00:00.000Z;0.165
1975-09-28T00:00:00.000Z;0.150
1975-09-29T00:00:00.000Z;0.150
1975-09-30T00:00:00.000Z;0.150
1975-10-01T00:00:00.000Z;0.160
1975-10-02T00:00:00.000Z;0.150
1975-10-03T00:00:00.000Z;0.145
1975-10-04T00:00:00.000Z;0.145
1975-10-05T00:00:00.000Z;0.130
1975-10-06T00:00:00.000Z;0.130
1975-10-07T00:00:00.000Z;0.135
1975-10-08T00:00:00.000Z;0.135
1975-10-09T00:00:00.000Z;0.130
1975-10-10T00:00:00.000Z;0.125
1975-10-11T00:00:00.000Z;0.125
1975-10-12T00:00:00.000Z;0.125
1975-10-13T00:00:00.000Z;0.125
1975-10-14T00:00:00.000Z;0.125
1975-10-15T00:00:00.000Z;0.125
1975-10-16T00:00:00.000Z;0.125
1975-10-17T00:00:00.000Z;0.260
1975-10-18T00:00:00.000Z;0.390
1975-10-19T00:00:00.000Z;0.300
1975-10-20T00:00:00.000Z;0.230
1975-10-21T00:00:00.000Z;0.205
1975-10-22T00:00:00.000Z;0.175
1975-10-23T00:00:00.000Z;0.160
1975-10-24T00:00:00.000Z;0.140
1975-10-25T00:00:00.000Z;0.135
1975-10-26T00:00:00.000Z;0.130
1975-10-27T00:00:00.000Z;0.130
1975-10-28T00:00:00.000Z;0.125
1975-10-29T00:00:00.000Z;0.120
1975-10-30T00:00:00.000Z;0.125
1975-10-31T00:00:00.000Z;0.120
1975-11-01T00:00:00.000Z;0.125
1975-11-02T00:00:00.000Z;0.120
1975-11-03T00:00:00.000Z;0.115
1975-11-04T00:00:00.000Z;0.114
1975-11-05T00:00:00.000Z;0.113
1975-11-06T00:00:00.000Z;0.115
1975-11-07T00:00:00.000Z;0.160
1975-11-08T00:00:00.000Z;0.285
1975-11-09T00:00:00.000Z;0.230
1975-11-10T00:00:00.000Z;0.205
1975-11-11T00:00:00.000Z;0.175
1975-11-12T00:00:00.000Z;0.160
1975-11-13T00:00:00.000Z;0.150
1975-11-14T00:00:00.000Z;0.145
1975-11-15T00:00:00.000Z;0.140
1975-11-16T00:00:00.000Z;0.140
1975-11-17T00:00:00.000Z;0.785
1975-11-18T00:00:00.000Z;Jan.24
1975-11-19T00:00:00.000Z;Feb.58
1975-11-20T00:00:00.000Z;Jan.45
1975-11-21T00:00:00.000Z;Jun.50
1975-11-22T00:00:00.000Z;Mar.81
1975-11-23T00:00:00.000Z;Feb.56
1975-11-24T00:00:00.000Z;Jan.55
1975-11-25T00:00:00.000Z;0.930
1975-11-26T00:00:00.000Z;0.790
1975-11-27T00:00:00.000Z;Jan.14
1975-11-28T00:00:00.000Z;Feb.33
1975-11-29T00:00:00.000Z;Feb.58
1975-11-30T00:00:00.000Z;Jan.66
1975-12-01T00:00:00.000Z;Jan.30
1975-12-02T00:00:00.000Z;1.Aug
1975-12-03T00:00:00.000Z;1.Apr
1975-12-04T00:00:00.000Z;0.930
1975-12-05T00:00:00.000Z;0.770
1975-12-06T00:00:00.000Z;0.645
1975-12-07T00:00:00.000Z;0.570
1975-12-08T00:00:00.000Z;0.490
1975-12-09T00:00:00.000Z;0.445
1975-12-10T00:00:00.000Z;0.405
1975-12-11T00:00:00.000Z;0.380
1975-12-12T00:00:00.000Z;0.365
1975-12-13T00:00:00.000Z;0.365
1975-12-14T00:00:00.000Z;0.330
1975-12-15T00:00:00.000Z;0.325
1975-12-16T00:00:00.000Z;0.315
1975-12-17T00:00:00.000Z;0.315
1975-12-18T00:00:00.000Z;0.300
1975-12-19T00:00:00.000Z;0.290
1975-12-20T00:00:00.000Z;0.275
1975-12-21T00:00:00.000Z;0.260
1975-12-22T00:00:00.000Z;0.245
1975-12-23T00:00:00.000Z;0.230
1975-12-24T00:00:00.000Z;0.230
1975-12-25T00:00:00.000Z;0.225
1975-12-26T00:00:00.000Z;0.205
1975-12-27T00:00:00.000Z;0.215
1975-12-28T00:00:00.000Z;0.210
1975-12-29T00:00:00.000Z;0.205
1975-12-30T00:00:00.000Z;0.200
1975-12-31T00:00:00.000Z;0.190
1976-01-01T00:00:00.000Z;0.185
1976-01-02T00:00:00.000Z;0.180
1976-01-03T00:00:00.000Z;0.170
1976-01-04T00:00:00.000Z;0.175
1976-01-05T00:00:00.000Z;0.170
1976-01-06T00:00:00.000Z;0.165
1976-01-07T00:00:00.000Z;0.155
1976-01-08T00:00:00.000Z;0.155
1976-01-09T00:00:00.000Z;0.155
1976-01-10T00:00:00.000Z;0.150
1976-01-11T00:00:00.000Z;0.150
1976-01-12T00:00:00.000Z;0.145
1976-01-13T00:00:00.000Z;0.145
1976-01-14T00:00:00.000Z;0.140
1976-01-15T00:00:00.000Z;0.135
1976-01-16T00:00:00.000Z;0.130
1976-01-17T00:00:00.000Z;0.130
1976-01-18T00:00:00.000Z;0.125
1976-01-19T00:00:00.000Z;0.125
1976-01-20T00:00:00.000Z;0.120
1976-01-21T00:00:00.000Z;0.115
1976-01-22T00:00:00.000Z;0.115
1976-01-23T00:00:00.000Z;0.115
1976-01-24T00:00:00.000Z;0.140
1976-01-25T00:00:00.000Z;0.170
1976-01-26T00:00:00.000Z;0.160
1976-01-27T00:00:00.000Z;0.130
1976-01-28T00:00:00.000Z;0.130
1976-01-29T00:00:00.000Z;0.140
1976-01-30T00:00:00.000Z;0.140
1976-01-31T00:00:00.000Z;0.150
1976-02-01T00:00:00.000Z;0.160
1976-02-02T00:00:00.000Z;0.195
1976-02-03T00:00:00.000Z;0.300
1976-02-04T00:00:00.000Z;0.390
1976-02-05T00:00:00.000Z;0.485
1976-02-06T00:00:00.000Z;0.710
1976-02-07T00:00:00.000Z;0.780
1976-02-08T00:00:00.000Z;0.615
1976-02-09T00:00:00.000Z;0.435
1976-02-10T00:00:00.000Z;0.415
1976-02-11T00:00:00.000Z;0.990
1976-02-12T00:00:00.000Z;0.870
1976-02-13T00:00:00.000Z;Jan.41
1976-02-14T00:00:00.000Z;Feb.17
1976-02-15T00:00:00.000Z;1.Jul
1976-02-16T00:00:00.000Z;0.615
1976-02-17T00:00:00.000Z;0.580
1976-02-18T00:00:00.000Z;0.655
1976-02-19T00:00:00.000Z;0.675
1976-02-20T00:00:00.000Z;0.635
1976-02-21T00:00:00.000Z;0.530
1976-02-22T00:00:00.000Z;0.495
1976-02-23T00:00:00.000Z;0.550
1976-02-24T00:00:00.000Z;0.505
1976-02-25T00:00:00.000Z;0.420
1976-02-26T00:00:00.000Z;0.365
1976-02-27T00:00:00.000Z;0.320
1976-02-28T00:00:00.000Z;0.285
1976-02-29T00:00:00.000Z;0.265
1976-03-01T00:00:00.000Z;0.260
1976-03-02T00:00:00.000Z;0.245
1976-03-03T00:00:00.000Z;0.230
1976-03-04T00:00:00.000Z;0.215
1976-03-05T00:00:00.000Z;0.195
1976-03-06T00:00:00.000Z;0.195
1976-03-07T00:00:00.000Z;0.180
1976-03-08T00:00:00.000Z;0.180
1976-03-09T00:00:00.000Z;0.190
1976-03-10T00:00:00.000Z;0.190
1976-03-11T00:00:00.000Z;0.190
1976-03-12T00:00:00.000Z;0.190
1976-03-13T00:00:00.000Z;0.200
1976-03-14T00:00:00.000Z;Jan.31
1976-03-15T00:00:00.000Z;0.905
1976-03-16T00:00:00.000Z;0.820
1976-03-17T00:00:00.000Z;1.Jul
1976-03-18T00:00:00.000Z;Jan.15
1976-03-19T00:00:00.000Z;Jan.38
1976-03-20T00:00:00.000Z;Jan.30
1976-03-21T00:00:00.000Z;0.950
1976-03-22T00:00:00.000Z;0.715
1976-03-23T00:00:00.000Z;0.565
1976-03-24T00:00:00.000Z;0.450
1976-03-25T00:00:00.000Z;0.355
1976-03-26T00:00:00.000Z;0.325
1976-03-27T00:00:00.000Z;0.300
1976-03-28T00:00:00.000Z;0.295
1976-03-29T00:00:00.000Z;0.265
1976-03-30T00:00:00.000Z;0.260
1976-03-31T00:00:00.000Z;0.260
1976-04-01T00:00:00.000Z;0.250
1976-04-02T00:00:00.000Z;0.245
1976-04-03T00:00:00.000Z;0.240
1976-04-04T00:00:00.000Z;0.240
1976-04-05T00:00:00.000Z;0.545
1976-04-06T00:00:00.000Z;0.670
1976-04-07T00:00:00.000Z;1.00
1976-04-08T00:00:00.000Z;0.930
1976-04-09T00:00:00.000Z;0.580
1976-04-10T00:00:00.000Z;0.475
1976-04-11T00:00:00.000Z;0.395
1976-04-12T00:00:00.000Z;0.355
1976-04-13T00:00:00.000Z;0.310
1976-04-14T00:00:00.000Z;0.290
1976-04-15T00:00:00.000Z;0.330
1976-04-16T00:00:00.000Z;0.450
1976-04-17T00:00:00.000Z;0.590
1976-04-18T00:00:00.000Z;0.610
1976-04-19T00:00:00.000Z;0.520
1976-04-20T00:00:00.000Z;0.405
1976-04-21T00:00:00.000Z;0.460
1976-04-22T00:00:00.000Z;0.510
1976-04-23T00:00:00.000Z;Jan.96
1976-04-24T00:00:00.000Z;Feb.31
1976-04-25T00:00:00.000Z;Jan.17
1976-04-26T00:00:00.000Z;1.Mar
1976-04-27T00:00:00.000Z;Jan.25
1976-04-28T00:00:00.000Z;Feb.41
1976-04-29T00:00:00.000Z;Feb.48
1976-04-30T00:00:00.000Z;Jan.48
1976-05-01T00:00:00.000Z;0.835
1976-05-02T00:00:00.000Z;0.610
1976-05-03T00:00:00.000Z;0.525
1976-05-04T00:00:00.000Z;0.450
1976-05-05T00:00:00.000Z;0.390
1976-05-06T00:00:00.000Z;0.350
1976-05-07T00:00:00.000Z;0.315
1976-05-08T00:00:00.000Z;0.295
1976-05-09T00:00:00.000Z;0.305
1976-05-10T00:00:00.000Z;0.465
1976-05-11T00:00:00.000Z;Feb.19
1976-05-12T00:00:00.000Z;Jan.46
1976-05-13T00:00:00.000Z;0.835
1976-05-14T00:00:00.000Z;0.580
1976-05-15T00:00:00.000Z;0.495
1976-05-16T00:00:00.000Z;0.405
1976-05-17T00:00:00.000Z;0.355
1976-05-18T00:00:00.000Z;0.370
1976-05-19T00:00:00.000Z;0.480
1976-05-20T00:00:00.000Z;0.485
1976-05-21T00:00:00.000Z;0.510
1976-05-22T00:00:00.000Z;0.385
1976-05-23T00:00:00.000Z;0.330
1976-05-24T00:00:00.000Z;0.310
1976-05-25T00:00:00.000Z;0.295
1976-05-26T00:00:00.000Z;0.280
1976-05-27T00:00:00.000Z;0.275
1976-05-28T00:00:00.000Z;0.245
1976-05-29T00:00:00.000Z;0.245
1976-05-30T00:00:00.000Z;0.230
1976-05-31T00:00:00.000Z;0.215
1976-06-01T00:00:00.000Z;0.210
1976-06-02T00:00:00.000Z;0.195
1976-06-03T00:00:00.000Z;0.185
1976-06-04T00:00:00.000Z;0.180
1976-06-05T00:00:00.000Z;0.170
1976-06-06T00:00:00.000Z;0.165
1976-06-07T00:00:00.000Z;0.165
1976-06-08T00:00:00.000Z;0.155
1976-06-09T00:00:00.000Z;0.150
1976-06-10T00:00:00.000Z;0.145
1976-06-11T00:00:00.000Z;0.145
1976-06-12T00:00:00.000Z;0.140
1976-06-13T00:00:00.000Z;0.135
1976-06-14T00:00:00.000Z;0.130
1976-06-15T00:00:00.000Z;0.130
1976-06-16T00:00:00.000Z;0.125
1976-06-17T00:00:00.000Z;0.130
1976-06-18T00:00:00.000Z;0.125
1976-06-19T00:00:00.000Z;0.120
1976-06-20T00:00:00.000Z;0.120
1976-06-21T00:00:00.000Z;0.110
1976-06-22T00:00:00.000Z;0.120
1976-06-23T00:00:00.000Z;0.110
1976-06-24T00:00:00.000Z;0.110
1976-06-25T00:00:00.000Z;0.105
1976-06-26T00:00:00.000Z;0.105
1976-06-27T00:00:00.000Z;0.100
1976-06-28T00:00:00.000Z;0.0950
1976-06-29T00:00:00.000Z;0.0900
1976-06-30T00:00:00.000Z;0.0850
1976-07-01T00:00:00.000Z;0.0850
1976-07-02T00:00:00.000Z;0.0850
1976-07-03T00:00:00.000Z;0.0840
1976-07-04T00:00:00.000Z;0.0830
1976-07-05T00:00:00.000Z;0.0820
1976-07-06T00:00:00.000Z;0.0810
1976-07-07T00:00:00.000Z;0.0800
1976-07-08T00:00:00.000Z;0.0850
1976-07-09T00:00:00.000Z;0.0820
1976-07-10T00:00:00.000Z;0.0820
1976-07-11T00:00:00.000Z;0.0800
1976-07-12T00:00:00.000Z;0.0800
1976-07-13T00:00:00.000Z;0.110
1976-07-14T00:00:00.000Z;0.0900
1976-07-15T00:00:00.000Z;0.0800
1976-07-16T00:00:00.000Z;0.0780
1976-07-17T00:00:00.000Z;0.0800
1976-07-18T00:00:00.000Z;0.0830
1976-07-19T00:00:00.000Z;0.0800
1976-07-20T00:00:00.000Z;0.0750
1976-07-21T00:00:00.000Z;0.0800
1976-07-22T00:00:00.000Z;0.0830
1976-07-23T00:00:00.000Z;0.0810
1976-07-24T00:00:00.000Z;0.0740
1976-07-25T00:00:00.000Z;0.0710
1976-07-26T00:00:00.000Z;0.0690
1976-07-27T00:00:00.000Z;0.0670
1976-07-28T00:00:00.000Z;0.0660
1976-07-29T00:00:00.000Z;0.0650
1976-07-30T00:00:00.000Z;0.0630
1976-07-31T00:00:00.000Z;0.0630
1976-08-01T00:00:00.000Z;0.0600
1976-08-02T00:00:00.000Z;0.0610
1976-08-03T00:00:00.000Z;0.0600
1976-08-04T00:00:00.000Z;0.0600
1976-08-05T00:00:00.000Z;0.0590
1976-08-06T00:00:00.000Z;0.0590
1976-08-07T00:00:00.000Z;0.0580
1976-08-08T00:00:00.000Z;0.0580
1976-08-09T00:00:00.000Z;0.0570
1976-08-10T00:00:00.000Z;0.0570
1976-08-11T00:00:00.000Z;0.0560
1976-08-12T00:00:00.000Z;0.0560
1976-08-13T00:00:00.000Z;0.0550
1976-08-14T00:00:00.000Z;0.0540
1976-08-15T00:00:00.000Z;0.0540
1976-08-16T00:00:00.000Z;0.0530
1976-08-17T00:00:00.000Z;0.0530
1976-08-18T00:00:00.000Z;0.0520
1976-08-19T00:00:00.000Z;0.0520
1976-08-20T00:00:00.000Z;0.0510
1976-08-21T00:00:00.000Z;0.0510
1976-08-22T00:00:00.000Z;0.0500
1976-08-23T00:00:00.000Z;0.0500
1976-08-24T00:00:00.000Z;0.0500
1976-08-25T00:00:00.000Z;0.0500
1976-08-26T00:00:00.000Z;0.0500
1976-08-27T00:00:00.000Z;0.0510
1976-08-28T00:00:00.000Z;0.0510
1976-08-29T00:00:00.000Z;0.0520
1976-08-30T00:00:00.000Z;0.0540
1976-08-31T00:00:00.000Z;0.0560
1976-09-01T00:00:00.000Z;0.0570
1976-09-02T00:00:00.000Z;0.0600
1976-09-03T00:00:00.000Z;0.0750
1976-09-04T00:00:00.000Z;0.0900
1976-09-05T00:00:00.000Z;0.0750
1976-09-06T00:00:00.000Z;0.0700
1976-09-07T00:00:00.000Z;0.0650
1976-09-08T00:00:00.000Z;0.0600
1976-09-09T00:00:00.000Z;0.0600
1976-09-10T00:00:00.000Z;0.0600
1976-09-11T00:00:00.000Z;0.220
1976-09-12T00:00:00.000Z;0.110
1976-09-13T00:00:00.000Z;0.195
1976-09-14T00:00:00.000Z;0.615
1976-09-15T00:00:00.000Z;0.330
1976-09-16T00:00:00.000Z;0.210
1976-09-17T00:00:00.000Z;0.175
1976-09-18T00:00:00.000Z;0.150
1976-09-19T00:00:00.000Z;0.130
1976-09-20T00:00:00.000Z;0.115
1976-09-21T00:00:00.000Z;0.0950
1976-09-22T00:00:00.000Z;0.0900
1976-09-23T00:00:00.000Z;0.0880
1976-09-24T00:00:00.000Z;0.0840
1976-09-25T00:00:00.000Z;0.0800
1976-09-26T00:00:00.000Z;0.0780
1976-09-27T00:00:00.000Z;0.0760
1976-09-28T00:00:00.000Z;0.0740
1976-09-29T00:00:00.000Z;0.0720
1976-09-30T00:00:00.000Z;0.0700
1976-10-01T00:00:00.000Z;0.0700
1976-10-02T00:00:00.000Z;0.0800
1976-10-03T00:00:00.000Z;0.0780
1976-10-04T00:00:00.000Z;0.0740
1976-10-05T00:00:00.000Z;0.0720
1976-10-06T00:00:00.000Z;0.0700
1976-10-07T00:00:00.000Z;0.0690
1976-10-08T00:00:00.000Z;0.0690
1976-10-09T00:00:00.000Z;0.0680
1976-10-10T00:00:00.000Z;0.0680
1976-10-11T00:00:00.000Z;0.0680
1976-10-12T00:00:00.000Z;0.145
1976-10-13T00:00:00.000Z;0.275
1976-10-14T00:00:00.000Z;0.425
1976-10-15T00:00:00.000Z;0.540
1976-10-16T00:00:00.000Z;0.285
1976-10-17T00:00:00.000Z;1.May
1976-10-18T00:00:00.000Z;Feb.43
1976-10-19T00:00:00.000Z;Jan.49
1976-10-20T00:00:00.000Z;Jan.36
1976-10-21T00:00:00.000Z;1.00
1976-10-22T00:00:00.000Z;0.520
1976-10-23T00:00:00.000Z;0.340
1976-10-24T00:00:00.000Z;0.280
1976-10-25T00:00:00.000Z;1.Oct
1976-10-26T00:00:00.000Z;Jan.94
1976-10-27T00:00:00.000Z;Jan.21
1976-10-28T00:00:00.000Z;0.870
1976-10-29T00:00:00.000Z;0.550
1976-10-30T00:00:00.000Z;0.405
1976-10-31T00:00:00.000Z;0.345
1976-11-01T00:00:00.000Z;0.470
1976-11-02T00:00:00.000Z;0.490
1976-11-03T00:00:00.000Z;0.620
1976-11-04T00:00:00.000Z;1.Apr
1976-11-05T00:00:00.000Z;Jan.69
1976-11-06T00:00:00.000Z;Feb.38
1976-11-07T00:00:00.000Z;Feb.29
1976-11-08T00:00:00.000Z;Jan.33
1976-11-09T00:00:00.000Z;0.740
1976-11-10T00:00:00.000Z;0.530
1976-11-11T00:00:00.000Z;0.440
1976-11-12T00:00:00.000Z;0.405
1976-11-13T00:00:00.000Z;0.620
1976-11-14T00:00:00.000Z;0.835
1976-11-15T00:00:00.000Z;0.610
1976-11-16T00:00:00.000Z;0.500
1976-11-17T00:00:00.000Z;0.395
1976-11-18T00:00:00.000Z;0.335
1976-11-19T00:00:00.000Z;0.310
1976-11-20T00:00:00.000Z;0.295
1976-11-21T00:00:00.000Z;0.285
1976-11-22T00:00:00.000Z;0.270
1976-11-23T00:00:00.000Z;0.255
1976-11-24T00:00:00.000Z;0.240
1976-11-25T00:00:00.000Z;0.230
1976-11-26T00:00:00.000Z;0.220
1976-11-27T00:00:00.000Z;0.215
1976-11-28T00:00:00.000Z;0.200
1976-11-29T00:00:00.000Z;0.195
1976-11-30T00:00:00.000Z;0.190
1976-12-01T00:00:00.000Z;0.180
1976-12-02T00:00:00.000Z;0.925
1976-12-03T00:00:00.000Z;Mar.78
1976-12-04T00:00:00.000Z;Jan.92
1976-12-05T00:00:00.000Z;0.990
1976-12-06T00:00:00.000Z;0.695
1976-12-07T00:00:00.000Z;0.785
1976-12-08T00:00:00.000Z;0.795
1976-12-09T00:00:00.000Z;0.710
1976-12-10T00:00:00.000Z;0.670
1976-12-11T00:00:00.000Z;0.635
1976-12-12T00:00:00.000Z;0.550
1976-12-13T00:00:00.000Z;0.460
1976-12-14T00:00:00.000Z;0.385
1976-12-15T00:00:00.000Z;0.340
1976-12-16T00:00:00.000Z;0.325
1976-12-17T00:00:00.000Z;0.295
1976-12-18T00:00:00.000Z;0.275
1976-12-19T00:00:00.000Z;0.265
1976-12-20T00:00:00.000Z;0.260
1976-12-21T00:00:00.000Z;0.245
1976-12-22T00:00:00.000Z;0.230
1976-12-23T00:00:00.000Z;0.220
1976-12-24T00:00:00.000Z;0.210
1976-12-25T00:00:00.000Z;0.200
1976-12-26T00:00:00.000Z;0.190
1976-12-27T00:00:00.000Z;0.180
1976-12-28T00:00:00.000Z;0.180
1976-12-29T00:00:00.000Z;0.170
1976-12-30T00:00:00.000Z;0.165
1976-12-31T00:00:00.000Z;0.160
1977-01-01T00:00:00.000Z;0.165
1977-01-02T00:00:00.000Z;0.170
1977-01-03T00:00:00.000Z;0.165
1977-01-04T00:00:00.000Z;0.160
1977-01-05T00:00:00.000Z;0.160
1977-01-06T00:00:00.000Z;0.155
1977-01-07T00:00:00.000Z;0.155
1977-01-08T00:00:00.000Z;0.180
1977-01-09T00:00:00.000Z;0.220
1977-01-10T00:00:00.000Z;0.230
1977-01-11T00:00:00.000Z;0.215
1977-01-12T00:00:00.000Z;0.205
1977-01-13T00:00:00.000Z;0.185
1977-01-14T00:00:00.000Z;0.180
1977-01-15T00:00:00.000Z;0.205
1977-01-16T00:00:00.000Z;0.260
1977-01-17T00:00:00.000Z;0.235
1977-01-18T00:00:00.000Z;0.225
1977-01-19T00:00:00.000Z;0.220
1977-01-20T00:00:00.000Z;0.310
1977-01-21T00:00:00.000Z;0.290
1977-01-22T00:00:00.000Z;0.250
1977-01-23T00:00:00.000Z;0.240
1977-01-24T00:00:00.000Z;0.230
1977-01-25T00:00:00.000Z;0.215
1977-01-26T00:00:00.000Z;0.200
1977-01-27T00:00:00.000Z;0.240
1977-01-28T00:00:00.000Z;0.250
1977-01-29T00:00:00.000Z;0.260
1977-01-30T00:00:00.000Z;0.315
1977-01-31T00:00:00.000Z;0.265
1977-02-01T00:00:00.000Z;0.240
1977-02-02T00:00:00.000Z;0.205
1977-02-03T00:00:00.000Z;0.185
1977-02-04T00:00:00.000Z;0.180
1977-02-05T00:00:00.000Z;0.170
1977-02-06T00:00:00.000Z;0.165
1977-02-07T00:00:00.000Z;0.165
1977-02-08T00:00:00.000Z;0.165
1977-02-09T00:00:00.000Z;0.165
1977-02-10T00:00:00.000Z;0.160
1977-02-11T00:00:00.000Z;0.170
1977-02-12T00:00:00.000Z;0.175
1977-02-13T00:00:00.000Z;0.170
1977-02-14T00:00:00.000Z;0.180
1977-02-15T00:00:00.000Z;0.210
1977-02-16T00:00:00.000Z;0.300
1977-02-17T00:00:00.000Z;0.375
1977-02-18T00:00:00.000Z;0.390
1977-02-19T00:00:00.000Z;0.320
1977-02-20T00:00:00.000Z;0.280
1977-02-21T00:00:00.000Z;0.315
1977-02-22T00:00:00.000Z;0.280
1977-02-23T00:00:00.000Z;0.250
1977-02-24T00:00:00.000Z;0.240
1977-02-25T00:00:00.000Z;0.220
1977-02-26T00:00:00.000Z;0.200
1977-02-27T00:00:00.000Z;0.195
1977-02-28T00:00:00.000Z;0.285
1977-03-01T00:00:00.000Z;0.350
1977-03-02T00:00:00.000Z;0.305
1977-03-03T00:00:00.000Z;0.260
1977-03-04T00:00:00.000Z;0.240
1977-03-05T00:00:00.000Z;0.210
1977-03-06T00:00:00.000Z;0.195
1977-03-07T00:00:00.000Z;0.185
1977-03-08T00:00:00.000Z;0.180
1977-03-09T00:00:00.000Z;0.180
1977-03-10T00:00:00.000Z;0.190
1977-03-11T00:00:00.000Z;0.195
1977-03-12T00:00:00.000Z;0.255
1977-03-13T00:00:00.000Z;0.415
1977-03-14T00:00:00.000Z;0.425
1977-03-15T00:00:00.000Z;0.335
1977-03-16T00:00:00.000Z;0.280
1977-03-17T00:00:00.000Z;0.260
1977-03-18T00:00:00.000Z;0.250
1977-03-19T00:00:00.000Z;0.245
1977-03-20T00:00:00.000Z;0.280
1977-03-21T00:00:00.000Z;0.290
1977-03-22T00:00:00.000Z;0.280
1977-03-23T00:00:00.000Z;0.320
1977-03-24T00:00:00.000Z;0.535
1977-03-25T00:00:00.000Z;0.530
1977-03-26T00:00:00.000Z;0.425
1977-03-27T00:00:00.000Z;0.335
1977-03-28T00:00:00.000Z;0.835
1977-03-29T00:00:00.000Z;Jan.31
1977-03-30T00:00:00.000Z;0.805
1977-03-31T00:00:00.000Z;0.690
1977-04-01T00:00:00.000Z;Jan.21
1977-04-02T00:00:00.000Z;Jan.89
1977-04-03T00:00:00.000Z;Jan.51
1977-04-04T00:00:00.000Z;1.Aug
1977-04-05T00:00:00.000Z;0.745
1977-04-06T00:00:00.000Z;0.575
1977-04-07T00:00:00.000Z;0.495
1977-04-08T00:00:00.000Z;0.665
1977-04-09T00:00:00.000Z;0.705
1977-04-10T00:00:00.000Z;0.645
1977-04-11T00:00:00.000Z;0.680
1977-04-12T00:00:00.000Z;Feb.20
1977-04-13T00:00:00.000Z;Jan.86
1977-04-14T00:00:00.000Z;Jan.90
1977-04-15T00:00:00.000Z;Jan.61
1977-04-16T00:00:00.000Z;1.Nov
1977-04-17T00:00:00.000Z;0.750
1977-04-18T00:00:00.000Z;0.855
1977-04-19T00:00:00.000Z;Jan.20
1977-04-20T00:00:00.000Z;Jan.55
1977-04-21T00:00:00.000Z;Jan.21
1977-04-22T00:00:00.000Z;0.795
1977-04-23T00:00:00.000Z;0.605
1977-04-24T00:00:00.000Z;0.520
1977-04-25T00:00:00.000Z;0.450
1977-04-26T00:00:00.000Z;0.385
1977-04-27T00:00:00.000Z;0.345
1977-04-28T00:00:00.000Z;0.330
1977-04-29T00:00:00.000Z;0.370
1977-04-30T00:00:00.000Z;0.400
1977-05-01T00:00:00.000Z;0.350
1977-05-02T00:00:00.000Z;0.325
1977-05-03T00:00:00.000Z;0.550
1977-05-04T00:00:00.000Z;2.Jun
1977-05-05T00:00:00.000Z;Jan.67
1977-05-06T00:00:00.000Z;Jan.28
1977-05-07T00:00:00.000Z;Jan.36
1977-05-08T00:00:00.000Z;Jan.23
1977-05-09T00:00:00.000Z;0.900
1977-05-10T00:00:00.000Z;0.650
1977-05-11T00:00:00.000Z;0.490
1977-05-12T00:00:00.000Z;0.415
1977-05-13T00:00:00.000Z;0.465
1977-05-14T00:00:00.000Z;0.445
1977-05-15T00:00:00.000Z;0.415
1977-05-16T00:00:00.000Z;0.415
1977-05-17T00:00:00.000Z;Jan.36
1977-05-18T00:00:00.000Z;Mar.20
1977-05-19T00:00:00.000Z;Jun.69
1977-05-20T00:00:00.000Z;May.19
1977-05-21T00:00:00.000Z;Mar.44
1977-05-22T00:00:00.000Z;3.Aug
1977-05-23T00:00:00.000Z;Feb.78
1977-05-24T00:00:00.000Z;Feb.41
1977-05-25T00:00:00.000Z;Jan.74
1977-05-26T00:00:00.000Z;3.Nov
1977-05-27T00:00:00.000Z;Feb.36
1977-05-28T00:00:00.000Z;Jan.41
1977-05-29T00:00:00.000Z;0.970
1977-05-30T00:00:00.000Z;0.880
1977-05-31T00:00:00.000Z;1.May
1977-06-01T00:00:00.000Z;Jan.20
1977-06-02T00:00:00.000Z;Jan.38
1977-06-03T00:00:00.000Z;Jan.76
1977-06-04T00:00:00.000Z;Jan.18
1977-06-05T00:00:00.000Z;0.805
1977-06-06T00:00:00.000Z;0.625
1977-06-07T00:00:00.000Z;0.550
1977-06-08T00:00:00.000Z;0.505
1977-06-09T00:00:00.000Z;0.445
1977-06-10T00:00:00.000Z;0.405
1977-06-11T00:00:00.000Z;0.405
1977-06-12T00:00:00.000Z;0.375
1977-06-13T00:00:00.000Z;0.350
1977-06-14T00:00:00.000Z;0.330
1977-06-15T00:00:00.000Z;0.320
1977-06-16T00:00:00.000Z;0.280
1977-06-17T00:00:00.000Z;0.270
1977-06-18T00:00:00.000Z;0.275
1977-06-19T00:00:00.000Z;0.300
1977-06-20T00:00:00.000Z;0.410
1977-06-21T00:00:00.000Z;0.645
1977-06-22T00:00:00.000Z;0.560
1977-06-23T00:00:00.000Z;0.500
1977-06-24T00:00:00.000Z;0.645
1977-06-25T00:00:00.000Z;0.520
1977-06-26T00:00:00.000Z;0.385
1977-06-27T00:00:00.000Z;0.325
1977-06-28T00:00:00.000Z;0.515
1977-06-29T00:00:00.000Z;2.Nov
1977-06-30T00:00:00.000Z;Jan.83
1977-07-01T00:00:00.000Z;0.920
1977-07-02T00:00:00.000Z;0.590
1977-07-03T00:00:00.000Z;0.460
1977-07-04T00:00:00.000Z;0.375
1977-07-05T00:00:00.000Z;0.330
1977-07-06T00:00:00.000Z;0.300
1977-07-07T00:00:00.000Z;0.325
1977-07-08T00:00:00.000Z;Feb.98
1977-07-09T00:00:00.000Z;3.Dec
1977-07-10T00:00:00.000Z;Jan.75
1977-07-11T00:00:00.000Z;0.915
1977-07-12T00:00:00.000Z;0.590
1977-07-13T00:00:00.000Z;0.510
1977-07-14T00:00:00.000Z;0.455
1977-07-15T00:00:00.000Z;0.470
1977-07-16T00:00:00.000Z;Jan.93
1977-07-17T00:00:00.000Z;Jan.51
1977-07-18T00:00:00.000Z;0.815
1977-07-19T00:00:00.000Z;0.565
1977-07-20T00:00:00.000Z;0.500
1977-07-21T00:00:00.000Z;0.565
1977-07-22T00:00:00.000Z;0.550
1977-07-23T00:00:00.000Z;0.400
1977-07-24T00:00:00.000Z;0.345
1977-07-25T00:00:00.000Z;0.320
1977-07-26T00:00:00.000Z;0.285
1977-07-27T00:00:00.000Z;0.275
1977-07-28T00:00:00.000Z;0.265
1977-07-29T00:00:00.000Z;0.485
1977-07-30T00:00:00.000Z;Mar.25
1977-07-31T00:00:00.000Z;Mar.73
1977-08-01T00:00:00.000Z;Mar.16
1977-08-02T00:00:00.000Z;Jan.71
1977-08-03T00:00:00.000Z;0.905
1977-08-04T00:00:00.000Z;0.600
1977-08-05T00:00:00.000Z;0.520
1977-08-06T00:00:00.000Z;0.445
1977-08-07T00:00:00.000Z;0.885
1977-08-08T00:00:00.000Z;Jan.20
1977-08-09T00:00:00.000Z;0.735
1977-08-10T00:00:00.000Z;0.550
1977-08-11T00:00:00.000Z;0.475
1977-08-12T00:00:00.000Z;0.415
1977-08-13T00:00:00.000Z;0.370
1977-08-14T00:00:00.000Z;0.330
1977-08-15T00:00:00.000Z;0.300
1977-08-16T00:00:00.000Z;0.290
1977-08-17T00:00:00.000Z;0.275
1977-08-18T00:00:00.000Z;0.265
1977-08-19T00:00:00.000Z;0.255
1977-08-20T00:00:00.000Z;0.295
1977-08-21T00:00:00.000Z;0.505
1977-08-22T00:00:00.000Z;0.435
1977-08-23T00:00:00.000Z;0.320
1977-08-24T00:00:00.000Z;0.275
1977-08-25T00:00:00.000Z;0.260
1977-08-26T00:00:00.000Z;0.270
1977-08-27T00:00:00.000Z;0.255
1977-08-28T00:00:00.000Z;0.945
1977-08-29T00:00:00.000Z;Jan.14
1977-08-30T00:00:00.000Z;0.865
1977-08-31T00:00:00.000Z;0.555
1977-09-01T00:00:00.000Z;0.395
1977-09-02T00:00:00.000Z;0.330
1977-09-03T00:00:00.000Z;0.295
1977-09-04T00:00:00.000Z;0.275
1977-09-05T00:00:00.000Z;0.265
1977-09-06T00:00:00.000Z;0.240
1977-09-07T00:00:00.000Z;0.230
1977-09-08T00:00:00.000Z;0.225
1977-09-09T00:00:00.000Z;0.210
1977-09-10T00:00:00.000Z;0.200
1977-09-11T00:00:00.000Z;0.190
1977-09-12T00:00:00.000Z;0.185
1977-09-13T00:00:00.000Z;0.180
1977-09-14T00:00:00.000Z;0.170
1977-09-15T00:00:00.000Z;0.165
1977-09-16T00:00:00.000Z;0.160
1977-09-17T00:00:00.000Z;0.155
1977-09-18T00:00:00.000Z;0.150
1977-09-19T00:00:00.000Z;0.150
1977-09-20T00:00:00.000Z;0.145
1977-09-21T00:00:00.000Z;0.135
1977-09-22T00:00:00.000Z;0.125
1977-09-23T00:00:00.000Z;0.120
1977-09-24T00:00:00.000Z;0.115
1977-09-25T00:00:00.000Z;0.110
1977-09-26T00:00:00.000Z;0.105
1977-09-27T00:00:00.000Z;0.100
1977-09-28T00:00:00.000Z;0.0950
1977-09-29T00:00:00.000Z;0.0940
1977-09-30T00:00:00.000Z;0.0930
1977-10-01T00:00:00.000Z;0.0920
1977-10-02T00:00:00.000Z;0.0910
1977-10-03T00:00:00.000Z;0.0900
1977-10-04T00:00:00.000Z;0.0890
1977-10-05T00:00:00.000Z;0.0890
1977-10-06T00:00:00.000Z;0.0880
1977-10-07T00:00:00.000Z;0.0870
1977-10-08T00:00:00.000Z;0.0860
1977-10-09T00:00:00.000Z;0.0850
1977-10-10T00:00:00.000Z;0.0840
1977-10-11T00:00:00.000Z;0.0830
1977-10-12T00:00:00.000Z;0.0830
1977-10-13T00:00:00.000Z;0.0820
1977-10-14T00:00:00.000Z;0.0810
1977-10-15T00:00:00.000Z;0.0800
1977-10-16T00:00:00.000Z;0.0790
1977-10-17T00:00:00.000Z;0.0790
1977-10-18T00:00:00.000Z;0.0780
1977-10-19T00:00:00.000Z;0.0770
1977-10-20T00:00:00.000Z;0.0760
1977-10-21T00:00:00.000Z;0.0750
1977-10-22T00:00:00.000Z;0.0750
1977-10-23T00:00:00.000Z;0.0740
1977-10-24T00:00:00.000Z;0.0730
1977-10-25T00:00:00.000Z;0.0730
1977-10-26T00:00:00.000Z;0.0720
1977-10-27T00:00:00.000Z;0.0710
1977-10-28T00:00:00.000Z;0.0700
1977-10-29T00:00:00.000Z;0.0700
1977-10-30T00:00:00.000Z;0.0690
1977-10-31T00:00:00.000Z;0.0680
1977-11-01T00:00:00.000Z;0.0680
1977-11-02T00:00:00.000Z;0.0670
1977-11-03T00:00:00.000Z;0.0660
1977-11-04T00:00:00.000Z;0.0660
1977-11-05T00:00:00.000Z;0.0650
1977-11-06T00:00:00.000Z;0.0640
1977-11-07T00:00:00.000Z;0.0640
1977-11-08T00:00:00.000Z;0.0630
1977-11-09T00:00:00.000Z;0.0620
1977-11-10T00:00:00.000Z;0.0620
1977-11-11T00:00:00.000Z;0.0610
1977-11-12T00:00:00.000Z;0.0610
1977-11-13T00:00:00.000Z;0.0600
1977-11-14T00:00:00.000Z;0.0700
1977-11-15T00:00:00.000Z;0.0850
1977-11-16T00:00:00.000Z;0.830
1977-11-17T00:00:00.000Z;Jan.38
1977-11-18T00:00:00.000Z;Jan.90
1977-11-19T00:00:00.000Z;1.Apr
1977-11-20T00:00:00.000Z;0.595
1977-11-21T00:00:00.000Z;0.410
1977-11-22T00:00:00.000Z;0.285
1977-11-23T00:00:00.000Z;0.255
1977-11-24T00:00:00.000Z;0.265
1977-11-25T00:00:00.000Z;0.460
1977-11-26T00:00:00.000Z;0.620
1977-11-27T00:00:00.000Z;0.450
1977-11-28T00:00:00.000Z;0.330
1977-11-29T00:00:00.000Z;0.255
1977-11-30T00:00:00.000Z;0.235
1977-12-01T00:00:00.000Z;0.210
1977-12-02T00:00:00.000Z;0.190
1977-12-03T00:00:00.000Z;0.225
1977-12-04T00:00:00.000Z;0.355
1977-12-05T00:00:00.000Z;0.290
1977-12-06T00:00:00.000Z;0.235
1977-12-07T00:00:00.000Z;0.225
1977-12-08T00:00:00.000Z;0.585
1977-12-09T00:00:00.000Z;Jan.37
1977-12-10T00:00:00.000Z;0.880
1977-12-11T00:00:00.000Z;0.715
1977-12-12T00:00:00.000Z;0.475
1977-12-13T00:00:00.000Z;0.370
1977-12-14T00:00:00.000Z;0.330
1977-12-15T00:00:00.000Z;0.280
1977-12-16T00:00:00.000Z;0.255
1977-12-17T00:00:00.000Z;0.240
1977-12-18T00:00:00.000Z;0.230
1977-12-19T00:00:00.000Z;0.215
1977-12-20T00:00:00.000Z;0.200
1977-12-21T00:00:00.000Z;0.195
1977-12-22T00:00:00.000Z;0.185
1977-12-23T00:00:00.000Z;0.170
1977-12-24T00:00:00.000Z;0.160
1977-12-25T00:00:00.000Z;0.150
1977-12-26T00:00:00.000Z;0.150
1977-12-27T00:00:00.000Z;0.175
1977-12-28T00:00:00.000Z;0.210
1977-12-29T00:00:00.000Z;0.200
1977-12-30T00:00:00.000Z;0.195
1977-12-31T00:00:00.000Z;0.200
1978-01-01T00:00:00.000Z;0.235
1978-01-02T00:00:00.000Z;0.220
1978-01-03T00:00:00.000Z;0.200
1978-01-04T00:00:00.000Z;0.185
1978-01-05T00:00:00.000Z;0.180
1978-01-06T00:00:00.000Z;0.170
1978-01-07T00:00:00.000Z;0.165
1978-01-08T00:00:00.000Z;0.160
1978-01-09T00:00:00.000Z;0.155
1978-01-10T00:00:00.000Z;0.150
1978-01-11T00:00:00.000Z;0.145
1978-01-12T00:00:00.000Z;0.160
1978-01-13T00:00:00.000Z;0.155
1978-01-14T00:00:00.000Z;0.150
1978-01-15T00:00:00.000Z;0.155
1978-01-16T00:00:00.000Z;0.165
1978-01-17T00:00:00.000Z;0.180
1978-01-18T00:00:00.000Z;0.205
1978-01-19T00:00:00.000Z;0.345
1978-01-20T00:00:00.000Z;0.645
1978-01-21T00:00:00.000Z;0.535
1978-01-22T00:00:00.000Z;0.510
1978-01-23T00:00:00.000Z;0.540
1978-01-24T00:00:00.000Z;0.980
1978-01-25T00:00:00.000Z;Feb.79
1978-01-26T00:00:00.000Z;Feb.42
1978-01-27T00:00:00.000Z;Jan.81
1978-01-28T00:00:00.000Z;Jan.17
1978-01-29T00:00:00.000Z;0.865
1978-01-30T00:00:00.000Z;0.665
1978-01-31T00:00:00.000Z;0.570
1978-02-01T00:00:00.000Z;May.65
1978-02-02T00:00:00.000Z;7.Oct
1978-02-03T00:00:00.000Z;Apr.74
1978-02-04T00:00:00.000Z;May.25
1978-02-05T00:00:00.000Z;Jun.68
1978-02-06T00:00:00.000Z;Apr.85
1978-02-07T00:00:00.000Z;Mar.66
1978-02-08T00:00:00.000Z;Mar.95
1978-02-09T00:00:00.000Z;Feb.35
1978-02-10T00:00:00.000Z;Jan.36
1978-02-11T00:00:00.000Z;0.910
1978-02-12T00:00:00.000Z;0.710
1978-02-13T00:00:00.000Z;0.645
1978-02-14T00:00:00.000Z;0.595
1978-02-15T00:00:00.000Z;0.550
1978-02-16T00:00:00.000Z;Jan.28
1978-02-17T00:00:00.000Z;Feb.28
1978-02-18T00:00:00.000Z;Feb.47
1978-02-19T00:00:00.000Z;Feb.55
1978-02-20T00:00:00.000Z;Feb.43
1978-02-21T00:00:00.000Z;Jan.95
1978-02-22T00:00:00.000Z;Jan.48
1978-02-23T00:00:00.000Z;Jan.42
1978-02-24T00:00:00.000Z;Jan.52
1978-02-25T00:00:00.000Z;Jan.25
1978-02-26T00:00:00.000Z;0.970
1978-02-27T00:00:00.000Z;0.765
1978-02-28T00:00:00.000Z;0.635
1978-03-01T00:00:00.000Z;0.625
1978-03-02T00:00:00.000Z;0.680
1978-03-03T00:00:00.000Z;0.640
1978-03-04T00:00:00.000Z;Feb.87
1978-03-05T00:00:00.000Z;Mar.70
1978-03-06T00:00:00.000Z;Feb.80
1978-03-07T00:00:00.000Z;Jan.75
1978-03-08T00:00:00.000Z;1.Feb
1978-03-09T00:00:00.000Z;0.695
1978-03-10T00:00:00.000Z;0.545
1978-03-11T00:00:00.000Z;0.495
1978-03-12T00:00:00.000Z;0.465
1978-03-13T00:00:00.000Z;0.495
1978-03-14T00:00:00.000Z;0.580
1978-03-15T00:00:00.000Z;0.555
1978-03-16T00:00:00.000Z;0.550
1978-03-17T00:00:00.000Z;0.535
1978-03-18T00:00:00.000Z;0.510
1978-03-19T00:00:00.000Z;0.495
1978-03-20T00:00:00.000Z;0.475
1978-03-21T00:00:00.000Z;0.920
1978-03-22T00:00:00.000Z;Jan.39
1978-03-23T00:00:00.000Z;1.May
1978-03-24T00:00:00.000Z;Jan.32
1978-03-25T00:00:00.000Z;Feb.93
1978-03-26T00:00:00.000Z;2.Jun
1978-03-27T00:00:00.000Z;Jan.31
1978-03-28T00:00:00.000Z;0.915
1978-03-29T00:00:00.000Z;0.730
1978-03-30T00:00:00.000Z;0.850
1978-03-31T00:00:00.000Z;Jan.55
1978-04-01T00:00:00.000Z;Jan.93
1978-04-02T00:00:00.000Z;Feb.18
1978-04-03T00:00:00.000Z;Feb.41
1978-04-04T00:00:00.000Z;Jan.71
1978-04-05T00:00:00.000Z;Jan.34
1978-04-06T00:00:00.000Z;Jan.25
1978-04-07T00:00:00.000Z;Jan.30
1978-04-08T00:00:00.000Z;Jan.27
1978-04-09T00:00:00.000Z;0.955
1978-04-10T00:00:00.000Z;0.735
1978-04-11T00:00:00.000Z;0.605
1978-04-12T00:00:00.000Z;0.555
1978-04-13T00:00:00.000Z;0.605
1978-04-14T00:00:00.000Z;Jan.42
1978-04-15T00:00:00.000Z;Jan.45
1978-04-16T00:00:00.000Z;1.Nov
1978-04-17T00:00:00.000Z;Jan.28
1978-04-18T00:00:00.000Z;Jan.82
1978-04-19T00:00:00.000Z;Feb.21
1978-04-20T00:00:00.000Z;Jan.64
1978-04-21T00:00:00.000Z;Jan.31
1978-04-22T00:00:00.000Z;0.930
1978-04-23T00:00:00.000Z;0.740
1978-04-24T00:00:00.000Z;0.675
1978-04-25T00:00:00.000Z;0.750
1978-04-26T00:00:00.000Z;0.935
1978-04-27T00:00:00.000Z;1.Oct
1978-04-28T00:00:00.000Z;0.825
1978-04-29T00:00:00.000Z;0.640
1978-04-30T00:00:00.000Z;0.555
1978-05-01T00:00:00.000Z;0.960
1978-05-02T00:00:00.000Z;Jan.47
1978-05-03T00:00:00.000Z;1.Mar
1978-05-04T00:00:00.000Z;0.735
1978-05-05T00:00:00.000Z;0.585
1978-05-06T00:00:00.000Z;0.695
1978-05-07T00:00:00.000Z;Jan.36
1978-05-08T00:00:00.000Z;Jan.60
1978-05-09T00:00:00.000Z;Jan.80
1978-05-10T00:00:00.000Z;Feb.70
1978-05-11T00:00:00.000Z;2.Dec
1978-05-12T00:00:00.000Z;Jan.25
1978-05-13T00:00:00.000Z;0.850
1978-05-14T00:00:00.000Z;0.710
1978-05-15T00:00:00.000Z;0.605
1978-05-16T00:00:00.000Z;0.550
1978-05-17T00:00:00.000Z;0.520
1978-05-18T00:00:00.000Z;0.470
1978-05-19T00:00:00.000Z;0.415
1978-05-20T00:00:00.000Z;0.390
1978-05-21T00:00:00.000Z;Jan.31
1978-05-22T00:00:00.000Z;Jan.83
1978-05-23T00:00:00.000Z;Jan.28
1978-05-24T00:00:00.000Z;1.00
1978-05-25T00:00:00.000Z;Jan.94
1978-05-26T00:00:00.000Z;Feb.37
1978-05-27T00:00:00.000Z;Jan.67
1978-05-28T00:00:00.000Z;1.Oct
1978-05-29T00:00:00.000Z;0.940
1978-05-30T00:00:00.000Z;0.915
1978-05-31T00:00:00.000Z;0.865
1978-06-01T00:00:00.000Z;0.780
1978-06-02T00:00:00.000Z;0.650
1978-06-03T00:00:00.000Z;0.570
1978-06-04T00:00:00.000Z;0.510
1978-06-05T00:00:00.000Z;0.450
1978-06-06T00:00:00.000Z;0.405
1978-06-07T00:00:00.000Z;0.390
1978-06-08T00:00:00.000Z;0.360
1978-06-09T00:00:00.000Z;0.325
1978-06-10T00:00:00.000Z;0.350
1978-06-11T00:00:00.000Z;Jan.34
1978-06-12T00:00:00.000Z;Jan.14
1978-06-13T00:00:00.000Z;0.635
1978-06-14T00:00:00.000Z;0.510
1978-06-15T00:00:00.000Z;0.480
1978-06-16T00:00:00.000Z;0.535
1978-06-17T00:00:00.000Z;0.905
1978-06-18T00:00:00.000Z;0.975
1978-06-19T00:00:00.000Z;0.780
1978-06-20T00:00:00.000Z;0.595
1978-06-21T00:00:00.000Z;0.565
1978-06-22T00:00:00.000Z;0.520
1978-06-23T00:00:00.000Z;0.445
1978-06-24T00:00:00.000Z;0.420
1978-06-25T00:00:00.000Z;0.630
1978-06-26T00:00:00.000Z;0.550
1978-06-27T00:00:00.000Z;0.465
1978-06-28T00:00:00.000Z;0.460
1978-06-29T00:00:00.000Z;0.450
1978-06-30T00:00:00.000Z;0.435
1978-07-01T00:00:00.000Z;Jan.21
1978-07-02T00:00:00.000Z;Jan.86
1978-07-03T00:00:00.000Z;0.995
1978-07-04T00:00:00.000Z;0.665
1978-07-05T00:00:00.000Z;0.670
1978-07-06T00:00:00.000Z;0.715
1978-07-07T00:00:00.000Z;0.750
1978-07-08T00:00:00.000Z;0.610
1978-07-09T00:00:00.000Z;0.520
1978-07-10T00:00:00.000Z;0.435
1978-07-11T00:00:00.000Z;0.370
1978-07-12T00:00:00.000Z;0.330
1978-07-13T00:00:00.000Z;0.295
1978-07-14T00:00:00.000Z;0.275
1978-07-15T00:00:00.000Z;0.265
1978-07-16T00:00:00.000Z;0.250
1978-07-17T00:00:00.000Z;0.245
1978-07-18T00:00:00.000Z;0.235
1978-07-19T00:00:00.000Z;0.230
1978-07-20T00:00:00.000Z;0.220
1978-07-21T00:00:00.000Z;0.210
1978-07-22T00:00:00.000Z;0.200
1978-07-23T00:00:00.000Z;0.195
1978-07-24T00:00:00.000Z;0.185
1978-07-25T00:00:00.000Z;0.180
1978-07-26T00:00:00.000Z;0.170
1978-07-27T00:00:00.000Z;0.165
1978-07-28T00:00:00.000Z;0.165
1978-07-29T00:00:00.000Z;0.165
1978-07-30T00:00:00.000Z;0.165
1978-07-31T00:00:00.000Z;0.180
1978-08-01T00:00:00.000Z;0.195
1978-08-02T00:00:00.000Z;0.165
1978-08-03T00:00:00.000Z;0.155
1978-08-04T00:00:00.000Z;0.150
1978-08-05T00:00:00.000Z;0.145
1978-08-06T00:00:00.000Z;0.140
1978-08-07T00:00:00.000Z;0.230
1978-08-08T00:00:00.000Z;0.280
1978-08-09T00:00:00.000Z;0.175
1978-08-10T00:00:00.000Z;0.155
1978-08-11T00:00:00.000Z;0.150
1978-08-12T00:00:00.000Z;0.140
1978-08-13T00:00:00.000Z;0.130
1978-08-14T00:00:00.000Z;0.130
1978-08-15T00:00:00.000Z;0.130
1978-08-16T00:00:00.000Z;0.125
1978-08-17T00:00:00.000Z;0.125
1978-08-18T00:00:00.000Z;0.125
1978-08-19T00:00:00.000Z;0.120
1978-08-20T00:00:00.000Z;0.120
1978-08-21T00:00:00.000Z;0.120
1978-08-22T00:00:00.000Z;0.115
1978-08-23T00:00:00.000Z;0.115
1978-08-24T00:00:00.000Z;0.115
1978-08-25T00:00:00.000Z;0.115
1978-08-26T00:00:00.000Z;0.110
1978-08-27T00:00:00.000Z;0.110
1978-08-28T00:00:00.000Z;0.110
1978-08-29T00:00:00.000Z;0.110
1978-08-30T00:00:00.000Z;0.105
1978-08-31T00:00:00.000Z;0.105
1978-09-01T00:00:00.000Z;0.105
1978-09-02T00:00:00.000Z;0.105
1978-09-03T00:00:00.000Z;0.105
1978-09-04T00:00:00.000Z;0.105
1978-09-05T00:00:00.000Z;0.110
1978-09-06T00:00:00.000Z;0.110
1978-09-07T00:00:00.000Z;0.110
1978-09-08T00:00:00.000Z;0.105
1978-09-09T00:00:00.000Z;0.105
1978-09-10T00:00:00.000Z;0.100
1978-09-11T00:00:00.000Z;0.0980
1978-09-12T00:00:00.000Z;0.0980
1978-09-13T00:00:00.000Z;0.0970
1978-09-14T00:00:00.000Z;0.0960
1978-09-15T00:00:00.000Z;0.0950
1978-09-16T00:00:00.000Z;0.0940
1978-09-17T00:00:00.000Z;0.0940
1978-09-18T00:00:00.000Z;0.0930
1978-09-19T00:00:00.000Z;0.0920
1978-09-20T00:00:00.000Z;0.0910
1978-09-21T00:00:00.000Z;0.0900
1978-09-22T00:00:00.000Z;0.0900
1978-09-23T00:00:00.000Z;0.0890
1978-09-24T00:00:00.000Z;0.0890
1978-09-25T00:00:00.000Z;0.0880
1978-09-26T00:00:00.000Z;0.0880
1978-09-27T00:00:00.000Z;0.0870
1978-09-28T00:00:00.000Z;0.0870
1978-09-29T00:00:00.000Z;0.0860
1978-09-30T00:00:00.000Z;0.0860
1978-10-01T00:00:00.000Z;0.0850
1978-10-02T00:00:00.000Z;0.125
1978-10-03T00:00:00.000Z;0.195
1978-10-04T00:00:00.000Z;0.155
1978-10-05T00:00:00.000Z;0.115
1978-10-06T00:00:00.000Z;0.105
1978-10-07T00:00:00.000Z;0.100
1978-10-08T00:00:00.000Z;0.0950
1978-10-09T00:00:00.000Z;0.0900
1978-10-10T00:00:00.000Z;0.0900
1978-10-11T00:00:00.000Z;0.0880
1978-10-12T00:00:00.000Z;0.0850
1978-10-13T00:00:00.000Z;0.0830
1978-10-14T00:00:00.000Z;0.0820
1978-10-15T00:00:00.000Z;0.0800
1978-10-16T00:00:00.000Z;0.0800
1978-10-17T00:00:00.000Z;0.0800
1978-10-18T00:00:00.000Z;0.235
1978-10-19T00:00:00.000Z;0.460
1978-10-20T00:00:00.000Z;0.445
1978-10-21T00:00:00.000Z;0.415
1978-10-22T00:00:00.000Z;0.310
1978-10-23T00:00:00.000Z;0.245
1978-10-24T00:00:00.000Z;0.185
1978-10-25T00:00:00.000Z;0.155
1978-10-26T00:00:00.000Z;0.135
1978-10-27T00:00:00.000Z;0.125
1978-10-28T00:00:00.000Z;0.115
1978-10-29T00:00:00.000Z;0.110
1978-10-30T00:00:00.000Z;0.105
1978-10-31T00:00:00.000Z;0.0950
1978-11-01T00:00:00.000Z;0.0900
1978-11-02T00:00:00.000Z;0.0880
1978-11-03T00:00:00.000Z;0.0850
1978-11-04T00:00:00.000Z;0.0800
1978-11-05T00:00:00.000Z;0.0780
1978-11-06T00:00:00.000Z;0.0750
1978-11-07T00:00:00.000Z;0.0730
1978-11-08T00:00:00.000Z;0.0720
1978-11-09T00:00:00.000Z;0.0700
1978-11-10T00:00:00.000Z;0.0690
1978-11-11T00:00:00.000Z;0.0690
1978-11-12T00:00:00.000Z;0.0680
1978-11-13T00:00:00.000Z;0.0680
1978-11-14T00:00:00.000Z;0.0680
1978-11-15T00:00:00.000Z;0.0670
1978-11-16T00:00:00.000Z;0.0670
1978-11-17T00:00:00.000Z;0.0660
1978-11-18T00:00:00.000Z;0.0660
1978-11-19T00:00:00.000Z;0.0650
1978-11-20T00:00:00.000Z;0.0650
1978-11-21T00:00:00.000Z;0.0650
1978-11-22T00:00:00.000Z;0.0640
1978-11-23T00:00:00.000Z;0.0640
1978-11-24T00:00:00.000Z;0.0630
1978-11-25T00:00:00.000Z;0.0630
1978-11-26T00:00:00.000Z;0.0620
1978-11-27T00:00:00.000Z;0.0620
1978-11-28T00:00:00.000Z;0.0620
1978-11-29T00:00:00.000Z;0.0610
1978-11-30T00:00:00.000Z;0.0610
1978-12-01T00:00:00.000Z;0.0600
1978-12-02T00:00:00.000Z;0.0720
1978-12-03T00:00:00.000Z;0.160
1978-12-04T00:00:00.000Z;0.400
1978-12-05T00:00:00.000Z;0.390
1978-12-06T00:00:00.000Z;0.375
1978-12-07T00:00:00.000Z;0.250
1978-12-08T00:00:00.000Z;0.205
1978-12-09T00:00:00.000Z;0.165
1978-12-10T00:00:00.000Z;0.145
1978-12-11T00:00:00.000Z;0.135
1978-12-12T00:00:00.000Z;0.125
1978-12-13T00:00:00.000Z;0.120
1978-12-14T00:00:00.000Z;0.145
1978-12-15T00:00:00.000Z;0.165
1978-12-16T00:00:00.000Z;0.155
1978-12-17T00:00:00.000Z;0.145
1978-12-18T00:00:00.000Z;0.135
1978-12-19T00:00:00.000Z;0.140
1978-12-20T00:00:00.000Z;0.140
1978-12-21T00:00:00.000Z;0.135
1978-12-22T00:00:00.000Z;0.130
1978-12-23T00:00:00.000Z;0.130
1978-12-24T00:00:00.000Z;0.155
1978-12-25T00:00:00.000Z;0.240
1978-12-26T00:00:00.000Z;0.195
1978-12-27T00:00:00.000Z;0.170
1978-12-28T00:00:00.000Z;0.155
1978-12-29T00:00:00.000Z;0.145
1978-12-30T00:00:00.000Z;0.130
1978-12-31T00:00:00.000Z;0.140
1979-01-01T00:00:00.000Z;0.230
1979-01-02T00:00:00.000Z;0.290
1979-01-03T00:00:00.000Z;0.250
1979-01-04T00:00:00.000Z;0.235
1979-01-05T00:00:00.000Z;0.240
1979-01-06T00:00:00.000Z;0.210
1979-01-07T00:00:00.000Z;0.185
1979-01-08T00:00:00.000Z;0.170
1979-01-09T00:00:00.000Z;0.240
1979-01-10T00:00:00.000Z;0.525
1979-01-11T00:00:00.000Z;Apr.28
1979-01-12T00:00:00.000Z;Apr.97
1979-01-13T00:00:00.000Z;Feb.50
1979-01-14T00:00:00.000Z;Jan.52
1979-01-15T00:00:00.000Z;Jan.73
1979-01-16T00:00:00.000Z;Jan.35
1979-01-17T00:00:00.000Z;1.Jan
1979-01-18T00:00:00.000Z;0.815
1979-01-19T00:00:00.000Z;0.790
1979-01-20T00:00:00.000Z;Jan.18
1979-01-21T00:00:00.000Z;1.Apr
1979-01-22T00:00:00.000Z;0.905
1979-01-23T00:00:00.000Z;Jan.19
1979-01-24T00:00:00.000Z;1.Feb
1979-01-25T00:00:00.000Z;0.675
1979-01-26T00:00:00.000Z;0.520
1979-01-27T00:00:00.000Z;0.480
1979-01-28T00:00:00.000Z;0.475
1979-01-29T00:00:00.000Z;0.405
1979-01-30T00:00:00.000Z;0.345
1979-01-31T00:00:00.000Z;0.350
1979-02-01T00:00:00.000Z;0.435
1979-02-02T00:00:00.000Z;0.475
1979-02-03T00:00:00.000Z;0.620
1979-02-04T00:00:00.000Z;0.805
1979-02-05T00:00:00.000Z;2.Oct
1979-02-06T00:00:00.000Z;Feb.61
1979-02-07T00:00:00.000Z;Feb.76
1979-02-08T00:00:00.000Z;Feb.68
1979-02-09T00:00:00.000Z;Jan.62
1979-02-10T00:00:00.000Z;0.885
1979-02-11T00:00:00.000Z;0.940
1979-02-12T00:00:00.000Z;Jan.61
1979-02-13T00:00:00.000Z;Jan.21
1979-02-14T00:00:00.000Z;Jan.20
1979-02-15T00:00:00.000Z;1.00
1979-02-16T00:00:00.000Z;0.850
1979-02-17T00:00:00.000Z;0.680
1979-02-18T00:00:00.000Z;0.565
1979-02-19T00:00:00.000Z;0.525
1979-02-20T00:00:00.000Z;0.505
1979-02-21T00:00:00.000Z;0.460
1979-02-22T00:00:00.000Z;0.415
1979-02-23T00:00:00.000Z;0.370
1979-02-24T00:00:00.000Z;0.345
1979-02-25T00:00:00.000Z;0.330
1979-02-26T00:00:00.000Z;0.310
1979-02-27T00:00:00.000Z;0.340
1979-02-28T00:00:00.000Z;0.365
1979-03-01T00:00:00.000Z;0.345
1979-03-02T00:00:00.000Z;0.310
1979-03-03T00:00:00.000Z;0.330
1979-03-04T00:00:00.000Z;0.380
1979-03-05T00:00:00.000Z;0.460
1979-03-06T00:00:00.000Z;0.535
1979-03-07T00:00:00.000Z;0.525
1979-03-08T00:00:00.000Z;0.495
1979-03-09T00:00:00.000Z;0.450
1979-03-10T00:00:00.000Z;0.395
1979-03-11T00:00:00.000Z;0.375
1979-03-12T00:00:00.000Z;0.345
1979-03-13T00:00:00.000Z;0.330
1979-03-14T00:00:00.000Z;0.335
1979-03-15T00:00:00.000Z;1.Sep
1979-03-16T00:00:00.000Z;0.900
1979-03-17T00:00:00.000Z;0.785
1979-03-18T00:00:00.000Z;0.825
1979-03-19T00:00:00.000Z;0.660
1979-03-20T00:00:00.000Z;0.535
1979-03-21T00:00:00.000Z;0.625
1979-03-22T00:00:00.000Z;0.540
1979-03-23T00:00:00.000Z;0.480
1979-03-24T00:00:00.000Z;0.435
1979-03-25T00:00:00.000Z;0.440
1979-03-26T00:00:00.000Z;0.380
1979-03-27T00:00:00.000Z;0.395
1979-03-28T00:00:00.000Z;0.435
1979-03-29T00:00:00.000Z;0.555
1979-03-30T00:00:00.000Z;0.640
1979-03-31T00:00:00.000Z;0.635
1979-04-01T00:00:00.000Z;0.600
1979-04-02T00:00:00.000Z;0.750
1979-04-03T00:00:00.000Z;0.940
1979-04-04T00:00:00.000Z;0.890
1979-04-05T00:00:00.000Z;0.740
1979-04-06T00:00:00.000Z;0.620
1979-04-07T00:00:00.000Z;0.590
1979-04-08T00:00:00.000Z;0.785
1979-04-09T00:00:00.000Z;0.865
1979-04-10T00:00:00.000Z;0.780
1979-04-11T00:00:00.000Z;0.565
1979-04-12T00:00:00.000Z;0.430
1979-04-13T00:00:00.000Z;0.375
1979-04-14T00:00:00.000Z;0.435
1979-04-15T00:00:00.000Z;Jan.20
1979-04-16T00:00:00.000Z;Jan.34
1979-04-17T00:00:00.000Z;Jan.35
1979-04-18T00:00:00.000Z;0.865
1979-04-19T00:00:00.000Z;0.670
1979-04-20T00:00:00.000Z;0.560
1979-04-21T00:00:00.000Z;0.525
1979-04-22T00:00:00.000Z;Jan.22
1979-04-23T00:00:00.000Z;Jan.57
1979-04-24T00:00:00.000Z;Jan.60
1979-04-25T00:00:00.000Z;Jan.40
1979-04-26T00:00:00.000Z;Jan.66
1979-04-27T00:00:00.000Z;Feb.28
1979-04-28T00:00:00.000Z;Jan.96
1979-04-29T00:00:00.000Z;Feb.99
1979-04-30T00:00:00.000Z;Feb.83
1979-05-01T00:00:00.000Z;2.Jul
1979-05-02T00:00:00.000Z;Jan.74
1979-05-03T00:00:00.000Z;Jan.36
1979-05-04T00:00:00.000Z;0.935
1979-05-05T00:00:00.000Z;0.745
1979-05-06T00:00:00.000Z;0.640
1979-05-07T00:00:00.000Z;0.520
1979-05-08T00:00:00.000Z;0.460
1979-05-09T00:00:00.000Z;0.450
1979-05-10T00:00:00.000Z;0.505
1979-05-11T00:00:00.000Z;0.430
1979-05-12T00:00:00.000Z;0.370
1979-05-13T00:00:00.000Z;0.340
1979-05-14T00:00:00.000Z;0.310
1979-05-15T00:00:00.000Z;0.295
1979-05-16T00:00:00.000Z;0.285
1979-05-17T00:00:00.000Z;0.275
1979-05-18T00:00:00.000Z;0.295
1979-05-19T00:00:00.000Z;0.280
1979-05-20T00:00:00.000Z;0.445
1979-05-21T00:00:00.000Z;0.525
1979-05-22T00:00:00.000Z;0.365
1979-05-23T00:00:00.000Z;0.305
1979-05-24T00:00:00.000Z;0.775
1979-05-25T00:00:00.000Z;0.770
1979-05-26T00:00:00.000Z;0.490
1979-05-27T00:00:00.000Z;0.385
1979-05-28T00:00:00.000Z;0.285
1979-05-29T00:00:00.000Z;0.280
1979-05-30T00:00:00.000Z;0.260
1979-05-31T00:00:00.000Z;0.245
1979-06-01T00:00:00.000Z;0.230
1979-06-02T00:00:00.000Z;0.225
1979-06-03T00:00:00.000Z;0.220
1979-06-04T00:00:00.000Z;0.215
1979-06-05T00:00:00.000Z;0.235
1979-06-06T00:00:00.000Z;0.250
1979-06-07T00:00:00.000Z;0.250
1979-06-08T00:00:00.000Z;0.230
1979-06-09T00:00:00.000Z;0.210
1979-06-10T00:00:00.000Z;0.200
1979-06-11T00:00:00.000Z;0.185
1979-06-12T00:00:00.000Z;0.175
1979-06-13T00:00:00.000Z;0.220
1979-06-14T00:00:00.000Z;0.425
1979-06-15T00:00:00.000Z;0.450
1979-06-16T00:00:00.000Z;0.335
1979-06-17T00:00:00.000Z;0.285
1979-06-18T00:00:00.000Z;0.255
1979-06-19T00:00:00.000Z;0.230
1979-06-20T00:00:00.000Z;0.200
1979-06-21T00:00:00.000Z;0.180
1979-06-22T00:00:00.000Z;0.170
1979-06-23T00:00:00.000Z;0.160
1979-06-24T00:00:00.000Z;0.150
1979-06-25T00:00:00.000Z;0.145
1979-06-26T00:00:00.000Z;0.140
1979-06-27T00:00:00.000Z;0.135
1979-06-28T00:00:00.000Z;0.135
1979-06-29T00:00:00.000Z;0.130
1979-06-30T00:00:00.000Z;0.135
1979-07-01T00:00:00.000Z;0.130
1979-07-02T00:00:00.000Z;0.125
1979-07-03T00:00:00.000Z;0.125
1979-07-04T00:00:00.000Z;0.120
1979-07-05T00:00:00.000Z;0.120
1979-07-06T00:00:00.000Z;0.118
1979-07-07T00:00:00.000Z;0.115
1979-07-08T00:00:00.000Z;0.112
1979-07-09T00:00:00.000Z;0.110
1979-07-10T00:00:00.000Z;0.108
1979-07-11T00:00:00.000Z;0.106
1979-07-12T00:00:00.000Z;0.105
1979-07-13T00:00:00.000Z;0.103
1979-07-14T00:00:00.000Z;0.102
1979-07-15T00:00:00.000Z;0.100
1979-07-16T00:00:00.000Z;0.0980
1979-07-17T00:00:00.000Z;0.0970
1979-07-18T00:00:00.000Z;0.0960
1979-07-19T00:00:00.000Z;0.175
1979-07-20T00:00:00.000Z;0.685
1979-07-21T00:00:00.000Z;0.360
1979-07-22T00:00:00.000Z;0.200
1979-07-23T00:00:00.000Z;0.170
1979-07-24T00:00:00.000Z;0.155
1979-07-25T00:00:00.000Z;0.145
1979-07-26T00:00:00.000Z;0.140
1979-07-27T00:00:00.000Z;0.135
1979-07-28T00:00:00.000Z;0.130
1979-07-29T00:00:00.000Z;0.125
1979-07-30T00:00:00.000Z;0.120
1979-07-31T00:00:00.000Z;0.115
1979-08-01T00:00:00.000Z;0.110
1979-08-02T00:00:00.000Z;0.105
1979-08-03T00:00:00.000Z;0.102
1979-08-04T00:00:00.000Z;0.100
1979-08-05T00:00:00.000Z;0.0990
1979-08-06T00:00:00.000Z;0.0980
1979-08-07T00:00:00.000Z;0.0970
1979-08-08T00:00:00.000Z;0.0970
1979-08-09T00:00:00.000Z;0.0960
1979-08-10T00:00:00.000Z;0.0950
1979-08-11T00:00:00.000Z;0.0980
1979-08-12T00:00:00.000Z;0.110
1979-08-13T00:00:00.000Z;0.105
1979-08-14T00:00:00.000Z;0.100
1979-08-15T00:00:00.000Z;0.0950
1979-08-16T00:00:00.000Z;0.275
1979-08-17T00:00:00.000Z;0.175
1979-08-18T00:00:00.000Z;0.415
1979-08-19T00:00:00.000Z;Jan.22
1979-08-20T00:00:00.000Z;0.555
1979-08-21T00:00:00.000Z;0.280
1979-08-22T00:00:00.000Z;0.230
1979-08-23T00:00:00.000Z;0.195
1979-08-24T00:00:00.000Z;0.180
1979-08-25T00:00:00.000Z;0.160
1979-08-26T00:00:00.000Z;0.145
1979-08-27T00:00:00.000Z;0.135
1979-08-28T00:00:00.000Z;0.130
1979-08-29T00:00:00.000Z;0.125
1979-08-30T00:00:00.000Z;0.120
1979-08-31T00:00:00.000Z;0.118
1979-09-01T00:00:00.000Z;0.116
1979-09-02T00:00:00.000Z;0.115
1979-09-03T00:00:00.000Z;0.135
1979-09-04T00:00:00.000Z;0.160
1979-09-05T00:00:00.000Z;0.145
1979-09-06T00:00:00.000Z;0.135
1979-09-07T00:00:00.000Z;0.125
1979-09-08T00:00:00.000Z;0.120
1979-09-09T00:00:00.000Z;0.120
1979-09-10T00:00:00.000Z;0.118
1979-09-11T00:00:00.000Z;0.115
1979-09-12T00:00:00.000Z;0.113
1979-09-13T00:00:00.000Z;0.110
1979-09-14T00:00:00.000Z;0.108
1979-09-15T00:00:00.000Z;0.106
1979-09-16T00:00:00.000Z;0.105
1979-09-17T00:00:00.000Z;0.104
1979-09-18T00:00:00.000Z;0.103
1979-09-19T00:00:00.000Z;0.102
1979-09-20T00:00:00.000Z;0.101
1979-09-21T00:00:00.000Z;0.100
1979-09-22T00:00:00.000Z;0.135
1979-09-23T00:00:00.000Z;0.140
1979-09-24T00:00:00.000Z;0.145
1979-09-25T00:00:00.000Z;0.140
1979-09-26T00:00:00.000Z;0.180
1979-09-27T00:00:00.000Z;0.165
1979-09-28T00:00:00.000Z;0.145
1979-09-29T00:00:00.000Z;0.135
1979-09-30T00:00:00.000Z;0.125
1979-10-01T00:00:00.000Z;0.115
1979-10-02T00:00:00.000Z;0.110
1979-10-03T00:00:00.000Z;0.105
1979-10-04T00:00:00.000Z;0.102
1979-10-05T00:00:00.000Z;0.100
1979-10-06T00:00:00.000Z;0.0990
1979-10-07T00:00:00.000Z;0.0980
1979-10-08T00:00:00.000Z;0.0970
1979-10-09T00:00:00.000Z;0.0960
1979-10-10T00:00:00.000Z;0.0950
1979-10-11T00:00:00.000Z;0.105
1979-10-12T00:00:00.000Z;0.125
1979-10-13T00:00:00.000Z;0.115
1979-10-14T00:00:00.000Z;0.105
1979-10-15T00:00:00.000Z;0.100
1979-10-16T00:00:00.000Z;0.0950
1979-10-17T00:00:00.000Z;0.0900
1979-10-18T00:00:00.000Z;0.0870
1979-10-19T00:00:00.000Z;0.0850
1979-10-20T00:00:00.000Z;0.0830
1979-10-21T00:00:00.000Z;0.0820
1979-10-22T00:00:00.000Z;0.0800
1979-10-23T00:00:00.000Z;0.0790
1979-10-24T00:00:00.000Z;0.0780
1979-10-25T00:00:00.000Z;0.0780
1979-10-26T00:00:00.000Z;0.0800
1979-10-27T00:00:00.000Z;0.655
1979-10-28T00:00:00.000Z;Jan.59
1979-10-29T00:00:00.000Z;Feb.26
1979-10-30T00:00:00.000Z;Feb.90
1979-10-31T00:00:00.000Z;Jan.79
1979-11-01T00:00:00.000Z;1.Feb
1979-11-02T00:00:00.000Z;0.800
1979-11-03T00:00:00.000Z;0.620
1979-11-04T00:00:00.000Z;0.425
1979-11-05T00:00:00.000Z;0.310
1979-11-06T00:00:00.000Z;0.370
1979-11-07T00:00:00.000Z;0.355
1979-11-08T00:00:00.000Z;0.295
1979-11-09T00:00:00.000Z;0.330
1979-11-10T00:00:00.000Z;0.645
1979-11-11T00:00:00.000Z;0.555
1979-11-12T00:00:00.000Z;0.430
1979-11-13T00:00:00.000Z;0.350
1979-11-14T00:00:00.000Z;0.430
1979-11-15T00:00:00.000Z;Jan.46
1979-11-16T00:00:00.000Z;1.Apr
1979-11-17T00:00:00.000Z;0.630
1979-11-18T00:00:00.000Z;1.00
1979-11-19T00:00:00.000Z;3.Apr
1979-11-20T00:00:00.000Z;Jan.81
1979-11-21T00:00:00.000Z;Jan.30
1979-11-22T00:00:00.000Z;0.785
1979-11-23T00:00:00.000Z;0.555
1979-11-24T00:00:00.000Z;0.465
1979-11-25T00:00:00.000Z;0.380
1979-11-26T00:00:00.000Z;0.330
1979-11-27T00:00:00.000Z;0.300
1979-11-28T00:00:00.000Z;0.270
1979-11-29T00:00:00.000Z;0.260
1979-11-30T00:00:00.000Z;0.245
1979-12-01T00:00:00.000Z;0.235
1979-12-02T00:00:00.000Z;0.215
1979-12-03T00:00:00.000Z;0.205
1979-12-04T00:00:00.000Z;0.195
1979-12-05T00:00:00.000Z;0.190
1979-12-06T00:00:00.000Z;0.180
1979-12-07T00:00:00.000Z;0.170
1979-12-08T00:00:00.000Z;0.165
1979-12-09T00:00:00.000Z;0.170
1979-12-10T00:00:00.000Z;0.175
1979-12-11T00:00:00.000Z;0.230
1979-12-12T00:00:00.000Z;0.265
1979-12-13T00:00:00.000Z;0.230
1979-12-14T00:00:00.000Z;0.305
1979-12-15T00:00:00.000Z;0.500
1979-12-16T00:00:00.000Z;0.515
1979-12-17T00:00:00.000Z;0.730
1979-12-18T00:00:00.000Z;0.925
1979-12-19T00:00:00.000Z;Jan.20
1979-12-20T00:00:00.000Z;0.820
1979-12-21T00:00:00.000Z;0.600
1979-12-22T00:00:00.000Z;0.520
1979-12-23T00:00:00.000Z;0.420
1979-12-24T00:00:00.000Z;0.500
1979-12-25T00:00:00.000Z;0.815
1979-12-26T00:00:00.000Z;0.810
1979-12-27T00:00:00.000Z;0.680
1979-12-28T00:00:00.000Z;0.625
1979-12-29T00:00:00.000Z;0.655
1979-12-30T00:00:00.000Z;0.610
1979-12-31T00:00:00.000Z;Jan.77
1980-01-01T00:00:00.000Z;Feb.43
1980-01-02T00:00:00.000Z;5.Nov
1980-01-03T00:00:00.000Z;Mar.19
1980-01-04T00:00:00.000Z;2.00
1980-01-05T00:00:00.000Z;Jan.20
1980-01-06T00:00:00.000Z;1.Aug
1980-01-07T00:00:00.000Z;0.870
1980-01-08T00:00:00.000Z;0.685
1980-01-09T00:00:00.000Z;0.570
1980-01-10T00:00:00.000Z;0.520
1980-01-11T00:00:00.000Z;0.755
1980-01-12T00:00:00.000Z;0.780
1980-01-13T00:00:00.000Z;0.615
1980-01-14T00:00:00.000Z;0.540
1980-01-15T00:00:00.000Z;0.485
1980-01-16T00:00:00.000Z;0.440
1980-01-17T00:00:00.000Z;0.390
1980-01-18T00:00:00.000Z;0.355
1980-01-19T00:00:00.000Z;0.330
1980-01-20T00:00:00.000Z;0.315
1980-01-21T00:00:00.000Z;0.335
1980-01-22T00:00:00.000Z;0.350
1980-01-23T00:00:00.000Z;0.470
1980-01-24T00:00:00.000Z;0.595
1980-01-25T00:00:00.000Z;0.590
1980-01-26T00:00:00.000Z;0.465
1980-01-27T00:00:00.000Z;0.370
1980-01-28T00:00:00.000Z;0.315
1980-01-29T00:00:00.000Z;0.290
1980-01-30T00:00:00.000Z;0.270
1980-01-31T00:00:00.000Z;0.285
1980-02-01T00:00:00.000Z;0.385
1980-02-02T00:00:00.000Z;0.560
1980-02-03T00:00:00.000Z;0.475
1980-02-04T00:00:00.000Z;0.420
1980-02-05T00:00:00.000Z;0.460
1980-02-06T00:00:00.000Z;0.420
1980-02-07T00:00:00.000Z;0.390
1980-02-08T00:00:00.000Z;0.385
1980-02-09T00:00:00.000Z;0.365
1980-02-10T00:00:00.000Z;0.585
1980-02-11T00:00:00.000Z;Jan.14
1980-02-12T00:00:00.000Z;0.900
1980-02-13T00:00:00.000Z;0.705
1980-02-14T00:00:00.000Z;0.545
1980-02-15T00:00:00.000Z;0.480
1980-02-16T00:00:00.000Z;0.405
1980-02-17T00:00:00.000Z;0.365
1980-02-18T00:00:00.000Z;0.315
1980-02-19T00:00:00.000Z;0.295
1980-02-20T00:00:00.000Z;0.270
1980-02-21T00:00:00.000Z;0.245
1980-02-22T00:00:00.000Z;0.230
1980-02-23T00:00:00.000Z;0.225
1980-02-24T00:00:00.000Z;0.215
1980-02-25T00:00:00.000Z;0.210
1980-02-26T00:00:00.000Z;0.205
1980-02-27T00:00:00.000Z;0.200
1980-02-28T00:00:00.000Z;0.195
1980-02-29T00:00:00.000Z;0.190
1980-03-01T00:00:00.000Z;0.185
1980-03-02T00:00:00.000Z;0.180
1980-03-03T00:00:00.000Z;0.175
1980-03-04T00:00:00.000Z;0.170
1980-03-05T00:00:00.000Z;0.165
1980-03-06T00:00:00.000Z;0.160
1980-03-07T00:00:00.000Z;0.170
1980-03-08T00:00:00.000Z;0.365
1980-03-09T00:00:00.000Z;Feb.17
1980-03-10T00:00:00.000Z;Jan.17
1980-03-11T00:00:00.000Z;0.915
1980-03-12T00:00:00.000Z;1.00
1980-03-13T00:00:00.000Z;Jan.23
1980-03-14T00:00:00.000Z;0.960
1980-03-15T00:00:00.000Z;0.600
1980-03-16T00:00:00.000Z;0.505
1980-03-17T00:00:00.000Z;0.605
1980-03-18T00:00:00.000Z;0.800
1980-03-19T00:00:00.000Z;0.790
1980-03-20T00:00:00.000Z;0.650
1980-03-21T00:00:00.000Z;0.510
1980-03-22T00:00:00.000Z;0.510
1980-03-23T00:00:00.000Z;0.550
1980-03-24T00:00:00.000Z;0.660
1980-03-25T00:00:00.000Z;0.810
1980-03-26T00:00:00.000Z;0.775
1980-03-27T00:00:00.000Z;0.965
1980-03-28T00:00:00.000Z;0.960
1980-03-29T00:00:00.000Z;0.780
1980-03-30T00:00:00.000Z;1.Aug
1980-03-31T00:00:00.000Z;0.995
1980-04-01T00:00:00.000Z;0.675
1980-04-02T00:00:00.000Z;0.520
1980-04-03T00:00:00.000Z;0.435
1980-04-04T00:00:00.000Z;0.370
1980-04-05T00:00:00.000Z;0.335
1980-04-06T00:00:00.000Z;0.325
1980-04-07T00:00:00.000Z;0.295
1980-04-08T00:00:00.000Z;0.270
1980-04-09T00:00:00.000Z;0.265
1980-04-10T00:00:00.000Z;0.250
1980-04-11T00:00:00.000Z;0.235
1980-04-12T00:00:00.000Z;0.215
1980-04-13T00:00:00.000Z;0.210
1980-04-14T00:00:00.000Z;0.205
1980-04-15T00:00:00.000Z;0.200
1980-04-16T00:00:00.000Z;0.195
1980-04-17T00:00:00.000Z;0.190
1980-04-18T00:00:00.000Z;0.290
1980-04-19T00:00:00.000Z;0.435
1980-04-20T00:00:00.000Z;0.320
1980-04-21T00:00:00.000Z;0.305
1980-04-22T00:00:00.000Z;0.335
1980-04-23T00:00:00.000Z;0.495
1980-04-24T00:00:00.000Z;0.805
1980-04-25T00:00:00.000Z;0.715
1980-04-26T00:00:00.000Z;0.540
1980-04-27T00:00:00.000Z;0.415
1980-04-28T00:00:00.000Z;0.345
1980-04-29T00:00:00.000Z;0.305
1980-04-30T00:00:00.000Z;0.300
1980-05-01T00:00:00.000Z;0.265
1980-05-02T00:00:00.000Z;0.260
1980-05-03T00:00:00.000Z;0.255
1980-05-04T00:00:00.000Z;0.245
1980-05-05T00:00:00.000Z;1.Jul
1980-05-06T00:00:00.000Z;0.820
1980-05-07T00:00:00.000Z;0.595
1980-05-08T00:00:00.000Z;0.630
1980-05-09T00:00:00.000Z;0.725
1980-05-10T00:00:00.000Z;0.520
1980-05-11T00:00:00.000Z;0.415
1980-05-12T00:00:00.000Z;0.350
1980-05-13T00:00:00.000Z;0.405
1980-05-14T00:00:00.000Z;0.795
1980-05-15T00:00:00.000Z;0.870
1980-05-16T00:00:00.000Z;0.955
1980-05-17T00:00:00.000Z;0.685
1980-05-18T00:00:00.000Z;0.610
1980-05-19T00:00:00.000Z;0.640
1980-05-20T00:00:00.000Z;0.945
1980-05-21T00:00:00.000Z;0.960
1980-05-22T00:00:00.000Z;Jan.17
1980-05-23T00:00:00.000Z;Jan.99
1980-05-24T00:00:00.000Z;Jan.57
1980-05-25T00:00:00.000Z;0.995
1980-05-26T00:00:00.000Z;Jan.39
1980-05-27T00:00:00.000Z;Jan.60
1980-05-28T00:00:00.000Z;Jan.39
1980-05-29T00:00:00.000Z;Jan.38
1980-05-30T00:00:00.000Z;1.Jan
1980-05-31T00:00:00.000Z;0.720
1980-06-01T00:00:00.000Z;0.555
1980-06-02T00:00:00.000Z;0.505
1980-06-03T00:00:00.000Z;0.445
1980-06-04T00:00:00.000Z;0.395
1980-06-05T00:00:00.000Z;0.350
1980-06-06T00:00:00.000Z;0.315
1980-06-07T00:00:00.000Z;0.285
1980-06-08T00:00:00.000Z;0.270
1980-06-09T00:00:00.000Z;0.260
1980-06-10T00:00:00.000Z;0.395
1980-06-11T00:00:00.000Z;0.360
1980-06-12T00:00:00.000Z;0.270
1980-06-13T00:00:00.000Z;0.250
1980-06-14T00:00:00.000Z;0.255
1980-06-15T00:00:00.000Z;0.215
1980-06-16T00:00:00.000Z;0.210
1980-06-17T00:00:00.000Z;0.200
1980-06-18T00:00:00.000Z;0.195
1980-06-19T00:00:00.000Z;0.190
1980-06-20T00:00:00.000Z;0.200
1980-06-21T00:00:00.000Z;0.230
1980-06-22T00:00:00.000Z;0.210
1980-06-23T00:00:00.000Z;0.290
1980-06-24T00:00:00.000Z;0.265
1980-06-25T00:00:00.000Z;0.215
1980-06-26T00:00:00.000Z;0.200
1980-06-27T00:00:00.000Z;0.185
1980-06-28T00:00:00.000Z;0.170
1980-06-29T00:00:00.000Z;0.165
1980-06-30T00:00:00.000Z;0.160
1980-07-01T00:00:00.000Z;0.155
1980-07-02T00:00:00.000Z;0.150
1980-07-03T00:00:00.000Z;0.145
1980-07-04T00:00:00.000Z;0.140
1980-07-05T00:00:00.000Z;0.135
1980-07-06T00:00:00.000Z;0.130
1980-07-07T00:00:00.000Z;0.130
1980-07-08T00:00:00.000Z;0.140
1980-07-09T00:00:00.000Z;0.165
1980-07-10T00:00:00.000Z;0.155
1980-07-11T00:00:00.000Z;0.140
1980-07-12T00:00:00.000Z;0.155
1980-07-13T00:00:00.000Z;0.150
1980-07-14T00:00:00.000Z;0.145
1980-07-15T00:00:00.000Z;0.140
1980-07-16T00:00:00.000Z;0.440
1980-07-17T00:00:00.000Z;0.345
1980-07-18T00:00:00.000Z;0.200
1980-07-19T00:00:00.000Z;0.165
1980-07-20T00:00:00.000Z;0.140
1980-07-21T00:00:00.000Z;0.135
1980-07-22T00:00:00.000Z;0.130
1980-07-23T00:00:00.000Z;0.125
1980-07-24T00:00:00.000Z;0.120
1980-07-25T00:00:00.000Z;0.115
1980-07-26T00:00:00.000Z;0.110
1980-07-27T00:00:00.000Z;0.110
1980-07-28T00:00:00.000Z;0.105
1980-07-29T00:00:00.000Z;0.104
1980-07-30T00:00:00.000Z;0.104
1980-07-31T00:00:00.000Z;0.103
1980-08-01T00:00:00.000Z;0.103
1980-08-02T00:00:00.000Z;0.102
1980-08-03T00:00:00.000Z;0.101
1980-08-04T00:00:00.000Z;0.101
1980-08-05T00:00:00.000Z;0.100
1980-08-06T00:00:00.000Z;0.100
1980-08-07T00:00:00.000Z;0.0990
1980-08-08T00:00:00.000Z;0.0980
1980-08-09T00:00:00.000Z;0.0980
1980-08-10T00:00:00.000Z;0.0970
1980-08-11T00:00:00.000Z;0.0970
1980-08-12T00:00:00.000Z;0.0960
1980-08-13T00:00:00.000Z;0.0960
1980-08-14T00:00:00.000Z;0.0950
1980-08-15T00:00:00.000Z;0.100
1980-08-16T00:00:00.000Z;0.110
1980-08-17T00:00:00.000Z;0.100
1980-08-18T00:00:00.000Z;0.0950
1980-08-19T00:00:00.000Z;0.240
1980-08-20T00:00:00.000Z;0.235
1980-08-21T00:00:00.000Z;0.175
1980-08-22T00:00:00.000Z;0.160
1980-08-23T00:00:00.000Z;0.150
1980-08-24T00:00:00.000Z;0.145
1980-08-25T00:00:00.000Z;0.150
1980-08-26T00:00:00.000Z;0.155
1980-08-27T00:00:00.000Z;0.195
1980-08-28T00:00:00.000Z;0.200
1980-08-29T00:00:00.000Z;0.185
1980-08-30T00:00:00.000Z;0.170
1980-08-31T00:00:00.000Z;0.165
1980-09-01T00:00:00.000Z;0.160
1980-09-02T00:00:00.000Z;0.155
1980-09-03T00:00:00.000Z;0.155
1980-09-04T00:00:00.000Z;0.150
1980-09-05T00:00:00.000Z;0.150
1980-09-06T00:00:00.000Z;0.145
1980-09-07T00:00:00.000Z;0.145
1980-09-08T00:00:00.000Z;0.140
1980-09-09T00:00:00.000Z;0.155
1980-09-10T00:00:00.000Z;0.170
1980-09-11T00:00:00.000Z;0.165
1980-09-12T00:00:00.000Z;0.160
1980-09-13T00:00:00.000Z;0.155
1980-09-14T00:00:00.000Z;0.150
1980-09-15T00:00:00.000Z;0.150
1980-09-16T00:00:00.000Z;0.145
1980-09-17T00:00:00.000Z;0.145
1980-09-18T00:00:00.000Z;0.145
1980-09-19T00:00:00.000Z;0.140
1980-09-20T00:00:00.000Z;0.140
1980-09-21T00:00:00.000Z;0.140
1980-09-22T00:00:00.000Z;0.135
1980-09-23T00:00:00.000Z;0.135
1980-09-24T00:00:00.000Z;0.135
1980-09-25T00:00:00.000Z;0.130
1980-09-26T00:00:00.000Z;0.130
1980-09-27T00:00:00.000Z;0.130
1980-09-28T00:00:00.000Z;0.130
1980-09-29T00:00:00.000Z;0.130
1980-09-30T00:00:00.000Z;0.130
1980-10-01T00:00:00.000Z;0.125
1980-10-02T00:00:00.000Z;0.125
1980-10-03T00:00:00.000Z;0.125
1980-10-04T00:00:00.000Z;0.125
1980-10-05T00:00:00.000Z;0.125
1980-10-06T00:00:00.000Z;0.125
1980-10-07T00:00:00.000Z;0.120
1980-10-08T00:00:00.000Z;0.175
1980-10-09T00:00:00.000Z;0.245
1980-10-10T00:00:00.000Z;0.215
1980-10-11T00:00:00.000Z;0.465
1980-10-12T00:00:00.000Z;0.940
1980-10-13T00:00:00.000Z;0.610
1980-10-14T00:00:00.000Z;0.300
1980-10-15T00:00:00.000Z;0.205
1980-10-16T00:00:00.000Z;0.180
1980-10-17T00:00:00.000Z;0.185
1980-10-18T00:00:00.000Z;0.790
1980-10-19T00:00:00.000Z;Jan.46
1980-10-20T00:00:00.000Z;0.620
1980-10-21T00:00:00.000Z;0.320
1980-10-22T00:00:00.000Z;0.270
1980-10-23T00:00:00.000Z;0.230
1980-10-24T00:00:00.000Z;0.210
1980-10-25T00:00:00.000Z;0.520
1980-10-26T00:00:00.000Z;0.655
1980-10-27T00:00:00.000Z;0.405
1980-10-28T00:00:00.000Z;0.285
1980-10-29T00:00:00.000Z;0.245
1980-10-30T00:00:00.000Z;0.220
1980-10-31T00:00:00.000Z;0.200
1980-11-01T00:00:00.000Z;0.185
1980-11-02T00:00:00.000Z;0.170
1980-11-03T00:00:00.000Z;0.165
1980-11-04T00:00:00.000Z;0.155
1980-11-05T00:00:00.000Z;0.150
1980-11-06T00:00:00.000Z;0.145
1980-11-07T00:00:00.000Z;0.145
1980-11-08T00:00:00.000Z;0.140
1980-11-09T00:00:00.000Z;0.210
1980-11-10T00:00:00.000Z;0.630
1980-11-11T00:00:00.000Z;0.710
1980-11-12T00:00:00.000Z;0.450
1980-11-13T00:00:00.000Z;0.725
1980-11-14T00:00:00.000Z;0.615
1980-11-15T00:00:00.000Z;0.370
1980-11-16T00:00:00.000Z;0.275
1980-11-17T00:00:00.000Z;0.250
1980-11-18T00:00:00.000Z;0.235
1980-11-19T00:00:00.000Z;0.215
1980-11-20T00:00:00.000Z;0.210
1980-11-21T00:00:00.000Z;0.200
1980-11-22T00:00:00.000Z;0.185
1980-11-23T00:00:00.000Z;0.180
1980-11-24T00:00:00.000Z;0.170
1980-11-25T00:00:00.000Z;0.165
1980-11-26T00:00:00.000Z;0.280
1980-11-27T00:00:00.000Z;0.535
1980-11-28T00:00:00.000Z;0.960
1980-11-29T00:00:00.000Z;Jan.47
1980-11-30T00:00:00.000Z;0.725
1980-12-01T00:00:00.000Z;0.535
1980-12-02T00:00:00.000Z;0.445
1980-12-03T00:00:00.000Z;0.505
1980-12-04T00:00:00.000Z;0.550
1980-12-05T00:00:00.000Z;0.535
1980-12-06T00:00:00.000Z;0.650
1980-12-07T00:00:00.000Z;Feb.93
1980-12-08T00:00:00.000Z;Jan.72
1980-12-09T00:00:00.000Z;0.935
1980-12-10T00:00:00.000Z;0.610
1980-12-11T00:00:00.000Z;0.555
1980-12-12T00:00:00.000Z;0.615
1980-12-13T00:00:00.000Z;0.635
1980-12-14T00:00:00.000Z;0.765
1980-12-15T00:00:00.000Z;Jan.57
1980-12-16T00:00:00.000Z;Jan.99
1980-12-17T00:00:00.000Z;Jan.27
1980-12-18T00:00:00.000Z;Feb.65
1980-12-19T00:00:00.000Z;Mar.28
1980-12-20T00:00:00.000Z;Jul.52
1980-12-21T00:00:00.000Z;6.Aug
1980-12-22T00:00:00.000Z;May.29
1980-12-23T00:00:00.000Z;Mar.23
1980-12-24T00:00:00.000Z;Feb.48
1980-12-25T00:00:00.000Z;Jan.67
1980-12-26T00:00:00.000Z;Jan.37
1980-12-27T00:00:00.000Z;Jan.34
1980-12-28T00:00:00.000Z;Jan.24
1980-12-29T00:00:00.000Z;0.925
1980-12-30T00:00:00.000Z;0.775
1980-12-31T00:00:00.000Z;0.690
1981-01-01T00:00:00.000Z;0.810
1981-01-02T00:00:00.000Z;Jan.25
1981-01-03T00:00:00.000Z;1.Jul
1981-01-04T00:00:00.000Z;Jan.14
1981-01-05T00:00:00.000Z;Feb.54
1981-01-06T00:00:00.000Z;Jan.87
1981-01-07T00:00:00.000Z;Jan.72
1981-01-08T00:00:00.000Z;Jan.42
1981-01-09T00:00:00.000Z;1.Nov
1981-01-10T00:00:00.000Z;0.970
1981-01-11T00:00:00.000Z;0.790
1981-01-12T00:00:00.000Z;0.675
1981-01-13T00:00:00.000Z;0.650
1981-01-14T00:00:00.000Z;0.640
1981-01-15T00:00:00.000Z;Feb.14
1981-01-16T00:00:00.000Z;Jun.62
1981-01-17T00:00:00.000Z;Mar.54
1981-01-18T00:00:00.000Z;Mar.60
1981-01-19T00:00:00.000Z;Feb.89
1981-01-20T00:00:00.000Z;Feb.44
1981-01-21T00:00:00.000Z;Mar.86
1981-01-22T00:00:00.000Z;May.93
1981-01-23T00:00:00.000Z;Mar.65
1981-01-24T00:00:00.000Z;Feb.96
1981-01-25T00:00:00.000Z;Feb.51
1981-01-26T00:00:00.000Z;Jan.77
1981-01-27T00:00:00.000Z;1.Nov
1981-01-28T00:00:00.000Z;0.830
1981-01-29T00:00:00.000Z;0.740
1981-01-30T00:00:00.000Z;0.660
1981-01-31T00:00:00.000Z;0.580
1981-02-01T00:00:00.000Z;0.520
1981-02-02T00:00:00.000Z;0.475
1981-02-03T00:00:00.000Z;0.445
1981-02-04T00:00:00.000Z;0.690
1981-02-05T00:00:00.000Z;Jan.33
1981-02-06T00:00:00.000Z;Jan.21
1981-02-07T00:00:00.000Z;Jan.23
1981-02-08T00:00:00.000Z;1.Jul
1981-02-09T00:00:00.000Z;0.855
1981-02-10T00:00:00.000Z;0.785
1981-02-11T00:00:00.000Z;0.740
1981-02-12T00:00:00.000Z;0.655
1981-02-13T00:00:00.000Z;0.555
1981-02-14T00:00:00.000Z;0.510
1981-02-15T00:00:00.000Z;0.455
1981-02-16T00:00:00.000Z;0.405
1981-02-17T00:00:00.000Z;0.370
1981-02-18T00:00:00.000Z;0.345
1981-02-19T00:00:00.000Z;0.325
1981-02-20T00:00:00.000Z;0.295
1981-02-21T00:00:00.000Z;0.270
1981-02-22T00:00:00.000Z;0.265
1981-02-23T00:00:00.000Z;0.260
1981-02-24T00:00:00.000Z;0.330
1981-02-25T00:00:00.000Z;0.430
1981-02-26T00:00:00.000Z;0.490
1981-02-27T00:00:00.000Z;0.495
1981-02-28T00:00:00.000Z;0.750
1981-03-01T00:00:00.000Z;1.00
1981-03-02T00:00:00.000Z;0.765
1981-03-03T00:00:00.000Z;0.605
1981-03-04T00:00:00.000Z;0.565
1981-03-05T00:00:00.000Z;0.520
1981-03-06T00:00:00.000Z;0.490
1981-03-07T00:00:00.000Z;0.510
1981-03-08T00:00:00.000Z;0.575
1981-03-09T00:00:00.000Z;0.525
1981-03-10T00:00:00.000Z;0.465
1981-03-11T00:00:00.000Z;0.455
1981-03-12T00:00:00.000Z;0.405
1981-03-13T00:00:00.000Z;0.365
1981-03-14T00:00:00.000Z;0.315
1981-03-15T00:00:00.000Z;0.300
1981-03-16T00:00:00.000Z;0.325
1981-03-17T00:00:00.000Z;0.425
1981-03-18T00:00:00.000Z;0.525
1981-03-19T00:00:00.000Z;0.515
1981-03-20T00:00:00.000Z;0.610
1981-03-21T00:00:00.000Z;0.550
1981-03-22T00:00:00.000Z;0.920
1981-03-23T00:00:00.000Z;1.Jul
1981-03-24T00:00:00.000Z;0.725
1981-03-25T00:00:00.000Z;0.540
1981-03-26T00:00:00.000Z;0.475
1981-03-27T00:00:00.000Z;0.405
1981-03-28T00:00:00.000Z;0.370
1981-03-29T00:00:00.000Z;0.345
1981-03-30T00:00:00.000Z;0.325
1981-03-31T00:00:00.000Z;Jan.18
1981-04-01T00:00:00.000Z;Jan.43
1981-04-02T00:00:00.000Z;1.Jul
1981-04-03T00:00:00.000Z;0.715
1981-04-04T00:00:00.000Z;0.550
1981-04-05T00:00:00.000Z;0.490
1981-04-06T00:00:00.000Z;0.425
1981-04-07T00:00:00.000Z;0.365
1981-04-08T00:00:00.000Z;0.335
1981-04-09T00:00:00.000Z;0.315
1981-04-10T00:00:00.000Z;0.295
1981-04-11T00:00:00.000Z;0.285
1981-04-12T00:00:00.000Z;0.275
1981-04-13T00:00:00.000Z;0.265
1981-04-14T00:00:00.000Z;0.250
1981-04-15T00:00:00.000Z;0.330
1981-04-16T00:00:00.000Z;0.360
1981-04-17T00:00:00.000Z;1.Sep
1981-04-18T00:00:00.000Z;0.915
1981-04-19T00:00:00.000Z;0.625
1981-04-20T00:00:00.000Z;0.425
1981-04-21T00:00:00.000Z;0.385
1981-04-22T00:00:00.000Z;0.370
1981-04-23T00:00:00.000Z;0.655
1981-04-24T00:00:00.000Z;Jan.57
1981-04-25T00:00:00.000Z;Jan.64
1981-04-26T00:00:00.000Z;1.Jan
1981-04-27T00:00:00.000Z;0.785
1981-04-28T00:00:00.000Z;0.690
1981-04-29T00:00:00.000Z;0.615
1981-04-30T00:00:00.000Z;0.610
1981-05-01T00:00:00.000Z;0.605
1981-05-02T00:00:00.000Z;0.600
1981-05-03T00:00:00.000Z;0.600
1981-05-04T00:00:00.000Z;0.615
1981-05-05T00:00:00.000Z;0.750
1981-05-06T00:00:00.000Z;0.915
1981-05-07T00:00:00.000Z;0.655
1981-05-08T00:00:00.000Z;0.490
1981-05-09T00:00:00.000Z;0.425
1981-05-10T00:00:00.000Z;0.370
1981-05-11T00:00:00.000Z;0.385
1981-05-12T00:00:00.000Z;0.475
1981-05-13T00:00:00.000Z;0.485
1981-05-14T00:00:00.000Z;0.425
1981-05-15T00:00:00.000Z;0.415
1981-05-16T00:00:00.000Z;0.430
1981-05-17T00:00:00.000Z;0.380
1981-05-18T00:00:00.000Z;0.330
1981-05-19T00:00:00.000Z;0.300
1981-05-20T00:00:00.000Z;0.285
1981-05-21T00:00:00.000Z;0.275
1981-05-22T00:00:00.000Z;0.265
1981-05-23T00:00:00.000Z;0.250
1981-05-24T00:00:00.000Z;0.245
1981-05-25T00:00:00.000Z;0.325
1981-05-26T00:00:00.000Z;0.595
1981-05-27T00:00:00.000Z;0.645
1981-05-28T00:00:00.000Z;0.430
1981-05-29T00:00:00.000Z;0.350
1981-05-30T00:00:00.000Z;0.305
1981-05-31T00:00:00.000Z;0.295
1981-06-01T00:00:00.000Z;0.275
1981-06-02T00:00:00.000Z;0.260
1981-06-03T00:00:00.000Z;0.250
1981-06-04T00:00:00.000Z;0.275
1981-06-05T00:00:00.000Z;0.270
1981-06-06T00:00:00.000Z;0.250
1981-06-07T00:00:00.000Z;0.235
1981-06-08T00:00:00.000Z;0.220
1981-06-09T00:00:00.000Z;0.210
1981-06-10T00:00:00.000Z;0.200
1981-06-11T00:00:00.000Z;0.190
1981-06-12T00:00:00.000Z;0.180
1981-06-13T00:00:00.000Z;0.170
1981-06-14T00:00:00.000Z;0.165
1981-06-15T00:00:00.000Z;0.160
1981-06-16T00:00:00.000Z;0.155
1981-06-17T00:00:00.000Z;0.150
1981-06-18T00:00:00.000Z;0.140
1981-06-19T00:00:00.000Z;0.140
1981-06-20T00:00:00.000Z;0.135
1981-06-21T00:00:00.000Z;0.130
1981-06-22T00:00:00.000Z;0.130
1981-06-23T00:00:00.000Z;0.125
1981-06-24T00:00:00.000Z;0.125
1981-06-25T00:00:00.000Z;0.125
1981-06-26T00:00:00.000Z;0.120
1981-06-27T00:00:00.000Z;0.120
1981-06-28T00:00:00.000Z;0.185
1981-06-29T00:00:00.000Z;0.195
1981-06-30T00:00:00.000Z;0.150
1981-07-01T00:00:00.000Z;0.135
1981-07-02T00:00:00.000Z;0.130
1981-07-03T00:00:00.000Z;0.140
1981-07-04T00:00:00.000Z;0.160
1981-07-05T00:00:00.000Z;0.140
1981-07-06T00:00:00.000Z;0.130
1981-07-07T00:00:00.000Z;0.125
1981-07-08T00:00:00.000Z;0.120
1981-07-09T00:00:00.000Z;0.145
1981-07-10T00:00:00.000Z;0.780
1981-07-11T00:00:00.000Z;1.Sep
1981-07-12T00:00:00.000Z;0.570
1981-07-13T00:00:00.000Z;0.270
1981-07-14T00:00:00.000Z;0.230
1981-07-15T00:00:00.000Z;0.195
1981-07-16T00:00:00.000Z;0.170
1981-07-17T00:00:00.000Z;0.165
1981-07-18T00:00:00.000Z;0.730
1981-07-19T00:00:00.000Z;0.665
1981-07-20T00:00:00.000Z;0.325
1981-07-21T00:00:00.000Z;0.205
1981-07-22T00:00:00.000Z;0.185
1981-07-23T00:00:00.000Z;0.190
1981-07-24T00:00:00.000Z;0.195
1981-07-25T00:00:00.000Z;0.190
1981-07-26T00:00:00.000Z;0.170
1981-07-27T00:00:00.000Z;0.155
1981-07-28T00:00:00.000Z;0.145
1981-07-29T00:00:00.000Z;0.135
1981-07-30T00:00:00.000Z;0.135
1981-07-31T00:00:00.000Z;0.130
1981-08-01T00:00:00.000Z;0.130
1981-08-02T00:00:00.000Z;0.130
1981-08-03T00:00:00.000Z;0.125
1981-08-04T00:00:00.000Z;0.125
1981-08-05T00:00:00.000Z;0.125
1981-08-06T00:00:00.000Z;0.120
1981-08-07T00:00:00.000Z;0.120
1981-08-08T00:00:00.000Z;0.130
1981-08-09T00:00:00.000Z;0.140
1981-08-10T00:00:00.000Z;0.145
1981-08-11T00:00:00.000Z;0.135
1981-08-12T00:00:00.000Z;0.125
1981-08-13T00:00:00.000Z;0.115
1981-08-14T00:00:00.000Z;0.110
1981-08-15T00:00:00.000Z;0.105
1981-08-16T00:00:00.000Z;0.100
1981-08-17T00:00:00.000Z;0.0950
1981-08-18T00:00:00.000Z;0.0930
1981-08-19T00:00:00.000Z;0.0900
1981-08-20T00:00:00.000Z;0.0880
1981-08-21T00:00:00.000Z;0.0850
1981-08-22T00:00:00.000Z;0.0830
1981-08-23T00:00:00.000Z;0.0800
1981-08-24T00:00:00.000Z;0.0780
1981-08-25T00:00:00.000Z;0.0770
1981-08-26T00:00:00.000Z;0.0760
1981-08-27T00:00:00.000Z;0.0750
1981-08-28T00:00:00.000Z;0.0740
1981-08-29T00:00:00.000Z;0.0740
1981-08-30T00:00:00.000Z;0.0730
1981-08-31T00:00:00.000Z;0.0730
1981-09-01T00:00:00.000Z;0.0720
1981-09-02T00:00:00.000Z;0.0720
1981-09-03T00:00:00.000Z;0.0710
1981-09-04T00:00:00.000Z;0.0710
1981-09-05T00:00:00.000Z;0.0700
1981-09-06T00:00:00.000Z;0.0750
1981-09-07T00:00:00.000Z;0.0800
1981-09-08T00:00:00.000Z;0.0700
1981-09-09T00:00:00.000Z;0.0700
1981-09-10T00:00:00.000Z;0.0730
1981-09-11T00:00:00.000Z;0.0780
1981-09-12T00:00:00.000Z;0.0800
1981-09-13T00:00:00.000Z;0.0800
1981-09-14T00:00:00.000Z;0.0750
1981-09-15T00:00:00.000Z;0.0700
1981-09-16T00:00:00.000Z;0.0690
1981-09-17T00:00:00.000Z;0.0690
1981-09-18T00:00:00.000Z;0.0680
1981-09-19T00:00:00.000Z;0.0680
1981-09-20T00:00:00.000Z;0.0670
1981-09-21T00:00:00.000Z;0.0670
1981-09-22T00:00:00.000Z;0.0660
1981-09-23T00:00:00.000Z;0.0750
1981-09-24T00:00:00.000Z;0.100
1981-09-25T00:00:00.000Z;0.115
1981-09-26T00:00:00.000Z;0.0850
1981-09-27T00:00:00.000Z;0.0950
1981-09-28T00:00:00.000Z;0.125
1981-09-29T00:00:00.000Z;0.120
1981-09-30T00:00:00.000Z;0.100
1981-10-01T00:00:00.000Z;0.0950
1981-10-02T00:00:00.000Z;0.0930
1981-10-03T00:00:00.000Z;0.0900
1981-10-04T00:00:00.000Z;0.105
1981-10-05T00:00:00.000Z;0.110
1981-10-06T00:00:00.000Z;0.0950
1981-10-07T00:00:00.000Z;0.0930
1981-10-08T00:00:00.000Z;0.0900
1981-10-09T00:00:00.000Z;0.0880
1981-10-10T00:00:00.000Z;0.0850
1981-10-11T00:00:00.000Z;0.0830
1981-10-12T00:00:00.000Z;0.0800
1981-10-13T00:00:00.000Z;0.190
1981-10-14T00:00:00.000Z;0.440
1981-10-15T00:00:00.000Z;0.280
1981-10-16T00:00:00.000Z;0.170
1981-10-17T00:00:00.000Z;0.140
1981-10-18T00:00:00.000Z;0.130
1981-10-19T00:00:00.000Z;0.125
1981-10-20T00:00:00.000Z;0.130
1981-10-21T00:00:00.000Z;0.165
1981-10-22T00:00:00.000Z;0.205
1981-10-23T00:00:00.000Z;0.155
1981-10-24T00:00:00.000Z;0.145
1981-10-25T00:00:00.000Z;0.135
1981-10-26T00:00:00.000Z;0.285
1981-10-27T00:00:00.000Z;0.380
1981-10-28T00:00:00.000Z;0.985
1981-10-29T00:00:00.000Z;0.710
1981-10-30T00:00:00.000Z;0.320
1981-10-31T00:00:00.000Z;0.255
1981-11-01T00:00:00.000Z;0.215
1981-11-02T00:00:00.000Z;0.180
1981-11-03T00:00:00.000Z;0.165
1981-11-04T00:00:00.000Z;0.155
1981-11-05T00:00:00.000Z;0.145
1981-11-06T00:00:00.000Z;0.140
1981-11-07T00:00:00.000Z;0.135
1981-11-08T00:00:00.000Z;0.130
1981-11-09T00:00:00.000Z;0.130
1981-11-10T00:00:00.000Z;0.125
1981-11-11T00:00:00.000Z;0.125
1981-11-12T00:00:00.000Z;0.115
1981-11-13T00:00:00.000Z;0.110
1981-11-14T00:00:00.000Z;0.105
1981-11-15T00:00:00.000Z;0.105
1981-11-16T00:00:00.000Z;0.100
1981-11-17T00:00:00.000Z;0.100
1981-11-18T00:00:00.000Z;0.0980
1981-11-19T00:00:00.000Z;0.0950
1981-11-20T00:00:00.000Z;0.0930
1981-11-21T00:00:00.000Z;0.0900
1981-11-22T00:00:00.000Z;0.0880
1981-11-23T00:00:00.000Z;0.0850
1981-11-24T00:00:00.000Z;0.0830
1981-11-25T00:00:00.000Z;0.100
1981-11-26T00:00:00.000Z;0.105
1981-11-27T00:00:00.000Z;0.100
1981-11-28T00:00:00.000Z;0.190
1981-11-29T00:00:00.000Z;0.685
1981-11-30T00:00:00.000Z;0.680
1981-12-01T00:00:00.000Z;1.Nov
1981-12-02T00:00:00.000Z;2.Feb
1981-12-03T00:00:00.000Z;0.955
1981-12-04T00:00:00.000Z;0.445
1981-12-05T00:00:00.000Z;0.590
1981-12-06T00:00:00.000Z;0.775
1981-12-07T00:00:00.000Z;0.690
1981-12-08T00:00:00.000Z;0.655
1981-12-09T00:00:00.000Z;0.475
1981-12-10T00:00:00.000Z;0.255
1981-12-11T00:00:00.000Z;0.475
1981-12-12T00:00:00.000Z;Apr.65
1981-12-13T00:00:00.000Z;Apr.37
1981-12-14T00:00:00.000Z;May.28
1981-12-15T00:00:00.000Z;Apr.42
1981-12-16T00:00:00.000Z;Mar.78
1981-12-17T00:00:00.000Z;Feb.77
1981-12-18T00:00:00.000Z;Feb.19
1981-12-19T00:00:00.000Z;Jan.64
1981-12-20T00:00:00.000Z;0.975
1981-12-21T00:00:00.000Z;0.715
1981-12-22T00:00:00.000Z;Jan.26
1981-12-23T00:00:00.000Z;Feb.38
1981-12-24T00:00:00.000Z;Mar.58
1981-12-25T00:00:00.000Z;Feb.21
1981-12-26T00:00:00.000Z;Jan.25
1981-12-27T00:00:00.000Z;0.850
1981-12-28T00:00:00.000Z;0.685
1981-12-29T00:00:00.000Z;0.605
1981-12-30T00:00:00.000Z;0.525
1981-12-31T00:00:00.000Z;0.475
1982-01-01T00:00:00.000Z;0.390
1982-01-02T00:00:00.000Z;0.330
1982-01-03T00:00:00.000Z;0.310
1982-01-04T00:00:00.000Z;0.300
1982-01-05T00:00:00.000Z;0.280
1982-01-06T00:00:00.000Z;0.265
1982-01-07T00:00:00.000Z;0.260
1982-01-08T00:00:00.000Z;0.255
1982-01-09T00:00:00.000Z;0.250
1982-01-10T00:00:00.000Z;0.245
1982-01-11T00:00:00.000Z;0.235
1982-01-12T00:00:00.000Z;0.220
1982-01-13T00:00:00.000Z;0.215
1982-01-14T00:00:00.000Z;0.210
1982-01-15T00:00:00.000Z;0.205
1982-01-16T00:00:00.000Z;0.200
1982-01-17T00:00:00.000Z;0.190
1982-01-18T00:00:00.000Z;0.185
1982-01-19T00:00:00.000Z;0.180
1982-01-20T00:00:00.000Z;0.170
1982-01-21T00:00:00.000Z;0.165
1982-01-22T00:00:00.000Z;0.170
1982-01-23T00:00:00.000Z;0.235
1982-01-24T00:00:00.000Z;0.495
1982-01-25T00:00:00.000Z;0.850
1982-01-26T00:00:00.000Z;0.625
1982-01-27T00:00:00.000Z;Jan.33
1982-01-28T00:00:00.000Z;Jan.39
1982-01-29T00:00:00.000Z;0.805
1982-01-30T00:00:00.000Z;0.875
1982-01-31T00:00:00.000Z;Jan.21
1982-02-01T00:00:00.000Z;1.Mar
1982-02-02T00:00:00.000Z;0.855
1982-02-03T00:00:00.000Z;0.700
1982-02-04T00:00:00.000Z;0.540
1982-02-05T00:00:00.000Z;0.455
1982-02-06T00:00:00.000Z;0.400
1982-02-07T00:00:00.000Z;0.350
1982-02-08T00:00:00.000Z;0.315
1982-02-09T00:00:00.000Z;0.290
1982-02-10T00:00:00.000Z;0.270
1982-02-11T00:00:00.000Z;0.255
1982-02-12T00:00:00.000Z;0.245
1982-02-13T00:00:00.000Z;0.240
1982-02-14T00:00:00.000Z;0.230
1982-02-15T00:00:00.000Z;0.240
1982-02-16T00:00:00.000Z;0.230
1982-02-17T00:00:00.000Z;0.230
1982-02-18T00:00:00.000Z;0.255
1982-02-19T00:00:00.000Z;0.270
1982-02-20T00:00:00.000Z;0.260
1982-02-21T00:00:00.000Z;0.385
1982-02-22T00:00:00.000Z;2.Jul
1982-02-23T00:00:00.000Z;Jan.88
1982-02-24T00:00:00.000Z;1.Nov
1982-02-25T00:00:00.000Z;0.855
1982-02-26T00:00:00.000Z;1.Sep
1982-02-27T00:00:00.000Z;Mar.14
1982-02-28T00:00:00.000Z;Apr.78
1982-03-01T00:00:00.000Z;Mar.94
1982-03-02T00:00:00.000Z;Feb.52
1982-03-03T00:00:00.000Z;Jan.74
1982-03-04T00:00:00.000Z;1.Nov
1982-03-05T00:00:00.000Z;1.Feb
1982-03-06T00:00:00.000Z;0.910
1982-03-07T00:00:00.000Z;0.900
1982-03-08T00:00:00.000Z;0.740
1982-03-09T00:00:00.000Z;0.625
1982-03-10T00:00:00.000Z;0.690
1982-03-11T00:00:00.000Z;0.995
1982-03-12T00:00:00.000Z;1.Sep
1982-03-13T00:00:00.000Z;1.Feb
1982-03-14T00:00:00.000Z;0.910
1982-03-15T00:00:00.000Z;0.700
1982-03-16T00:00:00.000Z;0.550
1982-03-17T00:00:00.000Z;0.580
1982-03-18T00:00:00.000Z;0.635
1982-03-19T00:00:00.000Z;1.Jul
1982-03-20T00:00:00.000Z;Feb.23
1982-03-21T00:00:00.000Z;Jun.41
1982-03-22T00:00:00.000Z;Jul.51
1982-03-23T00:00:00.000Z;4.Mar
1982-03-24T00:00:00.000Z;Feb.91
1982-03-25T00:00:00.000Z;Feb.21
1982-03-26T00:00:00.000Z;Jan.43
1982-03-27T00:00:00.000Z;Jan.13
1982-03-28T00:00:00.000Z;0.900
1982-03-29T00:00:00.000Z;0.815
1982-03-30T00:00:00.000Z;0.755
1982-03-31T00:00:00.000Z;0.735
1982-04-01T00:00:00.000Z;0.655
1982-04-02T00:00:00.000Z;0.755
1982-04-03T00:00:00.000Z;0.805
1982-04-04T00:00:00.000Z;0.675
1982-04-05T00:00:00.000Z;0.565
1982-04-06T00:00:00.000Z;0.505
1982-04-07T00:00:00.000Z;0.445
1982-04-08T00:00:00.000Z;0.395
1982-04-09T00:00:00.000Z;0.365
1982-04-10T00:00:00.000Z;0.345
1982-04-11T00:00:00.000Z;0.325
1982-04-12T00:00:00.000Z;0.305
1982-04-13T00:00:00.000Z;0.290
1982-04-14T00:00:00.000Z;0.270
1982-04-15T00:00:00.000Z;0.265
1982-04-16T00:00:00.000Z;0.260
1982-04-17T00:00:00.000Z;0.255
1982-04-18T00:00:00.000Z;0.245
1982-04-19T00:00:00.000Z;0.235
1982-04-20T00:00:00.000Z;0.230
1982-04-21T00:00:00.000Z;0.220
1982-04-22T00:00:00.000Z;0.215
1982-04-23T00:00:00.000Z;0.210
1982-04-24T00:00:00.000Z;0.205
1982-04-25T00:00:00.000Z;0.195
1982-04-26T00:00:00.000Z;0.190
1982-04-27T00:00:00.000Z;0.185
1982-04-28T00:00:00.000Z;0.180
1982-04-29T00:00:00.000Z;0.175
1982-04-30T00:00:00.000Z;0.170
1982-05-01T00:00:00.000Z;0.165
1982-05-02T00:00:00.000Z;0.160
1982-05-03T00:00:00.000Z;0.155
1982-05-04T00:00:00.000Z;0.150
1982-05-05T00:00:00.000Z;0.155
1982-05-06T00:00:00.000Z;0.185
1982-05-07T00:00:00.000Z;0.250
1982-05-08T00:00:00.000Z;0.350
1982-05-09T00:00:00.000Z;0.365
1982-05-10T00:00:00.000Z;0.280
1982-05-11T00:00:00.000Z;0.225
1982-05-12T00:00:00.000Z;0.200
1982-05-13T00:00:00.000Z;0.185
1982-05-14T00:00:00.000Z;0.170
1982-05-15T00:00:00.000Z;0.165
1982-05-16T00:00:00.000Z;0.160
1982-05-17T00:00:00.000Z;0.190
1982-05-18T00:00:00.000Z;0.215
1982-05-19T00:00:00.000Z;0.440
1982-05-20T00:00:00.000Z;0.405
1982-05-21T00:00:00.000Z;0.545
1982-05-22T00:00:00.000Z;0.460
1982-05-23T00:00:00.000Z;0.305
1982-05-24T00:00:00.000Z;0.275
1982-05-25T00:00:00.000Z;0.240
1982-05-26T00:00:00.000Z;0.215
1982-05-27T00:00:00.000Z;0.200
1982-05-28T00:00:00.000Z;0.225
1982-05-29T00:00:00.000Z;0.240
1982-05-30T00:00:00.000Z;0.210
1982-05-31T00:00:00.000Z;0.215
1982-06-01T00:00:00.000Z;0.230
1982-06-02T00:00:00.000Z;0.210
1982-06-03T00:00:00.000Z;0.215
1982-06-04T00:00:00.000Z;0.435
1982-06-05T00:00:00.000Z;0.390
1982-06-06T00:00:00.000Z;0.265
1982-06-07T00:00:00.000Z;0.225
1982-06-08T00:00:00.000Z;0.200
1982-06-09T00:00:00.000Z;0.190
1982-06-10T00:00:00.000Z;0.180
1982-06-11T00:00:00.000Z;0.185
1982-06-12T00:00:00.000Z;0.215
1982-06-13T00:00:00.000Z;0.255
1982-06-14T00:00:00.000Z;0.280
1982-06-15T00:00:00.000Z;0.245
1982-06-16T00:00:00.000Z;0.250
1982-06-17T00:00:00.000Z;0.230
1982-06-18T00:00:00.000Z;0.200
1982-06-19T00:00:00.000Z;0.180
1982-06-20T00:00:00.000Z;0.165
1982-06-21T00:00:00.000Z;0.155
1982-06-22T00:00:00.000Z;0.150
1982-06-23T00:00:00.000Z;0.145
1982-06-24T00:00:00.000Z;0.140
1982-06-25T00:00:00.000Z;0.135
1982-06-26T00:00:00.000Z;0.133
1982-06-27T00:00:00.000Z;0.130
1982-06-28T00:00:00.000Z;0.125
1982-06-29T00:00:00.000Z;0.123
1982-06-30T00:00:00.000Z;0.120
1982-07-01T00:00:00.000Z;0.118
1982-07-02T00:00:00.000Z;0.115
1982-07-03T00:00:00.000Z;0.112
1982-07-04T00:00:00.000Z;0.110
1982-07-05T00:00:00.000Z;0.108
1982-07-06T00:00:00.000Z;0.105
1982-07-07T00:00:00.000Z;0.103
1982-07-08T00:00:00.000Z;0.100
1982-07-09T00:00:00.000Z;0.0990
1982-07-10T00:00:00.000Z;0.0980
1982-07-11T00:00:00.000Z;0.0970
1982-07-12T00:00:00.000Z;0.0960
1982-07-13T00:00:00.000Z;0.0950
1982-07-14T00:00:00.000Z;0.0940
1982-07-15T00:00:00.000Z;0.0930
1982-07-16T00:00:00.000Z;0.0910
1982-07-17T00:00:00.000Z;0.0900
1982-07-18T00:00:00.000Z;0.0890
1982-07-19T00:00:00.000Z;0.0880
1982-07-20T00:00:00.000Z;0.0870
1982-07-21T00:00:00.000Z;0.0860
1982-07-22T00:00:00.000Z;0.0850
1982-07-23T00:00:00.000Z;0.0840
1982-07-24T00:00:00.000Z;0.0830
1982-07-25T00:00:00.000Z;0.0820
1982-07-26T00:00:00.000Z;0.0820
1982-07-27T00:00:00.000Z;0.0810
1982-07-28T00:00:00.000Z;0.0800
1982-07-29T00:00:00.000Z;0.0950
1982-07-30T00:00:00.000Z;0.185
1982-07-31T00:00:00.000Z;0.160
1982-08-01T00:00:00.000Z;0.120
1982-08-02T00:00:00.000Z;0.105
1982-08-03T00:00:00.000Z;0.110
1982-08-04T00:00:00.000Z;0.115
1982-08-05T00:00:00.000Z;0.105
1982-08-06T00:00:00.000Z;0.0980
1982-08-07T00:00:00.000Z;0.0950
1982-08-08T00:00:00.000Z;0.305
1982-08-09T00:00:00.000Z;0.370
1982-08-10T00:00:00.000Z;0.195
1982-08-11T00:00:00.000Z;0.155
1982-08-12T00:00:00.000Z;0.130
1982-08-13T00:00:00.000Z;0.115
1982-08-14T00:00:00.000Z;0.110
1982-08-15T00:00:00.000Z;0.108
1982-08-16T00:00:00.000Z;0.105
1982-08-17T00:00:00.000Z;0.103
1982-08-18T00:00:00.000Z;0.100
1982-08-19T00:00:00.000Z;0.0980
1982-08-20T00:00:00.000Z;0.0950
1982-08-21T00:00:00.000Z;0.145
1982-08-22T00:00:00.000Z;0.195
1982-08-23T00:00:00.000Z;0.125
1982-08-24T00:00:00.000Z;0.120
1982-08-25T00:00:00.000Z;0.125
1982-08-26T00:00:00.000Z;0.120
1982-08-27T00:00:00.000Z;0.485
1982-08-28T00:00:00.000Z;0.885
1982-08-29T00:00:00.000Z;0.330
1982-08-30T00:00:00.000Z;0.205
1982-08-31T00:00:00.000Z;0.240
1982-09-01T00:00:00.000Z;0.285
1982-09-02T00:00:00.000Z;0.205
1982-09-03T00:00:00.000Z;0.165
1982-09-04T00:00:00.000Z;0.145
1982-09-05T00:00:00.000Z;0.135
1982-09-06T00:00:00.000Z;0.125
1982-09-07T00:00:00.000Z;0.120
1982-09-08T00:00:00.000Z;0.110
1982-09-09T00:00:00.000Z;0.108
1982-09-10T00:00:00.000Z;0.105
1982-09-11T00:00:00.000Z;0.103
1982-09-12T00:00:00.000Z;0.100
1982-09-13T00:00:00.000Z;0.0950
1982-09-14T00:00:00.000Z;0.0900
1982-09-15T00:00:00.000Z;0.0880
1982-09-16T00:00:00.000Z;0.0860
1982-09-17T00:00:00.000Z;0.0850
1982-09-18T00:00:00.000Z;0.0840
1982-09-19T00:00:00.000Z;0.0830
1982-09-20T00:00:00.000Z;0.0820
1982-09-21T00:00:00.000Z;0.0820
1982-09-22T00:00:00.000Z;0.0810
1982-09-23T00:00:00.000Z;0.0800
1982-09-24T00:00:00.000Z;0.0850
1982-09-25T00:00:00.000Z;0.0800
1982-09-26T00:00:00.000Z;0.130
1982-09-27T00:00:00.000Z;0.165
1982-09-28T00:00:00.000Z;0.100
1982-09-29T00:00:00.000Z;0.0900
1982-09-30T00:00:00.000Z;0.0950
1982-10-01T00:00:00.000Z;0.110
1982-10-02T00:00:00.000Z;0.105
1982-10-03T00:00:00.000Z;0.0850
1982-10-04T00:00:00.000Z;0.0800
1982-10-05T00:00:00.000Z;0.105
1982-10-06T00:00:00.000Z;0.450
1982-10-07T00:00:00.000Z;0.465
1982-10-08T00:00:00.000Z;0.270
1982-10-09T00:00:00.000Z;0.215
1982-10-10T00:00:00.000Z;0.195
1982-10-11T00:00:00.000Z;0.165
1982-10-12T00:00:00.000Z;0.470
1982-10-13T00:00:00.000Z;Jan.92
1982-10-14T00:00:00.000Z;1.Oct
1982-10-15T00:00:00.000Z;0.810
1982-10-16T00:00:00.000Z;0.785
1982-10-17T00:00:00.000Z;0.470
1982-10-18T00:00:00.000Z;0.315
1982-10-19T00:00:00.000Z;0.295
1982-10-20T00:00:00.000Z;0.285
1982-10-21T00:00:00.000Z;0.255
1982-10-22T00:00:00.000Z;0.245
1982-10-23T00:00:00.000Z;0.775
1982-10-24T00:00:00.000Z;1.May
1982-10-25T00:00:00.000Z;0.570
1982-10-26T00:00:00.000Z;0.680
1982-10-27T00:00:00.000Z;0.730
1982-10-28T00:00:00.000Z;0.700
1982-10-29T00:00:00.000Z;0.505
1982-10-30T00:00:00.000Z;0.350
1982-10-31T00:00:00.000Z;0.310
1982-11-01T00:00:00.000Z;0.270
1982-11-02T00:00:00.000Z;0.250
1982-11-03T00:00:00.000Z;0.235
1982-11-04T00:00:00.000Z;0.215
1982-11-05T00:00:00.000Z;0.200
1982-11-06T00:00:00.000Z;0.195
1982-11-07T00:00:00.000Z;0.200
1982-11-08T00:00:00.000Z;0.230
1982-11-09T00:00:00.000Z;0.235
1982-11-10T00:00:00.000Z;0.205
1982-11-11T00:00:00.000Z;0.195
1982-11-12T00:00:00.000Z;0.190
1982-11-13T00:00:00.000Z;0.305
1982-11-14T00:00:00.000Z;0.695
1982-11-15T00:00:00.000Z;0.710
1982-11-16T00:00:00.000Z;0.915
1982-11-17T00:00:00.000Z;3.Dec
1982-11-18T00:00:00.000Z;Feb.89
1982-11-19T00:00:00.000Z;Jan.44
1982-11-20T00:00:00.000Z;0.760
1982-11-21T00:00:00.000Z;0.540
1982-11-22T00:00:00.000Z;0.420
1982-11-23T00:00:00.000Z;0.345
1982-11-24T00:00:00.000Z;0.315
1982-11-25T00:00:00.000Z;0.300
1982-11-26T00:00:00.000Z;0.285
1982-11-27T00:00:00.000Z;0.315
1982-11-28T00:00:00.000Z;0.365
1982-11-29T00:00:00.000Z;0.380
1982-11-30T00:00:00.000Z;0.385
1982-12-01T00:00:00.000Z;0.345
1982-12-02T00:00:00.000Z;0.315
1982-12-03T00:00:00.000Z;0.300
1982-12-04T00:00:00.000Z;0.285
1982-12-05T00:00:00.000Z;0.280
1982-12-06T00:00:00.000Z;0.365
1982-12-07T00:00:00.000Z;Feb.81
1982-12-08T00:00:00.000Z;Jan.99
1982-12-09T00:00:00.000Z;1.Jan
1982-12-10T00:00:00.000Z;0.690
1982-12-11T00:00:00.000Z;Jan.63
1982-12-12T00:00:00.000Z;Feb.58
1982-12-13T00:00:00.000Z;Mar.49
1982-12-14T00:00:00.000Z;Mar.20
1982-12-15T00:00:00.000Z;Feb.34
1982-12-16T00:00:00.000Z;Feb.78
1982-12-17T00:00:00.000Z;Feb.25
1982-12-18T00:00:00.000Z;Jan.84
1982-12-19T00:00:00.000Z;Jan.19
1982-12-20T00:00:00.000Z;0.885
1982-12-21T00:00:00.000Z;Jan.22
1982-12-22T00:00:00.000Z;1.Oct
1982-12-23T00:00:00.000Z;0.810
1982-12-24T00:00:00.000Z;0.625
1982-12-25T00:00:00.000Z;Feb.13
1982-12-26T00:00:00.000Z;Feb.27
1982-12-27T00:00:00.000Z;Jan.67
1982-12-28T00:00:00.000Z;Jan.40
1982-12-29T00:00:00.000Z;1.Jun
1982-12-30T00:00:00.000Z;0.810
1982-12-31T00:00:00.000Z;0.630
1983-01-01T00:00:00.000Z;0.550
1983-01-02T00:00:00.000Z;0.500
1983-01-03T00:00:00.000Z;0.435
1983-01-04T00:00:00.000Z;0.385
1983-01-05T00:00:00.000Z;0.360
1983-01-06T00:00:00.000Z;0.345
1983-01-07T00:00:00.000Z;0.360
1983-01-08T00:00:00.000Z;0.400
1983-01-09T00:00:00.000Z;0.335
1983-01-10T00:00:00.000Z;0.310
1983-01-11T00:00:00.000Z;0.285
1983-01-12T00:00:00.000Z;0.275
1983-01-13T00:00:00.000Z;0.265
1983-01-14T00:00:00.000Z;0.290
1983-01-15T00:00:00.000Z;0.330
1983-01-16T00:00:00.000Z;0.420
1983-01-17T00:00:00.000Z;0.430
1983-01-18T00:00:00.000Z;0.370
1983-01-19T00:00:00.000Z;0.315
1983-01-20T00:00:00.000Z;0.285
1983-01-21T00:00:00.000Z;0.270
1983-01-22T00:00:00.000Z;0.255
1983-01-23T00:00:00.000Z;0.240
1983-01-24T00:00:00.000Z;0.225
1983-01-25T00:00:00.000Z;0.220
1983-01-26T00:00:00.000Z;0.210
1983-01-27T00:00:00.000Z;0.205
1983-01-28T00:00:00.000Z;0.200
1983-01-29T00:00:00.000Z;0.195
1983-01-30T00:00:00.000Z;0.190
1983-01-31T00:00:00.000Z;0.185
1983-02-01T00:00:00.000Z;0.180
1983-02-02T00:00:00.000Z;0.220
1983-02-03T00:00:00.000Z;0.280
1983-02-04T00:00:00.000Z;0.290
1983-02-05T00:00:00.000Z;0.355
1983-02-06T00:00:00.000Z;1.May
1983-02-07T00:00:00.000Z;Jan.28
1983-02-08T00:00:00.000Z;0.755
1983-02-09T00:00:00.000Z;0.560
1983-02-10T00:00:00.000Z;0.470
1983-02-11T00:00:00.000Z;0.400
1983-02-12T00:00:00.000Z;0.360
1983-02-13T00:00:00.000Z;0.335
1983-02-14T00:00:00.000Z;0.310
1983-02-15T00:00:00.000Z;0.305
1983-02-16T00:00:00.000Z;0.295
1983-02-17T00:00:00.000Z;0.290
1983-02-18T00:00:00.000Z;0.410
1983-02-19T00:00:00.000Z;0.515
1983-02-20T00:00:00.000Z;0.615
1983-02-21T00:00:00.000Z;0.645
1983-02-22T00:00:00.000Z;0.680
1983-02-23T00:00:00.000Z;0.770
1983-02-24T00:00:00.000Z;0.755
1983-02-25T00:00:00.000Z;0.650
1983-02-26T00:00:00.000Z;0.590
1983-02-27T00:00:00.000Z;0.730
1983-02-28T00:00:00.000Z;0.925
1983-03-01T00:00:00.000Z;Feb.88
1983-03-02T00:00:00.000Z;Feb.54
1983-03-03T00:00:00.000Z;Jan.56
1983-03-04T00:00:00.000Z;Jan.15
1983-03-05T00:00:00.000Z;0.830
1983-03-06T00:00:00.000Z;0.630
1983-03-07T00:00:00.000Z;0.520
1983-03-08T00:00:00.000Z;0.465
1983-03-09T00:00:00.000Z;0.390
1983-03-10T00:00:00.000Z;0.350
1983-03-11T00:00:00.000Z;0.330
1983-03-12T00:00:00.000Z;0.295
1983-03-13T00:00:00.000Z;0.280
1983-03-14T00:00:00.000Z;0.270
1983-03-15T00:00:00.000Z;0.285
1983-03-16T00:00:00.000Z;0.385
1983-03-17T00:00:00.000Z;0.425
1983-03-18T00:00:00.000Z;0.690
1983-03-19T00:00:00.000Z;0.830
1983-03-20T00:00:00.000Z;0.575
1983-03-21T00:00:00.000Z;0.450
1983-03-22T00:00:00.000Z;0.360
1983-03-23T00:00:00.000Z;0.330
1983-03-24T00:00:00.000Z;0.325
1983-03-25T00:00:00.000Z;0.385
1983-03-26T00:00:00.000Z;Jan.84
1983-03-27T00:00:00.000Z;Feb.59
1983-03-28T00:00:00.000Z;Jan.80
1983-03-29T00:00:00.000Z;Jan.41
1983-03-30T00:00:00.000Z;1.Dec
1983-03-31T00:00:00.000Z;0.945
1983-04-01T00:00:00.000Z;Jan.23
1983-04-02T00:00:00.000Z;Jan.41
1983-04-03T00:00:00.000Z;Jan.14
1983-04-04T00:00:00.000Z;1.Mar
1983-04-05T00:00:00.000Z;1.Nov
1983-04-06T00:00:00.000Z;Jan.14
1983-04-07T00:00:00.000Z;1.Aug
1983-04-08T00:00:00.000Z;0.935
1983-04-09T00:00:00.000Z;0.740
1983-04-10T00:00:00.000Z;0.545
1983-04-11T00:00:00.000Z;0.460
1983-04-12T00:00:00.000Z;0.400
1983-04-13T00:00:00.000Z;0.370
1983-04-14T00:00:00.000Z;0.420
1983-04-15T00:00:00.000Z;0.395
1983-04-16T00:00:00.000Z;0.375
1983-04-17T00:00:00.000Z;0.360
1983-04-18T00:00:00.000Z;0.340
1983-04-19T00:00:00.000Z;0.390
1983-04-20T00:00:00.000Z;0.365
1983-04-21T00:00:00.000Z;0.330
1983-04-22T00:00:00.000Z;0.310
1983-04-23T00:00:00.000Z;0.290
1983-04-24T00:00:00.000Z;0.270
1983-04-25T00:00:00.000Z;0.260
1983-04-26T00:00:00.000Z;0.245
1983-04-27T00:00:00.000Z;0.240
1983-04-28T00:00:00.000Z;0.230
1983-04-29T00:00:00.000Z;0.220
1983-04-30T00:00:00.000Z;0.215
1983-05-01T00:00:00.000Z;0.210
1983-05-02T00:00:00.000Z;0.205
1983-05-03T00:00:00.000Z;0.195
1983-05-04T00:00:00.000Z;0.185
1983-05-05T00:00:00.000Z;0.180
1983-05-06T00:00:00.000Z;0.175
1983-05-07T00:00:00.000Z;0.170
1983-05-08T00:00:00.000Z;0.170
1983-05-09T00:00:00.000Z;0.170
1983-05-10T00:00:00.000Z;0.170
1983-05-11T00:00:00.000Z;0.180
1983-05-12T00:00:00.000Z;0.180
1983-05-13T00:00:00.000Z;0.165
1983-05-14T00:00:00.000Z;0.160
1983-05-15T00:00:00.000Z;0.170
1983-05-16T00:00:00.000Z;0.185
1983-05-17T00:00:00.000Z;0.175
1983-05-18T00:00:00.000Z;0.155
1983-05-19T00:00:00.000Z;0.150
1983-05-20T00:00:00.000Z;0.145
1983-05-21T00:00:00.000Z;0.235
1983-05-22T00:00:00.000Z;0.525
1983-05-23T00:00:00.000Z;0.530
1983-05-24T00:00:00.000Z;0.335
1983-05-25T00:00:00.000Z;0.255
1983-05-26T00:00:00.000Z;0.260
1983-05-27T00:00:00.000Z;0.280
1983-05-28T00:00:00.000Z;0.200
1983-05-29T00:00:00.000Z;0.370
1983-05-30T00:00:00.000Z;0.395
1983-05-31T00:00:00.000Z;0.295
1983-06-01T00:00:00.000Z;0.255
1983-06-02T00:00:00.000Z;0.230
1983-06-03T00:00:00.000Z;0.200
1983-06-04T00:00:00.000Z;0.180
1983-06-05T00:00:00.000Z;0.170
1983-06-06T00:00:00.000Z;0.160
1983-06-07T00:00:00.000Z;0.155
1983-06-08T00:00:00.000Z;0.150
1983-06-09T00:00:00.000Z;0.145
1983-06-10T00:00:00.000Z;0.140
1983-06-11T00:00:00.000Z;0.135
1983-06-12T00:00:00.000Z;0.130
1983-06-13T00:00:00.000Z;0.125
1983-06-14T00:00:00.000Z;0.123
1983-06-15T00:00:00.000Z;0.120
1983-06-16T00:00:00.000Z;0.118
1983-06-17T00:00:00.000Z;0.115
1983-06-18T00:00:00.000Z;0.113
1983-06-19T00:00:00.000Z;0.112
1983-06-20T00:00:00.000Z;0.110
1983-06-21T00:00:00.000Z;0.108
1983-06-22T00:00:00.000Z;0.106
1983-06-23T00:00:00.000Z;0.104
1983-06-24T00:00:00.000Z;0.103
1983-06-25T00:00:00.000Z;0.102
1983-06-26T00:00:00.000Z;0.100
1983-06-27T00:00:00.000Z;0.105
1983-06-28T00:00:00.000Z;0.140
1983-06-29T00:00:00.000Z;0.155
1983-06-30T00:00:00.000Z;0.120
1983-07-01T00:00:00.000Z;0.110
1983-07-02T00:00:00.000Z;0.105
1983-07-03T00:00:00.000Z;0.100
1983-07-04T00:00:00.000Z;0.100
1983-07-05T00:00:00.000Z;0.105
1983-07-06T00:00:00.000Z;0.110
1983-07-07T00:00:00.000Z;0.765
1983-07-08T00:00:00.000Z;0.785
1983-07-09T00:00:00.000Z;0.225
1983-07-10T00:00:00.000Z;0.165
1983-07-11T00:00:00.000Z;0.140
1983-07-12T00:00:00.000Z;0.130
1983-07-13T00:00:00.000Z;0.125
1983-07-14T00:00:00.000Z;0.115
1983-07-15T00:00:00.000Z;0.0950
1983-07-16T00:00:00.000Z;0.0850
1983-07-17T00:00:00.000Z;0.0800
1983-07-18T00:00:00.000Z;0.0790
1983-07-19T00:00:00.000Z;0.0780
1983-07-20T00:00:00.000Z;0.0770
1983-07-21T00:00:00.000Z;0.0770
1983-07-22T00:00:00.000Z;0.0760
1983-07-23T00:00:00.000Z;0.0750
1983-07-24T00:00:00.000Z;0.0740
1983-07-25T00:00:00.000Z;0.0730
1983-07-26T00:00:00.000Z;0.0720
1983-07-27T00:00:00.000Z;0.0720
1983-07-28T00:00:00.000Z;0.0710
1983-07-29T00:00:00.000Z;0.0700
1983-07-30T00:00:00.000Z;0.0690
1983-07-31T00:00:00.000Z;0.0680
1983-08-01T00:00:00.000Z;0.0680
1983-08-02T00:00:00.000Z;0.0670
1983-08-03T00:00:00.000Z;0.0660
1983-08-04T00:00:00.000Z;0.0660
1983-08-05T00:00:00.000Z;0.0650
1983-08-06T00:00:00.000Z;0.0640
1983-08-07T00:00:00.000Z;0.0630
1983-08-08T00:00:00.000Z;0.0630
1983-08-09T00:00:00.000Z;0.0620
1983-08-10T00:00:00.000Z;0.0610
1983-08-11T00:00:00.000Z;0.0610
1983-08-12T00:00:00.000Z;0.0600
1983-08-13T00:00:00.000Z;0.0650
1983-08-14T00:00:00.000Z;0.0620
1983-08-15T00:00:00.000Z;0.0610
1983-08-16T00:00:00.000Z;0.0600
1983-08-17T00:00:00.000Z;0.0650
1983-08-18T00:00:00.000Z;0.0620
1983-08-19T00:00:00.000Z;0.0580
1983-08-20T00:00:00.000Z;0.0560
1983-08-21T00:00:00.000Z;0.0550
1983-08-22T00:00:00.000Z;0.110
1983-08-23T00:00:00.000Z;0.190
1983-08-24T00:00:00.000Z;0.495
1983-08-25T00:00:00.000Z;0.360
1983-08-26T00:00:00.000Z;0.190
1983-08-27T00:00:00.000Z;0.970
1983-08-28T00:00:00.000Z;0.885
1983-08-29T00:00:00.000Z;0.935
1983-08-30T00:00:00.000Z;0.595
1983-08-31T00:00:00.000Z;0.270
1983-09-01T00:00:00.000Z;0.210
1983-09-02T00:00:00.000Z;0.185
1983-09-03T00:00:00.000Z;0.180
1983-09-04T00:00:00.000Z;0.175
1983-09-05T00:00:00.000Z;0.150
1983-09-06T00:00:00.000Z;0.135
1983-09-07T00:00:00.000Z;0.125
1983-09-08T00:00:00.000Z;0.120
1983-09-09T00:00:00.000Z;0.110
1983-09-10T00:00:00.000Z;0.105
1983-09-11T00:00:00.000Z;0.103
1983-09-12T00:00:00.000Z;0.100
1983-09-13T00:00:00.000Z;0.0980
1983-09-14T00:00:00.000Z;0.0950
1983-09-15T00:00:00.000Z;0.0930
1983-09-16T00:00:00.000Z;0.0900
1983-09-17T00:00:00.000Z;0.0850
1983-09-18T00:00:00.000Z;0.0800
1983-09-19T00:00:00.000Z;0.0790
1983-09-20T00:00:00.000Z;0.0780
1983-09-21T00:00:00.000Z;0.0770
1983-09-22T00:00:00.000Z;0.0770
1983-09-23T00:00:00.000Z;0.0760
1983-09-24T00:00:00.000Z;0.0750
1983-09-25T00:00:00.000Z;0.0740
1983-09-26T00:00:00.000Z;0.0730
1983-09-27T00:00:00.000Z;0.0720
1983-09-28T00:00:00.000Z;0.0720
1983-09-29T00:00:00.000Z;0.0710
1983-09-30T00:00:00.000Z;0.0700
1983-10-01T00:00:00.000Z;0.0690
1983-10-02T00:00:00.000Z;0.0680
1983-10-03T00:00:00.000Z;0.0680
1983-10-04T00:00:00.000Z;0.0670
1983-10-05T00:00:00.000Z;0.0660
1983-10-06T00:00:00.000Z;0.0660
1983-10-07T00:00:00.000Z;0.0650
1983-10-08T00:00:00.000Z;0.120
1983-10-09T00:00:00.000Z;0.185
1983-10-10T00:00:00.000Z;0.125
1983-10-11T00:00:00.000Z;0.105
1983-10-12T00:00:00.000Z;0.115
1983-10-13T00:00:00.000Z;0.110
1983-10-14T00:00:00.000Z;0.105
1983-10-15T00:00:00.000Z;0.100
1983-10-16T00:00:00.000Z;0.100
1983-10-17T00:00:00.000Z;0.220
1983-10-18T00:00:00.000Z;0.245
1983-10-19T00:00:00.000Z;0.180
1983-10-20T00:00:00.000Z;0.140
1983-10-21T00:00:00.000Z;0.125
1983-10-22T00:00:00.000Z;0.120
1983-10-23T00:00:00.000Z;0.105
1983-10-24T00:00:00.000Z;0.100
1983-10-25T00:00:00.000Z;0.0980
1983-10-26T00:00:00.000Z;0.0950
1983-10-27T00:00:00.000Z;0.0930
1983-10-28T00:00:00.000Z;0.0900
1983-10-29T00:00:00.000Z;0.0900
1983-10-30T00:00:00.000Z;0.160
1983-10-31T00:00:00.000Z;0.330
1983-11-01T00:00:00.000Z;0.305
1983-11-02T00:00:00.000Z;0.325
1983-11-03T00:00:00.000Z;0.250
1983-11-04T00:00:00.000Z;0.195
1983-11-05T00:00:00.000Z;0.155
1983-11-06T00:00:00.000Z;0.140
1983-11-07T00:00:00.000Z;0.135
1983-11-08T00:00:00.000Z;0.130
1983-11-09T00:00:00.000Z;0.120
1983-11-10T00:00:00.000Z;0.115
1983-11-11T00:00:00.000Z;0.450
1983-11-12T00:00:00.000Z;0.435
1983-11-13T00:00:00.000Z;0.220
1983-11-14T00:00:00.000Z;0.180
1983-11-15T00:00:00.000Z;0.150
1983-11-16T00:00:00.000Z;0.135
1983-11-17T00:00:00.000Z;0.130
1983-11-18T00:00:00.000Z;0.120
1983-11-19T00:00:00.000Z;0.110
1983-11-20T00:00:00.000Z;0.105
1983-11-21T00:00:00.000Z;0.103
1983-11-22T00:00:00.000Z;0.0980
1983-11-23T00:00:00.000Z;0.0950
1983-11-24T00:00:00.000Z;0.0930
1983-11-25T00:00:00.000Z;0.0880
1983-11-26T00:00:00.000Z;0.0850
1983-11-27T00:00:00.000Z;0.105
1983-11-28T00:00:00.000Z;Jan.14
1983-11-29T00:00:00.000Z;0.830
1983-11-30T00:00:00.000Z;0.470
1983-12-01T00:00:00.000Z;0.305
1983-12-02T00:00:00.000Z;0.245
1983-12-03T00:00:00.000Z;0.220
1983-12-04T00:00:00.000Z;0.200
1983-12-05T00:00:00.000Z;0.180
1983-12-06T00:00:00.000Z;0.155
1983-12-07T00:00:00.000Z;0.140
1983-12-08T00:00:00.000Z;0.135
1983-12-09T00:00:00.000Z;0.130
1983-12-10T00:00:00.000Z;0.125
1983-12-11T00:00:00.000Z;0.120
1983-12-12T00:00:00.000Z;0.125
1983-12-13T00:00:00.000Z;0.260
1983-12-14T00:00:00.000Z;0.305
1983-12-15T00:00:00.000Z;0.330
1983-12-16T00:00:00.000Z;0.370
1983-12-17T00:00:00.000Z;0.500
1983-12-18T00:00:00.000Z;0.430
1983-12-19T00:00:00.000Z;0.400
1983-12-20T00:00:00.000Z;0.395
1983-12-21T00:00:00.000Z;0.745
1983-12-22T00:00:00.000Z;Jan.20
1983-12-23T00:00:00.000Z;1.Apr
1983-12-24T00:00:00.000Z;0.670
1983-12-25T00:00:00.000Z;0.450
1983-12-26T00:00:00.000Z;0.325
1983-12-27T00:00:00.000Z;0.270
1983-12-28T00:00:00.000Z;0.245
1983-12-29T00:00:00.000Z;0.225
1983-12-30T00:00:00.000Z;0.205
1983-12-31T00:00:00.000Z;0.190
1984-01-01T00:00:00.000Z;0.175
1984-01-02T00:00:00.000Z;0.165
1984-01-03T00:00:00.000Z;0.160
1984-01-04T00:00:00.000Z;0.200
1984-01-05T00:00:00.000Z;0.225
1984-01-06T00:00:00.000Z;0.470
1984-01-07T00:00:00.000Z;Jan.92
1984-01-08T00:00:00.000Z;Jan.53
1984-01-09T00:00:00.000Z;0.955
1984-01-10T00:00:00.000Z;0.635
1984-01-11T00:00:00.000Z;0.525
1984-01-12T00:00:00.000Z;0.595
1984-01-13T00:00:00.000Z;1.Apr
1984-01-14T00:00:00.000Z;Jan.23
1984-01-15T00:00:00.000Z;Jan.47
1984-01-16T00:00:00.000Z;Jan.56
1984-01-17T00:00:00.000Z;0.900
1984-01-18T00:00:00.000Z;0.805
1984-01-19T00:00:00.000Z;0.825
1984-01-20T00:00:00.000Z;0.985
1984-01-21T00:00:00.000Z;0.670
1984-01-22T00:00:00.000Z;0.910
1984-01-23T00:00:00.000Z;Jan.21
1984-01-24T00:00:00.000Z;Feb.81
1984-01-25T00:00:00.000Z;Feb.24
1984-01-26T00:00:00.000Z;Jan.41
1984-01-27T00:00:00.000Z;0.970
1984-01-28T00:00:00.000Z;0.790
1984-01-29T00:00:00.000Z;0.710
1984-01-30T00:00:00.000Z;0.840
1984-01-31T00:00:00.000Z;Jan.76
1984-02-01T00:00:00.000Z;Mar.29
1984-02-02T00:00:00.000Z;Mar.61
1984-02-03T00:00:00.000Z;Feb.82
1984-02-04T00:00:00.000Z;Apr.74
1984-02-05T00:00:00.000Z;Mar.40
1984-02-06T00:00:00.000Z;Feb.86
1984-02-07T00:00:00.000Z;Jan.93
1984-02-08T00:00:00.000Z;Jan.35
1984-02-09T00:00:00.000Z;Jan.44
1984-02-10T00:00:00.000Z;Jan.53
1984-02-11T00:00:00.000Z;1.May
1984-02-12T00:00:00.000Z;0.795
1984-02-13T00:00:00.000Z;0.650
1984-02-14T00:00:00.000Z;0.550
1984-02-15T00:00:00.000Z;0.485
1984-02-16T00:00:00.000Z;0.435
1984-02-17T00:00:00.000Z;0.390
1984-02-18T00:00:00.000Z;0.355
1984-02-19T00:00:00.000Z;0.330
1984-02-20T00:00:00.000Z;0.310
1984-02-21T00:00:00.000Z;0.290
1984-02-22T00:00:00.000Z;0.270
1984-02-23T00:00:00.000Z;0.260
1984-02-24T00:00:00.000Z;0.255
1984-02-25T00:00:00.000Z;0.250
1984-02-26T00:00:00.000Z;0.245
1984-02-27T00:00:00.000Z;0.275
1984-02-28T00:00:00.000Z;0.315
1984-02-29T00:00:00.000Z;0.300
1984-03-01T00:00:00.000Z;0.300
1984-03-02T00:00:00.000Z;0.315
1984-03-03T00:00:00.000Z;0.535
1984-03-04T00:00:00.000Z;0.555
1984-03-05T00:00:00.000Z;0.465
1984-03-06T00:00:00.000Z;0.575
1984-03-07T00:00:00.000Z;0.710
1984-03-08T00:00:00.000Z;0.775
1984-03-09T00:00:00.000Z;0.630
1984-03-10T00:00:00.000Z;0.510
1984-03-11T00:00:00.000Z;0.425
1984-03-12T00:00:00.000Z;0.370
1984-03-13T00:00:00.000Z;0.370
1984-03-14T00:00:00.000Z;0.370
1984-03-15T00:00:00.000Z;0.365
1984-03-16T00:00:00.000Z;0.370
1984-03-17T00:00:00.000Z;0.370
1984-03-18T00:00:00.000Z;0.445
1984-03-19T00:00:00.000Z;0.535
1984-03-20T00:00:00.000Z;0.510
1984-03-21T00:00:00.000Z;0.480
1984-03-22T00:00:00.000Z;0.475
1984-03-23T00:00:00.000Z;0.480
1984-03-24T00:00:00.000Z;0.485
1984-03-25T00:00:00.000Z;0.480
1984-03-26T00:00:00.000Z;0.425
1984-03-27T00:00:00.000Z;0.350
1984-03-28T00:00:00.000Z;0.390
1984-03-29T00:00:00.000Z;0.450
1984-03-30T00:00:00.000Z;0.445
1984-03-31T00:00:00.000Z;0.430
1984-04-01T00:00:00.000Z;0.595
1984-04-02T00:00:00.000Z;Jan.82
1984-04-03T00:00:00.000Z;Jan.49
1984-04-04T00:00:00.000Z;0.900
1984-04-05T00:00:00.000Z;Jan.36
1984-04-06T00:00:00.000Z;Feb.27
1984-04-07T00:00:00.000Z;Jan.36
1984-04-08T00:00:00.000Z;0.835
1984-04-09T00:00:00.000Z;0.640
1984-04-10T00:00:00.000Z;0.545
1984-04-11T00:00:00.000Z;0.475
1984-04-12T00:00:00.000Z;0.400
1984-04-13T00:00:00.000Z;0.360
1984-04-14T00:00:00.000Z;0.335
1984-04-15T00:00:00.000Z;0.305
1984-04-16T00:00:00.000Z;0.280
1984-04-17T00:00:00.000Z;0.265
1984-04-18T00:00:00.000Z;0.255
1984-04-19T00:00:00.000Z;0.245
1984-04-20T00:00:00.000Z;0.235
1984-04-21T00:00:00.000Z;0.225
1984-04-22T00:00:00.000Z;0.205
1984-04-23T00:00:00.000Z;0.195
1984-04-24T00:00:00.000Z;0.190
1984-04-25T00:00:00.000Z;0.185
1984-04-26T00:00:00.000Z;0.180
1984-04-27T00:00:00.000Z;0.175
1984-04-28T00:00:00.000Z;0.175
1984-04-29T00:00:00.000Z;0.175
1984-04-30T00:00:00.000Z;0.170
1984-05-01T00:00:00.000Z;0.170
1984-05-02T00:00:00.000Z;0.160
1984-05-03T00:00:00.000Z;0.155
1984-05-04T00:00:00.000Z;0.150
1984-05-05T00:00:00.000Z;0.145
1984-05-06T00:00:00.000Z;0.140
1984-05-07T00:00:00.000Z;0.145
1984-05-08T00:00:00.000Z;0.150
1984-05-09T00:00:00.000Z;0.145
1984-05-10T00:00:00.000Z;0.140
1984-05-11T00:00:00.000Z;0.135
1984-05-12T00:00:00.000Z;0.130
1984-05-13T00:00:00.000Z;0.135
1984-05-14T00:00:00.000Z;0.140
1984-05-15T00:00:00.000Z;0.215
1984-05-16T00:00:00.000Z;0.690
1984-05-17T00:00:00.000Z;0.765
1984-05-18T00:00:00.000Z;0.625
1984-05-19T00:00:00.000Z;0.445
1984-05-20T00:00:00.000Z;0.360
1984-05-21T00:00:00.000Z;0.270
1984-05-22T00:00:00.000Z;0.290
1984-05-23T00:00:00.000Z;0.390
1984-05-24T00:00:00.000Z;0.355
1984-05-25T00:00:00.000Z;0.825
1984-05-26T00:00:00.000Z;Jan.24
1984-05-27T00:00:00.000Z;Jan.46
1984-05-28T00:00:00.000Z;1.Apr
1984-05-29T00:00:00.000Z;0.595
1984-05-30T00:00:00.000Z;0.480
1984-05-31T00:00:00.000Z;0.415
1984-06-01T00:00:00.000Z;0.335
1984-06-02T00:00:00.000Z;0.290
1984-06-03T00:00:00.000Z;0.415
1984-06-04T00:00:00.000Z;0.870
1984-06-05T00:00:00.000Z;Jan.70
1984-06-06T00:00:00.000Z;Jan.73
1984-06-07T00:00:00.000Z;1.Jun
1984-06-08T00:00:00.000Z;0.675
1984-06-09T00:00:00.000Z;0.520
1984-06-10T00:00:00.000Z;0.450
1984-06-11T00:00:00.000Z;5.Nov
1984-06-12T00:00:00.000Z;Feb.93
1984-06-13T00:00:00.000Z;Jan.78
1984-06-14T00:00:00.000Z;0.915
1984-06-15T00:00:00.000Z;0.565
1984-06-16T00:00:00.000Z;0.465
1984-06-17T00:00:00.000Z;0.400
1984-06-18T00:00:00.000Z;0.355
1984-06-19T00:00:00.000Z;0.315
1984-06-20T00:00:00.000Z;0.280
1984-06-21T00:00:00.000Z;0.265
1984-06-22T00:00:00.000Z;0.280
1984-06-23T00:00:00.000Z;0.240
1984-06-24T00:00:00.000Z;0.210
1984-06-25T00:00:00.000Z;0.200
1984-06-26T00:00:00.000Z;0.195
1984-06-27T00:00:00.000Z;0.190
1984-06-28T00:00:00.000Z;0.185
1984-06-29T00:00:00.000Z;0.180
1984-06-30T00:00:00.000Z;0.185
1984-07-01T00:00:00.000Z;0.175
1984-07-02T00:00:00.000Z;0.170
1984-07-03T00:00:00.000Z;0.165
1984-07-04T00:00:00.000Z;0.160
1984-07-05T00:00:00.000Z;0.158
1984-07-06T00:00:00.000Z;0.155
1984-07-07T00:00:00.000Z;0.153
1984-07-08T00:00:00.000Z;0.150
1984-07-09T00:00:00.000Z;0.145
1984-07-10T00:00:00.000Z;0.143
1984-07-11T00:00:00.000Z;0.140
1984-07-12T00:00:00.000Z;0.138
1984-07-13T00:00:00.000Z;0.135
1984-07-14T00:00:00.000Z;0.132
1984-07-15T00:00:00.000Z;0.130
1984-07-16T00:00:00.000Z;0.128
1984-07-17T00:00:00.000Z;0.127
1984-07-18T00:00:00.000Z;0.126
1984-07-19T00:00:00.000Z;0.125
1984-07-20T00:00:00.000Z;0.124
1984-07-21T00:00:00.000Z;0.122
1984-07-22T00:00:00.000Z;0.121
1984-07-23T00:00:00.000Z;0.120
1984-07-24T00:00:00.000Z;0.118
1984-07-25T00:00:00.000Z;0.117
1984-07-26T00:00:00.000Z;0.116
1984-07-27T00:00:00.000Z;0.115
1984-07-28T00:00:00.000Z;0.113
1984-07-29T00:00:00.000Z;0.112
1984-07-30T00:00:00.000Z;0.111
1984-07-31T00:00:00.000Z;0.110
1984-08-01T00:00:00.000Z;0.108
1984-08-02T00:00:00.000Z;0.107
1984-08-03T00:00:00.000Z;0.106
1984-08-04T00:00:00.000Z;0.105
1984-08-05T00:00:00.000Z;0.104
1984-08-06T00:00:00.000Z;0.103
1984-08-07T00:00:00.000Z;0.102
1984-08-08T00:00:00.000Z;0.101
1984-08-09T00:00:00.000Z;0.125
1984-08-10T00:00:00.000Z;0.590
1984-08-11T00:00:00.000Z;0.595
1984-08-12T00:00:00.000Z;0.205
1984-08-13T00:00:00.000Z;0.155
1984-08-14T00:00:00.000Z;0.135
1984-08-15T00:00:00.000Z;0.125
1984-08-16T00:00:00.000Z;0.115
1984-08-17T00:00:00.000Z;0.113
1984-08-18T00:00:00.000Z;0.112
1984-08-19T00:00:00.000Z;0.111
1984-08-20T00:00:00.000Z;0.110
1984-08-21T00:00:00.000Z;0.108
1984-08-22T00:00:00.000Z;0.107
1984-08-23T00:00:00.000Z;0.106
1984-08-24T00:00:00.000Z;0.106
1984-08-25T00:00:00.000Z;0.103
1984-08-26T00:00:00.000Z;0.103
1984-08-27T00:00:00.000Z;0.140
1984-08-28T00:00:00.000Z;0.395
1984-08-29T00:00:00.000Z;0.365
1984-08-30T00:00:00.000Z;0.215
1984-08-31T00:00:00.000Z;0.160
1984-09-01T00:00:00.000Z;0.140
1984-09-02T00:00:00.000Z;0.130
1984-09-03T00:00:00.000Z;0.125
1984-09-04T00:00:00.000Z;0.120
1984-09-05T00:00:00.000Z;0.125
1984-09-06T00:00:00.000Z;0.220
1984-09-07T00:00:00.000Z;0.225
1984-09-08T00:00:00.000Z;0.160
1984-09-09T00:00:00.000Z;0.145
1984-09-10T00:00:00.000Z;0.140
1984-09-11T00:00:00.000Z;0.165
1984-09-12T00:00:00.000Z;0.155
1984-09-13T00:00:00.000Z;0.140
1984-09-14T00:00:00.000Z;0.135
1984-09-15T00:00:00.000Z;0.145
1984-09-16T00:00:00.000Z;0.180
1984-09-17T00:00:00.000Z;0.170
1984-09-18T00:00:00.000Z;0.290
1984-09-19T00:00:00.000Z;1.Apr
1984-09-20T00:00:00.000Z;0.815
1984-09-21T00:00:00.000Z;0.365
1984-09-22T00:00:00.000Z;0.285
1984-09-23T00:00:00.000Z;0.305
1984-09-24T00:00:00.000Z;1.May
1984-09-25T00:00:00.000Z;Jan.70
1984-09-26T00:00:00.000Z;1.Oct
1984-09-27T00:00:00.000Z;0.590
1984-09-28T00:00:00.000Z;0.365
1984-09-29T00:00:00.000Z;Jan.27
1984-09-30T00:00:00.000Z;Apr.94
1984-10-01T00:00:00.000Z;Feb.67
1984-10-02T00:00:00.000Z;Jan.48
1984-10-03T00:00:00.000Z;0.730
1984-10-04T00:00:00.000Z;0.495
1984-10-05T00:00:00.000Z;0.390
1984-10-06T00:00:00.000Z;Jan.46
1984-10-07T00:00:00.000Z;Jan.39
1984-10-08T00:00:00.000Z;0.755
1984-10-09T00:00:00.000Z;0.480
1984-10-10T00:00:00.000Z;0.390
1984-10-11T00:00:00.000Z;0.305
1984-10-12T00:00:00.000Z;0.265
1984-10-13T00:00:00.000Z;0.240
1984-10-14T00:00:00.000Z;0.220
1984-10-15T00:00:00.000Z;0.215
1984-10-16T00:00:00.000Z;0.185
1984-10-17T00:00:00.000Z;0.175
1984-10-18T00:00:00.000Z;0.170
1984-10-19T00:00:00.000Z;0.165
1984-10-20T00:00:00.000Z;0.160
1984-10-21T00:00:00.000Z;0.155
1984-10-22T00:00:00.000Z;0.145
1984-10-23T00:00:00.000Z;0.140
1984-10-24T00:00:00.000Z;0.135
1984-10-25T00:00:00.000Z;0.135
1984-10-26T00:00:00.000Z;0.135
1984-10-27T00:00:00.000Z;0.140
1984-10-28T00:00:00.000Z;0.135
1984-10-29T00:00:00.000Z;0.130
1984-10-30T00:00:00.000Z;0.125
1984-10-31T00:00:00.000Z;0.123
1984-11-01T00:00:00.000Z;0.120
1984-11-02T00:00:00.000Z;0.118
1984-11-03T00:00:00.000Z;0.130
1984-11-04T00:00:00.000Z;0.135
1984-11-05T00:00:00.000Z;0.150
1984-11-06T00:00:00.000Z;0.205
1984-11-07T00:00:00.000Z;0.200
1984-11-08T00:00:00.000Z;0.165
1984-11-09T00:00:00.000Z;0.155
1984-11-10T00:00:00.000Z;0.150
1984-11-11T00:00:00.000Z;0.160
1984-11-12T00:00:00.000Z;0.155
1984-11-13T00:00:00.000Z;0.150
1984-11-14T00:00:00.000Z;0.145
1984-11-15T00:00:00.000Z;0.265
1984-11-16T00:00:00.000Z;0.410
1984-11-17T00:00:00.000Z;0.400
1984-11-18T00:00:00.000Z;0.405
1984-11-19T00:00:00.000Z;0.310
1984-11-20T00:00:00.000Z;0.605
1984-11-21T00:00:00.000Z;0.625
1984-11-22T00:00:00.000Z;0.440
1984-11-23T00:00:00.000Z;0.320
1984-11-24T00:00:00.000Z;0.270
1984-11-25T00:00:00.000Z;0.240
1984-11-26T00:00:00.000Z;0.235
1984-11-27T00:00:00.000Z;0.320
1984-11-28T00:00:00.000Z;0.300
1984-11-29T00:00:00.000Z;0.265
1984-11-30T00:00:00.000Z;0.250
1984-12-01T00:00:00.000Z;0.230
1984-12-02T00:00:00.000Z;0.270
1984-12-03T00:00:00.000Z;0.290
1984-12-04T00:00:00.000Z;0.425
1984-12-05T00:00:00.000Z;0.465
1984-12-06T00:00:00.000Z;0.355
1984-12-07T00:00:00.000Z;0.285
1984-12-08T00:00:00.000Z;0.260
1984-12-09T00:00:00.000Z;0.240
1984-12-10T00:00:00.000Z;0.220
1984-12-11T00:00:00.000Z;0.205
1984-12-12T00:00:00.000Z;0.195
1984-12-13T00:00:00.000Z;0.190
1984-12-14T00:00:00.000Z;0.180
1984-12-15T00:00:00.000Z;0.175
1984-12-16T00:00:00.000Z;0.170
1984-12-17T00:00:00.000Z;0.165
1984-12-18T00:00:00.000Z;0.175
1984-12-19T00:00:00.000Z;0.195
1984-12-20T00:00:00.000Z;0.260
1984-12-21T00:00:00.000Z;May.29
1984-12-22T00:00:00.000Z;Mar.35
1984-12-23T00:00:00.000Z;2.00
1984-12-24T00:00:00.000Z;Jan.21
1984-12-25T00:00:00.000Z;Jan.22
1984-12-26T00:00:00.000Z;0.885
1984-12-27T00:00:00.000Z;0.765
1984-12-28T00:00:00.000Z;0.615
1984-12-29T00:00:00.000Z;0.540
1984-12-30T00:00:00.000Z;0.485
1984-12-31T00:00:00.000Z;0.430
1985-01-01T00:00:00.000Z;1.Mar
1985-01-02T00:00:00.000Z;1.Sep
1985-01-03T00:00:00.000Z;0.775
1985-01-04T00:00:00.000Z;0.605
1985-01-05T00:00:00.000Z;0.510
1985-01-06T00:00:00.000Z;0.425
1985-01-07T00:00:00.000Z;0.340
1985-01-08T00:00:00.000Z;0.310
1985-01-09T00:00:00.000Z;0.270
1985-01-10T00:00:00.000Z;0.255
1985-01-11T00:00:00.000Z;0.245
1985-01-12T00:00:00.000Z;0.230
1985-01-13T00:00:00.000Z;0.220
1985-01-14T00:00:00.000Z;0.215
1985-01-15T00:00:00.000Z;0.200
1985-01-16T00:00:00.000Z;0.190
1985-01-17T00:00:00.000Z;0.185
1985-01-18T00:00:00.000Z;0.180
1985-01-19T00:00:00.000Z;0.175
1985-01-20T00:00:00.000Z;0.205
1985-01-21T00:00:00.000Z;0.330
1985-01-22T00:00:00.000Z;0.660
1985-01-23T00:00:00.000Z;0.930
1985-01-24T00:00:00.000Z;0.845
1985-01-25T00:00:00.000Z;0.645
1985-01-26T00:00:00.000Z;0.605
1985-01-27T00:00:00.000Z;0.695
1985-01-28T00:00:00.000Z;0.655
1985-01-29T00:00:00.000Z;0.850
1985-01-30T00:00:00.000Z;1.Mar
1985-01-31T00:00:00.000Z;0.765
1985-02-01T00:00:00.000Z;0.550
1985-02-02T00:00:00.000Z;0.460
1985-02-03T00:00:00.000Z;0.370
1985-02-04T00:00:00.000Z;0.325
1985-02-05T00:00:00.000Z;0.300
1985-02-06T00:00:00.000Z;0.270
1985-02-07T00:00:00.000Z;0.250
1985-02-08T00:00:00.000Z;0.255
1985-02-09T00:00:00.000Z;0.250
1985-02-10T00:00:00.000Z;0.245
1985-02-11T00:00:00.000Z;0.275
1985-02-12T00:00:00.000Z;Jan.58
1985-02-13T00:00:00.000Z;2.May
1985-02-14T00:00:00.000Z;Jan.74
1985-02-15T00:00:00.000Z;1.Jan
1985-02-16T00:00:00.000Z;0.620
1985-02-17T00:00:00.000Z;0.510
1985-02-18T00:00:00.000Z;0.525
1985-02-19T00:00:00.000Z;0.700
1985-02-20T00:00:00.000Z;0.550
1985-02-21T00:00:00.000Z;0.460
1985-02-22T00:00:00.000Z;0.390
1985-02-23T00:00:00.000Z;0.330
1985-02-24T00:00:00.000Z;0.300
1985-02-25T00:00:00.000Z;0.275
1985-02-26T00:00:00.000Z;0.255
1985-02-27T00:00:00.000Z;0.245
1985-02-28T00:00:00.000Z;0.235
1985-03-01T00:00:00.000Z;0.230
1985-03-02T00:00:00.000Z;0.250
1985-03-03T00:00:00.000Z;0.305
1985-03-04T00:00:00.000Z;0.410
1985-03-05T00:00:00.000Z;0.540
1985-03-06T00:00:00.000Z;0.520
1985-03-07T00:00:00.000Z;0.490
1985-03-08T00:00:00.000Z;0.470
1985-03-09T00:00:00.000Z;0.420
1985-03-10T00:00:00.000Z;0.425
1985-03-11T00:00:00.000Z;0.435
1985-03-12T00:00:00.000Z;0.580
1985-03-13T00:00:00.000Z;0.545
1985-03-14T00:00:00.000Z;0.615
1985-03-15T00:00:00.000Z;0.730
1985-03-16T00:00:00.000Z;0.725
1985-03-17T00:00:00.000Z;0.730
1985-03-18T00:00:00.000Z;0.765
1985-03-19T00:00:00.000Z;0.660
1985-03-20T00:00:00.000Z;0.580
1985-03-21T00:00:00.000Z;0.800
1985-03-22T00:00:00.000Z;Feb.13
1985-03-23T00:00:00.000Z;Feb.59
1985-03-24T00:00:00.000Z;Jan.97
1985-03-25T00:00:00.000Z;Jan.56
1985-03-26T00:00:00.000Z;Jan.50
1985-03-27T00:00:00.000Z;Jan.70
1985-03-28T00:00:00.000Z;Jan.48
1985-03-29T00:00:00.000Z;Jan.15
1985-03-30T00:00:00.000Z;Jan.14
1985-03-31T00:00:00.000Z;Jan.36
1985-04-01T00:00:00.000Z;Jan.42
1985-04-02T00:00:00.000Z;Jan.28
1985-04-03T00:00:00.000Z;1.Mar
1985-04-04T00:00:00.000Z;0.800
1985-04-05T00:00:00.000Z;0.620
1985-04-06T00:00:00.000Z;0.510
1985-04-07T00:00:00.000Z;0.475
1985-04-08T00:00:00.000Z;0.435
1985-04-09T00:00:00.000Z;0.390
1985-04-10T00:00:00.000Z;0.350
1985-04-11T00:00:00.000Z;0.335
1985-04-12T00:00:00.000Z;0.570
1985-04-13T00:00:00.000Z;0.730
1985-04-14T00:00:00.000Z;0.610
1985-04-15T00:00:00.000Z;Jan.19
1985-04-16T00:00:00.000Z;1.May
1985-04-17T00:00:00.000Z;0.810
1985-04-18T00:00:00.000Z;0.605
1985-04-19T00:00:00.000Z;0.505
1985-04-20T00:00:00.000Z;0.435
1985-04-21T00:00:00.000Z;0.375
1985-04-22T00:00:00.000Z;0.400
1985-04-23T00:00:00.000Z;0.380
1985-04-24T00:00:00.000Z;0.365
1985-04-25T00:00:00.000Z;0.335
1985-04-26T00:00:00.000Z;0.305
1985-04-27T00:00:00.000Z;0.290
1985-04-28T00:00:00.000Z;0.270
1985-04-29T00:00:00.000Z;0.255
1985-04-30T00:00:00.000Z;0.250
1985-05-01T00:00:00.000Z;0.245
1985-05-02T00:00:00.000Z;0.235
1985-05-03T00:00:00.000Z;0.230
1985-05-04T00:00:00.000Z;0.240
1985-05-05T00:00:00.000Z;0.245
1985-05-06T00:00:00.000Z;0.405
1985-05-07T00:00:00.000Z;Feb.83
1985-05-08T00:00:00.000Z;Mar.89
1985-05-09T00:00:00.000Z;Feb.39
1985-05-10T00:00:00.000Z;Jan.93
1985-05-11T00:00:00.000Z;Jan.69
1985-05-12T00:00:00.000Z;Jan.53
1985-05-13T00:00:00.000Z;Jan.37
1985-05-14T00:00:00.000Z;Jan.16
1985-05-15T00:00:00.000Z;0.960
1985-05-16T00:00:00.000Z;0.880
1985-05-17T00:00:00.000Z;Jan.46
1985-05-18T00:00:00.000Z;Feb.19
1985-05-19T00:00:00.000Z;Jan.36
1985-05-20T00:00:00.000Z;0.865
1985-05-21T00:00:00.000Z;0.725
1985-05-22T00:00:00.000Z;0.700
1985-05-23T00:00:00.000Z;0.570
1985-05-24T00:00:00.000Z;0.490
1985-05-25T00:00:00.000Z;0.445
1985-05-26T00:00:00.000Z;0.520
1985-05-27T00:00:00.000Z;0.450
1985-05-28T00:00:00.000Z;0.465
1985-05-29T00:00:00.000Z;0.495
1985-05-30T00:00:00.000Z;0.415
1985-05-31T00:00:00.000Z;0.350
1985-06-01T00:00:00.000Z;0.315
1985-06-02T00:00:00.000Z;0.300
1985-06-03T00:00:00.000Z;0.275
1985-06-04T00:00:00.000Z;0.255
1985-06-05T00:00:00.000Z;0.245
1985-06-06T00:00:00.000Z;0.250
1985-06-07T00:00:00.000Z;0.310
1985-06-08T00:00:00.000Z;0.430
1985-06-09T00:00:00.000Z;0.460
1985-06-10T00:00:00.000Z;0.350
1985-06-11T00:00:00.000Z;0.290
1985-06-12T00:00:00.000Z;0.260
1985-06-13T00:00:00.000Z;0.250
1985-06-14T00:00:00.000Z;0.245
1985-06-15T00:00:00.000Z;0.265
1985-06-16T00:00:00.000Z;0.230
1985-06-17T00:00:00.000Z;0.270
1985-06-18T00:00:00.000Z;0.255
1985-06-19T00:00:00.000Z;0.235
1985-06-20T00:00:00.000Z;0.225
1985-06-21T00:00:00.000Z;0.210
1985-06-22T00:00:00.000Z;0.245
1985-06-23T00:00:00.000Z;0.250
1985-06-24T00:00:00.000Z;0.230
1985-06-25T00:00:00.000Z;0.215
1985-06-26T00:00:00.000Z;0.200
1985-06-27T00:00:00.000Z;0.195
1985-06-28T00:00:00.000Z;0.185
1985-06-29T00:00:00.000Z;0.180
1985-06-30T00:00:00.000Z;0.170
1985-07-01T00:00:00.000Z;0.165
1985-07-02T00:00:00.000Z;0.165
1985-07-03T00:00:00.000Z;0.160
1985-07-04T00:00:00.000Z;0.155
1985-07-05T00:00:00.000Z;0.150
1985-07-06T00:00:00.000Z;0.150
1985-07-07T00:00:00.000Z;0.145
1985-07-08T00:00:00.000Z;0.140
1985-07-09T00:00:00.000Z;0.139
1985-07-10T00:00:00.000Z;0.138
1985-07-11T00:00:00.000Z;0.136
1985-07-12T00:00:00.000Z;0.135
1985-07-13T00:00:00.000Z;0.134
1985-07-14T00:00:00.000Z;0.133
1985-07-15T00:00:00.000Z;0.132
1985-07-16T00:00:00.000Z;0.131
1985-07-17T00:00:00.000Z;0.129
1985-07-18T00:00:00.000Z;0.128
1985-07-19T00:00:00.000Z;0.127
1985-07-20T00:00:00.000Z;0.126
1985-07-21T00:00:00.000Z;0.125
1985-07-22T00:00:00.000Z;0.124
1985-07-23T00:00:00.000Z;0.123
1985-07-24T00:00:00.000Z;0.122
1985-07-25T00:00:00.000Z;0.121
1985-07-26T00:00:00.000Z;0.120
1985-07-27T00:00:00.000Z;0.119
1985-07-28T00:00:00.000Z;0.118
1985-07-29T00:00:00.000Z;0.117
1985-07-30T00:00:00.000Z;0.125
1985-07-31T00:00:00.000Z;0.150
1985-08-01T00:00:00.000Z;0.135
1985-08-02T00:00:00.000Z;0.125
1985-08-03T00:00:00.000Z;0.115
1985-08-04T00:00:00.000Z;0.105
1985-08-05T00:00:00.000Z;0.110
1985-08-06T00:00:00.000Z;0.130
1985-08-07T00:00:00.000Z;0.150
1985-08-08T00:00:00.000Z;0.140
1985-08-09T00:00:00.000Z;0.125
1985-08-10T00:00:00.000Z;0.120
1985-08-11T00:00:00.000Z;0.115
1985-08-12T00:00:00.000Z;0.110
1985-08-13T00:00:00.000Z;0.105
1985-08-14T00:00:00.000Z;0.104
1985-08-15T00:00:00.000Z;0.103
1985-08-16T00:00:00.000Z;0.102
1985-08-17T00:00:00.000Z;0.101
1985-08-18T00:00:00.000Z;0.101
1985-08-19T00:00:00.000Z;0.100
1985-08-20T00:00:00.000Z;0.0990
1985-08-21T00:00:00.000Z;0.0980
1985-08-22T00:00:00.000Z;0.0970
1985-08-23T00:00:00.000Z;0.0960
1985-08-24T00:00:00.000Z;0.0950
1985-08-25T00:00:00.000Z;0.105
1985-08-26T00:00:00.000Z;0.115
1985-08-27T00:00:00.000Z;0.105
1985-08-28T00:00:00.000Z;0.100
1985-08-29T00:00:00.000Z;0.0980
1985-08-30T00:00:00.000Z;0.0950
1985-08-31T00:00:00.000Z;0.0940
1985-09-01T00:00:00.000Z;0.0930
1985-09-02T00:00:00.000Z;0.0930
1985-09-03T00:00:00.000Z;0.0920
1985-09-04T00:00:00.000Z;0.0910
1985-09-05T00:00:00.000Z;0.0900
1985-09-06T00:00:00.000Z;0.0890
1985-09-07T00:00:00.000Z;0.0890
1985-09-08T00:00:00.000Z;0.0880
1985-09-09T00:00:00.000Z;0.0870
1985-09-10T00:00:00.000Z;0.0860
1985-09-11T00:00:00.000Z;0.0860
1985-09-12T00:00:00.000Z;0.0850
1985-09-13T00:00:00.000Z;0.0840
1985-09-14T00:00:00.000Z;0.0830
1985-09-15T00:00:00.000Z;0.0830
1985-09-16T00:00:00.000Z;0.0820
1985-09-17T00:00:00.000Z;0.0810
1985-09-18T00:00:00.000Z;0.0810
1985-09-19T00:00:00.000Z;0.0800
1985-09-20T00:00:00.000Z;0.0790
1985-09-21T00:00:00.000Z;0.0780
1985-09-22T00:00:00.000Z;0.0780
1985-09-23T00:00:00.000Z;0.0770
1985-09-24T00:00:00.000Z;0.0760
1985-09-25T00:00:00.000Z;0.0760
1985-09-26T00:00:00.000Z;0.0750
1985-09-27T00:00:00.000Z;0.0740
1985-09-28T00:00:00.000Z;0.0740
1985-09-29T00:00:00.000Z;0.0730
1985-09-30T00:00:00.000Z;0.0730
1985-10-01T00:00:00.000Z;0.0720
1985-10-02T00:00:00.000Z;0.0710
1985-10-03T00:00:00.000Z;0.0710
1985-10-04T00:00:00.000Z;0.0700
1985-10-05T00:00:00.000Z;0.0690
1985-10-06T00:00:00.000Z;0.0690
1985-10-07T00:00:00.000Z;0.0680
1985-10-08T00:00:00.000Z;0.0680
1985-10-09T00:00:00.000Z;0.0670
1985-10-10T00:00:00.000Z;0.0660
1985-10-11T00:00:00.000Z;0.0660
1985-10-12T00:00:00.000Z;0.0650
1985-10-13T00:00:00.000Z;0.0650
1985-10-14T00:00:00.000Z;0.0640
1985-10-15T00:00:00.000Z;0.0640
1985-10-16T00:00:00.000Z;0.0630
1985-10-17T00:00:00.000Z;0.0630
1985-10-18T00:00:00.000Z;0.0620
1985-10-19T00:00:00.000Z;0.0610
1985-10-20T00:00:00.000Z;0.0610
1985-10-21T00:00:00.000Z;0.0600
1985-10-22T00:00:00.000Z;0.0600
1985-10-23T00:00:00.000Z;0.0590
1985-10-24T00:00:00.000Z;0.0590
1985-10-25T00:00:00.000Z;0.0580
1985-10-26T00:00:00.000Z;0.0580
1985-10-27T00:00:00.000Z;0.0570
1985-10-28T00:00:00.000Z;0.0570
1985-10-29T00:00:00.000Z;0.0560
1985-10-30T00:00:00.000Z;0.0560
1985-10-31T00:00:00.000Z;0.0550
1985-11-01T00:00:00.000Z;0.0550
1985-11-02T00:00:00.000Z;0.0540
1985-11-03T00:00:00.000Z;0.0540
1985-11-04T00:00:00.000Z;0.0530
1985-11-05T00:00:00.000Z;0.0520
1985-11-06T00:00:00.000Z;0.150
1985-11-07T00:00:00.000Z;0.320
1985-11-08T00:00:00.000Z;0.350
1985-11-09T00:00:00.000Z;0.180
1985-11-10T00:00:00.000Z;0.140
1985-11-11T00:00:00.000Z;0.160
1985-11-12T00:00:00.000Z;0.295
1985-11-13T00:00:00.000Z;0.325
1985-11-14T00:00:00.000Z;0.230
1985-11-15T00:00:00.000Z;0.215
1985-11-16T00:00:00.000Z;0.195
1985-11-17T00:00:00.000Z;0.190
1985-11-18T00:00:00.000Z;0.165
1985-11-19T00:00:00.000Z;0.155
1985-11-20T00:00:00.000Z;0.145
1985-11-21T00:00:00.000Z;0.135
1985-11-22T00:00:00.000Z;0.125
1985-11-23T00:00:00.000Z;0.120
1985-11-24T00:00:00.000Z;0.115
1985-11-25T00:00:00.000Z;0.110
1985-11-26T00:00:00.000Z;0.115
1985-11-27T00:00:00.000Z;0.120
1985-11-28T00:00:00.000Z;0.115
1985-11-29T00:00:00.000Z;0.110
1985-11-30T00:00:00.000Z;0.105
1985-12-01T00:00:00.000Z;0.115
1985-12-02T00:00:00.000Z;0.130
1985-12-03T00:00:00.000Z;0.120
1985-12-04T00:00:00.000Z;0.105
1985-12-05T00:00:00.000Z;0.100
1985-12-06T00:00:00.000Z;0.0950
1985-12-07T00:00:00.000Z;0.0900
1985-12-08T00:00:00.000Z;0.0850
1985-12-09T00:00:00.000Z;0.150
1985-12-10T00:00:00.000Z;0.315
1985-12-11T00:00:00.000Z;0.270
1985-12-12T00:00:00.000Z;0.625
1985-12-13T00:00:00.000Z;0.530
1985-12-14T00:00:00.000Z;0.305
1985-12-15T00:00:00.000Z;0.260
1985-12-16T00:00:00.000Z;0.245
1985-12-17T00:00:00.000Z;0.235
1985-12-18T00:00:00.000Z;0.230
1985-12-19T00:00:00.000Z;0.225
1985-12-20T00:00:00.000Z;0.220
1985-12-21T00:00:00.000Z;0.215
1985-12-22T00:00:00.000Z;0.200
1985-12-23T00:00:00.000Z;0.245
1985-12-24T00:00:00.000Z;0.725
1985-12-25T00:00:00.000Z;Jan.14
1985-12-26T00:00:00.000Z;0.550
1985-12-27T00:00:00.000Z;0.315
1985-12-28T00:00:00.000Z;0.275
1985-12-29T00:00:00.000Z;0.230
1985-12-30T00:00:00.000Z;0.195
1985-12-31T00:00:00.000Z;0.200
1986-01-01T00:00:00.000Z;0.180
1986-01-02T00:00:00.000Z;0.415
1986-01-03T00:00:00.000Z;0.400
1986-01-04T00:00:00.000Z;0.310
1986-01-05T00:00:00.000Z;0.295
1986-01-06T00:00:00.000Z;0.300
1986-01-07T00:00:00.000Z;0.275
1986-01-08T00:00:00.000Z;0.720
1986-01-09T00:00:00.000Z;Jan.16
1986-01-10T00:00:00.000Z;0.935
1986-01-11T00:00:00.000Z;0.875
1986-01-12T00:00:00.000Z;Jan.70
1986-01-13T00:00:00.000Z;Jan.48
1986-01-14T00:00:00.000Z;0.950
1986-01-15T00:00:00.000Z;3.Apr
1986-01-16T00:00:00.000Z;May.53
1986-01-17T00:00:00.000Z;Feb.56
1986-01-18T00:00:00.000Z;Jan.28
1986-01-19T00:00:00.000Z;0.825
1986-01-20T00:00:00.000Z;0.815
1986-01-21T00:00:00.000Z;0.770
1986-01-22T00:00:00.000Z;0.570
1986-01-23T00:00:00.000Z;0.655
1986-01-24T00:00:00.000Z;Jan.15
1986-01-25T00:00:00.000Z;Jan.19
1986-01-26T00:00:00.000Z;0.770
1986-01-27T00:00:00.000Z;0.925
1986-01-28T00:00:00.000Z;Jan.80
1986-01-29T00:00:00.000Z;Jan.34
1986-01-30T00:00:00.000Z;0.875
1986-01-31T00:00:00.000Z;0.660
1986-02-01T00:00:00.000Z;0.540
1986-02-02T00:00:00.000Z;0.485
1986-02-03T00:00:00.000Z;0.435
1986-02-04T00:00:00.000Z;0.410
1986-02-05T00:00:00.000Z;0.435
1986-02-06T00:00:00.000Z;0.420
1986-02-07T00:00:00.000Z;0.415
1986-02-08T00:00:00.000Z;0.420
1986-02-09T00:00:00.000Z;0.370
1986-02-10T00:00:00.000Z;0.340
1986-02-11T00:00:00.000Z;0.320
1986-02-12T00:00:00.000Z;0.315
1986-02-13T00:00:00.000Z;0.345
1986-02-14T00:00:00.000Z;0.380
1986-02-15T00:00:00.000Z;0.470
1986-02-16T00:00:00.000Z;0.800
1986-02-17T00:00:00.000Z;Jan.64
1986-02-18T00:00:00.000Z;Jan.57
1986-02-19T00:00:00.000Z;Jan.24
1986-02-20T00:00:00.000Z;0.880
1986-02-21T00:00:00.000Z;0.760
1986-02-22T00:00:00.000Z;1.Mar
1986-02-23T00:00:00.000Z;Jan.60
1986-02-24T00:00:00.000Z;Feb.61
1986-02-25T00:00:00.000Z;Feb.21
1986-02-26T00:00:00.000Z;Jan.60
1986-02-27T00:00:00.000Z;Jan.24
1986-02-28T00:00:00.000Z;Jan.16
1986-03-01T00:00:00.000Z;Jan.18
1986-03-02T00:00:00.000Z;Jan.26
1986-03-03T00:00:00.000Z;Feb.51
1986-03-04T00:00:00.000Z;Feb.14
1986-03-05T00:00:00.000Z;Jan.38
1986-03-06T00:00:00.000Z;1.Jun
1986-03-07T00:00:00.000Z;1.May
1986-03-08T00:00:00.000Z;0.850
1986-03-09T00:00:00.000Z;0.690
1986-03-10T00:00:00.000Z;0.585
1986-03-11T00:00:00.000Z;0.495
1986-03-12T00:00:00.000Z;0.445
1986-03-13T00:00:00.000Z;0.415
1986-03-14T00:00:00.000Z;0.420
1986-03-15T00:00:00.000Z;0.455
1986-03-16T00:00:00.000Z;0.475
1986-03-17T00:00:00.000Z;0.440
1986-03-18T00:00:00.000Z;0.415
1986-03-19T00:00:00.000Z;0.720
1986-03-20T00:00:00.000Z;0.825
1986-03-21T00:00:00.000Z;0.905
1986-03-22T00:00:00.000Z;0.955
1986-03-23T00:00:00.000Z;0.760
1986-03-24T00:00:00.000Z;0.680
1986-03-25T00:00:00.000Z;0.660
1986-03-26T00:00:00.000Z;0.580
1986-03-27T00:00:00.000Z;0.535
1986-03-28T00:00:00.000Z;0.570
1986-03-29T00:00:00.000Z;0.630
1986-03-30T00:00:00.000Z;0.520
1986-03-31T00:00:00.000Z;0.445
1986-04-01T00:00:00.000Z;0.400
1986-04-02T00:00:00.000Z;0.370
1986-04-03T00:00:00.000Z;0.345
1986-04-04T00:00:00.000Z;0.315
1986-04-05T00:00:00.000Z;0.300
1986-04-06T00:00:00.000Z;0.295
1986-04-07T00:00:00.000Z;0.280
1986-04-08T00:00:00.000Z;0.275
1986-04-09T00:00:00.000Z;0.285
1986-04-10T00:00:00.000Z;0.410
1986-04-11T00:00:00.000Z;0.555
1986-04-12T00:00:00.000Z;0.515
1986-04-13T00:00:00.000Z;0.460
1986-04-14T00:00:00.000Z;0.500
1986-04-15T00:00:00.000Z;0.735
1986-04-16T00:00:00.000Z;0.865
1986-04-17T00:00:00.000Z;0.840
1986-04-18T00:00:00.000Z;0.675
1986-04-19T00:00:00.000Z;0.655
1986-04-20T00:00:00.000Z;Jan.21
1986-04-21T00:00:00.000Z;1.Dec
1986-04-22T00:00:00.000Z;0.990
1986-04-23T00:00:00.000Z;0.740
1986-04-24T00:00:00.000Z;0.565
1986-04-25T00:00:00.000Z;0.475
1986-04-26T00:00:00.000Z;0.435
1986-04-27T00:00:00.000Z;0.370
1986-04-28T00:00:00.000Z;0.350
1986-04-29T00:00:00.000Z;0.520
1986-04-30T00:00:00.000Z;Jan.37
1986-05-01T00:00:00.000Z;Jan.20
1986-05-02T00:00:00.000Z;0.730
1986-05-03T00:00:00.000Z;0.550
1986-05-04T00:00:00.000Z;0.570
1986-05-05T00:00:00.000Z;0.550
1986-05-06T00:00:00.000Z;0.475
1986-05-07T00:00:00.000Z;0.400
1986-05-08T00:00:00.000Z;0.340
1986-05-09T00:00:00.000Z;0.306
1986-05-10T00:00:00.000Z;0.285
1986-05-11T00:00:00.000Z;0.265
1986-05-12T00:00:00.000Z;0.260
1986-05-13T00:00:00.000Z;0.250
1986-05-14T00:00:00.000Z;0.255
1986-05-15T00:00:00.000Z;0.250
1986-05-16T00:00:00.000Z;0.235
1986-05-17T00:00:00.000Z;0.225
1986-05-18T00:00:00.000Z;0.220
1986-05-19T00:00:00.000Z;0.215
1986-05-20T00:00:00.000Z;0.210
1986-05-21T00:00:00.000Z;0.205
1986-05-22T00:00:00.000Z;0.200
1986-05-23T00:00:00.000Z;0.185
1986-05-24T00:00:00.000Z;0.180
1986-05-25T00:00:00.000Z;0.175
1986-05-26T00:00:00.000Z;0.170
1986-05-27T00:00:00.000Z;0.165
1986-05-28T00:00:00.000Z;0.155
1986-05-29T00:00:00.000Z;0.175
1986-05-30T00:00:00.000Z;0.190
1986-05-31T00:00:00.000Z;0.175
1986-06-01T00:00:00.000Z;0.165
1986-06-02T00:00:00.000Z;0.155
1986-06-03T00:00:00.000Z;0.200
1986-06-04T00:00:00.000Z;0.230
1986-06-05T00:00:00.000Z;0.185
1986-06-06T00:00:00.000Z;Jan.14
1986-06-07T00:00:00.000Z;0.870
1986-06-08T00:00:00.000Z;0.340
1986-06-09T00:00:00.000Z;0.225
1986-06-10T00:00:00.000Z;0.200
1986-06-11T00:00:00.000Z;0.190
1986-06-12T00:00:00.000Z;0.180
1986-06-13T00:00:00.000Z;0.170
1986-06-14T00:00:00.000Z;0.155
1986-06-15T00:00:00.000Z;0.150
1986-06-16T00:00:00.000Z;0.145
1986-06-17T00:00:00.000Z;0.140
1986-06-18T00:00:00.000Z;0.135
1986-06-19T00:00:00.000Z;0.130
1986-06-20T00:00:00.000Z;0.125
1986-06-21T00:00:00.000Z;0.120
1986-06-22T00:00:00.000Z;0.118
1986-06-23T00:00:00.000Z;0.115
1986-06-24T00:00:00.000Z;0.114
1986-06-25T00:00:00.000Z;0.113
1986-06-26T00:00:00.000Z;0.112
1986-06-27T00:00:00.000Z;0.112
1986-06-28T00:00:00.000Z;0.111
1986-06-29T00:00:00.000Z;0.110
1986-06-30T00:00:00.000Z;0.109
1986-07-01T00:00:00.000Z;0.108
1986-07-02T00:00:00.000Z;0.108
1986-07-03T00:00:00.000Z;0.107
1986-07-04T00:00:00.000Z;0.106
1986-07-05T00:00:00.000Z;0.105
1986-07-06T00:00:00.000Z;0.104
1986-07-07T00:00:00.000Z;0.104
1986-07-08T00:00:00.000Z;0.103
1986-07-09T00:00:00.000Z;0.102
1986-07-10T00:00:00.000Z;0.101
1986-07-11T00:00:00.000Z;0.101
1986-07-12T00:00:00.000Z;0.100
1986-07-13T00:00:00.000Z;0.840
1986-07-14T00:00:00.000Z;0.510
1986-07-15T00:00:00.000Z;0.125
1986-07-16T00:00:00.000Z;0.115
1986-07-17T00:00:00.000Z;0.100
1986-07-18T00:00:00.000Z;0.0990
1986-07-19T00:00:00.000Z;0.0990
1986-07-20T00:00:00.000Z;0.0980
1986-07-21T00:00:00.000Z;0.0970
1986-07-22T00:00:00.000Z;0.0960
1986-07-23T00:00:00.000Z;0.0960
1986-07-24T00:00:00.000Z;0.0950
1986-07-25T00:00:00.000Z;0.0940
1986-07-26T00:00:00.000Z;0.0940
1986-07-27T00:00:00.000Z;0.0930
1986-07-28T00:00:00.000Z;0.0920
1986-07-29T00:00:00.000Z;0.0920
1986-07-30T00:00:00.000Z;0.0910
1986-07-31T00:00:00.000Z;0.0900
1986-08-01T00:00:00.000Z;0.0890
1986-08-02T00:00:00.000Z;0.0890
1986-08-03T00:00:00.000Z;0.0880
1986-08-04T00:00:00.000Z;0.0880
1986-08-05T00:00:00.000Z;0.0870
1986-08-06T00:00:00.000Z;0.0860
1986-08-07T00:00:00.000Z;0.0860
1986-08-08T00:00:00.000Z;0.0850
1986-08-09T00:00:00.000Z;0.0840
1986-08-10T00:00:00.000Z;0.0840
1986-08-11T00:00:00.000Z;0.105
1986-08-12T00:00:00.000Z;0.140
1986-08-13T00:00:00.000Z;0.105
1986-08-14T00:00:00.000Z;0.0850
1986-08-15T00:00:00.000Z;0.0840
1986-08-16T00:00:00.000Z;0.0840
1986-08-17T00:00:00.000Z;0.0830
1986-08-18T00:00:00.000Z;0.0830
1986-08-19T00:00:00.000Z;0.0820
1986-08-20T00:00:00.000Z;0.0810
1986-08-21T00:00:00.000Z;0.0810
1986-08-22T00:00:00.000Z;0.0800
1986-08-23T00:00:00.000Z;0.0800
1986-08-24T00:00:00.000Z;0.0790
1986-08-25T00:00:00.000Z;0.0780
1986-08-26T00:00:00.000Z;0.0780
1986-08-27T00:00:00.000Z;0.0770
1986-08-28T00:00:00.000Z;0.0770
1986-08-29T00:00:00.000Z;0.0760
1986-08-30T00:00:00.000Z;0.0760
1986-08-31T00:00:00.000Z;0.0750
1986-09-01T00:00:00.000Z;0.0740
1986-09-02T00:00:00.000Z;0.0740
1986-09-03T00:00:00.000Z;0.0730
1986-09-04T00:00:00.000Z;0.0730
1986-09-05T00:00:00.000Z;0.0720
1986-09-06T00:00:00.000Z;0.0720
1986-09-07T00:00:00.000Z;0.0710
1986-09-08T00:00:00.000Z;0.0710
1986-09-09T00:00:00.000Z;0.0700
1986-09-10T00:00:00.000Z;0.0700
1986-09-11T00:00:00.000Z;0.0690
1986-09-12T00:00:00.000Z;0.0690
1986-09-13T00:00:00.000Z;0.0680
1986-09-14T00:00:00.000Z;0.0680
1986-09-15T00:00:00.000Z;0.0680
1986-09-16T00:00:00.000Z;0.0670
1986-09-17T00:00:00.000Z;0.0670
1986-09-18T00:00:00.000Z;0.0660
1986-09-19T00:00:00.000Z;0.0660
1986-09-20T00:00:00.000Z;0.0650
1986-09-21T00:00:00.000Z;0.0650
1986-09-22T00:00:00.000Z;0.0640
1986-09-23T00:00:00.000Z;0.0640
1986-09-24T00:00:00.000Z;0.0630
1986-09-25T00:00:00.000Z;0.0630
1986-09-26T00:00:00.000Z;0.255
1986-09-27T00:00:00.000Z;0.380
1986-09-28T00:00:00.000Z;0.150
1986-09-29T00:00:00.000Z;0.107
1986-09-30T00:00:00.000Z;0.0950
1986-10-01T00:00:00.000Z;0.0870
1986-10-02T00:00:00.000Z;0.0860
1986-10-03T00:00:00.000Z;0.0860
1986-10-04T00:00:00.000Z;0.0850
1986-10-05T00:00:00.000Z;0.0840
1986-10-06T00:00:00.000Z;0.0840
1986-10-07T00:00:00.000Z;0.0830
1986-10-08T00:00:00.000Z;0.0830
1986-10-09T00:00:00.000Z;0.0820
1986-10-10T00:00:00.000Z;0.0810
1986-10-11T00:00:00.000Z;0.0810
1986-10-12T00:00:00.000Z;0.0800
1986-10-13T00:00:00.000Z;0.0800
1986-10-14T00:00:00.000Z;0.0790
1986-10-15T00:00:00.000Z;0.0780
1986-10-16T00:00:00.000Z;0.0780
1986-10-17T00:00:00.000Z;0.0770
1986-10-18T00:00:00.000Z;0.0770
1986-10-19T00:00:00.000Z;0.0760
1986-10-20T00:00:00.000Z;0.0760
1986-10-21T00:00:00.000Z;0.0750
1986-10-22T00:00:00.000Z;0.0740
1986-10-23T00:00:00.000Z;0.106
1986-10-24T00:00:00.000Z;0.120
1986-10-25T00:00:00.000Z;0.110
1986-10-26T00:00:00.000Z;0.135
1986-10-27T00:00:00.000Z;0.140
1986-10-28T00:00:00.000Z;0.115
1986-10-29T00:00:00.000Z;0.145
1986-10-30T00:00:00.000Z;0.170
1986-10-31T00:00:00.000Z;0.130
1986-11-01T00:00:00.000Z;0.120
1986-11-02T00:00:00.000Z;0.180
1986-11-03T00:00:00.000Z;0.280
1986-11-04T00:00:00.000Z;0.190
1986-11-05T00:00:00.000Z;0.140
1986-11-06T00:00:00.000Z;0.125
1986-11-07T00:00:00.000Z;0.110
1986-11-08T00:00:00.000Z;0.105
1986-11-09T00:00:00.000Z;0.0970
1986-11-10T00:00:00.000Z;0.0950
1986-11-11T00:00:00.000Z;0.0870
1986-11-12T00:00:00.000Z;0.0830
1986-11-13T00:00:00.000Z;0.0800
1986-11-14T00:00:00.000Z;0.0780
1986-11-15T00:00:00.000Z;0.0800
1986-11-16T00:00:00.000Z;0.0830
1986-11-17T00:00:00.000Z;0.0850
1986-11-18T00:00:00.000Z;0.105
1986-11-19T00:00:00.000Z;0.130
1986-11-20T00:00:00.000Z;0.120
1986-11-21T00:00:00.000Z;0.135
1986-11-22T00:00:00.000Z;0.510
1986-11-23T00:00:00.000Z;Jan.14
1986-11-24T00:00:00.000Z;Jan.39
1986-11-25T00:00:00.000Z;0.940
1986-11-26T00:00:00.000Z;0.530
1986-11-27T00:00:00.000Z;0.670
1986-11-28T00:00:00.000Z;0.460
1986-11-29T00:00:00.000Z;0.305
1986-11-30T00:00:00.000Z;0.250
1986-12-01T00:00:00.000Z;0.210
1986-12-02T00:00:00.000Z;0.185
1986-12-03T00:00:00.000Z;0.155
1986-12-04T00:00:00.000Z;0.150
1986-12-05T00:00:00.000Z;0.145
1986-12-06T00:00:00.000Z;0.135
1986-12-07T00:00:00.000Z;0.130
1986-12-08T00:00:00.000Z;0.125
1986-12-09T00:00:00.000Z;0.280
1986-12-10T00:00:00.000Z;0.400
1986-12-11T00:00:00.000Z;0.275
1986-12-12T00:00:00.000Z;0.235
1986-12-13T00:00:00.000Z;0.205
1986-12-14T00:00:00.000Z;0.500
1986-12-15T00:00:00.000Z;0.550
1986-12-16T00:00:00.000Z;0.810
1986-12-17T00:00:00.000Z;Jan.24
1986-12-18T00:00:00.000Z;1.Jul
1986-12-19T00:00:00.000Z;1.Aug
1986-12-20T00:00:00.000Z;Jan.32
1986-12-21T00:00:00.000Z;Jan.38
1986-12-22T00:00:00.000Z;Jan.23
1986-12-23T00:00:00.000Z;0.705
1986-12-24T00:00:00.000Z;0.505
1986-12-25T00:00:00.000Z;0.415
1986-12-26T00:00:00.000Z;Jan.59
1986-12-27T00:00:00.000Z;Apr.21
1986-12-28T00:00:00.000Z;3.Dec
1986-12-29T00:00:00.000Z;Jan.60
1986-12-30T00:00:00.000Z;0.925
1986-12-31T00:00:00.000Z;0.760
1987-01-01T00:00:00.000Z;Jan.18
1987-01-02T00:00:00.000Z;1.Dec
1987-01-03T00:00:00.000Z;Jan.90
1987-01-04T00:00:00.000Z;Jan.37
1987-01-05T00:00:00.000Z;0.910
1987-01-06T00:00:00.000Z;0.665
1987-01-07T00:00:00.000Z;0.930
1987-01-08T00:00:00.000Z;0.855
1987-01-09T00:00:00.000Z;0.645
1987-01-10T00:00:00.000Z;0.570
1987-01-11T00:00:00.000Z;0.585
1987-01-12T00:00:00.000Z;0.355
1987-01-13T00:00:00.000Z;0.495
1987-01-14T00:00:00.000Z;0.455
1987-01-15T00:00:00.000Z;0.410
1987-01-16T00:00:00.000Z;0.360
1987-01-17T00:00:00.000Z;0.320
1987-01-18T00:00:00.000Z;0.315
1987-01-19T00:00:00.000Z;0.335
1987-01-20T00:00:00.000Z;0.360
1987-01-21T00:00:00.000Z;0.355
1987-01-22T00:00:00.000Z;0.400
1987-01-23T00:00:00.000Z;0.430
1987-01-24T00:00:00.000Z;0.455
1987-01-25T00:00:00.000Z;0.490
1987-01-26T00:00:00.000Z;0.590
1987-01-27T00:00:00.000Z;0.955
1987-01-28T00:00:00.000Z;1.Aug
1987-01-29T00:00:00.000Z;0.880
1987-01-30T00:00:00.000Z;0.675
1987-01-31T00:00:00.000Z;0.510
1987-02-01T00:00:00.000Z;0.480
1987-02-02T00:00:00.000Z;0.450
1987-02-03T00:00:00.000Z;0.395
1987-02-04T00:00:00.000Z;0.390
1987-02-05T00:00:00.000Z;0.365
1987-02-06T00:00:00.000Z;0.340
1987-02-07T00:00:00.000Z;0.315
1987-02-08T00:00:00.000Z;0.590
1987-02-09T00:00:00.000Z;0.630
1987-02-10T00:00:00.000Z;0.505
1987-02-11T00:00:00.000Z;0.525
1987-02-12T00:00:00.000Z;0.465
1987-02-13T00:00:00.000Z;0.395
1987-02-14T00:00:00.000Z;0.730
1987-02-15T00:00:00.000Z;Feb.39
1987-02-16T00:00:00.000Z;Jan.43
1987-02-17T00:00:00.000Z;0.880
1987-02-18T00:00:00.000Z;0.640
1987-02-19T00:00:00.000Z;0.535
1987-02-20T00:00:00.000Z;0.470
1987-02-21T00:00:00.000Z;0.390
1987-02-22T00:00:00.000Z;0.330
1987-02-23T00:00:00.000Z;0.315
1987-02-24T00:00:00.000Z;0.370
1987-02-25T00:00:00.000Z;0.575
1987-02-26T00:00:00.000Z;1.May
1987-02-27T00:00:00.000Z;0.830
1987-02-28T00:00:00.000Z;1.Feb
1987-03-01T00:00:00.000Z;1.Jul
1987-03-02T00:00:00.000Z;0.810
1987-03-03T00:00:00.000Z;Jan.68
1987-03-04T00:00:00.000Z;Jan.23
1987-03-05T00:00:00.000Z;0.770
1987-03-06T00:00:00.000Z;0.570
1987-03-07T00:00:00.000Z;0.510
1987-03-08T00:00:00.000Z;0.440
1987-03-09T00:00:00.000Z;0.725
1987-03-10T00:00:00.000Z;Jan.79
1987-03-11T00:00:00.000Z;1.Nov
1987-03-12T00:00:00.000Z;0.780
1987-03-13T00:00:00.000Z;0.590
1987-03-14T00:00:00.000Z;0.510
1987-03-15T00:00:00.000Z;0.440
1987-03-16T00:00:00.000Z;0.380
1987-03-17T00:00:00.000Z;0.345
1987-03-18T00:00:00.000Z;0.320
1987-03-19T00:00:00.000Z;0.300
1987-03-20T00:00:00.000Z;0.280
1987-03-21T00:00:00.000Z;0.275
1987-03-22T00:00:00.000Z;0.265
1987-03-23T00:00:00.000Z;0.255
1987-03-24T00:00:00.000Z;0.250
1987-03-25T00:00:00.000Z;0.250
1987-03-26T00:00:00.000Z;0.545
1987-03-27T00:00:00.000Z;0.620
1987-03-28T00:00:00.000Z;0.635
1987-03-29T00:00:00.000Z;0.845
1987-03-30T00:00:00.000Z;0.670
1987-03-31T00:00:00.000Z;1.Jan
1987-04-01T00:00:00.000Z;0.970
1987-04-02T00:00:00.000Z;Jan.50
1987-04-03T00:00:00.000Z;Jan.68
1987-04-04T00:00:00.000Z;Jan.48
1987-04-05T00:00:00.000Z;Jan.37
1987-04-06T00:00:00.000Z;1.Nov
1987-04-07T00:00:00.000Z;0.845
1987-04-08T00:00:00.000Z;0.665
1987-04-09T00:00:00.000Z;Jan.27
1987-04-10T00:00:00.000Z;Feb.37
1987-04-11T00:00:00.000Z;Jan.56
1987-04-12T00:00:00.000Z;Jan.99
1987-04-13T00:00:00.000Z;May.49
1987-04-14T00:00:00.000Z;Feb.83
1987-04-15T00:00:00.000Z;Jan.61
1987-04-16T00:00:00.000Z;0.940
1987-04-17T00:00:00.000Z;0.695
1987-04-18T00:00:00.000Z;0.580
1987-04-19T00:00:00.000Z;0.520
1987-04-20T00:00:00.000Z;0.465
1987-04-21T00:00:00.000Z;0.415
1987-04-22T00:00:00.000Z;0.370
1987-04-23T00:00:00.000Z;0.345
1987-04-24T00:00:00.000Z;0.335
1987-04-25T00:00:00.000Z;0.315
1987-04-26T00:00:00.000Z;0.295
1987-04-27T00:00:00.000Z;0.280
1987-04-28T00:00:00.000Z;0.275
1987-04-29T00:00:00.000Z;0.260
1987-04-30T00:00:00.000Z;0.250
1987-05-01T00:00:00.000Z;0.245
1987-05-02T00:00:00.000Z;0.235
1987-05-03T00:00:00.000Z;0.230
1987-05-04T00:00:00.000Z;0.255
1987-05-05T00:00:00.000Z;0.245
1987-05-06T00:00:00.000Z;0.465
1987-05-07T00:00:00.000Z;0.985
1987-05-08T00:00:00.000Z;1.Aug
1987-05-09T00:00:00.000Z;0.770
1987-05-10T00:00:00.000Z;0.495
1987-05-11T00:00:00.000Z;0.415
1987-05-12T00:00:00.000Z;0.385
1987-05-13T00:00:00.000Z;0.355
1987-05-14T00:00:00.000Z;0.375
1987-05-15T00:00:00.000Z;0.370
1987-05-16T00:00:00.000Z;0.345
1987-05-17T00:00:00.000Z;0.320
1987-05-18T00:00:00.000Z;0.535
1987-05-19T00:00:00.000Z;0.500
1987-05-20T00:00:00.000Z;0.545
1987-05-21T00:00:00.000Z;0.605
1987-05-22T00:00:00.000Z;0.470
1987-05-23T00:00:00.000Z;0.390
1987-05-24T00:00:00.000Z;0.330
1987-05-25T00:00:00.000Z;0.295
1987-05-26T00:00:00.000Z;0.280
1987-05-27T00:00:00.000Z;0.265
1987-05-28T00:00:00.000Z;0.255
1987-05-29T00:00:00.000Z;0.250
1987-05-30T00:00:00.000Z;0.235
1987-05-31T00:00:00.000Z;0.225
1987-06-01T00:00:00.000Z;0.220
1987-06-02T00:00:00.000Z;0.210
1987-06-03T00:00:00.000Z;0.205
1987-06-04T00:00:00.000Z;0.200
1987-06-05T00:00:00.000Z;0.195
1987-06-06T00:00:00.000Z;0.190
1987-06-07T00:00:00.000Z;0.185
1987-06-08T00:00:00.000Z;0.180
1987-06-09T00:00:00.000Z;0.175
1987-06-10T00:00:00.000Z;0.170
1987-06-11T00:00:00.000Z;0.165
1987-06-12T00:00:00.000Z;0.162
1987-06-13T00:00:00.000Z;0.160
1987-06-14T00:00:00.000Z;0.165
1987-06-15T00:00:00.000Z;0.240
1987-06-16T00:00:00.000Z;0.235
1987-06-17T00:00:00.000Z;0.185
1987-06-18T00:00:00.000Z;0.155
1987-06-19T00:00:00.000Z;0.150
1987-06-20T00:00:00.000Z;0.410
1987-06-21T00:00:00.000Z;0.470
1987-06-22T00:00:00.000Z;0.270
1987-06-23T00:00:00.000Z;0.205
1987-06-24T00:00:00.000Z;0.185
1987-06-25T00:00:00.000Z;0.170
1987-06-26T00:00:00.000Z;0.160
1987-06-27T00:00:00.000Z;0.155
1987-06-28T00:00:00.000Z;0.145
1987-06-29T00:00:00.000Z;0.140
1987-06-30T00:00:00.000Z;0.135
1987-07-01T00:00:00.000Z;0.132
1987-07-02T00:00:00.000Z;0.130
1987-07-03T00:00:00.000Z;0.128
1987-07-04T00:00:00.000Z;0.126
1987-07-05T00:00:00.000Z;0.124
1987-07-06T00:00:00.000Z;0.122
1987-07-07T00:00:00.000Z;0.120
1987-07-08T00:00:00.000Z;0.130
1987-07-09T00:00:00.000Z;0.135
1987-07-10T00:00:00.000Z;0.132
1987-07-11T00:00:00.000Z;0.130
1987-07-12T00:00:00.000Z;0.128
1987-07-13T00:00:00.000Z;0.126
1987-07-14T00:00:00.000Z;0.124
1987-07-15T00:00:00.000Z;0.122
1987-07-16T00:00:00.000Z;0.120
1987-07-17T00:00:00.000Z;0.118
1987-07-18T00:00:00.000Z;0.117
1987-07-19T00:00:00.000Z;0.116
1987-07-20T00:00:00.000Z;0.114
1987-07-21T00:00:00.000Z;0.113
1987-07-22T00:00:00.000Z;0.112
1987-07-23T00:00:00.000Z;0.110
1987-07-24T00:00:00.000Z;0.135
1987-07-25T00:00:00.000Z;0.155
1987-07-26T00:00:00.000Z;0.210
1987-07-27T00:00:00.000Z;0.195
1987-07-28T00:00:00.000Z;0.140
1987-07-29T00:00:00.000Z;0.125
1987-07-30T00:00:00.000Z;0.255
1987-07-31T00:00:00.000Z;0.415
1987-08-01T00:00:00.000Z;0.210
1987-08-02T00:00:00.000Z;0.160
1987-08-03T00:00:00.000Z;0.140
1987-08-04T00:00:00.000Z;0.135
1987-08-05T00:00:00.000Z;0.125
1987-08-06T00:00:00.000Z;0.120
1987-08-07T00:00:00.000Z;0.115
1987-08-08T00:00:00.000Z;0.110
1987-08-09T00:00:00.000Z;0.108
1987-08-10T00:00:00.000Z;0.103
1987-08-11T00:00:00.000Z;0.100
1987-08-12T00:00:00.000Z;0.0990
1987-08-13T00:00:00.000Z;0.0970
1987-08-14T00:00:00.000Z;0.0960
1987-08-15T00:00:00.000Z;0.0950
1987-08-16T00:00:00.000Z;0.0930
1987-08-17T00:00:00.000Z;0.0900
1987-08-18T00:00:00.000Z;0.0890
1987-08-19T00:00:00.000Z;0.0880
1987-08-20T00:00:00.000Z;0.0870
1987-08-21T00:00:00.000Z;0.0860
1987-08-22T00:00:00.000Z;0.0850
1987-08-23T00:00:00.000Z;0.0840
1987-08-24T00:00:00.000Z;0.0830
1987-08-25T00:00:00.000Z;0.0820
1987-08-26T00:00:00.000Z;0.0800
1987-08-27T00:00:00.000Z;0.0790
1987-08-28T00:00:00.000Z;0.0780
1987-08-29T00:00:00.000Z;0.0770
1987-08-30T00:00:00.000Z;0.0760
1987-08-31T00:00:00.000Z;0.0750
1987-09-01T00:00:00.000Z;0.0750
1987-09-02T00:00:00.000Z;0.0900
1987-09-03T00:00:00.000Z;0.0850
1987-09-04T00:00:00.000Z;0.0840
1987-09-05T00:00:00.000Z;0.0840
1987-09-06T00:00:00.000Z;0.0830
1987-09-07T00:00:00.000Z;0.0820
1987-09-08T00:00:00.000Z;0.0810
1987-09-09T00:00:00.000Z;0.0810
1987-09-10T00:00:00.000Z;0.0800
1987-09-11T00:00:00.000Z;0.0790
1987-09-12T00:00:00.000Z;0.0780
1987-09-13T00:00:00.000Z;0.0780
1987-09-14T00:00:00.000Z;0.0770
1987-09-15T00:00:00.000Z;0.0760
1987-09-16T00:00:00.000Z;0.0760
1987-09-17T00:00:00.000Z;0.0750
1987-09-18T00:00:00.000Z;0.0740
1987-09-19T00:00:00.000Z;0.0740
1987-09-20T00:00:00.000Z;0.0730
1987-09-21T00:00:00.000Z;0.0720
1987-09-22T00:00:00.000Z;0.0720
1987-09-23T00:00:00.000Z;0.0710
1987-09-24T00:00:00.000Z;0.0710
1987-09-25T00:00:00.000Z;0.0700
1987-09-26T00:00:00.000Z;0.0690
1987-09-27T00:00:00.000Z;0.0690
1987-09-28T00:00:00.000Z;0.0680
1987-09-29T00:00:00.000Z;0.0670
1987-09-30T00:00:00.000Z;0.0670
1987-10-01T00:00:00.000Z;0.0660
1987-10-02T00:00:00.000Z;0.0660
1987-10-03T00:00:00.000Z;0.0650
1987-10-04T00:00:00.000Z;0.0650
1987-10-05T00:00:00.000Z;0.0640
1987-10-06T00:00:00.000Z;0.0630
1987-10-07T00:00:00.000Z;0.0630
1987-10-08T00:00:00.000Z;0.0620
1987-10-09T00:00:00.000Z;0.0620
1987-10-10T00:00:00.000Z;0.0650
1987-10-11T00:00:00.000Z;0.0700
1987-10-12T00:00:00.000Z;0.0750
1987-10-13T00:00:00.000Z;0.0850
1987-10-14T00:00:00.000Z;0.0750
1987-10-15T00:00:00.000Z;0.0700
1987-10-16T00:00:00.000Z;0.0690
1987-10-17T00:00:00.000Z;0.0690
1987-10-18T00:00:00.000Z;0.0680
1987-10-19T00:00:00.000Z;0.0680
1987-10-20T00:00:00.000Z;0.0670
1987-10-21T00:00:00.000Z;0.0660
1987-10-22T00:00:00.000Z;0.0660
1987-10-23T00:00:00.000Z;0.0650
1987-10-24T00:00:00.000Z;0.0650
1987-10-25T00:00:00.000Z;0.0640
1987-10-26T00:00:00.000Z;0.0630
1987-10-27T00:00:00.000Z;0.0630
1987-10-28T00:00:00.000Z;0.0620
1987-10-29T00:00:00.000Z;0.0620
1987-10-30T00:00:00.000Z;0.0610
1987-10-31T00:00:00.000Z;0.0610
1987-11-01T00:00:00.000Z;0.0600
1987-11-02T00:00:00.000Z;0.0600
1987-11-03T00:00:00.000Z;0.0590
1987-11-04T00:00:00.000Z;0.0590
1987-11-05T00:00:00.000Z;0.0580
1987-11-06T00:00:00.000Z;0.0580
1987-11-07T00:00:00.000Z;0.0570
1987-11-08T00:00:00.000Z;0.0570
1987-11-09T00:00:00.000Z;0.0560
1987-11-10T00:00:00.000Z;0.0560
1987-11-11T00:00:00.000Z;0.0550
1987-11-12T00:00:00.000Z;0.0650
1987-11-13T00:00:00.000Z;0.0750
1987-11-14T00:00:00.000Z;0.105
1987-11-15T00:00:00.000Z;0.110
1987-11-16T00:00:00.000Z;0.110
1987-11-17T00:00:00.000Z;0.115
1987-11-18T00:00:00.000Z;0.120
1987-11-19T00:00:00.000Z;0.110
1987-11-20T00:00:00.000Z;0.115
1987-11-21T00:00:00.000Z;0.130
1987-11-22T00:00:00.000Z;0.125
1987-11-23T00:00:00.000Z;0.150
1987-11-24T00:00:00.000Z;0.190
1987-11-25T00:00:00.000Z;0.165
1987-11-26T00:00:00.000Z;0.280
1987-11-27T00:00:00.000Z;0.270
1987-11-28T00:00:00.000Z;0.215
1987-11-29T00:00:00.000Z;0.190
1987-11-30T00:00:00.000Z;0.165
1987-12-01T00:00:00.000Z;0.165
1987-12-02T00:00:00.000Z;0.150
1987-12-03T00:00:00.000Z;0.140
1987-12-04T00:00:00.000Z;0.355
1987-12-05T00:00:00.000Z;0.685
1987-12-06T00:00:00.000Z;0.495
1987-12-07T00:00:00.000Z;0.240
1987-12-08T00:00:00.000Z;0.195
1987-12-09T00:00:00.000Z;0.165
1987-12-10T00:00:00.000Z;0.145
1987-12-11T00:00:00.000Z;0.140
1987-12-12T00:00:00.000Z;0.135
1987-12-13T00:00:00.000Z;0.130
1987-12-14T00:00:00.000Z;0.155
1987-12-15T00:00:00.000Z;0.230
1987-12-16T00:00:00.000Z;0.230
1987-12-17T00:00:00.000Z;0.195
1987-12-18T00:00:00.000Z;0.165
1987-12-19T00:00:00.000Z;0.150
1987-12-20T00:00:00.000Z;0.140
1987-12-21T00:00:00.000Z;0.135
1987-12-22T00:00:00.000Z;0.130
1987-12-23T00:00:00.000Z;0.125
1987-12-24T00:00:00.000Z;0.120
1987-12-25T00:00:00.000Z;0.115
1987-12-26T00:00:00.000Z;0.105
1987-12-27T00:00:00.000Z;0.100
1987-12-28T00:00:00.000Z;0.0980
1987-12-29T00:00:00.000Z;0.0950
1987-12-30T00:00:00.000Z;0.0900
1987-12-31T00:00:00.000Z;0.0850
1988-01-01T00:00:00.000Z;0.0900
1988-01-02T00:00:00.000Z;0.0950
1988-01-03T00:00:00.000Z;0.275
1988-01-04T00:00:00.000Z;0.155
1988-01-05T00:00:00.000Z;0.185
1988-01-06T00:00:00.000Z;0.160
1988-01-07T00:00:00.000Z;0.150
1988-01-08T00:00:00.000Z;0.685
1988-01-09T00:00:00.000Z;Feb.45
1988-01-10T00:00:00.000Z;0.995
1988-01-11T00:00:00.000Z;0.475
1988-01-12T00:00:00.000Z;0.400
1988-01-13T00:00:00.000Z;0.325
1988-01-14T00:00:00.000Z;0.265
1988-01-15T00:00:00.000Z;0.250
1988-01-16T00:00:00.000Z;0.220
1988-01-17T00:00:00.000Z;0.195
1988-01-18T00:00:00.000Z;0.185
1988-01-19T00:00:00.000Z;0.175
1988-01-20T00:00:00.000Z;0.360
1988-01-21T00:00:00.000Z;0.805
1988-01-22T00:00:00.000Z;Feb.15
1988-01-23T00:00:00.000Z;Mar.84
1988-01-24T00:00:00.000Z;Feb.43
1988-01-25T00:00:00.000Z;Jan.61
1988-01-26T00:00:00.000Z;Jan.15
1988-01-27T00:00:00.000Z;0.705
1988-01-28T00:00:00.000Z;0.510
1988-01-29T00:00:00.000Z;0.520
1988-01-30T00:00:00.000Z;Jan.21
1988-01-31T00:00:00.000Z;Feb.28
1988-02-01T00:00:00.000Z;Jan.92
1988-02-02T00:00:00.000Z;Jan.81
1988-02-03T00:00:00.000Z;Jan.34
1988-02-04T00:00:00.000Z;0.890
1988-02-05T00:00:00.000Z;0.720
1988-02-06T00:00:00.000Z;0.750
1988-02-07T00:00:00.000Z;0.585
1988-02-08T00:00:00.000Z;0.780
1988-02-09T00:00:00.000Z;Feb.74
1988-02-10T00:00:00.000Z;2.Dec
1988-02-11T00:00:00.000Z;Jan.26
1988-02-12T00:00:00.000Z;Jan.17
1988-02-13T00:00:00.000Z;1.Jun
1988-02-14T00:00:00.000Z;0.960
1988-02-15T00:00:00.000Z;1.Mar
1988-02-16T00:00:00.000Z;0.785
1988-02-17T00:00:00.000Z;0.580
1988-02-18T00:00:00.000Z;0.490
1988-02-19T00:00:00.000Z;0.420
1988-02-20T00:00:00.000Z;0.365
1988-02-21T00:00:00.000Z;0.325
1988-02-22T00:00:00.000Z;0.300
1988-02-23T00:00:00.000Z;0.275
1988-02-24T00:00:00.000Z;0.265
1988-02-25T00:00:00.000Z;0.260
1988-02-26T00:00:00.000Z;0.250
1988-02-27T00:00:00.000Z;0.240
1988-02-28T00:00:00.000Z;0.235
1988-02-29T00:00:00.000Z;0.240
1988-03-01T00:00:00.000Z;0.255
1988-03-02T00:00:00.000Z;0.290
1988-03-03T00:00:00.000Z;0.350
1988-03-04T00:00:00.000Z;0.445
1988-03-05T00:00:00.000Z;0.425
1988-03-06T00:00:00.000Z;0.365
1988-03-07T00:00:00.000Z;0.895
1988-03-08T00:00:00.000Z;Apr.90
1988-03-09T00:00:00.000Z;3.Oct
1988-03-10T00:00:00.000Z;Jan.67
1988-03-11T00:00:00.000Z;Jan.30
1988-03-12T00:00:00.000Z;Jan.33
1988-03-13T00:00:00.000Z;Jan.27
1988-03-14T00:00:00.000Z;Jan.14
1988-03-15T00:00:00.000Z;Jan.44
1988-03-16T00:00:00.000Z;Jan.36
1988-03-17T00:00:00.000Z;Feb.18
1988-03-18T00:00:00.000Z;Feb.64
1988-03-19T00:00:00.000Z;Feb.25
1988-03-20T00:00:00.000Z;Jan.43
1988-03-21T00:00:00.000Z;0.875
1988-03-22T00:00:00.000Z;0.755
1988-03-23T00:00:00.000Z;0.705
1988-03-24T00:00:00.000Z;0.610
1988-03-25T00:00:00.000Z;0.540
1988-03-26T00:00:00.000Z;0.520
1988-03-27T00:00:00.000Z;0.495
1988-03-28T00:00:00.000Z;0.510
1988-03-29T00:00:00.000Z;0.495
1988-03-30T00:00:00.000Z;0.820
1988-03-31T00:00:00.000Z;Jan.40
1988-04-01T00:00:00.000Z;Jan.47
1988-04-02T00:00:00.000Z;Jan.15
1988-04-03T00:00:00.000Z;Jan.14
1988-04-04T00:00:00.000Z;1.Aug
1988-04-05T00:00:00.000Z;0.855
1988-04-06T00:00:00.000Z;0.655
1988-04-07T00:00:00.000Z;0.535
1988-04-08T00:00:00.000Z;0.510
1988-04-09T00:00:00.000Z;0.465
1988-04-10T00:00:00.000Z;0.415
1988-04-11T00:00:00.000Z;0.375
1988-04-12T00:00:00.000Z;0.355
1988-04-13T00:00:00.000Z;0.335
1988-04-14T00:00:00.000Z;0.310
1988-04-15T00:00:00.000Z;0.305
1988-04-16T00:00:00.000Z;0.305
1988-04-17T00:00:00.000Z;0.350
1988-04-18T00:00:00.000Z;0.345
1988-04-19T00:00:00.000Z;0.330
1988-04-20T00:00:00.000Z;0.695
1988-04-21T00:00:00.000Z;0.645
1988-04-22T00:00:00.000Z;0.490
1988-04-23T00:00:00.000Z;2.00
1988-04-24T00:00:00.000Z;3.Dec
1988-04-25T00:00:00.000Z;Mar.48
1988-04-26T00:00:00.000Z;Jan.77
1988-04-27T00:00:00.000Z;Feb.16
1988-04-28T00:00:00.000Z;Jan.93
1988-04-29T00:00:00.000Z;Jan.17
1988-04-30T00:00:00.000Z;0.830
1988-05-01T00:00:00.000Z;0.700
1988-05-02T00:00:00.000Z;0.595
1988-05-03T00:00:00.000Z;0.545
1988-05-04T00:00:00.000Z;0.505
1988-05-05T00:00:00.000Z;0.450
1988-05-06T00:00:00.000Z;0.395
1988-05-07T00:00:00.000Z;0.360
1988-05-08T00:00:00.000Z;0.385
1988-05-09T00:00:00.000Z;0.445
1988-05-10T00:00:00.000Z;0.625
1988-05-11T00:00:00.000Z;0.650
1988-05-12T00:00:00.000Z;0.540
1988-05-13T00:00:00.000Z;0.555
1988-05-14T00:00:00.000Z;Jan.32
1988-05-15T00:00:00.000Z;0.935
1988-05-16T00:00:00.000Z;0.620
1988-05-17T00:00:00.000Z;0.705
1988-05-18T00:00:00.000Z;0.615
1988-05-19T00:00:00.000Z;0.620
1988-05-20T00:00:00.000Z;0.625
1988-05-21T00:00:00.000Z;0.535
1988-05-22T00:00:00.000Z;0.465
1988-05-23T00:00:00.000Z;0.390
1988-05-24T00:00:00.000Z;0.350
1988-05-25T00:00:00.000Z;0.330
1988-05-26T00:00:00.000Z;0.580
1988-05-27T00:00:00.000Z;1.May
1988-05-28T00:00:00.000Z;0.850
1988-05-29T00:00:00.000Z;0.635
1988-05-30T00:00:00.000Z;0.525
1988-05-31T00:00:00.000Z;0.460
1988-06-01T00:00:00.000Z;0.380
1988-06-02T00:00:00.000Z;0.335
1988-06-03T00:00:00.000Z;0.310
1988-06-04T00:00:00.000Z;0.350
1988-06-05T00:00:00.000Z;0.515
1988-06-06T00:00:00.000Z;0.455
1988-06-07T00:00:00.000Z;0.385
1988-06-08T00:00:00.000Z;0.315
1988-06-09T00:00:00.000Z;0.280
1988-06-10T00:00:00.000Z;0.265
1988-06-11T00:00:00.000Z;Jan.14
1988-06-12T00:00:00.000Z;Feb.38
1988-06-13T00:00:00.000Z;Jan.27
1988-06-14T00:00:00.000Z;0.760
1988-06-15T00:00:00.000Z;0.560
1988-06-16T00:00:00.000Z;0.495
1988-06-17T00:00:00.000Z;0.480
1988-06-18T00:00:00.000Z;0.895
1988-06-19T00:00:00.000Z;Jan.35
1988-06-20T00:00:00.000Z;0.885
1988-06-21T00:00:00.000Z;0.570
1988-06-22T00:00:00.000Z;0.455
1988-06-23T00:00:00.000Z;0.365
1988-06-24T00:00:00.000Z;0.860
1988-06-25T00:00:00.000Z;Jan.20
1988-06-26T00:00:00.000Z;0.665
1988-06-27T00:00:00.000Z;0.500
1988-06-28T00:00:00.000Z;0.505
1988-06-29T00:00:00.000Z;0.445
1988-06-30T00:00:00.000Z;0.360
1988-07-01T00:00:00.000Z;0.335
1988-07-02T00:00:00.000Z;0.340
1988-07-03T00:00:00.000Z;0.405
1988-07-04T00:00:00.000Z;0.415
1988-07-05T00:00:00.000Z;0.310
1988-07-06T00:00:00.000Z;0.275
1988-07-07T00:00:00.000Z;0.255
1988-07-08T00:00:00.000Z;0.245
1988-07-09T00:00:00.000Z;0.230
1988-07-10T00:00:00.000Z;0.215
1988-07-11T00:00:00.000Z;0.205
1988-07-12T00:00:00.000Z;0.200
1988-07-13T00:00:00.000Z;0.195
1988-07-14T00:00:00.000Z;0.190
1988-07-15T00:00:00.000Z;0.185
1988-07-16T00:00:00.000Z;0.180
1988-07-17T00:00:00.000Z;0.175
1988-07-18T00:00:00.000Z;0.170
1988-07-19T00:00:00.000Z;0.165
1988-07-20T00:00:00.000Z;0.160
1988-07-21T00:00:00.000Z;0.160
1988-07-22T00:00:00.000Z;0.155
1988-07-23T00:00:00.000Z;0.155
1988-07-24T00:00:00.000Z;0.150
1988-07-25T00:00:00.000Z;0.150
1988-07-26T00:00:00.000Z;0.150
1988-07-27T00:00:00.000Z;0.150
1988-07-28T00:00:00.000Z;0.145
1988-07-29T00:00:00.000Z;0.145
1988-07-30T00:00:00.000Z;0.155
1988-07-31T00:00:00.000Z;0.150
1988-08-01T00:00:00.000Z;0.140
1988-08-02T00:00:00.000Z;0.135
1988-08-03T00:00:00.000Z;0.145
1988-08-04T00:00:00.000Z;0.355
1988-08-05T00:00:00.000Z;0.215
1988-08-06T00:00:00.000Z;0.165
1988-08-07T00:00:00.000Z;0.150
1988-08-08T00:00:00.000Z;0.140
1988-08-09T00:00:00.000Z;0.138
1988-08-10T00:00:00.000Z;0.135
1988-08-11T00:00:00.000Z;0.133
1988-08-12T00:00:00.000Z;0.130
1988-08-13T00:00:00.000Z;0.130
1988-08-14T00:00:00.000Z;0.128
1988-08-15T00:00:00.000Z;0.128
1988-08-16T00:00:00.000Z;0.127
1988-08-17T00:00:00.000Z;0.126
1988-08-18T00:00:00.000Z;0.126
1988-08-19T00:00:00.000Z;0.125
1988-08-20T00:00:00.000Z;0.125
1988-08-21T00:00:00.000Z;0.130
1988-08-22T00:00:00.000Z;0.150
1988-08-23T00:00:00.000Z;0.160
1988-08-24T00:00:00.000Z;0.145
1988-08-25T00:00:00.000Z;0.138
1988-08-26T00:00:00.000Z;0.135
1988-08-27T00:00:00.000Z;0.133
1988-08-28T00:00:00.000Z;0.130
1988-08-29T00:00:00.000Z;0.130
1988-08-30T00:00:00.000Z;0.150
1988-08-31T00:00:00.000Z;0.155
1988-09-01T00:00:00.000Z;0.135
1988-09-02T00:00:00.000Z;0.130
1988-09-03T00:00:00.000Z;0.135
1988-09-04T00:00:00.000Z;0.130
1988-09-05T00:00:00.000Z;0.130
1988-09-06T00:00:00.000Z;0.128
1988-09-07T00:00:00.000Z;0.128
1988-09-08T00:00:00.000Z;0.125
1988-09-09T00:00:00.000Z;0.125
1988-09-10T00:00:00.000Z;0.123
1988-09-11T00:00:00.000Z;0.123
1988-09-12T00:00:00.000Z;0.120
1988-09-13T00:00:00.000Z;0.120
1988-09-14T00:00:00.000Z;0.125
1988-09-15T00:00:00.000Z;0.130
1988-09-16T00:00:00.000Z;0.135
1988-09-17T00:00:00.000Z;0.390
1988-09-18T00:00:00.000Z;0.345
1988-09-19T00:00:00.000Z;0.190
1988-09-20T00:00:00.000Z;0.150
1988-09-21T00:00:00.000Z;0.135
1988-09-22T00:00:00.000Z;0.130
1988-09-23T00:00:00.000Z;0.125
1988-09-24T00:00:00.000Z;0.120
1988-09-25T00:00:00.000Z;0.115
1988-09-26T00:00:00.000Z;0.112
1988-09-27T00:00:00.000Z;0.110
1988-09-28T00:00:00.000Z;0.105
1988-09-29T00:00:00.000Z;0.103
1988-09-30T00:00:00.000Z;0.250
1988-10-01T00:00:00.000Z;0.255
1988-10-02T00:00:00.000Z;0.155
1988-10-03T00:00:00.000Z;0.130
1988-10-04T00:00:00.000Z;0.120
1988-10-05T00:00:00.000Z;0.115
1988-10-06T00:00:00.000Z;0.110
1988-10-07T00:00:00.000Z;0.108
1988-10-08T00:00:00.000Z;0.105
1988-10-09T00:00:00.000Z;0.102
1988-10-10T00:00:00.000Z;0.100
1988-10-11T00:00:00.000Z;0.0980
1988-10-12T00:00:00.000Z;0.0960
1988-10-13T00:00:00.000Z;0.0950
1988-10-14T00:00:00.000Z;0.0930
1988-10-15T00:00:00.000Z;0.0900
1988-10-16T00:00:00.000Z;0.0900
1988-10-17T00:00:00.000Z;0.0880
1988-10-18T00:00:00.000Z;0.0860
1988-10-19T00:00:00.000Z;0.0850
1988-10-20T00:00:00.000Z;0.0850
1988-10-21T00:00:00.000Z;0.0830
1988-10-22T00:00:00.000Z;0.0820
1988-10-23T00:00:00.000Z;0.0800
1988-10-24T00:00:00.000Z;0.0780
1988-10-25T00:00:00.000Z;0.0760
1988-10-26T00:00:00.000Z;0.0760
1988-10-27T00:00:00.000Z;0.0750
1988-10-28T00:00:00.000Z;0.0750
1988-10-29T00:00:00.000Z;0.0730
1988-10-30T00:00:00.000Z;0.0720
1988-10-31T00:00:00.000Z;0.0700
1988-11-01T00:00:00.000Z;0.0690
1988-11-02T00:00:00.000Z;0.0690
1988-11-03T00:00:00.000Z;0.0680
1988-11-04T00:00:00.000Z;0.0680
1988-11-05T00:00:00.000Z;0.0670
1988-11-06T00:00:00.000Z;0.0670
1988-11-07T00:00:00.000Z;0.0660
1988-11-08T00:00:00.000Z;0.0660
1988-11-09T00:00:00.000Z;0.0650
1988-11-10T00:00:00.000Z;0.0650
1988-11-11T00:00:00.000Z;0.0640
1988-11-12T00:00:00.000Z;0.0640
1988-11-13T00:00:00.000Z;0.0630
1988-11-14T00:00:00.000Z;0.0630
1988-11-15T00:00:00.000Z;0.0620
1988-11-16T00:00:00.000Z;0.0620
1988-11-17T00:00:00.000Z;0.0610
1988-11-18T00:00:00.000Z;0.0610
1988-11-19T00:00:00.000Z;0.0600
1988-11-20T00:00:00.000Z;0.0600
1988-11-21T00:00:00.000Z;0.0590
1988-11-22T00:00:00.000Z;0.0590
1988-11-23T00:00:00.000Z;0.0580
1988-11-24T00:00:00.000Z;0.0580
1988-11-25T00:00:00.000Z;0.0570
1988-11-26T00:00:00.000Z;0.0570
1988-11-27T00:00:00.000Z;0.0560
1988-11-28T00:00:00.000Z;0.0560
1988-11-29T00:00:00.000Z;0.0560
1988-11-30T00:00:00.000Z;0.0550
1988-12-01T00:00:00.000Z;0.0600
1988-12-02T00:00:00.000Z;0.0750
1988-12-03T00:00:00.000Z;0.0950
1988-12-04T00:00:00.000Z;0.0850
1988-12-05T00:00:00.000Z;0.0750
1988-12-06T00:00:00.000Z;0.0900
1988-12-07T00:00:00.000Z;0.230
1988-12-08T00:00:00.000Z;0.175
1988-12-09T00:00:00.000Z;0.140
1988-12-10T00:00:00.000Z;0.130
1988-12-11T00:00:00.000Z;0.150
1988-12-12T00:00:00.000Z;0.180
1988-12-13T00:00:00.000Z;0.205
1988-12-14T00:00:00.000Z;0.195
1988-12-15T00:00:00.000Z;0.165
1988-12-16T00:00:00.000Z;0.145
1988-12-17T00:00:00.000Z;0.135
1988-12-18T00:00:00.000Z;0.125
1988-12-19T00:00:00.000Z;0.115
1988-12-20T00:00:00.000Z;0.230
1988-12-21T00:00:00.000Z;0.365
1988-12-22T00:00:00.000Z;0.230
1988-12-23T00:00:00.000Z;0.200
1988-12-24T00:00:00.000Z;0.175
1988-12-25T00:00:00.000Z;0.155
1988-12-26T00:00:00.000Z;0.140
1988-12-27T00:00:00.000Z;0.135
1988-12-28T00:00:00.000Z;0.125
1988-12-29T00:00:00.000Z;0.120
1988-12-30T00:00:00.000Z;0.115
1988-12-31T00:00:00.000Z;0.110
1989-01-01T00:00:00.000Z;0.105
1989-01-02T00:00:00.000Z;0.100
1989-01-03T00:00:00.000Z;0.0980
1989-01-04T00:00:00.000Z;0.0960
1989-01-05T00:00:00.000Z;0.0950
1989-01-06T00:00:00.000Z;0.0850
1989-01-07T00:00:00.000Z;0.155
1989-01-08T00:00:00.000Z;0.160
1989-01-09T00:00:00.000Z;0.140
1989-01-10T00:00:00.000Z;0.125
1989-01-11T00:00:00.000Z;0.120
1989-01-12T00:00:00.000Z;0.110
1989-01-13T00:00:00.000Z;0.100
1989-01-14T00:00:00.000Z;0.0950
1989-01-15T00:00:00.000Z;0.0930
1989-01-16T00:00:00.000Z;0.0900
1989-01-17T00:00:00.000Z;0.0850
1989-01-18T00:00:00.000Z;0.0820
1989-01-19T00:00:00.000Z;0.0800
1989-01-20T00:00:00.000Z;0.0780
1989-01-21T00:00:00.000Z;0.0750
1989-01-22T00:00:00.000Z;0.0950
1989-01-23T00:00:00.000Z;0.125
1989-01-24T00:00:00.000Z;0.120
1989-01-25T00:00:00.000Z;0.115
1989-01-26T00:00:00.000Z;0.110
1989-01-27T00:00:00.000Z;0.105
1989-01-28T00:00:00.000Z;0.0950
1989-01-29T00:00:00.000Z;0.0900
1989-01-30T00:00:00.000Z;0.0890
1989-01-31T00:00:00.000Z;0.0880
1989-02-01T00:00:00.000Z;0.0870
1989-02-02T00:00:00.000Z;0.0860
1989-02-03T00:00:00.000Z;0.0850
1989-02-04T00:00:00.000Z;0.0850
1989-02-05T00:00:00.000Z;0.0840
1989-02-06T00:00:00.000Z;0.0830
1989-02-07T00:00:00.000Z;0.0820
1989-02-08T00:00:00.000Z;0.0810
1989-02-09T00:00:00.000Z;0.0800
1989-02-10T00:00:00.000Z;0.0790
1989-02-11T00:00:00.000Z;0.0790
1989-02-12T00:00:00.000Z;0.0780
1989-02-13T00:00:00.000Z;0.0770
1989-02-14T00:00:00.000Z;0.0760
1989-02-15T00:00:00.000Z;0.0750
1989-02-16T00:00:00.000Z;0.0750
1989-02-17T00:00:00.000Z;0.0740
1989-02-18T00:00:00.000Z;0.0730
1989-02-19T00:00:00.000Z;0.0720
1989-02-20T00:00:00.000Z;0.0710
1989-02-21T00:00:00.000Z;0.0710
1989-02-22T00:00:00.000Z;0.0700
1989-02-23T00:00:00.000Z;0.0750
1989-02-24T00:00:00.000Z;0.105
1989-02-25T00:00:00.000Z;0.220
1989-02-26T00:00:00.000Z;1.Jan
1989-02-27T00:00:00.000Z;0.575
1989-02-28T00:00:00.000Z;0.730
1989-03-01T00:00:00.000Z;1.Dec
1989-03-02T00:00:00.000Z;0.920
1989-03-03T00:00:00.000Z;0.900
1989-03-04T00:00:00.000Z;0.805
1989-03-05T00:00:00.000Z;0.525
1989-03-06T00:00:00.000Z;0.385
1989-03-07T00:00:00.000Z;0.300
1989-03-08T00:00:00.000Z;0.555
1989-03-09T00:00:00.000Z;0.595
1989-03-10T00:00:00.000Z;0.370
1989-03-11T00:00:00.000Z;0.280
1989-03-12T00:00:00.000Z;0.250
1989-03-13T00:00:00.000Z;0.235
1989-03-14T00:00:00.000Z;0.295
1989-03-15T00:00:00.000Z;0.310
1989-03-16T00:00:00.000Z;0.270
1989-03-17T00:00:00.000Z;0.300
1989-03-18T00:00:00.000Z;0.685
1989-03-19T00:00:00.000Z;0.655
1989-03-20T00:00:00.000Z;0.565
1989-03-21T00:00:00.000Z;0.585
1989-03-22T00:00:00.000Z;0.810
1989-03-23T00:00:00.000Z;0.815
1989-03-24T00:00:00.000Z;0.610
1989-03-25T00:00:00.000Z;0.490
1989-03-26T00:00:00.000Z;0.395
1989-03-27T00:00:00.000Z;0.335
1989-03-28T00:00:00.000Z;0.295
1989-03-29T00:00:00.000Z;0.265
1989-03-30T00:00:00.000Z;0.250
1989-03-31T00:00:00.000Z;0.235
1989-04-01T00:00:00.000Z;0.505
1989-04-02T00:00:00.000Z;0.575
1989-04-03T00:00:00.000Z;0.480
1989-04-04T00:00:00.000Z;0.525
1989-04-05T00:00:00.000Z;0.540
1989-04-06T00:00:00.000Z;0.425
1989-04-07T00:00:00.000Z;0.355
1989-04-08T00:00:00.000Z;0.325
1989-04-09T00:00:00.000Z;0.310
1989-04-10T00:00:00.000Z;0.350
1989-04-11T00:00:00.000Z;0.405
1989-04-12T00:00:00.000Z;0.670
1989-04-13T00:00:00.000Z;Jan.13
1989-04-14T00:00:00.000Z;Jan.16
1989-04-15T00:00:00.000Z;Jan.26
1989-04-16T00:00:00.000Z;Jan.85
1989-04-17T00:00:00.000Z;Jan.58
1989-04-18T00:00:00.000Z;Jan.40
1989-04-19T00:00:00.000Z;1.Dec
1989-04-20T00:00:00.000Z;0.790
1989-04-21T00:00:00.000Z;0.865
1989-04-22T00:00:00.000Z;0.810
1989-04-23T00:00:00.000Z;0.600
1989-04-24T00:00:00.000Z;0.510
1989-04-25T00:00:00.000Z;0.435
1989-04-26T00:00:00.000Z;0.620
1989-04-27T00:00:00.000Z;0.850
1989-04-28T00:00:00.000Z;Feb.72
1989-04-29T00:00:00.000Z;Feb.49
1989-04-30T00:00:00.000Z;2.Dec
1989-05-01T00:00:00.000Z;Jan.95
1989-05-02T00:00:00.000Z;Jan.40
1989-05-03T00:00:00.000Z;0.920
1989-05-04T00:00:00.000Z;0.635
1989-05-05T00:00:00.000Z;0.520
1989-05-06T00:00:00.000Z;0.440
1989-05-07T00:00:00.000Z;0.380
1989-05-08T00:00:00.000Z;0.345
1989-05-09T00:00:00.000Z;0.315
1989-05-10T00:00:00.000Z;0.290
1989-05-11T00:00:00.000Z;0.275
1989-05-12T00:00:00.000Z;0.270
1989-05-13T00:00:00.000Z;0.260
1989-05-14T00:00:00.000Z;0.270
1989-05-15T00:00:00.000Z;0.255
1989-05-16T00:00:00.000Z;0.235
1989-05-17T00:00:00.000Z;0.220
1989-05-18T00:00:00.000Z;0.210
1989-05-19T00:00:00.000Z;0.200
1989-05-20T00:00:00.000Z;0.200
1989-05-21T00:00:00.000Z;0.195
1989-05-22T00:00:00.000Z;0.185
1989-05-23T00:00:00.000Z;0.185
1989-05-24T00:00:00.000Z;0.185
1989-05-25T00:00:00.000Z;0.180
1989-05-26T00:00:00.000Z;0.170
1989-05-27T00:00:00.000Z;0.165
1989-05-28T00:00:00.000Z;0.160
1989-05-29T00:00:00.000Z;0.154
1989-05-30T00:00:00.000Z;0.155
1989-05-31T00:00:00.000Z;0.160
1989-06-01T00:00:00.000Z;0.165
1989-06-02T00:00:00.000Z;0.165
1989-06-03T00:00:00.000Z;0.160
1989-06-04T00:00:00.000Z;0.155
1989-06-05T00:00:00.000Z;0.153
1989-06-06T00:00:00.000Z;0.150
1989-06-07T00:00:00.000Z;0.145
1989-06-08T00:00:00.000Z;0.137
1989-06-09T00:00:00.000Z;0.133
1989-06-10T00:00:00.000Z;0.129
1989-06-11T00:00:00.000Z;0.127
1989-06-12T00:00:00.000Z;0.125
1989-06-13T00:00:00.000Z;0.124
1989-06-14T00:00:00.000Z;0.122
1989-06-15T00:00:00.000Z;0.120
1989-06-16T00:00:00.000Z;0.118
1989-06-17T00:00:00.000Z;0.116
1989-06-18T00:00:00.000Z;0.115
1989-06-19T00:00:00.000Z;0.113
1989-06-20T00:00:00.000Z;0.111
1989-06-21T00:00:00.000Z;0.110
1989-06-22T00:00:00.000Z;0.108
1989-06-23T00:00:00.000Z;0.107
1989-06-24T00:00:00.000Z;0.105
1989-06-25T00:00:00.000Z;0.104
1989-06-26T00:00:00.000Z;0.102
1989-06-27T00:00:00.000Z;0.101
1989-06-28T00:00:00.000Z;0.0990
1989-06-29T00:00:00.000Z;0.0980
1989-06-30T00:00:00.000Z;0.0960
1989-07-01T00:00:00.000Z;0.0950
1989-07-02T00:00:00.000Z;0.0930
1989-07-03T00:00:00.000Z;0.0920
1989-07-04T00:00:00.000Z;0.0910
1989-07-05T00:00:00.000Z;0.0890
1989-07-06T00:00:00.000Z;0.0880
1989-07-07T00:00:00.000Z;0.0870
1989-07-08T00:00:00.000Z;0.0860
1989-07-09T00:00:00.000Z;0.0840
1989-07-10T00:00:00.000Z;0.0830
1989-07-11T00:00:00.000Z;0.0820
1989-07-12T00:00:00.000Z;0.0810
1989-07-13T00:00:00.000Z;0.0790
1989-07-14T00:00:00.000Z;0.0780
1989-07-15T00:00:00.000Z;0.0770
1989-07-16T00:00:00.000Z;0.0760
1989-07-17T00:00:00.000Z;0.0750
1989-07-18T00:00:00.000Z;0.0740
1989-07-19T00:00:00.000Z;0.0730
1989-07-20T00:00:00.000Z;0.0720
1989-07-21T00:00:00.000Z;0.0710
1989-07-22T00:00:00.000Z;0.0700
1989-07-23T00:00:00.000Z;0.0690
1989-07-24T00:00:00.000Z;0.0680
1989-07-25T00:00:00.000Z;0.0670
1989-07-26T00:00:00.000Z;0.0660
1989-07-27T00:00:00.000Z;0.0650
1989-07-28T00:00:00.000Z;0.0640
1989-07-29T00:00:00.000Z;0.0630
1989-07-30T00:00:00.000Z;0.0620
1989-07-31T00:00:00.000Z;0.0610
1989-08-01T00:00:00.000Z;0.0600
1989-08-02T00:00:00.000Z;0.0590
1989-08-03T00:00:00.000Z;0.0580
1989-08-04T00:00:00.000Z;0.0580
1989-08-05T00:00:00.000Z;0.0570
1989-08-06T00:00:00.000Z;0.0560
1989-08-07T00:00:00.000Z;0.0550
1989-08-08T00:00:00.000Z;0.0540
1989-08-09T00:00:00.000Z;0.0530
1989-08-10T00:00:00.000Z;0.0530
1989-08-11T00:00:00.000Z;0.0520
1989-08-12T00:00:00.000Z;0.0510
1989-08-13T00:00:00.000Z;0.0500
1989-08-14T00:00:00.000Z;0.0500
1989-08-15T00:00:00.000Z;0.0490
1989-08-16T00:00:00.000Z;0.0490
1989-08-17T00:00:00.000Z;0.0480
1989-08-18T00:00:00.000Z;0.0470
1989-08-19T00:00:00.000Z;0.0470
1989-08-20T00:00:00.000Z;0.0460
1989-08-21T00:00:00.000Z;0.0450
1989-08-22T00:00:00.000Z;0.0450
1989-08-23T00:00:00.000Z;0.0440
1989-08-24T00:00:00.000Z;0.0430
1989-08-25T00:00:00.000Z;0.0430
1989-08-26T00:00:00.000Z;0.0420
1989-08-27T00:00:00.000Z;0.0410
1989-08-28T00:00:00.000Z;0.0410
1989-08-29T00:00:00.000Z;0.0400
1989-08-30T00:00:00.000Z;0.0400
1989-08-31T00:00:00.000Z;0.0390
1989-09-01T00:00:00.000Z;0.0500
1989-09-02T00:00:00.000Z;0.0600
1989-09-03T00:00:00.000Z;0.0590
1989-09-04T00:00:00.000Z;0.0580
1989-09-05T00:00:00.000Z;0.0570
1989-09-06T00:00:00.000Z;0.0570
1989-09-07T00:00:00.000Z;0.0560
1989-09-08T00:00:00.000Z;0.0550
1989-09-09T00:00:00.000Z;0.0500
1989-09-10T00:00:00.000Z;0.0490
1989-09-11T00:00:00.000Z;0.0490
1989-09-12T00:00:00.000Z;0.0480
1989-09-13T00:00:00.000Z;0.0470
1989-09-14T00:00:00.000Z;0.0460
1989-09-15T00:00:00.000Z;0.0460
1989-09-16T00:00:00.000Z;0.0450
1989-09-17T00:00:00.000Z;0.0440
1989-09-18T00:00:00.000Z;0.0440
1989-09-19T00:00:00.000Z;0.0430
1989-09-20T00:00:00.000Z;0.0430
1989-09-21T00:00:00.000Z;0.0420
1989-09-22T00:00:00.000Z;0.0600
1989-09-23T00:00:00.000Z;0.300
1989-09-24T00:00:00.000Z;0.170
1989-09-25T00:00:00.000Z;0.0950
1989-09-26T00:00:00.000Z;0.0750
1989-09-27T00:00:00.000Z;0.0600
1989-09-28T00:00:00.000Z;0.0590
1989-09-29T00:00:00.000Z;0.0580
1989-09-30T00:00:00.000Z;0.0570
1989-10-01T00:00:00.000Z;0.0570
1989-10-02T00:00:00.000Z;0.0570
1989-10-03T00:00:00.000Z;0.0560
1989-10-04T00:00:00.000Z;0.0550
1989-10-05T00:00:00.000Z;0.0540
1989-10-06T00:00:00.000Z;0.0530
1989-10-07T00:00:00.000Z;0.0550
1989-10-08T00:00:00.000Z;0.155
1989-10-09T00:00:00.000Z;0.240
1989-10-10T00:00:00.000Z;0.155
1989-10-11T00:00:00.000Z;0.115
1989-10-12T00:00:00.000Z;0.0950
1989-10-13T00:00:00.000Z;0.0940
1989-10-14T00:00:00.000Z;0.0920
1989-10-15T00:00:00.000Z;0.0910
1989-10-16T00:00:00.000Z;0.0900
1989-10-17T00:00:00.000Z;0.0880
1989-10-18T00:00:00.000Z;0.0870
1989-10-19T00:00:00.000Z;0.0860
1989-10-20T00:00:00.000Z;0.0840
1989-10-21T00:00:00.000Z;0.0830
1989-10-22T00:00:00.000Z;0.0820
1989-10-23T00:00:00.000Z;0.0810
1989-10-24T00:00:00.000Z;0.0800
1989-10-25T00:00:00.000Z;0.0780
1989-10-26T00:00:00.000Z;0.0770
1989-10-27T00:00:00.000Z;0.0760
1989-10-28T00:00:00.000Z;0.0750
1989-10-29T00:00:00.000Z;0.0740
1989-10-30T00:00:00.000Z;0.0730
1989-10-31T00:00:00.000Z;0.0720
1989-11-01T00:00:00.000Z;0.0710
1989-11-02T00:00:00.000Z;0.0700
1989-11-03T00:00:00.000Z;0.0690
1989-11-04T00:00:00.000Z;0.0680
1989-11-05T00:00:00.000Z;0.0740
1989-11-06T00:00:00.000Z;0.130
1989-11-07T00:00:00.000Z;0.170
1989-11-08T00:00:00.000Z;0.205
1989-11-09T00:00:00.000Z;0.210
1989-11-10T00:00:00.000Z;0.190
1989-11-11T00:00:00.000Z;0.140
1989-11-12T00:00:00.000Z;0.115
1989-11-13T00:00:00.000Z;0.0900
1989-11-14T00:00:00.000Z;0.0790
1989-11-15T00:00:00.000Z;0.0790
1989-11-16T00:00:00.000Z;0.0780
1989-11-17T00:00:00.000Z;0.0770
1989-11-18T00:00:00.000Z;0.0760
1989-11-19T00:00:00.000Z;0.0740
1989-11-20T00:00:00.000Z;0.0730
1989-11-21T00:00:00.000Z;0.0720
1989-11-22T00:00:00.000Z;0.0710
1989-11-23T00:00:00.000Z;0.0700
1989-11-24T00:00:00.000Z;0.0690
1989-11-25T00:00:00.000Z;0.0680
1989-11-26T00:00:00.000Z;0.0670
1989-11-27T00:00:00.000Z;0.0660
1989-11-28T00:00:00.000Z;0.0650
1989-11-29T00:00:00.000Z;0.0640
1989-11-30T00:00:00.000Z;0.0630
1989-12-01T00:00:00.000Z;0.0620
1989-12-02T00:00:00.000Z;0.0620
1989-12-03T00:00:00.000Z;0.0610
1989-12-04T00:00:00.000Z;0.0600
1989-12-05T00:00:00.000Z;0.0590
1989-12-06T00:00:00.000Z;0.0580
1989-12-07T00:00:00.000Z;0.0570
1989-12-08T00:00:00.000Z;0.0560
1989-12-09T00:00:00.000Z;0.0560
1989-12-10T00:00:00.000Z;0.0550
1989-12-11T00:00:00.000Z;0.0540
1989-12-12T00:00:00.000Z;0.0530
1989-12-13T00:00:00.000Z;0.0520
1989-12-14T00:00:00.000Z;0.0520
1989-12-15T00:00:00.000Z;0.0510
1989-12-16T00:00:00.000Z;0.0500
1989-12-17T00:00:00.000Z;0.0490
1989-12-18T00:00:00.000Z;0.0490
1989-12-19T00:00:00.000Z;0.0480
1989-12-20T00:00:00.000Z;0.0470
1989-12-21T00:00:00.000Z;0.0470
1989-12-22T00:00:00.000Z;0.0460
1989-12-23T00:00:00.000Z;0.0450
1989-12-24T00:00:00.000Z;0.0450
1989-12-25T00:00:00.000Z;0.0440
1989-12-26T00:00:00.000Z;0.0430
1989-12-27T00:00:00.000Z;0.0430
1989-12-28T00:00:00.000Z;0.0440
1989-12-29T00:00:00.000Z;0.0460
1989-12-30T00:00:00.000Z;0.0480
1989-12-31T00:00:00.000Z;0.0500
1990-01-01T00:00:00.000Z;0.0490
1990-01-02T00:00:00.000Z;0.0490
1990-01-03T00:00:00.000Z;0.0480
1990-01-04T00:00:00.000Z;0.0470
1990-01-05T00:00:00.000Z;0.0470
1990-01-06T00:00:00.000Z;0.0460
1990-01-07T00:00:00.000Z;0.0450
1990-01-08T00:00:00.000Z;0.0450
1990-01-09T00:00:00.000Z;0.0840
1990-01-10T00:00:00.000Z;0.150
1990-01-11T00:00:00.000Z;0.105
1990-01-12T00:00:00.000Z;0.0750
1990-01-13T00:00:00.000Z;0.0650
1990-01-14T00:00:00.000Z;0.0620
1990-01-15T00:00:00.000Z;0.0600
1990-01-16T00:00:00.000Z;0.0580
1990-01-17T00:00:00.000Z;0.0530
1990-01-18T00:00:00.000Z;0.0520
1990-01-19T00:00:00.000Z;0.0500
1990-01-20T00:00:00.000Z;0.0490
1990-01-21T00:00:00.000Z;0.0490
1990-01-22T00:00:00.000Z;0.0480
1990-01-23T00:00:00.000Z;0.0470
1990-01-24T00:00:00.000Z;0.0470
1990-01-25T00:00:00.000Z;0.0460
1990-01-26T00:00:00.000Z;0.0700
1990-01-27T00:00:00.000Z;0.160
1990-01-28T00:00:00.000Z;0.120
1990-01-29T00:00:00.000Z;0.170
1990-01-30T00:00:00.000Z;0.165
1990-01-31T00:00:00.000Z;0.125
1990-02-01T00:00:00.000Z;0.135
1990-02-02T00:00:00.000Z;0.215
1990-02-03T00:00:00.000Z;0.175
1990-02-04T00:00:00.000Z;0.155
1990-02-05T00:00:00.000Z;0.140
1990-02-06T00:00:00.000Z;0.120
1990-02-07T00:00:00.000Z;0.0950
1990-02-08T00:00:00.000Z;0.0850
1990-02-09T00:00:00.000Z;0.0750
1990-02-10T00:00:00.000Z;0.0730
1990-02-11T00:00:00.000Z;0.110
1990-02-12T00:00:00.000Z;0.750
1990-02-13T00:00:00.000Z;Feb.28
1990-02-14T00:00:00.000Z;Feb.45
1990-02-15T00:00:00.000Z;Jan.36
1990-02-16T00:00:00.000Z;0.560
1990-02-17T00:00:00.000Z;0.295
1990-02-18T00:00:00.000Z;0.245
1990-02-19T00:00:00.000Z;0.215
1990-02-20T00:00:00.000Z;0.180
1990-02-21T00:00:00.000Z;0.165
1990-02-22T00:00:00.000Z;0.145
1990-02-23T00:00:00.000Z;0.135
1990-02-24T00:00:00.000Z;0.130
1990-02-25T00:00:00.000Z;0.127
1990-02-26T00:00:00.000Z;0.125
1990-02-27T00:00:00.000Z;0.122
1990-02-28T00:00:00.000Z;0.120
1990-03-01T00:00:00.000Z;0.117
1990-03-02T00:00:00.000Z;0.113
1990-03-03T00:00:00.000Z;0.110
1990-03-04T00:00:00.000Z;0.108
1990-03-05T00:00:00.000Z;0.106
1990-03-06T00:00:00.000Z;0.105
1990-03-07T00:00:00.000Z;0.103
1990-03-08T00:00:00.000Z;0.105
1990-03-09T00:00:00.000Z;0.130
1990-03-10T00:00:00.000Z;0.185
1990-03-11T00:00:00.000Z;0.180
1990-03-12T00:00:00.000Z;0.160
1990-03-13T00:00:00.000Z;0.145
1990-03-14T00:00:00.000Z;0.150
1990-03-15T00:00:00.000Z;0.260
1990-03-16T00:00:00.000Z;0.220
1990-03-17T00:00:00.000Z;0.205
1990-03-18T00:00:00.000Z;0.180
1990-03-19T00:00:00.000Z;0.155
1990-03-20T00:00:00.000Z;0.145
1990-03-21T00:00:00.000Z;0.140
1990-03-22T00:00:00.000Z;0.135
1990-03-23T00:00:00.000Z;0.135
1990-03-24T00:00:00.000Z;0.135
1990-03-25T00:00:00.000Z;0.130
1990-03-26T00:00:00.000Z;0.130
1990-03-27T00:00:00.000Z;0.130
1990-03-28T00:00:00.000Z;0.130
1990-03-29T00:00:00.000Z;0.130
1990-03-30T00:00:00.000Z;0.145
1990-03-31T00:00:00.000Z;0.250
1990-04-01T00:00:00.000Z;0.250
1990-04-02T00:00:00.000Z;0.230
1990-04-03T00:00:00.000Z;0.690
1990-04-04T00:00:00.000Z;Jan.15
1990-04-05T00:00:00.000Z;0.600
1990-04-06T00:00:00.000Z;0.375
1990-04-07T00:00:00.000Z;0.275
1990-04-08T00:00:00.000Z;0.245
1990-04-09T00:00:00.000Z;0.300
1990-04-10T00:00:00.000Z;0.510
1990-04-11T00:00:00.000Z;0.480
1990-04-12T00:00:00.000Z;1.May
1990-04-13T00:00:00.000Z;0.825
1990-04-14T00:00:00.000Z;0.590
1990-04-15T00:00:00.000Z;0.750
1990-04-16T00:00:00.000Z;0.985
1990-04-17T00:00:00.000Z;0.645
1990-04-18T00:00:00.000Z;0.535
1990-04-19T00:00:00.000Z;Jan.58
1990-04-20T00:00:00.000Z;Feb.28
1990-04-21T00:00:00.000Z;Jan.78
1990-04-22T00:00:00.000Z;Jan.33
1990-04-23T00:00:00.000Z;Jan.14
1990-04-24T00:00:00.000Z;1.Apr
1990-04-25T00:00:00.000Z;1.Apr
1990-04-26T00:00:00.000Z;1.Dec
1990-04-27T00:00:00.000Z;0.880
1990-04-28T00:00:00.000Z;0.620
1990-04-29T00:00:00.000Z;0.480
1990-04-30T00:00:00.000Z;0.390
1990-05-01T00:00:00.000Z;0.330
1990-05-02T00:00:00.000Z;0.295
1990-05-03T00:00:00.000Z;0.265
1990-05-04T00:00:00.000Z;0.255
1990-05-05T00:00:00.000Z;0.245
1990-05-06T00:00:00.000Z;0.235
1990-05-07T00:00:00.000Z;0.230
1990-05-08T00:00:00.000Z;0.215
1990-05-09T00:00:00.000Z;0.205
1990-05-10T00:00:00.000Z;0.200
1990-05-11T00:00:00.000Z;0.370
1990-05-12T00:00:00.000Z;0.350
1990-05-13T00:00:00.000Z;0.250
1990-05-14T00:00:00.000Z;0.240
1990-05-15T00:00:00.000Z;0.220
1990-05-16T00:00:00.000Z;0.210
1990-05-17T00:00:00.000Z;0.205
1990-05-18T00:00:00.000Z;0.245
1990-05-19T00:00:00.000Z;0.245
1990-05-20T00:00:00.000Z;0.235
1990-05-21T00:00:00.000Z;0.295
1990-05-22T00:00:00.000Z;0.535
1990-05-23T00:00:00.000Z;0.845
1990-05-24T00:00:00.000Z;Jan.75
1990-05-25T00:00:00.000Z;Mar.27
1990-05-26T00:00:00.000Z;Jan.86
1990-05-27T00:00:00.000Z;Jan.28
1990-05-28T00:00:00.000Z;Jan.90
1990-05-29T00:00:00.000Z;1.May
1990-05-30T00:00:00.000Z;0.645
1990-05-31T00:00:00.000Z;0.500
1990-06-01T00:00:00.000Z;0.405
1990-06-02T00:00:00.000Z;0.350
1990-06-03T00:00:00.000Z;0.315
1990-06-04T00:00:00.000Z;0.290
1990-06-05T00:00:00.000Z;0.345
1990-06-06T00:00:00.000Z;0.705
1990-06-07T00:00:00.000Z;0.610
1990-06-08T00:00:00.000Z;0.395
1990-06-09T00:00:00.000Z;0.340
1990-06-10T00:00:00.000Z;0.315
1990-06-11T00:00:00.000Z;0.295
1990-06-12T00:00:00.000Z;0.330
1990-06-13T00:00:00.000Z;0.315
1990-06-14T00:00:00.000Z;0.285
1990-06-15T00:00:00.000Z;0.280
1990-06-16T00:00:00.000Z;0.280
1990-06-17T00:00:00.000Z;0.265
1990-06-18T00:00:00.000Z;0.255
1990-06-19T00:00:00.000Z;0.240
1990-06-20T00:00:00.000Z;0.320
1990-06-21T00:00:00.000Z;0.495
1990-06-22T00:00:00.000Z;0.405
1990-06-23T00:00:00.000Z;0.495
1990-06-24T00:00:00.000Z;0.355
1990-06-25T00:00:00.000Z;0.275
1990-06-26T00:00:00.000Z;0.260
1990-06-27T00:00:00.000Z;0.460
1990-06-28T00:00:00.000Z;0.350
1990-06-29T00:00:00.000Z;0.300
1990-06-30T00:00:00.000Z;0.255
1990-07-01T00:00:00.000Z;0.240
1990-07-02T00:00:00.000Z;0.230
1990-07-03T00:00:00.000Z;0.215
1990-07-04T00:00:00.000Z;0.205
1990-07-05T00:00:00.000Z;0.195
1990-07-06T00:00:00.000Z;0.230
1990-07-07T00:00:00.000Z;0.180
1990-07-08T00:00:00.000Z;0.190
1990-07-09T00:00:00.000Z;0.180
1990-07-10T00:00:00.000Z;0.170
1990-07-11T00:00:00.000Z;0.165
1990-07-12T00:00:00.000Z;0.155
1990-07-13T00:00:00.000Z;0.145
1990-07-14T00:00:00.000Z;0.135
1990-07-15T00:00:00.000Z;0.120
1990-07-16T00:00:00.000Z;0.115
1990-07-17T00:00:00.000Z;0.110
1990-07-18T00:00:00.000Z;0.105
1990-07-19T00:00:00.000Z;0.103
1990-07-20T00:00:00.000Z;0.100
1990-07-21T00:00:00.000Z;0.0980
1990-07-22T00:00:00.000Z;0.0950
1990-07-23T00:00:00.000Z;0.0930
1990-07-24T00:00:00.000Z;0.0900
1990-07-25T00:00:00.000Z;0.0890
1990-07-26T00:00:00.000Z;0.0870
1990-07-27T00:00:00.000Z;0.0850
1990-07-28T00:00:00.000Z;0.0900
1990-07-29T00:00:00.000Z;0.665
1990-07-30T00:00:00.000Z;0.910
1990-07-31T00:00:00.000Z;0.280
1990-08-01T00:00:00.000Z;0.165
1990-08-02T00:00:00.000Z;0.135
1990-08-03T00:00:00.000Z;0.130
1990-08-04T00:00:00.000Z;0.120
1990-08-05T00:00:00.000Z;0.105
1990-08-06T00:00:00.000Z;0.100
1990-08-07T00:00:00.000Z;0.0950
1990-08-08T00:00:00.000Z;0.0870
1990-08-09T00:00:00.000Z;0.0820
1990-08-10T00:00:00.000Z;0.0800
1990-08-11T00:00:00.000Z;0.0790
1990-08-12T00:00:00.000Z;0.0780
1990-08-13T00:00:00.000Z;0.0770
1990-08-14T00:00:00.000Z;0.0760
1990-08-15T00:00:00.000Z;0.0750
1990-08-16T00:00:00.000Z;0.0740
1990-08-17T00:00:00.000Z;0.0730
1990-08-18T00:00:00.000Z;0.0720
1990-08-19T00:00:00.000Z;0.0710
1990-08-20T00:00:00.000Z;0.0700
1990-08-21T00:00:00.000Z;0.0700
1990-08-22T00:00:00.000Z;0.0690
1990-08-23T00:00:00.000Z;0.0680
1990-08-24T00:00:00.000Z;0.0670
1990-08-25T00:00:00.000Z;0.0660
1990-08-26T00:00:00.000Z;0.0650
1990-08-27T00:00:00.000Z;0.0640
1990-08-28T00:00:00.000Z;0.0630
1990-08-29T00:00:00.000Z;0.0750
1990-08-30T00:00:00.000Z;0.0800
1990-08-31T00:00:00.000Z;0.0950
1990-09-01T00:00:00.000Z;0.0900
1990-09-02T00:00:00.000Z;0.0850
1990-09-03T00:00:00.000Z;0.0800
1990-09-04T00:00:00.000Z;0.0790
1990-09-05T00:00:00.000Z;0.0780
1990-09-06T00:00:00.000Z;0.0770
1990-09-07T00:00:00.000Z;0.0760
1990-09-08T00:00:00.000Z;0.0750
1990-09-09T00:00:00.000Z;0.0740
1990-09-10T00:00:00.000Z;0.0730
1990-09-11T00:00:00.000Z;0.0720
1990-09-12T00:00:00.000Z;0.0710
1990-09-13T00:00:00.000Z;0.0700
1990-09-14T00:00:00.000Z;0.0700
1990-09-15T00:00:00.000Z;0.0690
1990-09-16T00:00:00.000Z;0.0680
1990-09-17T00:00:00.000Z;0.0670
1990-09-18T00:00:00.000Z;0.0660
1990-09-19T00:00:00.000Z;0.0650
1990-09-20T00:00:00.000Z;0.0640
1990-09-21T00:00:00.000Z;0.0630
1990-09-22T00:00:00.000Z;0.0630
1990-09-23T00:00:00.000Z;0.0620
1990-09-24T00:00:00.000Z;0.0610
1990-09-25T00:00:00.000Z;0.0600
1990-09-26T00:00:00.000Z;0.0590
1990-09-27T00:00:00.000Z;0.0590
1990-09-28T00:00:00.000Z;0.0580
1990-09-29T00:00:00.000Z;0.0570
1990-09-30T00:00:00.000Z;0.0600
1990-10-01T00:00:00.000Z;0.0650
1990-10-02T00:00:00.000Z;0.0630
1990-10-03T00:00:00.000Z;0.0620
1990-10-04T00:00:00.000Z;0.0650
1990-10-05T00:00:00.000Z;0.110
1990-10-06T00:00:00.000Z;0.0650
1990-10-07T00:00:00.000Z;0.0600
1990-10-08T00:00:00.000Z;0.0590
1990-10-09T00:00:00.000Z;0.0590
1990-10-10T00:00:00.000Z;0.0580
1990-10-11T00:00:00.000Z;0.0570
1990-10-12T00:00:00.000Z;0.0560
1990-10-13T00:00:00.000Z;0.0560
1990-10-14T00:00:00.000Z;0.0550
1990-10-15T00:00:00.000Z;0.0540
1990-10-16T00:00:00.000Z;0.0540
1990-10-17T00:00:00.000Z;0.0530
1990-10-18T00:00:00.000Z;0.0520
1990-10-19T00:00:00.000Z;0.0520
1990-10-20T00:00:00.000Z;0.0510
1990-10-21T00:00:00.000Z;0.0500
1990-10-22T00:00:00.000Z;0.0500
1990-10-23T00:00:00.000Z;0.0490
1990-10-24T00:00:00.000Z;0.0490
1990-10-25T00:00:00.000Z;0.0480
1990-10-26T00:00:00.000Z;0.0500
1990-10-27T00:00:00.000Z;0.0550
1990-10-28T00:00:00.000Z;0.0600
1990-10-29T00:00:00.000Z;0.135
1990-10-30T00:00:00.000Z;0.175
1990-10-31T00:00:00.000Z;0.200
1990-11-01T00:00:00.000Z;0.435
1990-11-02T00:00:00.000Z;0.180
1990-11-03T00:00:00.000Z;0.130
1990-11-04T00:00:00.000Z;0.135
1990-11-05T00:00:00.000Z;0.130
1990-11-06T00:00:00.000Z;0.115
1990-11-07T00:00:00.000Z;0.0970
1990-11-08T00:00:00.000Z;0.0900
1990-11-09T00:00:00.000Z;0.0820
1990-11-10T00:00:00.000Z;0.0750
1990-11-11T00:00:00.000Z;0.110
1990-11-12T00:00:00.000Z;0.130
1990-11-13T00:00:00.000Z;0.120
1990-11-14T00:00:00.000Z;0.100
1990-11-15T00:00:00.000Z;0.0900
1990-11-16T00:00:00.000Z;0.0800
1990-11-17T00:00:00.000Z;0.0750
1990-11-18T00:00:00.000Z;0.0750
1990-11-19T00:00:00.000Z;0.0800
1990-11-20T00:00:00.000Z;0.0800
1990-11-21T00:00:00.000Z;0.0850
1990-11-22T00:00:00.000Z;0.145
1990-11-23T00:00:00.000Z;0.240
1990-11-24T00:00:00.000Z;0.295
1990-11-25T00:00:00.000Z;0.320
1990-11-26T00:00:00.000Z;0.225
1990-11-27T00:00:00.000Z;0.185
1990-11-28T00:00:00.000Z;0.160
1990-11-29T00:00:00.000Z;0.145
1990-11-30T00:00:00.000Z;0.140
1990-12-01T00:00:00.000Z;0.135
1990-12-02T00:00:00.000Z;0.130
1990-12-03T00:00:00.000Z;0.140
1990-12-04T00:00:00.000Z;0.145
1990-12-05T00:00:00.000Z;0.135
1990-12-06T00:00:00.000Z;0.130
1990-12-07T00:00:00.000Z;0.125
1990-12-08T00:00:00.000Z;0.115
1990-12-09T00:00:00.000Z;0.115
1990-12-10T00:00:00.000Z;0.110
1990-12-11T00:00:00.000Z;0.140
1990-12-12T00:00:00.000Z;0.405
1990-12-13T00:00:00.000Z;0.890
1990-12-14T00:00:00.000Z;0.490
1990-12-15T00:00:00.000Z;0.315
1990-12-16T00:00:00.000Z;0.345
1990-12-17T00:00:00.000Z;0.355
1990-12-18T00:00:00.000Z;0.290
1990-12-19T00:00:00.000Z;0.255
1990-12-20T00:00:00.000Z;0.240
1990-12-21T00:00:00.000Z;0.215
1990-12-22T00:00:00.000Z;0.195
1990-12-23T00:00:00.000Z;0.235
1990-12-24T00:00:00.000Z;0.260
1990-12-25T00:00:00.000Z;0.275
1990-12-26T00:00:00.000Z;0.840
1990-12-27T00:00:00.000Z;Mar.93
1990-12-28T00:00:00.000Z;Mar.51
1990-12-29T00:00:00.000Z;Feb.47
1990-12-30T00:00:00.000Z;Jan.62
1990-12-31T00:00:00.000Z;1.Feb
1991-01-01T00:00:00.000Z;1.Jul
1991-01-02T00:00:00.000Z;0.930
1991-01-03T00:00:00.000Z;0.655
1991-01-04T00:00:00.000Z;0.560
1991-01-05T00:00:00.000Z;0.505
1991-01-06T00:00:00.000Z;0.480
1991-01-07T00:00:00.000Z;0.440
1991-01-08T00:00:00.000Z;0.415
1991-01-09T00:00:00.000Z;0.380
1991-01-10T00:00:00.000Z;0.350
1991-01-11T00:00:00.000Z;0.340
1991-01-12T00:00:00.000Z;0.350
1991-01-13T00:00:00.000Z;0.340
1991-01-14T00:00:00.000Z;0.355
1991-01-15T00:00:00.000Z;0.365
1991-01-16T00:00:00.000Z;0.370
1991-01-17T00:00:00.000Z;0.400
1991-01-18T00:00:00.000Z;0.455
1991-01-19T00:00:00.000Z;0.625
1991-01-20T00:00:00.000Z;0.830
1991-01-21T00:00:00.000Z;0.575
1991-01-22T00:00:00.000Z;0.410
1991-01-23T00:00:00.000Z;0.295
1991-01-24T00:00:00.000Z;0.245
1991-01-25T00:00:00.000Z;0.225
1991-01-26T00:00:00.000Z;0.210
1991-01-27T00:00:00.000Z;0.210
1991-01-28T00:00:00.000Z;0.205
1991-01-29T00:00:00.000Z;0.200
1991-01-30T00:00:00.000Z;0.185
1991-01-31T00:00:00.000Z;0.185
1991-02-01T00:00:00.000Z;0.170
1991-02-02T00:00:00.000Z;0.170
1991-02-03T00:00:00.000Z;0.175
1991-02-04T00:00:00.000Z;0.180
1991-02-05T00:00:00.000Z;0.170
1991-02-06T00:00:00.000Z;0.170
1991-02-07T00:00:00.000Z;0.160
1991-02-08T00:00:00.000Z;0.155
1991-02-09T00:00:00.000Z;0.150
1991-02-10T00:00:00.000Z;0.145
1991-02-11T00:00:00.000Z;0.140
1991-02-12T00:00:00.000Z;0.140
1991-02-13T00:00:00.000Z;0.140
1991-02-14T00:00:00.000Z;0.140
1991-02-15T00:00:00.000Z;0.135
1991-02-16T00:00:00.000Z;0.160
1991-02-17T00:00:00.000Z;0.430
1991-02-18T00:00:00.000Z;0.405
1991-02-19T00:00:00.000Z;0.285
1991-02-20T00:00:00.000Z;0.285
1991-02-21T00:00:00.000Z;0.265
1991-02-22T00:00:00.000Z;0.260
1991-02-23T00:00:00.000Z;0.255
1991-02-24T00:00:00.000Z;0.260
1991-02-25T00:00:00.000Z;0.270
1991-02-26T00:00:00.000Z;0.260
1991-02-27T00:00:00.000Z;0.350
1991-02-28T00:00:00.000Z;0.605
1991-03-01T00:00:00.000Z;0.425
1991-03-02T00:00:00.000Z;0.295
1991-03-03T00:00:00.000Z;0.275
1991-03-04T00:00:00.000Z;0.255
1991-03-05T00:00:00.000Z;0.245
1991-03-06T00:00:00.000Z;0.235
1991-03-07T00:00:00.000Z;0.230
1991-03-08T00:00:00.000Z;0.225
1991-03-09T00:00:00.000Z;0.215
1991-03-10T00:00:00.000Z;0.220
1991-03-11T00:00:00.000Z;0.205
1991-03-12T00:00:00.000Z;0.200
1991-03-13T00:00:00.000Z;0.195
1991-03-14T00:00:00.000Z;0.190
1991-03-15T00:00:00.000Z;0.180
1991-03-16T00:00:00.000Z;0.170
1991-03-17T00:00:00.000Z;0.165
1991-03-18T00:00:00.000Z;0.155
1991-03-19T00:00:00.000Z;0.160
1991-03-20T00:00:00.000Z;0.165
1991-03-21T00:00:00.000Z;0.170
1991-03-22T00:00:00.000Z;0.195
1991-03-23T00:00:00.000Z;0.380
1991-03-24T00:00:00.000Z;Jan.24
1991-03-25T00:00:00.000Z;Jan.85
1991-03-26T00:00:00.000Z;Jan.60
1991-03-27T00:00:00.000Z;0.995
1991-03-28T00:00:00.000Z;0.715
1991-03-29T00:00:00.000Z;0.585
1991-03-30T00:00:00.000Z;0.495
1991-03-31T00:00:00.000Z;0.445
1991-04-01T00:00:00.000Z;0.360
1991-04-02T00:00:00.000Z;0.320
1991-04-03T00:00:00.000Z;0.310
1991-04-04T00:00:00.000Z;0.300
1991-04-05T00:00:00.000Z;0.550
1991-04-06T00:00:00.000Z;0.980
1991-04-07T00:00:00.000Z;1.Jan
1991-04-08T00:00:00.000Z;0.970
1991-04-09T00:00:00.000Z;0.700
1991-04-10T00:00:00.000Z;0.515
1991-04-11T00:00:00.000Z;0.435
1991-04-12T00:00:00.000Z;0.380
1991-04-13T00:00:00.000Z;0.390
1991-04-14T00:00:00.000Z;0.370
1991-04-15T00:00:00.000Z;0.330
1991-04-16T00:00:00.000Z;0.300
1991-04-17T00:00:00.000Z;0.295
1991-04-18T00:00:00.000Z;0.330
1991-04-19T00:00:00.000Z;0.310
1991-04-20T00:00:00.000Z;0.320
1991-04-21T00:00:00.000Z;0.395
1991-04-22T00:00:00.000Z;0.590
1991-04-23T00:00:00.000Z;0.905
1991-04-24T00:00:00.000Z;0.890
1991-04-25T00:00:00.000Z;Jan.30
1991-04-26T00:00:00.000Z;Jan.74
1991-04-27T00:00:00.000Z;Jan.18
1991-04-28T00:00:00.000Z;1.Oct
1991-04-29T00:00:00.000Z;Jan.19
1991-04-30T00:00:00.000Z;0.955
1991-05-01T00:00:00.000Z;0.665
1991-05-02T00:00:00.000Z;0.675
1991-05-03T00:00:00.000Z;Jan.72
1991-05-04T00:00:00.000Z;Jan.27
1991-05-05T00:00:00.000Z;Jan.21
1991-05-06T00:00:00.000Z;Jan.31
1991-05-07T00:00:00.000Z;Jan.40
1991-05-08T00:00:00.000Z;Jan.39
1991-05-09T00:00:00.000Z;Mar.34
1991-05-10T00:00:00.000Z;May.91
1991-05-11T00:00:00.000Z;Apr.23
1991-05-12T00:00:00.000Z;Mar.32
1991-05-13T00:00:00.000Z;Feb.87
1991-05-14T00:00:00.000Z;Feb.58
1991-05-15T00:00:00.000Z;Feb.20
1991-05-16T00:00:00.000Z;Jan.52
1991-05-17T00:00:00.000Z;Jan.16
1991-05-18T00:00:00.000Z;Jan.33
1991-05-19T00:00:00.000Z;Jan.26
1991-05-20T00:00:00.000Z;0.960
1991-05-21T00:00:00.000Z;0.730
1991-05-22T00:00:00.000Z;0.580
1991-05-23T00:00:00.000Z;0.520
1991-05-24T00:00:00.000Z;0.470
1991-05-25T00:00:00.000Z;0.410
1991-05-26T00:00:00.000Z;0.365
1991-05-27T00:00:00.000Z;0.335
1991-05-28T00:00:00.000Z;0.315
1991-05-29T00:00:00.000Z;0.300
1991-05-30T00:00:00.000Z;0.290
1991-05-31T00:00:00.000Z;0.285
1991-06-01T00:00:00.000Z;0.385
1991-06-02T00:00:00.000Z;0.480
1991-06-03T00:00:00.000Z;0.725
1991-06-04T00:00:00.000Z;0.795
1991-06-05T00:00:00.000Z;0.495
1991-06-06T00:00:00.000Z;0.440
1991-06-07T00:00:00.000Z;0.620
1991-06-08T00:00:00.000Z;0.935
1991-06-09T00:00:00.000Z;0.630
1991-06-10T00:00:00.000Z;0.460
1991-06-11T00:00:00.000Z;0.390
1991-06-12T00:00:00.000Z;0.330
1991-06-13T00:00:00.000Z;0.295
1991-06-14T00:00:00.000Z;0.275
1991-06-15T00:00:00.000Z;0.260
1991-06-16T00:00:00.000Z;0.250
1991-06-17T00:00:00.000Z;0.285
1991-06-18T00:00:00.000Z;0.275
1991-06-19T00:00:00.000Z;0.240
1991-06-20T00:00:00.000Z;0.235
1991-06-21T00:00:00.000Z;0.225
1991-06-22T00:00:00.000Z;0.220
1991-06-23T00:00:00.000Z;0.205
1991-06-24T00:00:00.000Z;0.195
1991-06-25T00:00:00.000Z;0.190
1991-06-26T00:00:00.000Z;0.185
1991-06-27T00:00:00.000Z;0.180
1991-06-28T00:00:00.000Z;0.178
1991-06-29T00:00:00.000Z;0.175
1991-06-30T00:00:00.000Z;0.173
1991-07-01T00:00:00.000Z;0.170
1991-07-02T00:00:00.000Z;0.168
1991-07-03T00:00:00.000Z;0.166
1991-07-04T00:00:00.000Z;0.164
1991-07-05T00:00:00.000Z;0.161
1991-07-06T00:00:00.000Z;0.159
1991-07-07T00:00:00.000Z;0.157
1991-07-08T00:00:00.000Z;0.155
1991-07-09T00:00:00.000Z;0.153
1991-07-10T00:00:00.000Z;0.151
1991-07-11T00:00:00.000Z;0.149
1991-07-12T00:00:00.000Z;0.147
1991-07-13T00:00:00.000Z;0.145
1991-07-14T00:00:00.000Z;0.143
1991-07-15T00:00:00.000Z;0.141
1991-07-16T00:00:00.000Z;0.139
1991-07-17T00:00:00.000Z;0.137
1991-07-18T00:00:00.000Z;0.135
1991-07-19T00:00:00.000Z;0.133
1991-07-20T00:00:00.000Z;0.131
1991-07-21T00:00:00.000Z;0.130
1991-07-22T00:00:00.000Z;0.128
1991-07-23T00:00:00.000Z;0.126
1991-07-24T00:00:00.000Z;0.124
1991-07-25T00:00:00.000Z;0.123
1991-07-26T00:00:00.000Z;0.121
1991-07-27T00:00:00.000Z;0.119
1991-07-28T00:00:00.000Z;0.118
1991-07-29T00:00:00.000Z;0.116
1991-07-30T00:00:00.000Z;0.115
1991-07-31T00:00:00.000Z;0.113
1991-08-01T00:00:00.000Z;0.111
1991-08-02T00:00:00.000Z;0.110
1991-08-03T00:00:00.000Z;0.108
1991-08-04T00:00:00.000Z;0.107
1991-08-05T00:00:00.000Z;0.105
1991-08-06T00:00:00.000Z;0.104
1991-08-07T00:00:00.000Z;0.107
1991-08-08T00:00:00.000Z;0.150
1991-08-09T00:00:00.000Z;0.440
1991-08-10T00:00:00.000Z;0.880
1991-08-11T00:00:00.000Z;0.660
1991-08-12T00:00:00.000Z;0.515
1991-08-13T00:00:00.000Z;0.435
1991-08-14T00:00:00.000Z;0.375
1991-08-15T00:00:00.000Z;0.330
1991-08-16T00:00:00.000Z;0.290
1991-08-17T00:00:00.000Z;0.260
1991-08-18T00:00:00.000Z;0.225
1991-08-19T00:00:00.000Z;0.205
1991-08-20T00:00:00.000Z;0.190
1991-08-21T00:00:00.000Z;0.175
1991-08-22T00:00:00.000Z;0.160
1991-08-23T00:00:00.000Z;0.150
1991-08-24T00:00:00.000Z;0.145
1991-08-25T00:00:00.000Z;0.140
1991-08-26T00:00:00.000Z;0.135
1991-08-27T00:00:00.000Z;0.130
1991-08-28T00:00:00.000Z;0.125
1991-08-29T00:00:00.000Z;0.120
1991-08-30T00:00:00.000Z;0.115
1991-08-31T00:00:00.000Z;0.113
1991-09-01T00:00:00.000Z;0.112
1991-09-02T00:00:00.000Z;0.110
1991-09-03T00:00:00.000Z;0.109
1991-09-04T00:00:00.000Z;0.107
1991-09-05T00:00:00.000Z;0.106
1991-09-06T00:00:00.000Z;0.104
1991-09-07T00:00:00.000Z;0.103
1991-09-08T00:00:00.000Z;0.102
1991-09-09T00:00:00.000Z;0.0990
1991-09-10T00:00:00.000Z;0.0980
1991-09-11T00:00:00.000Z;0.0960
1991-09-12T00:00:00.000Z;0.0950
1991-09-13T00:00:00.000Z;0.0940
1991-09-14T00:00:00.000Z;0.0920
1991-09-15T00:00:00.000Z;0.0910
1991-09-16T00:00:00.000Z;0.0900
1991-09-17T00:00:00.000Z;0.0890
1991-09-18T00:00:00.000Z;0.0870
1991-09-19T00:00:00.000Z;0.0860
1991-09-20T00:00:00.000Z;0.0850
1991-09-21T00:00:00.000Z;0.0840
1991-09-22T00:00:00.000Z;0.0830
1991-09-23T00:00:00.000Z;0.150
1991-09-24T00:00:00.000Z;0.200
1991-09-25T00:00:00.000Z;0.140
1991-09-26T00:00:00.000Z;0.145
1991-09-27T00:00:00.000Z;0.185
1991-09-28T00:00:00.000Z;0.155
1991-09-29T00:00:00.000Z;0.130
1991-09-30T00:00:00.000Z;0.125
1991-10-01T00:00:00.000Z;0.125
1991-10-02T00:00:00.000Z;0.205
1991-10-03T00:00:00.000Z;0.185
1991-10-04T00:00:00.000Z;0.135
1991-10-05T00:00:00.000Z;0.130
1991-10-06T00:00:00.000Z;0.320
1991-10-07T00:00:00.000Z;0.270
1991-10-08T00:00:00.000Z;0.210
1991-10-09T00:00:00.000Z;0.180
1991-10-10T00:00:00.000Z;0.170
1991-10-11T00:00:00.000Z;0.155
1991-10-12T00:00:00.000Z;0.140
1991-10-13T00:00:00.000Z;0.135
1991-10-14T00:00:00.000Z;0.137
1991-10-15T00:00:00.000Z;0.140
1991-10-16T00:00:00.000Z;0.140
1991-10-17T00:00:00.000Z;0.135
1991-10-18T00:00:00.000Z;0.165
1991-10-19T00:00:00.000Z;0.840
1991-10-20T00:00:00.000Z;0.695
1991-10-21T00:00:00.000Z;0.355
1991-10-22T00:00:00.000Z;0.270
1991-10-23T00:00:00.000Z;0.230
1991-10-24T00:00:00.000Z;0.195
1991-10-25T00:00:00.000Z;0.180
1991-10-26T00:00:00.000Z;0.165
1991-10-27T00:00:00.000Z;0.150
1991-10-28T00:00:00.000Z;0.160
1991-10-29T00:00:00.000Z;0.165
1991-10-30T00:00:00.000Z;0.170
1991-10-31T00:00:00.000Z;0.155
1991-11-01T00:00:00.000Z;0.140
1991-11-02T00:00:00.000Z;0.130
1991-11-03T00:00:00.000Z;0.120
1991-11-04T00:00:00.000Z;0.325
1991-11-05T00:00:00.000Z;0.630
1991-11-06T00:00:00.000Z;0.640
1991-11-07T00:00:00.000Z;0.440
1991-11-08T00:00:00.000Z;0.285
1991-11-09T00:00:00.000Z;0.250
1991-11-10T00:00:00.000Z;0.340
1991-11-11T00:00:00.000Z;0.345
1991-11-12T00:00:00.000Z;0.270
1991-11-13T00:00:00.000Z;0.255
1991-11-14T00:00:00.000Z;0.515
1991-11-15T00:00:00.000Z;0.520
1991-11-16T00:00:00.000Z;Jan.41
1991-11-17T00:00:00.000Z;Feb.93
1991-11-18T00:00:00.000Z;Jan.61
1991-11-19T00:00:00.000Z;Jan.34
1991-11-20T00:00:00.000Z;Jan.25
1991-11-21T00:00:00.000Z;0.975
1991-11-22T00:00:00.000Z;0.725
1991-11-23T00:00:00.000Z;0.600
1991-11-24T00:00:00.000Z;0.525
1991-11-25T00:00:00.000Z;0.695
1991-11-26T00:00:00.000Z;0.935
1991-11-27T00:00:00.000Z;0.670
1991-11-28T00:00:00.000Z;0.480
1991-11-29T00:00:00.000Z;0.390
1991-11-30T00:00:00.000Z;0.335
1991-12-01T00:00:00.000Z;0.290
1991-12-02T00:00:00.000Z;0.265
1991-12-03T00:00:00.000Z;0.250
1991-12-04T00:00:00.000Z;0.235
1991-12-05T00:00:00.000Z;0.220
1991-12-06T00:00:00.000Z;0.210
1991-12-07T00:00:00.000Z;0.195
1991-12-08T00:00:00.000Z;0.185
1991-12-09T00:00:00.000Z;0.180
1991-12-10T00:00:00.000Z;0.175
1991-12-11T00:00:00.000Z;0.165
1991-12-12T00:00:00.000Z;0.155
1991-12-13T00:00:00.000Z;0.150
1991-12-14T00:00:00.000Z;0.145
1991-12-15T00:00:00.000Z;0.141
1991-12-16T00:00:00.000Z;0.140
1991-12-17T00:00:00.000Z;0.137
1991-12-18T00:00:00.000Z;0.132
1991-12-19T00:00:00.000Z;0.130
1991-12-20T00:00:00.000Z;0.155
1991-12-21T00:00:00.000Z;0.940
1991-12-22T00:00:00.000Z;0.780
1991-12-23T00:00:00.000Z;0.495
1991-12-24T00:00:00.000Z;0.350
1991-12-25T00:00:00.000Z;0.280
1991-12-26T00:00:00.000Z;0.260
1991-12-27T00:00:00.000Z;0.245
1991-12-28T00:00:00.000Z;0.230
1991-12-29T00:00:00.000Z;0.210
1991-12-30T00:00:00.000Z;0.190
1991-12-31T00:00:00.000Z;0.180
1992-01-01T00:00:00.000Z;0.170
1992-01-02T00:00:00.000Z;0.165
1992-01-03T00:00:00.000Z;0.155
1992-01-04T00:00:00.000Z;0.150
1992-01-05T00:00:00.000Z;0.145
1992-01-06T00:00:00.000Z;0.142
1992-01-07T00:00:00.000Z;0.140
1992-01-08T00:00:00.000Z;0.138
1992-01-09T00:00:00.000Z;0.137
1992-01-10T00:00:00.000Z;0.138
1992-01-11T00:00:00.000Z;0.134
1992-01-12T00:00:00.000Z;0.130
1992-01-13T00:00:00.000Z;0.128
1992-01-14T00:00:00.000Z;0.127
1992-01-15T00:00:00.000Z;0.125
1992-01-16T00:00:00.000Z;0.126
1992-01-17T00:00:00.000Z;0.127
1992-01-18T00:00:00.000Z;0.128
1992-01-19T00:00:00.000Z;0.128
1992-01-20T00:00:00.000Z;0.128
1992-01-21T00:00:00.000Z;0.127
1992-01-22T00:00:00.000Z;0.126
1992-01-23T00:00:00.000Z;0.123
1992-01-24T00:00:00.000Z;0.119
1992-01-25T00:00:00.000Z;0.117
1992-01-26T00:00:00.000Z;0.157
1992-01-27T00:00:00.000Z;0.170
1992-01-28T00:00:00.000Z;0.153
1992-01-29T00:00:00.000Z;0.143
1992-01-30T00:00:00.000Z;0.139
1992-01-31T00:00:00.000Z;0.140
1992-02-01T00:00:00.000Z;0.141
1992-02-02T00:00:00.000Z;0.136
1992-02-03T00:00:00.000Z;0.132
1992-02-04T00:00:00.000Z;0.130
1992-02-05T00:00:00.000Z;0.126
1992-02-06T00:00:00.000Z;0.125
1992-02-07T00:00:00.000Z;0.124
1992-02-08T00:00:00.000Z;0.122
1992-02-09T00:00:00.000Z;0.118
1992-02-10T00:00:00.000Z;0.119
1992-02-11T00:00:00.000Z;0.118
1992-02-12T00:00:00.000Z;0.127
1992-02-13T00:00:00.000Z;0.180
1992-02-14T00:00:00.000Z;0.290
1992-02-15T00:00:00.000Z;0.345
1992-02-16T00:00:00.000Z;0.350
1992-02-17T00:00:00.000Z;0.340
1992-02-18T00:00:00.000Z;0.280
1992-02-19T00:00:00.000Z;0.250
1992-02-20T00:00:00.000Z;0.225
1992-02-21T00:00:00.000Z;0.200
1992-02-22T00:00:00.000Z;0.180
1992-02-23T00:00:00.000Z;0.165
1992-02-24T00:00:00.000Z;0.160
1992-02-25T00:00:00.000Z;0.165
1992-02-26T00:00:00.000Z;0.160
1992-02-27T00:00:00.000Z;0.147
1992-02-28T00:00:00.000Z;0.144
1992-02-29T00:00:00.000Z;0.141
1992-03-01T00:00:00.000Z;0.140
1992-03-02T00:00:00.000Z;0.142
1992-03-03T00:00:00.000Z;0.137
1992-03-04T00:00:00.000Z;0.135
1992-03-05T00:00:00.000Z;0.133
1992-03-06T00:00:00.000Z;0.133
1992-03-07T00:00:00.000Z;0.128
1992-03-08T00:00:00.000Z;0.128
1992-03-09T00:00:00.000Z;0.128
1992-03-10T00:00:00.000Z;0.125
1992-03-11T00:00:00.000Z;0.126
1992-03-12T00:00:00.000Z;0.125
1992-03-13T00:00:00.000Z;0.127
1992-03-14T00:00:00.000Z;0.129
1992-03-15T00:00:00.000Z;0.131
1992-03-16T00:00:00.000Z;0.130
1992-03-17T00:00:00.000Z;0.125
1992-03-18T00:00:00.000Z;0.120
1992-03-19T00:00:00.000Z;0.115
1992-03-20T00:00:00.000Z;0.106
1992-03-21T00:00:00.000Z;0.104
1992-03-22T00:00:00.000Z;0.102
1992-03-23T00:00:00.000Z;0.105
1992-03-24T00:00:00.000Z;0.165
1992-03-25T00:00:00.000Z;0.240
1992-03-26T00:00:00.000Z;0.380
1992-03-27T00:00:00.000Z;0.820
1992-03-28T00:00:00.000Z;0.610
1992-03-29T00:00:00.000Z;0.615
1992-03-30T00:00:00.000Z;0.840
1992-03-31T00:00:00.000Z;0.945
1992-04-01T00:00:00.000Z;0.890
1992-04-02T00:00:00.000Z;0.790
1992-04-03T00:00:00.000Z;1.Aug
1992-04-04T00:00:00.000Z;Jan.31
1992-04-05T00:00:00.000Z;Jun.18
1992-04-06T00:00:00.000Z;Mar.64
1992-04-07T00:00:00.000Z;Feb.21
1992-04-08T00:00:00.000Z;Jan.29
1992-04-09T00:00:00.000Z;Feb.50
1992-04-10T00:00:00.000Z;2.Jun
1992-04-11T00:00:00.000Z;Jan.28
1992-04-12T00:00:00.000Z;0.775
1992-04-13T00:00:00.000Z;0.615
1992-04-14T00:00:00.000Z;0.515
1992-04-15T00:00:00.000Z;0.475
1992-04-16T00:00:00.000Z;0.600
1992-04-17T00:00:00.000Z;0.605
1992-04-18T00:00:00.000Z;Jan.28
1992-04-19T00:00:00.000Z;Jan.51
1992-04-20T00:00:00.000Z;0.935
1992-04-21T00:00:00.000Z;0.620
1992-04-22T00:00:00.000Z;0.500
1992-04-23T00:00:00.000Z;0.445
1992-04-24T00:00:00.000Z;0.375
1992-04-25T00:00:00.000Z;0.325
1992-04-26T00:00:00.000Z;0.290
1992-04-27T00:00:00.000Z;0.280
1992-04-28T00:00:00.000Z;0.290
1992-04-29T00:00:00.000Z;0.340
1992-04-30T00:00:00.000Z;0.370
1992-05-01T00:00:00.000Z;0.400
1992-05-02T00:00:00.000Z;Feb.75
1992-05-03T00:00:00.000Z;Feb.76
1992-05-04T00:00:00.000Z;Jan.70
1992-05-05T00:00:00.000Z;Jan.24
1992-05-06T00:00:00.000Z;0.785
1992-05-07T00:00:00.000Z;0.560
1992-05-08T00:00:00.000Z;0.495
1992-05-09T00:00:00.000Z;0.430
1992-05-10T00:00:00.000Z;0.365
1992-05-11T00:00:00.000Z;0.335
1992-05-12T00:00:00.000Z;0.310
1992-05-13T00:00:00.000Z;0.280
1992-05-14T00:00:00.000Z;0.270
1992-05-15T00:00:00.000Z;0.255
1992-05-16T00:00:00.000Z;0.240
1992-05-17T00:00:00.000Z;0.230
1992-05-18T00:00:00.000Z;0.220
1992-05-19T00:00:00.000Z;0.210
1992-05-20T00:00:00.000Z;0.205
1992-05-21T00:00:00.000Z;0.195
1992-05-22T00:00:00.000Z;0.195
1992-05-23T00:00:00.000Z;0.190
1992-05-24T00:00:00.000Z;0.185
1992-05-25T00:00:00.000Z;0.180
1992-05-26T00:00:00.000Z;0.170
1992-05-27T00:00:00.000Z;0.165
1992-05-28T00:00:00.000Z;0.165
1992-05-29T00:00:00.000Z;0.160
1992-05-30T00:00:00.000Z;0.150
1992-05-31T00:00:00.000Z;0.180
1992-06-01T00:00:00.000Z;0.195
1992-06-02T00:00:00.000Z;0.395
1992-06-03T00:00:00.000Z;0.795
1992-06-04T00:00:00.000Z;Jan.25
1992-06-05T00:00:00.000Z;Jan.40
1992-06-06T00:00:00.000Z;0.800
1992-06-07T00:00:00.000Z;0.675
1992-06-08T00:00:00.000Z;0.925
1992-06-09T00:00:00.000Z;1.Apr
1992-06-10T00:00:00.000Z;Apr.51
1992-06-11T00:00:00.000Z;Jul.21
1992-06-12T00:00:00.000Z;Mar.50
1992-06-13T00:00:00.000Z;2.Jun
1992-06-14T00:00:00.000Z;1.Aug
1992-06-15T00:00:00.000Z;0.685
1992-06-16T00:00:00.000Z;0.555
1992-06-17T00:00:00.000Z;Jan.24
1992-06-18T00:00:00.000Z;Jan.89
1992-06-19T00:00:00.000Z;Jan.35
1992-06-20T00:00:00.000Z;0.925
1992-06-21T00:00:00.000Z;0.735
1992-06-22T00:00:00.000Z;0.560
1992-06-23T00:00:00.000Z;0.485
1992-06-24T00:00:00.000Z;Jan.44
1992-06-25T00:00:00.000Z;2.Jan
1992-06-26T00:00:00.000Z;1.Jul
1992-06-27T00:00:00.000Z;0.650
1992-06-28T00:00:00.000Z;0.510
1992-06-29T00:00:00.000Z;0.440
1992-06-30T00:00:00.000Z;0.370
1992-07-01T00:00:00.000Z;0.375
1992-07-02T00:00:00.000Z;0.445
1992-07-03T00:00:00.000Z;0.415
1992-07-04T00:00:00.000Z;0.330
1992-07-05T00:00:00.000Z;0.320
1992-07-06T00:00:00.000Z;0.985
1992-07-07T00:00:00.000Z;Jan.14
1992-07-08T00:00:00.000Z;0.655
1992-07-09T00:00:00.000Z;0.465
1992-07-10T00:00:00.000Z;0.415
1992-07-11T00:00:00.000Z;0.385
1992-07-12T00:00:00.000Z;0.340
1992-07-13T00:00:00.000Z;0.310
1992-07-14T00:00:00.000Z;0.280
1992-07-15T00:00:00.000Z;0.260
1992-07-16T00:00:00.000Z;0.250
1992-07-17T00:00:00.000Z;0.245
1992-07-18T00:00:00.000Z;0.230
1992-07-19T00:00:00.000Z;0.220
1992-07-20T00:00:00.000Z;0.215
1992-07-21T00:00:00.000Z;0.210
1992-07-22T00:00:00.000Z;0.205
1992-07-23T00:00:00.000Z;0.200
1992-07-24T00:00:00.000Z;0.195
1992-07-25T00:00:00.000Z;0.180
1992-07-26T00:00:00.000Z;0.170
1992-07-27T00:00:00.000Z;0.165
1992-07-28T00:00:00.000Z;0.160
1992-07-29T00:00:00.000Z;0.155
1992-07-30T00:00:00.000Z;0.150
1992-07-31T00:00:00.000Z;0.145
1992-08-01T00:00:00.000Z;0.143
1992-08-02T00:00:00.000Z;0.142
1992-08-03T00:00:00.000Z;0.140
1992-08-04T00:00:00.000Z;0.138
1992-08-05T00:00:00.000Z;0.137
1992-08-06T00:00:00.000Z;0.135
1992-08-07T00:00:00.000Z;0.134
1992-08-08T00:00:00.000Z;0.132
1992-08-09T00:00:00.000Z;0.140
1992-08-10T00:00:00.000Z;0.150
1992-08-11T00:00:00.000Z;0.135
1992-08-12T00:00:00.000Z;0.130
1992-08-13T00:00:00.000Z;0.125
1992-08-14T00:00:00.000Z;0.123
1992-08-15T00:00:00.000Z;0.122
1992-08-16T00:00:00.000Z;0.121
1992-08-17T00:00:00.000Z;0.119
1992-08-18T00:00:00.000Z;0.118
1992-08-19T00:00:00.000Z;0.117
1992-08-20T00:00:00.000Z;0.115
1992-08-21T00:00:00.000Z;0.114
1992-08-22T00:00:00.000Z;0.113
1992-08-23T00:00:00.000Z;0.111
1992-08-24T00:00:00.000Z;0.110
1992-08-25T00:00:00.000Z;0.109
1992-08-26T00:00:00.000Z;0.108
1992-08-27T00:00:00.000Z;0.106
1992-08-28T00:00:00.000Z;0.105
1992-08-29T00:00:00.000Z;0.104
1992-08-30T00:00:00.000Z;0.103
1992-08-31T00:00:00.000Z;0.102
1992-09-01T00:00:00.000Z;0.100
1992-09-02T00:00:00.000Z;0.0990
1992-09-03T00:00:00.000Z;0.0980
1992-09-04T00:00:00.000Z;0.0970
1992-09-05T00:00:00.000Z;0.0960
1992-09-06T00:00:00.000Z;0.0950
1992-09-07T00:00:00.000Z;0.0940
1992-09-08T00:00:00.000Z;0.105
1992-09-09T00:00:00.000Z;0.255
1992-09-10T00:00:00.000Z;0.190
1992-09-11T00:00:00.000Z;0.135
1992-09-12T00:00:00.000Z;0.110
1992-09-13T00:00:00.000Z;0.105
1992-09-14T00:00:00.000Z;0.104
1992-09-15T00:00:00.000Z;0.103
1992-09-16T00:00:00.000Z;0.102
1992-09-17T00:00:00.000Z;0.100
1992-09-18T00:00:00.000Z;0.0990
1992-09-19T00:00:00.000Z;0.0980
1992-09-20T00:00:00.000Z;0.0970
1992-09-21T00:00:00.000Z;0.0960
1992-09-22T00:00:00.000Z;0.0950
1992-09-23T00:00:00.000Z;0.0940
1992-09-24T00:00:00.000Z;0.0930
1992-09-25T00:00:00.000Z;0.0920
1992-09-26T00:00:00.000Z;0.0900
1992-09-27T00:00:00.000Z;0.0860
1992-09-28T00:00:00.000Z;0.0850
1992-09-29T00:00:00.000Z;0.0840
1992-09-30T00:00:00.000Z;0.0830
1992-10-01T00:00:00.000Z;0.0800
1992-10-02T00:00:00.000Z;0.0840
1992-10-03T00:00:00.000Z;0.118
1992-10-04T00:00:00.000Z;Mar.90
1992-10-05T00:00:00.000Z;10.Jan
1992-10-06T00:00:00.000Z;8.Sep
1992-10-07T00:00:00.000Z;Apr.51
1992-10-08T00:00:00.000Z;3.Dec
1992-10-09T00:00:00.000Z;Feb.90
1992-10-10T00:00:00.000Z;Feb.59
1992-10-11T00:00:00.000Z;Feb.40
1992-10-12T00:00:00.000Z;Jan.62
1992-10-13T00:00:00.000Z;0.905
1992-10-14T00:00:00.000Z;0.650
1992-10-15T00:00:00.000Z;0.540
1992-10-16T00:00:00.000Z;0.445
1992-10-17T00:00:00.000Z;0.480
1992-10-18T00:00:00.000Z;0.565
1992-10-19T00:00:00.000Z;0.415
1992-10-20T00:00:00.000Z;0.335
1992-10-21T00:00:00.000Z;0.295
1992-10-22T00:00:00.000Z;0.350
1992-10-23T00:00:00.000Z;0.535
1992-10-24T00:00:00.000Z;1.Jan
1992-10-25T00:00:00.000Z;0.755
1992-10-26T00:00:00.000Z;0.505
1992-10-27T00:00:00.000Z;0.420
1992-10-28T00:00:00.000Z;0.360
1992-10-29T00:00:00.000Z;0.345
1992-10-30T00:00:00.000Z;0.390
1992-10-31T00:00:00.000Z;0.480
1992-11-01T00:00:00.000Z;1.Apr
1992-11-02T00:00:00.000Z;0.915
1992-11-03T00:00:00.000Z;1.Oct
1992-11-04T00:00:00.000Z;Jan.21
1992-11-05T00:00:00.000Z;0.770
1992-11-06T00:00:00.000Z;0.510
1992-11-07T00:00:00.000Z;0.420
1992-11-08T00:00:00.000Z;0.365
1992-11-09T00:00:00.000Z;0.320
1992-11-10T00:00:00.000Z;0.215
1992-11-11T00:00:00.000Z;0.440
1992-11-12T00:00:00.000Z;0.675
1992-11-13T00:00:00.000Z;Jan.25
1992-11-14T00:00:00.000Z;Jan.36
1992-11-15T00:00:00.000Z;0.820
1992-11-16T00:00:00.000Z;0.495
1992-11-17T00:00:00.000Z;Apr.24
1992-11-18T00:00:00.000Z;May.82
1992-11-19T00:00:00.000Z;Mar.49
1992-11-20T00:00:00.000Z;Mar.26
1992-11-21T00:00:00.000Z;Feb.81
1992-11-22T00:00:00.000Z;Jan.87
1992-11-23T00:00:00.000Z;1.Aug
1992-11-24T00:00:00.000Z;0.710
1992-11-25T00:00:00.000Z;0.555
1992-11-26T00:00:00.000Z;0.445
1992-11-27T00:00:00.000Z;0.395
1992-11-28T00:00:00.000Z;0.360
1992-11-29T00:00:00.000Z;0.335
1992-11-30T00:00:00.000Z;0.310
1992-12-01T00:00:00.000Z;0.290
1992-12-02T00:00:00.000Z;0.270
1992-12-03T00:00:00.000Z;0.265
1992-12-04T00:00:00.000Z;0.275
1992-12-05T00:00:00.000Z;0.380
1992-12-06T00:00:00.000Z;0.790
1992-12-07T00:00:00.000Z;1.Aug
1992-12-08T00:00:00.000Z;Feb.78
1992-12-09T00:00:00.000Z;Feb.86
1992-12-10T00:00:00.000Z;Jan.35
1992-12-11T00:00:00.000Z;0.785
1992-12-12T00:00:00.000Z;0.600
1992-12-13T00:00:00.000Z;0.515
1992-12-14T00:00:00.000Z;0.790
1992-12-15T00:00:00.000Z;0.700
1992-12-16T00:00:00.000Z;0.515
1992-12-17T00:00:00.000Z;0.435
1992-12-18T00:00:00.000Z;0.370
1992-12-19T00:00:00.000Z;0.350
1992-12-20T00:00:00.000Z;0.310
1992-12-21T00:00:00.000Z;0.295
1992-12-22T00:00:00.000Z;0.275
1992-12-23T00:00:00.000Z;0.260
1992-12-24T00:00:00.000Z;0.260
1992-12-25T00:00:00.000Z;0.265
1992-12-26T00:00:00.000Z;0.240
1992-12-27T00:00:00.000Z;0.230
1992-12-28T00:00:00.000Z;0.220
1992-12-29T00:00:00.000Z;0.210
1992-12-30T00:00:00.000Z;0.200
1992-12-31T00:00:00.000Z;0.195
1993-01-01T00:00:00.000Z;0.190
1993-01-02T00:00:00.000Z;0.185
1993-01-03T00:00:00.000Z;0.180
1993-01-04T00:00:00.000Z;0.175
1993-01-05T00:00:00.000Z;0.170
1993-01-06T00:00:00.000Z;0.165
1993-01-07T00:00:00.000Z;0.163
1993-01-08T00:00:00.000Z;0.160
1993-01-09T00:00:00.000Z;0.158
1993-01-10T00:00:00.000Z;0.153
1993-01-11T00:00:00.000Z;0.150
1993-01-12T00:00:00.000Z;0.147
1993-01-13T00:00:00.000Z;0.145
1993-01-14T00:00:00.000Z;0.142
1993-01-15T00:00:00.000Z;0.140
1993-01-16T00:00:00.000Z;0.138
1993-01-17T00:00:00.000Z;0.135
1993-01-18T00:00:00.000Z;0.133
1993-01-19T00:00:00.000Z;0.131
1993-01-20T00:00:00.000Z;0.130
1993-01-21T00:00:00.000Z;0.128
1993-01-22T00:00:00.000Z;0.126
1993-01-23T00:00:00.000Z;0.124
1993-01-24T00:00:00.000Z;0.122
1993-01-25T00:00:00.000Z;0.120
1993-01-26T00:00:00.000Z;0.150
1993-01-27T00:00:00.000Z;0.160
1993-01-28T00:00:00.000Z;0.150
1993-01-29T00:00:00.000Z;0.140
1993-01-30T00:00:00.000Z;0.138
1993-01-31T00:00:00.000Z;0.133
1993-02-01T00:00:00.000Z;0.130
1993-02-02T00:00:00.000Z;0.127
1993-02-03T00:00:00.000Z;0.123
1993-02-04T00:00:00.000Z;0.119
1993-02-05T00:00:00.000Z;0.118
1993-02-06T00:00:00.000Z;0.116
1993-02-07T00:00:00.000Z;0.115
1993-02-08T00:00:00.000Z;0.113
1993-02-09T00:00:00.000Z;0.111
1993-02-10T00:00:00.000Z;0.110
1993-02-11T00:00:00.000Z;0.108
1993-02-12T00:00:00.000Z;0.107
1993-02-13T00:00:00.000Z;0.105
1993-02-14T00:00:00.000Z;0.104
1993-02-15T00:00:00.000Z;0.103
1993-02-16T00:00:00.000Z;0.101
1993-02-17T00:00:00.000Z;0.100
1993-02-18T00:00:00.000Z;0.0990
1993-02-19T00:00:00.000Z;0.0970
1993-02-20T00:00:00.000Z;0.0960
1993-02-21T00:00:00.000Z;0.0950
1993-02-22T00:00:00.000Z;0.0940
1993-02-23T00:00:00.000Z;0.0930
1993-02-24T00:00:00.000Z;0.0920
1993-02-25T00:00:00.000Z;0.0900
1993-02-26T00:00:00.000Z;0.0890
1993-02-27T00:00:00.000Z;0.103
1993-02-28T00:00:00.000Z;0.105
1993-03-01T00:00:00.000Z;0.112
1993-03-02T00:00:00.000Z;0.112
1993-03-03T00:00:00.000Z;0.110
1993-03-04T00:00:00.000Z;0.115
1993-03-05T00:00:00.000Z;0.145
1993-03-06T00:00:00.000Z;0.225
1993-03-07T00:00:00.000Z;0.300
1993-03-08T00:00:00.000Z;0.260
1993-03-09T00:00:00.000Z;0.260
1993-03-10T00:00:00.000Z;0.240
1993-03-11T00:00:00.000Z;0.225
1993-03-12T00:00:00.000Z;0.220
1993-03-13T00:00:00.000Z;0.215
1993-03-14T00:00:00.000Z;0.195
1993-03-15T00:00:00.000Z;0.190
1993-03-16T00:00:00.000Z;0.200
1993-03-17T00:00:00.000Z;0.185
1993-03-18T00:00:00.000Z;0.160
1993-03-19T00:00:00.000Z;0.150
1993-03-20T00:00:00.000Z;0.145
1993-03-21T00:00:00.000Z;0.150
1993-03-22T00:00:00.000Z;0.170
1993-03-23T00:00:00.000Z;0.180
1993-03-24T00:00:00.000Z;0.235
1993-03-25T00:00:00.000Z;0.475
1993-03-26T00:00:00.000Z;0.400
1993-03-27T00:00:00.000Z;0.320
1993-03-28T00:00:00.000Z;0.260
1993-03-29T00:00:00.000Z;0.240
1993-03-30T00:00:00.000Z;0.215
1993-03-31T00:00:00.000Z;0.200
1993-04-01T00:00:00.000Z;0.215
1993-04-02T00:00:00.000Z;0.440
1993-04-03T00:00:00.000Z;0.675
1993-04-04T00:00:00.000Z;Jan.25
1993-04-05T00:00:00.000Z;Jan.36
1993-04-06T00:00:00.000Z;0.820
1993-04-07T00:00:00.000Z;0.495
1993-04-08T00:00:00.000Z;0.370
1993-04-09T00:00:00.000Z;0.305
1993-04-10T00:00:00.000Z;0.335
1993-04-11T00:00:00.000Z;0.680
1993-04-12T00:00:00.000Z;0.765
1993-04-13T00:00:00.000Z;0.580
1993-04-14T00:00:00.000Z;0.450
1993-04-15T00:00:00.000Z;Jan.68
1993-04-16T00:00:00.000Z;Feb.32
1993-04-17T00:00:00.000Z;Jan.62
1993-04-18T00:00:00.000Z;Jan.24
1993-04-19T00:00:00.000Z;0.935
1993-04-20T00:00:00.000Z;0.655
1993-04-21T00:00:00.000Z;0.460
1993-04-22T00:00:00.000Z;0.410
1993-04-23T00:00:00.000Z;0.375
1993-04-24T00:00:00.000Z;0.360
1993-04-25T00:00:00.000Z;0.360
1993-04-26T00:00:00.000Z;0.320
1993-04-27T00:00:00.000Z;0.295
1993-04-28T00:00:00.000Z;0.470
1993-04-29T00:00:00.000Z;0.715
1993-04-30T00:00:00.000Z;0.505
1993-05-01T00:00:00.000Z;0.475
1993-05-02T00:00:00.000Z;1.Oct
1993-05-03T00:00:00.000Z;0.905
1993-05-04T00:00:00.000Z;0.705
1993-05-05T00:00:00.000Z;0.595
1993-05-06T00:00:00.000Z;0.480
1993-05-07T00:00:00.000Z;0.435
1993-05-08T00:00:00.000Z;0.385
1993-05-09T00:00:00.000Z;0.345
1993-05-10T00:00:00.000Z;0.320
1993-05-11T00:00:00.000Z;0.305
1993-05-12T00:00:00.000Z;0.335
1993-05-13T00:00:00.000Z;0.505
1993-05-14T00:00:00.000Z;0.615
1993-05-15T00:00:00.000Z;0.510
1993-05-16T00:00:00.000Z;0.445
1993-05-17T00:00:00.000Z;0.390
1993-05-18T00:00:00.000Z;0.335
1993-05-19T00:00:00.000Z;0.315
1993-05-20T00:00:00.000Z;0.350
1993-05-21T00:00:00.000Z;0.445
1993-05-22T00:00:00.000Z;0.395
1993-05-23T00:00:00.000Z;0.320
1993-05-24T00:00:00.000Z;0.295
1993-05-25T00:00:00.000Z;0.280
1993-05-26T00:00:00.000Z;0.265
1993-05-27T00:00:00.000Z;0.240
1993-05-28T00:00:00.000Z;0.220
1993-05-29T00:00:00.000Z;0.210
1993-05-30T00:00:00.000Z;0.205
1993-05-31T00:00:00.000Z;0.195
1993-06-01T00:00:00.000Z;0.186
1993-06-02T00:00:00.000Z;0.191
1993-06-03T00:00:00.000Z;0.182
1993-06-04T00:00:00.000Z;0.172
1993-06-05T00:00:00.000Z;0.174
1993-06-06T00:00:00.000Z;0.178
1993-06-07T00:00:00.000Z;0.170
1993-06-08T00:00:00.000Z;0.163
1993-06-09T00:00:00.000Z;0.165
1993-06-10T00:00:00.000Z;0.167
1993-06-11T00:00:00.000Z;0.165
1993-06-12T00:00:00.000Z;0.157
1993-06-13T00:00:00.000Z;0.152
1993-06-14T00:00:00.000Z;0.151
1993-06-15T00:00:00.000Z;0.148
1993-06-16T00:00:00.000Z;0.144
1993-06-17T00:00:00.000Z;0.145
1993-06-18T00:00:00.000Z;0.143
1993-06-19T00:00:00.000Z;0.142
1993-06-20T00:00:00.000Z;0.143
1993-06-21T00:00:00.000Z;0.142
1993-06-22T00:00:00.000Z;0.151
1993-06-23T00:00:00.000Z;0.160
1993-06-24T00:00:00.000Z;0.148
1993-06-25T00:00:00.000Z;0.142
1993-06-26T00:00:00.000Z;0.136
1993-06-27T00:00:00.000Z;0.131
1993-06-28T00:00:00.000Z;0.126
1993-06-29T00:00:00.000Z;0.128
1993-06-30T00:00:00.000Z;0.124
1993-07-01T00:00:00.000Z;0.165
1993-07-02T00:00:00.000Z;0.183
1993-07-03T00:00:00.000Z;0.144
1993-07-04T00:00:00.000Z;0.134
1993-07-05T00:00:00.000Z;0.128
1993-07-06T00:00:00.000Z;0.133
1993-07-07T00:00:00.000Z;0.135
1993-07-08T00:00:00.000Z;0.130
1993-07-09T00:00:00.000Z;0.123
1993-07-10T00:00:00.000Z;0.127
1993-07-11T00:00:00.000Z;0.169
1993-07-12T00:00:00.000Z;0.156
1993-07-13T00:00:00.000Z;0.131
1993-07-14T00:00:00.000Z;0.124
1993-07-15T00:00:00.000Z;0.118
1993-07-16T00:00:00.000Z;0.114
1993-07-17T00:00:00.000Z;0.110
1993-07-18T00:00:00.000Z;0.109
1993-07-19T00:00:00.000Z;0.115
1993-07-20T00:00:00.000Z;0.127
1993-07-21T00:00:00.000Z;0.121
1993-07-22T00:00:00.000Z;0.111
1993-07-23T00:00:00.000Z;0.105
1993-07-24T00:00:00.000Z;0.100
1993-07-25T00:00:00.000Z;0.102
1993-07-26T00:00:00.000Z;0.113
1993-07-27T00:00:00.000Z;0.123
1993-07-28T00:00:00.000Z;0.114
1993-07-29T00:00:00.000Z;0.102
1993-07-30T00:00:00.000Z;0.102
1993-07-31T00:00:00.000Z;0.105
1993-08-01T00:00:00.000Z;0.105
1993-08-02T00:00:00.000Z;0.103
1993-08-03T00:00:00.000Z;0.102
1993-08-04T00:00:00.000Z;0.101
1993-08-05T00:00:00.000Z;0.100
1993-08-06T00:00:00.000Z;0.0970
1993-08-07T00:00:00.000Z;0.0960
1993-08-08T00:00:00.000Z;0.0930
1993-08-09T00:00:00.000Z;0.0910
1993-08-10T00:00:00.000Z;0.0880
1993-08-11T00:00:00.000Z;0.0850
1993-08-12T00:00:00.000Z;0.0860
1993-08-13T00:00:00.000Z;0.0830
1993-08-14T00:00:00.000Z;0.0850
1993-08-15T00:00:00.000Z;0.0830
1993-08-16T00:00:00.000Z;0.0800
1993-08-17T00:00:00.000Z;0.0760
1993-08-18T00:00:00.000Z;0.0750
1993-08-19T00:00:00.000Z;0.0740
1993-08-20T00:00:00.000Z;0.0720
1993-08-21T00:00:00.000Z;0.0720
1993-08-22T00:00:00.000Z;0.0730
1993-08-23T00:00:00.000Z;0.0750
1993-08-24T00:00:00.000Z;0.0790
1993-08-25T00:00:00.000Z;0.0940
1993-08-26T00:00:00.000Z;0.0910
1993-08-27T00:00:00.000Z;0.180
1993-08-28T00:00:00.000Z;0.210
1993-08-29T00:00:00.000Z;0.215
1993-08-30T00:00:00.000Z;0.150
1993-08-31T00:00:00.000Z;0.120
1993-09-01T00:00:00.000Z;0.110
1993-09-02T00:00:00.000Z;0.103
1993-09-03T00:00:00.000Z;0.0950
1993-09-04T00:00:00.000Z;0.0930
1993-09-05T00:00:00.000Z;0.0920
1993-09-06T00:00:00.000Z;0.0910
1993-09-07T00:00:00.000Z;0.0900
1993-09-08T00:00:00.000Z;0.0880
1993-09-09T00:00:00.000Z;0.0870
1993-09-10T00:00:00.000Z;0.0850
1993-09-11T00:00:00.000Z;0.0790
1993-09-12T00:00:00.000Z;0.0780
1993-09-13T00:00:00.000Z;0.0770
1993-09-14T00:00:00.000Z;0.0750
1993-09-15T00:00:00.000Z;0.0740
1993-09-16T00:00:00.000Z;0.0730
1993-09-17T00:00:00.000Z;0.0720
1993-09-18T00:00:00.000Z;0.0710
1993-09-19T00:00:00.000Z;0.0700
1993-09-20T00:00:00.000Z;0.0680
1993-09-21T00:00:00.000Z;0.0720
1993-09-22T00:00:00.000Z;0.0850
1993-09-23T00:00:00.000Z;0.870
1993-09-24T00:00:00.000Z;Jul.29
1993-09-25T00:00:00.000Z;Mar.67
1993-09-26T00:00:00.000Z;Feb.59
1993-09-27T00:00:00.000Z;Jan.83
1993-09-28T00:00:00.000Z;0.860
1993-09-29T00:00:00.000Z;0.420
1993-09-30T00:00:00.000Z;0.300
1993-10-01T00:00:00.000Z;0.260
1993-10-02T00:00:00.000Z;0.255
1993-10-03T00:00:00.000Z;0.485
1993-10-04T00:00:00.000Z;Jan.66
1993-10-05T00:00:00.000Z;0.920
1993-10-06T00:00:00.000Z;0.490
1993-10-07T00:00:00.000Z;0.335
1993-10-08T00:00:00.000Z;0.300
1993-10-09T00:00:00.000Z;0.300
1993-10-10T00:00:00.000Z;0.275
1993-10-11T00:00:00.000Z;0.255
1993-10-12T00:00:00.000Z;0.235
1993-10-13T00:00:00.000Z;0.220
1993-10-14T00:00:00.000Z;0.195
1993-10-15T00:00:00.000Z;0.180
1993-10-16T00:00:00.000Z;0.170
1993-10-17T00:00:00.000Z;0.160
1993-10-18T00:00:00.000Z;0.150
1993-10-19T00:00:00.000Z;0.145
1993-10-20T00:00:00.000Z;0.140
1993-10-21T00:00:00.000Z;0.375
1993-10-22T00:00:00.000Z;0.725
1993-10-23T00:00:00.000Z;Jan.39
1993-10-24T00:00:00.000Z;0.845
1993-10-25T00:00:00.000Z;0.640
1993-10-26T00:00:00.000Z;0.620
1993-10-27T00:00:00.000Z;0.740
1993-10-28T00:00:00.000Z;0.925
1993-10-29T00:00:00.000Z;0.845
1993-10-30T00:00:00.000Z;0.580
1993-10-31T00:00:00.000Z;0.410
1993-11-01T00:00:00.000Z;0.325
1993-11-02T00:00:00.000Z;0.280
1993-11-03T00:00:00.000Z;0.265
1993-11-04T00:00:00.000Z;0.250
1993-11-05T00:00:00.000Z;0.235
1993-11-06T00:00:00.000Z;0.235
1993-11-07T00:00:00.000Z;1.Aug
1993-11-08T00:00:00.000Z;Jan.15
1993-11-09T00:00:00.000Z;0.770
1993-11-10T00:00:00.000Z;0.550
1993-11-11T00:00:00.000Z;0.450
1993-11-12T00:00:00.000Z;0.410
1993-11-13T00:00:00.000Z;0.365
1993-11-14T00:00:00.000Z;0.345
1993-11-15T00:00:00.000Z;0.540
1993-11-16T00:00:00.000Z;0.530
1993-11-17T00:00:00.000Z;0.405
1993-11-18T00:00:00.000Z;0.330
1993-11-19T00:00:00.000Z;0.305
1993-11-20T00:00:00.000Z;0.295
1993-11-21T00:00:00.000Z;0.270
1993-11-22T00:00:00.000Z;0.255
1993-11-23T00:00:00.000Z;0.245
1993-11-24T00:00:00.000Z;0.235
1993-11-25T00:00:00.000Z;0.215
1993-11-26T00:00:00.000Z;0.205
1993-11-27T00:00:00.000Z;0.200
1993-11-28T00:00:00.000Z;0.195
1993-11-29T00:00:00.000Z;0.190
1993-11-30T00:00:00.000Z;0.195
1993-12-01T00:00:00.000Z;0.470
1993-12-02T00:00:00.000Z;0.640
1993-12-03T00:00:00.000Z;0.535
1993-12-04T00:00:00.000Z;0.405
1993-12-05T00:00:00.000Z;0.320
1993-12-06T00:00:00.000Z;0.295
1993-12-07T00:00:00.000Z;0.275
1993-12-08T00:00:00.000Z;0.255
1993-12-09T00:00:00.000Z;0.250
1993-12-10T00:00:00.000Z;0.245
1993-12-11T00:00:00.000Z;0.275
1993-12-12T00:00:00.000Z;0.345
1993-12-13T00:00:00.000Z;0.315
1993-12-14T00:00:00.000Z;0.300
1993-12-15T00:00:00.000Z;0.290
1993-12-16T00:00:00.000Z;0.270
1993-12-17T00:00:00.000Z;0.250
1993-12-18T00:00:00.000Z;0.245
1993-12-19T00:00:00.000Z;0.240
1993-12-20T00:00:00.000Z;0.235
1993-12-21T00:00:00.000Z;0.230
1993-12-22T00:00:00.000Z;0.265
1993-12-23T00:00:00.000Z;0.370
1993-12-24T00:00:00.000Z;0.595
1993-12-25T00:00:00.000Z;Mar.66
1993-12-26T00:00:00.000Z;Jun.90
1993-12-27T00:00:00.000Z;Feb.84
1993-12-28T00:00:00.000Z;Jan.39
1993-12-29T00:00:00.000Z;Jan.41
1993-12-30T00:00:00.000Z;Feb.51
1993-12-31T00:00:00.000Z;Feb.20
1994-01-01T00:00:00.000Z;Feb.47
1994-01-02T00:00:00.000Z;2.00
1994-01-03T00:00:00.000Z;Jan.65
1994-01-04T00:00:00.000Z;Jan.31
1994-01-05T00:00:00.000Z;0.980
1994-01-06T00:00:00.000Z;0.740
1994-01-07T00:00:00.000Z;0.590
1994-01-08T00:00:00.000Z;0.505
1994-01-09T00:00:00.000Z;0.590
1994-01-10T00:00:00.000Z;0.925
1994-01-11T00:00:00.000Z;Jan.35
1994-01-12T00:00:00.000Z;Jan.38
1994-01-13T00:00:00.000Z;Jan.51
1994-01-14T00:00:00.000Z;1.Mar
1994-01-15T00:00:00.000Z;0.820
1994-01-16T00:00:00.000Z;0.755
1994-01-17T00:00:00.000Z;0.685
1994-01-18T00:00:00.000Z;0.635
1994-01-19T00:00:00.000Z;0.595
1994-01-20T00:00:00.000Z;0.560
1994-01-21T00:00:00.000Z;0.510
1994-01-22T00:00:00.000Z;0.475
1994-01-23T00:00:00.000Z;0.470
1994-01-24T00:00:00.000Z;0.525
1994-01-25T00:00:00.000Z;0.965
1994-01-26T00:00:00.000Z;Jan.86
1994-01-27T00:00:00.000Z;Jan.68
1994-01-28T00:00:00.000Z;Jan.29
1994-01-29T00:00:00.000Z;Jan.16
1994-01-30T00:00:00.000Z;0.855
1994-01-31T00:00:00.000Z;0.650
1994-02-01T00:00:00.000Z;0.550
1994-02-02T00:00:00.000Z;0.505
1994-02-03T00:00:00.000Z;0.470
1994-02-04T00:00:00.000Z;0.465
1994-02-05T00:00:00.000Z;0.465
1994-02-06T00:00:00.000Z;0.500
1994-02-07T00:00:00.000Z;0.585
1994-02-08T00:00:00.000Z;0.755
1994-02-09T00:00:00.000Z;1.Apr
1994-02-10T00:00:00.000Z;3.Jun
1994-02-11T00:00:00.000Z;Apr.24
1994-02-12T00:00:00.000Z;Apr.19
1994-02-13T00:00:00.000Z;Apr.37
1994-02-14T00:00:00.000Z;Feb.79
1994-02-15T00:00:00.000Z;Jan.70
1994-02-16T00:00:00.000Z;1.Jul
1994-02-17T00:00:00.000Z;0.835
1994-02-18T00:00:00.000Z;0.765
1994-02-19T00:00:00.000Z;0.890
1994-02-20T00:00:00.000Z;Feb.45
1994-02-21T00:00:00.000Z;3.Mar
1994-02-22T00:00:00.000Z;Jan.55
1994-02-23T00:00:00.000Z;Jan.18
1994-02-24T00:00:00.000Z;0.970
1994-02-25T00:00:00.000Z;0.855
1994-02-26T00:00:00.000Z;0.770
1994-02-27T00:00:00.000Z;0.690
1994-02-28T00:00:00.000Z;0.580
1994-03-01T00:00:00.000Z;Jan.59
1994-03-02T00:00:00.000Z;Jan.99
1994-03-03T00:00:00.000Z;Jan.15
1994-03-04T00:00:00.000Z;0.780
1994-03-05T00:00:00.000Z;0.630
1994-03-06T00:00:00.000Z;0.550
1994-03-07T00:00:00.000Z;0.535
1994-03-08T00:00:00.000Z;0.510
1994-03-09T00:00:00.000Z;0.465
1994-03-10T00:00:00.000Z;0.420
1994-03-11T00:00:00.000Z;0.390
1994-03-12T00:00:00.000Z;0.375
1994-03-13T00:00:00.000Z;0.405
1994-03-14T00:00:00.000Z;0.390
1994-03-15T00:00:00.000Z;0.380
1994-03-16T00:00:00.000Z;0.360
1994-03-17T00:00:00.000Z;0.345
1994-03-18T00:00:00.000Z;0.330
1994-03-19T00:00:00.000Z;0.315
1994-03-20T00:00:00.000Z;0.300
1994-03-21T00:00:00.000Z;0.295
1994-03-22T00:00:00.000Z;0.400
1994-03-23T00:00:00.000Z;0.470
1994-03-24T00:00:00.000Z;0.385
1994-03-25T00:00:00.000Z;0.350
1994-03-26T00:00:00.000Z;0.360
1994-03-27T00:00:00.000Z;0.405
1994-03-28T00:00:00.000Z;0.380
1994-03-29T00:00:00.000Z;0.340
1994-03-30T00:00:00.000Z;0.325
1994-03-31T00:00:00.000Z;0.310
1994-04-01T00:00:00.000Z;0.315
1994-04-02T00:00:00.000Z;0.380
1994-04-03T00:00:00.000Z;0.575
1994-04-04T00:00:00.000Z;Jan.37
1994-04-05T00:00:00.000Z;3.Jan
1994-04-06T00:00:00.000Z;4.Jul
1994-04-07T00:00:00.000Z;Mar.35
1994-04-08T00:00:00.000Z;Mar.15
1994-04-09T00:00:00.000Z;Feb.35
1994-04-10T00:00:00.000Z;Feb.75
1994-04-11T00:00:00.000Z;Feb.35
1994-04-12T00:00:00.000Z;Feb.38
1994-04-13T00:00:00.000Z;2.Oct
1994-04-14T00:00:00.000Z;Jan.79
1994-04-15T00:00:00.000Z;Jan.38
1994-04-16T00:00:00.000Z;1.Sep
1994-04-17T00:00:00.000Z;0.975
1994-04-18T00:00:00.000Z;Jan.13
1994-04-19T00:00:00.000Z;Jan.24
1994-04-20T00:00:00.000Z;Jan.21
1994-04-21T00:00:00.000Z;Jan.43
1994-04-22T00:00:00.000Z;2.Apr
1994-04-23T00:00:00.000Z;Feb.26
1994-04-24T00:00:00.000Z;Feb.33
1994-04-25T00:00:00.000Z;Feb.37
1994-04-26T00:00:00.000Z;Jan.63
1994-04-27T00:00:00.000Z;Jan.35
1994-04-28T00:00:00.000Z;Jan.24
1994-04-29T00:00:00.000Z;0.970
1994-04-30T00:00:00.000Z;0.730
1994-05-01T00:00:00.000Z;0.580
1994-05-02T00:00:00.000Z;0.510
1994-05-03T00:00:00.000Z;0.475
1994-05-04T00:00:00.000Z;0.450
1994-05-05T00:00:00.000Z;0.445
1994-05-06T00:00:00.000Z;0.425
1994-05-07T00:00:00.000Z;0.410
1994-05-08T00:00:00.000Z;1.Feb
1994-05-09T00:00:00.000Z;1.Oct
1994-05-10T00:00:00.000Z;0.675
1994-05-11T00:00:00.000Z;0.525
1994-05-12T00:00:00.000Z;0.625
1994-05-13T00:00:00.000Z;0.580
1994-05-14T00:00:00.000Z;0.480
1994-05-15T00:00:00.000Z;0.430
1994-05-16T00:00:00.000Z;0.385
1994-05-17T00:00:00.000Z;0.365
1994-05-18T00:00:00.000Z;0.355
1994-05-19T00:00:00.000Z;0.340
1994-05-20T00:00:00.000Z;0.320
1994-05-21T00:00:00.000Z;0.310
1994-05-22T00:00:00.000Z;0.305
1994-05-23T00:00:00.000Z;0.300
1994-05-24T00:00:00.000Z;0.295
1994-05-25T00:00:00.000Z;0.290
1994-05-26T00:00:00.000Z;0.280
1994-05-27T00:00:00.000Z;0.270
1994-05-28T00:00:00.000Z;0.265
1994-05-29T00:00:00.000Z;0.260
1994-05-30T00:00:00.000Z;0.260
1994-05-31T00:00:00.000Z;0.255
1994-06-01T00:00:00.000Z;0.250
1994-06-02T00:00:00.000Z;0.245
1994-06-03T00:00:00.000Z;0.245
1994-06-04T00:00:00.000Z;0.240
1994-06-05T00:00:00.000Z;0.240
1994-06-06T00:00:00.000Z;0.235
1994-06-07T00:00:00.000Z;0.230
1994-06-08T00:00:00.000Z;0.225
1994-06-09T00:00:00.000Z;0.220
1994-06-10T00:00:00.000Z;0.210
1994-06-11T00:00:00.000Z;0.205
1994-06-12T00:00:00.000Z;0.200
1994-06-13T00:00:00.000Z;0.200
1994-06-14T00:00:00.000Z;0.195
1994-06-15T00:00:00.000Z;0.190
1994-06-16T00:00:00.000Z;0.190
1994-06-17T00:00:00.000Z;0.185
1994-06-18T00:00:00.000Z;0.185
1994-06-19T00:00:00.000Z;0.190
1994-06-20T00:00:00.000Z;0.185
1994-06-21T00:00:00.000Z;0.180
1994-06-22T00:00:00.000Z;0.175
1994-06-23T00:00:00.000Z;0.170
1994-06-24T00:00:00.000Z;0.165
1994-06-25T00:00:00.000Z;0.175
1994-06-26T00:00:00.000Z;0.310
1994-06-27T00:00:00.000Z;0.395
1994-06-28T00:00:00.000Z;0.265
1994-06-29T00:00:00.000Z;0.210
1994-06-30T00:00:00.000Z;0.190
1994-07-01T00:00:00.000Z;0.182
1994-07-02T00:00:00.000Z;0.180
1994-07-03T00:00:00.000Z;0.179
1994-07-04T00:00:00.000Z;0.177
1994-07-05T00:00:00.000Z;0.176
1994-07-06T00:00:00.000Z;0.175
1994-07-07T00:00:00.000Z;0.173
1994-07-08T00:00:00.000Z;0.172
1994-07-09T00:00:00.000Z;0.171
1994-07-10T00:00:00.000Z;0.170
1994-07-11T00:00:00.000Z;0.168
1994-07-12T00:00:00.000Z;0.167
1994-07-13T00:00:00.000Z;0.166
1994-07-14T00:00:00.000Z;0.165
1994-07-15T00:00:00.000Z;0.163
1994-07-16T00:00:00.000Z;0.162
1994-07-17T00:00:00.000Z;0.161
1994-07-18T00:00:00.000Z;0.160
1994-07-19T00:00:00.000Z;0.159
1994-07-20T00:00:00.000Z;0.158
1994-07-21T00:00:00.000Z;0.156
1994-07-22T00:00:00.000Z;0.155
1994-07-23T00:00:00.000Z;0.154
1994-07-24T00:00:00.000Z;0.153
1994-07-25T00:00:00.000Z;0.152
1994-07-26T00:00:00.000Z;0.151
1994-07-27T00:00:00.000Z;0.150
1994-07-28T00:00:00.000Z;0.149
1994-07-29T00:00:00.000Z;0.147
1994-07-30T00:00:00.000Z;0.146
1994-07-31T00:00:00.000Z;0.145
1994-08-01T00:00:00.000Z;0.144
1994-08-02T00:00:00.000Z;0.143
1994-08-03T00:00:00.000Z;0.142
1994-08-04T00:00:00.000Z;0.141
1994-08-05T00:00:00.000Z;0.140
1994-08-06T00:00:00.000Z;0.139
1994-08-07T00:00:00.000Z;0.138
1994-08-08T00:00:00.000Z;0.137
1994-08-09T00:00:00.000Z;0.136
1994-08-10T00:00:00.000Z;0.135
1994-08-11T00:00:00.000Z;0.134
1994-08-12T00:00:00.000Z;0.133
1994-08-13T00:00:00.000Z;0.132
1994-08-14T00:00:00.000Z;0.131
1994-08-15T00:00:00.000Z;0.130
1994-08-16T00:00:00.000Z;0.128
1994-08-17T00:00:00.000Z;0.129
1994-08-18T00:00:00.000Z;0.129
1994-08-19T00:00:00.000Z;0.130
1994-08-20T00:00:00.000Z;0.130
1994-08-21T00:00:00.000Z;0.129
1994-08-22T00:00:00.000Z;0.130
1994-08-23T00:00:00.000Z;0.132
1994-08-24T00:00:00.000Z;0.132
1994-08-25T00:00:00.000Z;0.133
1994-08-26T00:00:00.000Z;0.130
1994-08-27T00:00:00.000Z;0.125
1994-08-28T00:00:00.000Z;0.120
1994-08-29T00:00:00.000Z;0.115
1994-08-30T00:00:00.000Z;0.114
1994-08-31T00:00:00.000Z;0.113
1994-09-01T00:00:00.000Z;0.118
1994-09-02T00:00:00.000Z;0.114
1994-09-03T00:00:00.000Z;0.108
1994-09-04T00:00:00.000Z;0.106
1994-09-05T00:00:00.000Z;0.106
1994-09-06T00:00:00.000Z;0.105
1994-09-07T00:00:00.000Z;0.104
1994-09-08T00:00:00.000Z;0.108
1994-09-09T00:00:00.000Z;0.105
1994-09-10T00:00:00.000Z;0.106
1994-09-11T00:00:00.000Z;0.103
1994-09-12T00:00:00.000Z;0.104
1994-09-13T00:00:00.000Z;0.110
1994-09-14T00:00:00.000Z;0.112
1994-09-15T00:00:00.000Z;0.111
1994-09-16T00:00:00.000Z;0.107
1994-09-17T00:00:00.000Z;0.111
1994-09-18T00:00:00.000Z;0.117
1994-09-19T00:00:00.000Z;0.113
1994-09-20T00:00:00.000Z;0.126
1994-09-21T00:00:00.000Z;0.180
1994-09-22T00:00:00.000Z;0.345
1994-09-23T00:00:00.000Z;0.370
1994-09-24T00:00:00.000Z;0.295
1994-09-25T00:00:00.000Z;0.205
1994-09-26T00:00:00.000Z;0.163
1994-09-27T00:00:00.000Z;0.149
1994-09-28T00:00:00.000Z;0.180
1994-09-29T00:00:00.000Z;0.193
1994-09-30T00:00:00.000Z;0.225
1994-10-01T00:00:00.000Z;0.240
1994-10-02T00:00:00.000Z;0.230
1994-10-03T00:00:00.000Z;0.235
1994-10-04T00:00:00.000Z;0.240
1994-10-05T00:00:00.000Z;0.230
1994-10-06T00:00:00.000Z;0.205
1994-10-07T00:00:00.000Z;0.180
1994-10-08T00:00:00.000Z;0.160
1994-10-09T00:00:00.000Z;0.150
1994-10-10T00:00:00.000Z;0.140
1994-10-11T00:00:00.000Z;0.135
1994-10-12T00:00:00.000Z;0.130
1994-10-13T00:00:00.000Z;0.126
1994-10-14T00:00:00.000Z;0.125
1994-10-15T00:00:00.000Z;0.124
1994-10-16T00:00:00.000Z;0.128
1994-10-17T00:00:00.000Z;0.127
1994-10-18T00:00:00.000Z;0.126
1994-10-19T00:00:00.000Z;0.128
1994-10-20T00:00:00.000Z;0.130
1994-10-21T00:00:00.000Z;0.127
1994-10-22T00:00:00.000Z;0.129
1994-10-23T00:00:00.000Z;0.140
1994-10-24T00:00:00.000Z;0.160
1994-10-25T00:00:00.000Z;0.150
1994-10-26T00:00:00.000Z;0.145
1994-10-27T00:00:00.000Z;0.140
1994-10-28T00:00:00.000Z;0.155
1994-10-29T00:00:00.000Z;0.170
1994-10-30T00:00:00.000Z;0.155
1994-10-31T00:00:00.000Z;0.145
1994-11-01T00:00:00.000Z;0.135
1994-11-02T00:00:00.000Z;0.130
1994-11-03T00:00:00.000Z;0.130
1994-11-04T00:00:00.000Z;0.595
1994-11-05T00:00:00.000Z;Jan.20
1994-11-06T00:00:00.000Z;0.665
1994-11-07T00:00:00.000Z;0.365
1994-11-08T00:00:00.000Z;0.275
1994-11-09T00:00:00.000Z;0.250
1994-11-10T00:00:00.000Z;0.290
1994-11-11T00:00:00.000Z;0.800
1994-11-12T00:00:00.000Z;0.765
1994-11-13T00:00:00.000Z;0.950
1994-11-14T00:00:00.000Z;0.635
1994-11-15T00:00:00.000Z;0.390
1994-11-16T00:00:00.000Z;0.305
1994-11-17T00:00:00.000Z;0.290
1994-11-18T00:00:00.000Z;0.295
1994-11-19T00:00:00.000Z;0.297
1994-11-20T00:00:00.000Z;0.273
1994-11-21T00:00:00.000Z;0.245
1994-11-22T00:00:00.000Z;0.224
1994-11-23T00:00:00.000Z;0.207
1994-11-24T00:00:00.000Z;0.191
1994-11-25T00:00:00.000Z;0.183
1994-11-26T00:00:00.000Z;0.180
1994-11-27T00:00:00.000Z;0.173
1994-11-28T00:00:00.000Z;0.166
1994-11-29T00:00:00.000Z;0.160
1994-11-30T00:00:00.000Z;0.154
1994-12-01T00:00:00.000Z;0.148
1994-12-02T00:00:00.000Z;0.144
1994-12-03T00:00:00.000Z;0.140
1994-12-04T00:00:00.000Z;0.135
1994-12-05T00:00:00.000Z;0.132
1994-12-06T00:00:00.000Z;0.130
1994-12-07T00:00:00.000Z;0.129
1994-12-08T00:00:00.000Z;0.128
1994-12-09T00:00:00.000Z;0.125
1994-12-10T00:00:00.000Z;0.123
1994-12-11T00:00:00.000Z;0.118
1994-12-12T00:00:00.000Z;0.110
1994-12-13T00:00:00.000Z;0.104
1994-12-14T00:00:00.000Z;0.0980
1994-12-15T00:00:00.000Z;0.0900
1994-12-16T00:00:00.000Z;0.0830
1994-12-17T00:00:00.000Z;0.0780
1994-12-18T00:00:00.000Z;0.0750
1994-12-19T00:00:00.000Z;0.0970
1994-12-20T00:00:00.000Z;0.140
1994-12-21T00:00:00.000Z;Jan.40
1994-12-22T00:00:00.000Z;3.Oct
1994-12-23T00:00:00.000Z;Jan.13
1994-12-24T00:00:00.000Z;0.485
1994-12-25T00:00:00.000Z;0.222
1994-12-26T00:00:00.000Z;0.196
1994-12-27T00:00:00.000Z;0.275
1994-12-28T00:00:00.000Z;0.420
1994-12-29T00:00:00.000Z;0.520
1994-12-30T00:00:00.000Z;0.490
1994-12-31T00:00:00.000Z;Jan.53
1995-01-01T00:00:00.000Z;2.Mar
1995-01-02T00:00:00.000Z;Jan.30
1995-01-03T00:00:00.000Z;0.775
1995-01-04T00:00:00.000Z;0.465
1995-01-05T00:00:00.000Z;Feb.98
1995-01-06T00:00:00.000Z;Apr.56
1995-01-07T00:00:00.000Z;Feb.34
1995-01-08T00:00:00.000Z;Jan.14
1995-01-09T00:00:00.000Z;May.88
1995-01-10T00:00:00.000Z;Apr.66
1995-01-11T00:00:00.000Z;Mar.37
1995-01-12T00:00:00.000Z;May.56
1995-01-13T00:00:00.000Z;3.Oct
1995-01-14T00:00:00.000Z;Jan.95
1995-01-15T00:00:00.000Z;1.Jul
1995-01-16T00:00:00.000Z;0.760
1995-01-17T00:00:00.000Z;0.755
1995-01-18T00:00:00.000Z;0.845
1995-01-19T00:00:00.000Z;0.950
1995-01-20T00:00:00.000Z;0.785
1995-01-21T00:00:00.000Z;0.695
1995-01-22T00:00:00.000Z;0.655
1995-01-23T00:00:00.000Z;0.885
1995-01-24T00:00:00.000Z;Jan.28
1995-01-25T00:00:00.000Z;Jan.18
1995-01-26T00:00:00.000Z;0.905
1995-01-27T00:00:00.000Z;0.705
1995-01-28T00:00:00.000Z;0.575
1995-01-29T00:00:00.000Z;0.510
1995-01-30T00:00:00.000Z;0.700
1995-01-31T00:00:00.000Z;Jan.13
1995-02-01T00:00:00.000Z;0.745
1995-02-02T00:00:00.000Z;0.630
1995-02-03T00:00:00.000Z;0.780
1995-02-04T00:00:00.000Z;0.640
1995-02-05T00:00:00.000Z;0.475
1995-02-06T00:00:00.000Z;0.415
1995-02-07T00:00:00.000Z;0.375
1995-02-08T00:00:00.000Z;0.335
1995-02-09T00:00:00.000Z;0.310
1995-02-10T00:00:00.000Z;0.290
1995-02-11T00:00:00.000Z;0.285
1995-02-12T00:00:00.000Z;0.275
1995-02-13T00:00:00.000Z;0.265
1995-02-14T00:00:00.000Z;0.260
1995-02-15T00:00:00.000Z;0.345
1995-02-16T00:00:00.000Z;0.450
1995-02-17T00:00:00.000Z;0.545
1995-02-18T00:00:00.000Z;0.425
1995-02-19T00:00:00.000Z;0.390
1995-02-20T00:00:00.000Z;0.365
1995-02-21T00:00:00.000Z;0.325
1995-02-22T00:00:00.000Z;0.425
1995-02-23T00:00:00.000Z;0.525
1995-02-24T00:00:00.000Z;0.545
1995-02-25T00:00:00.000Z;0.620
1995-02-26T00:00:00.000Z;Jan.17
1995-02-27T00:00:00.000Z;1.Sep
1995-02-28T00:00:00.000Z;0.780
1995-03-01T00:00:00.000Z;0.680
1995-03-02T00:00:00.000Z;0.685
1995-03-03T00:00:00.000Z;0.735
1995-03-04T00:00:00.000Z;0.840
1995-03-05T00:00:00.000Z;Jan.29
1995-03-06T00:00:00.000Z;May.22
1995-03-07T00:00:00.000Z;3.00
1995-03-08T00:00:00.000Z;Jan.82
1995-03-09T00:00:00.000Z;1.Nov
1995-03-10T00:00:00.000Z;0.885
1995-03-11T00:00:00.000Z;0.890
1995-03-12T00:00:00.000Z;0.775
1995-03-13T00:00:00.000Z;0.610
1995-03-14T00:00:00.000Z;0.500
1995-03-15T00:00:00.000Z;0.455
1995-03-16T00:00:00.000Z;0.415
1995-03-17T00:00:00.000Z;0.380
1995-03-18T00:00:00.000Z;0.355
1995-03-19T00:00:00.000Z;0.335
1995-03-20T00:00:00.000Z;0.390
1995-03-21T00:00:00.000Z;0.605
1995-03-22T00:00:00.000Z;0.500
1995-03-23T00:00:00.000Z;0.410
1995-03-24T00:00:00.000Z;0.355
1995-03-25T00:00:00.000Z;0.325
1995-03-26T00:00:00.000Z;0.305
1995-03-27T00:00:00.000Z;0.290
1995-03-28T00:00:00.000Z;0.330
1995-03-29T00:00:00.000Z;0.420
1995-03-30T00:00:00.000Z;0.565
1995-03-31T00:00:00.000Z;0.555
1995-04-01T00:00:00.000Z;0.440
1995-04-02T00:00:00.000Z;0.370
1995-04-03T00:00:00.000Z;0.330
1995-04-04T00:00:00.000Z;0.305
1995-04-05T00:00:00.000Z;0.285
1995-04-06T00:00:00.000Z;0.270
1995-04-07T00:00:00.000Z;0.255
1995-04-08T00:00:00.000Z;0.245
1995-04-09T00:00:00.000Z;0.235
1995-04-10T00:00:00.000Z;0.220
1995-04-11T00:00:00.000Z;0.210
1995-04-12T00:00:00.000Z;0.200
1995-04-13T00:00:00.000Z;0.195
1995-04-14T00:00:00.000Z;0.190
1995-04-15T00:00:00.000Z;0.185
1995-04-16T00:00:00.000Z;0.185
1995-04-17T00:00:00.000Z;0.183
1995-04-18T00:00:00.000Z;0.178
1995-04-19T00:00:00.000Z;0.177
1995-04-20T00:00:00.000Z;0.175
1995-04-21T00:00:00.000Z;0.170
1995-04-22T00:00:00.000Z;0.165
1995-04-23T00:00:00.000Z;0.160
1995-04-24T00:00:00.000Z;0.885
1995-04-25T00:00:00.000Z;Feb.49
1995-04-26T00:00:00.000Z;1.Feb
1995-04-27T00:00:00.000Z;0.755
1995-04-28T00:00:00.000Z;0.750
1995-04-29T00:00:00.000Z;0.520
1995-04-30T00:00:00.000Z;0.340
1995-05-01T00:00:00.000Z;0.275
1995-05-02T00:00:00.000Z;0.265
1995-05-03T00:00:00.000Z;0.260
1995-05-04T00:00:00.000Z;0.260
1995-05-05T00:00:00.000Z;0.250
1995-05-06T00:00:00.000Z;0.235
1995-05-07T00:00:00.000Z;0.220
1995-05-08T00:00:00.000Z;0.205
1995-05-09T00:00:00.000Z;0.200
1995-05-10T00:00:00.000Z;0.195
1995-05-11T00:00:00.000Z;0.190
1995-05-12T00:00:00.000Z;0.210
1995-05-13T00:00:00.000Z;0.615
1995-05-14T00:00:00.000Z;0.685
1995-05-15T00:00:00.000Z;0.505
1995-05-16T00:00:00.000Z;0.485
1995-05-17T00:00:00.000Z;1.Jun
1995-05-18T00:00:00.000Z;0.760
1995-05-19T00:00:00.000Z;0.490
1995-05-20T00:00:00.000Z;0.445
1995-05-21T00:00:00.000Z;0.405
1995-05-22T00:00:00.000Z;0.330
1995-05-23T00:00:00.000Z;0.290
1995-05-24T00:00:00.000Z;0.260
1995-05-25T00:00:00.000Z;0.270
1995-05-26T00:00:00.000Z;0.730
1995-05-27T00:00:00.000Z;0.605
1995-05-28T00:00:00.000Z;0.370
1995-05-29T00:00:00.000Z;0.295
1995-05-30T00:00:00.000Z;0.365
1995-05-31T00:00:00.000Z;0.710
1995-06-01T00:00:00.000Z;0.975
1995-06-02T00:00:00.000Z;0.690
1995-06-03T00:00:00.000Z;0.490
1995-06-04T00:00:00.000Z;0.395
1995-06-05T00:00:00.000Z;0.340
1995-06-06T00:00:00.000Z;0.300
1995-06-07T00:00:00.000Z;0.270
1995-06-08T00:00:00.000Z;0.260
1995-06-09T00:00:00.000Z;0.275
1995-06-10T00:00:00.000Z;0.265
1995-06-11T00:00:00.000Z;0.245
1995-06-12T00:00:00.000Z;0.240
1995-06-13T00:00:00.000Z;0.225
1995-06-14T00:00:00.000Z;0.215
1995-06-15T00:00:00.000Z;0.205
1995-06-16T00:00:00.000Z;0.195
1995-06-17T00:00:00.000Z;0.190
1995-06-18T00:00:00.000Z;0.185
1995-06-19T00:00:00.000Z;0.175
1995-06-20T00:00:00.000Z;0.171
1995-06-21T00:00:00.000Z;0.170
1995-06-22T00:00:00.000Z;0.176
1995-06-23T00:00:00.000Z;0.174
1995-06-24T00:00:00.000Z;0.163
1995-06-25T00:00:00.000Z;0.153
1995-06-26T00:00:00.000Z;0.148
1995-06-27T00:00:00.000Z;0.147
1995-06-28T00:00:00.000Z;0.147
1995-06-29T00:00:00.000Z;0.146
1995-06-30T00:00:00.000Z;0.145
1995-07-01T00:00:00.000Z;0.140
1995-07-02T00:00:00.000Z;0.137
1995-07-03T00:00:00.000Z;0.139
1995-07-04T00:00:00.000Z;0.152
1995-07-05T00:00:00.000Z;0.170
1995-07-06T00:00:00.000Z;0.154
1995-07-07T00:00:00.000Z;0.149
1995-07-08T00:00:00.000Z;0.146
1995-07-09T00:00:00.000Z;0.141
1995-07-10T00:00:00.000Z;0.139
1995-07-11T00:00:00.000Z;0.155
1995-07-12T00:00:00.000Z;0.147
1995-07-13T00:00:00.000Z;0.142
1995-07-14T00:00:00.000Z;0.157
1995-07-15T00:00:00.000Z;0.154
1995-07-16T00:00:00.000Z;0.152
1995-07-17T00:00:00.000Z;0.150
1995-07-18T00:00:00.000Z;0.147
1995-07-19T00:00:00.000Z;0.145
1995-07-20T00:00:00.000Z;0.143
1995-07-21T00:00:00.000Z;0.141
1995-07-22T00:00:00.000Z;0.139
1995-07-23T00:00:00.000Z;0.137
1995-07-24T00:00:00.000Z;0.135
1995-07-25T00:00:00.000Z;0.133
1995-07-26T00:00:00.000Z;0.131
1995-07-27T00:00:00.000Z;0.129
1995-07-28T00:00:00.000Z;0.127
1995-07-29T00:00:00.000Z;0.126
1995-07-30T00:00:00.000Z;0.124
1995-07-31T00:00:00.000Z;0.122
1995-08-01T00:00:00.000Z;0.120
1995-08-02T00:00:00.000Z;0.118
1995-08-03T00:00:00.000Z;0.117
1995-08-04T00:00:00.000Z;0.115
1995-08-05T00:00:00.000Z;0.113
1995-08-06T00:00:00.000Z;0.112
1995-08-07T00:00:00.000Z;0.110
1995-08-08T00:00:00.000Z;0.109
1995-08-09T00:00:00.000Z;0.107
1995-08-10T00:00:00.000Z;0.105
1995-08-11T00:00:00.000Z;0.104
1995-08-12T00:00:00.000Z;0.102
1995-08-13T00:00:00.000Z;0.101
1995-08-14T00:00:00.000Z;0.0990
1995-08-15T00:00:00.000Z;0.0980
1995-08-16T00:00:00.000Z;0.0970
1995-08-17T00:00:00.000Z;0.0950
1995-08-18T00:00:00.000Z;0.0940
1995-08-19T00:00:00.000Z;0.0920
1995-08-20T00:00:00.000Z;0.0910
1995-08-21T00:00:00.000Z;0.0900
1995-08-22T00:00:00.000Z;0.0880
1995-08-23T00:00:00.000Z;0.0870
1995-08-24T00:00:00.000Z;0.0860
1995-08-25T00:00:00.000Z;0.0850
1995-08-26T00:00:00.000Z;0.0830
1995-08-27T00:00:00.000Z;0.0820
1995-08-28T00:00:00.000Z;0.0810
1995-08-29T00:00:00.000Z;0.0800
1995-08-30T00:00:00.000Z;0.0790
1995-08-31T00:00:00.000Z;0.0780
1995-09-01T00:00:00.000Z;0.0760
1995-09-02T00:00:00.000Z;0.0750
1995-09-03T00:00:00.000Z;0.0740
1995-09-04T00:00:00.000Z;0.0730
1995-09-05T00:00:00.000Z;0.0720
1995-09-06T00:00:00.000Z;0.0710
1995-09-07T00:00:00.000Z;0.0700
1995-09-08T00:00:00.000Z;0.0790
1995-09-09T00:00:00.000Z;0.0760
1995-09-10T00:00:00.000Z;0.0770
1995-09-11T00:00:00.000Z;0.0800
1995-09-12T00:00:00.000Z;0.0830
1995-09-13T00:00:00.000Z;0.0880
1995-09-14T00:00:00.000Z;0.0860
1995-09-15T00:00:00.000Z;0.0820
1995-09-16T00:00:00.000Z;0.0790
1995-09-17T00:00:00.000Z;0.0780
1995-09-18T00:00:00.000Z;0.0800
1995-09-19T00:00:00.000Z;0.185
1995-09-20T00:00:00.000Z;0.390
1995-09-21T00:00:00.000Z;0.590
1995-09-22T00:00:00.000Z;0.220
1995-09-23T00:00:00.000Z;0.165
1995-09-24T00:00:00.000Z;0.140
1995-09-25T00:00:00.000Z;0.200
1995-09-26T00:00:00.000Z;0.280
1995-09-27T00:00:00.000Z;0.210
1995-09-28T00:00:00.000Z;0.520
1995-09-29T00:00:00.000Z;0.715
1995-09-30T00:00:00.000Z;0.325
1995-10-01T00:00:00.000Z;0.270
1995-10-02T00:00:00.000Z;0.280
1995-10-03T00:00:00.000Z;0.240
1995-10-04T00:00:00.000Z;0.200
1995-10-05T00:00:00.000Z;0.255
1995-10-06T00:00:00.000Z;0.395
1995-10-07T00:00:00.000Z;0.265
1995-10-08T00:00:00.000Z;0.210
1995-10-09T00:00:00.000Z;0.185
1995-10-10T00:00:00.000Z;0.170
1995-10-11T00:00:00.000Z;0.150
1995-10-12T00:00:00.000Z;0.140
1995-10-13T00:00:00.000Z;0.135
1995-10-14T00:00:00.000Z;0.130
1995-10-15T00:00:00.000Z;0.170
1995-10-16T00:00:00.000Z;0.220
1995-10-17T00:00:00.000Z;0.180
1995-10-18T00:00:00.000Z;0.155
1995-10-19T00:00:00.000Z;0.143
1995-10-20T00:00:00.000Z;0.140
1995-10-21T00:00:00.000Z;0.153
1995-10-22T00:00:00.000Z;0.158
1995-10-23T00:00:00.000Z;0.150
1995-10-24T00:00:00.000Z;0.137
1995-10-25T00:00:00.000Z;0.131
1995-10-26T00:00:00.000Z;0.129
1995-10-27T00:00:00.000Z;0.127
1995-10-28T00:00:00.000Z;0.126
1995-10-29T00:00:00.000Z;0.124
1995-10-30T00:00:00.000Z;0.122
1995-10-31T00:00:00.000Z;0.120
1995-11-01T00:00:00.000Z;0.118
1995-11-02T00:00:00.000Z;0.117
1995-11-03T00:00:00.000Z;0.115
1995-11-04T00:00:00.000Z;0.113
1995-11-05T00:00:00.000Z;0.112
1995-11-06T00:00:00.000Z;0.110
1995-11-07T00:00:00.000Z;0.109
1995-11-08T00:00:00.000Z;0.107
1995-11-09T00:00:00.000Z;0.105
1995-11-10T00:00:00.000Z;0.104
1995-11-11T00:00:00.000Z;0.102
1995-11-12T00:00:00.000Z;0.103
1995-11-13T00:00:00.000Z;0.135
1995-11-14T00:00:00.000Z;0.152
1995-11-15T00:00:00.000Z;0.132
1995-11-16T00:00:00.000Z;0.125
1995-11-17T00:00:00.000Z;0.120
1995-11-18T00:00:00.000Z;0.140
1995-11-19T00:00:00.000Z;0.170
1995-11-20T00:00:00.000Z;0.145
1995-11-21T00:00:00.000Z;0.130
1995-11-22T00:00:00.000Z;0.150
1995-11-23T00:00:00.000Z;0.610
1995-11-24T00:00:00.000Z;0.665
1995-11-25T00:00:00.000Z;0.335
1995-11-26T00:00:00.000Z;0.240
1995-11-27T00:00:00.000Z;0.210
1995-11-28T00:00:00.000Z;0.185
1995-11-29T00:00:00.000Z;0.165
1995-11-30T00:00:00.000Z;0.155
1995-12-01T00:00:00.000Z;0.145
1995-12-02T00:00:00.000Z;0.135
1995-12-03T00:00:00.000Z;Mar.13
1995-12-04T00:00:00.000Z;Jul.50
1995-12-05T00:00:00.000Z;Mar.72
1995-12-06T00:00:00.000Z;Feb.77
1995-12-07T00:00:00.000Z;2.Jan
1995-12-08T00:00:00.000Z;1.Apr
1995-12-09T00:00:00.000Z;0.510
1995-12-10T00:00:00.000Z;0.360
1995-12-11T00:00:00.000Z;0.305
1995-12-12T00:00:00.000Z;0.270
1995-12-13T00:00:00.000Z;0.255
1995-12-14T00:00:00.000Z;0.240
1995-12-15T00:00:00.000Z;0.225
1995-12-16T00:00:00.000Z;0.205
1995-12-17T00:00:00.000Z;0.190
1995-12-18T00:00:00.000Z;0.180
1995-12-19T00:00:00.000Z;0.175
1995-12-20T00:00:00.000Z;0.170
1995-12-21T00:00:00.000Z;0.165
1995-12-22T00:00:00.000Z;0.160
1995-12-23T00:00:00.000Z;0.155
1995-12-24T00:00:00.000Z;0.150
1995-12-25T00:00:00.000Z;0.155
1995-12-26T00:00:00.000Z;0.230
1995-12-27T00:00:00.000Z;0.705
1995-12-28T00:00:00.000Z;0.455
1995-12-29T00:00:00.000Z;0.335
1995-12-30T00:00:00.000Z;0.290
1995-12-31T00:00:00.000Z;0.260
1996-01-01T00:00:00.000Z;0.255
1996-01-02T00:00:00.000Z;0.370
1996-01-03T00:00:00.000Z;0.440
1996-01-04T00:00:00.000Z;0.380
1996-01-05T00:00:00.000Z;0.330
1996-01-06T00:00:00.000Z;0.465
1996-01-07T00:00:00.000Z;0.445
1996-01-08T00:00:00.000Z;0.415
1996-01-09T00:00:00.000Z;0.380
1996-01-10T00:00:00.000Z;Jan.79
1996-01-11T00:00:00.000Z;Jan.67
1996-01-12T00:00:00.000Z;0.835
1996-01-13T00:00:00.000Z;0.510
1996-01-14T00:00:00.000Z;0.440
1996-01-15T00:00:00.000Z;0.345
1996-01-16T00:00:00.000Z;0.300
1996-01-17T00:00:00.000Z;0.265
1996-01-18T00:00:00.000Z;0.255
1996-01-19T00:00:00.000Z;0.240
1996-01-20T00:00:00.000Z;0.230
1996-01-21T00:00:00.000Z;0.205
1996-01-22T00:00:00.000Z;0.185
1996-01-23T00:00:00.000Z;0.180
1996-01-24T00:00:00.000Z;0.178
1996-01-25T00:00:00.000Z;0.185
1996-01-26T00:00:00.000Z;0.192
1996-01-27T00:00:00.000Z;0.190
1996-01-28T00:00:00.000Z;0.200
1996-01-29T00:00:00.000Z;0.202
1996-01-30T00:00:00.000Z;0.195
1996-01-31T00:00:00.000Z;0.175
1996-02-01T00:00:00.000Z;0.175
1996-02-02T00:00:00.000Z;0.180
1996-02-03T00:00:00.000Z;0.170
1996-02-04T00:00:00.000Z;0.165
1996-02-05T00:00:00.000Z;0.160
1996-02-06T00:00:00.000Z;0.565
1996-02-07T00:00:00.000Z;2.Feb
1996-02-08T00:00:00.000Z;3.00
1996-02-09T00:00:00.000Z;Jan.24
1996-02-10T00:00:00.000Z;0.830
1996-02-11T00:00:00.000Z;0.770
1996-02-12T00:00:00.000Z;0.750
1996-02-13T00:00:00.000Z;Jan.33
1996-02-14T00:00:00.000Z;Jan.48
1996-02-15T00:00:00.000Z;0.960
1996-02-16T00:00:00.000Z;0.620
1996-02-17T00:00:00.000Z;0.500
1996-02-18T00:00:00.000Z;0.615
1996-02-19T00:00:00.000Z;0.815
1996-02-20T00:00:00.000Z;0.940
1996-02-21T00:00:00.000Z;0.720
1996-02-22T00:00:00.000Z;0.525
1996-02-23T00:00:00.000Z;1.Feb
1996-02-24T00:00:00.000Z;Jan.40
1996-02-25T00:00:00.000Z;Jan.32
1996-02-26T00:00:00.000Z;Jan.21
1996-02-27T00:00:00.000Z;0.970
1996-02-28T00:00:00.000Z;0.830
1996-02-29T00:00:00.000Z;0.870
1996-03-01T00:00:00.000Z;0.870
1996-03-02T00:00:00.000Z;0.885
1996-03-03T00:00:00.000Z;0.835
1996-03-04T00:00:00.000Z;0.645
1996-03-05T00:00:00.000Z;0.535
1996-03-06T00:00:00.000Z;0.490
1996-03-07T00:00:00.000Z;0.445
1996-03-08T00:00:00.000Z;0.400
1996-03-09T00:00:00.000Z;0.495
1996-03-10T00:00:00.000Z;0.580
1996-03-11T00:00:00.000Z;0.550
1996-03-12T00:00:00.000Z;0.520
1996-03-13T00:00:00.000Z;0.465
1996-03-14T00:00:00.000Z;0.445
1996-03-15T00:00:00.000Z;0.435
1996-03-16T00:00:00.000Z;1.Jan
1996-03-17T00:00:00.000Z;1.Apr
1996-03-18T00:00:00.000Z;0.845
1996-03-19T00:00:00.000Z;0.860
1996-03-20T00:00:00.000Z;0.855
1996-03-21T00:00:00.000Z;0.780
1996-03-22T00:00:00.000Z;0.755
1996-03-23T00:00:00.000Z;0.790
1996-03-24T00:00:00.000Z;0.800
1996-03-25T00:00:00.000Z;0.760
1996-03-26T00:00:00.000Z;0.630
1996-03-27T00:00:00.000Z;0.750
1996-03-28T00:00:00.000Z;Jan.54
1996-03-29T00:00:00.000Z;Jan.38
1996-03-30T00:00:00.000Z;0.835
1996-03-31T00:00:00.000Z;0.585
1996-04-01T00:00:00.000Z;0.800
1996-04-02T00:00:00.000Z;Jan.59
1996-04-03T00:00:00.000Z;0.970
1996-04-04T00:00:00.000Z;0.640
1996-04-05T00:00:00.000Z;0.535
1996-04-06T00:00:00.000Z;0.500
1996-04-07T00:00:00.000Z;0.425
1996-04-08T00:00:00.000Z;0.395
1996-04-09T00:00:00.000Z;0.375
1996-04-10T00:00:00.000Z;0.345
1996-04-11T00:00:00.000Z;0.330
1996-04-12T00:00:00.000Z;0.315
1996-04-13T00:00:00.000Z;0.300
1996-04-14T00:00:00.000Z;0.280
1996-04-15T00:00:00.000Z;0.295
1996-04-16T00:00:00.000Z;0.315
1996-04-17T00:00:00.000Z;Jan.24
1996-04-18T00:00:00.000Z;Jan.56
1996-04-19T00:00:00.000Z;0.845
1996-04-20T00:00:00.000Z;0.555
1996-04-21T00:00:00.000Z;0.480
1996-04-22T00:00:00.000Z;0.410
1996-04-23T00:00:00.000Z;0.380
1996-04-24T00:00:00.000Z;0.375
1996-04-25T00:00:00.000Z;0.330
1996-04-26T00:00:00.000Z;0.320
1996-04-27T00:00:00.000Z;0.315
1996-04-28T00:00:00.000Z;0.315
1996-04-29T00:00:00.000Z;0.865
1996-04-30T00:00:00.000Z;Jan.83
1996-05-01T00:00:00.000Z;Jan.29
1996-05-02T00:00:00.000Z;0.680
1996-05-03T00:00:00.000Z;0.640
1996-05-04T00:00:00.000Z;0.700
1996-05-05T00:00:00.000Z;0.625
1996-05-06T00:00:00.000Z;0.500
1996-05-07T00:00:00.000Z;0.440
1996-05-08T00:00:00.000Z;0.375
1996-05-09T00:00:00.000Z;0.410
1996-05-10T00:00:00.000Z;Jan.37
1996-05-11T00:00:00.000Z;1.Aug
1996-05-12T00:00:00.000Z;Jan.27
1996-05-13T00:00:00.000Z;Jan.20
1996-05-14T00:00:00.000Z;0.785
1996-05-15T00:00:00.000Z;0.575
1996-05-16T00:00:00.000Z;0.495
1996-05-17T00:00:00.000Z;0.435
1996-05-18T00:00:00.000Z;0.375
1996-05-19T00:00:00.000Z;0.350
1996-05-20T00:00:00.000Z;0.336
1996-05-21T00:00:00.000Z;0.334
1996-05-22T00:00:00.000Z;0.305
1996-05-23T00:00:00.000Z;0.290
1996-05-24T00:00:00.000Z;0.285
1996-05-25T00:00:00.000Z;0.280
1996-05-26T00:00:00.000Z;0.265
1996-05-27T00:00:00.000Z;0.255
1996-05-28T00:00:00.000Z;0.250
1996-05-29T00:00:00.000Z;0.235
1996-05-30T00:00:00.000Z;0.230
1996-05-31T00:00:00.000Z;0.230
1996-06-01T00:00:00.000Z;0.235
1996-06-02T00:00:00.000Z;0.340
1996-06-03T00:00:00.000Z;0.700
1996-06-04T00:00:00.000Z;0.485
1996-06-05T00:00:00.000Z;0.305
1996-06-06T00:00:00.000Z;0.260
1996-06-07T00:00:00.000Z;0.245
1996-06-08T00:00:00.000Z;0.235
1996-06-09T00:00:00.000Z;0.220
1996-06-10T00:00:00.000Z;0.205
1996-06-11T00:00:00.000Z;0.200
1996-06-12T00:00:00.000Z;0.195
1996-06-13T00:00:00.000Z;0.185
1996-06-14T00:00:00.000Z;0.180
1996-06-15T00:00:00.000Z;0.175
1996-06-16T00:00:00.000Z;0.170
1996-06-17T00:00:00.000Z;0.165
1996-06-18T00:00:00.000Z;0.170
1996-06-19T00:00:00.000Z;0.175
1996-06-20T00:00:00.000Z;0.172
1996-06-21T00:00:00.000Z;0.170
1996-06-22T00:00:00.000Z;0.175
1996-06-23T00:00:00.000Z;0.173
1996-06-24T00:00:00.000Z;0.165
1996-06-25T00:00:00.000Z;0.162
1996-06-26T00:00:00.000Z;0.157
1996-06-27T00:00:00.000Z;0.148
1996-06-28T00:00:00.000Z;0.144
1996-06-29T00:00:00.000Z;0.147
1996-06-30T00:00:00.000Z;0.143
1996-07-01T00:00:00.000Z;0.141
1996-07-02T00:00:00.000Z;0.144
1996-07-03T00:00:00.000Z;0.144
1996-07-04T00:00:00.000Z;0.145
1996-07-05T00:00:00.000Z;0.146
1996-07-06T00:00:00.000Z;0.147
1996-07-07T00:00:00.000Z;0.182
1996-07-08T00:00:00.000Z;0.375
1996-07-09T00:00:00.000Z;0.250
1996-07-10T00:00:00.000Z;0.195
1996-07-11T00:00:00.000Z;0.157
1996-07-12T00:00:00.000Z;0.145
1996-07-13T00:00:00.000Z;0.139
1996-07-14T00:00:00.000Z;0.131
1996-07-15T00:00:00.000Z;0.127
1996-07-16T00:00:00.000Z;0.125
1996-07-17T00:00:00.000Z;0.123
1996-07-18T00:00:00.000Z;0.122
1996-07-19T00:00:00.000Z;0.119
1996-07-20T00:00:00.000Z;0.117
1996-07-21T00:00:00.000Z;0.116
1996-07-22T00:00:00.000Z;0.116
1996-07-23T00:00:00.000Z;0.115
1996-07-24T00:00:00.000Z;0.114
1996-07-25T00:00:00.000Z;0.114
1996-07-26T00:00:00.000Z;0.113
1996-07-27T00:00:00.000Z;0.112
1996-07-28T00:00:00.000Z;0.112
1996-07-29T00:00:00.000Z;0.111
1996-07-30T00:00:00.000Z;0.270
1996-07-31T00:00:00.000Z;0.195
1996-08-01T00:00:00.000Z;0.142
1996-08-02T00:00:00.000Z;0.130
1996-08-03T00:00:00.000Z;0.127
1996-08-04T00:00:00.000Z;0.120
1996-08-05T00:00:00.000Z;0.123
1996-08-06T00:00:00.000Z;0.121
1996-08-07T00:00:00.000Z;0.122
1996-08-08T00:00:00.000Z;0.155
1996-08-09T00:00:00.000Z;0.150
1996-08-10T00:00:00.000Z;0.125
1996-08-11T00:00:00.000Z;0.120
1996-08-12T00:00:00.000Z;0.115
1996-08-13T00:00:00.000Z;0.110
1996-08-14T00:00:00.000Z;0.108
1996-08-15T00:00:00.000Z;0.105
1996-08-16T00:00:00.000Z;0.101
1996-08-17T00:00:00.000Z;0.0990
1996-08-18T00:00:00.000Z;0.0960
1996-08-19T00:00:00.000Z;0.0950
1996-08-20T00:00:00.000Z;0.0950
1996-08-21T00:00:00.000Z;0.0940
1996-08-22T00:00:00.000Z;0.0980
1996-08-23T00:00:00.000Z;0.104
1996-08-24T00:00:00.000Z;0.117
1996-08-25T00:00:00.000Z;0.118
1996-08-26T00:00:00.000Z;0.108
1996-08-27T00:00:00.000Z;0.137
1996-08-28T00:00:00.000Z;0.194
1996-08-29T00:00:00.000Z;0.111
1996-08-30T00:00:00.000Z;0.106
1996-08-31T00:00:00.000Z;0.103
1996-09-01T00:00:00.000Z;0.100
1996-09-02T00:00:00.000Z;0.0970
1996-09-03T00:00:00.000Z;0.0940
1996-09-04T00:00:00.000Z;0.0940
1996-09-05T00:00:00.000Z;0.0930
1996-09-06T00:00:00.000Z;0.0930
1996-09-07T00:00:00.000Z;0.0920
1996-09-08T00:00:00.000Z;0.0920
1996-09-09T00:00:00.000Z;0.0910
1996-09-10T00:00:00.000Z;0.0910
1996-09-11T00:00:00.000Z;0.0900
1996-09-12T00:00:00.000Z;0.0900
1996-09-13T00:00:00.000Z;0.0890
1996-09-14T00:00:00.000Z;0.0890
1996-09-15T00:00:00.000Z;0.0880
1996-09-16T00:00:00.000Z;0.0880
1996-09-17T00:00:00.000Z;0.0870
1996-09-18T00:00:00.000Z;0.0910
1996-09-19T00:00:00.000Z;0.113
1996-09-20T00:00:00.000Z;0.0980
1996-09-21T00:00:00.000Z;0.0950
1996-09-22T00:00:00.000Z;0.113
1996-09-23T00:00:00.000Z;0.135
1996-09-24T00:00:00.000Z;0.123
1996-09-25T00:00:00.000Z;0.104
1996-09-26T00:00:00.000Z;0.0940
1996-09-27T00:00:00.000Z;0.0930
1996-09-28T00:00:00.000Z;0.0920
1996-09-29T00:00:00.000Z;0.0910
1996-09-30T00:00:00.000Z;0.0900
1996-10-01T00:00:00.000Z;0.0920
1996-10-02T00:00:00.000Z;0.0980
1996-10-03T00:00:00.000Z;0.360
1996-10-04T00:00:00.000Z;0.265
1996-10-05T00:00:00.000Z;0.240
1996-10-06T00:00:00.000Z;0.425
1996-10-07T00:00:00.000Z;0.510
1996-10-08T00:00:00.000Z;0.330
1996-10-09T00:00:00.000Z;0.220
1996-10-10T00:00:00.000Z;0.180
1996-10-11T00:00:00.000Z;0.155
1996-10-12T00:00:00.000Z;0.142
1996-10-13T00:00:00.000Z;0.136
1996-10-14T00:00:00.000Z;0.132
1996-10-15T00:00:00.000Z;Jan.27
1996-10-16T00:00:00.000Z;1.Oct
1996-10-17T00:00:00.000Z;0.502
1996-10-18T00:00:00.000Z;0.313
1996-10-19T00:00:00.000Z;0.252
1996-10-20T00:00:00.000Z;0.214
1996-10-21T00:00:00.000Z;0.187
1996-10-22T00:00:00.000Z;0.173
1996-10-23T00:00:00.000Z;0.160
1996-10-24T00:00:00.000Z;0.150
1996-10-25T00:00:00.000Z;0.142
1996-10-26T00:00:00.000Z;0.140
1996-10-27T00:00:00.000Z;0.135
1996-10-28T00:00:00.000Z;0.130
1996-10-29T00:00:00.000Z;0.140
1996-10-30T00:00:00.000Z;0.172
1996-10-31T00:00:00.000Z;0.168
1996-11-01T00:00:00.000Z;0.150
1996-11-02T00:00:00.000Z;0.140
1996-11-03T00:00:00.000Z;0.134
1996-11-04T00:00:00.000Z;0.131
1996-11-05T00:00:00.000Z;0.130
1996-11-06T00:00:00.000Z;0.125
1996-11-07T00:00:00.000Z;0.124
1996-11-08T00:00:00.000Z;0.129
1996-11-09T00:00:00.000Z;0.140
1996-11-10T00:00:00.000Z;0.138
1996-11-11T00:00:00.000Z;0.134
1996-11-12T00:00:00.000Z;0.136
1996-11-13T00:00:00.000Z;0.400
1996-11-14T00:00:00.000Z;0.325
1996-11-15T00:00:00.000Z;0.370
1996-11-16T00:00:00.000Z;0.275
1996-11-17T00:00:00.000Z;0.325
1996-11-18T00:00:00.000Z;Feb.13
1996-11-19T00:00:00.000Z;Jan.26
1996-11-20T00:00:00.000Z;Jan.56
1996-11-21T00:00:00.000Z;Jan.52
1996-11-22T00:00:00.000Z;Jan.30
1996-11-23T00:00:00.000Z;Jan.74
1996-11-24T00:00:00.000Z;Jan.82
1996-11-25T00:00:00.000Z;Jan.78
1996-11-26T00:00:00.000Z;May.41
1996-11-27T00:00:00.000Z;Mar.81
1996-11-28T00:00:00.000Z;Mar.33
1996-11-29T00:00:00.000Z;Feb.42
1996-11-30T00:00:00.000Z;Feb.20
1996-12-01T00:00:00.000Z;May.73
1996-12-02T00:00:00.000Z;Mar.41
1996-12-03T00:00:00.000Z;Feb.87
1996-12-04T00:00:00.000Z;Jan.97
1996-12-05T00:00:00.000Z;Jan.13
1996-12-06T00:00:00.000Z;0.725
1996-12-07T00:00:00.000Z;0.575
1996-12-08T00:00:00.000Z;0.890
1996-12-09T00:00:00.000Z;Jan.69
1996-12-10T00:00:00.000Z;Jan.85
1996-12-11T00:00:00.000Z;Jan.17
1996-12-12T00:00:00.000Z;0.790
1996-12-13T00:00:00.000Z;0.595
1996-12-14T00:00:00.000Z;0.680
1996-12-15T00:00:00.000Z;Jan.16
1996-12-16T00:00:00.000Z;0.855
1996-12-17T00:00:00.000Z;0.630
1996-12-18T00:00:00.000Z;0.515
1996-12-19T00:00:00.000Z;0.458
1996-12-20T00:00:00.000Z;0.677
1996-12-21T00:00:00.000Z;0.589
1996-12-22T00:00:00.000Z;0.467
1996-12-23T00:00:00.000Z;0.423
1996-12-24T00:00:00.000Z;0.368
1996-12-25T00:00:00.000Z;0.354
1996-12-26T00:00:00.000Z;0.426
1996-12-27T00:00:00.000Z;0.420
1996-12-28T00:00:00.000Z;0.393
1996-12-29T00:00:00.000Z;0.345
1996-12-30T00:00:00.000Z;0.308
1996-12-31T00:00:00.000Z;0.283
1997-01-01T00:00:00.000Z;0.255
1997-01-02T00:00:00.000Z;0.242
1997-01-03T00:00:00.000Z;0.241
1997-01-04T00:00:00.000Z;0.238
1997-01-05T00:00:00.000Z;0.246
1997-01-06T00:00:00.000Z;0.245
1997-01-07T00:00:00.000Z;0.232
1997-01-08T00:00:00.000Z;0.236
1997-01-09T00:00:00.000Z;0.300
1997-01-10T00:00:00.000Z;Jan.16
1997-01-11T00:00:00.000Z;0.835
1997-01-12T00:00:00.000Z;0.712
1997-01-13T00:00:00.000Z;0.838
1997-01-14T00:00:00.000Z;0.795
1997-01-15T00:00:00.000Z;0.673
1997-01-16T00:00:00.000Z;0.617
1997-01-17T00:00:00.000Z;0.603
1997-01-18T00:00:00.000Z;Jan.45
1997-01-19T00:00:00.000Z;1.May
1997-01-20T00:00:00.000Z;0.761
1997-01-21T00:00:00.000Z;0.649
1997-01-22T00:00:00.000Z;0.673
1997-01-23T00:00:00.000Z;0.521
1997-01-24T00:00:00.000Z;0.450
1997-01-25T00:00:00.000Z;0.378
1997-01-26T00:00:00.000Z;0.315
1997-01-27T00:00:00.000Z;0.282
1997-01-28T00:00:00.000Z;0.280
1997-01-29T00:00:00.000Z;0.260
1997-01-30T00:00:00.000Z;0.244
1997-01-31T00:00:00.000Z;0.237
1997-02-01T00:00:00.000Z;0.232
1997-02-02T00:00:00.000Z;0.247
1997-02-03T00:00:00.000Z;0.341
1997-02-04T00:00:00.000Z;0.335
1997-02-05T00:00:00.000Z;0.276
1997-02-06T00:00:00.000Z;0.247
1997-02-07T00:00:00.000Z;0.236
1997-02-08T00:00:00.000Z;0.225
1997-02-09T00:00:00.000Z;0.212
1997-02-10T00:00:00.000Z;0.204
1997-02-11T00:00:00.000Z;0.197
1997-02-12T00:00:00.000Z;0.193
1997-02-13T00:00:00.000Z;0.188
1997-02-14T00:00:00.000Z;0.185
1997-02-15T00:00:00.000Z;Jan.51
1997-02-16T00:00:00.000Z;Jan.29
1997-02-17T00:00:00.000Z;0.663
1997-02-18T00:00:00.000Z;0.453
1997-02-19T00:00:00.000Z;0.360
1997-02-20T00:00:00.000Z;0.310
1997-02-21T00:00:00.000Z;0.277
1997-02-22T00:00:00.000Z;0.263
1997-02-23T00:00:00.000Z;0.251
1997-02-24T00:00:00.000Z;0.239
1997-02-25T00:00:00.000Z;0.224
1997-02-26T00:00:00.000Z;0.209
1997-02-27T00:00:00.000Z;0.194
1997-02-28T00:00:00.000Z;0.186
1997-03-01T00:00:00.000Z;0.180
1997-03-02T00:00:00.000Z;0.174
1997-03-03T00:00:00.000Z;0.167
1997-03-04T00:00:00.000Z;0.161
1997-03-05T00:00:00.000Z;0.157
1997-03-06T00:00:00.000Z;0.153
1997-03-07T00:00:00.000Z;0.150
1997-03-08T00:00:00.000Z;0.147
1997-03-09T00:00:00.000Z;0.143
1997-03-10T00:00:00.000Z;0.141
1997-03-11T00:00:00.000Z;0.138
1997-03-12T00:00:00.000Z;0.136
1997-03-13T00:00:00.000Z;0.133
1997-03-14T00:00:00.000Z;0.136
1997-03-15T00:00:00.000Z;0.134
1997-03-16T00:00:00.000Z;0.132
1997-03-17T00:00:00.000Z;0.130
1997-03-18T00:00:00.000Z;0.128
1997-03-19T00:00:00.000Z;0.127
1997-03-20T00:00:00.000Z;0.126
1997-03-21T00:00:00.000Z;0.125
1997-03-22T00:00:00.000Z;0.123
1997-03-23T00:00:00.000Z;0.121
1997-03-24T00:00:00.000Z;0.120
1997-03-25T00:00:00.000Z;0.126
1997-03-26T00:00:00.000Z;0.122
1997-03-27T00:00:00.000Z;0.118
1997-03-28T00:00:00.000Z;0.115
1997-03-29T00:00:00.000Z;0.130
1997-03-30T00:00:00.000Z;0.133
1997-03-31T00:00:00.000Z;0.127
1997-04-01T00:00:00.000Z;0.122
1997-04-02T00:00:00.000Z;0.119
1997-04-03T00:00:00.000Z;0.115
1997-04-04T00:00:00.000Z;0.111
1997-04-05T00:00:00.000Z;0.108
1997-04-06T00:00:00.000Z;0.104
1997-04-07T00:00:00.000Z;0.103
1997-04-08T00:00:00.000Z;0.102
1997-04-09T00:00:00.000Z;0.101
1997-04-10T00:00:00.000Z;0.0990
1997-04-11T00:00:00.000Z;0.0980
1997-04-12T00:00:00.000Z;0.0980
1997-04-13T00:00:00.000Z;0.0970
1997-04-14T00:00:00.000Z;0.0960
1997-04-15T00:00:00.000Z;0.0940
1997-04-16T00:00:00.000Z;0.0920
1997-04-17T00:00:00.000Z;0.0920
1997-04-18T00:00:00.000Z;0.0920
1997-04-19T00:00:00.000Z;0.0910
1997-04-20T00:00:00.000Z;0.0900
1997-04-21T00:00:00.000Z;0.0880
1997-04-22T00:00:00.000Z;0.0850
1997-04-23T00:00:00.000Z;0.0830
1997-04-24T00:00:00.000Z;0.0800
1997-04-25T00:00:00.000Z;0.0790
1997-04-26T00:00:00.000Z;0.0780
1997-04-27T00:00:00.000Z;0.0910
1997-04-28T00:00:00.000Z;0.182
1997-04-29T00:00:00.000Z;0.558
1997-04-30T00:00:00.000Z;0.439
1997-05-01T00:00:00.000Z;0.209
1997-05-02T00:00:00.000Z;0.174
1997-05-03T00:00:00.000Z;0.149
1997-05-04T00:00:00.000Z;0.138
1997-05-05T00:00:00.000Z;0.139
1997-05-06T00:00:00.000Z;0.145
1997-05-07T00:00:00.000Z;0.143
1997-05-08T00:00:00.000Z;0.150
1997-05-09T00:00:00.000Z;0.153
1997-05-10T00:00:00.000Z;0.152
1997-05-11T00:00:00.000Z;0.145
1997-05-12T00:00:00.000Z;0.267
1997-05-13T00:00:00.000Z;0.259
1997-05-14T00:00:00.000Z;0.231
1997-05-15T00:00:00.000Z;0.205
1997-05-16T00:00:00.000Z;0.186
1997-05-17T00:00:00.000Z;0.169
1997-05-18T00:00:00.000Z;0.321
1997-05-19T00:00:00.000Z;0.238
1997-05-20T00:00:00.000Z;0.202
1997-05-21T00:00:00.000Z;0.179
1997-05-22T00:00:00.000Z;0.162
1997-05-23T00:00:00.000Z;0.152
1997-05-24T00:00:00.000Z;0.146
1997-05-25T00:00:00.000Z;0.141
1997-05-26T00:00:00.000Z;0.136
1997-05-27T00:00:00.000Z;0.132
1997-05-28T00:00:00.000Z;0.129
1997-05-29T00:00:00.000Z;0.127
1997-05-30T00:00:00.000Z;0.123
1997-05-31T00:00:00.000Z;0.140
1997-06-01T00:00:00.000Z;0.270
1997-06-02T00:00:00.000Z;0.182
1997-06-03T00:00:00.000Z;0.152
1997-06-04T00:00:00.000Z;0.140
1997-06-05T00:00:00.000Z;0.136
1997-06-06T00:00:00.000Z;0.137
1997-06-07T00:00:00.000Z;0.130
1997-06-08T00:00:00.000Z;0.125
1997-06-09T00:00:00.000Z;0.120
1997-06-10T00:00:00.000Z;0.117
1997-06-11T00:00:00.000Z;0.114
1997-06-12T00:00:00.000Z;0.110
1997-06-13T00:00:00.000Z;0.108
1997-06-14T00:00:00.000Z;0.106
1997-06-15T00:00:00.000Z;0.104
1997-06-16T00:00:00.000Z;0.103
1997-06-17T00:00:00.000Z;0.104
1997-06-18T00:00:00.000Z;0.106
1997-06-19T00:00:00.000Z;0.110
1997-06-20T00:00:00.000Z;0.110
1997-06-21T00:00:00.000Z;0.106
1997-06-22T00:00:00.000Z;0.176
1997-06-23T00:00:00.000Z;0.164
1997-06-24T00:00:00.000Z;0.128
1997-06-25T00:00:00.000Z;0.119
1997-06-26T00:00:00.000Z;0.114
1997-06-27T00:00:00.000Z;0.117
1997-06-28T00:00:00.000Z;0.119
1997-06-29T00:00:00.000Z;0.167
1997-06-30T00:00:00.000Z;0.181
1997-07-01T00:00:00.000Z;0.138
1997-07-02T00:00:00.000Z;0.129
1997-07-03T00:00:00.000Z;0.139
1997-07-04T00:00:00.000Z;0.150
1997-07-05T00:00:00.000Z;0.239
1997-07-06T00:00:00.000Z;0.242
1997-07-07T00:00:00.000Z;0.175
1997-07-08T00:00:00.000Z;0.145
1997-07-09T00:00:00.000Z;0.209
1997-07-10T00:00:00.000Z;0.463
1997-07-11T00:00:00.000Z;0.306
1997-07-12T00:00:00.000Z;0.265
1997-07-13T00:00:00.000Z;0.205
1997-07-14T00:00:00.000Z;0.170
1997-07-15T00:00:00.000Z;0.152
1997-07-16T00:00:00.000Z;0.144
1997-07-17T00:00:00.000Z;0.142
1997-07-18T00:00:00.000Z;0.140
1997-07-19T00:00:00.000Z;0.135
1997-07-20T00:00:00.000Z;0.130
1997-07-21T00:00:00.000Z;0.125
1997-07-22T00:00:00.000Z;0.123
1997-07-23T00:00:00.000Z;0.146
1997-07-24T00:00:00.000Z;0.245
1997-07-25T00:00:00.000Z;0.192
1997-07-26T00:00:00.000Z;0.144
1997-07-27T00:00:00.000Z;0.125
1997-07-28T00:00:00.000Z;0.112
1997-07-29T00:00:00.000Z;0.103
1997-07-30T00:00:00.000Z;0.0970
1997-07-31T00:00:00.000Z;0.0930
1997-08-01T00:00:00.000Z;0.0920
1997-08-02T00:00:00.000Z;0.0910
1997-08-03T00:00:00.000Z;0.0870
1997-08-04T00:00:00.000Z;0.0830
1997-08-05T00:00:00.000Z;0.0810
1997-08-06T00:00:00.000Z;0.0900
1997-08-07T00:00:00.000Z;0.0940
1997-08-08T00:00:00.000Z;0.0860
1997-08-09T00:00:00.000Z;0.0800
1997-08-10T00:00:00.000Z;0.0830
1997-08-11T00:00:00.000Z;Jan.35
1997-08-12T00:00:00.000Z;Jan.32
1997-08-13T00:00:00.000Z;0.425
1997-08-14T00:00:00.000Z;0.230
1997-08-15T00:00:00.000Z;0.186
1997-08-16T00:00:00.000Z;0.160
1997-08-17T00:00:00.000Z;0.145
1997-08-18T00:00:00.000Z;0.145
1997-08-19T00:00:00.000Z;0.239
1997-08-20T00:00:00.000Z;0.168
1997-08-21T00:00:00.000Z;0.142
1997-08-22T00:00:00.000Z;0.131
1997-08-23T00:00:00.000Z;0.123
1997-08-24T00:00:00.000Z;0.118
1997-08-25T00:00:00.000Z;0.120
1997-08-26T00:00:00.000Z;0.364
1997-08-27T00:00:00.000Z;0.212
1997-08-28T00:00:00.000Z;0.182
1997-08-29T00:00:00.000Z;0.166
1997-08-30T00:00:00.000Z;0.150
1997-08-31T00:00:00.000Z;0.143
1997-09-01T00:00:00.000Z;0.137
1997-09-02T00:00:00.000Z;0.167
1997-09-03T00:00:00.000Z;0.165
1997-09-04T00:00:00.000Z;0.141
1997-09-05T00:00:00.000Z;0.131
1997-09-06T00:00:00.000Z;0.124
1997-09-07T00:00:00.000Z;0.119
1997-09-08T00:00:00.000Z;0.114
1997-09-09T00:00:00.000Z;0.110
1997-09-10T00:00:00.000Z;0.106
1997-09-11T00:00:00.000Z;0.104
1997-09-12T00:00:00.000Z;0.101
1997-09-13T00:00:00.000Z;0.0990
1997-09-14T00:00:00.000Z;0.123
1997-09-15T00:00:00.000Z;0.113
1997-09-16T00:00:00.000Z;0.100
1997-09-17T00:00:00.000Z;0.0960
1997-09-18T00:00:00.000Z;0.0940
1997-09-19T00:00:00.000Z;0.0880
1997-09-20T00:00:00.000Z;0.0820
1997-09-21T00:00:00.000Z;0.0800
1997-09-22T00:00:00.000Z;0.0790
1997-09-23T00:00:00.000Z;0.0780
1997-09-24T00:00:00.000Z;0.0770
1997-09-25T00:00:00.000Z;0.0760
1997-09-26T00:00:00.000Z;0.0750
1997-09-27T00:00:00.000Z;0.0690
1997-09-28T00:00:00.000Z;0.0700
1997-09-29T00:00:00.000Z;0.0710
1997-09-30T00:00:00.000Z;0.0700
1997-10-01T00:00:00.000Z;0.0690
1997-10-02T00:00:00.000Z;0.0690
1997-10-03T00:00:00.000Z;0.0670
1997-10-04T00:00:00.000Z;0.0660
1997-10-05T00:00:00.000Z;0.0660
1997-10-06T00:00:00.000Z;0.0690
1997-10-07T00:00:00.000Z;0.0660
1997-10-08T00:00:00.000Z;0.0660
1997-10-09T00:00:00.000Z;0.0640
1997-10-10T00:00:00.000Z;0.0650
1997-10-11T00:00:00.000Z;0.0650
1997-10-12T00:00:00.000Z;0.0640
1997-10-13T00:00:00.000Z;0.0720
1997-10-14T00:00:00.000Z;0.0700
1997-10-15T00:00:00.000Z;0.0690
1997-10-16T00:00:00.000Z;0.0690
1997-10-17T00:00:00.000Z;0.0730
1997-10-18T00:00:00.000Z;0.0710
1997-10-19T00:00:00.000Z;0.0700
1997-10-20T00:00:00.000Z;0.0690
1997-10-21T00:00:00.000Z;0.0690
1997-10-22T00:00:00.000Z;0.0690
1997-10-23T00:00:00.000Z;0.0680
1997-10-24T00:00:00.000Z;0.0650
1997-10-25T00:00:00.000Z;0.0590
1997-10-26T00:00:00.000Z;0.0600
1997-10-27T00:00:00.000Z;0.0600
1997-10-28T00:00:00.000Z;0.0610
1997-10-29T00:00:00.000Z;0.0620
1997-10-30T00:00:00.000Z;0.0620
1997-10-31T00:00:00.000Z;0.0610
1997-11-01T00:00:00.000Z;0.0600
1997-11-02T00:00:00.000Z;0.0620
1997-11-03T00:00:00.000Z;0.0610
1997-11-04T00:00:00.000Z;0.0620
1997-11-05T00:00:00.000Z;0.0640
1997-11-06T00:00:00.000Z;0.0680
1997-11-07T00:00:00.000Z;0.0830
1997-11-08T00:00:00.000Z;0.0780
1997-11-09T00:00:00.000Z;0.0730
1997-11-10T00:00:00.000Z;0.0780
1997-11-11T00:00:00.000Z;0.0780
1997-11-12T00:00:00.000Z;0.0750
1997-11-13T00:00:00.000Z;0.0710
1997-11-14T00:00:00.000Z;0.0700
1997-11-15T00:00:00.000Z;0.0660
1997-11-16T00:00:00.000Z;0.0620
1997-11-17T00:00:00.000Z;0.0580
1997-11-18T00:00:00.000Z;0.0590
1997-11-19T00:00:00.000Z;0.0610
1997-11-20T00:00:00.000Z;0.0620
1997-11-21T00:00:00.000Z;0.0620
1997-11-22T00:00:00.000Z;0.0610
1997-11-23T00:00:00.000Z;0.0660
1997-11-24T00:00:00.000Z;0.0660
1997-11-25T00:00:00.000Z;0.0690
1997-11-26T00:00:00.000Z;0.0690
1997-11-27T00:00:00.000Z;0.0670
1997-11-28T00:00:00.000Z;0.0650
1997-11-29T00:00:00.000Z;0.0660
1997-11-30T00:00:00.000Z;0.157
1997-12-01T00:00:00.000Z;0.467
1997-12-02T00:00:00.000Z;0.458
1997-12-03T00:00:00.000Z;0.760
1997-12-04T00:00:00.000Z;0.381
1997-12-05T00:00:00.000Z;0.246
1997-12-06T00:00:00.000Z;0.193
1997-12-07T00:00:00.000Z;0.167
1997-12-08T00:00:00.000Z;0.171
1997-12-09T00:00:00.000Z;0.169
1997-12-10T00:00:00.000Z;0.175
1997-12-11T00:00:00.000Z;0.649
1997-12-12T00:00:00.000Z;0.831
1997-12-13T00:00:00.000Z;0.967
1997-12-14T00:00:00.000Z;0.488
1997-12-15T00:00:00.000Z;0.296
1997-12-16T00:00:00.000Z;0.253
1997-12-17T00:00:00.000Z;0.230
1997-12-18T00:00:00.000Z;0.202
1997-12-19T00:00:00.000Z;0.191
1997-12-20T00:00:00.000Z;0.188
1997-12-21T00:00:00.000Z;0.303
1997-12-22T00:00:00.000Z;0.275
1997-12-23T00:00:00.000Z;Jan.56
1997-12-24T00:00:00.000Z;Jan.22
1997-12-25T00:00:00.000Z;0.575
1997-12-26T00:00:00.000Z;0.500
1997-12-27T00:00:00.000Z;Jan.81
1997-12-28T00:00:00.000Z;Jan.54
1997-12-29T00:00:00.000Z;0.882
1997-12-30T00:00:00.000Z;0.614
1997-12-31T00:00:00.000Z;0.476
1998-01-01T00:00:00.000Z;0.512
1998-01-02T00:00:00.000Z;0.535
1998-01-03T00:00:00.000Z;0.819
1998-01-04T00:00:00.000Z;1.Jan
1998-01-05T00:00:00.000Z;0.833
1998-01-06T00:00:00.000Z;0.578
1998-01-07T00:00:00.000Z;0.441
1998-01-08T00:00:00.000Z;0.334
1998-01-09T00:00:00.000Z;0.291
1998-01-10T00:00:00.000Z;0.261
1998-01-11T00:00:00.000Z;0.250
1998-01-12T00:00:00.000Z;0.235
1998-01-13T00:00:00.000Z;0.223
1998-01-14T00:00:00.000Z;0.212
1998-01-15T00:00:00.000Z;0.196
1998-01-16T00:00:00.000Z;0.190
1998-01-17T00:00:00.000Z;0.285
1998-01-18T00:00:00.000Z;0.293
1998-01-19T00:00:00.000Z;0.604
1998-01-20T00:00:00.000Z;Feb.68
1998-01-21T00:00:00.000Z;Jan.64
1998-01-22T00:00:00.000Z;0.830
1998-01-23T00:00:00.000Z;0.512
1998-01-24T00:00:00.000Z;0.409
1998-01-25T00:00:00.000Z;0.327
1998-01-26T00:00:00.000Z;0.285
1998-01-27T00:00:00.000Z;0.261
1998-01-28T00:00:00.000Z;0.251
1998-01-29T00:00:00.000Z;0.237
1998-01-30T00:00:00.000Z;0.221
1998-01-31T00:00:00.000Z;0.209
1998-02-01T00:00:00.000Z;0.202
1998-02-02T00:00:00.000Z;0.191
1998-02-03T00:00:00.000Z;0.185
1998-02-04T00:00:00.000Z;0.177
1998-02-05T00:00:00.000Z;0.171
1998-02-06T00:00:00.000Z;0.166
1998-02-07T00:00:00.000Z;0.155
1998-02-08T00:00:00.000Z;0.149
1998-02-09T00:00:00.000Z;0.146
1998-02-10T00:00:00.000Z;0.143
1998-02-11T00:00:00.000Z;0.140
1998-02-12T00:00:00.000Z;0.137
1998-02-13T00:00:00.000Z;0.134
1998-02-14T00:00:00.000Z;0.132
1998-02-15T00:00:00.000Z;0.129
1998-02-16T00:00:00.000Z;0.128
1998-02-17T00:00:00.000Z;0.126
1998-02-18T00:00:00.000Z;0.124
1998-02-19T00:00:00.000Z;0.122
1998-02-20T00:00:00.000Z;0.121
1998-02-21T00:00:00.000Z;0.120
1998-02-22T00:00:00.000Z;0.122
1998-02-23T00:00:00.000Z;0.126
1998-02-24T00:00:00.000Z;0.128
1998-02-25T00:00:00.000Z;0.146
1998-02-26T00:00:00.000Z;0.158
1998-02-27T00:00:00.000Z;0.157
1998-02-28T00:00:00.000Z;0.153
1998-03-01T00:00:00.000Z;0.147
1998-03-02T00:00:00.000Z;0.142
1998-03-03T00:00:00.000Z;0.137
1998-03-04T00:00:00.000Z;0.134
1998-03-05T00:00:00.000Z;0.176
1998-03-06T00:00:00.000Z;0.240
1998-03-07T00:00:00.000Z;0.189
1998-03-08T00:00:00.000Z;0.168
1998-03-09T00:00:00.000Z;1.Sep
1998-03-10T00:00:00.000Z;2.Sep
1998-03-11T00:00:00.000Z;Jan.59
1998-03-12T00:00:00.000Z;Feb.59
1998-03-13T00:00:00.000Z;Jan.35
1998-03-14T00:00:00.000Z;0.872
1998-03-15T00:00:00.000Z;0.844
1998-03-16T00:00:00.000Z;1.Apr
1998-03-17T00:00:00.000Z;0.872
1998-03-18T00:00:00.000Z;0.663
1998-03-19T00:00:00.000Z;0.494
1998-03-20T00:00:00.000Z;0.400
1998-03-21T00:00:00.000Z;0.326
1998-03-22T00:00:00.000Z;0.285
1998-03-23T00:00:00.000Z;0.259
1998-03-24T00:00:00.000Z;0.248
1998-03-25T00:00:00.000Z;0.230
1998-03-26T00:00:00.000Z;0.218
1998-03-27T00:00:00.000Z;0.207
1998-03-28T00:00:00.000Z;0.198
1998-03-29T00:00:00.000Z;0.193
1998-03-30T00:00:00.000Z;0.219
1998-03-31T00:00:00.000Z;0.250
1998-04-01T00:00:00.000Z;0.289
1998-04-02T00:00:00.000Z;0.313
1998-04-03T00:00:00.000Z;0.254
1998-04-04T00:00:00.000Z;0.243
1998-04-05T00:00:00.000Z;0.227
1998-04-06T00:00:00.000Z;0.306
1998-04-07T00:00:00.000Z;0.396
1998-04-08T00:00:00.000Z;0.311
1998-04-09T00:00:00.000Z;0.276
1998-04-10T00:00:00.000Z;0.258
1998-04-11T00:00:00.000Z;0.399
1998-04-12T00:00:00.000Z;0.507
1998-04-13T00:00:00.000Z;0.533
1998-04-14T00:00:00.000Z;0.497
1998-04-15T00:00:00.000Z;0.604
1998-04-16T00:00:00.000Z;0.897
1998-04-17T00:00:00.000Z;0.742
1998-04-18T00:00:00.000Z;0.612
1998-04-19T00:00:00.000Z;0.609
1998-04-20T00:00:00.000Z;0.698
1998-04-21T00:00:00.000Z;0.538
1998-04-22T00:00:00.000Z;0.422
1998-04-23T00:00:00.000Z;0.329
1998-04-24T00:00:00.000Z;0.292
1998-04-25T00:00:00.000Z;0.266
1998-04-26T00:00:00.000Z;0.517
1998-04-27T00:00:00.000Z;3.00
1998-04-28T00:00:00.000Z;Jan.93
1998-04-29T00:00:00.000Z;Jan.13
1998-04-30T00:00:00.000Z;0.845
1998-05-01T00:00:00.000Z;0.948
1998-05-02T00:00:00.000Z;0.865
1998-05-03T00:00:00.000Z;0.746
1998-05-04T00:00:00.000Z;1.Feb
1998-05-05T00:00:00.000Z;Jan.53
1998-05-06T00:00:00.000Z;0.983
1998-05-07T00:00:00.000Z;0.626
1998-05-08T00:00:00.000Z;0.482
1998-05-09T00:00:00.000Z;0.412
1998-05-10T00:00:00.000Z;0.343
1998-05-11T00:00:00.000Z;0.305
1998-05-12T00:00:00.000Z;0.278
1998-05-13T00:00:00.000Z;0.257
1998-05-14T00:00:00.000Z;0.240
1998-05-15T00:00:00.000Z;0.237
1998-05-16T00:00:00.000Z;0.223
1998-05-17T00:00:00.000Z;0.210
1998-05-18T00:00:00.000Z;0.200
1998-05-19T00:00:00.000Z;0.190
1998-05-20T00:00:00.000Z;0.184
1998-05-21T00:00:00.000Z;0.181
1998-05-22T00:00:00.000Z;0.171
1998-05-23T00:00:00.000Z;0.166
1998-05-24T00:00:00.000Z;0.161
1998-05-25T00:00:00.000Z;0.156
1998-05-26T00:00:00.000Z;0.151
1998-05-27T00:00:00.000Z;0.149
1998-05-28T00:00:00.000Z;0.152
1998-05-29T00:00:00.000Z;0.171
1998-05-30T00:00:00.000Z;0.154
1998-05-31T00:00:00.000Z;0.156
1998-06-01T00:00:00.000Z;0.152
1998-06-02T00:00:00.000Z;0.143
1998-06-03T00:00:00.000Z;0.138
1998-06-04T00:00:00.000Z;0.134
1998-06-05T00:00:00.000Z;0.131
1998-06-06T00:00:00.000Z;0.130
1998-06-07T00:00:00.000Z;0.145
1998-06-08T00:00:00.000Z;0.159
1998-06-09T00:00:00.000Z;0.146
1998-06-10T00:00:00.000Z;0.141
1998-06-11T00:00:00.000Z;0.227
1998-06-12T00:00:00.000Z;0.220
1998-06-13T00:00:00.000Z;0.210
1998-06-14T00:00:00.000Z;0.189
1998-06-15T00:00:00.000Z;0.191
1998-06-16T00:00:00.000Z;0.173
1998-06-17T00:00:00.000Z;0.152
1998-06-18T00:00:00.000Z;0.141
1998-06-19T00:00:00.000Z;0.135
1998-06-20T00:00:00.000Z;0.130
1998-06-21T00:00:00.000Z;0.125
1998-06-22T00:00:00.000Z;0.122
1998-06-23T00:00:00.000Z;0.120
1998-06-24T00:00:00.000Z;0.118
1998-06-25T00:00:00.000Z;0.117
1998-06-26T00:00:00.000Z;0.114
1998-06-27T00:00:00.000Z;0.111
1998-06-28T00:00:00.000Z;0.108
1998-06-29T00:00:00.000Z;0.105
1998-06-30T00:00:00.000Z;0.105
1998-07-01T00:00:00.000Z;0.108
1998-07-02T00:00:00.000Z;0.107
1998-07-03T00:00:00.000Z;0.103
1998-07-04T00:00:00.000Z;0.0990
1998-07-05T00:00:00.000Z;0.0970
1998-07-06T00:00:00.000Z;0.0940
1998-07-07T00:00:00.000Z;0.0960
1998-07-08T00:00:00.000Z;0.105
1998-07-09T00:00:00.000Z;0.103
1998-07-10T00:00:00.000Z;0.100
1998-07-11T00:00:00.000Z;0.0960
1998-07-12T00:00:00.000Z;0.0930
1998-07-13T00:00:00.000Z;0.0920
1998-07-14T00:00:00.000Z;0.104
1998-07-15T00:00:00.000Z;0.117
1998-07-16T00:00:00.000Z;0.0970
1998-07-17T00:00:00.000Z;0.0900
1998-07-18T00:00:00.000Z;0.0850
1998-07-19T00:00:00.000Z;0.0840
1998-07-20T00:00:00.000Z;0.0800
1998-07-21T00:00:00.000Z;0.0800
1998-07-22T00:00:00.000Z;0.0790
1998-07-23T00:00:00.000Z;0.0780
1998-07-24T00:00:00.000Z;0.0770
1998-07-25T00:00:00.000Z;0.0770
1998-07-26T00:00:00.000Z;0.0770
1998-07-27T00:00:00.000Z;0.0760
1998-07-28T00:00:00.000Z;0.0750
1998-07-29T00:00:00.000Z;0.0730
1998-07-30T00:00:00.000Z;0.0720
1998-07-31T00:00:00.000Z;0.0740
1998-08-01T00:00:00.000Z;0.106
1998-08-02T00:00:00.000Z;0.260
1998-08-03T00:00:00.000Z;0.193
1998-08-04T00:00:00.000Z;0.170
1998-08-05T00:00:00.000Z;0.133
1998-08-06T00:00:00.000Z;0.115
1998-08-07T00:00:00.000Z;0.102
1998-08-08T00:00:00.000Z;0.0940
1998-08-09T00:00:00.000Z;0.0890
1998-08-10T00:00:00.000Z;0.0860
1998-08-11T00:00:00.000Z;0.0820
1998-08-12T00:00:00.000Z;0.0800
1998-08-13T00:00:00.000Z;0.0800
1998-08-14T00:00:00.000Z;0.0780
1998-08-15T00:00:00.000Z;0.0770
1998-08-16T00:00:00.000Z;0.0770
1998-08-17T00:00:00.000Z;0.0750
1998-08-18T00:00:00.000Z;0.0860
1998-08-19T00:00:00.000Z;0.0980
1998-08-20T00:00:00.000Z;0.0810
1998-08-21T00:00:00.000Z;0.0770
1998-08-22T00:00:00.000Z;0.0760
1998-08-23T00:00:00.000Z;0.0730
1998-08-24T00:00:00.000Z;0.0730
1998-08-25T00:00:00.000Z;0.0720
1998-08-26T00:00:00.000Z;0.0720
1998-08-27T00:00:00.000Z;0.0710
1998-08-28T00:00:00.000Z;0.0710
1998-08-29T00:00:00.000Z;0.0700
1998-08-30T00:00:00.000Z;0.0700
1998-08-31T00:00:00.000Z;0.0680
1998-09-01T00:00:00.000Z;0.0680
1998-09-02T00:00:00.000Z;0.0680
1998-09-03T00:00:00.000Z;0.0710
1998-09-04T00:00:00.000Z;0.0720
1998-09-05T00:00:00.000Z;0.0800
1998-09-06T00:00:00.000Z;0.0750
1998-09-07T00:00:00.000Z;0.0750
1998-09-08T00:00:00.000Z;0.0770
1998-09-09T00:00:00.000Z;0.0740
1998-09-10T00:00:00.000Z;0.0740
1998-09-11T00:00:00.000Z;0.0910
1998-09-12T00:00:00.000Z;0.206
1998-09-13T00:00:00.000Z;0.636
1998-09-14T00:00:00.000Z;Jan.14
1998-09-15T00:00:00.000Z;1.Oct
1998-09-16T00:00:00.000Z;0.430
1998-09-17T00:00:00.000Z;0.234
1998-09-18T00:00:00.000Z;0.203
1998-09-19T00:00:00.000Z;0.172
1998-09-20T00:00:00.000Z;0.149
1998-09-21T00:00:00.000Z;0.139
1998-09-22T00:00:00.000Z;0.134
1998-09-23T00:00:00.000Z;0.129
1998-09-24T00:00:00.000Z;0.124
1998-09-25T00:00:00.000Z;0.120
1998-09-26T00:00:00.000Z;0.117
1998-09-27T00:00:00.000Z;0.115
1998-09-28T00:00:00.000Z;0.107
1998-09-29T00:00:00.000Z;0.102
1998-09-30T00:00:00.000Z;0.107
1998-10-01T00:00:00.000Z;0.110
1998-10-02T00:00:00.000Z;0.103
1998-10-03T00:00:00.000Z;0.117
1998-10-04T00:00:00.000Z;0.127
1998-10-05T00:00:00.000Z;0.121
1998-10-06T00:00:00.000Z;Jan.41
1998-10-07T00:00:00.000Z;1.00
1998-10-08T00:00:00.000Z;Feb.61
1998-10-09T00:00:00.000Z;Jan.71
1998-10-10T00:00:00.000Z;0.780
1998-10-11T00:00:00.000Z;0.474
1998-10-12T00:00:00.000Z;Feb.27
1998-10-13T00:00:00.000Z;2.Feb
1998-10-14T00:00:00.000Z;0.916
1998-10-15T00:00:00.000Z;0.487
1998-10-16T00:00:00.000Z;0.349
1998-10-17T00:00:00.000Z;0.292
1998-10-18T00:00:00.000Z;0.267
1998-10-19T00:00:00.000Z;0.373
1998-10-20T00:00:00.000Z;0.482
1998-10-21T00:00:00.000Z;0.305
1998-10-22T00:00:00.000Z;0.255
1998-10-23T00:00:00.000Z;0.239
1998-10-24T00:00:00.000Z;0.221
1998-10-25T00:00:00.000Z;0.213
1998-10-26T00:00:00.000Z;0.280
1998-10-27T00:00:00.000Z;0.234
1998-10-28T00:00:00.000Z;0.216
1998-10-29T00:00:00.000Z;0.203
1998-10-30T00:00:00.000Z;0.231
1998-10-31T00:00:00.000Z;0.220
1998-11-01T00:00:00.000Z;0.208
1998-11-02T00:00:00.000Z;0.195
1998-11-03T00:00:00.000Z;0.185
1998-11-04T00:00:00.000Z;0.238
1998-11-05T00:00:00.000Z;0.281
1998-11-06T00:00:00.000Z;0.227
1998-11-07T00:00:00.000Z;0.209
1998-11-08T00:00:00.000Z;0.192
1998-11-09T00:00:00.000Z;0.178
1998-11-10T00:00:00.000Z;0.168
1998-11-11T00:00:00.000Z;0.217
1998-11-12T00:00:00.000Z;0.297
1998-11-13T00:00:00.000Z;0.586
1998-11-14T00:00:00.000Z;0.497
1998-11-15T00:00:00.000Z;0.959
1998-11-16T00:00:00.000Z;0.697
1998-11-17T00:00:00.000Z;0.447
1998-11-18T00:00:00.000Z;0.335
1998-11-19T00:00:00.000Z;0.284
1998-11-20T00:00:00.000Z;0.259
1998-11-21T00:00:00.000Z;0.241
1998-11-22T00:00:00.000Z;0.229
1998-11-23T00:00:00.000Z;0.213
1998-11-24T00:00:00.000Z;0.196
1998-11-25T00:00:00.000Z;0.288
1998-11-26T00:00:00.000Z;Jan.33
1998-11-27T00:00:00.000Z;Jan.28
1998-11-28T00:00:00.000Z;May.66
1998-11-29T00:00:00.000Z;6.Aug
1998-11-30T00:00:00.000Z;Mar.46
1998-12-01T00:00:00.000Z;Jan.82
1998-12-02T00:00:00.000Z;0.961
1998-12-03T00:00:00.000Z;0.651
1998-12-04T00:00:00.000Z;0.538
1998-12-05T00:00:00.000Z;0.492
1998-12-06T00:00:00.000Z;0.441
1998-12-07T00:00:00.000Z;0.434
1998-12-08T00:00:00.000Z;0.532
1998-12-09T00:00:00.000Z;0.538
1998-12-10T00:00:00.000Z;0.607
1998-12-11T00:00:00.000Z;1.Sep
1998-12-12T00:00:00.000Z;Jan.22
1998-12-13T00:00:00.000Z;1.Jul
1998-12-14T00:00:00.000Z;0.717
1998-12-15T00:00:00.000Z;0.520
1998-12-16T00:00:00.000Z;0.451
1998-12-17T00:00:00.000Z;0.372
1998-12-18T00:00:00.000Z;0.326
1998-12-19T00:00:00.000Z;0.305
1998-12-20T00:00:00.000Z;0.408
1998-12-21T00:00:00.000Z;0.945
1998-12-22T00:00:00.000Z;0.652
1998-12-23T00:00:00.000Z;0.524
1998-12-24T00:00:00.000Z;0.472
1998-12-25T00:00:00.000Z;0.513
1998-12-26T00:00:00.000Z;0.516
1998-12-27T00:00:00.000Z;0.614
1998-12-28T00:00:00.000Z;0.849
1998-12-29T00:00:00.000Z;0.707
1998-12-30T00:00:00.000Z;0.529
1998-12-31T00:00:00.000Z;0.478
1999-01-01T00:00:00.000Z;0.424
1999-01-02T00:00:00.000Z;0.334
1999-01-03T00:00:00.000Z;0.305
1999-01-04T00:00:00.000Z;0.295
1999-01-05T00:00:00.000Z;0.282
1999-01-06T00:00:00.000Z;0.267
1999-01-07T00:00:00.000Z;0.250
1999-01-08T00:00:00.000Z;0.239
1999-01-09T00:00:00.000Z;0.335
1999-01-10T00:00:00.000Z;0.561
1999-01-11T00:00:00.000Z;0.482
1999-01-12T00:00:00.000Z;0.409
1999-01-13T00:00:00.000Z;0.567
1999-01-14T00:00:00.000Z;1.Dec
1999-01-15T00:00:00.000Z;Jan.25
1999-01-16T00:00:00.000Z;1.Feb
1999-01-17T00:00:00.000Z;0.797
1999-01-18T00:00:00.000Z;0.845
1999-01-19T00:00:00.000Z;0.837
1999-01-20T00:00:00.000Z;0.758
1999-01-21T00:00:00.000Z;0.681
1999-01-22T00:00:00.000Z;0.522
1999-01-23T00:00:00.000Z;0.458
1999-01-24T00:00:00.000Z;0.392
1999-01-25T00:00:00.000Z;0.329
1999-01-26T00:00:00.000Z;0.317
1999-01-27T00:00:00.000Z;0.587
1999-01-28T00:00:00.000Z;Jan.64
1999-01-29T00:00:00.000Z;Feb.73
1999-01-30T00:00:00.000Z;Mar.46
1999-01-31T00:00:00.000Z;Jan.98
1999-02-01T00:00:00.000Z;1.Sep
1999-02-02T00:00:00.000Z;0.674
1999-02-03T00:00:00.000Z;0.515
1999-02-04T00:00:00.000Z;0.456
1999-02-05T00:00:00.000Z;0.391
1999-02-06T00:00:00.000Z;0.362
1999-02-07T00:00:00.000Z;0.367
1999-02-08T00:00:00.000Z;0.756
1999-02-09T00:00:00.000Z;0.655
1999-02-10T00:00:00.000Z;0.659
1999-02-11T00:00:00.000Z;0.559
1999-02-12T00:00:00.000Z;0.489
1999-02-13T00:00:00.000Z;0.459
1999-02-14T00:00:00.000Z;0.414
1999-02-15T00:00:00.000Z;0.369
1999-02-16T00:00:00.000Z;0.391
1999-02-17T00:00:00.000Z;Jan.45
1999-02-18T00:00:00.000Z;Jan.29
1999-02-19T00:00:00.000Z;Jan.39
1999-02-20T00:00:00.000Z;Jan.20
1999-02-21T00:00:00.000Z;1.Apr
1999-02-22T00:00:00.000Z;1.Sep
1999-02-23T00:00:00.000Z;Jan.80
1999-02-24T00:00:00.000Z;Jan.69
1999-02-25T00:00:00.000Z;Jan.17
1999-02-26T00:00:00.000Z;0.785
1999-02-27T00:00:00.000Z;0.604
1999-02-28T00:00:00.000Z;0.537
1999-03-01T00:00:00.000Z;0.503
1999-03-02T00:00:00.000Z;0.441
1999-03-03T00:00:00.000Z;0.397
1999-03-04T00:00:00.000Z;0.393
1999-03-05T00:00:00.000Z;0.442
1999-03-06T00:00:00.000Z;0.498
1999-03-07T00:00:00.000Z;0.455
1999-03-08T00:00:00.000Z;0.441
1999-03-09T00:00:00.000Z;0.611
1999-03-10T00:00:00.000Z;0.557
1999-03-11T00:00:00.000Z;0.463
1999-03-12T00:00:00.000Z;0.378
1999-03-13T00:00:00.000Z;0.323
1999-03-14T00:00:00.000Z;0.293
1999-03-15T00:00:00.000Z;0.278
1999-03-16T00:00:00.000Z;0.267
1999-03-17T00:00:00.000Z;0.259
1999-03-18T00:00:00.000Z;0.247
1999-03-19T00:00:00.000Z;0.244
1999-03-20T00:00:00.000Z;0.239
1999-03-21T00:00:00.000Z;0.233
1999-03-22T00:00:00.000Z;0.270
1999-03-23T00:00:00.000Z;0.345
1999-03-24T00:00:00.000Z;0.308
1999-03-25T00:00:00.000Z;0.282
1999-03-26T00:00:00.000Z;0.283
1999-03-27T00:00:00.000Z;0.418
1999-03-28T00:00:00.000Z;0.513
1999-03-29T00:00:00.000Z;0.515
1999-03-30T00:00:00.000Z;0.629
1999-03-31T00:00:00.000Z;0.485
1999-04-01T00:00:00.000Z;0.409
1999-04-02T00:00:00.000Z;0.314
1999-04-03T00:00:00.000Z;0.272
1999-04-04T00:00:00.000Z;0.260
1999-04-05T00:00:00.000Z;0.248
1999-04-06T00:00:00.000Z;0.238
1999-04-07T00:00:00.000Z;0.235
1999-04-08T00:00:00.000Z;0.268
1999-04-09T00:00:00.000Z;0.382
1999-04-10T00:00:00.000Z;0.429
1999-04-11T00:00:00.000Z;0.360
1999-04-12T00:00:00.000Z;0.414
1999-04-13T00:00:00.000Z;0.607
1999-04-14T00:00:00.000Z;0.727
1999-04-15T00:00:00.000Z;0.890
1999-04-16T00:00:00.000Z;0.944
1999-04-17T00:00:00.000Z;0.945
1999-04-18T00:00:00.000Z;0.976
1999-04-19T00:00:00.000Z;1.Mar
1999-04-20T00:00:00.000Z;0.927
1999-04-21T00:00:00.000Z;0.717
1999-04-22T00:00:00.000Z;0.521
1999-04-23T00:00:00.000Z;0.868
1999-04-24T00:00:00.000Z;1.Dec
1999-04-25T00:00:00.000Z;0.731
1999-04-26T00:00:00.000Z;0.799
1999-04-27T00:00:00.000Z;0.760
1999-04-28T00:00:00.000Z;0.567
1999-04-29T00:00:00.000Z;0.494
1999-04-30T00:00:00.000Z;0.425
1999-05-01T00:00:00.000Z;0.366
1999-05-02T00:00:00.000Z;0.333
1999-05-03T00:00:00.000Z;0.372
1999-05-04T00:00:00.000Z;Jan.52
1999-05-05T00:00:00.000Z;Jan.88
1999-05-06T00:00:00.000Z;1.00
1999-05-07T00:00:00.000Z;0.619
1999-05-08T00:00:00.000Z;0.623
1999-05-09T00:00:00.000Z;0.568
1999-05-10T00:00:00.000Z;0.470
1999-05-11T00:00:00.000Z;0.386
1999-05-12T00:00:00.000Z;0.329
1999-05-13T00:00:00.000Z;0.301
1999-05-14T00:00:00.000Z;0.279
1999-05-15T00:00:00.000Z;0.301
1999-05-16T00:00:00.000Z;0.307
1999-05-17T00:00:00.000Z;0.930
1999-05-18T00:00:00.000Z;Jan.46
1999-05-19T00:00:00.000Z;0.791
1999-05-20T00:00:00.000Z;0.506
1999-05-21T00:00:00.000Z;0.905
1999-05-22T00:00:00.000Z;Jan.13
1999-05-23T00:00:00.000Z;0.905
1999-05-24T00:00:00.000Z;0.628
1999-05-25T00:00:00.000Z;0.495
1999-05-26T00:00:00.000Z;0.417
1999-05-27T00:00:00.000Z;0.348
1999-05-28T00:00:00.000Z;0.309
1999-05-29T00:00:00.000Z;0.286
1999-05-30T00:00:00.000Z;0.267
1999-05-31T00:00:00.000Z;0.245
1999-06-01T00:00:00.000Z;0.224
1999-06-02T00:00:00.000Z;0.205
1999-06-03T00:00:00.000Z;0.192
1999-06-04T00:00:00.000Z;0.184
1999-06-05T00:00:00.000Z;0.179
1999-06-06T00:00:00.000Z;0.183
1999-06-07T00:00:00.000Z;0.173
1999-06-08T00:00:00.000Z;0.167
1999-06-09T00:00:00.000Z;0.160
1999-06-10T00:00:00.000Z;0.154
1999-06-11T00:00:00.000Z;0.147
1999-06-12T00:00:00.000Z;0.143
1999-06-13T00:00:00.000Z;0.139
1999-06-14T00:00:00.000Z;0.137
1999-06-15T00:00:00.000Z;0.135
1999-06-16T00:00:00.000Z;0.132
1999-06-17T00:00:00.000Z;0.130
1999-06-18T00:00:00.000Z;0.127
1999-06-19T00:00:00.000Z;0.124
1999-06-20T00:00:00.000Z;0.121
1999-06-21T00:00:00.000Z;0.118
1999-06-22T00:00:00.000Z;0.116
1999-06-23T00:00:00.000Z;0.114
1999-06-24T00:00:00.000Z;0.110
1999-06-25T00:00:00.000Z;0.109
1999-06-26T00:00:00.000Z;0.110
1999-06-27T00:00:00.000Z;0.107
1999-06-28T00:00:00.000Z;0.104
1999-06-29T00:00:00.000Z;0.102
1999-06-30T00:00:00.000Z;0.0970
1999-07-01T00:00:00.000Z;0.0970
1999-07-02T00:00:00.000Z;0.0940
1999-07-03T00:00:00.000Z;0.0930
1999-07-04T00:00:00.000Z;0.0910
1999-07-05T00:00:00.000Z;0.0920
1999-07-06T00:00:00.000Z;0.0890
1999-07-07T00:00:00.000Z;0.0870
1999-07-08T00:00:00.000Z;0.0840
1999-07-09T00:00:00.000Z;0.0820
1999-07-10T00:00:00.000Z;0.0800
1999-07-11T00:00:00.000Z;0.0790
1999-07-12T00:00:00.000Z;0.0810
1999-07-13T00:00:00.000Z;0.0870
1999-07-14T00:00:00.000Z;0.0860
1999-07-15T00:00:00.000Z;0.0780
1999-07-16T00:00:00.000Z;0.0750
1999-07-17T00:00:00.000Z;0.0730
1999-07-18T00:00:00.000Z;0.0720
1999-07-19T00:00:00.000Z;0.0870
1999-07-20T00:00:00.000Z;0.0820
1999-07-21T00:00:00.000Z;0.0760
1999-07-22T00:00:00.000Z;0.0740
1999-07-23T00:00:00.000Z;0.0730
1999-07-24T00:00:00.000Z;0.0730
1999-07-25T00:00:00.000Z;0.0700
1999-07-26T00:00:00.000Z;0.0690
1999-07-27T00:00:00.000Z;0.0680
1999-07-28T00:00:00.000Z;0.0670
1999-07-29T00:00:00.000Z;0.0900
1999-07-30T00:00:00.000Z;0.268
1999-07-31T00:00:00.000Z;0.148
1999-08-01T00:00:00.000Z;0.187
1999-08-02T00:00:00.000Z;0.131
1999-08-03T00:00:00.000Z;0.108
1999-08-04T00:00:00.000Z;0.100
1999-08-05T00:00:00.000Z;0.0940
1999-08-06T00:00:00.000Z;0.0880
1999-08-07T00:00:00.000Z;0.0860
1999-08-08T00:00:00.000Z;0.0820
1999-08-09T00:00:00.000Z;0.0780
1999-08-10T00:00:00.000Z;0.0780
1999-08-11T00:00:00.000Z;0.0740
1999-08-12T00:00:00.000Z;0.0710
1999-08-13T00:00:00.000Z;0.0700
1999-08-14T00:00:00.000Z;0.0690
1999-08-15T00:00:00.000Z;0.0680
1999-08-16T00:00:00.000Z;0.0690
1999-08-17T00:00:00.000Z;0.0680
1999-08-18T00:00:00.000Z;0.0670
1999-08-19T00:00:00.000Z;0.0670
1999-08-20T00:00:00.000Z;0.0670
1999-08-21T00:00:00.000Z;0.0650
1999-08-22T00:00:00.000Z;0.0650
1999-08-23T00:00:00.000Z;0.0650
1999-08-24T00:00:00.000Z;0.0640
1999-08-25T00:00:00.000Z;0.0620
1999-08-26T00:00:00.000Z;0.0620
1999-08-27T00:00:00.000Z;0.0610
1999-08-28T00:00:00.000Z;0.0610
1999-08-29T00:00:00.000Z;0.0640
1999-08-30T00:00:00.000Z;0.0600
1999-08-31T00:00:00.000Z;0.0610
1999-09-01T00:00:00.000Z;0.0590
1999-09-02T00:00:00.000Z;0.0600
1999-09-03T00:00:00.000Z;0.0590
1999-09-04T00:00:00.000Z;0.0570
1999-09-05T00:00:00.000Z;0.0580
1999-09-06T00:00:00.000Z;0.0570
1999-09-07T00:00:00.000Z;0.0580
1999-09-08T00:00:00.000Z;0.0570
1999-09-09T00:00:00.000Z;0.0550
1999-09-10T00:00:00.000Z;0.0550
1999-09-11T00:00:00.000Z;0.0550
1999-09-12T00:00:00.000Z;0.0540
1999-09-13T00:00:00.000Z;0.0540
1999-09-14T00:00:00.000Z;0.0540
1999-09-15T00:00:00.000Z;0.0600
1999-09-16T00:00:00.000Z;0.0630
1999-09-17T00:00:00.000Z;0.0590
1999-09-18T00:00:00.000Z;0.0580
1999-09-19T00:00:00.000Z;0.0550
1999-09-20T00:00:00.000Z;0.0580
1999-09-21T00:00:00.000Z;0.0550
1999-09-22T00:00:00.000Z;0.0520
1999-09-23T00:00:00.000Z;0.0510
1999-09-24T00:00:00.000Z;0.0490
1999-09-25T00:00:00.000Z;0.0500
1999-09-26T00:00:00.000Z;0.0520
1999-09-27T00:00:00.000Z;0.0530
1999-09-28T00:00:00.000Z;0.0500
1999-09-29T00:00:00.000Z;0.0490
1999-09-30T00:00:00.000Z;0.0520
1999-10-01T00:00:00.000Z;0.0530
1999-10-02T00:00:00.000Z;0.0530
1999-10-03T00:00:00.000Z;0.0550
1999-10-04T00:00:00.000Z;0.0640
1999-10-05T00:00:00.000Z;0.0590
1999-10-06T00:00:00.000Z;0.0570
1999-10-07T00:00:00.000Z;0.0540
1999-10-08T00:00:00.000Z;0.0520
1999-10-09T00:00:00.000Z;0.0510
1999-10-10T00:00:00.000Z;0.0500
1999-10-11T00:00:00.000Z;0.0510
1999-10-12T00:00:00.000Z;0.0510
1999-10-13T00:00:00.000Z;0.0510
1999-10-14T00:00:00.000Z;0.0510
1999-10-15T00:00:00.000Z;0.0490
1999-10-16T00:00:00.000Z;0.0490
1999-10-17T00:00:00.000Z;0.0510
1999-10-18T00:00:00.000Z;0.0530
1999-10-19T00:00:00.000Z;0.0530
1999-10-20T00:00:00.000Z;0.0540
1999-10-21T00:00:00.000Z;0.0520
1999-10-22T00:00:00.000Z;0.0520
1999-10-23T00:00:00.000Z;0.0520
1999-10-24T00:00:00.000Z;0.0520
1999-10-25T00:00:00.000Z;0.0510
1999-10-26T00:00:00.000Z;0.0480
1999-10-27T00:00:00.000Z;0.0490
1999-10-28T00:00:00.000Z;0.0480
1999-10-29T00:00:00.000Z;0.0500
1999-10-30T00:00:00.000Z;0.0480
1999-10-31T00:00:00.000Z;0.0500
1999-11-01T00:00:00.000Z;0.0510
1999-11-02T00:00:00.000Z;0.0540
1999-11-03T00:00:00.000Z;0.103
1999-11-04T00:00:00.000Z;0.0760
1999-11-05T00:00:00.000Z;0.0640
1999-11-06T00:00:00.000Z;0.0940
1999-11-07T00:00:00.000Z;0.206
1999-11-08T00:00:00.000Z;0.128
1999-11-09T00:00:00.000Z;0.0940
1999-11-10T00:00:00.000Z;0.0780
1999-11-11T00:00:00.000Z;0.0800
1999-11-12T00:00:00.000Z;0.0810
1999-11-13T00:00:00.000Z;0.313
1999-11-14T00:00:00.000Z;0.310
1999-11-15T00:00:00.000Z;0.772
1999-11-16T00:00:00.000Z;0.600
1999-11-17T00:00:00.000Z;0.348
1999-11-18T00:00:00.000Z;0.280
1999-11-19T00:00:00.000Z;Jan.37
1999-11-20T00:00:00.000Z;0.872
1999-11-21T00:00:00.000Z;0.392
1999-11-22T00:00:00.000Z;0.261
1999-11-23T00:00:00.000Z;0.245
1999-11-24T00:00:00.000Z;0.371
1999-11-25T00:00:00.000Z;0.505
1999-11-26T00:00:00.000Z;0.498
1999-11-27T00:00:00.000Z;0.474
1999-11-28T00:00:00.000Z;0.403
1999-11-29T00:00:00.000Z;0.356
1999-11-30T00:00:00.000Z;0.289
1999-12-01T00:00:00.000Z;0.243
1999-12-02T00:00:00.000Z;0.221
1999-12-03T00:00:00.000Z;0.202
1999-12-04T00:00:00.000Z;0.187
1999-12-05T00:00:00.000Z;0.625
1999-12-06T00:00:00.000Z;0.725
1999-12-07T00:00:00.000Z;0.438
1999-12-08T00:00:00.000Z;0.314
1999-12-09T00:00:00.000Z;0.250
1999-12-10T00:00:00.000Z;0.248
1999-12-11T00:00:00.000Z;0.351
1999-12-12T00:00:00.000Z;0.599
1999-12-13T00:00:00.000Z;0.665
1999-12-14T00:00:00.000Z;0.462
1999-12-15T00:00:00.000Z;1.Aug
1999-12-16T00:00:00.000Z;0.934
1999-12-17T00:00:00.000Z;0.526
1999-12-18T00:00:00.000Z;Jan.14
1999-12-19T00:00:00.000Z;Mar.58
1999-12-20T00:00:00.000Z;Apr.38
1999-12-21T00:00:00.000Z;Feb.30
1999-12-22T00:00:00.000Z;Jan.20
1999-12-23T00:00:00.000Z;0.675
1999-12-24T00:00:00.000Z;0.490
1999-12-25T00:00:00.000Z;0.429
1999-12-26T00:00:00.000Z;0.375
1999-12-27T00:00:00.000Z;0.797
1999-12-28T00:00:00.000Z;Jan.20
1999-12-29T00:00:00.000Z;Jan.13
1999-12-30T00:00:00.000Z;0.738
1999-12-31T00:00:00.000Z;0.567
2000-01-01T00:00:00.000Z;0.522
2000-01-02T00:00:00.000Z;0.647
2000-01-03T00:00:00.000Z;0.629
2000-01-04T00:00:00.000Z;0.526
2000-01-05T00:00:00.000Z;0.438
2000-01-06T00:00:00.000Z;0.370
2000-01-07T00:00:00.000Z;0.303
2000-01-08T00:00:00.000Z;0.273
2000-01-09T00:00:00.000Z;0.261
2000-01-10T00:00:00.000Z;0.289
2000-01-11T00:00:00.000Z;0.294
2000-01-12T00:00:00.000Z;0.300
2000-01-13T00:00:00.000Z;0.302
2000-01-14T00:00:00.000Z;0.285
2000-01-15T00:00:00.000Z;0.250
2000-01-16T00:00:00.000Z;0.237
2000-01-17T00:00:00.000Z;0.220
2000-01-18T00:00:00.000Z;0.209
2000-01-19T00:00:00.000Z;0.199
2000-01-20T00:00:00.000Z;0.190
2000-01-21T00:00:00.000Z;0.181
2000-01-22T00:00:00.000Z;0.173
2000-01-23T00:00:00.000Z;0.172
2000-01-24T00:00:00.000Z;0.168
2000-01-25T00:00:00.000Z;0.158
2000-01-26T00:00:00.000Z;0.151
2000-01-27T00:00:00.000Z;0.145
2000-01-28T00:00:00.000Z;0.141
2000-01-29T00:00:00.000Z;0.139
2000-01-30T00:00:00.000Z;0.134
2000-01-31T00:00:00.000Z;0.135
2000-02-01T00:00:00.000Z;0.139
2000-02-02T00:00:00.000Z;0.142
2000-02-03T00:00:00.000Z;0.477
2000-02-04T00:00:00.000Z;0.374
2000-02-05T00:00:00.000Z;0.264
2000-02-06T00:00:00.000Z;0.239
2000-02-07T00:00:00.000Z;0.224
2000-02-08T00:00:00.000Z;0.201
2000-02-09T00:00:00.000Z;0.200
2000-02-10T00:00:00.000Z;0.224
2000-02-11T00:00:00.000Z;0.351
2000-02-12T00:00:00.000Z;0.634
2000-02-13T00:00:00.000Z;0.390
2000-02-14T00:00:00.000Z;0.473
2000-02-15T00:00:00.000Z;Feb.98
2000-02-16T00:00:00.000Z;Jan.63
2000-02-17T00:00:00.000Z;Mar.80
2000-02-18T00:00:00.000Z;Mar.40
2000-02-19T00:00:00.000Z;Feb.28
2000-02-20T00:00:00.000Z;Jan.75
2000-02-21T00:00:00.000Z;Jan.13
2000-02-22T00:00:00.000Z;0.743
2000-02-23T00:00:00.000Z;0.542
2000-02-24T00:00:00.000Z;0.462
2000-02-25T00:00:00.000Z;0.391
2000-02-26T00:00:00.000Z;0.340
2000-02-27T00:00:00.000Z;0.309
2000-02-28T00:00:00.000Z;0.289
2000-02-29T00:00:00.000Z;0.266
2000-03-01T00:00:00.000Z;0.258
2000-03-02T00:00:00.000Z;0.294
2000-03-03T00:00:00.000Z;0.290
2000-03-04T00:00:00.000Z;0.279
2000-03-05T00:00:00.000Z;0.373
2000-03-06T00:00:00.000Z;0.352
2000-03-07T00:00:00.000Z;0.301
2000-03-08T00:00:00.000Z;0.273
2000-03-09T00:00:00.000Z;0.252
2000-03-10T00:00:00.000Z;0.243
2000-03-11T00:00:00.000Z;0.236
2000-03-12T00:00:00.000Z;0.225
2000-03-13T00:00:00.000Z;0.213
2000-03-14T00:00:00.000Z;0.200
2000-03-15T00:00:00.000Z;0.193
2000-03-16T00:00:00.000Z;0.184
2000-03-17T00:00:00.000Z;0.176
2000-03-18T00:00:00.000Z;0.172
2000-03-19T00:00:00.000Z;0.168
2000-03-20T00:00:00.000Z;0.165
2000-03-21T00:00:00.000Z;0.159
2000-03-22T00:00:00.000Z;0.153
2000-03-23T00:00:00.000Z;0.151
2000-03-24T00:00:00.000Z;0.146
2000-03-25T00:00:00.000Z;0.142
2000-03-26T00:00:00.000Z;0.145
2000-03-27T00:00:00.000Z;0.254
2000-03-28T00:00:00.000Z;0.539
2000-03-29T00:00:00.000Z;0.393
2000-03-30T00:00:00.000Z;0.337
2000-03-31T00:00:00.000Z;0.318
2000-04-01T00:00:00.000Z;0.303
2000-04-02T00:00:00.000Z;0.340
2000-04-03T00:00:00.000Z;0.340
2000-04-04T00:00:00.000Z;0.259
2000-04-05T00:00:00.000Z;0.230
2000-04-06T00:00:00.000Z;0.209
2000-04-07T00:00:00.000Z;0.191
2000-04-08T00:00:00.000Z;0.188
2000-04-09T00:00:00.000Z;0.184
2000-04-10T00:00:00.000Z;0.184
2000-04-11T00:00:00.000Z;0.525
2000-04-12T00:00:00.000Z;0.915
2000-04-13T00:00:00.000Z;0.514
2000-04-14T00:00:00.000Z;0.374
2000-04-15T00:00:00.000Z;0.308
2000-04-16T00:00:00.000Z;0.298
2000-04-17T00:00:00.000Z;0.561
2000-04-18T00:00:00.000Z;0.510
2000-04-19T00:00:00.000Z;0.504
2000-04-20T00:00:00.000Z;0.472
2000-04-21T00:00:00.000Z;0.369
2000-04-22T00:00:00.000Z;0.307
2000-04-23T00:00:00.000Z;Jan.25
2000-04-24T00:00:00.000Z;Jan.37
2000-04-25T00:00:00.000Z;0.773
2000-04-26T00:00:00.000Z;0.497
2000-04-27T00:00:00.000Z;0.419
2000-04-28T00:00:00.000Z;0.737
2000-04-29T00:00:00.000Z;0.753
2000-04-30T00:00:00.000Z;0.549
2000-05-01T00:00:00.000Z;0.432
2000-05-02T00:00:00.000Z;0.394
2000-05-03T00:00:00.000Z;0.855
2000-05-04T00:00:00.000Z;0.489
2000-05-05T00:00:00.000Z;0.335
2000-05-06T00:00:00.000Z;0.319
2000-05-07T00:00:00.000Z;0.289
2000-05-08T00:00:00.000Z;0.299
2000-05-09T00:00:00.000Z;0.278
2000-05-10T00:00:00.000Z;0.267
2000-05-11T00:00:00.000Z;0.269
2000-05-12T00:00:00.000Z;0.289
2000-05-13T00:00:00.000Z;0.255
2000-05-14T00:00:00.000Z;0.238
2000-05-15T00:00:00.000Z;0.224
2000-05-16T00:00:00.000Z;0.207
2000-05-17T00:00:00.000Z;0.198
2000-05-18T00:00:00.000Z;0.197
2000-05-19T00:00:00.000Z;0.231
2000-05-20T00:00:00.000Z;0.200
2000-05-21T00:00:00.000Z;0.185
2000-05-22T00:00:00.000Z;0.204
2000-05-23T00:00:00.000Z;0.202
2000-05-24T00:00:00.000Z;0.181
2000-05-25T00:00:00.000Z;0.168
2000-05-26T00:00:00.000Z;0.156
2000-05-27T00:00:00.000Z;0.327
2000-05-28T00:00:00.000Z;0.264
2000-05-29T00:00:00.000Z;0.205
2000-05-30T00:00:00.000Z;0.234
2000-05-31T00:00:00.000Z;0.205
2000-06-01T00:00:00.000Z;0.184
2000-06-02T00:00:00.000Z;0.166
2000-06-03T00:00:00.000Z;0.155
2000-06-04T00:00:00.000Z;0.148
2000-06-05T00:00:00.000Z;0.146
2000-06-06T00:00:00.000Z;0.796
2000-06-07T00:00:00.000Z;0.714
2000-06-08T00:00:00.000Z;0.323
2000-06-09T00:00:00.000Z;0.240
2000-06-10T00:00:00.000Z;2.Jun
2000-06-11T00:00:00.000Z;Jun.72
2000-06-12T00:00:00.000Z;3.Jul
2000-06-13T00:00:00.000Z;2.Dec
2000-06-14T00:00:00.000Z;Jan.14
2000-06-15T00:00:00.000Z;0.617
2000-06-16T00:00:00.000Z;0.459
2000-06-17T00:00:00.000Z;0.371
2000-06-18T00:00:00.000Z;0.314
2000-06-19T00:00:00.000Z;0.278
2000-06-20T00:00:00.000Z;0.256
2000-06-21T00:00:00.000Z;0.244
2000-06-22T00:00:00.000Z;0.234
2000-06-23T00:00:00.000Z;0.223
2000-06-24T00:00:00.000Z;0.221
2000-06-25T00:00:00.000Z;0.207
2000-06-26T00:00:00.000Z;0.196
2000-06-27T00:00:00.000Z;0.193
2000-06-28T00:00:00.000Z;0.187
2000-06-29T00:00:00.000Z;0.173
2000-06-30T00:00:00.000Z;0.165
2000-07-01T00:00:00.000Z;0.158
2000-07-02T00:00:00.000Z;0.154
2000-07-03T00:00:00.000Z;0.149
2000-07-04T00:00:00.000Z;0.147
2000-07-05T00:00:00.000Z;0.143
2000-07-06T00:00:00.000Z;0.139
2000-07-07T00:00:00.000Z;0.137
2000-07-08T00:00:00.000Z;0.136
2000-07-09T00:00:00.000Z;0.133
2000-07-10T00:00:00.000Z;0.133
2000-07-11T00:00:00.000Z;0.136
2000-07-12T00:00:00.000Z;0.133
2000-07-13T00:00:00.000Z;0.129
2000-07-14T00:00:00.000Z;0.126
2000-07-15T00:00:00.000Z;0.297
2000-07-16T00:00:00.000Z;0.926
2000-07-17T00:00:00.000Z;0.413
2000-07-18T00:00:00.000Z;0.231
2000-07-19T00:00:00.000Z;0.198
2000-07-20T00:00:00.000Z;0.176
2000-07-21T00:00:00.000Z;0.160
2000-07-22T00:00:00.000Z;0.152
2000-07-23T00:00:00.000Z;0.146
2000-07-24T00:00:00.000Z;0.142
2000-07-25T00:00:00.000Z;0.139
2000-07-26T00:00:00.000Z;0.137
2000-07-27T00:00:00.000Z;0.133
2000-07-28T00:00:00.000Z;0.137
2000-07-29T00:00:00.000Z;0.140
2000-07-30T00:00:00.000Z;0.132
2000-07-31T00:00:00.000Z;0.127
2000-08-01T00:00:00.000Z;0.123
2000-08-02T00:00:00.000Z;0.121
2000-08-03T00:00:00.000Z;0.139
2000-08-04T00:00:00.000Z;0.548
2000-08-05T00:00:00.000Z;0.392
2000-08-06T00:00:00.000Z;0.287
2000-08-07T00:00:00.000Z;0.239
2000-08-08T00:00:00.000Z;0.203
2000-08-09T00:00:00.000Z;0.174
2000-08-10T00:00:00.000Z;0.155
2000-08-11T00:00:00.000Z;0.146
2000-08-12T00:00:00.000Z;0.349
2000-08-13T00:00:00.000Z;0.255
2000-08-14T00:00:00.000Z;0.204
2000-08-15T00:00:00.000Z;0.171
2000-08-16T00:00:00.000Z;0.155
2000-08-17T00:00:00.000Z;0.146
2000-08-18T00:00:00.000Z;0.141
2000-08-19T00:00:00.000Z;0.136
2000-08-20T00:00:00.000Z;0.132
2000-08-21T00:00:00.000Z;0.129
2000-08-22T00:00:00.000Z;0.127
2000-08-23T00:00:00.000Z;0.123
2000-08-24T00:00:00.000Z;0.119
2000-08-25T00:00:00.000Z;0.107
2000-08-26T00:00:00.000Z;0.100
2000-08-27T00:00:00.000Z;0.100
2000-08-28T00:00:00.000Z;0.0960
2000-08-29T00:00:00.000Z;0.0930
2000-08-30T00:00:00.000Z;0.0950
2000-08-31T00:00:00.000Z;0.101
2000-09-01T00:00:00.000Z;0.0960
2000-09-02T00:00:00.000Z;0.0900
2000-09-03T00:00:00.000Z;0.0870
2000-09-04T00:00:00.000Z;0.0900
2000-09-05T00:00:00.000Z;0.0970
2000-09-06T00:00:00.000Z;0.0860
2000-09-07T00:00:00.000Z;0.0810
2000-09-08T00:00:00.000Z;0.0790
2000-09-09T00:00:00.000Z;0.0780
2000-09-10T00:00:00.000Z;0.0770
2000-09-11T00:00:00.000Z;0.0760
2000-09-12T00:00:00.000Z;0.0750
2000-09-13T00:00:00.000Z;0.0750
2000-09-14T00:00:00.000Z;0.0730
2000-09-15T00:00:00.000Z;0.0730
2000-09-16T00:00:00.000Z;0.0710
2000-09-17T00:00:00.000Z;0.0700
2000-09-18T00:00:00.000Z;0.0710
2000-09-19T00:00:00.000Z;0.0720
2000-09-20T00:00:00.000Z;0.0740
2000-09-21T00:00:00.000Z;0.0730
2000-09-22T00:00:00.000Z;0.0690
2000-09-23T00:00:00.000Z;0.0670
2000-09-24T00:00:00.000Z;0.0660
2000-09-25T00:00:00.000Z;0.0660
2000-09-26T00:00:00.000Z;0.0690
2000-09-27T00:00:00.000Z;0.0690
2000-09-28T00:00:00.000Z;0.0660
2000-09-29T00:00:00.000Z;0.0660
2000-09-30T00:00:00.000Z;0.0650
2000-10-01T00:00:00.000Z;0.0640
2000-10-02T00:00:00.000Z;0.0680
2000-10-03T00:00:00.000Z;0.0710
2000-10-04T00:00:00.000Z;0.0700
2000-10-05T00:00:00.000Z;0.0680
2000-10-06T00:00:00.000Z;0.0810
2000-10-07T00:00:00.000Z;0.0800
2000-10-08T00:00:00.000Z;0.0700
2000-10-09T00:00:00.000Z;0.0660
2000-10-10T00:00:00.000Z;0.0840
2000-10-11T00:00:00.000Z;0.112
2000-10-12T00:00:00.000Z;0.164
2000-10-13T00:00:00.000Z;0.131
2000-10-14T00:00:00.000Z;0.697
2000-10-15T00:00:00.000Z;0.715
2000-10-16T00:00:00.000Z;0.856
2000-10-17T00:00:00.000Z;0.857
2000-10-18T00:00:00.000Z;0.412
2000-10-19T00:00:00.000Z;0.262
2000-10-20T00:00:00.000Z;0.223
2000-10-21T00:00:00.000Z;0.184
2000-10-22T00:00:00.000Z;0.157
2000-10-23T00:00:00.000Z;0.141
2000-10-24T00:00:00.000Z;0.135
2000-10-25T00:00:00.000Z;0.131
2000-10-26T00:00:00.000Z;0.129
2000-10-27T00:00:00.000Z;0.123
2000-10-28T00:00:00.000Z;0.118
2000-10-29T00:00:00.000Z;0.116
2000-10-30T00:00:00.000Z;0.125
2000-10-31T00:00:00.000Z;0.133
2000-11-01T00:00:00.000Z;0.146
2000-11-02T00:00:00.000Z;0.131
2000-11-03T00:00:00.000Z;0.126
2000-11-04T00:00:00.000Z;0.124
2000-11-05T00:00:00.000Z;0.116
2000-11-06T00:00:00.000Z;0.133
2000-11-07T00:00:00.000Z;0.151
2000-11-08T00:00:00.000Z;0.140
2000-11-09T00:00:00.000Z;0.129
2000-11-10T00:00:00.000Z;0.117
2000-11-11T00:00:00.000Z;0.109
2000-11-12T00:00:00.000Z;0.109
2000-11-13T00:00:00.000Z;0.108
2000-11-14T00:00:00.000Z;0.132
2000-11-15T00:00:00.000Z;0.133
2000-11-16T00:00:00.000Z;0.122
2000-11-17T00:00:00.000Z;0.122
2000-11-18T00:00:00.000Z;0.138
2000-11-19T00:00:00.000Z;0.157
2000-11-20T00:00:00.000Z;0.401
2000-11-21T00:00:00.000Z;0.560
2000-11-22T00:00:00.000Z;0.338
2000-11-23T00:00:00.000Z;0.397
2000-11-24T00:00:00.000Z;0.786
2000-11-25T00:00:00.000Z;0.510
2000-11-26T00:00:00.000Z;0.866
2000-11-27T00:00:00.000Z;1.Feb
2000-11-28T00:00:00.000Z;0.676
2000-11-29T00:00:00.000Z;0.451
2000-11-30T00:00:00.000Z;0.403
2000-12-01T00:00:00.000Z;0.455
2000-12-02T00:00:00.000Z;0.322
2000-12-03T00:00:00.000Z;0.264
2000-12-04T00:00:00.000Z;0.247
2000-12-05T00:00:00.000Z;0.229
2000-12-06T00:00:00.000Z;0.212
2000-12-07T00:00:00.000Z;0.198
2000-12-08T00:00:00.000Z;0.188
2000-12-09T00:00:00.000Z;0.172
2000-12-10T00:00:00.000Z;0.150
2000-12-11T00:00:00.000Z;0.140
2000-12-12T00:00:00.000Z;0.136
2000-12-13T00:00:00.000Z;0.131
2000-12-14T00:00:00.000Z;0.130
2000-12-15T00:00:00.000Z;0.150
2000-12-16T00:00:00.000Z;0.185
2000-12-17T00:00:00.000Z;0.180
2000-12-18T00:00:00.000Z;0.175
2000-12-19T00:00:00.000Z;0.168
2000-12-20T00:00:00.000Z;0.159
2000-12-21T00:00:00.000Z;0.148
2000-12-22T00:00:00.000Z;0.142
2000-12-23T00:00:00.000Z;0.137
2000-12-24T00:00:00.000Z;0.132
2000-12-25T00:00:00.000Z;0.129
2000-12-26T00:00:00.000Z;0.128
2000-12-27T00:00:00.000Z;0.127
2000-12-28T00:00:00.000Z;0.125
2000-12-29T00:00:00.000Z;0.120
2000-12-30T00:00:00.000Z;0.175
2000-12-31T00:00:00.000Z;0.305
2001-01-01T00:00:00.000Z;0.340
2001-01-02T00:00:00.000Z;0.525
2001-01-03T00:00:00.000Z;0.350
2001-01-04T00:00:00.000Z;0.480
2001-01-05T00:00:00.000Z;0.580
2001-01-06T00:00:00.000Z;0.710
2001-01-07T00:00:00.000Z;Jan.22
2001-01-08T00:00:00.000Z;0.870
2001-01-09T00:00:00.000Z;0.585
2001-01-10T00:00:00.000Z;0.460
2001-01-11T00:00:00.000Z;0.310
2001-01-12T00:00:00.000Z;0.340
2001-01-13T00:00:00.000Z;0.805
2001-01-14T00:00:00.000Z;Feb.19
2001-01-15T00:00:00.000Z;Jan.22
2001-01-16T00:00:00.000Z;0.680
2001-01-17T00:00:00.000Z;0.460
2001-01-18T00:00:00.000Z;0.380
2001-01-19T00:00:00.000Z;0.310
2001-01-20T00:00:00.000Z;0.280
2001-01-21T00:00:00.000Z;0.260
2001-01-22T00:00:00.000Z;0.255
2001-01-23T00:00:00.000Z;0.240
2001-01-24T00:00:00.000Z;0.230
2001-01-25T00:00:00.000Z;0.275
2001-01-26T00:00:00.000Z;0.365
2001-01-27T00:00:00.000Z;0.315
2001-01-28T00:00:00.000Z;0.480
2001-01-29T00:00:00.000Z;Jan.36
2001-01-30T00:00:00.000Z;0.850
2001-01-31T00:00:00.000Z;Mar.30
2001-02-01T00:00:00.000Z;Apr.44
2001-02-02T00:00:00.000Z;2.Oct
2001-02-03T00:00:00.000Z;Jan.30
2001-02-04T00:00:00.000Z;Jan.68
2001-02-05T00:00:00.000Z;Jan.59
2001-02-06T00:00:00.000Z;Jan.54
2001-02-07T00:00:00.000Z;Jan.74
2001-02-08T00:00:00.000Z;Jan.43
2001-02-09T00:00:00.000Z;1.Mar
2001-02-10T00:00:00.000Z;0.730
2001-02-11T00:00:00.000Z;0.725
2001-02-12T00:00:00.000Z;0.725
2001-02-13T00:00:00.000Z;0.685
2001-02-14T00:00:00.000Z;0.725
2001-02-15T00:00:00.000Z;0.670
2001-02-16T00:00:00.000Z;0.550
2001-02-17T00:00:00.000Z;0.470
2001-02-18T00:00:00.000Z;0.400
2001-02-19T00:00:00.000Z;0.340
2001-02-20T00:00:00.000Z;0.310
2001-02-21T00:00:00.000Z;0.295
2001-02-22T00:00:00.000Z;0.285
2001-02-23T00:00:00.000Z;0.270
2001-02-24T00:00:00.000Z;0.260
2001-02-25T00:00:00.000Z;0.250
2001-02-26T00:00:00.000Z;0.245
2001-02-27T00:00:00.000Z;0.250
2001-02-28T00:00:00.000Z;0.245
2001-03-01T00:00:00.000Z;0.245
2001-03-02T00:00:00.000Z;0.305
2001-03-03T00:00:00.000Z;0.435
2001-03-04T00:00:00.000Z;0.390
2001-03-05T00:00:00.000Z;0.320
2001-03-06T00:00:00.000Z;0.280
2001-03-07T00:00:00.000Z;0.265
2001-03-08T00:00:00.000Z;0.245
2001-03-09T00:00:00.000Z;0.235
2001-03-10T00:00:00.000Z;0.315
2001-03-11T00:00:00.000Z;0.820
2001-03-12T00:00:00.000Z;1.Oct
2001-03-13T00:00:00.000Z;Jan.43
2001-03-14T00:00:00.000Z;0.975
2001-03-15T00:00:00.000Z;0.610
2001-03-16T00:00:00.000Z;0.495
2001-03-17T00:00:00.000Z;0.415
2001-03-18T00:00:00.000Z;0.350
2001-03-19T00:00:00.000Z;0.315
2001-03-20T00:00:00.000Z;0.305
2001-03-21T00:00:00.000Z;0.280
2001-03-22T00:00:00.000Z;0.265
2001-03-23T00:00:00.000Z;0.250
2001-03-24T00:00:00.000Z;0.245
2001-03-25T00:00:00.000Z;0.240
2001-03-26T00:00:00.000Z;0.235
2001-03-27T00:00:00.000Z;0.710
2001-03-28T00:00:00.000Z;0.715
2001-03-29T00:00:00.000Z;Jan.92
2001-03-30T00:00:00.000Z;Feb.51
2001-03-31T00:00:00.000Z;Jan.61
2001-04-01T00:00:00.000Z;0.890
2001-04-02T00:00:00.000Z;0.605
2001-04-03T00:00:00.000Z;0.505
2001-04-04T00:00:00.000Z;0.410
2001-04-05T00:00:00.000Z;0.365
2001-04-06T00:00:00.000Z;0.330
2001-04-07T00:00:00.000Z;0.645
2001-04-08T00:00:00.000Z;Feb.48
2001-04-09T00:00:00.000Z;Jan.92
2001-04-10T00:00:00.000Z;1.Jul
2001-04-11T00:00:00.000Z;Jan.27
2001-04-12T00:00:00.000Z;Jan.66
2001-04-13T00:00:00.000Z;Jan.19
2001-04-14T00:00:00.000Z;0.785
2001-04-15T00:00:00.000Z;0.585
2001-04-16T00:00:00.000Z;0.520
2001-04-17T00:00:00.000Z;0.460
2001-04-18T00:00:00.000Z;0.405
2001-04-19T00:00:00.000Z;0.375
2001-04-20T00:00:00.000Z;0.345
2001-04-21T00:00:00.000Z;0.325
2001-04-22T00:00:00.000Z;0.350
2001-04-23T00:00:00.000Z;0.995
2001-04-24T00:00:00.000Z;1.00
2001-04-25T00:00:00.000Z;0.625
2001-04-26T00:00:00.000Z;0.470
2001-04-27T00:00:00.000Z;0.400
2001-04-28T00:00:00.000Z;0.345
2001-04-29T00:00:00.000Z;0.330
2001-04-30T00:00:00.000Z;0.330
2001-05-01T00:00:00.000Z;0.395
2001-05-02T00:00:00.000Z;1.00
2001-05-03T00:00:00.000Z;Jan.19
2001-05-04T00:00:00.000Z;0.865
2001-05-05T00:00:00.000Z;2.Apr
2001-05-06T00:00:00.000Z;4.Jun
2001-05-07T00:00:00.000Z;Jan.95
2001-05-08T00:00:00.000Z;1.Oct
2001-05-09T00:00:00.000Z;0.740
2001-05-10T00:00:00.000Z;0.585
2001-05-11T00:00:00.000Z;0.640
2001-05-12T00:00:00.000Z;0.665
2001-05-13T00:00:00.000Z;0.540
2001-05-14T00:00:00.000Z;0.485
2001-05-15T00:00:00.000Z;0.415
2001-05-16T00:00:00.000Z;0.360
2001-05-17T00:00:00.000Z;0.330
2001-05-18T00:00:00.000Z;0.360
2001-05-19T00:00:00.000Z;0.365
2001-05-20T00:00:00.000Z;0.325
2001-05-21T00:00:00.000Z;0.305
2001-05-22T00:00:00.000Z;0.350
2001-05-23T00:00:00.000Z;0.510
2001-05-24T00:00:00.000Z;0.395
2001-05-25T00:00:00.000Z;0.310
2001-05-26T00:00:00.000Z;0.275
2001-05-27T00:00:00.000Z;0.255
2001-05-28T00:00:00.000Z;0.245
2001-05-29T00:00:00.000Z;0.235
2001-05-30T00:00:00.000Z;0.230
2001-05-31T00:00:00.000Z;0.220
2001-06-01T00:00:00.000Z;0.210
2001-06-02T00:00:00.000Z;0.200
2001-06-03T00:00:00.000Z;0.195
2001-06-04T00:00:00.000Z;0.185
2001-06-05T00:00:00.000Z;0.178
2001-06-06T00:00:00.000Z;0.176
2001-06-07T00:00:00.000Z;0.170
2001-06-08T00:00:00.000Z;0.165
2001-06-09T00:00:00.000Z;0.160
2001-06-10T00:00:00.000Z;0.220
2001-06-11T00:00:00.000Z;0.395
2001-06-12T00:00:00.000Z;0.225
2001-06-13T00:00:00.000Z;0.195
2001-06-14T00:00:00.000Z;0.175
2001-06-15T00:00:00.000Z;0.162
2001-06-16T00:00:00.000Z;0.165
2001-06-17T00:00:00.000Z;0.163
2001-06-18T00:00:00.000Z;0.156
2001-06-19T00:00:00.000Z;0.147
2001-06-20T00:00:00.000Z;0.142
2001-06-21T00:00:00.000Z;0.137
2001-06-22T00:00:00.000Z;0.136
2001-06-23T00:00:00.000Z;0.134
2001-06-24T00:00:00.000Z;0.133
2001-06-25T00:00:00.000Z;0.130
2001-06-26T00:00:00.000Z;0.129
2001-06-27T00:00:00.000Z;0.128
2001-06-28T00:00:00.000Z;0.133
2001-06-29T00:00:00.000Z;0.133
2001-06-30T00:00:00.000Z;0.128
2001-07-01T00:00:00.000Z;0.125
2001-07-02T00:00:00.000Z;0.122
2001-07-03T00:00:00.000Z;0.117
2001-07-04T00:00:00.000Z;0.119
2001-07-05T00:00:00.000Z;0.142
2001-07-06T00:00:00.000Z;0.164
2001-07-07T00:00:00.000Z;0.145
2001-07-08T00:00:00.000Z;0.136
2001-07-09T00:00:00.000Z;0.127
2001-07-10T00:00:00.000Z;0.123
2001-07-11T00:00:00.000Z;0.120
2001-07-12T00:00:00.000Z;0.117
2001-07-13T00:00:00.000Z;0.117
2001-07-14T00:00:00.000Z;0.118
2001-07-15T00:00:00.000Z;0.305
2001-07-16T00:00:00.000Z;0.290
2001-07-17T00:00:00.000Z;0.178
2001-07-18T00:00:00.000Z;0.121
2001-07-19T00:00:00.000Z;0.355
2001-07-20T00:00:00.000Z;0.890
2001-07-21T00:00:00.000Z;0.460
2001-07-22T00:00:00.000Z;0.230
2001-07-23T00:00:00.000Z;0.190
2001-07-24T00:00:00.000Z;0.166
2001-07-25T00:00:00.000Z;0.149
2001-07-26T00:00:00.000Z;0.140
2001-07-27T00:00:00.000Z;0.133
2001-07-28T00:00:00.000Z;0.130
2001-07-29T00:00:00.000Z;0.127
2001-07-30T00:00:00.000Z;0.121
2001-07-31T00:00:00.000Z;0.115
2001-08-01T00:00:00.000Z;0.114
2001-08-02T00:00:00.000Z;0.112
2001-08-03T00:00:00.000Z;0.108
2001-08-04T00:00:00.000Z;0.105
2001-08-05T00:00:00.000Z;0.104
2001-08-06T00:00:00.000Z;0.101
2001-08-07T00:00:00.000Z;0.100
2001-08-08T00:00:00.000Z;0.0980
2001-08-09T00:00:00.000Z;0.106
2001-08-10T00:00:00.000Z;0.138
2001-08-11T00:00:00.000Z;0.132
2001-08-12T00:00:00.000Z;0.109
2001-08-13T00:00:00.000Z;0.100
2001-08-14T00:00:00.000Z;0.0970
2001-08-15T00:00:00.000Z;0.0950
2001-08-16T00:00:00.000Z;0.0920
2001-08-17T00:00:00.000Z;0.0970
2001-08-18T00:00:00.000Z;0.0990
2001-08-19T00:00:00.000Z;0.0940
2001-08-20T00:00:00.000Z;0.0880
2001-08-21T00:00:00.000Z;0.0830
2001-08-22T00:00:00.000Z;0.0810
2001-08-23T00:00:00.000Z;0.0780
2001-08-24T00:00:00.000Z;0.0770
2001-08-25T00:00:00.000Z;0.0760
2001-08-26T00:00:00.000Z;0.0750
2001-08-27T00:00:00.000Z;0.0740
2001-08-28T00:00:00.000Z;0.0730
2001-08-29T00:00:00.000Z;0.0730
2001-08-30T00:00:00.000Z;0.0720
2001-08-31T00:00:00.000Z;0.0710
2001-09-01T00:00:00.000Z;0.0710
2001-09-02T00:00:00.000Z;0.0700
2001-09-03T00:00:00.000Z;0.0690
2001-09-04T00:00:00.000Z;0.0690
2001-09-05T00:00:00.000Z;0.0690
2001-09-06T00:00:00.000Z;0.0680
2001-09-07T00:00:00.000Z;0.0670
2001-09-08T00:00:00.000Z;0.0670
2001-09-09T00:00:00.000Z;0.0660
2001-09-10T00:00:00.000Z;0.0650
2001-09-11T00:00:00.000Z;0.0650
2001-09-12T00:00:00.000Z;0.0640
2001-09-13T00:00:00.000Z;0.0640
2001-09-14T00:00:00.000Z;0.0630
2001-09-15T00:00:00.000Z;0.0620
2001-09-16T00:00:00.000Z;0.0620
2001-09-17T00:00:00.000Z;0.0610
2001-09-18T00:00:00.000Z;0.0610
2001-09-19T00:00:00.000Z;0.0600
2001-09-20T00:00:00.000Z;0.0600
2001-09-21T00:00:00.000Z;0.0590
2001-09-22T00:00:00.000Z;0.0580
2001-09-23T00:00:00.000Z;0.0580
2001-09-24T00:00:00.000Z;0.0580
2001-09-25T00:00:00.000Z;0.0570
2001-09-26T00:00:00.000Z;0.0570
2001-09-27T00:00:00.000Z;0.0560
2001-09-28T00:00:00.000Z;0.0560
2001-09-29T00:00:00.000Z;0.0560
2001-09-30T00:00:00.000Z;0.0550
2001-10-01T00:00:00.000Z;0.0550
2001-10-02T00:00:00.000Z;0.0540
2001-10-03T00:00:00.000Z;0.0530
2001-10-04T00:00:00.000Z;0.0530
2001-10-05T00:00:00.000Z;0.0520
2001-10-06T00:00:00.000Z;0.0520
2001-10-07T00:00:00.000Z;0.0510
2001-10-08T00:00:00.000Z;0.0510
2001-10-09T00:00:00.000Z;0.0510
2001-10-10T00:00:00.000Z;0.0500
2001-10-11T00:00:00.000Z;0.0500
2001-10-12T00:00:00.000Z;0.0500
2001-10-13T00:00:00.000Z;0.0490
2001-10-14T00:00:00.000Z;0.0490
2001-10-15T00:00:00.000Z;0.0480
2001-10-16T00:00:00.000Z;0.0480
2001-10-17T00:00:00.000Z;0.0480
2001-10-18T00:00:00.000Z;0.0480
2001-10-19T00:00:00.000Z;0.0470
2001-10-20T00:00:00.000Z;0.0470
2001-10-21T00:00:00.000Z;0.0460
2001-10-22T00:00:00.000Z;0.0460
2001-10-23T00:00:00.000Z;0.0460
2001-10-24T00:00:00.000Z;0.0450
2001-10-25T00:00:00.000Z;0.0450
2001-10-26T00:00:00.000Z;0.0440
2001-10-27T00:00:00.000Z;0.0440
2001-10-28T00:00:00.000Z;0.0440
2001-10-29T00:00:00.000Z;0.0430
2001-10-30T00:00:00.000Z;0.0430
2001-10-31T00:00:00.000Z;0.0420
2001-11-01T00:00:00.000Z;0.0790
2001-11-02T00:00:00.000Z;0.0780
2001-11-03T00:00:00.000Z;0.0580
2001-11-04T00:00:00.000Z;0.0570
2001-11-05T00:00:00.000Z;0.0570
2001-11-06T00:00:00.000Z;0.0560
2001-11-07T00:00:00.000Z;0.0560
2001-11-08T00:00:00.000Z;0.0560
2001-11-09T00:00:00.000Z;0.0910
2001-11-10T00:00:00.000Z;0.0910
2001-11-11T00:00:00.000Z;0.0790
2001-11-12T00:00:00.000Z;0.0760
2001-11-13T00:00:00.000Z;0.745
2001-11-14T00:00:00.000Z;Mar.13
2001-11-15T00:00:00.000Z;Jan.29
2001-11-16T00:00:00.000Z;0.515
2001-11-17T00:00:00.000Z;0.560
2001-11-18T00:00:00.000Z;0.830
2001-11-19T00:00:00.000Z;0.950
2001-11-20T00:00:00.000Z;0.755
2001-11-21T00:00:00.000Z;0.510
2001-11-22T00:00:00.000Z;0.465
2001-11-23T00:00:00.000Z;0.410
2001-11-24T00:00:00.000Z;0.480
2001-11-25T00:00:00.000Z;0.370
2001-11-26T00:00:00.000Z;0.330
2001-11-27T00:00:00.000Z;0.295
2001-11-28T00:00:00.000Z;0.255
2001-11-29T00:00:00.000Z;0.295
2001-11-30T00:00:00.000Z;0.295
2001-12-01T00:00:00.000Z;0.285
2001-12-02T00:00:00.000Z;0.245
2001-12-03T00:00:00.000Z;0.215
2001-12-04T00:00:00.000Z;0.190
2001-12-05T00:00:00.000Z;0.170
2001-12-06T00:00:00.000Z;0.157
2001-12-07T00:00:00.000Z;0.148
2001-12-08T00:00:00.000Z;0.142
2001-12-09T00:00:00.000Z;0.135
2001-12-10T00:00:00.000Z;0.130
2001-12-11T00:00:00.000Z;0.126
2001-12-12T00:00:00.000Z;0.122
2001-12-13T00:00:00.000Z;0.118
2001-12-14T00:00:00.000Z;0.115
2001-12-15T00:00:00.000Z;0.109
2001-12-16T00:00:00.000Z;0.105
2001-12-17T00:00:00.000Z;0.102
2001-12-18T00:00:00.000Z;0.0980
2001-12-19T00:00:00.000Z;0.0950
2001-12-20T00:00:00.000Z;0.0940
2001-12-21T00:00:00.000Z;0.0910
2001-12-22T00:00:00.000Z;0.0880
2001-12-23T00:00:00.000Z;0.0850
2001-12-24T00:00:00.000Z;0.0830
2001-12-25T00:00:00.000Z;0.0810
2001-12-26T00:00:00.000Z;0.0800
2001-12-27T00:00:00.000Z;0.0800
2001-12-28T00:00:00.000Z;0.0790
2001-12-29T00:00:00.000Z;0.0780
2001-12-30T00:00:00.000Z;0.0890
2001-12-31T00:00:00.000Z;0.130
2002-01-01T00:00:00.000Z;0.137
2002-01-02T00:00:00.000Z;0.131
2002-01-03T00:00:00.000Z;0.130
2002-01-04T00:00:00.000Z;0.124
2002-01-05T00:00:00.000Z;0.121
2002-01-06T00:00:00.000Z;0.120
2002-01-07T00:00:00.000Z;0.121
2002-01-08T00:00:00.000Z;0.121
2002-01-09T00:00:00.000Z;0.114
2002-01-10T00:00:00.000Z;0.106
2002-01-11T00:00:00.000Z;0.102
2002-01-12T00:00:00.000Z;0.0990
2002-01-13T00:00:00.000Z;0.0960
2002-01-14T00:00:00.000Z;0.119
2002-01-15T00:00:00.000Z;0.375
2002-01-16T00:00:00.000Z;Jan.43
2002-01-17T00:00:00.000Z;0.760
2002-01-18T00:00:00.000Z;0.465
2002-01-19T00:00:00.000Z;0.340
2002-01-20T00:00:00.000Z;0.295
2002-01-21T00:00:00.000Z;0.280
2002-01-22T00:00:00.000Z;0.265
2002-01-23T00:00:00.000Z;0.260
2002-01-24T00:00:00.000Z;0.245
2002-01-25T00:00:00.000Z;0.230
2002-01-26T00:00:00.000Z;0.220
2002-01-27T00:00:00.000Z;0.205
2002-01-28T00:00:00.000Z;0.190
2002-01-29T00:00:00.000Z;0.175
2002-01-30T00:00:00.000Z;0.165
2002-01-31T00:00:00.000Z;0.155
2002-02-01T00:00:00.000Z;0.150
2002-02-02T00:00:00.000Z;0.145
2002-02-03T00:00:00.000Z;0.140
2002-02-04T00:00:00.000Z;0.137
2002-02-05T00:00:00.000Z;0.134
2002-02-06T00:00:00.000Z;0.460
2002-02-07T00:00:00.000Z;0.785
2002-02-08T00:00:00.000Z;0.580
2002-02-09T00:00:00.000Z;0.495
2002-02-10T00:00:00.000Z;0.390
2002-02-11T00:00:00.000Z;0.295
2002-02-12T00:00:00.000Z;0.260
2002-02-13T00:00:00.000Z;0.245
2002-02-14T00:00:00.000Z;0.255
2002-02-15T00:00:00.000Z;0.335
2002-02-16T00:00:00.000Z;0.395
2002-02-17T00:00:00.000Z;0.370
2002-02-18T00:00:00.000Z;0.405
2002-02-19T00:00:00.000Z;0.540
2002-02-20T00:00:00.000Z;0.695
2002-02-21T00:00:00.000Z;Jan.52
2002-02-22T00:00:00.000Z;Jan.15
2002-02-23T00:00:00.000Z;1.Apr
2002-02-24T00:00:00.000Z;2.Jun
2002-02-25T00:00:00.000Z;Jan.93
2002-02-26T00:00:00.000Z;Jan.16
2002-02-27T00:00:00.000Z;0.695
2002-02-28T00:00:00.000Z;0.595
2002-03-01T00:00:00.000Z;0.590
2002-03-02T00:00:00.000Z;0.470
2002-03-03T00:00:00.000Z;0.385
2002-03-04T00:00:00.000Z;0.425
2002-03-05T00:00:00.000Z;0.440
2002-03-06T00:00:00.000Z;Jan.30
2002-03-07T00:00:00.000Z;0.945
2002-03-08T00:00:00.000Z;0.930
2002-03-09T00:00:00.000Z;1.Jul
2002-03-10T00:00:00.000Z;0.830
2002-03-11T00:00:00.000Z;0.590
2002-03-12T00:00:00.000Z;0.475
2002-03-13T00:00:00.000Z;0.380
2002-03-14T00:00:00.000Z;0.330
2002-03-15T00:00:00.000Z;0.285
2002-03-16T00:00:00.000Z;0.265
2002-03-17T00:00:00.000Z;0.250
2002-03-18T00:00:00.000Z;0.235
2002-03-19T00:00:00.000Z;0.225
2002-03-20T00:00:00.000Z;0.205
2002-03-21T00:00:00.000Z;0.195
2002-03-22T00:00:00.000Z;0.190
2002-03-23T00:00:00.000Z;0.185
2002-03-24T00:00:00.000Z;0.180
2002-03-25T00:00:00.000Z;0.175
2002-03-26T00:00:00.000Z;0.170
2002-03-27T00:00:00.000Z;0.165
2002-03-28T00:00:00.000Z;0.159
2002-03-29T00:00:00.000Z;0.155
2002-03-30T00:00:00.000Z;0.148
2002-03-31T00:00:00.000Z;0.144
2002-04-01T00:00:00.000Z;0.143
2002-04-02T00:00:00.000Z;0.140
2002-04-03T00:00:00.000Z;0.146
2002-04-04T00:00:00.000Z;0.990
2002-04-05T00:00:00.000Z;Jan.22
2002-04-06T00:00:00.000Z;0.980
2002-04-07T00:00:00.000Z;0.725
2002-04-08T00:00:00.000Z;0.440
2002-04-09T00:00:00.000Z;0.315
2002-04-10T00:00:00.000Z;0.425
2002-04-11T00:00:00.000Z;0.440
2002-04-12T00:00:00.000Z;0.375
2002-04-13T00:00:00.000Z;0.760
2002-04-14T00:00:00.000Z;0.670
2002-04-15T00:00:00.000Z;0.485
2002-04-16T00:00:00.000Z;0.380
2002-04-17T00:00:00.000Z;0.350
2002-04-18T00:00:00.000Z;0.310
2002-04-19T00:00:00.000Z;0.285
2002-04-20T00:00:00.000Z;0.265
2002-04-21T00:00:00.000Z;0.250
2002-04-22T00:00:00.000Z;0.235
2002-04-23T00:00:00.000Z;0.220
2002-04-24T00:00:00.000Z;0.210
2002-04-25T00:00:00.000Z;0.200
2002-04-26T00:00:00.000Z;0.195
2002-04-27T00:00:00.000Z;0.193
2002-04-28T00:00:00.000Z;0.190
2002-04-29T00:00:00.000Z;0.185
2002-04-30T00:00:00.000Z;0.175
2002-05-01T00:00:00.000Z;0.170
2002-05-02T00:00:00.000Z;0.175
2002-05-03T00:00:00.000Z;0.590
2002-05-04T00:00:00.000Z;Jan.91
2002-05-05T00:00:00.000Z;Jan.64
2002-05-06T00:00:00.000Z;1.Jun
2002-05-07T00:00:00.000Z;0.690
2002-05-08T00:00:00.000Z;0.535
2002-05-09T00:00:00.000Z;Jan.84
2002-05-10T00:00:00.000Z;Aug.54
2002-05-11T00:00:00.000Z;Mar.93
2002-05-12T00:00:00.000Z;Feb.81
2002-05-13T00:00:00.000Z;Jan.97
2002-05-14T00:00:00.000Z;1.Feb
2002-05-15T00:00:00.000Z;0.580
2002-05-16T00:00:00.000Z;0.485
2002-05-17T00:00:00.000Z;0.415
2002-05-18T00:00:00.000Z;0.420
2002-05-19T00:00:00.000Z;0.405
2002-05-20T00:00:00.000Z;0.345
2002-05-21T00:00:00.000Z;0.320
2002-05-22T00:00:00.000Z;0.295
2002-05-23T00:00:00.000Z;0.580
2002-05-24T00:00:00.000Z;0.735
2002-05-25T00:00:00.000Z;0.490
2002-05-26T00:00:00.000Z;0.420
2002-05-27T00:00:00.000Z;0.510
2002-05-28T00:00:00.000Z;0.495
2002-05-29T00:00:00.000Z;0.365
2002-05-30T00:00:00.000Z;0.320
2002-05-31T00:00:00.000Z;0.295
2002-06-01T00:00:00.000Z;0.270
2002-06-02T00:00:00.000Z;0.260
2002-06-03T00:00:00.000Z;0.250
2002-06-04T00:00:00.000Z;0.270
2002-06-05T00:00:00.000Z;Jan.34
2002-06-06T00:00:00.000Z;Feb.38
2002-06-07T00:00:00.000Z;Jan.38
2002-06-08T00:00:00.000Z;Jan.24
2002-06-09T00:00:00.000Z;Feb.39
2002-06-10T00:00:00.000Z;Jan.52
2002-06-11T00:00:00.000Z;0.845
2002-06-12T00:00:00.000Z;0.580
2002-06-13T00:00:00.000Z;0.490
2002-06-14T00:00:00.000Z;0.390
2002-06-15T00:00:00.000Z;0.340
2002-06-16T00:00:00.000Z;0.310
2002-06-17T00:00:00.000Z;0.290
2002-06-18T00:00:00.000Z;0.270
2002-06-19T00:00:00.000Z;0.260
2002-06-20T00:00:00.000Z;0.250
2002-06-21T00:00:00.000Z;0.240
2002-06-22T00:00:00.000Z;0.230
2002-06-23T00:00:00.000Z;0.215
2002-06-24T00:00:00.000Z;0.210
2002-06-25T00:00:00.000Z;0.200
2002-06-26T00:00:00.000Z;0.190
2002-06-27T00:00:00.000Z;0.185
2002-06-28T00:00:00.000Z;0.180
2002-06-29T00:00:00.000Z;0.175
2002-06-30T00:00:00.000Z;0.170
2002-07-01T00:00:00.000Z;0.165
2002-07-02T00:00:00.000Z;0.163
2002-07-03T00:00:00.000Z;0.158
2002-07-04T00:00:00.000Z;0.153
2002-07-05T00:00:00.000Z;0.149
2002-07-06T00:00:00.000Z;0.147
2002-07-07T00:00:00.000Z;0.146
2002-07-08T00:00:00.000Z;0.142
2002-07-09T00:00:00.000Z;0.140
2002-07-10T00:00:00.000Z;0.149
2002-07-11T00:00:00.000Z;0.154
2002-07-12T00:00:00.000Z;0.145
2002-07-13T00:00:00.000Z;0.142
2002-07-14T00:00:00.000Z;0.175
2002-07-15T00:00:00.000Z;0.180
2002-07-16T00:00:00.000Z;0.410
2002-07-17T00:00:00.000Z;0.410
2002-07-18T00:00:00.000Z;0.245
2002-07-19T00:00:00.000Z;0.200
2002-07-20T00:00:00.000Z;0.170
2002-07-21T00:00:00.000Z;0.150
2002-07-22T00:00:00.000Z;0.144
2002-07-23T00:00:00.000Z;0.139
2002-07-24T00:00:00.000Z;0.134
2002-07-25T00:00:00.000Z;0.132
2002-07-26T00:00:00.000Z;0.131
2002-07-27T00:00:00.000Z;0.130
2002-07-28T00:00:00.000Z;0.129
2002-07-29T00:00:00.000Z;0.126
2002-07-30T00:00:00.000Z;0.125
2002-07-31T00:00:00.000Z;0.155
2002-08-01T00:00:00.000Z;0.185
2002-08-02T00:00:00.000Z;0.155
2002-08-03T00:00:00.000Z;0.142
2002-08-04T00:00:00.000Z;0.136
2002-08-05T00:00:00.000Z;0.133
2002-08-06T00:00:00.000Z;0.180
2002-08-07T00:00:00.000Z;0.210
2002-08-08T00:00:00.000Z;0.165
2002-08-09T00:00:00.000Z;0.160
2002-08-10T00:00:00.000Z;0.200
2002-08-11T00:00:00.000Z;0.550
2002-08-12T00:00:00.000Z;0.460
2002-08-13T00:00:00.000Z;0.385
2002-08-14T00:00:00.000Z;0.265
2002-08-15T00:00:00.000Z;0.220
2002-08-16T00:00:00.000Z;0.185
2002-08-17T00:00:00.000Z;0.170
2002-08-18T00:00:00.000Z;0.160
2002-08-19T00:00:00.000Z;0.155
2002-08-20T00:00:00.000Z;0.145
2002-08-21T00:00:00.000Z;0.139
2002-08-22T00:00:00.000Z;0.132
2002-08-23T00:00:00.000Z;0.139
2002-08-24T00:00:00.000Z;0.139
2002-08-25T00:00:00.000Z;0.160
2002-08-26T00:00:00.000Z;0.260
2002-08-27T00:00:00.000Z;0.265
2002-08-28T00:00:00.000Z;0.250
2002-08-29T00:00:00.000Z;0.565
2002-08-30T00:00:00.000Z;0.705
2002-08-31T00:00:00.000Z;0.340
2002-09-01T00:00:00.000Z;0.270
2002-09-02T00:00:00.000Z;0.240
2002-09-03T00:00:00.000Z;0.215
2002-09-04T00:00:00.000Z;0.195
2002-09-05T00:00:00.000Z;0.185
2002-09-06T00:00:00.000Z;0.175
2002-09-07T00:00:00.000Z;0.165
2002-09-08T00:00:00.000Z;0.160
2002-09-09T00:00:00.000Z;0.155
2002-09-10T00:00:00.000Z;0.145
2002-09-11T00:00:00.000Z;0.140
2002-09-12T00:00:00.000Z;0.135
2002-09-13T00:00:00.000Z;0.133
2002-09-14T00:00:00.000Z;0.131
2002-09-15T00:00:00.000Z;0.130
2002-09-16T00:00:00.000Z;0.129
2002-09-17T00:00:00.000Z;0.125
2002-09-18T00:00:00.000Z;0.122
2002-09-19T00:00:00.000Z;0.120
2002-09-20T00:00:00.000Z;0.114
2002-09-21T00:00:00.000Z;0.113
2002-09-22T00:00:00.000Z;0.135
2002-09-23T00:00:00.000Z;0.131
2002-09-24T00:00:00.000Z;0.122
2002-09-25T00:00:00.000Z;0.117
2002-09-26T00:00:00.000Z;0.113
2002-09-27T00:00:00.000Z;0.108
2002-09-28T00:00:00.000Z;0.107
2002-09-29T00:00:00.000Z;0.106
2002-09-30T00:00:00.000Z;0.105
2002-10-01T00:00:00.000Z;0.103
2002-10-02T00:00:00.000Z;0.102
2002-10-03T00:00:00.000Z;0.101
2002-10-04T00:00:00.000Z;0.101
2002-10-05T00:00:00.000Z;0.100
2002-10-06T00:00:00.000Z;0.100
2002-10-07T00:00:00.000Z;0.0980
2002-10-08T00:00:00.000Z;0.0970
2002-10-09T00:00:00.000Z;0.0950
2002-10-10T00:00:00.000Z;0.120
2002-10-11T00:00:00.000Z;0.655
2002-10-12T00:00:00.000Z;1.Nov
2002-10-13T00:00:00.000Z;0.655
2002-10-14T00:00:00.000Z;0.360
2002-10-15T00:00:00.000Z;0.275
2002-10-16T00:00:00.000Z;0.230
2002-10-17T00:00:00.000Z;0.245
2002-10-18T00:00:00.000Z;0.310
2002-10-19T00:00:00.000Z;0.265
2002-10-20T00:00:00.000Z;0.225
2002-10-21T00:00:00.000Z;0.205
2002-10-22T00:00:00.000Z;0.185
2002-10-23T00:00:00.000Z;0.180
2002-10-24T00:00:00.000Z;0.185
2002-10-25T00:00:00.000Z;0.180
2002-10-26T00:00:00.000Z;0.170
2002-10-27T00:00:00.000Z;0.155
2002-10-28T00:00:00.000Z;0.160
2002-10-29T00:00:00.000Z;0.165
2002-10-30T00:00:00.000Z;0.155
2002-10-31T00:00:00.000Z;0.170
2002-11-01T00:00:00.000Z;0.290
2002-11-02T00:00:00.000Z;0.230
2002-11-03T00:00:00.000Z;0.375
2002-11-04T00:00:00.000Z;0.660
2002-11-05T00:00:00.000Z;0.375
2002-11-06T00:00:00.000Z;0.385
2002-11-07T00:00:00.000Z;Jan.90
2002-11-08T00:00:00.000Z;Apr.35
2002-11-09T00:00:00.000Z;Feb.84
2002-11-10T00:00:00.000Z;Mar.87
2002-11-11T00:00:00.000Z;Feb.33
2002-11-12T00:00:00.000Z;Jan.30
2002-11-13T00:00:00.000Z;0.805
2002-11-14T00:00:00.000Z;0.585
2002-11-15T00:00:00.000Z;0.500
2002-11-16T00:00:00.000Z;0.395
2002-11-17T00:00:00.000Z;0.330
2002-11-18T00:00:00.000Z;0.295
2002-11-19T00:00:00.000Z;0.285
2002-11-20T00:00:00.000Z;0.270
2002-11-21T00:00:00.000Z;0.265
2002-11-22T00:00:00.000Z;0.260
2002-11-23T00:00:00.000Z;0.250
2002-11-24T00:00:00.000Z;0.240
2002-11-25T00:00:00.000Z;0.235
2002-11-26T00:00:00.000Z;0.230
2002-11-27T00:00:00.000Z;0.220
2002-11-28T00:00:00.000Z;0.220
2002-11-29T00:00:00.000Z;0.280
2002-11-30T00:00:00.000Z;0.425
2002-12-01T00:00:00.000Z;Jan.70
2002-12-02T00:00:00.000Z;Apr.41
2002-12-03T00:00:00.000Z;Apr.75
2002-12-04T00:00:00.000Z;2.00
2002-12-05T00:00:00.000Z;Feb.71
2002-12-06T00:00:00.000Z;Mar.25
2002-12-07T00:00:00.000Z;Jan.54
2002-12-08T00:00:00.000Z;1.Jan
2002-12-09T00:00:00.000Z;0.775
2002-12-10T00:00:00.000Z;0.685
2002-12-11T00:00:00.000Z;0.685
2002-12-12T00:00:00.000Z;0.735
2002-12-13T00:00:00.000Z;0.695
2002-12-14T00:00:00.000Z;0.650
2002-12-15T00:00:00.000Z;0.660
2002-12-16T00:00:00.000Z;0.530
2002-12-17T00:00:00.000Z;0.450
2002-12-18T00:00:00.000Z;0.455
2002-12-19T00:00:00.000Z;0.410
2002-12-20T00:00:00.000Z;0.325
2002-12-21T00:00:00.000Z;0.295
2002-12-22T00:00:00.000Z;0.275
2002-12-23T00:00:00.000Z;0.265
2002-12-24T00:00:00.000Z;0.250
2002-12-25T00:00:00.000Z;0.240
2002-12-26T00:00:00.000Z;0.235
2002-12-27T00:00:00.000Z;0.230
2002-12-28T00:00:00.000Z;0.300
2002-12-29T00:00:00.000Z;0.535
2002-12-30T00:00:00.000Z;0.450
2002-12-31T00:00:00.000Z;2.Jan
2003-01-01T00:00:00.000Z;Jan.69
2003-01-02T00:00:00.000Z;0.890
2003-01-03T00:00:00.000Z;0.605
2003-01-04T00:00:00.000Z;0.515
2003-01-05T00:00:00.000Z;0.450
2003-01-06T00:00:00.000Z;0.425
2003-01-07T00:00:00.000Z;0.400
2003-01-08T00:00:00.000Z;0.445
2003-01-09T00:00:00.000Z;0.585
2003-01-10T00:00:00.000Z;0.560
2003-01-11T00:00:00.000Z;0.505
2003-01-12T00:00:00.000Z;0.430
2003-01-13T00:00:00.000Z;0.355
2003-01-14T00:00:00.000Z;0.325
2003-01-15T00:00:00.000Z;0.320
2003-01-16T00:00:00.000Z;0.335
2003-01-17T00:00:00.000Z;0.330
2003-01-18T00:00:00.000Z;0.315
2003-01-19T00:00:00.000Z;0.405
2003-01-20T00:00:00.000Z;0.685
2003-01-21T00:00:00.000Z;0.575
2003-01-22T00:00:00.000Z;0.500
2003-01-23T00:00:00.000Z;0.645
2003-01-24T00:00:00.000Z;0.685
2003-01-25T00:00:00.000Z;0.640
2003-01-26T00:00:00.000Z;1.Mar
2003-01-27T00:00:00.000Z;Feb.46
2003-01-28T00:00:00.000Z;2.Jun
2003-01-29T00:00:00.000Z;Jan.64
2003-01-30T00:00:00.000Z;Jan.18
2003-01-31T00:00:00.000Z;0.850
2003-02-01T00:00:00.000Z;0.660
2003-02-02T00:00:00.000Z;0.875
2003-02-03T00:00:00.000Z;2.Sep
2003-02-04T00:00:00.000Z;May.75
2003-02-05T00:00:00.000Z;Mar.15
2003-02-06T00:00:00.000Z;Jan.65
2003-02-07T00:00:00.000Z;1.Sep
2003-02-08T00:00:00.000Z;0.910
2003-02-09T00:00:00.000Z;0.990
2003-02-10T00:00:00.000Z;Jan.35
2003-02-11T00:00:00.000Z;Jan.16
2003-02-12T00:00:00.000Z;0.980
2003-02-13T00:00:00.000Z;1.Mar
2003-02-14T00:00:00.000Z;0.855
2003-02-15T00:00:00.000Z;0.675
2003-02-16T00:00:00.000Z;0.570
2003-02-17T00:00:00.000Z;0.525
2003-02-18T00:00:00.000Z;0.480
2003-02-19T00:00:00.000Z;0.450
2003-02-20T00:00:00.000Z;0.435
2003-02-21T00:00:00.000Z;0.405
2003-02-22T00:00:00.000Z;0.480
2003-02-23T00:00:00.000Z;0.565
2003-02-24T00:00:00.000Z;0.835
2003-02-25T00:00:00.000Z;0.890
2003-02-26T00:00:00.000Z;1.00
2003-02-27T00:00:00.000Z;0.945
2003-02-28T00:00:00.000Z;0.940
2003-03-01T00:00:00.000Z;0.800
2003-03-02T00:00:00.000Z;0.735
2003-03-03T00:00:00.000Z;2.Jan
2003-03-04T00:00:00.000Z;3.Mar
2003-03-05T00:00:00.000Z;Jan.97
2003-03-06T00:00:00.000Z;Jan.44
2003-03-07T00:00:00.000Z;Jan.28
2003-03-08T00:00:00.000Z;0.880
2003-03-09T00:00:00.000Z;0.670
2003-03-10T00:00:00.000Z;0.550
2003-03-11T00:00:00.000Z;0.505
2003-03-12T00:00:00.000Z;0.450
2003-03-13T00:00:00.000Z;0.400
2003-03-14T00:00:00.000Z;0.370
2003-03-15T00:00:00.000Z;0.345
2003-03-16T00:00:00.000Z;0.320
2003-03-17T00:00:00.000Z;0.305
2003-03-18T00:00:00.000Z;0.295
2003-03-19T00:00:00.000Z;0.280
2003-03-20T00:00:00.000Z;0.270
2003-03-21T00:00:00.000Z;0.265
2003-03-22T00:00:00.000Z;0.260
2003-03-23T00:00:00.000Z;0.250
2003-03-24T00:00:00.000Z;0.245
2003-03-25T00:00:00.000Z;0.235
2003-03-26T00:00:00.000Z;0.225
2003-03-27T00:00:00.000Z;0.220
2003-03-28T00:00:00.000Z;0.215
2003-03-29T00:00:00.000Z;0.210
2003-03-30T00:00:00.000Z;0.215
2003-03-31T00:00:00.000Z;0.190
2003-04-01T00:00:00.000Z;0.235
2003-04-02T00:00:00.000Z;0.835
2003-04-03T00:00:00.000Z;Jan.68
2003-04-04T00:00:00.000Z;0.915
2003-04-05T00:00:00.000Z;0.925
2003-04-06T00:00:00.000Z;1.Mar
2003-04-07T00:00:00.000Z;0.860
2003-04-08T00:00:00.000Z;0.605
2003-04-09T00:00:00.000Z;0.455
2003-04-10T00:00:00.000Z;0.465
2003-04-11T00:00:00.000Z;0.615
2003-04-12T00:00:00.000Z;0.960
2003-04-13T00:00:00.000Z;0.700
2003-04-14T00:00:00.000Z;0.495
2003-04-15T00:00:00.000Z;0.400
2003-04-16T00:00:00.000Z;0.320
2003-04-17T00:00:00.000Z;0.285
2003-04-18T00:00:00.000Z;0.265
2003-04-19T00:00:00.000Z;0.260
2003-04-20T00:00:00.000Z;0.270
2003-04-21T00:00:00.000Z;0.360
2003-04-22T00:00:00.000Z;0.395
2003-04-23T00:00:00.000Z;0.355
2003-04-24T00:00:00.000Z;0.280
2003-04-25T00:00:00.000Z;0.255
2003-04-26T00:00:00.000Z;0.240
2003-04-27T00:00:00.000Z;0.235
2003-04-28T00:00:00.000Z;0.225
2003-04-29T00:00:00.000Z;0.210
2003-04-30T00:00:00.000Z;0.200
2003-05-01T00:00:00.000Z;0.185
2003-05-02T00:00:00.000Z;0.180
2003-05-03T00:00:00.000Z;0.175
2003-05-04T00:00:00.000Z;0.175
2003-05-05T00:00:00.000Z;0.170
2003-05-06T00:00:00.000Z;0.260
2003-05-07T00:00:00.000Z;0.385
2003-05-08T00:00:00.000Z;0.370
2003-05-09T00:00:00.000Z;0.250
2003-05-10T00:00:00.000Z;0.215
2003-05-11T00:00:00.000Z;0.205
2003-05-12T00:00:00.000Z;0.190
2003-05-13T00:00:00.000Z;0.180
2003-05-14T00:00:00.000Z;0.170
2003-05-15T00:00:00.000Z;0.160
2003-05-16T00:00:00.000Z;0.155
2003-05-17T00:00:00.000Z;0.150
2003-05-18T00:00:00.000Z;0.150
2003-05-19T00:00:00.000Z;0.145
2003-05-20T00:00:00.000Z;0.185
2003-05-21T00:00:00.000Z;0.170
2003-05-22T00:00:00.000Z;0.150
2003-05-23T00:00:00.000Z;0.145
2003-05-24T00:00:00.000Z;0.140
2003-05-25T00:00:00.000Z;0.380
2003-05-26T00:00:00.000Z;0.825
2003-05-27T00:00:00.000Z;0.685
2003-05-28T00:00:00.000Z;0.570
2003-05-29T00:00:00.000Z;0.325
2003-05-30T00:00:00.000Z;0.240
2003-05-31T00:00:00.000Z;0.210
2003-06-01T00:00:00.000Z;0.200
2003-06-02T00:00:00.000Z;0.295
2003-06-03T00:00:00.000Z;0.220
2003-06-04T00:00:00.000Z;0.195
2003-06-05T00:00:00.000Z;0.175
2003-06-06T00:00:00.000Z;0.160
2003-06-07T00:00:00.000Z;0.150
2003-06-08T00:00:00.000Z;0.146
2003-06-09T00:00:00.000Z;0.142
2003-06-10T00:00:00.000Z;0.138
2003-06-11T00:00:00.000Z;0.133
2003-06-12T00:00:00.000Z;0.128
2003-06-13T00:00:00.000Z;0.127
2003-06-14T00:00:00.000Z;0.125
2003-06-15T00:00:00.000Z;0.124
2003-06-16T00:00:00.000Z;0.123
2003-06-17T00:00:00.000Z;0.122
2003-06-18T00:00:00.000Z;0.120
2003-06-19T00:00:00.000Z;0.119
2003-06-20T00:00:00.000Z;0.114
2003-06-21T00:00:00.000Z;0.111
2003-06-22T00:00:00.000Z;0.110
2003-06-23T00:00:00.000Z;0.108
2003-06-24T00:00:00.000Z;0.106
2003-06-25T00:00:00.000Z;0.105
2003-06-26T00:00:00.000Z;0.104
2003-06-27T00:00:00.000Z;0.103
2003-06-28T00:00:00.000Z;0.105
2003-06-29T00:00:00.000Z;0.105
2003-06-30T00:00:00.000Z;0.104
2003-07-01T00:00:00.000Z;0.102
2003-07-02T00:00:00.000Z;0.100
2003-07-03T00:00:00.000Z;0.0980
2003-07-04T00:00:00.000Z;0.0960
2003-07-05T00:00:00.000Z;0.0950
2003-07-06T00:00:00.000Z;0.0950
2003-07-07T00:00:00.000Z;0.0930
2003-07-08T00:00:00.000Z;0.0900
2003-07-09T00:00:00.000Z;0.0880
2003-07-10T00:00:00.000Z;0.0850
2003-07-11T00:00:00.000Z;0.0830
2003-07-12T00:00:00.000Z;0.0810
2003-07-13T00:00:00.000Z;0.0800
2003-07-14T00:00:00.000Z;0.0790
2003-07-15T00:00:00.000Z;0.0790
2003-07-16T00:00:00.000Z;0.0780
2003-07-17T00:00:00.000Z;0.0780
2003-07-18T00:00:00.000Z;0.0770
2003-07-19T00:00:00.000Z;0.0770
2003-07-20T00:00:00.000Z;0.0760
2003-07-21T00:00:00.000Z;0.0760
2003-07-22T00:00:00.000Z;0.0750
2003-07-23T00:00:00.000Z;0.0750
2003-07-24T00:00:00.000Z;0.0740
2003-07-25T00:00:00.000Z;0.0730
2003-07-26T00:00:00.000Z;0.0730
2003-07-27T00:00:00.000Z;0.0720
2003-07-28T00:00:00.000Z;0.0720
2003-07-29T00:00:00.000Z;0.0710
2003-07-30T00:00:00.000Z;0.0710
2003-07-31T00:00:00.000Z;0.0700
2003-08-01T00:00:00.000Z;0.0700
2003-08-02T00:00:00.000Z;0.0690
2003-08-03T00:00:00.000Z;0.0690
2003-08-04T00:00:00.000Z;0.0680
2003-08-05T00:00:00.000Z;0.0680
2003-08-06T00:00:00.000Z;0.0670
2003-08-07T00:00:00.000Z;0.0670
2003-08-08T00:00:00.000Z;0.0660
2003-08-09T00:00:00.000Z;0.0660
2003-08-10T00:00:00.000Z;0.0660
2003-08-11T00:00:00.000Z;0.0650
2003-08-12T00:00:00.000Z;0.0640
2003-08-13T00:00:00.000Z;0.0640
2003-08-14T00:00:00.000Z;0.0640
2003-08-15T00:00:00.000Z;0.0630
2003-08-16T00:00:00.000Z;0.0630
2003-08-17T00:00:00.000Z;0.0620
2003-08-18T00:00:00.000Z;0.0620
2003-08-19T00:00:00.000Z;0.0610
2003-08-20T00:00:00.000Z;0.0610
2003-08-21T00:00:00.000Z;0.0610
2003-08-22T00:00:00.000Z;0.0600
2003-08-23T00:00:00.000Z;0.0600
2003-08-24T00:00:00.000Z;0.0590
2003-08-25T00:00:00.000Z;0.0590
2003-08-26T00:00:00.000Z;0.0580
2003-08-27T00:00:00.000Z;0.0580
2003-08-28T00:00:00.000Z;0.0580
2003-08-29T00:00:00.000Z;0.0570
2003-08-30T00:00:00.000Z;0.0570
2003-08-31T00:00:00.000Z;0.0560
2003-09-01T00:00:00.000Z;0.0560
2003-09-02T00:00:00.000Z;0.0560
2003-09-03T00:00:00.000Z;0.0550
2003-09-04T00:00:00.000Z;0.0550
2003-09-05T00:00:00.000Z;0.0540
2003-09-06T00:00:00.000Z;0.0540
2003-09-07T00:00:00.000Z;0.0590
2003-09-08T00:00:00.000Z;0.0630
2003-09-09T00:00:00.000Z;0.240
2003-09-10T00:00:00.000Z;0.500
2003-09-11T00:00:00.000Z;0.0180
2003-09-12T00:00:00.000Z;0.130
2003-09-13T00:00:00.000Z;0.104
2003-09-14T00:00:00.000Z;0.0940
2003-09-15T00:00:00.000Z;0.0880
2003-09-16T00:00:00.000Z;0.0800
2003-09-17T00:00:00.000Z;0.0770
2003-09-18T00:00:00.000Z;0.0750
2003-09-19T00:00:00.000Z;0.0720
2003-09-20T00:00:00.000Z;0.0700
2003-09-21T00:00:00.000Z;0.0680
2003-09-22T00:00:00.000Z;0.0660
2003-09-23T00:00:00.000Z;0.0750
2003-09-24T00:00:00.000Z;0.110
2003-09-25T00:00:00.000Z;0.100
2003-09-26T00:00:00.000Z;0.0830
2003-09-27T00:00:00.000Z;0.0760
2003-09-28T00:00:00.000Z;0.0900
2003-09-29T00:00:00.000Z;0.735
2003-09-30T00:00:00.000Z;0.505
2003-10-01T00:00:00.000Z;0.185
2003-10-02T00:00:00.000Z;0.145
2003-10-03T00:00:00.000Z;0.125
2003-10-04T00:00:00.000Z;0.115
2003-10-05T00:00:00.000Z;0.500
2003-10-06T00:00:00.000Z;0.710
2003-10-07T00:00:00.000Z;0.265
2003-10-08T00:00:00.000Z;0.250
2003-10-09T00:00:00.000Z;0.330
2003-10-10T00:00:00.000Z;0.225
2003-10-11T00:00:00.000Z;0.190
2003-10-12T00:00:00.000Z;0.165
2003-10-13T00:00:00.000Z;0.145
2003-10-14T00:00:00.000Z;0.135
2003-10-15T00:00:00.000Z;0.125
2003-10-16T00:00:00.000Z;0.120
2003-10-17T00:00:00.000Z;0.115
2003-10-18T00:00:00.000Z;0.110
2003-10-19T00:00:00.000Z;0.107
2003-10-20T00:00:00.000Z;0.103
2003-10-21T00:00:00.000Z;0.102
2003-10-22T00:00:00.000Z;0.0990
2003-10-23T00:00:00.000Z;0.115
2003-10-24T00:00:00.000Z;0.175
2003-10-25T00:00:00.000Z;0.230
2003-10-26T00:00:00.000Z;0.215
2003-10-27T00:00:00.000Z;0.190
2003-10-28T00:00:00.000Z;0.175
2003-10-29T00:00:00.000Z;0.160
2003-10-30T00:00:00.000Z;0.235
2003-10-31T00:00:00.000Z;0.245
2003-11-01T00:00:00.000Z;0.205
2003-11-02T00:00:00.000Z;0.175
2003-11-03T00:00:00.000Z;0.155
2003-11-04T00:00:00.000Z;0.145
2003-11-05T00:00:00.000Z;0.135
2003-11-06T00:00:00.000Z;0.130
2003-11-07T00:00:00.000Z;0.125
2003-11-08T00:00:00.000Z;0.120
2003-11-09T00:00:00.000Z;0.115
2003-11-10T00:00:00.000Z;0.106
2003-11-11T00:00:00.000Z;0.105
2003-11-12T00:00:00.000Z;0.100
2003-11-13T00:00:00.000Z;0.101
2003-11-14T00:00:00.000Z;0.103
2003-11-15T00:00:00.000Z;0.105
2003-11-16T00:00:00.000Z;0.105
2003-11-17T00:00:00.000Z;0.185
2003-11-18T00:00:00.000Z;0.200
2003-11-19T00:00:00.000Z;0.165
2003-11-20T00:00:00.000Z;0.140
2003-11-21T00:00:00.000Z;0.130
2003-11-22T00:00:00.000Z;0.130
2003-11-23T00:00:00.000Z;0.125
2003-11-24T00:00:00.000Z;0.117
2003-11-25T00:00:00.000Z;0.120
2003-11-26T00:00:00.000Z;0.120
2003-11-27T00:00:00.000Z;0.175
2003-11-28T00:00:00.000Z;0.465
2003-11-29T00:00:00.000Z;0.515
2003-11-30T00:00:00.000Z;0.855
2003-12-01T00:00:00.000Z;0.680
2003-12-02T00:00:00.000Z;0.915
2003-12-03T00:00:00.000Z;0.670
2003-12-04T00:00:00.000Z;0.685
2003-12-05T00:00:00.000Z;0.825
2003-12-06T00:00:00.000Z;0.580
2003-12-07T00:00:00.000Z;0.430
2003-12-08T00:00:00.000Z;0.290
2003-12-09T00:00:00.000Z;0.245
2003-12-10T00:00:00.000Z;0.220
2003-12-11T00:00:00.000Z;0.190
2003-12-12T00:00:00.000Z;0.175
2003-12-13T00:00:00.000Z;0.210
2003-12-14T00:00:00.000Z;0.540
2003-12-15T00:00:00.000Z;1.Mar
2003-12-16T00:00:00.000Z;0.540
2003-12-17T00:00:00.000Z;0.340
2003-12-18T00:00:00.000Z;0.265
2003-12-19T00:00:00.000Z;0.325
2003-12-20T00:00:00.000Z;0.430
2003-12-21T00:00:00.000Z;0.360
2003-12-22T00:00:00.000Z;0.850
2003-12-23T00:00:00.000Z;0.680
2003-12-24T00:00:00.000Z;Jan.94
2003-12-25T00:00:00.000Z;Feb.47
2003-12-26T00:00:00.000Z;Jan.35
2003-12-27T00:00:00.000Z;0.725
2003-12-28T00:00:00.000Z;0.640
2003-12-29T00:00:00.000Z;0.650
2003-12-30T00:00:00.000Z;Mar.20
2003-12-31T00:00:00.000Z;Feb.98
2004-01-01T00:00:00.000Z;Jan.80
2004-01-02T00:00:00.000Z;Mar.38
2004-01-03T00:00:00.000Z;Jan.74
2004-01-04T00:00:00.000Z;0.995
2004-01-05T00:00:00.000Z;0.720
2004-01-06T00:00:00.000Z;0.587
2004-01-07T00:00:00.000Z;0.575
2004-01-08T00:00:00.000Z;0.601
2004-01-09T00:00:00.000Z;Jan.31
2004-01-10T00:00:00.000Z;Feb.32
2004-01-11T00:00:00.000Z;Jan.90
2004-01-12T00:00:00.000Z;Jan.14
2004-01-13T00:00:00.000Z;0.707
2004-01-14T00:00:00.000Z;0.611
2004-01-15T00:00:00.000Z;0.931
2004-01-16T00:00:00.000Z;0.750
2004-01-17T00:00:00.000Z;0.572
2004-01-18T00:00:00.000Z;0.802
2004-01-19T00:00:00.000Z;0.686
2004-01-20T00:00:00.000Z;0.651
2004-01-21T00:00:00.000Z;Jan.80
2004-01-22T00:00:00.000Z;2.00
2004-01-23T00:00:00.000Z;Jun.19
2004-01-24T00:00:00.000Z;Jul.66
2004-01-25T00:00:00.000Z;Mar.91
2004-01-26T00:00:00.000Z;Feb.89
2004-01-27T00:00:00.000Z;Feb.67
2004-01-28T00:00:00.000Z;Feb.28
2004-01-29T00:00:00.000Z;Jan.64
2004-01-30T00:00:00.000Z;1.Oct
2004-01-31T00:00:00.000Z;0.820
2004-02-01T00:00:00.000Z;0.803
2004-02-02T00:00:00.000Z;0.722
2004-02-03T00:00:00.000Z;0.580
2004-02-04T00:00:00.000Z;0.478
2004-02-05T00:00:00.000Z;0.434
2004-02-06T00:00:00.000Z;0.382
2004-02-07T00:00:00.000Z;0.357
2004-02-08T00:00:00.000Z;0.335
2004-02-09T00:00:00.000Z;0.312
2004-02-10T00:00:00.000Z;0.285
2004-02-11T00:00:00.000Z;0.269
2004-02-12T00:00:00.000Z;0.261
2004-02-13T00:00:00.000Z;0.248
2004-02-14T00:00:00.000Z;0.241
2004-02-15T00:00:00.000Z;0.232
2004-02-16T00:00:00.000Z;0.228
2004-02-17T00:00:00.000Z;0.222
2004-02-18T00:00:00.000Z;0.225
2004-02-19T00:00:00.000Z;0.224
2004-02-20T00:00:00.000Z;0.233
2004-02-21T00:00:00.000Z;0.301
2004-02-22T00:00:00.000Z;0.394
2004-02-23T00:00:00.000Z;0.334
2004-02-24T00:00:00.000Z;0.260
2004-02-25T00:00:00.000Z;0.243
2004-02-26T00:00:00.000Z;0.246
2004-02-27T00:00:00.000Z;0.241
2004-02-28T00:00:00.000Z;0.236
2004-02-29T00:00:00.000Z;0.232
2004-03-01T00:00:00.000Z;0.220
2004-03-02T00:00:00.000Z;0.217
2004-03-03T00:00:00.000Z;0.245
2004-03-04T00:00:00.000Z;0.403
2004-03-05T00:00:00.000Z;1.Jul
2004-03-06T00:00:00.000Z;Jan.15
2004-03-07T00:00:00.000Z;1.Sep
2004-03-08T00:00:00.000Z;0.744
2004-03-09T00:00:00.000Z;0.505
2004-03-10T00:00:00.000Z;0.423
2004-03-11T00:00:00.000Z;0.362
2004-03-12T00:00:00.000Z;0.330
2004-03-13T00:00:00.000Z;0.711
2004-03-14T00:00:00.000Z;0.988
2004-03-15T00:00:00.000Z;0.680
2004-03-16T00:00:00.000Z;0.499
2004-03-17T00:00:00.000Z;0.450
2004-03-18T00:00:00.000Z;0.356
2004-03-19T00:00:00.000Z;0.305
2004-03-20T00:00:00.000Z;0.276
2004-03-21T00:00:00.000Z;0.259
2004-03-22T00:00:00.000Z;0.259
2004-03-23T00:00:00.000Z;0.339
2004-03-24T00:00:00.000Z;0.480
2004-03-25T00:00:00.000Z;0.513
2004-03-26T00:00:00.000Z;0.517
2004-03-27T00:00:00.000Z;0.497
2004-03-28T00:00:00.000Z;0.442
2004-03-29T00:00:00.000Z;0.597
2004-03-30T00:00:00.000Z;1.Jan
2004-03-31T00:00:00.000Z;1.Aug
2004-04-01T00:00:00.000Z;0.827
2004-04-02T00:00:00.000Z;0.602
2004-04-03T00:00:00.000Z;0.444
2004-04-04T00:00:00.000Z;0.359
2004-04-05T00:00:00.000Z;0.316
2004-04-06T00:00:00.000Z;0.294
2004-04-07T00:00:00.000Z;0.283
2004-04-08T00:00:00.000Z;0.274
2004-04-09T00:00:00.000Z;0.289
2004-04-10T00:00:00.000Z;0.370
2004-04-11T00:00:00.000Z;0.399
2004-04-12T00:00:00.000Z;0.712
2004-04-13T00:00:00.000Z;0.963
2004-04-14T00:00:00.000Z;0.798
2004-04-15T00:00:00.000Z;0.844
2004-04-16T00:00:00.000Z;0.972
2004-04-17T00:00:00.000Z;1.Sep
2004-04-18T00:00:00.000Z;1.Jan
2004-04-19T00:00:00.000Z;Jan.32
2004-04-20T00:00:00.000Z;1.Apr
2004-04-21T00:00:00.000Z;0.881
2004-04-22T00:00:00.000Z;1.May
2004-04-23T00:00:00.000Z;Apr.64
2004-04-24T00:00:00.000Z;Feb.97
2004-04-25T00:00:00.000Z;Jan.66
2004-04-26T00:00:00.000Z;0.936
2004-04-27T00:00:00.000Z;0.646
2004-04-28T00:00:00.000Z;0.530
2004-04-29T00:00:00.000Z;0.522
2004-04-30T00:00:00.000Z;0.727
2004-05-01T00:00:00.000Z;0.903
2004-05-02T00:00:00.000Z;0.688
2004-05-03T00:00:00.000Z;0.838
2004-05-04T00:00:00.000Z;Mar.72
2004-05-05T00:00:00.000Z;Feb.82
2004-05-06T00:00:00.000Z;Jan.80
2004-05-07T00:00:00.000Z;1.Jul
2004-05-08T00:00:00.000Z;0.763
2004-05-09T00:00:00.000Z;0.631
2004-05-10T00:00:00.000Z;0.542
2004-05-11T00:00:00.000Z;0.487
2004-05-12T00:00:00.000Z;0.440
2004-05-13T00:00:00.000Z;0.747
2004-05-14T00:00:00.000Z;0.625
2004-05-15T00:00:00.000Z;0.501
2004-05-16T00:00:00.000Z;0.445
2004-05-17T00:00:00.000Z;0.390
2004-05-18T00:00:00.000Z;0.339
2004-05-19T00:00:00.000Z;0.304
2004-05-20T00:00:00.000Z;0.292
2004-05-21T00:00:00.000Z;0.318
2004-05-22T00:00:00.000Z;0.395
2004-05-23T00:00:00.000Z;0.706
2004-05-24T00:00:00.000Z;0.524
2004-05-25T00:00:00.000Z;0.351
2004-05-26T00:00:00.000Z;0.295
2004-05-27T00:00:00.000Z;0.266
2004-05-28T00:00:00.000Z;0.237
2004-05-29T00:00:00.000Z;0.227
2004-05-30T00:00:00.000Z;0.226
2004-05-31T00:00:00.000Z;0.212
2004-06-01T00:00:00.000Z;0.205
2004-06-02T00:00:00.000Z;0.201
2004-06-03T00:00:00.000Z;0.197
2004-06-04T00:00:00.000Z;0.177
2004-06-05T00:00:00.000Z;0.170
2004-06-06T00:00:00.000Z;0.164
2004-06-07T00:00:00.000Z;0.156
2004-06-08T00:00:00.000Z;0.165
2004-06-09T00:00:00.000Z;0.150
2004-06-10T00:00:00.000Z;0.149
2004-06-11T00:00:00.000Z;0.153
2004-06-12T00:00:00.000Z;0.197
2004-06-13T00:00:00.000Z;0.194
2004-06-14T00:00:00.000Z;0.186
2004-06-15T00:00:00.000Z;0.168
2004-06-16T00:00:00.000Z;0.157
2004-06-17T00:00:00.000Z;0.152
2004-06-18T00:00:00.000Z;0.148
2004-06-19T00:00:00.000Z;0.143
2004-06-20T00:00:00.000Z;0.141
2004-06-21T00:00:00.000Z;0.132
2004-06-22T00:00:00.000Z;0.131
2004-06-23T00:00:00.000Z;0.121
2004-06-24T00:00:00.000Z;0.113
2004-06-25T00:00:00.000Z;0.108
2004-06-26T00:00:00.000Z;0.101
2004-06-27T00:00:00.000Z;0.103
2004-06-28T00:00:00.000Z;0.104
2004-06-29T00:00:00.000Z;0.100
2004-06-30T00:00:00.000Z;0.0990
2004-07-01T00:00:00.000Z;0.0960
2004-07-02T00:00:00.000Z;0.0950
2004-07-03T00:00:00.000Z;0.0950
2004-07-04T00:00:00.000Z;0.0960
2004-07-05T00:00:00.000Z;0.0980
2004-07-06T00:00:00.000Z;0.0960
2004-07-07T00:00:00.000Z;0.0940
2004-07-08T00:00:00.000Z;0.0910
2004-07-09T00:00:00.000Z;0.0870
2004-07-10T00:00:00.000Z;0.0840
2004-07-11T00:00:00.000Z;0.0830
2004-07-12T00:00:00.000Z;0.0860
2004-07-13T00:00:00.000Z;0.0870
2004-07-14T00:00:00.000Z;0.0900
2004-07-15T00:00:00.000Z;0.0900
2004-07-16T00:00:00.000Z;0.0840
2004-07-17T00:00:00.000Z;0.0780
2004-07-18T00:00:00.000Z;0.0770
2004-07-19T00:00:00.000Z;0.0730
2004-07-20T00:00:00.000Z;0.0730
2004-07-21T00:00:00.000Z;0.0740
2004-07-22T00:00:00.000Z;0.0790
2004-07-23T00:00:00.000Z;0.0700
2004-07-24T00:00:00.000Z;0.0630
2004-07-25T00:00:00.000Z;0.0660
2004-07-26T00:00:00.000Z;0.0640
2004-07-27T00:00:00.000Z;0.0720
2004-07-28T00:00:00.000Z;0.0720
2004-07-29T00:00:00.000Z;0.0690
2004-07-30T00:00:00.000Z;0.0680
2004-07-31T00:00:00.000Z;0.0670
2004-08-01T00:00:00.000Z;0.0700
2004-08-02T00:00:00.000Z;0.0640
2004-08-03T00:00:00.000Z;0.0690
2004-08-04T00:00:00.000Z;0.0710
2004-08-05T00:00:00.000Z;0.0680
2004-08-06T00:00:00.000Z;0.0670
2004-08-07T00:00:00.000Z;0.0650
2004-08-08T00:00:00.000Z;0.0730
2004-08-09T00:00:00.000Z;0.0640
2004-08-10T00:00:00.000Z;0.0640
2004-08-11T00:00:00.000Z;0.0580
2004-08-12T00:00:00.000Z;0.0590
2004-08-13T00:00:00.000Z;0.0530
2004-08-14T00:00:00.000Z;0.0510
2004-08-15T00:00:00.000Z;0.0460
2004-08-16T00:00:00.000Z;0.0520
2004-08-17T00:00:00.000Z;0.0520
2004-08-18T00:00:00.000Z;0.0490
2004-08-19T00:00:00.000Z;0.0520
2004-08-20T00:00:00.000Z;0.0520
2004-08-21T00:00:00.000Z;0.0510
2004-08-22T00:00:00.000Z;0.0480
2004-08-23T00:00:00.000Z;0.0440
2004-08-24T00:00:00.000Z;0.0410
2004-08-25T00:00:00.000Z;0.0490
2004-08-26T00:00:00.000Z;0.0470
2004-08-27T00:00:00.000Z;0.0440
2004-08-28T00:00:00.000Z;0.0440
2004-08-29T00:00:00.000Z;0.0440
2004-08-30T00:00:00.000Z;0.0440
2004-08-31T00:00:00.000Z;0.0430
2004-09-01T00:00:00.000Z;0.0400
2004-09-02T00:00:00.000Z;0.0430
2004-09-03T00:00:00.000Z;0.0440
2004-09-04T00:00:00.000Z;0.0430
2004-09-05T00:00:00.000Z;0.0400
2004-09-06T00:00:00.000Z;0.0390
2004-09-07T00:00:00.000Z;0.0390
2004-09-08T00:00:00.000Z;0.0390
2004-09-09T00:00:00.000Z;0.0420
2004-09-10T00:00:00.000Z;0.0410
2004-09-11T00:00:00.000Z;0.0490
2004-09-12T00:00:00.000Z;0.0380
2004-09-13T00:00:00.000Z;0.0380
2004-09-14T00:00:00.000Z;0.0430
2004-09-15T00:00:00.000Z;0.0470
2004-09-16T00:00:00.000Z;0.0500
2004-09-17T00:00:00.000Z;0.0540
2004-09-18T00:00:00.000Z;0.0470
2004-09-19T00:00:00.000Z;0.0440
2004-09-20T00:00:00.000Z;0.0440
2004-09-21T00:00:00.000Z;0.0440
2004-09-22T00:00:00.000Z;0.0470
2004-09-23T00:00:00.000Z;0.0440
2004-09-24T00:00:00.000Z;0.0440
2004-09-25T00:00:00.000Z;0.0610
2004-09-26T00:00:00.000Z;0.0540
2004-09-27T00:00:00.000Z;0.0450
2004-09-28T00:00:00.000Z;0.0400
2004-09-29T00:00:00.000Z;0.0420
2004-09-30T00:00:00.000Z;0.0380
2004-10-01T00:00:00.000Z;0.0380
2004-10-02T00:00:00.000Z;0.0360
2004-10-03T00:00:00.000Z;0.0390
2004-10-04T00:00:00.000Z;0.0420
2004-10-05T00:00:00.000Z;0.0390
2004-10-06T00:00:00.000Z;0.0400
2004-10-07T00:00:00.000Z;0.0430
2004-10-08T00:00:00.000Z;0.0430
2004-10-09T00:00:00.000Z;0.0390
2004-10-10T00:00:00.000Z;0.0360
2004-10-11T00:00:00.000Z;0.0410
2004-10-12T00:00:00.000Z;0.0350
2004-10-13T00:00:00.000Z;0.0340
2004-10-14T00:00:00.000Z;0.0350
2004-10-15T00:00:00.000Z;0.0380
2004-10-16T00:00:00.000Z;0.0530
2004-10-17T00:00:00.000Z;0.0980
2004-10-18T00:00:00.000Z;0.0670
2004-10-19T00:00:00.000Z;0.0490
2004-10-20T00:00:00.000Z;0.0480
2004-10-21T00:00:00.000Z;0.0470
2004-10-22T00:00:00.000Z;0.0410
2004-10-23T00:00:00.000Z;0.0430
2004-10-24T00:00:00.000Z;0.0430
2004-10-25T00:00:00.000Z;0.0410
2004-10-26T00:00:00.000Z;0.343
2004-10-27T00:00:00.000Z;0.259
2004-10-28T00:00:00.000Z;0.129
2004-10-29T00:00:00.000Z;0.0950
2004-10-30T00:00:00.000Z;0.0820
2004-10-31T00:00:00.000Z;0.146
2004-11-01T00:00:00.000Z;0.273
2004-11-02T00:00:00.000Z;0.163
2004-11-03T00:00:00.000Z;0.122
2004-11-04T00:00:00.000Z;0.0990
2004-11-05T00:00:00.000Z;0.0860
2004-11-06T00:00:00.000Z;0.0780
2004-11-07T00:00:00.000Z;0.0770
2004-11-08T00:00:00.000Z;0.0730
2004-11-09T00:00:00.000Z;0.105
2004-11-10T00:00:00.000Z;0.498
2004-11-11T00:00:00.000Z;0.947
2004-11-12T00:00:00.000Z;1.Feb
2004-11-13T00:00:00.000Z;0.707
2004-11-14T00:00:00.000Z;0.686
2004-11-15T00:00:00.000Z;0.464
2004-11-16T00:00:00.000Z;0.362
2004-11-17T00:00:00.000Z;0.343
2004-11-18T00:00:00.000Z;0.381
2004-11-19T00:00:00.000Z;0.459
2004-11-20T00:00:00.000Z;Jan.32
2004-11-21T00:00:00.000Z;0.932
2004-11-22T00:00:00.000Z;0.535
2004-11-23T00:00:00.000Z;0.366
2004-11-24T00:00:00.000Z;0.257
2004-11-25T00:00:00.000Z;0.221
2004-11-26T00:00:00.000Z;0.199
2004-11-27T00:00:00.000Z;0.178
2004-11-28T00:00:00.000Z;0.165
2004-11-29T00:00:00.000Z;0.164
2004-11-30T00:00:00.000Z;0.185
2004-12-01T00:00:00.000Z;0.197
2004-12-02T00:00:00.000Z;0.193
2004-12-03T00:00:00.000Z;0.178
2004-12-04T00:00:00.000Z;0.162
2004-12-05T00:00:00.000Z;0.154
2004-12-06T00:00:00.000Z;0.147
2004-12-07T00:00:00.000Z;0.141
2004-12-08T00:00:00.000Z;0.142
2004-12-09T00:00:00.000Z;0.217
2004-12-10T00:00:00.000Z;0.245
2004-12-11T00:00:00.000Z;0.225
2004-12-12T00:00:00.000Z;0.201
2004-12-13T00:00:00.000Z;0.182
2004-12-14T00:00:00.000Z;0.165
2004-12-15T00:00:00.000Z;0.153
2004-12-16T00:00:00.000Z;0.148
2004-12-17T00:00:00.000Z;0.199
2004-12-18T00:00:00.000Z;Jan.24
2004-12-19T00:00:00.000Z;1.Mar
2004-12-20T00:00:00.000Z;Jan.76
2004-12-21T00:00:00.000Z;Jan.46
2004-12-22T00:00:00.000Z;0.699
2004-12-23T00:00:00.000Z;0.435
2004-12-24T00:00:00.000Z;0.350
2004-12-25T00:00:00.000Z;0.325
2004-12-26T00:00:00.000Z;0.351
2004-12-27T00:00:00.000Z;0.332
2004-12-28T00:00:00.000Z;0.406
2004-12-29T00:00:00.000Z;0.829
2004-12-30T00:00:00.000Z;0.719
2004-12-31T00:00:00.000Z;0.655
2005-01-01T00:00:00.000Z;0.947
2005-01-02T00:00:00.000Z;Jan.26
2005-01-03T00:00:00.000Z;2.00
2005-01-04T00:00:00.000Z;Jan.30
2005-01-05T00:00:00.000Z;0.771
2005-01-06T00:00:00.000Z;0.521
2005-01-07T00:00:00.000Z;0.453
2005-01-08T00:00:00.000Z;0.403
2005-01-09T00:00:00.000Z;0.345
2005-01-10T00:00:00.000Z;0.295
2005-01-11T00:00:00.000Z;0.257
2005-01-12T00:00:00.000Z;0.232
2005-01-13T00:00:00.000Z;0.217
2005-01-14T00:00:00.000Z;0.208
2005-01-15T00:00:00.000Z;0.204
2005-01-16T00:00:00.000Z;0.193
2005-01-17T00:00:00.000Z;0.183
2005-01-18T00:00:00.000Z;0.180
2005-01-19T00:00:00.000Z;0.670
2005-01-20T00:00:00.000Z;5.Sep
2005-01-21T00:00:00.000Z;Feb.62
2005-01-22T00:00:00.000Z;Jan.66
2005-01-23T00:00:00.000Z;1.Mar
2005-01-24T00:00:00.000Z;1.Aug
2005-01-25T00:00:00.000Z;0.846
2005-01-26T00:00:00.000Z;0.593
2005-01-27T00:00:00.000Z;0.488
2005-01-28T00:00:00.000Z;0.417
2005-01-29T00:00:00.000Z;0.370
2005-01-30T00:00:00.000Z;0.326
2005-01-31T00:00:00.000Z;0.304
2005-02-01T00:00:00.000Z;0.304
2005-02-02T00:00:00.000Z;0.386
2005-02-03T00:00:00.000Z;0.525
2005-02-04T00:00:00.000Z;0.459
2005-02-05T00:00:00.000Z;0.523
2005-02-06T00:00:00.000Z;0.604
2005-02-07T00:00:00.000Z;0.536
2005-02-08T00:00:00.000Z;0.569
2005-02-09T00:00:00.000Z;0.588
2005-02-10T00:00:00.000Z;0.537
2005-02-11T00:00:00.000Z;0.527
2005-02-12T00:00:00.000Z;0.683
2005-02-13T00:00:00.000Z;Jan.38
2005-02-14T00:00:00.000Z;Jan.92
2005-02-15T00:00:00.000Z;1.May
2005-02-16T00:00:00.000Z;0.715
2005-02-17T00:00:00.000Z;0.539
2005-02-18T00:00:00.000Z;0.461
2005-02-19T00:00:00.000Z;0.432
2005-02-20T00:00:00.000Z;0.473
2005-02-21T00:00:00.000Z;0.465
2005-02-22T00:00:00.000Z;0.378
2005-02-23T00:00:00.000Z;0.348
2005-02-24T00:00:00.000Z;0.381
2005-02-25T00:00:00.000Z;0.363
2005-02-26T00:00:00.000Z;0.392
2005-02-27T00:00:00.000Z;0.353
2005-02-28T00:00:00.000Z;0.318
2005-03-01T00:00:00.000Z;0.300
2005-03-02T00:00:00.000Z;0.320
2005-03-03T00:00:00.000Z;0.395
2005-03-04T00:00:00.000Z;0.322
2005-03-05T00:00:00.000Z;0.305
2005-03-06T00:00:00.000Z;0.281
2005-03-07T00:00:00.000Z;0.260
2005-03-08T00:00:00.000Z;0.268
2005-03-09T00:00:00.000Z;0.327
2005-03-10T00:00:00.000Z;0.455
2005-03-11T00:00:00.000Z;0.593
2005-03-12T00:00:00.000Z;0.463
2005-03-13T00:00:00.000Z;0.828
2005-03-14T00:00:00.000Z;Jan.15
2005-03-15T00:00:00.000Z;Jan.94
2005-03-16T00:00:00.000Z;Feb.78
2005-03-17T00:00:00.000Z;Feb.92
2005-03-18T00:00:00.000Z;Feb.63
2005-03-19T00:00:00.000Z;Feb.21
2005-03-20T00:00:00.000Z;Jan.66
2005-03-21T00:00:00.000Z;Jan.28
2005-03-22T00:00:00.000Z;1.Aug
2005-03-23T00:00:00.000Z;0.846
2005-03-24T00:00:00.000Z;0.644
2005-03-25T00:00:00.000Z;0.543
2005-03-26T00:00:00.000Z;0.453
2005-03-27T00:00:00.000Z;0.419
2005-03-28T00:00:00.000Z;0.425
2005-03-29T00:00:00.000Z;0.425
2005-03-30T00:00:00.000Z;0.810
2005-03-31T00:00:00.000Z;0.827
2005-04-01T00:00:00.000Z;0.611
2005-04-02T00:00:00.000Z;0.495
2005-04-03T00:00:00.000Z;0.422
2005-04-04T00:00:00.000Z;0.353
2005-04-05T00:00:00.000Z;0.406
2005-04-06T00:00:00.000Z;0.371
2005-04-07T00:00:00.000Z;0.341
2005-04-08T00:00:00.000Z;0.927
2005-04-09T00:00:00.000Z;Jan.14
2005-04-10T00:00:00.000Z;0.725
2005-04-11T00:00:00.000Z;0.972
2005-04-12T00:00:00.000Z;Jan.17
2005-04-13T00:00:00.000Z;Jan.54
2005-04-14T00:00:00.000Z;Jan.44
2005-04-15T00:00:00.000Z;Jan.33
2005-04-16T00:00:00.000Z;Jan.47
2005-04-17T00:00:00.000Z;Jan.34
2005-04-18T00:00:00.000Z;Jan.27
2005-04-19T00:00:00.000Z;Jan.27
2005-04-20T00:00:00.000Z;Jan.13
2005-04-21T00:00:00.000Z;1.Jul
2005-04-22T00:00:00.000Z;Jan.96
2005-04-23T00:00:00.000Z;Jan.65
2005-04-24T00:00:00.000Z;Jan.22
2005-04-25T00:00:00.000Z;0.964
2005-04-26T00:00:00.000Z;0.837
2005-04-27T00:00:00.000Z;0.643
2005-04-28T00:00:00.000Z;0.534
2005-04-29T00:00:00.000Z;0.478
2005-04-30T00:00:00.000Z;0.407
2005-05-01T00:00:00.000Z;0.371
2005-05-02T00:00:00.000Z;0.336
2005-05-03T00:00:00.000Z;0.311
2005-05-04T00:00:00.000Z;0.292
2005-05-05T00:00:00.000Z;0.557
2005-05-06T00:00:00.000Z;0.620
2005-05-07T00:00:00.000Z;0.501
2005-05-08T00:00:00.000Z;0.398
2005-05-09T00:00:00.000Z;0.341
2005-05-10T00:00:00.000Z;0.310
2005-05-11T00:00:00.000Z;0.296
2005-05-12T00:00:00.000Z;0.337
2005-05-13T00:00:00.000Z;0.321
2005-05-14T00:00:00.000Z;0.429
2005-05-15T00:00:00.000Z;0.512
2005-05-16T00:00:00.000Z;0.404
2005-05-17T00:00:00.000Z;Jan.79
2005-05-18T00:00:00.000Z;Mar.83
2005-05-19T00:00:00.000Z;2.Sep
2005-05-20T00:00:00.000Z;1.Aug
2005-05-21T00:00:00.000Z;0.648
2005-05-22T00:00:00.000Z;0.518
2005-05-23T00:00:00.000Z;0.476
2005-05-24T00:00:00.000Z;0.388
2005-05-25T00:00:00.000Z;0.335
2005-05-26T00:00:00.000Z;0.307
2005-05-27T00:00:00.000Z;0.285
2005-05-28T00:00:00.000Z;0.256
2005-05-29T00:00:00.000Z;0.248
2005-05-30T00:00:00.000Z;0.235
2005-05-31T00:00:00.000Z;0.232
2005-06-01T00:00:00.000Z;0.220
2005-06-02T00:00:00.000Z;0.207
2005-06-03T00:00:00.000Z;0.201
2005-06-04T00:00:00.000Z;0.200
2005-06-05T00:00:00.000Z;0.200
2005-06-06T00:00:00.000Z;0.197
2005-06-07T00:00:00.000Z;0.199
2005-06-08T00:00:00.000Z;0.205
2005-06-09T00:00:00.000Z;0.185
2005-06-10T00:00:00.000Z;0.176
2005-06-11T00:00:00.000Z;0.169
2005-06-12T00:00:00.000Z;0.160
2005-06-13T00:00:00.000Z;0.169
2005-06-14T00:00:00.000Z;0.350
2005-06-15T00:00:00.000Z;0.228
2005-06-16T00:00:00.000Z;0.190
2005-06-17T00:00:00.000Z;0.171
2005-06-18T00:00:00.000Z;0.159
2005-06-19T00:00:00.000Z;0.154
2005-06-20T00:00:00.000Z;0.151
2005-06-21T00:00:00.000Z;0.141
2005-06-22T00:00:00.000Z;0.134
2005-06-23T00:00:00.000Z;0.133
2005-06-24T00:00:00.000Z;0.134
2005-06-25T00:00:00.000Z;0.122
2005-06-26T00:00:00.000Z;0.119
2005-06-27T00:00:00.000Z;0.115
2005-06-28T00:00:00.000Z;0.117
2005-06-29T00:00:00.000Z;0.115
2005-06-30T00:00:00.000Z;0.118
2005-07-01T00:00:00.000Z;0.111
2005-07-02T00:00:00.000Z;0.112
2005-07-03T00:00:00.000Z;0.113
2005-07-04T00:00:00.000Z;0.110
2005-07-05T00:00:00.000Z;0.112
2005-07-06T00:00:00.000Z;0.107
2005-07-07T00:00:00.000Z;0.100
2005-07-08T00:00:00.000Z;0.0940
2005-07-09T00:00:00.000Z;0.0890
2005-07-10T00:00:00.000Z;0.129
2005-07-11T00:00:00.000Z;0.128
2005-07-12T00:00:00.000Z;0.0980
2005-07-13T00:00:00.000Z;0.0920
2005-07-14T00:00:00.000Z;0.0900
2005-07-15T00:00:00.000Z;0.0870
2005-07-16T00:00:00.000Z;0.0860
2005-07-17T00:00:00.000Z;0.0830
2005-07-18T00:00:00.000Z;0.0850
2005-07-19T00:00:00.000Z;0.0810
2005-07-20T00:00:00.000Z;0.0780
2005-07-21T00:00:00.000Z;0.0770
2005-07-22T00:00:00.000Z;0.0770
2005-07-23T00:00:00.000Z;0.0770
2005-07-24T00:00:00.000Z;0.0730
2005-07-25T00:00:00.000Z;0.0740
2005-07-26T00:00:00.000Z;0.0770
2005-07-27T00:00:00.000Z;0.0760
2005-07-28T00:00:00.000Z;0.0720
2005-07-29T00:00:00.000Z;0.0680
2005-07-30T00:00:00.000Z;0.0630
2005-07-31T00:00:00.000Z;0.0680
2005-08-01T00:00:00.000Z;0.0700
2005-08-02T00:00:00.000Z;0.0810
2005-08-03T00:00:00.000Z;0.0810
2005-08-04T00:00:00.000Z;0.0700
2005-08-05T00:00:00.000Z;0.0680
2005-08-06T00:00:00.000Z;0.0680
2005-08-07T00:00:00.000Z;0.0680
2005-08-08T00:00:00.000Z;0.0650
2005-08-09T00:00:00.000Z;0.0620
2005-08-10T00:00:00.000Z;0.0730
2005-08-11T00:00:00.000Z;0.114
2005-08-12T00:00:00.000Z;0.0930
2005-08-13T00:00:00.000Z;0.0730
2005-08-14T00:00:00.000Z;0.0680
2005-08-15T00:00:00.000Z;0.0700
2005-08-16T00:00:00.000Z;0.0600
2005-08-17T00:00:00.000Z;0.0610
2005-08-18T00:00:00.000Z;0.0660
2005-08-19T00:00:00.000Z;0.0590
2005-08-20T00:00:00.000Z;0.0610
2005-08-21T00:00:00.000Z;0.0930
2005-08-22T00:00:00.000Z;0.0940
2005-08-23T00:00:00.000Z;0.0790
2005-08-24T00:00:00.000Z;0.0810
2005-08-25T00:00:00.000Z;0.0810
2005-08-26T00:00:00.000Z;0.0700
2005-08-27T00:00:00.000Z;0.0630
2005-08-28T00:00:00.000Z;0.0670
2005-08-29T00:00:00.000Z;0.0670
2005-08-30T00:00:00.000Z;0.0630
2005-08-31T00:00:00.000Z;0.0680
2005-09-01T00:00:00.000Z;0.0670
2005-09-02T00:00:00.000Z;0.0630
2005-09-03T00:00:00.000Z;0.0620
2005-09-04T00:00:00.000Z;0.0610
2005-09-05T00:00:00.000Z;0.0550
2005-09-06T00:00:00.000Z;0.0740
2005-09-07T00:00:00.000Z;0.114
2005-09-08T00:00:00.000Z;0.136
2005-09-09T00:00:00.000Z;0.494
2005-09-10T00:00:00.000Z;0.313
2005-09-11T00:00:00.000Z;0.241
2005-09-12T00:00:00.000Z;0.278
2005-09-13T00:00:00.000Z;0.361
2005-09-14T00:00:00.000Z;0.227
2005-09-15T00:00:00.000Z;0.182
2005-09-16T00:00:00.000Z;0.150
2005-09-17T00:00:00.000Z;0.753
2005-09-18T00:00:00.000Z;1.May
2005-09-19T00:00:00.000Z;0.359
2005-09-20T00:00:00.000Z;0.211
2005-09-21T00:00:00.000Z;0.184
2005-09-22T00:00:00.000Z;0.161
2005-09-23T00:00:00.000Z;0.135
2005-09-24T00:00:00.000Z;0.121
2005-09-25T00:00:00.000Z;0.114
2005-09-26T00:00:00.000Z;0.105
2005-09-27T00:00:00.000Z;0.105
2005-09-28T00:00:00.000Z;0.106
2005-09-29T00:00:00.000Z;0.0970
2005-09-30T00:00:00.000Z;0.0950
2005-10-01T00:00:00.000Z;0.0920
2005-10-02T00:00:00.000Z;0.122
2005-10-03T00:00:00.000Z;0.233
2005-10-04T00:00:00.000Z;0.209
2005-10-05T00:00:00.000Z;0.163
2005-10-06T00:00:00.000Z;0.142
2005-10-07T00:00:00.000Z;0.126
2005-10-08T00:00:00.000Z;0.108
2005-10-09T00:00:00.000Z;0.101
2005-10-10T00:00:00.000Z;0.100
2005-10-11T00:00:00.000Z;0.0950
2005-10-12T00:00:00.000Z;0.0940
2005-10-13T00:00:00.000Z;0.0880
2005-10-14T00:00:00.000Z;0.0910
2005-10-15T00:00:00.000Z;0.0940
2005-10-16T00:00:00.000Z;0.0900
2005-10-17T00:00:00.000Z;0.0870
2005-10-18T00:00:00.000Z;0.0850
2005-10-19T00:00:00.000Z;0.0800
2005-10-20T00:00:00.000Z;0.0740
2005-10-21T00:00:00.000Z;0.0730
2005-10-22T00:00:00.000Z;0.0760
2005-10-23T00:00:00.000Z;0.0820
2005-10-24T00:00:00.000Z;0.0850
2005-10-25T00:00:00.000Z;0.0880
2005-10-26T00:00:00.000Z;0.0790
2005-10-27T00:00:00.000Z;0.0800
2005-10-28T00:00:00.000Z;0.0760
2005-10-29T00:00:00.000Z;0.0690
2005-10-30T00:00:00.000Z;0.0680
2005-10-31T00:00:00.000Z;0.0680
2005-11-01T00:00:00.000Z;0.0650
2005-11-02T00:00:00.000Z;0.0590
2005-11-03T00:00:00.000Z;0.0580
2005-11-04T00:00:00.000Z;0.0640
2005-11-05T00:00:00.000Z;0.0850
2005-11-06T00:00:00.000Z;0.0830
2005-11-07T00:00:00.000Z;0.0730
2005-11-08T00:00:00.000Z;0.0680
2005-11-09T00:00:00.000Z;0.0810
2005-11-10T00:00:00.000Z;0.177
2005-11-11T00:00:00.000Z;0.156
2005-11-12T00:00:00.000Z;0.121
2005-11-13T00:00:00.000Z;0.109
2005-11-14T00:00:00.000Z;0.106
2005-11-15T00:00:00.000Z;0.151
2005-11-16T00:00:00.000Z;0.195
2005-11-17T00:00:00.000Z;1.Feb
2005-11-18T00:00:00.000Z;0.980
2005-11-19T00:00:00.000Z;0.421
2005-11-20T00:00:00.000Z;0.256
2005-11-21T00:00:00.000Z;0.215
2005-11-22T00:00:00.000Z;0.186
2005-11-23T00:00:00.000Z;0.165
2005-11-24T00:00:00.000Z;0.149
2005-11-25T00:00:00.000Z;0.162
2005-11-26T00:00:00.000Z;0.293
2005-11-27T00:00:00.000Z;0.256
2005-11-28T00:00:00.000Z;0.235
2005-11-29T00:00:00.000Z;0.228
2005-11-30T00:00:00.000Z;0.223
2005-12-01T00:00:00.000Z;0.237
2005-12-02T00:00:00.000Z;0.382
2005-12-03T00:00:00.000Z;0.330
2005-12-04T00:00:00.000Z;0.322
2005-12-05T00:00:00.000Z;0.619
2005-12-06T00:00:00.000Z;0.698
2005-12-07T00:00:00.000Z;0.640
2005-12-08T00:00:00.000Z;1.Mar
2005-12-09T00:00:00.000Z;Jan.78
2005-12-10T00:00:00.000Z;1.Jun
2005-12-11T00:00:00.000Z;0.578
2005-12-12T00:00:00.000Z;0.416
2005-12-13T00:00:00.000Z;0.308
2005-12-14T00:00:00.000Z;0.267
2005-12-15T00:00:00.000Z;0.241
2005-12-16T00:00:00.000Z;0.219
2005-12-17T00:00:00.000Z;0.282
2005-12-18T00:00:00.000Z;0.753
2005-12-19T00:00:00.000Z;0.497
2005-12-20T00:00:00.000Z;0.372
2005-12-21T00:00:00.000Z;0.301
2005-12-22T00:00:00.000Z;0.260
2005-12-23T00:00:00.000Z;0.241
2005-12-24T00:00:00.000Z;0.224
2005-12-25T00:00:00.000Z;0.210
2005-12-26T00:00:00.000Z;0.198
2005-12-27T00:00:00.000Z;0.189
2005-12-28T00:00:00.000Z;0.177
2005-12-29T00:00:00.000Z;0.163
2005-12-30T00:00:00.000Z;0.160
2005-12-31T00:00:00.000Z;0.176
2006-01-01T00:00:00.000Z;0.294
2006-01-02T00:00:00.000Z;1.May
2006-01-03T00:00:00.000Z;1.Nov
2006-01-04T00:00:00.000Z;0.603
2006-01-05T00:00:00.000Z;0.472
2006-01-06T00:00:00.000Z;0.445
2006-01-07T00:00:00.000Z;0.406
2006-01-08T00:00:00.000Z;0.364
2006-01-09T00:00:00.000Z;0.399
2006-01-10T00:00:00.000Z;0.366
2006-01-11T00:00:00.000Z;0.388
2006-01-12T00:00:00.000Z;0.390
2006-01-13T00:00:00.000Z;0.365
2006-01-14T00:00:00.000Z;0.318
2006-01-15T00:00:00.000Z;0.277
2006-01-16T00:00:00.000Z;0.246
2006-01-17T00:00:00.000Z;0.227
2006-01-18T00:00:00.000Z;0.361
2006-01-19T00:00:00.000Z;0.762
2006-01-20T00:00:00.000Z;0.573
2006-01-21T00:00:00.000Z;0.403
2006-01-22T00:00:00.000Z;0.357
2006-01-23T00:00:00.000Z;0.306
2006-01-24T00:00:00.000Z;0.264
2006-01-25T00:00:00.000Z;0.244
2006-01-26T00:00:00.000Z;0.230
2006-01-27T00:00:00.000Z;0.219
2006-01-28T00:00:00.000Z;0.209
2006-01-29T00:00:00.000Z;0.198
2006-01-30T00:00:00.000Z;0.187
2006-01-31T00:00:00.000Z;0.193
2006-02-01T00:00:00.000Z;0.360
2006-02-02T00:00:00.000Z;0.462
2006-02-03T00:00:00.000Z;0.453
2006-02-04T00:00:00.000Z;0.341
2006-02-05T00:00:00.000Z;0.279
2006-02-06T00:00:00.000Z;0.255
2006-02-07T00:00:00.000Z;0.236
2006-02-08T00:00:00.000Z;0.224
2006-02-09T00:00:00.000Z;0.212
2006-02-10T00:00:00.000Z;0.199
2006-02-11T00:00:00.000Z;0.189
2006-02-12T00:00:00.000Z;0.178
2006-02-13T00:00:00.000Z;0.170
2006-02-14T00:00:00.000Z;0.165
2006-02-15T00:00:00.000Z;0.159
2006-02-16T00:00:00.000Z;0.196
2006-02-17T00:00:00.000Z;0.234
2006-02-18T00:00:00.000Z;0.193
2006-02-19T00:00:00.000Z;0.180
2006-02-20T00:00:00.000Z;0.171
2006-02-21T00:00:00.000Z;0.167
2006-02-22T00:00:00.000Z;0.160
2006-02-23T00:00:00.000Z;0.154
2006-02-24T00:00:00.000Z;0.151
2006-02-25T00:00:00.000Z;0.147
2006-02-26T00:00:00.000Z;0.145
2006-02-27T00:00:00.000Z;0.141
2006-02-28T00:00:00.000Z;0.137
2006-03-01T00:00:00.000Z;0.136
2006-03-02T00:00:00.000Z;0.136
2006-03-03T00:00:00.000Z;0.134
2006-03-04T00:00:00.000Z;0.136
2006-03-05T00:00:00.000Z;0.147
2006-03-06T00:00:00.000Z;0.138
2006-03-07T00:00:00.000Z;0.133
2006-03-08T00:00:00.000Z;0.930
2006-03-09T00:00:00.000Z;0.916
2006-03-10T00:00:00.000Z;Jan.61
2006-03-11T00:00:00.000Z;Apr.27
2006-03-12T00:00:00.000Z;Feb.49
2006-03-13T00:00:00.000Z;2.Aug
2006-03-14T00:00:00.000Z;Jan.75
2006-03-15T00:00:00.000Z;Jan.23
2006-03-16T00:00:00.000Z;0.807
2006-03-17T00:00:00.000Z;0.562
2006-03-18T00:00:00.000Z;0.488
2006-03-19T00:00:00.000Z;0.416
2006-03-20T00:00:00.000Z;0.337
2006-03-21T00:00:00.000Z;0.307
2006-03-22T00:00:00.000Z;0.320
2006-03-23T00:00:00.000Z;0.390
2006-03-24T00:00:00.000Z;0.350
2006-03-25T00:00:00.000Z;0.307
2006-03-26T00:00:00.000Z;0.286
2006-03-27T00:00:00.000Z;0.272
2006-03-28T00:00:00.000Z;0.329
2006-03-29T00:00:00.000Z;0.394
2006-03-30T00:00:00.000Z;0.322
2006-03-31T00:00:00.000Z;0.314
2006-04-01T00:00:00.000Z;0.290
2006-04-02T00:00:00.000Z;0.272
2006-04-03T00:00:00.000Z;0.246
2006-04-04T00:00:00.000Z;0.243
2006-04-05T00:00:00.000Z;0.246
2006-04-06T00:00:00.000Z;0.261
2006-04-07T00:00:00.000Z;0.247
2006-04-08T00:00:00.000Z;0.233
2006-04-09T00:00:00.000Z;0.223
2006-04-10T00:00:00.000Z;0.394
2006-04-11T00:00:00.000Z;0.526
2006-04-12T00:00:00.000Z;0.466
2006-04-13T00:00:00.000Z;0.339
2006-04-14T00:00:00.000Z;0.308
2006-04-15T00:00:00.000Z;0.268
2006-04-16T00:00:00.000Z;0.260
2006-04-17T00:00:00.000Z;0.250
2006-04-18T00:00:00.000Z;0.521
2006-04-19T00:00:00.000Z;0.577
2006-04-20T00:00:00.000Z;0.380
2006-04-21T00:00:00.000Z;0.316
2006-04-22T00:00:00.000Z;0.278
2006-04-23T00:00:00.000Z;0.272
2006-04-24T00:00:00.000Z;0.261
2006-04-25T00:00:00.000Z;0.249
2006-04-26T00:00:00.000Z;0.237
2006-04-27T00:00:00.000Z;0.227
2006-04-28T00:00:00.000Z;0.505
2006-04-29T00:00:00.000Z;0.425
2006-04-30T00:00:00.000Z;0.296
2006-05-01T00:00:00.000Z;0.263
2006-05-02T00:00:00.000Z;0.247
2006-05-03T00:00:00.000Z;0.229
2006-05-04T00:00:00.000Z;0.213
2006-05-05T00:00:00.000Z;0.200
2006-05-06T00:00:00.000Z;0.190
2006-05-07T00:00:00.000Z;0.260
2006-05-08T00:00:00.000Z;0.292
2006-05-09T00:00:00.000Z;0.363
2006-05-10T00:00:00.000Z;0.282
2006-05-11T00:00:00.000Z;0.231
2006-05-12T00:00:00.000Z;0.216
2006-05-13T00:00:00.000Z;0.202
2006-05-14T00:00:00.000Z;0.194
2006-05-15T00:00:00.000Z;0.186
2006-05-16T00:00:00.000Z;0.178
2006-05-17T00:00:00.000Z;0.171
2006-05-18T00:00:00.000Z;0.169
2006-05-19T00:00:00.000Z;0.174
2006-05-20T00:00:00.000Z;0.174
2006-05-21T00:00:00.000Z;0.161
2006-05-22T00:00:00.000Z;0.154
2006-05-23T00:00:00.000Z;0.148
2006-05-24T00:00:00.000Z;0.146
2006-05-25T00:00:00.000Z;0.144
2006-05-26T00:00:00.000Z;0.137
2006-05-27T00:00:00.000Z;0.131
2006-05-28T00:00:00.000Z;0.121
2006-05-29T00:00:00.000Z;0.119
2006-05-30T00:00:00.000Z;0.123
2006-05-31T00:00:00.000Z;0.131
2006-06-01T00:00:00.000Z;0.117
2006-06-02T00:00:00.000Z;0.112
2006-06-03T00:00:00.000Z;0.108
2006-06-04T00:00:00.000Z;0.106
2006-06-05T00:00:00.000Z;0.109
2006-06-06T00:00:00.000Z;0.106
2006-06-07T00:00:00.000Z;0.0990
2006-06-08T00:00:00.000Z;0.0950
2006-06-09T00:00:00.000Z;0.0970
2006-06-10T00:00:00.000Z;0.103
2006-06-11T00:00:00.000Z;0.109
2006-06-12T00:00:00.000Z;0.106
2006-06-13T00:00:00.000Z;0.101
2006-06-14T00:00:00.000Z;0.0940
2006-06-15T00:00:00.000Z;0.0950
2006-06-16T00:00:00.000Z;0.0950
2006-06-17T00:00:00.000Z;0.0850
2006-06-18T00:00:00.000Z;0.0840
2006-06-19T00:00:00.000Z;0.0830
2006-06-20T00:00:00.000Z;0.0810
2006-06-21T00:00:00.000Z;0.0770
2006-06-22T00:00:00.000Z;0.0730
2006-06-23T00:00:00.000Z;0.0730
2006-06-24T00:00:00.000Z;0.0730
2006-06-25T00:00:00.000Z;0.0740
2006-06-26T00:00:00.000Z;0.0730
2006-06-27T00:00:00.000Z;0.0720
2006-06-28T00:00:00.000Z;0.0840
2006-06-29T00:00:00.000Z;0.0900
2006-06-30T00:00:00.000Z;0.0780
2006-07-01T00:00:00.000Z;0.0720
2006-07-02T00:00:00.000Z;0.0690
2006-07-03T00:00:00.000Z;0.0670
2006-07-04T00:00:00.000Z;0.0660
2006-07-05T00:00:00.000Z;0.0680
2006-07-06T00:00:00.000Z;0.105
2006-07-07T00:00:00.000Z;0.104
2006-07-08T00:00:00.000Z;0.0830
2006-07-09T00:00:00.000Z;0.0730
2006-07-10T00:00:00.000Z;0.0690
2006-07-11T00:00:00.000Z;0.0670
2006-07-12T00:00:00.000Z;0.0650
2006-07-13T00:00:00.000Z;0.0640
2006-07-14T00:00:00.000Z;0.0630
2006-07-15T00:00:00.000Z;0.0620
2006-07-16T00:00:00.000Z;0.0600
2006-07-17T00:00:00.000Z;0.0580
2006-07-18T00:00:00.000Z;0.0570
2006-07-19T00:00:00.000Z;0.0570
2006-07-20T00:00:00.000Z;0.0560
2006-07-21T00:00:00.000Z;0.0540
2006-07-22T00:00:00.000Z;0.0520
2006-07-23T00:00:00.000Z;0.0510
2006-07-24T00:00:00.000Z;0.0500
2006-07-25T00:00:00.000Z;0.0500
2006-07-26T00:00:00.000Z;0.0500
2006-07-27T00:00:00.000Z;0.0500
2006-07-28T00:00:00.000Z;0.0500
2006-07-29T00:00:00.000Z;0.0500
2006-07-30T00:00:00.000Z;0.0500
2006-07-31T00:00:00.000Z;0.0480
2006-08-01T00:00:00.000Z;0.0480
2006-08-02T00:00:00.000Z;0.0470
2006-08-03T00:00:00.000Z;0.116
2006-08-04T00:00:00.000Z;0.163
2006-08-05T00:00:00.000Z;0.0800
2006-08-06T00:00:00.000Z;0.0620
2006-08-07T00:00:00.000Z;0.0560
2006-08-08T00:00:00.000Z;0.0540
2006-08-09T00:00:00.000Z;0.0520
2006-08-10T00:00:00.000Z;0.0500
2006-08-11T00:00:00.000Z;0.0490
2006-08-12T00:00:00.000Z;0.0480
2006-08-13T00:00:00.000Z;0.0480
2006-08-14T00:00:00.000Z;0.0480
2006-08-15T00:00:00.000Z;0.0490
2006-08-16T00:00:00.000Z;0.0490
2006-08-17T00:00:00.000Z;0.0480
2006-08-18T00:00:00.000Z;0.0480
2006-08-19T00:00:00.000Z;0.0450
2006-08-20T00:00:00.000Z;0.0440
2006-08-21T00:00:00.000Z;0.0440
2006-08-22T00:00:00.000Z;0.0440
2006-08-23T00:00:00.000Z;0.0440
2006-08-24T00:00:00.000Z;0.0440
2006-08-25T00:00:00.000Z;0.0560
2006-08-26T00:00:00.000Z;0.0940
2006-08-27T00:00:00.000Z;0.0600
2006-08-28T00:00:00.000Z;0.0500
2006-08-29T00:00:00.000Z;0.0480
2006-08-30T00:00:00.000Z;0.0640
2006-08-31T00:00:00.000Z;0.0780
2006-09-01T00:00:00.000Z;0.0580
2006-09-02T00:00:00.000Z;0.0520
2006-09-03T00:00:00.000Z;0.0490
2006-09-04T00:00:00.000Z;0.0480
2006-09-05T00:00:00.000Z;0.0470
2006-09-06T00:00:00.000Z;0.0460
2006-09-07T00:00:00.000Z;0.0420
2006-09-08T00:00:00.000Z;0.0410
2006-09-09T00:00:00.000Z;0.0410
2006-09-10T00:00:00.000Z;0.0410
2006-09-11T00:00:00.000Z;0.0400
2006-09-12T00:00:00.000Z;0.0390
2006-09-13T00:00:00.000Z;0.0390
2006-09-14T00:00:00.000Z;0.0470
2006-09-15T00:00:00.000Z;0.0520
2006-09-16T00:00:00.000Z;0.104
2006-09-17T00:00:00.000Z;0.460
2006-09-18T00:00:00.000Z;0.184
2006-09-19T00:00:00.000Z;0.123
2006-09-20T00:00:00.000Z;0.100
2006-09-21T00:00:00.000Z;0.0870
2006-09-22T00:00:00.000Z;0.0820
2006-09-23T00:00:00.000Z;0.0780
2006-09-24T00:00:00.000Z;0.0760
2006-09-25T00:00:00.000Z;0.0810
2006-09-26T00:00:00.000Z;0.0920
2006-09-27T00:00:00.000Z;0.0850
2006-09-28T00:00:00.000Z;0.0800
2006-09-29T00:00:00.000Z;0.0750
2006-09-30T00:00:00.000Z;0.0700
2006-10-01T00:00:00.000Z;0.0670
2006-10-02T00:00:00.000Z;0.0650
2006-10-03T00:00:00.000Z;0.0640
2006-10-04T00:00:00.000Z;0.0640
2006-10-05T00:00:00.000Z;0.0620
2006-10-06T00:00:00.000Z;0.0590
2006-10-07T00:00:00.000Z;0.0550
2006-10-08T00:00:00.000Z;0.0630
2006-10-09T00:00:00.000Z;0.0610
2006-10-10T00:00:00.000Z;0.0530
2006-10-11T00:00:00.000Z;0.0530
2006-10-12T00:00:00.000Z;0.571
2006-10-13T00:00:00.000Z;0.564
2006-10-14T00:00:00.000Z;0.197
2006-10-15T00:00:00.000Z;0.141
2006-10-16T00:00:00.000Z;0.114
2006-10-17T00:00:00.000Z;0.101
2006-10-18T00:00:00.000Z;0.0930
2006-10-19T00:00:00.000Z;0.0860
2006-10-20T00:00:00.000Z;0.0810
2006-10-21T00:00:00.000Z;0.0760
2006-10-22T00:00:00.000Z;0.0730
2006-10-23T00:00:00.000Z;0.0710
2006-10-24T00:00:00.000Z;0.0670
2006-10-25T00:00:00.000Z;0.0660
2006-10-26T00:00:00.000Z;0.0630
2006-10-27T00:00:00.000Z;0.0600
2006-10-28T00:00:00.000Z;0.0570
2006-10-29T00:00:00.000Z;0.0550
2006-10-30T00:00:00.000Z;0.0550
2006-10-31T00:00:00.000Z;0.0550
2006-11-01T00:00:00.000Z;0.0530
2006-11-02T00:00:00.000Z;0.0520
2006-11-03T00:00:00.000Z;0.0510
2006-11-04T00:00:00.000Z;0.0490
2006-11-05T00:00:00.000Z;0.0480
2006-11-06T00:00:00.000Z;0.0470
2006-11-07T00:00:00.000Z;0.0460
2006-11-08T00:00:00.000Z;0.0460
2006-11-09T00:00:00.000Z;0.0460
2006-11-10T00:00:00.000Z;0.0460
2006-11-11T00:00:00.000Z;0.0470
2006-11-12T00:00:00.000Z;0.0580
2006-11-13T00:00:00.000Z;0.106
2006-11-14T00:00:00.000Z;0.0840
2006-11-15T00:00:00.000Z;0.0620
2006-11-16T00:00:00.000Z;0.0590
2006-11-17T00:00:00.000Z;0.0570
2006-11-18T00:00:00.000Z;0.0570
2006-11-19T00:00:00.000Z;0.0560
2006-11-20T00:00:00.000Z;0.0570
2006-11-21T00:00:00.000Z;0.0730
2006-11-22T00:00:00.000Z;Jan.36
2006-11-23T00:00:00.000Z;1.Oct
2006-11-24T00:00:00.000Z;0.448
2006-11-25T00:00:00.000Z;0.243
2006-11-26T00:00:00.000Z;0.190
2006-11-27T00:00:00.000Z;0.165
2006-11-28T00:00:00.000Z;0.140
2006-11-29T00:00:00.000Z;0.123
2006-11-30T00:00:00.000Z;0.117
2006-12-01T00:00:00.000Z;0.111
2006-12-02T00:00:00.000Z;0.107
2006-12-03T00:00:00.000Z;0.105
2006-12-04T00:00:00.000Z;0.101
2006-12-05T00:00:00.000Z;0.0980
2006-12-06T00:00:00.000Z;0.137
2006-12-07T00:00:00.000Z;0.334
2006-12-08T00:00:00.000Z;0.361
2006-12-09T00:00:00.000Z;0.676
2006-12-10T00:00:00.000Z;0.472
2006-12-11T00:00:00.000Z;0.438
2006-12-12T00:00:00.000Z;0.309
2006-12-13T00:00:00.000Z;0.244
2006-12-14T00:00:00.000Z;0.213
2006-12-15T00:00:00.000Z;0.186
2006-12-16T00:00:00.000Z;0.165
2006-12-17T00:00:00.000Z;0.150
2006-12-18T00:00:00.000Z;0.148
2006-12-19T00:00:00.000Z;0.148
2006-12-20T00:00:00.000Z;0.141
2006-12-21T00:00:00.000Z;0.127
2006-12-22T00:00:00.000Z;0.120
2006-12-23T00:00:00.000Z;0.118
2006-12-24T00:00:00.000Z;0.113
2006-12-25T00:00:00.000Z;0.111
2006-12-26T00:00:00.000Z;0.107
2006-12-27T00:00:00.000Z;0.105
2006-12-28T00:00:00.000Z;0.100
2006-12-29T00:00:00.000Z;0.0970
2006-12-30T00:00:00.000Z;0.0940
2006-12-31T00:00:00.000Z;0.0910
2007-01-01T00:00:00.000Z;0.0910
2007-01-02T00:00:00.000Z;0.0910
2007-01-03T00:00:00.000Z;0.0870
2007-01-04T00:00:00.000Z;0.219
2007-01-05T00:00:00.000Z;0.503
2007-01-06T00:00:00.000Z;0.555
2007-01-07T00:00:00.000Z;0.493
2007-01-08T00:00:00.000Z;0.451
2007-01-09T00:00:00.000Z;0.417
2007-01-10T00:00:00.000Z;0.420
2007-01-11T00:00:00.000Z;0.373
2007-01-12T00:00:00.000Z;0.354
2007-01-13T00:00:00.000Z;0.354
2007-01-14T00:00:00.000Z;0.330
2007-01-15T00:00:00.000Z;0.322
2007-01-16T00:00:00.000Z;0.310
2007-01-17T00:00:00.000Z;0.279
2007-01-18T00:00:00.000Z;0.258
2007-01-19T00:00:00.000Z;0.232
2007-01-20T00:00:00.000Z;0.229
2007-01-21T00:00:00.000Z;0.229
2007-01-22T00:00:00.000Z;0.240
2007-01-23T00:00:00.000Z;0.240
2007-01-24T00:00:00.000Z;0.229
2007-01-25T00:00:00.000Z;0.219
2007-01-26T00:00:00.000Z;0.192
2007-01-27T00:00:00.000Z;0.163
2007-01-28T00:00:00.000Z;0.152
2007-01-29T00:00:00.000Z;0.176
2007-01-30T00:00:00.000Z;0.252
2007-01-31T00:00:00.000Z;0.308
2007-02-01T00:00:00.000Z;0.350
2007-02-02T00:00:00.000Z;0.631
2007-02-03T00:00:00.000Z;0.668
2007-02-04T00:00:00.000Z;0.641
2007-02-05T00:00:00.000Z;0.608
2007-02-06T00:00:00.000Z;0.718
2007-02-07T00:00:00.000Z;0.913
2007-02-08T00:00:00.000Z;Jan.39
2007-02-09T00:00:00.000Z;Feb.22
2007-02-10T00:00:00.000Z;Mar.13
2007-02-11T00:00:00.000Z;Feb.75
2007-02-12T00:00:00.000Z;4.Aug
2007-02-13T00:00:00.000Z;Mar.14
2007-02-14T00:00:00.000Z;Jan.68
2007-02-15T00:00:00.000Z;Jan.61
2007-02-16T00:00:00.000Z;Jan.39
2007-02-17T00:00:00.000Z;Jan.16
2007-02-18T00:00:00.000Z;Jan.38
2007-02-19T00:00:00.000Z;Feb.88
2007-02-20T00:00:00.000Z;Jan.67
2007-02-21T00:00:00.000Z;Jan.25
2007-02-22T00:00:00.000Z;1.Oct
2007-02-23T00:00:00.000Z;0.978
2007-02-24T00:00:00.000Z;0.887
2007-02-25T00:00:00.000Z;Feb.29
2007-02-26T00:00:00.000Z;May.47
2007-02-27T00:00:00.000Z;Mar.55
2007-02-28T00:00:00.000Z;Feb.14
2007-03-01T00:00:00.000Z;Jan.49
2007-03-02T00:00:00.000Z;Jan.22
2007-03-03T00:00:00.000Z;1.May
2007-03-04T00:00:00.000Z;0.939
2007-03-05T00:00:00.000Z;Jan.57
2007-03-06T00:00:00.000Z;Jan.44
2007-03-07T00:00:00.000Z;Jan.38
2007-03-09T00:00:00.000Z;Apr.42
2007-03-10T00:00:00.000Z;Feb.85
2007-03-11T00:00:00.000Z;Jan.92
2007-03-12T00:00:00.000Z;Jan.44
2007-03-13T00:00:00.000Z;Jan.19
2007-03-14T00:00:00.000Z;1.Mar
2007-03-15T00:00:00.000Z;0.933
2007-03-16T00:00:00.000Z;0.851
2007-03-17T00:00:00.000Z;0.780
2007-03-18T00:00:00.000Z;0.743
2007-03-19T00:00:00.000Z;Jan.37
2007-03-20T00:00:00.000Z;Jan.85
2007-03-21T00:00:00.000Z;Jan.56
2007-03-22T00:00:00.000Z;Jan.50
2007-03-25T00:00:00.000Z;Mar.26
2007-03-26T00:00:00.000Z;Apr.43
2007-03-27T00:00:00.000Z;May.83
2007-03-29T00:00:00.000Z;Apr.71
2007-03-30T00:00:00.000Z;Jun.47
2007-03-31T00:00:00.000Z;Mar.74
2007-04-01T00:00:00.000Z;Apr.24
2007-04-02T00:00:00.000Z;May.35
2007-04-03T00:00:00.000Z;May.56
2007-04-04T00:00:00.000Z;Apr.57
2007-04-05T00:00:00.000Z;Mar.23
2007-04-06T00:00:00.000Z;Feb.61
2007-04-07T00:00:00.000Z;Feb.56
2007-04-08T00:00:00.000Z;Jan.98
2007-04-09T00:00:00.000Z;Jan.71
2007-04-10T00:00:00.000Z;Feb.36
2007-04-11T00:00:00.000Z;Jan.60
2007-04-12T00:00:00.000Z;Jan.32
2007-04-13T00:00:00.000Z;Jan.27
2007-04-15T00:00:00.000Z;Mar.75
2007-04-17T00:00:00.000Z;May.89
2007-04-18T00:00:00.000Z;Feb.57
2007-04-19T00:00:00.000Z;Jan.73
2007-04-20T00:00:00.000Z;Jan.43
2007-04-21T00:00:00.000Z;Jan.24
2007-04-22T00:00:00.000Z;1.Sep
2007-04-23T00:00:00.000Z;Jan.32
2007-04-24T00:00:00.000Z;1.Nov
2007-04-25T00:00:00.000Z;0.986
2007-04-26T00:00:00.000Z;0.900
2007-04-27T00:00:00.000Z;0.825
2007-04-28T00:00:00.000Z;0.801
2007-04-29T00:00:00.000Z;0.792
2007-04-30T00:00:00.000Z;Feb.36
2007-05-03T00:00:00.000Z;Apr.34
2007-05-04T00:00:00.000Z;5.Jun
2007-05-05T00:00:00.000Z;5.Jan
2007-05-06T00:00:00.000Z;Apr.26
2007-05-07T00:00:00.000Z;Feb.62
2007-05-08T00:00:00.000Z;Jan.62
2007-05-09T00:00:00.000Z;Jan.30
2007-05-10T00:00:00.000Z;Jan.13
2007-05-11T00:00:00.000Z;0.995
2007-05-12T00:00:00.000Z;0.853
2007-05-13T00:00:00.000Z;0.692
2007-05-14T00:00:00.000Z;Feb.15
2007-05-15T00:00:00.000Z;Jan.73
2007-05-16T00:00:00.000Z;Jan.24
2007-05-17T00:00:00.000Z;Jan.30
2007-05-18T00:00:00.000Z;Jan.76
2007-05-19T00:00:00.000Z;Jan.40
2007-05-20T00:00:00.000Z;Jan.72
2007-05-21T00:00:00.000Z;Jan.27
2007-05-22T00:00:00.000Z;1.Nov
2007-05-23T00:00:00.000Z;0.995
2007-05-24T00:00:00.000Z;0.891
2007-05-25T00:00:00.000Z;Jan.15
2007-05-26T00:00:00.000Z;Jun.26
2007-05-27T00:00:00.000Z;Apr.36
2007-05-28T00:00:00.000Z;May.53
2007-05-29T00:00:00.000Z;Mar.87
2007-05-30T00:00:00.000Z;2.Oct
2007-05-31T00:00:00.000Z;Mar.20
2007-06-01T00:00:00.000Z;Apr.68
2007-06-02T00:00:00.000Z;Feb.42
2007-06-03T00:00:00.000Z;Jan.68
2007-06-05T00:00:00.000Z;Apr.69
2007-06-06T00:00:00.000Z;Feb.29
2007-06-07T00:00:00.000Z;Jan.62
2007-06-08T00:00:00.000Z;Jan.30
2007-06-09T00:00:00.000Z;1.Jul
2007-06-10T00:00:00.000Z;0.943
2007-06-11T00:00:00.000Z;0.846
2007-06-12T00:00:00.000Z;0.788
2007-06-13T00:00:00.000Z;0.740
2007-06-14T00:00:00.000Z;0.686
2007-06-15T00:00:00.000Z;0.620
2007-06-16T00:00:00.000Z;0.554
2007-06-17T00:00:00.000Z;0.503
2007-06-18T00:00:00.000Z;0.458
2007-06-19T00:00:00.000Z;0.413
2007-06-20T00:00:00.000Z;0.369
2007-06-21T00:00:00.000Z;0.533
2007-06-22T00:00:00.000Z;0.424
2007-06-23T00:00:00.000Z;0.351
2007-06-24T00:00:00.000Z;0.316
2007-06-25T00:00:00.000Z;0.281
2007-06-26T00:00:00.000Z;0.439
2007-06-27T00:00:00.000Z;0.357
2007-06-28T00:00:00.000Z;0.298
2007-06-29T00:00:00.000Z;0.263
2007-06-30T00:00:00.000Z;0.234
2007-07-01T00:00:00.000Z;0.230
2007-07-02T00:00:00.000Z;0.230
2007-07-03T00:00:00.000Z;0.230
2007-07-04T00:00:00.000Z;0.230
2007-07-05T00:00:00.000Z;0.284
2007-07-06T00:00:00.000Z;0.242
2007-07-07T00:00:00.000Z;0.222
2007-07-08T00:00:00.000Z;0.205
2007-07-09T00:00:00.000Z;Jan.13
2007-07-10T00:00:00.000Z;0.849
2007-07-11T00:00:00.000Z;0.621
2007-07-12T00:00:00.000Z;0.556
2007-07-13T00:00:00.000Z;0.402
2007-07-14T00:00:00.000Z;0.303
2007-07-15T00:00:00.000Z;0.251
2007-07-16T00:00:00.000Z;0.218
2007-07-17T00:00:00.000Z;0.193
2007-07-18T00:00:00.000Z;0.174
2007-07-19T00:00:00.000Z;0.171
2007-07-20T00:00:00.000Z;0.164
2007-07-21T00:00:00.000Z;0.189
2007-07-22T00:00:00.000Z;0.399
2007-07-23T00:00:00.000Z;0.309
2007-07-24T00:00:00.000Z;0.211
2007-07-25T00:00:00.000Z;0.176
2007-07-26T00:00:00.000Z;0.165
2007-07-27T00:00:00.000Z;0.151
2007-07-28T00:00:00.000Z;0.142
2007-07-29T00:00:00.000Z;0.130
2007-07-30T00:00:00.000Z;0.120
2007-07-31T00:00:00.000Z;0.117
2007-08-01T00:00:00.000Z;0.113
2007-08-02T00:00:00.000Z;0.106
2007-08-03T00:00:00.000Z;0.105
2007-08-04T00:00:00.000Z;0.101
2007-08-05T00:00:00.000Z;0.0760
2007-08-08T00:00:00.000Z;Jan.44
2007-08-09T00:00:00.000Z;0.730
2007-08-10T00:00:00.000Z;0.294
2007-08-11T00:00:00.000Z;0.169
2007-08-12T00:00:00.000Z;0.436
2007-08-13T00:00:00.000Z;Mar.17
2007-08-14T00:00:00.000Z;1.Apr
2007-08-15T00:00:00.000Z;0.592
2007-08-16T00:00:00.000Z;0.753
2007-08-17T00:00:00.000Z;Feb.43
2007-08-18T00:00:00.000Z;1.Nov
2007-08-19T00:00:00.000Z;0.687
2007-08-20T00:00:00.000Z;Jan.13
2007-08-21T00:00:00.000Z;Apr.45
2007-08-22T00:00:00.000Z;Feb.14
2007-08-23T00:00:00.000Z;3.Jan
2007-08-24T00:00:00.000Z;Mar.27
2007-08-25T00:00:00.000Z;Jan.49
2007-08-26T00:00:00.000Z;1.00
2007-08-27T00:00:00.000Z;0.742
2007-08-28T00:00:00.000Z;0.565
2007-08-29T00:00:00.000Z;0.423
2007-08-30T00:00:00.000Z;0.314
2007-08-31T00:00:00.000Z;0.237
2007-09-01T00:00:00.000Z;0.201
2007-09-02T00:00:00.000Z;0.181
2007-09-03T00:00:00.000Z;0.157
2007-09-04T00:00:00.000Z;0.139
2007-09-05T00:00:00.000Z;0.120
2007-09-06T00:00:00.000Z;0.110
2007-09-07T00:00:00.000Z;0.100
2007-09-08T00:00:00.000Z;0.0950
2007-09-09T00:00:00.000Z;0.0890
2007-09-10T00:00:00.000Z;0.0810
2007-09-11T00:00:00.000Z;0.0740
2007-09-12T00:00:00.000Z;0.0680
2007-09-13T00:00:00.000Z;0.0650
2007-09-14T00:00:00.000Z;0.0590
2007-09-15T00:00:00.000Z;0.0530
2007-09-16T00:00:00.000Z;0.0480
2007-09-17T00:00:00.000Z;0.0440
2007-09-18T00:00:00.000Z;0.0390
2007-09-19T00:00:00.000Z;0.0500
2007-09-20T00:00:00.000Z;0.0730
2007-09-21T00:00:00.000Z;0.0610
2007-09-22T00:00:00.000Z;0.0500
2007-09-23T00:00:00.000Z;0.0400
2007-09-24T00:00:00.000Z;0.0350
2007-09-25T00:00:00.000Z;0.316
2007-09-26T00:00:00.000Z;0.325
2007-09-27T00:00:00.000Z;1.00
2007-09-28T00:00:00.000Z;0.720
2007-09-29T00:00:00.000Z;0.303
2007-09-30T00:00:00.000Z;0.158
2007-10-01T00:00:00.000Z;0.105
2007-10-02T00:00:00.000Z;0.0810
2007-10-03T00:00:00.000Z;0.0700
2007-10-04T00:00:00.000Z;0.0620
2007-10-07T00:00:00.000Z;Feb.23
2007-10-09T00:00:00.000Z;Feb.98
2007-10-10T00:00:00.000Z;Mar.69
2007-10-11T00:00:00.000Z;Apr.84
2007-10-12T00:00:00.000Z;Jan.85
2007-10-13T00:00:00.000Z;Jan.23
2007-10-14T00:00:00.000Z;0.960
2007-10-15T00:00:00.000Z;0.767
2007-10-16T00:00:00.000Z;0.633
2007-10-17T00:00:00.000Z;0.519
2007-10-18T00:00:00.000Z;0.412
2007-10-19T00:00:00.000Z;0.380
2007-10-20T00:00:00.000Z;0.324
2007-10-21T00:00:00.000Z;0.279
2007-10-22T00:00:00.000Z;0.251
2007-10-23T00:00:00.000Z;0.223
2007-10-24T00:00:00.000Z;0.204
2007-10-25T00:00:00.000Z;0.181
2007-10-26T00:00:00.000Z;0.165
2007-10-27T00:00:00.000Z;0.141
2007-10-28T00:00:00.000Z;0.128
2007-10-29T00:00:00.000Z;0.131
2007-10-30T00:00:00.000Z;0.198
2007-10-31T00:00:00.000Z;0.866
2007-11-01T00:00:00.000Z;0.635
2007-11-02T00:00:00.000Z;0.387
2007-11-03T00:00:00.000Z;0.288
2007-11-04T00:00:00.000Z;0.237
2007-11-05T00:00:00.000Z;0.194
2007-11-06T00:00:00.000Z;0.161
2007-11-07T00:00:00.000Z;0.140
2007-11-08T00:00:00.000Z;0.129
2007-11-09T00:00:00.000Z;0.0990
2007-11-10T00:00:00.000Z;0.0980
2007-11-11T00:00:00.000Z;0.0970
2007-11-12T00:00:00.000Z;0.0960
2007-11-13T00:00:00.000Z;0.0940
2007-11-14T00:00:00.000Z;0.122
2007-11-15T00:00:00.000Z;0.235
2007-11-16T00:00:00.000Z;0.193
2007-11-17T00:00:00.000Z;0.162
2007-11-18T00:00:00.000Z;0.150
2007-11-19T00:00:00.000Z;0.144
2007-11-20T00:00:00.000Z;0.138
2007-11-21T00:00:00.000Z;0.131
2007-11-22T00:00:00.000Z;0.122
2007-11-23T00:00:00.000Z;0.131
2007-11-24T00:00:00.000Z;0.167
2007-11-25T00:00:00.000Z;0.161
2007-11-26T00:00:00.000Z;0.155
2007-11-27T00:00:00.000Z;0.150
2007-11-28T00:00:00.000Z;0.146
2007-11-29T00:00:00.000Z;0.141
2007-11-30T00:00:00.000Z;0.134
2007-12-01T00:00:00.000Z;0.128
2007-12-02T00:00:00.000Z;0.130
2007-12-03T00:00:00.000Z;0.138
2007-12-04T00:00:00.000Z;0.254
2007-12-05T00:00:00.000Z;0.407
2007-12-06T00:00:00.000Z;0.278
2007-12-07T00:00:00.000Z;0.287
2007-12-08T00:00:00.000Z;Jan.37
2007-12-09T00:00:00.000Z;Jan.92
2007-12-10T00:00:00.000Z;Feb.25
2007-12-11T00:00:00.000Z;Jan.89
2007-12-12T00:00:00.000Z;0.949
2007-12-13T00:00:00.000Z;0.621
2007-12-14T00:00:00.000Z;0.502
2007-12-15T00:00:00.000Z;0.400
2007-12-16T00:00:00.000Z;0.332
2007-12-17T00:00:00.000Z;0.294
2007-12-18T00:00:00.000Z;0.273
2007-12-19T00:00:00.000Z;0.247
2007-12-20T00:00:00.000Z;0.229
2007-12-21T00:00:00.000Z;0.219
2007-12-22T00:00:00.000Z;0.211
2007-12-23T00:00:00.000Z;0.202
2007-12-24T00:00:00.000Z;0.194
2007-12-25T00:00:00.000Z;0.188
2007-12-26T00:00:00.000Z;0.183
2007-12-27T00:00:00.000Z;0.174
2007-12-28T00:00:00.000Z;0.171
2007-12-29T00:00:00.000Z;0.167
2007-12-30T00:00:00.000Z;0.229
2007-12-31T00:00:00.000Z;0.408
2008-01-01T00:00:00.000Z;0.293
2008-01-02T00:00:00.000Z;0.268
2008-01-03T00:00:00.000Z;0.250
2008-01-04T00:00:00.000Z;0.233
2008-01-05T00:00:00.000Z;0.217
2008-01-06T00:00:00.000Z;0.215
2008-01-07T00:00:00.000Z;0.213
2008-01-08T00:00:00.000Z;0.212
2008-01-09T00:00:00.000Z;0.210
2008-01-10T00:00:00.000Z;0.203
2008-01-11T00:00:00.000Z;0.203
2008-01-12T00:00:00.000Z;0.280
2008-01-13T00:00:00.000Z;0.379
2008-01-14T00:00:00.000Z;0.410
2008-01-15T00:00:00.000Z;0.349
2008-01-16T00:00:00.000Z;0.381
2008-01-17T00:00:00.000Z;Jan.39
2008-01-18T00:00:00.000Z;Mar.29
2008-01-19T00:00:00.000Z;Feb.29
2008-01-20T00:00:00.000Z;Jan.23
2008-01-21T00:00:00.000Z;0.676
2008-01-22T00:00:00.000Z;0.510
2008-01-23T00:00:00.000Z;0.400
2008-01-24T00:00:00.000Z;0.346
2008-01-25T00:00:00.000Z;0.306
2008-01-26T00:00:00.000Z;0.293
2008-01-27T00:00:00.000Z;0.275
2008-01-28T00:00:00.000Z;0.259
2008-01-29T00:00:00.000Z;0.250
2008-01-30T00:00:00.000Z;0.239
2008-01-31T00:00:00.000Z;0.228
2008-02-01T00:00:00.000Z;0.221
2008-02-02T00:00:00.000Z;0.217
2008-02-03T00:00:00.000Z;0.210
2008-02-04T00:00:00.000Z;0.208
2008-02-05T00:00:00.000Z;0.205
2008-02-06T00:00:00.000Z;0.199
2008-02-07T00:00:00.000Z;0.194
2008-02-08T00:00:00.000Z;0.192
2008-02-09T00:00:00.000Z;0.189
2008-02-10T00:00:00.000Z;0.185
2008-02-11T00:00:00.000Z;0.181
2008-02-12T00:00:00.000Z;0.177
2008-02-13T00:00:00.000Z;0.173
2008-02-14T00:00:00.000Z;0.170
2008-02-15T00:00:00.000Z;0.166
2008-02-16T00:00:00.000Z;0.162
2008-02-17T00:00:00.000Z;0.158
2008-02-18T00:00:00.000Z;0.156
2008-02-19T00:00:00.000Z;0.155
2008-02-20T00:00:00.000Z;0.154
2008-02-21T00:00:00.000Z;0.149
2008-02-22T00:00:00.000Z;0.145
2008-02-23T00:00:00.000Z;0.143
2008-02-24T00:00:00.000Z;0.143
2008-02-25T00:00:00.000Z;0.142
2008-02-26T00:00:00.000Z;0.138
2008-02-27T00:00:00.000Z;0.138
2008-02-28T00:00:00.000Z;0.135
2008-02-29T00:00:00.000Z;0.132
2008-03-01T00:00:00.000Z;0.131
2008-03-02T00:00:00.000Z;0.128
2008-03-03T00:00:00.000Z;0.128
2008-03-04T00:00:00.000Z;0.123
2008-03-05T00:00:00.000Z;0.119
2008-03-06T00:00:00.000Z;0.116
2008-03-07T00:00:00.000Z;0.116
2008-03-08T00:00:00.000Z;0.120
2008-03-09T00:00:00.000Z;0.186
2008-03-10T00:00:00.000Z;0.327
2008-03-11T00:00:00.000Z;0.436
2008-03-12T00:00:00.000Z;0.639
2008-03-13T00:00:00.000Z;0.333
2008-03-14T00:00:00.000Z;0.268
2008-03-15T00:00:00.000Z;0.243
2008-03-16T00:00:00.000Z;0.223
2008-03-17T00:00:00.000Z;0.206
2008-03-18T00:00:00.000Z;0.198
2008-03-19T00:00:00.000Z;0.202
2008-03-20T00:00:00.000Z;0.208
2008-03-21T00:00:00.000Z;0.203
2008-03-22T00:00:00.000Z;0.432
2008-03-23T00:00:00.000Z;0.697
2008-03-24T00:00:00.000Z;0.552
2008-03-25T00:00:00.000Z;Feb.36
2008-03-26T00:00:00.000Z;Feb.39
2008-03-27T00:00:00.000Z;Feb.74
2008-03-28T00:00:00.000Z;Mar.93
2008-03-29T00:00:00.000Z;Feb.75
2008-03-30T00:00:00.000Z;2.Dec
2008-03-31T00:00:00.000Z;Jan.75
2008-04-01T00:00:00.000Z;Jan.79
2008-04-02T00:00:00.000Z;Jan.35
2008-04-03T00:00:00.000Z;0.906
2008-04-04T00:00:00.000Z;0.646
2008-04-05T00:00:00.000Z;0.542
2008-04-06T00:00:00.000Z;0.486
2008-04-07T00:00:00.000Z;0.413
2008-04-08T00:00:00.000Z;0.372
2008-04-09T00:00:00.000Z;0.341
2008-04-10T00:00:00.000Z;0.312
2008-04-11T00:00:00.000Z;0.471
2008-04-12T00:00:00.000Z;0.569
2008-04-13T00:00:00.000Z;0.481
2008-04-14T00:00:00.000Z;0.665
2008-04-15T00:00:00.000Z;0.826
2008-04-16T00:00:00.000Z;0.615
2008-04-17T00:00:00.000Z;0.545
2008-04-18T00:00:00.000Z;0.697
2008-04-19T00:00:00.000Z;0.574
2008-04-20T00:00:00.000Z;0.503
2008-04-21T00:00:00.000Z;0.474
2008-04-22T00:00:00.000Z;0.586
2008-04-23T00:00:00.000Z;0.575
2008-04-24T00:00:00.000Z;0.523
2008-04-25T00:00:00.000Z;0.460
2008-04-26T00:00:00.000Z;0.395
2008-04-27T00:00:00.000Z;0.357
2008-04-28T00:00:00.000Z;0.340
2008-04-29T00:00:00.000Z;0.358
2008-04-30T00:00:00.000Z;0.342
2008-05-01T00:00:00.000Z;0.325
2008-05-02T00:00:00.000Z;0.293
2008-05-03T00:00:00.000Z;0.272
2008-05-04T00:00:00.000Z;0.259
2008-05-05T00:00:00.000Z;0.246
2008-05-06T00:00:00.000Z;0.237
2008-05-07T00:00:00.000Z;0.229
2008-05-08T00:00:00.000Z;0.222
2008-05-09T00:00:00.000Z;0.215
2008-05-10T00:00:00.000Z;0.210
2008-05-11T00:00:00.000Z;0.202
2008-05-12T00:00:00.000Z;0.196
2008-05-13T00:00:00.000Z;0.192
2008-05-14T00:00:00.000Z;0.187
2008-05-15T00:00:00.000Z;0.184
2008-05-16T00:00:00.000Z;0.181
2008-05-17T00:00:00.000Z;0.178
2008-05-18T00:00:00.000Z;0.186
2008-05-19T00:00:00.000Z;0.293
2008-05-20T00:00:00.000Z;0.461
2008-05-21T00:00:00.000Z;0.309
2008-05-22T00:00:00.000Z;0.256
2008-05-23T00:00:00.000Z;0.238
2008-05-24T00:00:00.000Z;0.226
2008-05-25T00:00:00.000Z;0.218
2008-05-26T00:00:00.000Z;0.211
2008-05-27T00:00:00.000Z;0.213
2008-05-28T00:00:00.000Z;0.365
2008-05-29T00:00:00.000Z;0.311
2008-05-30T00:00:00.000Z;0.301
2008-05-31T00:00:00.000Z;0.339
2008-06-01T00:00:00.000Z;0.351
2008-06-02T00:00:00.000Z;Jan.39
2008-06-03T00:00:00.000Z;1.00
2008-06-04T00:00:00.000Z;1.Apr
2008-06-05T00:00:00.000Z;0.713
2008-06-06T00:00:00.000Z;0.963
2008-06-07T00:00:00.000Z;1.Jun
2008-06-08T00:00:00.000Z;0.649
2008-06-09T00:00:00.000Z;0.518
2008-06-10T00:00:00.000Z;1.Jul
2008-06-11T00:00:00.000Z;Jan.19
2008-06-12T00:00:00.000Z;Mar.23
2008-06-13T00:00:00.000Z;Jan.83
2008-06-14T00:00:00.000Z;Feb.54
2008-06-15T00:00:00.000Z;Jan.58
2008-06-16T00:00:00.000Z;0.906
2008-06-17T00:00:00.000Z;0.611
2008-06-18T00:00:00.000Z;0.509
2008-06-19T00:00:00.000Z;0.419
2008-06-20T00:00:00.000Z;0.362
2008-06-21T00:00:00.000Z;0.334
2008-06-22T00:00:00.000Z;0.307
2008-06-23T00:00:00.000Z;0.289
2008-06-24T00:00:00.000Z;0.274
2008-06-25T00:00:00.000Z;0.261
2008-06-26T00:00:00.000Z;0.251
2008-06-27T00:00:00.000Z;0.286
2008-06-28T00:00:00.000Z;0.260
2008-06-29T00:00:00.000Z;0.238
2008-06-30T00:00:00.000Z;0.224
2008-07-01T00:00:00.000Z;0.216
2008-07-02T00:00:00.000Z;0.211
2008-07-03T00:00:00.000Z;0.221
2008-07-04T00:00:00.000Z;0.231
2008-07-05T00:00:00.000Z;0.215
2008-07-06T00:00:00.000Z;0.208
2008-07-07T00:00:00.000Z;0.255
2008-07-08T00:00:00.000Z;0.225
2008-07-09T00:00:00.000Z;0.207
2008-07-10T00:00:00.000Z;0.194
2008-07-11T00:00:00.000Z;0.187
2008-07-12T00:00:00.000Z;0.271
2008-07-13T00:00:00.000Z;0.790
2008-07-14T00:00:00.000Z;0.397
2008-07-15T00:00:00.000Z;0.247
2008-07-16T00:00:00.000Z;0.224
2008-07-17T00:00:00.000Z;0.210
2008-07-18T00:00:00.000Z;0.200
2008-07-19T00:00:00.000Z;0.191
2008-07-20T00:00:00.000Z;0.184
2008-07-21T00:00:00.000Z;0.181
2008-07-22T00:00:00.000Z;0.179
2008-07-23T00:00:00.000Z;0.174
2008-07-24T00:00:00.000Z;0.168
2008-07-25T00:00:00.000Z;0.165
2008-07-26T00:00:00.000Z;0.173
2008-07-27T00:00:00.000Z;0.173
2008-07-28T00:00:00.000Z;0.163
2008-07-29T00:00:00.000Z;0.157
2008-07-30T00:00:00.000Z;0.151
2008-07-31T00:00:00.000Z;0.148
2008-08-01T00:00:00.000Z;0.145
2008-08-02T00:00:00.000Z;0.143
2008-08-03T00:00:00.000Z;0.140
2008-08-04T00:00:00.000Z;0.137
2008-08-05T00:00:00.000Z;0.136
2008-08-06T00:00:00.000Z;0.134
2008-08-07T00:00:00.000Z;0.131
2008-08-08T00:00:00.000Z;0.131
2008-08-09T00:00:00.000Z;0.129
2008-08-10T00:00:00.000Z;0.128
2008-08-11T00:00:00.000Z;0.124
2008-08-12T00:00:00.000Z;0.123
2008-08-13T00:00:00.000Z;0.138
2008-08-14T00:00:00.000Z;0.133
2008-08-15T00:00:00.000Z;0.142
2008-08-16T00:00:00.000Z;0.149
2008-08-17T00:00:00.000Z;0.131
2008-08-18T00:00:00.000Z;0.121
2008-08-19T00:00:00.000Z;0.118
2008-08-20T00:00:00.000Z;0.134
2008-08-21T00:00:00.000Z;0.135
2008-08-22T00:00:00.000Z;0.121
2008-08-23T00:00:00.000Z;0.136
2008-08-24T00:00:00.000Z;0.139
2008-08-25T00:00:00.000Z;0.123
2008-08-26T00:00:00.000Z;0.116
2008-08-27T00:00:00.000Z;0.114
2008-08-28T00:00:00.000Z;0.111
2008-08-29T00:00:00.000Z;0.109
2008-08-30T00:00:00.000Z;0.109
2008-08-31T00:00:00.000Z;0.107
2008-09-01T00:00:00.000Z;0.111
2008-09-02T00:00:00.000Z;0.109
2008-09-03T00:00:00.000Z;0.109
2008-09-04T00:00:00.000Z;0.107
2008-09-05T00:00:00.000Z;0.106
2008-09-06T00:00:00.000Z;0.106
2008-09-07T00:00:00.000Z;0.133
2008-09-08T00:00:00.000Z;0.120
2008-09-09T00:00:00.000Z;0.109
2008-09-10T00:00:00.000Z;0.105
2008-09-11T00:00:00.000Z;0.105
2008-09-12T00:00:00.000Z;0.124
2008-09-13T00:00:00.000Z;0.129
2008-09-14T00:00:00.000Z;0.123
2008-09-15T00:00:00.000Z;0.119
2008-09-16T00:00:00.000Z;0.112
2008-09-17T00:00:00.000Z;0.107
2008-09-18T00:00:00.000Z;0.104
2008-09-19T00:00:00.000Z;0.102
2008-09-20T00:00:00.000Z;0.102
2008-09-21T00:00:00.000Z;0.102
2008-09-22T00:00:00.000Z;0.102
2008-09-23T00:00:00.000Z;0.102
2008-09-24T00:00:00.000Z;0.102
2008-09-25T00:00:00.000Z;0.0900
2008-09-26T00:00:00.000Z;0.0720
2008-09-27T00:00:00.000Z;0.0710
2008-09-28T00:00:00.000Z;0.0700
2008-09-29T00:00:00.000Z;0.0690
2008-09-30T00:00:00.000Z;0.0680
2008-10-01T00:00:00.000Z;0.0680
2008-10-02T00:00:00.000Z;0.0670
2008-10-03T00:00:00.000Z;0.0660
2008-10-04T00:00:00.000Z;0.0660
2008-10-05T00:00:00.000Z;0.0660
2008-10-06T00:00:00.000Z;0.0660
2008-10-07T00:00:00.000Z;0.0640
2008-10-08T00:00:00.000Z;0.0680
2008-10-09T00:00:00.000Z;0.0660
2008-10-10T00:00:00.000Z;0.0660
2008-10-11T00:00:00.000Z;0.0660
2008-10-12T00:00:00.000Z;0.0640
2008-10-13T00:00:00.000Z;0.0640
2008-10-14T00:00:00.000Z;0.0620
2008-10-15T00:00:00.000Z;0.0630
2008-10-16T00:00:00.000Z;0.0650
2008-10-17T00:00:00.000Z;0.0700
2008-10-18T00:00:00.000Z;0.0740
2008-10-19T00:00:00.000Z;0.0730
2008-10-20T00:00:00.000Z;0.0710
2008-10-21T00:00:00.000Z;0.0700
2008-10-22T00:00:00.000Z;0.0850
2008-10-23T00:00:00.000Z;0.121
2008-10-24T00:00:00.000Z;0.0910
2008-10-25T00:00:00.000Z;0.0780
2008-10-26T00:00:00.000Z;0.0740
2008-10-27T00:00:00.000Z;0.0740
2008-10-28T00:00:00.000Z;0.181
2008-10-29T00:00:00.000Z;0.388
2008-10-30T00:00:00.000Z;0.196
2008-10-31T00:00:00.000Z;0.213
2008-11-01T00:00:00.000Z;0.203
2008-11-02T00:00:00.000Z;0.381
2008-11-03T00:00:00.000Z;0.723
2008-11-04T00:00:00.000Z;0.321
2008-11-05T00:00:00.000Z;0.211
2008-11-06T00:00:00.000Z;Jan.80
2008-11-07T00:00:00.000Z;Jan.25
2008-11-08T00:00:00.000Z;0.493
2008-11-09T00:00:00.000Z;0.268
2008-11-10T00:00:00.000Z;0.233
2008-11-11T00:00:00.000Z;0.206
2008-11-12T00:00:00.000Z;0.278
2008-11-13T00:00:00.000Z;0.735
2008-11-14T00:00:00.000Z;0.656
2008-11-15T00:00:00.000Z;0.398
2008-11-16T00:00:00.000Z;0.281
2008-11-17T00:00:00.000Z;0.245
2008-11-18T00:00:00.000Z;0.223
2008-11-19T00:00:00.000Z;0.933
2008-11-20T00:00:00.000Z;1.Jul
2008-11-21T00:00:00.000Z;0.538
2008-11-22T00:00:00.000Z;Jan.25
2008-11-23T00:00:00.000Z;3.Apr
2008-11-24T00:00:00.000Z;Mar.64
2008-11-25T00:00:00.000Z;2.Apr
2008-11-26T00:00:00.000Z;1.Mar
2008-11-27T00:00:00.000Z;0.610
2008-11-28T00:00:00.000Z;0.529
2008-11-29T00:00:00.000Z;0.499
2008-11-30T00:00:00.000Z;0.435
2008-12-01T00:00:00.000Z;0.387
2008-12-02T00:00:00.000Z;0.410
2008-12-03T00:00:00.000Z;0.425
2008-12-04T00:00:00.000Z;0.490
2008-12-05T00:00:00.000Z;Jan.23
2008-12-06T00:00:00.000Z;Jan.35
2008-12-07T00:00:00.000Z;0.872
2008-12-08T00:00:00.000Z;0.631
2008-12-09T00:00:00.000Z;0.534
2008-12-10T00:00:00.000Z;0.699
2008-12-11T00:00:00.000Z;0.570
2008-12-12T00:00:00.000Z;0.475
2008-12-13T00:00:00.000Z;0.453
2008-12-14T00:00:00.000Z;0.504
2008-12-15T00:00:00.000Z;0.538
2008-12-16T00:00:00.000Z;0.582
2008-12-17T00:00:00.000Z;0.660
2008-12-18T00:00:00.000Z;Jan.85
2008-12-19T00:00:00.000Z;Jan.38
2008-12-20T00:00:00.000Z;Jan.42
2008-12-21T00:00:00.000Z;1.Oct
2008-12-22T00:00:00.000Z;0.955
2008-12-23T00:00:00.000Z;0.925
2008-12-24T00:00:00.000Z;0.868
2008-12-25T00:00:00.000Z;0.738
2008-12-26T00:00:00.000Z;0.565
2008-12-27T00:00:00.000Z;0.464
2008-12-28T00:00:00.000Z;0.383
2008-12-29T00:00:00.000Z;0.337
2008-12-30T00:00:00.000Z;0.314
2008-12-31T00:00:00.000Z;0.326
2009-01-01T00:00:00.000Z;0.357
2009-01-02T00:00:00.000Z;0.336
2009-01-03T00:00:00.000Z;0.321
2009-01-04T00:00:00.000Z;0.270
2009-01-05T00:00:00.000Z;0.254
2009-01-06T00:00:00.000Z;0.242
2009-01-07T00:00:00.000Z;0.229
2009-01-08T00:00:00.000Z;0.218
2009-01-09T00:00:00.000Z;0.207
2009-01-10T00:00:00.000Z;0.200
2009-01-11T00:00:00.000Z;0.191
2009-01-12T00:00:00.000Z;0.186
2009-01-13T00:00:00.000Z;0.188
2009-01-14T00:00:00.000Z;0.218
2009-01-15T00:00:00.000Z;0.315
2009-01-16T00:00:00.000Z;0.281
2009-01-17T00:00:00.000Z;0.253
2009-01-18T00:00:00.000Z;0.240
2009-01-19T00:00:00.000Z;0.290
2009-01-20T00:00:00.000Z;0.391
2009-01-21T00:00:00.000Z;0.352
2009-01-22T00:00:00.000Z;0.350
2009-01-23T00:00:00.000Z;Feb.39
2009-01-24T00:00:00.000Z;Feb.35
2009-01-25T00:00:00.000Z;Jan.64
2009-01-26T00:00:00.000Z;Jan.29
2009-01-27T00:00:00.000Z;Feb.39
2009-01-28T00:00:00.000Z;Jan.34
2009-01-29T00:00:00.000Z;Jan.45
2009-01-30T00:00:00.000Z;Jan.50
2009-01-31T00:00:00.000Z;Jan.40
2009-02-01T00:00:00.000Z;Jan.14
2009-02-02T00:00:00.000Z;0.847
2009-02-03T00:00:00.000Z;0.634
2009-02-04T00:00:00.000Z;0.536
2009-02-05T00:00:00.000Z;0.546
2009-02-06T00:00:00.000Z;0.491
2009-02-07T00:00:00.000Z;0.441
2009-02-08T00:00:00.000Z;0.390
2009-02-09T00:00:00.000Z;0.428
2009-02-10T00:00:00.000Z;0.838
2009-02-11T00:00:00.000Z;1.Jan
2009-02-12T00:00:00.000Z;0.832
2009-02-13T00:00:00.000Z;0.766
2009-02-14T00:00:00.000Z;0.696
2009-02-15T00:00:00.000Z;0.754
2009-02-16T00:00:00.000Z;0.701
2009-02-17T00:00:00.000Z;0.641
2009-02-18T00:00:00.000Z;0.582
2009-02-19T00:00:00.000Z;0.650
2009-02-20T00:00:00.000Z;0.724
2009-02-21T00:00:00.000Z;0.646
2009-02-22T00:00:00.000Z;0.510
2009-02-23T00:00:00.000Z;0.488
2009-02-24T00:00:00.000Z;0.470
2009-02-25T00:00:00.000Z;0.426
2009-02-26T00:00:00.000Z;0.370
2009-02-27T00:00:00.000Z;0.348
2009-02-28T00:00:00.000Z;0.350
2009-03-01T00:00:00.000Z;0.371
2009-03-02T00:00:00.000Z;0.369
2009-03-03T00:00:00.000Z;0.340
2009-03-04T00:00:00.000Z;0.322
2009-03-05T00:00:00.000Z;0.310
2009-03-06T00:00:00.000Z;0.318
2009-03-07T00:00:00.000Z;0.571
2009-03-08T00:00:00.000Z;1.Jan
2009-03-09T00:00:00.000Z;Jan.24
2009-03-10T00:00:00.000Z;Jan.13
2009-03-11T00:00:00.000Z;0.792
2009-03-12T00:00:00.000Z;0.575
2009-03-13T00:00:00.000Z;0.489
2009-03-14T00:00:00.000Z;0.452
2009-03-15T00:00:00.000Z;0.385
2009-03-16T00:00:00.000Z;0.339
2009-03-17T00:00:00.000Z;0.308
2009-03-18T00:00:00.000Z;0.289
2009-03-19T00:00:00.000Z;0.273
2009-03-20T00:00:00.000Z;0.261
2009-03-21T00:00:00.000Z;0.244
2009-03-22T00:00:00.000Z;0.233
2009-03-23T00:00:00.000Z;0.225
2009-03-24T00:00:00.000Z;0.221
2009-03-25T00:00:00.000Z;0.219
2009-03-26T00:00:00.000Z;0.211
2009-03-27T00:00:00.000Z;0.206
2009-03-28T00:00:00.000Z;0.211
2009-03-29T00:00:00.000Z;0.282
2009-03-30T00:00:00.000Z;0.312
2009-03-31T00:00:00.000Z;0.270
2009-04-01T00:00:00.000Z;0.261
2009-04-02T00:00:00.000Z;0.259
2009-04-03T00:00:00.000Z;0.258
2009-04-04T00:00:00.000Z;0.255
2009-04-05T00:00:00.000Z;0.240
2009-04-06T00:00:00.000Z;0.237
2009-04-07T00:00:00.000Z;0.477
2009-04-08T00:00:00.000Z;Jan.24
2009-04-09T00:00:00.000Z;0.959
2009-04-10T00:00:00.000Z;0.702
2009-04-11T00:00:00.000Z;0.630
2009-04-12T00:00:00.000Z;Jan.60
2009-04-13T00:00:00.000Z;Jan.53
2009-04-14T00:00:00.000Z;Jan.23
2009-04-15T00:00:00.000Z;0.893
2009-04-16T00:00:00.000Z;0.634
2009-04-17T00:00:00.000Z;0.492
2009-04-18T00:00:00.000Z;0.507
2009-04-19T00:00:00.000Z;0.509
2009-04-20T00:00:00.000Z;0.502
2009-04-21T00:00:00.000Z;5.Feb
2009-04-22T00:00:00.000Z;3.Sep
2009-04-23T00:00:00.000Z;Jan.90
2009-04-24T00:00:00.000Z;1.00
2009-04-25T00:00:00.000Z;0.651
2009-04-26T00:00:00.000Z;0.810
2009-04-27T00:00:00.000Z;Jan.38
2009-04-28T00:00:00.000Z;Jan.18
2009-04-29T00:00:00.000Z;0.885
2009-04-30T00:00:00.000Z;0.983
2009-05-01T00:00:00.000Z;Apr.37
2009-05-02T00:00:00.000Z;3.Feb
2009-05-03T00:00:00.000Z;Jan.99
2009-05-04T00:00:00.000Z;Jan.16
2009-05-05T00:00:00.000Z;0.766
2009-05-06T00:00:00.000Z;0.588
2009-05-07T00:00:00.000Z;0.521
2009-05-08T00:00:00.000Z;0.466
2009-05-09T00:00:00.000Z;0.403
2009-05-10T00:00:00.000Z;0.364
2009-05-11T00:00:00.000Z;0.336
2009-05-12T00:00:00.000Z;0.314
2009-05-13T00:00:00.000Z;0.293
2009-05-14T00:00:00.000Z;0.300
2009-05-15T00:00:00.000Z;0.356
2009-05-16T00:00:00.000Z;0.320
2009-05-17T00:00:00.000Z;0.288
2009-05-18T00:00:00.000Z;0.285
2009-05-19T00:00:00.000Z;0.271
2009-05-20T00:00:00.000Z;0.262
2009-05-21T00:00:00.000Z;0.248
2009-05-22T00:00:00.000Z;0.237
2009-05-23T00:00:00.000Z;0.228
2009-05-24T00:00:00.000Z;0.220
2009-05-25T00:00:00.000Z;0.212
2009-05-26T00:00:00.000Z;0.207
2009-05-27T00:00:00.000Z;0.210
2009-05-28T00:00:00.000Z;0.206
2009-05-29T00:00:00.000Z;0.195
2009-05-30T00:00:00.000Z;0.189
2009-05-31T00:00:00.000Z;0.182
2009-06-01T00:00:00.000Z;0.175
2009-06-02T00:00:00.000Z;0.169
2009-06-03T00:00:00.000Z;0.163
2009-06-04T00:00:00.000Z;0.159
2009-06-05T00:00:00.000Z;0.158
2009-06-06T00:00:00.000Z;0.191
2009-06-07T00:00:00.000Z;0.189
2009-06-08T00:00:00.000Z;0.170
2009-06-09T00:00:00.000Z;0.158
2009-06-10T00:00:00.000Z;0.149
2009-06-11T00:00:00.000Z;0.143
2009-06-12T00:00:00.000Z;0.140
2009-06-13T00:00:00.000Z;0.136
2009-06-14T00:00:00.000Z;0.133
2009-06-15T00:00:00.000Z;0.131
2009-06-16T00:00:00.000Z;0.136
2009-06-17T00:00:00.000Z;0.138
2009-06-18T00:00:00.000Z;0.127
2009-06-19T00:00:00.000Z;0.120
2009-06-20T00:00:00.000Z;0.143
2009-06-21T00:00:00.000Z;0.146
2009-06-22T00:00:00.000Z;0.127
2009-06-23T00:00:00.000Z;0.117
2009-06-24T00:00:00.000Z;0.116
2009-06-25T00:00:00.000Z;0.106
2009-06-26T00:00:00.000Z;0.0980
2009-06-27T00:00:00.000Z;0.0970
2009-06-28T00:00:00.000Z;0.0950
2009-06-29T00:00:00.000Z;0.0920
2009-06-30T00:00:00.000Z;0.0910
2009-07-01T00:00:00.000Z;0.0890
2009-07-02T00:00:00.000Z;0.0890
2009-07-03T00:00:00.000Z;0.0870
2009-07-04T00:00:00.000Z;0.0860
2009-07-05T00:00:00.000Z;0.0870
2009-07-06T00:00:00.000Z;0.0960
2009-07-07T00:00:00.000Z;0.129
2009-07-08T00:00:00.000Z;0.157
2009-07-09T00:00:00.000Z;0.130
2009-07-10T00:00:00.000Z;0.136
2009-07-11T00:00:00.000Z;0.107
2009-07-12T00:00:00.000Z;0.0960
2009-07-13T00:00:00.000Z;0.0910
2009-07-14T00:00:00.000Z;0.0870
2009-07-15T00:00:00.000Z;0.0850
2009-07-16T00:00:00.000Z;0.0840
2009-07-17T00:00:00.000Z;0.0860
2009-07-18T00:00:00.000Z;0.116
2009-07-19T00:00:00.000Z;0.107
2009-07-20T00:00:00.000Z;0.0920
2009-07-21T00:00:00.000Z;0.0860
2009-07-22T00:00:00.000Z;0.0830
2009-07-23T00:00:00.000Z;0.0790
2009-07-24T00:00:00.000Z;0.0760
2009-07-25T00:00:00.000Z;0.0740
2009-07-26T00:00:00.000Z;0.0730
2009-07-27T00:00:00.000Z;0.0720
2009-07-28T00:00:00.000Z;0.0710
2009-07-29T00:00:00.000Z;0.0690
2009-07-30T00:00:00.000Z;0.0670
2009-07-31T00:00:00.000Z;0.0670
2009-08-01T00:00:00.000Z;0.0660
2009-08-02T00:00:00.000Z;0.0680
2009-08-03T00:00:00.000Z;0.0660
2009-08-04T00:00:00.000Z;0.0650
2009-08-05T00:00:00.000Z;0.0630
2009-08-06T00:00:00.000Z;0.0630
2009-08-07T00:00:00.000Z;0.0620
2009-08-08T00:00:00.000Z;0.0650
2009-08-09T00:00:00.000Z;0.0700
2009-08-10T00:00:00.000Z;0.0770
2009-08-11T00:00:00.000Z;0.0700
2009-08-12T00:00:00.000Z;0.0630
2009-08-13T00:00:00.000Z;0.0610
2009-08-14T00:00:00.000Z;0.0590
2009-08-15T00:00:00.000Z;0.0590
2009-08-16T00:00:00.000Z;0.0580
2009-08-17T00:00:00.000Z;0.0570
2009-08-18T00:00:00.000Z;0.0570
2009-08-19T00:00:00.000Z;0.0570
2009-08-20T00:00:00.000Z;0.0560
2009-08-21T00:00:00.000Z;0.0550
2009-08-22T00:00:00.000Z;0.0550
2009-08-23T00:00:00.000Z;0.0550
2009-08-24T00:00:00.000Z;0.0550
2009-08-25T00:00:00.000Z;0.0570
2009-08-26T00:00:00.000Z;0.0560
2009-08-27T00:00:00.000Z;0.0550
2009-08-28T00:00:00.000Z;0.0550
2009-08-29T00:00:00.000Z;0.0580
2009-08-30T00:00:00.000Z;0.0600
2009-08-31T00:00:00.000Z;0.0560
2009-09-01T00:00:00.000Z;0.0550
2009-09-02T00:00:00.000Z;0.0520
2009-09-03T00:00:00.000Z;0.0510
2009-09-04T00:00:00.000Z;0.0500
2009-09-05T00:00:00.000Z;0.0530
2009-09-06T00:00:00.000Z;0.0550
2009-09-07T00:00:00.000Z;0.0530
2009-09-08T00:00:00.000Z;0.0510
2009-09-09T00:00:00.000Z;0.0500
2009-09-10T00:00:00.000Z;0.0490
2009-09-11T00:00:00.000Z;0.0480
2009-09-12T00:00:00.000Z;0.0510
2009-09-13T00:00:00.000Z;0.0560
2009-09-14T00:00:00.000Z;0.0510
2009-09-15T00:00:00.000Z;0.0500
2009-09-16T00:00:00.000Z;0.0480
2009-09-17T00:00:00.000Z;0.0480
2009-09-18T00:00:00.000Z;0.0480
2009-09-19T00:00:00.000Z;0.0480
2009-09-20T00:00:00.000Z;0.0480
2009-09-21T00:00:00.000Z;0.0530
2009-09-22T00:00:00.000Z;0.0510
2009-09-23T00:00:00.000Z;0.0500
2009-09-24T00:00:00.000Z;0.0500
2009-09-25T00:00:00.000Z;0.0480
2009-09-26T00:00:00.000Z;0.0480
2009-09-27T00:00:00.000Z;0.0470
2009-09-28T00:00:00.000Z;0.0460
2009-09-29T00:00:00.000Z;0.0460
2009-09-30T00:00:00.000Z;0.0460
2009-10-01T00:00:00.000Z;0.0440
2009-10-02T00:00:00.000Z;0.0440
2009-10-03T00:00:00.000Z;0.0420
2009-10-04T00:00:00.000Z;0.0410
2009-10-05T00:00:00.000Z;0.0410
2009-10-06T00:00:00.000Z;0.0410
2009-10-07T00:00:00.000Z;0.0410
2009-10-08T00:00:00.000Z;0.0410
2009-10-09T00:00:00.000Z;0.0410
2009-10-10T00:00:00.000Z;0.0410
2009-10-11T00:00:00.000Z;0.0410
2009-10-12T00:00:00.000Z;0.0500
2009-10-13T00:00:00.000Z;0.0730
2009-10-14T00:00:00.000Z;0.0590
2009-10-15T00:00:00.000Z;0.0530
2009-10-16T00:00:00.000Z;0.0490
2009-10-17T00:00:00.000Z;0.0430
2009-10-18T00:00:00.000Z;0.0410
2009-10-19T00:00:00.000Z;0.0420
2009-10-20T00:00:00.000Z;0.0440
2009-10-21T00:00:00.000Z;0.0440
2009-10-22T00:00:00.000Z;0.0490
2009-10-23T00:00:00.000Z;0.0790
2009-10-24T00:00:00.000Z;0.0730
2009-10-25T00:00:00.000Z;0.117
2009-10-26T00:00:00.000Z;0.249
2009-10-27T00:00:00.000Z;0.122
2009-10-28T00:00:00.000Z;0.0820
2009-10-29T00:00:00.000Z;0.0680
2009-10-30T00:00:00.000Z;0.0610
2009-10-31T00:00:00.000Z;0.0570
2009-11-01T00:00:00.000Z;0.0570
2009-11-02T00:00:00.000Z;0.174
2009-11-03T00:00:00.000Z;0.217
2009-11-04T00:00:00.000Z;0.265
2009-11-05T00:00:00.000Z;0.373
2009-11-06T00:00:00.000Z;0.224
2009-11-07T00:00:00.000Z;0.428
2009-11-08T00:00:00.000Z;Jan.14
2009-11-09T00:00:00.000Z;Feb.38
2009-11-10T00:00:00.000Z;1.Nov
2009-11-11T00:00:00.000Z;Jan.42
2009-11-12T00:00:00.000Z;Jan.84
2009-11-13T00:00:00.000Z;0.894
2009-11-14T00:00:00.000Z;0.412
2009-11-15T00:00:00.000Z;0.271
2009-11-16T00:00:00.000Z;0.236
2009-11-17T00:00:00.000Z;0.210
2009-11-18T00:00:00.000Z;0.188
2009-11-19T00:00:00.000Z;0.172
2009-11-20T00:00:00.000Z;0.162
2009-11-21T00:00:00.000Z;0.151
2009-11-22T00:00:00.000Z;0.144
2009-11-23T00:00:00.000Z;0.134
2009-11-24T00:00:00.000Z;0.126
2009-11-25T00:00:00.000Z;0.121
2009-11-26T00:00:00.000Z;0.117
2009-11-27T00:00:00.000Z;0.114
2009-11-28T00:00:00.000Z;0.111
2009-11-29T00:00:00.000Z;0.109
2009-11-30T00:00:00.000Z;0.152
2009-12-01T00:00:00.000Z;0.403
2009-12-02T00:00:00.000Z;0.443
2009-12-03T00:00:00.000Z;0.915
2009-12-04T00:00:00.000Z;Feb.59
2009-12-05T00:00:00.000Z;Feb.59
2009-12-06T00:00:00.000Z;Jan.23
2009-12-07T00:00:00.000Z;0.580
2009-12-08T00:00:00.000Z;0.374
2009-12-09T00:00:00.000Z;0.290
2009-12-10T00:00:00.000Z;0.256
2009-12-11T00:00:00.000Z;0.236
2009-12-12T00:00:00.000Z;0.222
2009-12-13T00:00:00.000Z;0.210
2009-12-14T00:00:00.000Z;0.198
2009-12-15T00:00:00.000Z;0.186
2009-12-16T00:00:00.000Z;0.175
2009-12-17T00:00:00.000Z;0.168
2009-12-18T00:00:00.000Z;0.160
2009-12-19T00:00:00.000Z;0.153
2009-12-20T00:00:00.000Z;0.145
2009-12-21T00:00:00.000Z;0.142
2009-12-22T00:00:00.000Z;0.142
2009-12-23T00:00:00.000Z;0.137
2009-12-24T00:00:00.000Z;0.136
2009-12-25T00:00:00.000Z;0.162
2009-12-26T00:00:00.000Z;0.217
2009-12-27T00:00:00.000Z;0.229
2009-12-28T00:00:00.000Z;0.260
2009-12-29T00:00:00.000Z;0.236
2009-12-30T00:00:00.000Z;0.215
2009-12-31T00:00:00.000Z;0.200
2010-01-01T00:00:00.000Z;0.188
2010-01-02T00:00:00.000Z;0.171
2010-01-03T00:00:00.000Z;0.164
2010-01-04T00:00:00.000Z;0.171
2010-01-05T00:00:00.000Z;0.191
2010-01-06T00:00:00.000Z;0.191
2010-01-07T00:00:00.000Z;0.185
2010-01-08T00:00:00.000Z;0.188
2010-01-09T00:00:00.000Z;0.181
2010-01-10T00:00:00.000Z;0.176
2010-01-11T00:00:00.000Z;0.177
2010-01-12T00:00:00.000Z;0.182
2010-01-13T00:00:00.000Z;1.Jan
2010-01-14T00:00:00.000Z;Jan.37
2010-01-15T00:00:00.000Z;Mar.48
2010-01-16T00:00:00.000Z;Jan.42
2010-01-17T00:00:00.000Z;Jan.56
2010-01-18T00:00:00.000Z;Jan.50
2010-01-19T00:00:00.000Z;0.879
2010-01-20T00:00:00.000Z;1.Jun
2010-01-21T00:00:00.000Z;Jan.30
2010-01-22T00:00:00.000Z;0.817
2010-01-23T00:00:00.000Z;0.565
2010-01-24T00:00:00.000Z;0.461
2010-01-25T00:00:00.000Z;0.660
2010-01-26T00:00:00.000Z;0.559
2010-01-27T00:00:00.000Z;0.463
2010-01-28T00:00:00.000Z;0.385
2010-01-29T00:00:00.000Z;0.406
2010-01-30T00:00:00.000Z;0.912
2010-01-31T00:00:00.000Z;0.739
2010-02-01T00:00:00.000Z;0.541
2010-02-02T00:00:00.000Z;0.459
2010-02-03T00:00:00.000Z;0.469
2010-02-04T00:00:00.000Z;0.521
2010-02-05T00:00:00.000Z;0.788
2010-02-06T00:00:00.000Z;1.Jan
2010-02-07T00:00:00.000Z;Jan.34
2010-02-08T00:00:00.000Z;1.Jul
2010-02-09T00:00:00.000Z;0.708
2010-02-10T00:00:00.000Z;0.517
2010-02-11T00:00:00.000Z;0.449
2010-02-12T00:00:00.000Z;0.366
2010-02-13T00:00:00.000Z;0.324
2010-02-14T00:00:00.000Z;0.295
2010-02-15T00:00:00.000Z;0.273
2010-02-16T00:00:00.000Z;0.264
2010-02-17T00:00:00.000Z;0.282
2010-02-18T00:00:00.000Z;0.453
2010-02-19T00:00:00.000Z;0.857
2010-02-20T00:00:00.000Z;0.823
2010-02-21T00:00:00.000Z;0.632
2010-02-22T00:00:00.000Z;0.563
2010-02-23T00:00:00.000Z;0.567
2010-02-24T00:00:00.000Z;0.610
2010-02-25T00:00:00.000Z;0.531
2010-02-26T00:00:00.000Z;0.526
2010-02-27T00:00:00.000Z;0.438
2010-02-28T00:00:00.000Z;0.446
2010-03-01T00:00:00.000Z;0.369
2010-03-02T00:00:00.000Z;0.312
2010-03-03T00:00:00.000Z;0.296
2010-03-04T00:00:00.000Z;0.391
2010-03-05T00:00:00.000Z;0.579
2010-03-06T00:00:00.000Z;0.463
2010-03-07T00:00:00.000Z;0.378
2010-03-08T00:00:00.000Z;0.328
2010-03-09T00:00:00.000Z;0.293
2010-03-10T00:00:00.000Z;0.289
2010-03-11T00:00:00.000Z;0.276
2010-03-12T00:00:00.000Z;0.261
2010-03-13T00:00:00.000Z;0.258
2010-03-14T00:00:00.000Z;0.258
2010-03-15T00:00:00.000Z;0.292
2010-03-16T00:00:00.000Z;0.287
2010-03-17T00:00:00.000Z;0.266
2010-03-18T00:00:00.000Z;0.259
2010-03-19T00:00:00.000Z;0.275
2010-03-20T00:00:00.000Z;0.269
2010-03-21T00:00:00.000Z;0.244
2010-03-22T00:00:00.000Z;0.229
2010-03-23T00:00:00.000Z;0.224
2010-03-24T00:00:00.000Z;0.217
2010-03-25T00:00:00.000Z;0.210
2010-03-26T00:00:00.000Z;0.204
2010-03-27T00:00:00.000Z;0.199
2010-03-28T00:00:00.000Z;0.191
2010-03-29T00:00:00.000Z;0.189
2010-03-30T00:00:00.000Z;0.195
2010-03-31T00:00:00.000Z;0.193
2010-04-01T00:00:00.000Z;0.223
2010-04-02T00:00:00.000Z;0.266
2010-04-03T00:00:00.000Z;0.238
2010-04-04T00:00:00.000Z;0.312
2010-04-05T00:00:00.000Z;0.434
2010-04-06T00:00:00.000Z;0.343
2010-04-07T00:00:00.000Z;0.558
2010-04-08T00:00:00.000Z;Feb.97
2010-04-09T00:00:00.000Z;Jan.42
2010-04-10T00:00:00.000Z;0.717
2010-04-11T00:00:00.000Z;0.507
2010-04-12T00:00:00.000Z;0.411
2010-04-13T00:00:00.000Z;0.334
2010-04-14T00:00:00.000Z;0.293
2010-04-15T00:00:00.000Z;0.269
2010-04-16T00:00:00.000Z;0.251
2010-04-17T00:00:00.000Z;0.233
2010-04-18T00:00:00.000Z;0.221
2010-04-19T00:00:00.000Z;0.210
2010-04-20T00:00:00.000Z;0.208
2010-04-21T00:00:00.000Z;0.209
2010-04-22T00:00:00.000Z;0.206
2010-04-23T00:00:00.000Z;0.616
2010-04-24T00:00:00.000Z;0.382
2010-04-25T00:00:00.000Z;0.252
2010-04-26T00:00:00.000Z;0.221
2010-04-27T00:00:00.000Z;0.212
2010-04-28T00:00:00.000Z;0.202
2010-04-29T00:00:00.000Z;0.194
2010-04-30T00:00:00.000Z;0.187
2010-05-01T00:00:00.000Z;0.261
2010-05-02T00:00:00.000Z;0.486
2010-05-03T00:00:00.000Z;0.417
2010-05-04T00:00:00.000Z;Feb.82
2010-05-05T00:00:00.000Z;Mar.21
2010-05-06T00:00:00.000Z;Feb.90
2010-05-07T00:00:00.000Z;Feb.37
2010-05-08T00:00:00.000Z;Feb.75
2010-05-09T00:00:00.000Z;Feb.90
2010-05-10T00:00:00.000Z;Feb.81
2010-05-11T00:00:00.000Z;Feb.48
2010-05-12T00:00:00.000Z;Jan.99
2010-05-13T00:00:00.000Z;Jan.86
2010-05-14T00:00:00.000Z;Jan.63
2010-05-15T00:00:00.000Z;Jan.29
2010-05-16T00:00:00.000Z;1.May
2010-05-17T00:00:00.000Z;0.915
2010-05-18T00:00:00.000Z;0.716
2010-05-19T00:00:00.000Z;0.552
2010-05-20T00:00:00.000Z;0.483
2010-05-21T00:00:00.000Z;0.423
2010-05-22T00:00:00.000Z;0.367
2010-05-23T00:00:00.000Z;0.336
2010-05-24T00:00:00.000Z;0.308
2010-05-25T00:00:00.000Z;0.288
2010-05-26T00:00:00.000Z;0.261
2010-05-27T00:00:00.000Z;0.251
2010-05-28T00:00:00.000Z;0.274
2010-05-29T00:00:00.000Z;0.252
2010-05-30T00:00:00.000Z;0.227
2010-05-31T00:00:00.000Z;0.218
2010-06-01T00:00:00.000Z;0.211
2010-06-02T00:00:00.000Z;0.223
2010-06-03T00:00:00.000Z;0.220
2010-06-04T00:00:00.000Z;0.197
2010-06-05T00:00:00.000Z;0.188
2010-06-06T00:00:00.000Z;0.181
2010-06-07T00:00:00.000Z;0.188
2010-06-08T00:00:00.000Z;0.185
2010-06-09T00:00:00.000Z;0.191
2010-06-10T00:00:00.000Z;0.200
2010-06-11T00:00:00.000Z;0.244
2010-06-12T00:00:00.000Z;0.169
2010-06-13T00:00:00.000Z;0.223
2010-06-14T00:00:00.000Z;0.790
2010-06-15T00:00:00.000Z;Jan.63
2010-06-16T00:00:00.000Z;0.887
2010-06-17T00:00:00.000Z;0.622
2010-06-18T00:00:00.000Z;0.508
2010-06-19T00:00:00.000Z;0.659
2010-06-20T00:00:00.000Z;Jan.81
2010-06-21T00:00:00.000Z;1.Sep
2010-06-22T00:00:00.000Z;0.602
2010-06-23T00:00:00.000Z;0.446
2010-06-24T00:00:00.000Z;0.346
2010-06-25T00:00:00.000Z;0.300
2010-06-26T00:00:00.000Z;0.264
2010-06-27T00:00:00.000Z;0.238
2010-06-28T00:00:00.000Z;0.226
2010-06-29T00:00:00.000Z;0.214
2010-06-30T00:00:00.000Z;0.202
2010-07-01T00:00:00.000Z;0.194
2010-07-02T00:00:00.000Z;0.188
2010-07-03T00:00:00.000Z;0.182
2010-07-04T00:00:00.000Z;0.174
2010-07-05T00:00:00.000Z;0.166
2010-07-06T00:00:00.000Z;0.160
2010-07-07T00:00:00.000Z;0.156
2010-07-08T00:00:00.000Z;0.149
2010-07-09T00:00:00.000Z;0.146
2010-07-10T00:00:00.000Z;0.141
2010-07-11T00:00:00.000Z;0.136
2010-07-12T00:00:00.000Z;0.134
2010-07-13T00:00:00.000Z;0.131
2010-07-14T00:00:00.000Z;0.129
2010-07-15T00:00:00.000Z;0.125
2010-07-16T00:00:00.000Z;0.120
2010-07-17T00:00:00.000Z;0.118
2010-07-18T00:00:00.000Z;0.118
2010-07-19T00:00:00.000Z;0.115
2010-07-20T00:00:00.000Z;0.115
2010-07-21T00:00:00.000Z;0.111
2010-07-22T00:00:00.000Z;0.135
2010-07-23T00:00:00.000Z;0.198
2010-07-24T00:00:00.000Z;0.167
2010-07-25T00:00:00.000Z;0.132
2010-07-26T00:00:00.000Z;0.118
2010-07-27T00:00:00.000Z;0.113
2010-07-28T00:00:00.000Z;0.108
2010-07-29T00:00:00.000Z;0.103
2010-07-30T00:00:00.000Z;0.118
2010-07-31T00:00:00.000Z;0.131
2010-08-01T00:00:00.000Z;0.113
2010-08-02T00:00:00.000Z;0.138
2010-08-03T00:00:00.000Z;0.192
2010-08-04T00:00:00.000Z;0.157
2010-08-05T00:00:00.000Z;0.247
2010-08-06T00:00:00.000Z;0.243
2010-08-07T00:00:00.000Z;0.162
2010-08-08T00:00:00.000Z;0.135
2010-08-09T00:00:00.000Z;0.130
2010-08-10T00:00:00.000Z;0.127
2010-08-11T00:00:00.000Z;0.108
2010-08-12T00:00:00.000Z;0.110
2010-08-13T00:00:00.000Z;0.165
2010-08-14T00:00:00.000Z;0.142
2010-08-15T00:00:00.000Z;0.131
2010-08-16T00:00:00.000Z;0.120
2010-08-17T00:00:00.000Z;0.112
2010-08-18T00:00:00.000Z;0.109
2010-08-19T00:00:00.000Z;0.108
2010-08-20T00:00:00.000Z;0.104
2010-08-21T00:00:00.000Z;0.101
2010-08-22T00:00:00.000Z;0.0990
2010-08-23T00:00:00.000Z;0.0970
2010-08-24T00:00:00.000Z;0.0950
2010-08-25T00:00:00.000Z;0.0940
2010-08-26T00:00:00.000Z;0.0920
2010-08-27T00:00:00.000Z;0.0890
2010-08-28T00:00:00.000Z;0.0870
2010-08-29T00:00:00.000Z;0.0850
2010-08-30T00:00:00.000Z;0.0840
2010-08-31T00:00:00.000Z;0.0840
2010-09-01T00:00:00.000Z;0.0840
2010-09-02T00:00:00.000Z;0.0840
2010-09-03T00:00:00.000Z;0.0840
2010-09-04T00:00:00.000Z;0.0820
2010-09-05T00:00:00.000Z;0.0820
2010-09-06T00:00:00.000Z;0.0810
2010-09-07T00:00:00.000Z;0.0800
2010-09-08T00:00:00.000Z;0.0800
2010-09-09T00:00:00.000Z;0.0760
2010-09-10T00:00:00.000Z;0.0700
2010-09-11T00:00:00.000Z;0.0690
2010-09-12T00:00:00.000Z;0.0680
2010-09-13T00:00:00.000Z;0.0680
2010-09-14T00:00:00.000Z;0.0680
2010-09-15T00:00:00.000Z;0.0670
2010-09-16T00:00:00.000Z;0.0660
2010-09-17T00:00:00.000Z;0.0640
2010-09-18T00:00:00.000Z;0.0640
2010-09-19T00:00:00.000Z;0.0640
2010-09-20T00:00:00.000Z;0.0640
2010-09-21T00:00:00.000Z;0.0640
2010-09-22T00:00:00.000Z;0.0620
2010-09-23T00:00:00.000Z;0.0620
2010-09-24T00:00:00.000Z;0.0700
2010-09-25T00:00:00.000Z;0.0760
2010-09-26T00:00:00.000Z;0.0980
2010-09-27T00:00:00.000Z;0.0860
2010-09-28T00:00:00.000Z;0.0730
2010-09-29T00:00:00.000Z;0.0700
2010-09-30T00:00:00.000Z;0.0680
2010-10-01T00:00:00.000Z;0.0680
2010-10-02T00:00:00.000Z;0.0680
2010-10-03T00:00:00.000Z;0.0680
2010-10-04T00:00:00.000Z;0.0680
2010-10-05T00:00:00.000Z;0.0680
2010-10-06T00:00:00.000Z;0.0670
2010-10-07T00:00:00.000Z;0.0660
2010-10-08T00:00:00.000Z;0.0660
2010-10-09T00:00:00.000Z;0.0690
2010-10-10T00:00:00.000Z;0.123
2010-10-11T00:00:00.000Z;0.582
2010-10-12T00:00:00.000Z;0.267
2010-10-13T00:00:00.000Z;0.150
2010-10-14T00:00:00.000Z;0.118
2010-10-15T00:00:00.000Z;0.104
2010-10-16T00:00:00.000Z;0.0970
2010-10-17T00:00:00.000Z;0.0910
2010-10-18T00:00:00.000Z;0.0870
2010-10-19T00:00:00.000Z;0.0840
2010-10-20T00:00:00.000Z;0.0810
2010-10-21T00:00:00.000Z;0.0780
2010-10-22T00:00:00.000Z;0.0760
2010-10-23T00:00:00.000Z;0.0730
2010-10-24T00:00:00.000Z;0.0730
2010-10-25T00:00:00.000Z;0.191
2010-10-26T00:00:00.000Z;0.193
2010-10-27T00:00:00.000Z;0.150
2010-10-28T00:00:00.000Z;0.120
2010-10-29T00:00:00.000Z;0.107
2010-10-30T00:00:00.000Z;0.102
2010-10-31T00:00:00.000Z;0.0980
2010-11-01T00:00:00.000Z;Jan.37
2010-11-02T00:00:00.000Z;Mar.70
2010-11-03T00:00:00.000Z;Jan.89
2010-11-04T00:00:00.000Z;0.833
2010-11-05T00:00:00.000Z;0.357
2010-11-06T00:00:00.000Z;0.274
2010-11-07T00:00:00.000Z;0.261
2010-11-08T00:00:00.000Z;0.512
2010-11-09T00:00:00.000Z;0.539
2010-11-10T00:00:00.000Z;0.515
2010-11-11T00:00:00.000Z;0.760
2010-11-12T00:00:00.000Z;0.507
2010-11-13T00:00:00.000Z;0.368
2010-11-14T00:00:00.000Z;0.310
2010-11-15T00:00:00.000Z;0.356
2010-11-16T00:00:00.000Z;Jan.88
2010-11-17T00:00:00.000Z;Jan.48
2010-11-18T00:00:00.000Z;Jan.19
2010-11-19T00:00:00.000Z;0.779
2010-11-20T00:00:00.000Z;0.526
2010-11-21T00:00:00.000Z;0.462
2010-11-22T00:00:00.000Z;Jan.29
2010-11-23T00:00:00.000Z;0.986
2010-11-24T00:00:00.000Z;0.951
2010-11-25T00:00:00.000Z;0.875
2010-11-26T00:00:00.000Z;0.832
2010-11-27T00:00:00.000Z;0.674
2010-11-28T00:00:00.000Z;0.558
2010-11-29T00:00:00.000Z;0.484
2010-11-30T00:00:00.000Z;0.408
2010-12-01T00:00:00.000Z;0.350
2010-12-02T00:00:00.000Z;0.303
2010-12-03T00:00:00.000Z;0.284
2010-12-04T00:00:00.000Z;0.256
2010-12-05T00:00:00.000Z;0.259
2010-12-06T00:00:00.000Z;0.528
2010-12-07T00:00:00.000Z;0.554
2010-12-08T00:00:00.000Z;0.367
2010-12-09T00:00:00.000Z;0.284
2010-12-10T00:00:00.000Z;0.260
2010-12-11T00:00:00.000Z;0.233
2010-12-12T00:00:00.000Z;0.225
2010-12-13T00:00:00.000Z;0.213
2010-12-14T00:00:00.000Z;0.199
2010-12-15T00:00:00.000Z;0.185
2010-12-16T00:00:00.000Z;0.176
2010-12-17T00:00:00.000Z;0.177
2010-12-18T00:00:00.000Z;0.175
2010-12-19T00:00:00.000Z;0.168
2010-12-20T00:00:00.000Z;0.162
2010-12-21T00:00:00.000Z;0.172
2010-12-22T00:00:00.000Z;0.199
2010-12-23T00:00:00.000Z;0.365
2010-12-24T00:00:00.000Z;0.504
2010-12-25T00:00:00.000Z;0.330
2010-12-26T00:00:00.000Z;0.276
2010-12-27T00:00:00.000Z;0.256
2010-12-28T00:00:00.000Z;0.269
2010-12-29T00:00:00.000Z;0.276
2010-12-30T00:00:00.000Z;0.264
2010-12-31T00:00:00.000Z;0.227
2011-01-01T00:00:00.000Z;0.208
2011-01-02T00:00:00.000Z;0.194
2011-01-03T00:00:00.000Z;0.181
2011-01-04T00:00:00.000Z;0.168
2011-01-05T00:00:00.000Z;0.159
2011-01-06T00:00:00.000Z;0.159
2011-01-07T00:00:00.000Z;0.148
2011-01-08T00:00:00.000Z;0.140
2011-01-09T00:00:00.000Z;0.136
2011-01-10T00:00:00.000Z;0.209
2011-01-11T00:00:00.000Z;0.221
2011-01-12T00:00:00.000Z;0.518
2011-01-13T00:00:00.000Z;0.912
2011-01-14T00:00:00.000Z;0.564
2011-01-15T00:00:00.000Z;0.399
2011-01-16T00:00:00.000Z;0.334
2011-01-17T00:00:00.000Z;0.299
2011-01-18T00:00:00.000Z;0.252
2011-01-19T00:00:00.000Z;0.242
2011-01-20T00:00:00.000Z;0.241
2011-01-21T00:00:00.000Z;0.251
2011-01-22T00:00:00.000Z;0.232
2011-01-23T00:00:00.000Z;0.208
2011-01-24T00:00:00.000Z;0.187
2011-01-25T00:00:00.000Z;0.181
2011-01-26T00:00:00.000Z;0.174
2011-01-27T00:00:00.000Z;0.172
2011-01-28T00:00:00.000Z;0.167
2011-01-29T00:00:00.000Z;0.159
2011-01-30T00:00:00.000Z;0.153
2011-01-31T00:00:00.000Z;0.148
2011-02-01T00:00:00.000Z;0.142
2011-02-02T00:00:00.000Z;0.138
2011-02-03T00:00:00.000Z;0.133
2011-02-04T00:00:00.000Z;0.128
2011-02-05T00:00:00.000Z;0.126
2011-02-06T00:00:00.000Z;0.120
2011-02-07T00:00:00.000Z;0.120
2011-02-08T00:00:00.000Z;0.132
2011-02-09T00:00:00.000Z;0.122
2011-02-10T00:00:00.000Z;0.117
2011-02-11T00:00:00.000Z;0.114
2011-02-12T00:00:00.000Z;0.112
2011-02-13T00:00:00.000Z;0.111
2011-02-14T00:00:00.000Z;0.117
2011-02-15T00:00:00.000Z;0.118
2011-02-16T00:00:00.000Z;0.116
2011-02-17T00:00:00.000Z;0.127
2011-02-18T00:00:00.000Z;0.146
2011-02-19T00:00:00.000Z;0.215
2011-02-20T00:00:00.000Z;0.816
2011-02-21T00:00:00.000Z;0.537
2011-02-22T00:00:00.000Z;Jan.69
2011-02-23T00:00:00.000Z;2.Feb
2011-02-24T00:00:00.000Z;Jan.75
2011-02-25T00:00:00.000Z;Jan.14
2011-02-26T00:00:00.000Z;0.662
2011-02-27T00:00:00.000Z;0.664
2011-02-28T00:00:00.000Z;0.799
2011-03-01T00:00:00.000Z;0.693
2011-03-02T00:00:00.000Z;0.657
2011-03-03T00:00:00.000Z;0.654
2011-03-04T00:00:00.000Z;0.619
2011-03-05T00:00:00.000Z;0.795
2011-03-06T00:00:00.000Z;0.727
2011-03-07T00:00:00.000Z;0.609
2011-03-08T00:00:00.000Z;0.485
2011-03-09T00:00:00.000Z;0.441
2011-03-10T00:00:00.000Z;0.396
2011-03-11T00:00:00.000Z;0.348
2011-03-12T00:00:00.000Z;0.338
2011-03-13T00:00:00.000Z;0.308
2011-03-14T00:00:00.000Z;0.263
2011-03-15T00:00:00.000Z;0.246
2011-03-16T00:00:00.000Z;Jan.62
2011-03-17T00:00:00.000Z;Apr.29
2011-03-18T00:00:00.000Z;Feb.64
2011-03-19T00:00:00.000Z;Jan.58
2011-03-20T00:00:00.000Z;0.937
2011-03-21T00:00:00.000Z;0.639
2011-03-22T00:00:00.000Z;0.522
2011-03-23T00:00:00.000Z;0.448
2011-03-24T00:00:00.000Z;0.381
2011-03-25T00:00:00.000Z;0.344
2011-03-26T00:00:00.000Z;0.323
2011-03-27T00:00:00.000Z;0.306
2011-03-28T00:00:00.000Z;0.350
2011-03-29T00:00:00.000Z;0.335
2011-03-30T00:00:00.000Z;0.345
2011-03-31T00:00:00.000Z;0.393
2011-04-01T00:00:00.000Z;0.428
2011-04-02T00:00:00.000Z;0.383
2011-04-03T00:00:00.000Z;0.338
2011-04-04T00:00:00.000Z;0.397
2011-04-05T00:00:00.000Z;0.335
2011-04-06T00:00:00.000Z;0.289
2011-04-07T00:00:00.000Z;0.270
2011-04-08T00:00:00.000Z;0.259
2011-04-09T00:00:00.000Z;0.250
2011-04-10T00:00:00.000Z;0.238
2011-04-11T00:00:00.000Z;0.236
2011-04-12T00:00:00.000Z;0.242
2011-04-13T00:00:00.000Z;0.231
2011-04-14T00:00:00.000Z;0.225
2011-04-15T00:00:00.000Z;0.217
2011-04-16T00:00:00.000Z;0.208
2011-04-17T00:00:00.000Z;0.199
2011-04-18T00:00:00.000Z;0.191
2011-04-19T00:00:00.000Z;0.187
2011-04-20T00:00:00.000Z;0.183
2011-04-21T00:00:00.000Z;0.179
2011-04-22T00:00:00.000Z;0.175
2011-04-23T00:00:00.000Z;0.225
2011-04-24T00:00:00.000Z;0.326
2011-04-25T00:00:00.000Z;0.373
2011-04-26T00:00:00.000Z;0.640
2011-04-27T00:00:00.000Z;0.491
2011-04-28T00:00:00.000Z;0.324
2011-04-29T00:00:00.000Z;0.304
2011-04-30T00:00:00.000Z;0.332
2011-05-01T00:00:00.000Z;0.280
2011-05-02T00:00:00.000Z;0.276
2011-05-03T00:00:00.000Z;0.526
2011-05-04T00:00:00.000Z;0.746
2011-05-05T00:00:00.000Z;0.468
2011-05-06T00:00:00.000Z;0.329
2011-05-07T00:00:00.000Z;0.279
2011-05-08T00:00:00.000Z;0.255
2011-05-09T00:00:00.000Z;0.235
2011-05-10T00:00:00.000Z;0.219
2011-05-11T00:00:00.000Z;0.211
2011-05-12T00:00:00.000Z;0.202
2011-05-13T00:00:00.000Z;0.193
2011-05-14T00:00:00.000Z;0.187
2011-05-15T00:00:00.000Z;0.182
2011-05-16T00:00:00.000Z;0.173
2011-05-17T00:00:00.000Z;0.166
2011-05-18T00:00:00.000Z;0.163
2011-05-19T00:00:00.000Z;0.170
2011-05-20T00:00:00.000Z;0.189
2011-05-21T00:00:00.000Z;0.174
2011-05-22T00:00:00.000Z;0.160
2011-05-23T00:00:00.000Z;0.154
2011-05-24T00:00:00.000Z;0.150
2011-05-25T00:00:00.000Z;0.145
2011-05-26T00:00:00.000Z;0.141
2011-05-27T00:00:00.000Z;0.162
2011-05-28T00:00:00.000Z;0.186
2011-05-29T00:00:00.000Z;0.155
2011-05-30T00:00:00.000Z;0.147
2011-05-31T00:00:00.000Z;0.484
2011-06-01T00:00:00.000Z;0.511
2011-06-02T00:00:00.000Z;0.407
2011-06-03T00:00:00.000Z;0.670
2011-06-04T00:00:00.000Z;1.Jun
2011-06-05T00:00:00.000Z;1.May
2011-06-06T00:00:00.000Z;0.577
2011-06-07T00:00:00.000Z;0.607
2011-06-08T00:00:00.000Z;1.Oct
2011-06-09T00:00:00.000Z;0.691
2011-06-10T00:00:00.000Z;0.459
2011-06-11T00:00:00.000Z;0.454
2011-06-12T00:00:00.000Z;0.372
2011-06-13T00:00:00.000Z;0.306
2011-06-14T00:00:00.000Z;0.293
2011-06-15T00:00:00.000Z;0.272
2011-06-16T00:00:00.000Z;0.257
2011-06-17T00:00:00.000Z;0.270
2011-06-18T00:00:00.000Z;0.336
2011-06-19T00:00:00.000Z;0.422
2011-06-20T00:00:00.000Z;0.266
2011-06-21T00:00:00.000Z;0.246
2011-06-22T00:00:00.000Z;0.229
2011-06-23T00:00:00.000Z;0.261
2011-06-24T00:00:00.000Z;0.266
2011-06-25T00:00:00.000Z;0.228
2011-06-26T00:00:00.000Z;0.211
2011-06-27T00:00:00.000Z;0.195
2011-06-28T00:00:00.000Z;0.188
2011-06-29T00:00:00.000Z;0.200
2011-06-30T00:00:00.000Z;0.226
2011-07-01T00:00:00.000Z;0.201
2011-07-02T00:00:00.000Z;0.181
2011-07-03T00:00:00.000Z;0.173
2011-07-04T00:00:00.000Z;0.169
2011-07-05T00:00:00.000Z;0.132
2011-07-06T00:00:00.000Z;0.111
2011-07-07T00:00:00.000Z;0.108
2011-07-08T00:00:00.000Z;0.106
2011-07-09T00:00:00.000Z;0.105
2011-07-10T00:00:00.000Z;0.101
2011-07-11T00:00:00.000Z;0.0980
2011-07-12T00:00:00.000Z;0.0970
2011-07-13T00:00:00.000Z;0.658
2011-07-14T00:00:00.000Z;Jan.19
2011-07-15T00:00:00.000Z;0.548
2011-07-16T00:00:00.000Z;0.245
2011-07-17T00:00:00.000Z;0.277
2011-07-18T00:00:00.000Z;0.287
2011-07-19T00:00:00.000Z;0.218
2011-07-20T00:00:00.000Z;0.199
2011-07-21T00:00:00.000Z;0.216
2011-07-22T00:00:00.000Z;0.342
2011-07-23T00:00:00.000Z;0.320
2011-07-24T00:00:00.000Z;0.216
2011-07-25T00:00:00.000Z;0.336
2011-07-26T00:00:00.000Z;Jan.27
2011-07-27T00:00:00.000Z;2.00
2011-07-28T00:00:00.000Z;Jan.44
2011-07-29T00:00:00.000Z;0.773
2011-07-30T00:00:00.000Z;0.439
2011-07-31T00:00:00.000Z;0.318
2011-08-01T00:00:00.000Z;0.259
2011-08-02T00:00:00.000Z;0.225
2011-08-03T00:00:00.000Z;0.210
2011-08-04T00:00:00.000Z;0.194
2011-08-05T00:00:00.000Z;0.184
2011-08-06T00:00:00.000Z;0.176
2011-08-07T00:00:00.000Z;0.172
2011-08-08T00:00:00.000Z;0.165
2011-08-09T00:00:00.000Z;0.157
2011-08-10T00:00:00.000Z;0.147
2011-08-11T00:00:00.000Z;0.141
2011-08-12T00:00:00.000Z;0.135
2011-08-13T00:00:00.000Z;0.130
2011-08-14T00:00:00.000Z;0.126
2011-08-15T00:00:00.000Z;0.121
2011-08-16T00:00:00.000Z;0.116
2011-08-17T00:00:00.000Z;0.112
2011-08-18T00:00:00.000Z;0.108
2011-08-19T00:00:00.000Z;0.104
2011-08-20T00:00:00.000Z;0.0990
2011-08-21T00:00:00.000Z;0.0970
2011-08-22T00:00:00.000Z;0.0950
2011-08-23T00:00:00.000Z;0.0950
2011-08-24T00:00:00.000Z;0.0940
2011-08-25T00:00:00.000Z;0.0930
2011-08-26T00:00:00.000Z;0.0910
2011-08-27T00:00:00.000Z;0.0910
2011-08-28T00:00:00.000Z;0.0910
2011-08-29T00:00:00.000Z;0.0880
2011-08-30T00:00:00.000Z;0.0840
2011-08-31T00:00:00.000Z;0.0820
2011-09-01T00:00:00.000Z;0.0810
2011-09-02T00:00:00.000Z;0.0780
2011-09-03T00:00:00.000Z;0.0790
2011-09-04T00:00:00.000Z;0.234
2011-09-05T00:00:00.000Z;0.181
2011-09-06T00:00:00.000Z;0.130
2011-09-07T00:00:00.000Z;0.101
2011-09-08T00:00:00.000Z;0.0920
2011-09-09T00:00:00.000Z;0.0850
2011-09-10T00:00:00.000Z;0.0810
2011-09-11T00:00:00.000Z;0.0770
2011-09-12T00:00:00.000Z;0.0740
2011-09-13T00:00:00.000Z;0.0720
2011-09-14T00:00:00.000Z;0.0680
2011-09-15T00:00:00.000Z;0.0660
2011-09-16T00:00:00.000Z;0.0660
2011-09-17T00:00:00.000Z;0.0650
2011-09-18T00:00:00.000Z;0.0980
2011-09-19T00:00:00.000Z;0.159
2011-09-20T00:00:00.000Z;0.111
2011-09-21T00:00:00.000Z;0.0910
2011-09-22T00:00:00.000Z;0.0820
2011-09-23T00:00:00.000Z;0.0770
2011-09-24T00:00:00.000Z;0.0740
2011-09-25T00:00:00.000Z;0.0710
2011-09-26T00:00:00.000Z;0.0670
2011-09-27T00:00:00.000Z;0.0650
2011-09-28T00:00:00.000Z;0.0630
2011-09-29T00:00:00.000Z;0.0620
2011-09-30T00:00:00.000Z;0.0600
2011-10-01T00:00:00.000Z;0.0580
2011-10-02T00:00:00.000Z;0.0570
2011-10-03T00:00:00.000Z;0.0560
2011-10-04T00:00:00.000Z;0.0540
2011-10-05T00:00:00.000Z;0.0520
2011-10-06T00:00:00.000Z;0.0520
2011-10-07T00:00:00.000Z;0.0730
2011-10-08T00:00:00.000Z;0.0990
2011-10-09T00:00:00.000Z;0.0790
2011-10-10T00:00:00.000Z;0.0680
2011-10-11T00:00:00.000Z;0.0590
2011-10-12T00:00:00.000Z;0.0560
2011-10-13T00:00:00.000Z;0.0540
2011-10-14T00:00:00.000Z;0.0530
2011-10-15T00:00:00.000Z;0.0520
2011-10-16T00:00:00.000Z;0.0500
2011-10-17T00:00:00.000Z;0.0490
2011-10-18T00:00:00.000Z;0.0480
2011-10-19T00:00:00.000Z;0.0480
2011-10-20T00:00:00.000Z;0.0710
2011-10-21T00:00:00.000Z;0.0680
2011-10-22T00:00:00.000Z;0.0600
2011-10-23T00:00:00.000Z;0.0560
2011-10-24T00:00:00.000Z;0.0550
2011-10-25T00:00:00.000Z;0.0590
2011-10-26T00:00:00.000Z;0.0600
2011-10-27T00:00:00.000Z;0.0570
2011-10-28T00:00:00.000Z;0.0620
2011-10-29T00:00:00.000Z;0.103
2011-10-30T00:00:00.000Z;0.0810
2011-10-31T00:00:00.000Z;0.0700
2011-11-01T00:00:00.000Z;0.0650
2011-11-02T00:00:00.000Z;0.0610
2011-11-03T00:00:00.000Z;0.0590
2011-11-04T00:00:00.000Z;0.0600
2011-11-05T00:00:00.000Z;0.0600
2011-11-06T00:00:00.000Z;Apr.15
2011-11-07T00:00:00.000Z;May.50
2011-11-08T00:00:00.000Z;Feb.96
2011-11-09T00:00:00.000Z;Feb.40
2011-11-10T00:00:00.000Z;2.Dec
2011-11-11T00:00:00.000Z;Jan.49
2011-11-12T00:00:00.000Z;0.623
2011-11-13T00:00:00.000Z;0.258
2011-11-14T00:00:00.000Z;0.220
2011-11-15T00:00:00.000Z;0.207
2011-11-16T00:00:00.000Z;0.194
2011-11-17T00:00:00.000Z;0.177
2011-11-18T00:00:00.000Z;0.166
2011-11-19T00:00:00.000Z;0.160
2011-11-20T00:00:00.000Z;0.155
2011-11-21T00:00:00.000Z;0.145
2011-11-22T00:00:00.000Z;0.140
2011-11-23T00:00:00.000Z;0.133
2011-11-24T00:00:00.000Z;0.120
2011-11-25T00:00:00.000Z;0.115
2011-11-26T00:00:00.000Z;0.111
2011-11-27T00:00:00.000Z;0.111
2011-11-28T00:00:00.000Z;0.110
2011-11-29T00:00:00.000Z;0.107
2011-11-30T00:00:00.000Z;0.105
2011-12-01T00:00:00.000Z;0.102
2011-12-02T00:00:00.000Z;0.102
2011-12-03T00:00:00.000Z;0.0980
2011-12-04T00:00:00.000Z;0.0940
2011-12-05T00:00:00.000Z;0.135
2011-12-06T00:00:00.000Z;0.207
2011-12-07T00:00:00.000Z;0.172
2011-12-08T00:00:00.000Z;0.176
2011-12-09T00:00:00.000Z;0.165
2011-12-10T00:00:00.000Z;0.151
2011-12-11T00:00:00.000Z;0.141
2011-12-12T00:00:00.000Z;0.131
2011-12-13T00:00:00.000Z;0.121
2011-12-14T00:00:00.000Z;0.117
2011-12-15T00:00:00.000Z;0.117
2011-12-16T00:00:00.000Z;0.129
2011-12-17T00:00:00.000Z;0.859
2011-12-18T00:00:00.000Z;0.840
2011-12-19T00:00:00.000Z;0.492
2011-12-20T00:00:00.000Z;Jan.62
2011-12-21T00:00:00.000Z;Mar.81
2011-12-22T00:00:00.000Z;Feb.28
2011-12-23T00:00:00.000Z;Jan.26
2011-12-24T00:00:00.000Z;1.Sep
2011-12-25T00:00:00.000Z;0.922
2011-12-26T00:00:00.000Z;0.624
2011-12-27T00:00:00.000Z;0.467
2011-12-28T00:00:00.000Z;0.373
2011-12-29T00:00:00.000Z;0.559
2011-12-30T00:00:00.000Z;0.630
2012-06-07T00:00:00.000Z;0.189
2012-06-08T00:00:00.000Z;0.179
2012-06-09T00:00:00.000Z;0.176
2012-06-10T00:00:00.000Z;0.177
2012-06-11T00:00:00.000Z;0.227
2012-06-12T00:00:00.000Z;0.372
2012-06-13T00:00:00.000Z;0.202
2012-06-14T00:00:00.000Z;0.191
2012-06-15T00:00:00.000Z;0.161
2012-06-16T00:00:00.000Z;0.140
2012-06-17T00:00:00.000Z;0.139
2012-06-18T00:00:00.000Z;0.133
2012-06-19T00:00:00.000Z;0.130
2012-06-20T00:00:00.000Z;0.130
2012-06-21T00:00:00.000Z;0.121
2012-06-22T00:00:00.000Z;0.117
2012-06-23T00:00:00.000Z;0.113
2012-06-24T00:00:00.000Z;0.109
2012-06-25T00:00:00.000Z;0.106
2012-06-26T00:00:00.000Z;0.103
2012-06-27T00:00:00.000Z;0.101
2012-06-28T00:00:00.000Z;0.106
2012-06-29T00:00:00.000Z;0.100
2012-06-30T00:00:00.000Z;0.0960
2012-07-01T00:00:00.000Z;0.124
2012-07-02T00:00:00.000Z;0.171
2012-07-03T00:00:00.000Z;0.157
2012-07-04T00:00:00.000Z;0.143
2012-07-05T00:00:00.000Z;0.229
2012-07-06T00:00:00.000Z;0.280
2012-07-07T00:00:00.000Z;0.200
2012-07-08T00:00:00.000Z;0.164
2012-07-09T00:00:00.000Z;0.163
2012-07-10T00:00:00.000Z;0.141
2012-07-11T00:00:00.000Z;0.133
2012-07-12T00:00:00.000Z;0.189
2012-07-13T00:00:00.000Z;0.170
2012-07-14T00:00:00.000Z;0.139
2012-07-15T00:00:00.000Z;0.131
2012-07-16T00:00:00.000Z;0.119
2012-07-17T00:00:00.000Z;0.109
2012-07-18T00:00:00.000Z;0.103
2012-07-19T00:00:00.000Z;0.0990
2012-07-20T00:00:00.000Z;0.0970
2012-07-21T00:00:00.000Z;0.0950
2012-07-22T00:00:00.000Z;0.0910
2012-07-23T00:00:00.000Z;0.0870
2012-07-24T00:00:00.000Z;0.0850
2012-07-25T00:00:00.000Z;0.0830
2012-07-26T00:00:00.000Z;0.0810
2012-07-27T00:00:00.000Z;0.0800
2012-07-28T00:00:00.000Z;0.0770
2012-07-29T00:00:00.000Z;0.0750
2012-07-30T00:00:00.000Z;0.0740
2012-07-31T00:00:00.000Z;0.0730
2012-08-01T00:00:00.000Z;0.0710
2012-08-02T00:00:00.000Z;0.0700
2012-08-03T00:00:00.000Z;0.0690
2012-08-04T00:00:00.000Z;0.0690
2012-08-05T00:00:00.000Z;0.0710
2012-08-06T00:00:00.000Z;0.196
2012-08-07T00:00:00.000Z;0.141
2012-08-08T00:00:00.000Z;0.0960
2012-08-09T00:00:00.000Z;0.0820
2012-08-10T00:00:00.000Z;0.0750
2012-08-11T00:00:00.000Z;0.0720
2012-08-12T00:00:00.000Z;0.0700
2012-08-13T00:00:00.000Z;0.0690
2012-08-14T00:00:00.000Z;0.0670
2012-08-15T00:00:00.000Z;0.0650
2012-08-16T00:00:00.000Z;0.0630
2012-08-17T00:00:00.000Z;0.0620
2012-08-18T00:00:00.000Z;0.0600
2012-08-19T00:00:00.000Z;0.0590
2012-08-20T00:00:00.000Z;0.0570
2012-08-21T00:00:00.000Z;0.0550
2012-08-22T00:00:00.000Z;0.0550
2012-08-23T00:00:00.000Z;0.0550
2012-08-24T00:00:00.000Z;0.0540
2012-08-25T00:00:00.000Z;0.0520
2012-08-26T00:00:00.000Z;0.0550
2012-08-27T00:00:00.000Z;0.0520
2012-08-28T00:00:00.000Z;0.0520
2012-08-29T00:00:00.000Z;0.0500
2012-08-30T00:00:00.000Z;0.0530
2012-08-31T00:00:00.000Z;0.0760
2012-09-01T00:00:00.000Z;0.0580
2012-09-02T00:00:00.000Z;0.0520
2012-09-03T00:00:00.000Z;0.0500
2012-09-04T00:00:00.000Z;0.0500
2012-09-05T00:00:00.000Z;0.0490
2012-09-06T00:00:00.000Z;0.0480
2012-09-07T00:00:00.000Z;0.0470
2012-09-08T00:00:00.000Z;0.0460
2012-09-09T00:00:00.000Z;0.0460
2012-09-10T00:00:00.000Z;0.0460
2012-09-11T00:00:00.000Z;0.0480
2012-09-12T00:00:00.000Z;0.130
2012-09-13T00:00:00.000Z;0.151
2012-09-14T00:00:00.000Z;0.0940
2012-09-15T00:00:00.000Z;0.0730
2012-09-16T00:00:00.000Z;0.0640
2012-09-17T00:00:00.000Z;0.0590
2012-09-18T00:00:00.000Z;0.0560
2012-09-19T00:00:00.000Z;0.0790
2012-09-20T00:00:00.000Z;0.102
2012-09-21T00:00:00.000Z;0.0700
2012-09-22T00:00:00.000Z;0.0600
2012-09-23T00:00:00.000Z;0.0570
2012-09-24T00:00:00.000Z;0.0550
2012-09-25T00:00:00.000Z;0.0540
2012-09-26T00:00:00.000Z;0.0520
2012-09-27T00:00:00.000Z;0.0510
2012-09-28T00:00:00.000Z;0.0500
2012-09-29T00:00:00.000Z;0.0500
2012-09-30T00:00:00.000Z;0.512
2012-10-01T00:00:00.000Z;0.259
2012-10-02T00:00:00.000Z;0.166
2012-10-03T00:00:00.000Z;0.135
2012-10-04T00:00:00.000Z;0.119
2012-10-05T00:00:00.000Z;0.112
2012-10-06T00:00:00.000Z;0.106
2012-10-07T00:00:00.000Z;0.103
2012-10-08T00:00:00.000Z;0.100
2012-10-09T00:00:00.000Z;0.0980
2012-10-10T00:00:00.000Z;0.0980
2012-10-11T00:00:00.000Z;0.0990
2012-10-12T00:00:00.000Z;0.118
2012-10-13T00:00:00.000Z;0.146
2012-10-14T00:00:00.000Z;0.139
2012-10-15T00:00:00.000Z;0.254
2012-10-16T00:00:00.000Z;0.223
2012-10-17T00:00:00.000Z;0.165
2012-10-18T00:00:00.000Z;0.140
2012-10-19T00:00:00.000Z;0.126
2012-10-20T00:00:00.000Z;0.118
2012-10-21T00:00:00.000Z;0.114
2012-10-22T00:00:00.000Z;0.119
2012-10-23T00:00:00.000Z;0.121
2012-10-24T00:00:00.000Z;0.118
2012-10-25T00:00:00.000Z;0.114
2012-10-26T00:00:00.000Z;0.125
2012-10-27T00:00:00.000Z;Jan.73
2012-10-28T00:00:00.000Z;Jan.69
2012-10-29T00:00:00.000Z;0.660
2012-10-30T00:00:00.000Z;0.312
2012-10-31T00:00:00.000Z;0.267
2012-11-01T00:00:00.000Z;0.223
2012-11-02T00:00:00.000Z;0.208
2012-11-03T00:00:00.000Z;0.201
2012-11-04T00:00:00.000Z;0.184
2012-11-05T00:00:00.000Z;0.396
2012-11-06T00:00:00.000Z;0.283
2012-11-07T00:00:00.000Z;0.230
2012-11-08T00:00:00.000Z;0.206
2012-11-09T00:00:00.000Z;0.191
2012-11-10T00:00:00.000Z;0.185
2012-11-11T00:00:00.000Z;0.515
2012-11-12T00:00:00.000Z;0.628
2012-11-13T00:00:00.000Z;0.367
2012-11-14T00:00:00.000Z;0.282
2012-11-15T00:00:00.000Z;0.249
2012-11-16T00:00:00.000Z;0.221
2012-11-17T00:00:00.000Z;0.204
2012-11-18T00:00:00.000Z;0.191
2012-11-19T00:00:00.000Z;0.192
2012-11-20T00:00:00.000Z;0.192
2012-11-21T00:00:00.000Z;0.184
2012-11-22T00:00:00.000Z;0.184
2012-11-23T00:00:00.000Z;0.186
2012-11-24T00:00:00.000Z;0.179
2012-11-25T00:00:00.000Z;0.169
2012-11-26T00:00:00.000Z;0.177
2012-11-27T00:00:00.000Z;0.728
2012-11-28T00:00:00.000Z;0.986
2012-11-29T00:00:00.000Z;0.874
2012-11-30T00:00:00.000Z;0.621
2012-12-01T00:00:00.000Z;0.464
2012-12-02T00:00:00.000Z;0.355
2012-12-03T00:00:00.000Z;Jan.17
2012-12-04T00:00:00.000Z;Feb.50
2012-12-05T00:00:00.000Z;Mar.56
2012-12-06T00:00:00.000Z;Feb.23
2012-12-07T00:00:00.000Z;Jan.71
2012-12-08T00:00:00.000Z;Mar.58
2012-12-09T00:00:00.000Z;Jan.75
2012-12-10T00:00:00.000Z;0.982
2012-12-11T00:00:00.000Z;0.702
2012-12-12T00:00:00.000Z;0.574
2012-12-13T00:00:00.000Z;0.511
2012-12-14T00:00:00.000Z;0.493
2012-12-15T00:00:00.000Z;0.868
2012-12-16T00:00:00.000Z;0.773
2012-12-17T00:00:00.000Z;0.646
2012-12-18T00:00:00.000Z;0.558
2012-12-19T00:00:00.000Z;0.449
2012-12-20T00:00:00.000Z;0.403
2012-12-21T00:00:00.000Z;0.375
2012-12-22T00:00:00.000Z;0.390
2012-12-23T00:00:00.000Z;0.386
2012-12-24T00:00:00.000Z;0.352
2012-12-25T00:00:00.000Z;0.323
2012-12-26T00:00:00.000Z;0.292
2012-12-27T00:00:00.000Z;0.275
2012-12-28T00:00:00.000Z;0.264
2012-12-29T00:00:00.000Z;0.258
2012-12-30T00:00:00.000Z;0.259
2012-12-31T00:00:00.000Z;0.260
2013-01-01T00:00:00.000Z;0.367
2013-01-02T00:00:00.000Z;Jan.13
2013-01-03T00:00:00.000Z;0.781
2013-01-04T00:00:00.000Z;0.558
2013-01-05T00:00:00.000Z;0.462
2013-01-06T00:00:00.000Z;0.382
2013-01-07T00:00:00.000Z;0.335
2013-01-08T00:00:00.000Z;0.310
2013-01-09T00:00:00.000Z;0.293
2013-01-10T00:00:00.000Z;0.278
2013-01-11T00:00:00.000Z;0.304
2013-01-12T00:00:00.000Z;0.300
2013-01-13T00:00:00.000Z;0.382
2013-01-14T00:00:00.000Z;0.723
2013-01-15T00:00:00.000Z;Jan.49
2013-01-16T00:00:00.000Z;Feb.33
2013-01-17T00:00:00.000Z;Apr.22
2013-01-18T00:00:00.000Z;Jan.99
2013-01-19T00:00:00.000Z;Feb.58
2013-01-20T00:00:00.000Z;Apr.97
2013-01-21T00:00:00.000Z;Feb.80
2013-01-22T00:00:00.000Z;Jan.59
2013-01-23T00:00:00.000Z;0.997
2013-01-24T00:00:00.000Z;1.Nov
2013-01-25T00:00:00.000Z;1.Apr
2013-01-26T00:00:00.000Z;Feb.39
2013-01-27T00:00:00.000Z;Feb.56
2013-01-28T00:00:00.000Z;3.Feb
2013-01-29T00:00:00.000Z;Feb.14
2013-01-30T00:00:00.000Z;Jan.62
2013-01-31T00:00:00.000Z;2.May
2013-02-01T00:00:00.000Z;Feb.28
2013-02-02T00:00:00.000Z;Mar.59
2013-02-03T00:00:00.000Z;Feb.78
2013-02-04T00:00:00.000Z;Jan.57
2013-02-05T00:00:00.000Z;2.Mar
2013-02-06T00:00:00.000Z;Feb.44
2013-02-07T00:00:00.000Z;Jan.87
2013-02-08T00:00:00.000Z;Jan.16
2013-02-09T00:00:00.000Z;0.930
2013-02-10T00:00:00.000Z;Jan.35
2013-02-11T00:00:00.000Z;Jan.56
2013-02-12T00:00:00.000Z;Jan.27
2013-02-13T00:00:00.000Z;1.Jun
2013-02-14T00:00:00.000Z;Mar.23
2013-02-15T00:00:00.000Z;Apr.26
2013-02-16T00:00:00.000Z;Mar.13
2013-02-17T00:00:00.000Z;Feb.29
2013-02-18T00:00:00.000Z;Jan.76
2013-02-19T00:00:00.000Z;Jan.61
2013-02-20T00:00:00.000Z;Jan.58
2013-02-21T00:00:00.000Z;Jan.43
2013-02-22T00:00:00.000Z;Jan.40
2013-02-23T00:00:00.000Z;Jan.18
2013-02-24T00:00:00.000Z;0.865
2013-02-25T00:00:00.000Z;0.684
2013-02-26T00:00:00.000Z;0.576
2013-02-27T00:00:00.000Z;0.554
2013-02-28T00:00:00.000Z;0.603
2013-03-01T00:00:00.000Z;0.581
2013-03-02T00:00:00.000Z;0.548
2013-03-03T00:00:00.000Z;0.654
2013-03-04T00:00:00.000Z;0.816
2013-03-05T00:00:00.000Z;1.Jun
2013-03-06T00:00:00.000Z;Jan.26
2013-03-07T00:00:00.000Z;Jan.28
2013-03-08T00:00:00.000Z;Jan.48
2013-03-09T00:00:00.000Z;Jan.32
2013-03-10T00:00:00.000Z;1.May
2013-03-11T00:00:00.000Z;0.819
2013-03-12T00:00:00.000Z;0.798
2013-03-13T00:00:00.000Z;0.791
2013-03-14T00:00:00.000Z;0.626
2013-03-15T00:00:00.000Z;0.536
2013-03-16T00:00:00.000Z;0.635
2013-03-17T00:00:00.000Z;0.717
2013-03-18T00:00:00.000Z;0.776
2013-03-19T00:00:00.000Z;0.707
2013-03-20T00:00:00.000Z;0.719
2013-03-21T00:00:00.000Z;0.865
2013-03-22T00:00:00.000Z;0.751
2013-03-23T00:00:00.000Z;0.748
2013-03-24T00:00:00.000Z;0.693
2013-03-25T00:00:00.000Z;1.Aug
2013-03-26T00:00:00.000Z;Jan.38
2013-03-27T00:00:00.000Z;Jan.40
2013-03-28T00:00:00.000Z;0.959
2013-03-29T00:00:00.000Z;0.746
2013-03-30T00:00:00.000Z;Feb.22
2013-03-31T00:00:00.000Z;Feb.40
2013-04-01T00:00:00.000Z;Jan.54
2013-04-02T00:00:00.000Z;1.Oct
2013-04-03T00:00:00.000Z;0.881
2013-04-04T00:00:00.000Z;0.889
2013-04-05T00:00:00.000Z;Jan.62
2013-04-06T00:00:00.000Z;Jan.14
2013-04-07T00:00:00.000Z;1.Jul
2013-04-08T00:00:00.000Z;Jan.19
2013-04-09T00:00:00.000Z;Jan.17
2013-04-10T00:00:00.000Z;1.Mar
2013-04-11T00:00:00.000Z;0.830
2013-04-12T00:00:00.000Z;0.681
2013-04-13T00:00:00.000Z;0.566
2013-04-14T00:00:00.000Z;0.520
2013-04-15T00:00:00.000Z;0.469
2013-04-16T00:00:00.000Z;0.426
2013-04-17T00:00:00.000Z;0.401
2013-04-18T00:00:00.000Z;0.372
2013-04-19T00:00:00.000Z;0.439
2013-04-20T00:00:00.000Z;0.588
2013-04-21T00:00:00.000Z;0.601
2013-04-22T00:00:00.000Z;0.473
2013-04-23T00:00:00.000Z;0.395
2013-04-24T00:00:00.000Z;0.356
2013-04-25T00:00:00.000Z;0.338
2013-04-26T00:00:00.000Z;0.332
2013-04-27T00:00:00.000Z;0.545
2013-04-28T00:00:00.000Z;0.766
2013-04-29T00:00:00.000Z;0.809
2013-04-30T00:00:00.000Z;Jan.36
2013-05-01T00:00:00.000Z;Jan.42
2013-05-02T00:00:00.000Z;0.995
2013-05-03T00:00:00.000Z;Jan.39
2013-05-04T00:00:00.000Z;1.Mar
2013-05-05T00:00:00.000Z;0.765
2013-05-06T00:00:00.000Z;0.611
2013-05-07T00:00:00.000Z;0.540
2013-05-08T00:00:00.000Z;0.474
2013-05-09T00:00:00.000Z;0.443
2013-05-10T00:00:00.000Z;0.778
2013-05-11T00:00:00.000Z;0.729
2013-05-12T00:00:00.000Z;0.520
2013-05-13T00:00:00.000Z;0.432
2013-05-14T00:00:00.000Z;0.396
2013-05-15T00:00:00.000Z;0.445
2013-05-16T00:00:00.000Z;1.Feb
2013-05-17T00:00:00.000Z;0.875
2013-05-18T00:00:00.000Z;0.654
2013-05-19T00:00:00.000Z;0.510
2013-05-20T00:00:00.000Z;0.432
2013-05-21T00:00:00.000Z;0.398
2013-05-22T00:00:00.000Z;2.Jun
2013-05-23T00:00:00.000Z;Feb.80
2013-05-24T00:00:00.000Z;Jan.77
2013-05-25T00:00:00.000Z;Jan.22
2013-05-26T00:00:00.000Z;0.999
2013-05-27T00:00:00.000Z;0.813
2013-05-28T00:00:00.000Z;0.717
2013-05-29T00:00:00.000Z;0.818
2013-05-30T00:00:00.000Z;1.Apr
2013-05-31T00:00:00.000Z;May.51
2013-06-01T00:00:00.000Z;Apr.43
2013-06-02T00:00:00.000Z;3.Jul
2013-06-03T00:00:00.000Z;2.Sep
2013-06-04T00:00:00.000Z;Jan.28
2013-06-05T00:00:00.000Z;0.854
2013-06-06T00:00:00.000Z;0.674
2013-06-07T00:00:00.000Z;0.584
2013-06-08T00:00:00.000Z;0.536
2013-06-09T00:00:00.000Z;0.599
2013-06-10T00:00:00.000Z;Jan.21
2013-06-11T00:00:00.000Z;0.904
2013-06-12T00:00:00.000Z;0.646
2013-06-13T00:00:00.000Z;0.555
2013-06-14T00:00:00.000Z;0.517
2013-06-15T00:00:00.000Z;0.459
2013-06-16T00:00:00.000Z;0.419
2013-06-17T00:00:00.000Z;0.389
2013-06-18T00:00:00.000Z;0.583
2013-06-19T00:00:00.000Z;Jan.92
2013-06-20T00:00:00.000Z;Jan.19
2013-06-21T00:00:00.000Z;0.801
2013-06-22T00:00:00.000Z;0.628
2013-06-23T00:00:00.000Z;0.568
2013-06-24T00:00:00.000Z;0.528
2013-06-25T00:00:00.000Z;0.455
2013-06-26T00:00:00.000Z;0.399
2013-06-27T00:00:00.000Z;0.369
2013-06-28T00:00:00.000Z;0.343
2013-06-29T00:00:00.000Z;0.322
2013-06-30T00:00:00.000Z;0.314
2013-07-01T00:00:00.000Z;0.305
2013-07-02T00:00:00.000Z;0.299
2013-07-03T00:00:00.000Z;0.295
2013-07-04T00:00:00.000Z;0.287
2013-07-05T00:00:00.000Z;0.274
2013-07-06T00:00:00.000Z;0.263
2013-07-07T00:00:00.000Z;0.253
2013-07-08T00:00:00.000Z;0.245
2013-07-09T00:00:00.000Z;0.238
2013-07-10T00:00:00.000Z;0.235
2013-07-11T00:00:00.000Z;0.232
2013-07-12T00:00:00.000Z;0.227
2013-07-13T00:00:00.000Z;0.224
2013-07-14T00:00:00.000Z;0.233
2013-07-15T00:00:00.000Z;0.199
2013-07-16T00:00:00.000Z;0.212
2013-07-17T00:00:00.000Z;0.275
2013-07-18T00:00:00.000Z;0.333
2013-07-19T00:00:00.000Z;0.254
2013-07-20T00:00:00.000Z;0.214
2013-07-21T00:00:00.000Z;0.196
2013-07-22T00:00:00.000Z;0.185
2013-07-23T00:00:00.000Z;0.181
2013-07-24T00:00:00.000Z;0.176
2013-07-25T00:00:00.000Z;0.167
2013-07-26T00:00:00.000Z;0.163
2013-07-27T00:00:00.000Z;0.160
2013-07-28T00:00:00.000Z;0.156
2013-07-29T00:00:00.000Z;0.152
2013-07-30T00:00:00.000Z;0.148
2013-07-31T00:00:00.000Z;0.145
2013-08-01T00:00:00.000Z;0.143
2013-08-02T00:00:00.000Z;0.141
2013-08-03T00:00:00.000Z;0.136
2013-08-04T00:00:00.000Z;0.133
2013-08-05T00:00:00.000Z;0.131
2013-08-06T00:00:00.000Z;0.131
2013-08-07T00:00:00.000Z;0.132
2013-08-08T00:00:00.000Z;0.149
2013-08-09T00:00:00.000Z;0.137
2013-08-10T00:00:00.000Z;0.128
2013-08-11T00:00:00.000Z;0.125
2013-08-12T00:00:00.000Z;0.123
2013-08-13T00:00:00.000Z;0.121
2013-08-14T00:00:00.000Z;0.120
2013-08-15T00:00:00.000Z;0.118
2013-08-16T00:00:00.000Z;0.121
2013-08-17T00:00:00.000Z;0.192
2013-08-18T00:00:00.000Z;0.148
2013-08-19T00:00:00.000Z;0.127
2013-08-20T00:00:00.000Z;0.122
2013-08-21T00:00:00.000Z;0.118
2013-08-22T00:00:00.000Z;0.117
2013-08-23T00:00:00.000Z;0.115
2013-08-24T00:00:00.000Z;0.115
2013-08-25T00:00:00.000Z;0.125
2013-08-26T00:00:00.000Z;0.127
2013-08-27T00:00:00.000Z;0.148
2013-08-28T00:00:00.000Z;0.153
2013-08-29T00:00:00.000Z;0.127
2013-08-30T00:00:00.000Z;0.118
2013-08-31T00:00:00.000Z;0.114
2013-09-01T00:00:00.000Z;0.110
2013-09-02T00:00:00.000Z;0.109
2013-09-03T00:00:00.000Z;0.107
2013-09-04T00:00:00.000Z;0.106
2013-09-05T00:00:00.000Z;0.106
2013-09-06T00:00:00.000Z;0.106
2013-09-07T00:00:00.000Z;0.109
2013-09-08T00:00:00.000Z;0.147
2013-09-09T00:00:00.000Z;0.144
2013-09-10T00:00:00.000Z;0.322
2013-09-11T00:00:00.000Z;0.475
2013-09-12T00:00:00.000Z;0.216
2013-09-13T00:00:00.000Z;0.169
2013-09-14T00:00:00.000Z;0.149
2013-09-15T00:00:00.000Z;0.214
2013-09-16T00:00:00.000Z;0.242
2013-09-17T00:00:00.000Z;0.379
2013-09-18T00:00:00.000Z;0.342
2013-09-19T00:00:00.000Z;0.360
2013-09-20T00:00:00.000Z;0.289
2013-09-21T00:00:00.000Z;0.224
2013-09-22T00:00:00.000Z;0.187
2013-09-23T00:00:00.000Z;0.168
2013-09-24T00:00:00.000Z;0.156
2013-09-25T00:00:00.000Z;0.149
2013-09-26T00:00:00.000Z;0.141
2013-09-27T00:00:00.000Z;0.135
2013-09-28T00:00:00.000Z;0.131
2013-09-29T00:00:00.000Z;0.129
2013-09-30T00:00:00.000Z;0.130
2013-10-01T00:00:00.000Z;0.124
2013-10-02T00:00:00.000Z;0.120
2013-10-03T00:00:00.000Z;0.118
2013-10-04T00:00:00.000Z;0.145
2013-10-05T00:00:00.000Z;0.174
2013-10-06T00:00:00.000Z;0.284
2013-10-07T00:00:00.000Z;0.263
2013-10-08T00:00:00.000Z;0.189
2013-10-09T00:00:00.000Z;0.164
2013-10-10T00:00:00.000Z;0.165
2013-10-11T00:00:00.000Z;0.725
2013-10-12T00:00:00.000Z;0.359
2013-10-13T00:00:00.000Z;0.255
2013-10-14T00:00:00.000Z;0.207
2013-10-15T00:00:00.000Z;0.183
2013-10-16T00:00:00.000Z;0.325
2013-10-17T00:00:00.000Z;0.394
2013-10-18T00:00:00.000Z;0.313
2013-10-19T00:00:00.000Z;0.258
2013-10-20T00:00:00.000Z;0.223
2013-10-21T00:00:00.000Z;0.204
2013-10-22T00:00:00.000Z;0.192
2013-10-23T00:00:00.000Z;0.182
2013-10-24T00:00:00.000Z;0.169
2013-10-25T00:00:00.000Z;0.163
2013-10-26T00:00:00.000Z;0.155
2013-10-27T00:00:00.000Z;0.148
2013-10-28T00:00:00.000Z;0.145
2013-10-29T00:00:00.000Z;0.148
2013-10-30T00:00:00.000Z;0.156
2013-10-31T00:00:00.000Z;0.154
2013-11-01T00:00:00.000Z;0.144
2013-11-02T00:00:00.000Z;0.141
2013-11-03T00:00:00.000Z;0.283
2013-11-04T00:00:00.000Z;0.370
2013-11-05T00:00:00.000Z;3.00
2013-11-06T00:00:00.000Z;Feb.57
2013-11-07T00:00:00.000Z;Jan.24
2013-11-08T00:00:00.000Z;0.578
2013-11-09T00:00:00.000Z;0.453
2013-11-10T00:00:00.000Z;0.498
2013-11-11T00:00:00.000Z;Feb.78
2013-11-12T00:00:00.000Z;Feb.71
2013-11-13T00:00:00.000Z;Mar.89
2013-11-14T00:00:00.000Z;3.Jan
2013-11-15T00:00:00.000Z;Mar.18
2013-11-16T00:00:00.000Z;Feb.23
2013-11-17T00:00:00.000Z;Jan.61
2013-11-18T00:00:00.000Z;Jan.91
2013-11-19T00:00:00.000Z;Jun.18
2013-11-20T00:00:00.000Z;Mar.88
2013-11-21T00:00:00.000Z;3.Sep
2013-11-22T00:00:00.000Z;Feb.88
2013-11-23T00:00:00.000Z;Jan.42
2013-11-24T00:00:00.000Z;0.976
2013-11-25T00:00:00.000Z;0.874
2013-11-26T00:00:00.000Z;0.793
2013-11-27T00:00:00.000Z;0.722
2013-11-28T00:00:00.000Z;0.654
2013-11-29T00:00:00.000Z;0.631
2013-11-30T00:00:00.000Z;0.774
2013-12-01T00:00:00.000Z;0.881
2013-12-02T00:00:00.000Z;0.755
2013-12-03T00:00:00.000Z;0.694
2013-12-04T00:00:00.000Z;0.877
2013-12-05T00:00:00.000Z;1.Apr
2013-12-06T00:00:00.000Z;0.956
2013-12-07T00:00:00.000Z;0.825
2013-12-08T00:00:00.000Z;0.805
2013-12-09T00:00:00.000Z;0.821
2013-12-10T00:00:00.000Z;0.779
2013-12-11T00:00:00.000Z;0.730
2013-12-12T00:00:00.000Z;0.742
2013-12-13T00:00:00.000Z;0.643
2013-12-14T00:00:00.000Z;0.560
2013-12-15T00:00:00.000Z;0.561
2013-12-16T00:00:00.000Z;0.512
2013-12-17T00:00:00.000Z;0.496
2013-12-18T00:00:00.000Z;0.437
2013-12-19T00:00:00.000Z;0.441
2013-12-20T00:00:00.000Z;0.846
2013-12-21T00:00:00.000Z;0.772
2013-12-22T00:00:00.000Z;0.567
2013-12-23T00:00:00.000Z;0.489
2013-12-24T00:00:00.000Z;0.444
2013-12-25T00:00:00.000Z;0.461
2013-12-26T00:00:00.000Z;0.667
2013-12-27T00:00:00.000Z;0.804
2013-12-28T00:00:00.000Z;1.Jun
2013-12-29T00:00:00.000Z;Jan.16
2013-12-30T00:00:00.000Z;0.779
2013-12-31T00:00:00.000Z;0.590
2014-01-01T00:00:00.000Z;0.529
2014-01-02T00:00:00.000Z;0.462
2014-01-03T00:00:00.000Z;0.431
2014-01-04T00:00:00.000Z;0.523
2014-01-05T00:00:00.000Z;0.733
2014-01-06T00:00:00.000Z;0.977
2014-01-07T00:00:00.000Z;0.816
2014-01-08T00:00:00.000Z;0.593
2014-01-09T00:00:00.000Z;0.518
2014-01-10T00:00:00.000Z;0.446
2014-01-11T00:00:00.000Z;0.393
2014-01-12T00:00:00.000Z;0.364
2014-01-13T00:00:00.000Z;0.361
2014-01-14T00:00:00.000Z;0.446
2014-01-15T00:00:00.000Z;0.567
2014-01-16T00:00:00.000Z;0.564
2014-01-17T00:00:00.000Z;0.482
2014-01-18T00:00:00.000Z;0.420
2014-01-19T00:00:00.000Z;0.377
2014-01-20T00:00:00.000Z;0.357
2014-01-21T00:00:00.000Z;0.426
2014-01-22T00:00:00.000Z;0.485
2014-01-23T00:00:00.000Z;1.00
2014-01-24T00:00:00.000Z;Apr.15
2014-01-25T00:00:00.000Z;Jul.84
2014-01-26T00:00:00.000Z;4.Dec
2014-01-27T00:00:00.000Z;3.May
2014-01-28T00:00:00.000Z;Feb.88
2014-01-29T00:00:00.000Z;2.Jun
2014-01-30T00:00:00.000Z;Jan.31
2014-01-31T00:00:00.000Z;0.957
2014-02-01T00:00:00.000Z;1.Nov
2014-02-02T00:00:00.000Z;Jan.53
2014-02-03T00:00:00.000Z;1.Oct
2014-02-04T00:00:00.000Z;0.876
2014-02-05T00:00:00.000Z;0.826
2014-02-06T00:00:00.000Z;0.770
2014-02-07T00:00:00.000Z;0.866
2014-02-08T00:00:00.000Z;0.816
2014-02-09T00:00:00.000Z;0.767
2014-02-10T00:00:00.000Z;0.718
2014-02-11T00:00:00.000Z;1.Mar
2014-02-12T00:00:00.000Z;0.933
2014-02-13T00:00:00.000Z;0.970
2014-02-14T00:00:00.000Z;1.Feb
2014-02-15T00:00:00.000Z;0.852
2014-02-16T00:00:00.000Z;0.769
2014-02-17T00:00:00.000Z;0.826
2014-02-18T00:00:00.000Z;0.742
2014-02-19T00:00:00.000Z;0.599
2014-02-20T00:00:00.000Z;0.551
2014-02-21T00:00:00.000Z;0.610
2014-02-22T00:00:00.000Z;0.694
2014-02-23T00:00:00.000Z;0.588
2014-02-24T00:00:00.000Z;0.542
2014-02-25T00:00:00.000Z;0.477
2014-02-26T00:00:00.000Z;0.449
2014-02-27T00:00:00.000Z;0.450
2014-02-28T00:00:00.000Z;0.685
2014-03-01T00:00:00.000Z;1.Oct
2014-03-02T00:00:00.000Z;1.Apr
2014-03-03T00:00:00.000Z;Feb.25
2014-03-04T00:00:00.000Z;Feb.26
2014-03-05T00:00:00.000Z;Apr.53
2014-03-06T00:00:00.000Z;Mar.24
2014-03-07T00:00:00.000Z;Feb.19
2014-03-08T00:00:00.000Z;Jan.41
2014-03-09T00:00:00.000Z;0.972
2014-03-10T00:00:00.000Z;0.772
2014-03-11T00:00:00.000Z;0.643
2014-03-12T00:00:00.000Z;0.579
2014-03-13T00:00:00.000Z;0.526
2014-03-14T00:00:00.000Z;0.467
2014-03-15T00:00:00.000Z;0.429
2014-03-16T00:00:00.000Z;0.402
2014-03-17T00:00:00.000Z;0.381
2014-03-18T00:00:00.000Z;0.363
2014-03-19T00:00:00.000Z;0.347
2014-03-20T00:00:00.000Z;0.334
2014-03-21T00:00:00.000Z;0.327
2014-03-22T00:00:00.000Z;0.354
2014-03-23T00:00:00.000Z;0.413
2014-03-24T00:00:00.000Z;0.390
2014-03-25T00:00:00.000Z;0.940
2014-03-26T00:00:00.000Z;Jan.22
2014-03-27T00:00:00.000Z;Jan.41
2014-03-28T00:00:00.000Z;Jan.24
2014-03-29T00:00:00.000Z;Jan.16
2014-03-30T00:00:00.000Z;0.999
2014-03-31T00:00:00.000Z;0.780
2014-04-01T00:00:00.000Z;0.616
2014-04-02T00:00:00.000Z;0.531
2014-04-03T00:00:00.000Z;0.487
2014-04-04T00:00:00.000Z;Feb.27
2014-04-05T00:00:00.000Z;Jan.79
2014-04-06T00:00:00.000Z;1.May
2014-04-07T00:00:00.000Z;0.739
2014-04-08T00:00:00.000Z;0.670
2014-04-09T00:00:00.000Z;0.812
2014-04-10T00:00:00.000Z;0.640
2014-04-11T00:00:00.000Z;0.557
2014-04-12T00:00:00.000Z;0.493
2014-04-13T00:00:00.000Z;0.444
2014-04-14T00:00:00.000Z;0.414
2014-04-15T00:00:00.000Z;0.395
2014-04-16T00:00:00.000Z;0.372
2014-04-17T00:00:00.000Z;0.355
2014-04-18T00:00:00.000Z;0.346
2014-04-19T00:00:00.000Z;0.340
2014-04-20T00:00:00.000Z;0.331
2014-04-21T00:00:00.000Z;0.324
2014-04-22T00:00:00.000Z;0.316
2014-04-23T00:00:00.000Z;0.305
2014-04-24T00:00:00.000Z;0.307
2014-04-25T00:00:00.000Z;0.522
2014-04-26T00:00:00.000Z;0.445
2014-04-27T00:00:00.000Z;Jan.25
2014-04-28T00:00:00.000Z;0.808
2014-04-29T00:00:00.000Z;0.538
2014-04-30T00:00:00.000Z;0.619
2014-05-01T00:00:00.000Z;0.971
2014-05-02T00:00:00.000Z;Feb.21
2014-05-03T00:00:00.000Z;Feb.94
2014-05-04T00:00:00.000Z;Jan.65
2014-05-05T00:00:00.000Z;0.967
2014-05-06T00:00:00.000Z;0.692
2014-05-07T00:00:00.000Z;0.601
2014-05-08T00:00:00.000Z;0.517
2014-05-09T00:00:00.000Z;0.461
2014-05-10T00:00:00.000Z;0.432
2014-05-11T00:00:00.000Z;0.420
2014-05-12T00:00:00.000Z;0.402
2014-05-13T00:00:00.000Z;0.555
2014-05-14T00:00:00.000Z;0.576
2014-05-15T00:00:00.000Z;0.428
2014-05-16T00:00:00.000Z;0.386
2014-05-17T00:00:00.000Z;0.362
2014-05-18T00:00:00.000Z;0.344
2014-05-19T00:00:00.000Z;0.338
2014-05-20T00:00:00.000Z;0.325
2014-05-21T00:00:00.000Z;0.312
2014-05-22T00:00:00.000Z;0.301
2014-05-23T00:00:00.000Z;0.290
2014-05-24T00:00:00.000Z;0.281
2014-05-25T00:00:00.000Z;0.274
2014-05-26T00:00:00.000Z;0.532
2014-05-27T00:00:00.000Z;0.771
2014-05-28T00:00:00.000Z;0.614
2014-05-29T00:00:00.000Z;Feb.40
2014-05-30T00:00:00.000Z;Jan.83
2014-05-31T00:00:00.000Z;Feb.14
2014-06-01T00:00:00.000Z;Jan.82
2014-06-02T00:00:00.000Z;Jan.28
2014-06-03T00:00:00.000Z;0.801
2014-06-04T00:00:00.000Z;0.628
2014-06-05T00:00:00.000Z;0.543
2014-06-06T00:00:00.000Z;0.477
2014-06-07T00:00:00.000Z;0.431
2014-06-08T00:00:00.000Z;0.391
2014-06-09T00:00:00.000Z;0.366
2014-06-10T00:00:00.000Z;0.353
2014-06-11T00:00:00.000Z;0.339
2014-06-12T00:00:00.000Z;0.327
2014-06-13T00:00:00.000Z;0.327
2014-06-14T00:00:00.000Z;0.316
2014-06-15T00:00:00.000Z;0.331
2014-06-16T00:00:00.000Z;0.309
2014-06-17T00:00:00.000Z;0.295
2014-06-18T00:00:00.000Z;0.287
2014-06-19T00:00:00.000Z;0.277
2014-06-20T00:00:00.000Z;0.269
2014-06-21T00:00:00.000Z;0.264
2014-06-22T00:00:00.000Z;0.259
2014-06-23T00:00:00.000Z;0.255
2014-06-24T00:00:00.000Z;0.455
2014-06-25T00:00:00.000Z;Jan.51
2014-06-26T00:00:00.000Z;Jan.29
2014-06-27T00:00:00.000Z;1.Sep
2014-06-28T00:00:00.000Z;0.662
2014-06-29T00:00:00.000Z;0.637
2014-06-30T00:00:00.000Z;0.626
2014-07-01T00:00:00.000Z;0.468
2014-07-02T00:00:00.000Z;0.403
2014-07-03T00:00:00.000Z;0.381
2014-07-04T00:00:00.000Z;0.366
2014-07-05T00:00:00.000Z;0.350
2014-07-06T00:00:00.000Z;0.335
2014-07-07T00:00:00.000Z;0.439
2014-07-08T00:00:00.000Z;0.606
2014-07-09T00:00:00.000Z;0.518
2014-07-10T00:00:00.000Z;0.642
2014-07-11T00:00:00.000Z;0.491
2014-07-12T00:00:00.000Z;0.450
2014-07-13T00:00:00.000Z;0.411
2014-07-14T00:00:00.000Z;0.544
2014-07-15T00:00:00.000Z;0.628
2014-07-16T00:00:00.000Z;0.424
2014-07-17T00:00:00.000Z;0.374
2014-07-18T00:00:00.000Z;0.351
2014-07-19T00:00:00.000Z;0.331
2014-07-20T00:00:00.000Z;0.313
2014-07-21T00:00:00.000Z;0.309
2014-07-22T00:00:00.000Z;0.294
2014-07-23T00:00:00.000Z;0.282
2014-07-24T00:00:00.000Z;0.275
2014-07-25T00:00:00.000Z;0.274
2014-07-26T00:00:00.000Z;0.264
2014-07-27T00:00:00.000Z;0.256
2014-07-28T00:00:00.000Z;0.273
2014-07-29T00:00:00.000Z;0.972
2014-07-30T00:00:00.000Z;0.719
2014-07-31T00:00:00.000Z;0.432
2014-08-01T00:00:00.000Z;0.385
2014-08-02T00:00:00.000Z;0.399
2014-08-03T00:00:00.000Z;0.385
2014-08-04T00:00:00.000Z;0.438
2014-08-05T00:00:00.000Z;0.480
2014-08-06T00:00:00.000Z;0.442
2014-08-07T00:00:00.000Z;0.385
2014-08-08T00:00:00.000Z;0.363
2014-08-09T00:00:00.000Z;0.359
2014-08-10T00:00:00.000Z;0.368
2014-08-11T00:00:00.000Z;0.561
2014-08-12T00:00:00.000Z;0.489
2014-08-13T00:00:00.000Z;0.699
2014-08-14T00:00:00.000Z;0.621
2014-08-15T00:00:00.000Z;0.432
2014-08-16T00:00:00.000Z;0.432
2014-08-17T00:00:00.000Z;0.411
2014-08-18T00:00:00.000Z;0.381
2014-08-19T00:00:00.000Z;0.376
2014-08-20T00:00:00.000Z;0.381
2014-08-21T00:00:00.000Z;0.363
2014-08-22T00:00:00.000Z;0.349
2014-08-23T00:00:00.000Z;0.333
2014-08-24T00:00:00.000Z;0.322
2014-08-25T00:00:00.000Z;0.311
2014-08-26T00:00:00.000Z;0.301
2014-08-27T00:00:00.000Z;0.300
2014-08-28T00:00:00.000Z;0.300
2014-08-29T00:00:00.000Z;0.281
2014-08-30T00:00:00.000Z;0.277
2014-08-31T00:00:00.000Z;0.268
2014-09-01T00:00:00.000Z;0.258
2014-09-02T00:00:00.000Z;0.249
2014-09-03T00:00:00.000Z;0.240
2014-09-04T00:00:00.000Z;0.232
2014-09-05T00:00:00.000Z;0.226
2014-09-06T00:00:00.000Z;0.220
2014-09-07T00:00:00.000Z;0.215
2014-09-08T00:00:00.000Z;0.210
2014-09-09T00:00:00.000Z;0.204
2014-09-10T00:00:00.000Z;0.199
2014-09-11T00:00:00.000Z;0.194
2014-09-12T00:00:00.000Z;0.191
2014-09-13T00:00:00.000Z;0.186
2014-09-14T00:00:00.000Z;0.181
2014-09-15T00:00:00.000Z;0.178
2014-09-16T00:00:00.000Z;0.174
2014-09-17T00:00:00.000Z;0.172
2014-09-18T00:00:00.000Z;0.167
2014-09-19T00:00:00.000Z;0.162
2014-09-20T00:00:00.000Z;0.158
2014-09-21T00:00:00.000Z;0.154
2014-09-22T00:00:00.000Z;0.151
2014-09-23T00:00:00.000Z;0.148
2014-09-24T00:00:00.000Z;0.144
2014-09-25T00:00:00.000Z;0.140
2014-09-26T00:00:00.000Z;0.134
2014-09-27T00:00:00.000Z;0.130
2014-09-28T00:00:00.000Z;0.127
2014-09-29T00:00:00.000Z;0.125
2014-09-30T00:00:00.000Z;0.126
2014-10-01T00:00:00.000Z;0.132
2014-10-02T00:00:00.000Z;0.121
2014-10-03T00:00:00.000Z;0.116
2014-10-04T00:00:00.000Z;0.114
2014-10-05T00:00:00.000Z;0.132
2014-10-06T00:00:00.000Z;0.121
2014-10-07T00:00:00.000Z;0.115
2014-10-08T00:00:00.000Z;0.113
2014-10-09T00:00:00.000Z;0.111
2014-10-10T00:00:00.000Z;0.111
2014-10-11T00:00:00.000Z;0.110
2014-10-12T00:00:00.000Z;0.111
2014-10-13T00:00:00.000Z;0.109
2014-10-14T00:00:00.000Z;0.108
2014-10-15T00:00:00.000Z;0.108
2014-10-16T00:00:00.000Z;0.107
2014-10-17T00:00:00.000Z;0.106
2014-10-18T00:00:00.000Z;0.105
2014-10-19T00:00:00.000Z;0.105
2014-10-20T00:00:00.000Z;0.104
2014-10-21T00:00:00.000Z;0.104
2014-10-22T00:00:00.000Z;0.103
2014-10-23T00:00:00.000Z;0.101
2014-10-24T00:00:00.000Z;0.101
2014-10-25T00:00:00.000Z;0.103
2014-10-26T00:00:00.000Z;0.102
2014-10-27T00:00:00.000Z;0.102
2014-10-28T00:00:00.000Z;0.101
2014-10-29T00:00:00.000Z;0.101
2014-10-30T00:00:00.000Z;0.100
2014-10-31T00:00:00.000Z;0.100
2014-11-01T00:00:00.000Z;0.0990
2014-11-02T00:00:00.000Z;0.0990
2014-11-03T00:00:00.000Z;0.101
2014-11-04T00:00:00.000Z;0.102
2014-11-05T00:00:00.000Z;0.103
2014-11-06T00:00:00.000Z;0.103
2014-11-07T00:00:00.000Z;0.102
2014-11-08T00:00:00.000Z;0.116
2014-11-09T00:00:00.000Z;0.109
2014-11-10T00:00:00.000Z;0.107
2014-11-11T00:00:00.000Z;0.107
2014-11-12T00:00:00.000Z;0.106
2014-11-13T00:00:00.000Z;0.105
2014-11-14T00:00:00.000Z;0.105
2014-11-15T00:00:00.000Z;0.108
2014-11-16T00:00:00.000Z;0.106
2014-11-17T00:00:00.000Z;0.132
2014-11-18T00:00:00.000Z;0.140
2014-11-19T00:00:00.000Z;0.121
2014-11-20T00:00:00.000Z;0.113
2014-11-21T00:00:00.000Z;0.110
2014-11-22T00:00:00.000Z;0.109
2014-11-23T00:00:00.000Z;0.109
2014-11-24T00:00:00.000Z;0.108
2014-11-25T00:00:00.000Z;0.106
2014-11-26T00:00:00.000Z;0.106
2014-11-27T00:00:00.000Z;0.106
2014-11-28T00:00:00.000Z;0.108
2014-11-29T00:00:00.000Z;0.110
2014-11-30T00:00:00.000Z;0.121
2014-12-01T00:00:00.000Z;0.910
2014-12-02T00:00:00.000Z;0.439
2014-12-03T00:00:00.000Z;0.248
2014-12-04T00:00:00.000Z;0.204
2014-12-05T00:00:00.000Z;0.179
2014-12-06T00:00:00.000Z;0.166
2014-12-07T00:00:00.000Z;0.192
2014-12-08T00:00:00.000Z;0.491
2014-12-09T00:00:00.000Z;Jan.41
2014-12-10T00:00:00.000Z;0.558
2014-12-11T00:00:00.000Z;Jan.19
2014-12-12T00:00:00.000Z;1.May
2014-12-13T00:00:00.000Z;0.574
2014-12-14T00:00:00.000Z;0.369
2014-12-15T00:00:00.000Z;0.314
2014-12-16T00:00:00.000Z;0.539
2014-12-17T00:00:00.000Z;3.Oct
2014-12-18T00:00:00.000Z;2.Feb
2014-12-19T00:00:00.000Z;Jan.18
2014-12-20T00:00:00.000Z;0.728
2014-12-21T00:00:00.000Z;0.743
2014-12-22T00:00:00.000Z;0.609
2014-12-23T00:00:00.000Z;0.474
2014-12-24T00:00:00.000Z;0.370
2014-12-25T00:00:00.000Z;0.332
2014-12-26T00:00:00.000Z;0.318
2014-12-27T00:00:00.000Z;0.994
2014-12-28T00:00:00.000Z;Feb.45
2014-12-29T00:00:00.000Z;1.Oct
2014-12-30T00:00:00.000Z;0.717
2014-12-31T00:00:00.000Z;0.607
2015-01-01T00:00:00.000Z;0.575
2015-01-02T00:00:00.000Z;0.563
2015-01-03T00:00:00.000Z;0.613
2015-01-04T00:00:00.000Z;0.788
2015-01-05T00:00:00.000Z;0.878
2015-01-06T00:00:00.000Z;0.655
2015-01-07T00:00:00.000Z;0.506
2015-01-08T00:00:00.000Z;0.409
2015-01-09T00:00:00.000Z;0.354
2015-01-10T00:00:00.000Z;0.364
2015-01-11T00:00:00.000Z;0.382
2015-01-12T00:00:00.000Z;0.361
2015-01-13T00:00:00.000Z;0.328
2015-01-14T00:00:00.000Z;0.311
2015-01-15T00:00:00.000Z;0.298
2015-01-16T00:00:00.000Z;0.300
2015-01-17T00:00:00.000Z;0.351
2015-01-18T00:00:00.000Z;0.406
2015-01-19T00:00:00.000Z;0.380
2015-01-20T00:00:00.000Z;0.354
2015-01-21T00:00:00.000Z;0.336
2015-01-22T00:00:00.000Z;0.324
2015-01-23T00:00:00.000Z;0.323
2015-01-24T00:00:00.000Z;0.322
2015-01-25T00:00:00.000Z;0.369
2015-01-26T00:00:00.000Z;0.370
2015-01-27T00:00:00.000Z;0.495
2015-01-28T00:00:00.000Z;0.745
2015-01-29T00:00:00.000Z;0.658
2015-01-30T00:00:00.000Z;Apr.61
2015-01-31T00:00:00.000Z;Mar.56
2015-02-01T00:00:00.000Z;Jan.81
2015-02-02T00:00:00.000Z;0.953
2015-02-03T00:00:00.000Z;0.748
2015-02-04T00:00:00.000Z;0.632
2015-02-05T00:00:00.000Z;0.556
2015-02-06T00:00:00.000Z;0.500
2015-02-07T00:00:00.000Z;0.447
2015-02-08T00:00:00.000Z;0.413
2015-02-09T00:00:00.000Z;0.421
2015-02-10T00:00:00.000Z;0.525
2015-02-11T00:00:00.000Z;0.734
2015-02-12T00:00:00.000Z;0.753
2015-02-13T00:00:00.000Z;0.789
2015-02-14T00:00:00.000Z;0.921
2015-02-15T00:00:00.000Z;Jan.52
2015-02-16T00:00:00.000Z;2.Nov
2015-02-17T00:00:00.000Z;Jan.53
2015-02-18T00:00:00.000Z;Jan.31
2015-02-19T00:00:00.000Z;0.988
2015-02-20T00:00:00.000Z;0.919
2015-02-21T00:00:00.000Z;0.962
2015-02-22T00:00:00.000Z;0.966
2015-02-23T00:00:00.000Z;Jan.52
2015-02-24T00:00:00.000Z;Mar.32
2015-02-25T00:00:00.000Z;Apr.80
2015-02-26T00:00:00.000Z;Aug.89
2015-02-27T00:00:00.000Z;Jul.88
2015-02-28T00:00:00.000Z;Apr.44
2015-03-01T00:00:00.000Z;4.Aug
2015-03-02T00:00:00.000Z;Mar.57
2015-03-03T00:00:00.000Z;Mar.24
2015-03-04T00:00:00.000Z;Mar.49
2015-03-05T00:00:00.000Z;Mar.17
2015-03-06T00:00:00.000Z;Feb.77
2015-03-07T00:00:00.000Z;Feb.36
2015-03-08T00:00:00.000Z;Jan.59
2015-03-09T00:00:00.000Z;1.Aug
2015-03-10T00:00:00.000Z;0.859
2015-03-11T00:00:00.000Z;0.747
2015-03-12T00:00:00.000Z;0.683
2015-03-13T00:00:00.000Z;0.617
2015-03-14T00:00:00.000Z;0.574
2015-03-15T00:00:00.000Z;0.543
2015-03-16T00:00:00.000Z;0.523
2015-03-17T00:00:00.000Z;0.581
2015-03-18T00:00:00.000Z;0.673
2015-03-19T00:00:00.000Z;0.612
2015-03-20T00:00:00.000Z;0.559
2015-03-21T00:00:00.000Z;0.521
2015-03-22T00:00:00.000Z;0.576
2015-03-23T00:00:00.000Z;0.872
2015-03-24T00:00:00.000Z;0.774
2015-03-25T00:00:00.000Z;0.849
2015-03-26T00:00:00.000Z;0.976
2015-03-27T00:00:00.000Z;2.Feb
2015-03-28T00:00:00.000Z;Feb.26
2015-03-29T00:00:00.000Z;Jan.75
2015-03-30T00:00:00.000Z;1.Sep
2015-03-31T00:00:00.000Z;0.792
2015-04-01T00:00:00.000Z;0.650
2015-04-02T00:00:00.000Z;0.612
2015-04-03T00:00:00.000Z;0.548
2015-04-04T00:00:00.000Z;0.554
2015-04-05T00:00:00.000Z;0.563
2015-04-06T00:00:00.000Z;0.628
2015-04-07T00:00:00.000Z;0.542
2015-04-08T00:00:00.000Z;0.468
2015-04-09T00:00:00.000Z;0.434
2015-04-10T00:00:00.000Z;0.402
2015-04-11T00:00:00.000Z;0.377
2015-04-12T00:00:00.000Z;0.357
2015-04-13T00:00:00.000Z;0.341
2015-04-14T00:00:00.000Z;0.335
2015-04-15T00:00:00.000Z;0.328
2015-04-16T00:00:00.000Z;0.321
2015-04-17T00:00:00.000Z;0.316
2015-04-18T00:00:00.000Z;0.311
2015-04-19T00:00:00.000Z;0.732
2015-04-20T00:00:00.000Z;Jan.55
2015-04-21T00:00:00.000Z;1.Jun
2015-04-22T00:00:00.000Z;0.669
2015-04-23T00:00:00.000Z;0.565
2015-04-24T00:00:00.000Z;0.514
2015-04-25T00:00:00.000Z;0.474
2015-04-26T00:00:00.000Z;0.441
2015-04-27T00:00:00.000Z;Jan.42
2015-04-28T00:00:00.000Z;Feb.41
2015-04-29T00:00:00.000Z;Jan.42
2015-04-30T00:00:00.000Z;0.863
2015-05-01T00:00:00.000Z;0.654
2015-05-02T00:00:00.000Z;0.596
2015-05-03T00:00:00.000Z;0.536
2015-05-04T00:00:00.000Z;0.478
2015-05-05T00:00:00.000Z;0.438
2015-05-06T00:00:00.000Z;0.411
2015-05-07T00:00:00.000Z;0.383
2015-05-08T00:00:00.000Z;0.360
2015-05-09T00:00:00.000Z;0.339
2015-05-10T00:00:00.000Z;0.328
2015-05-11T00:00:00.000Z;0.318
2015-05-12T00:00:00.000Z;0.306
2015-05-13T00:00:00.000Z;0.297
2015-05-14T00:00:00.000Z;0.289
2015-05-15T00:00:00.000Z;0.293
2015-05-16T00:00:00.000Z;0.296
2015-05-17T00:00:00.000Z;0.276
2015-05-18T00:00:00.000Z;0.268
2015-05-19T00:00:00.000Z;0.366
2015-05-20T00:00:00.000Z;0.624
2015-05-21T00:00:00.000Z;0.753
2015-05-22T00:00:00.000Z;0.534
2015-05-23T00:00:00.000Z;0.391
2015-05-24T00:00:00.000Z;0.348
2015-05-25T00:00:00.000Z;0.328
2015-05-26T00:00:00.000Z;0.312
2015-05-27T00:00:00.000Z;0.297
2015-05-28T00:00:00.000Z;0.284
2015-05-29T00:00:00.000Z;0.275
2015-05-30T00:00:00.000Z;0.265
2015-05-31T00:00:00.000Z;0.256
2015-06-01T00:00:00.000Z;0.248
2015-06-02T00:00:00.000Z;0.241
2015-06-03T00:00:00.000Z;0.233
2015-06-04T00:00:00.000Z;0.227
2015-06-05T00:00:00.000Z;0.222
2015-06-06T00:00:00.000Z;0.218
2015-06-07T00:00:00.000Z;0.214
2015-06-08T00:00:00.000Z;0.211
2015-06-09T00:00:00.000Z;0.218
2015-06-10T00:00:00.000Z;0.213
2015-06-11T00:00:00.000Z;0.208
2015-06-12T00:00:00.000Z;0.209
2015-06-13T00:00:00.000Z;0.208
2015-06-14T00:00:00.000Z;0.281
2015-06-15T00:00:00.000Z;0.271
2015-06-16T00:00:00.000Z;0.236
2015-06-17T00:00:00.000Z;0.428
2015-06-18T00:00:00.000Z;0.317
2015-06-19T00:00:00.000Z;0.271
2015-06-20T00:00:00.000Z;0.243
2015-06-21T00:00:00.000Z;0.228
2015-06-22T00:00:00.000Z;0.219
2015-06-23T00:00:00.000Z;0.214
2015-06-24T00:00:00.000Z;0.208
2015-06-25T00:00:00.000Z;0.202
2015-06-26T00:00:00.000Z;0.198
2015-06-27T00:00:00.000Z;0.194
2015-06-28T00:00:00.000Z;0.192
2015-06-29T00:00:00.000Z;0.189
2015-06-30T00:00:00.000Z;0.187
2015-07-01T00:00:00.000Z;0.186
2015-07-02T00:00:00.000Z;0.183
2015-07-03T00:00:00.000Z;0.181
2015-07-04T00:00:00.000Z;0.179
2015-07-05T00:00:00.000Z;0.177
2015-07-06T00:00:00.000Z;0.175
2015-07-07T00:00:00.000Z;0.175
2015-07-08T00:00:00.000Z;0.172
2015-07-09T00:00:00.000Z;0.172
2015-07-10T00:00:00.000Z;0.170
2015-07-11T00:00:00.000Z;0.167
2015-07-12T00:00:00.000Z;0.167
2015-07-13T00:00:00.000Z;0.166
2015-07-14T00:00:00.000Z;0.164
2015-07-15T00:00:00.000Z;0.163
2015-07-16T00:00:00.000Z;0.162
2015-07-17T00:00:00.000Z;0.161
2015-07-18T00:00:00.000Z;0.161
2015-07-19T00:00:00.000Z;0.162
2015-07-20T00:00:00.000Z;0.161
2015-07-21T00:00:00.000Z;0.158
2015-07-22T00:00:00.000Z;0.160
2015-07-23T00:00:00.000Z;0.131
2015-07-24T00:00:00.000Z;0.0870
2015-07-25T00:00:00.000Z;0.0830
2015-07-26T00:00:00.000Z;0.0820
2015-07-27T00:00:00.000Z;0.0800
2015-07-28T00:00:00.000Z;0.0820
2015-07-29T00:00:00.000Z;0.0790
2015-07-30T00:00:00.000Z;0.0920
2015-07-31T00:00:00.000Z;0.131
2015-08-01T00:00:00.000Z;0.176
2015-08-02T00:00:00.000Z;0.117
2015-08-03T00:00:00.000Z;0.0950
2015-08-04T00:00:00.000Z;0.0960
2015-08-05T00:00:00.000Z;0.0970
2015-08-06T00:00:00.000Z;0.0910
2015-08-07T00:00:00.000Z;0.0870
2015-08-08T00:00:00.000Z;0.0870
2015-08-09T00:00:00.000Z;0.173
2015-08-10T00:00:00.000Z;0.228
2015-08-11T00:00:00.000Z;0.172
2015-08-12T00:00:00.000Z;0.124
2015-08-13T00:00:00.000Z;0.169
2015-08-14T00:00:00.000Z;0.225
2015-08-15T00:00:00.000Z;0.167
2015-08-16T00:00:00.000Z;0.156
2015-08-17T00:00:00.000Z;0.136
2015-08-18T00:00:00.000Z;0.119
2015-08-19T00:00:00.000Z;0.110
2015-08-20T00:00:00.000Z;0.103
2015-08-21T00:00:00.000Z;0.0980
2015-08-22T00:00:00.000Z;0.0960
2015-08-23T00:00:00.000Z;0.0950
2015-08-24T00:00:00.000Z;0.0930
2015-08-25T00:00:00.000Z;0.0910
2015-08-26T00:00:00.000Z;0.0890
2015-08-27T00:00:00.000Z;0.0860
2015-08-28T00:00:00.000Z;0.0840
2015-08-29T00:00:00.000Z;0.0820
2015-08-30T00:00:00.000Z;0.0800
2015-08-31T00:00:00.000Z;0.0790
2015-09-01T00:00:00.000Z;0.0810
2015-09-02T00:00:00.000Z;0.0800
2015-09-03T00:00:00.000Z;0.0830
2015-09-04T00:00:00.000Z;0.0930
2015-09-05T00:00:00.000Z;0.0870
2015-09-06T00:00:00.000Z;0.0820
2015-09-07T00:00:00.000Z;0.0800
2015-09-08T00:00:00.000Z;0.0790
2015-09-09T00:00:00.000Z;0.0780
2015-09-10T00:00:00.000Z;0.0780
2015-09-11T00:00:00.000Z;0.0770
2015-09-12T00:00:00.000Z;0.0770
2015-09-13T00:00:00.000Z;0.0800
2015-09-14T00:00:00.000Z;0.0790
2015-09-15T00:00:00.000Z;0.0860
2015-09-16T00:00:00.000Z;0.0850
2015-09-17T00:00:00.000Z;0.136
2015-09-18T00:00:00.000Z;0.219
2015-09-19T00:00:00.000Z;0.147
2015-09-20T00:00:00.000Z;0.109
2015-09-21T00:00:00.000Z;0.0980
2015-09-22T00:00:00.000Z;0.0920
2015-09-23T00:00:00.000Z;0.101
2015-09-24T00:00:00.000Z;0.119
2015-09-25T00:00:00.000Z;0.108
2015-09-26T00:00:00.000Z;0.0980
2015-09-27T00:00:00.000Z;0.0930
2015-09-28T00:00:00.000Z;0.0890
2015-09-29T00:00:00.000Z;0.0860
2015-09-30T00:00:00.000Z;0.0860
2015-10-01T00:00:00.000Z;0.0850
2015-10-02T00:00:00.000Z;0.154
2015-10-03T00:00:00.000Z;0.133
2015-10-04T00:00:00.000Z;0.109
2015-10-05T00:00:00.000Z;0.101
2015-10-06T00:00:00.000Z;0.102
2015-10-07T00:00:00.000Z;0.648
2015-10-08T00:00:00.000Z;0.596
2015-10-09T00:00:00.000Z;0.401
2015-10-10T00:00:00.000Z;0.224
2015-10-11T00:00:00.000Z;0.177
2015-10-12T00:00:00.000Z;0.150
2015-10-13T00:00:00.000Z;0.139
2015-10-14T00:00:00.000Z;0.158
2015-10-15T00:00:00.000Z;0.159
2015-10-16T00:00:00.000Z;0.139
2015-10-17T00:00:00.000Z;0.128
2015-10-18T00:00:00.000Z;0.120
2015-10-19T00:00:00.000Z;0.115
2015-10-20T00:00:00.000Z;0.111
2015-10-21T00:00:00.000Z;0.106
2015-10-22T00:00:00.000Z;0.101
2015-10-23T00:00:00.000Z;0.100
2015-10-24T00:00:00.000Z;0.0980
2015-10-25T00:00:00.000Z;0.0960
2015-10-26T00:00:00.000Z;0.0950
2015-10-27T00:00:00.000Z;0.0940
2015-10-28T00:00:00.000Z;0.0930
2015-10-29T00:00:00.000Z;0.0900
2015-10-30T00:00:00.000Z;0.0880
2015-10-31T00:00:00.000Z;0.0860
2015-11-01T00:00:00.000Z;0.0840
2015-11-02T00:00:00.000Z;0.0840
2015-11-03T00:00:00.000Z;0.153
2015-11-04T00:00:00.000Z;0.144
2015-11-05T00:00:00.000Z;0.117
2015-11-06T00:00:00.000Z;0.106
2015-11-07T00:00:00.000Z;0.101
2015-11-08T00:00:00.000Z;0.0970
2015-11-09T00:00:00.000Z;0.0940
2015-11-10T00:00:00.000Z;0.0920
2015-11-11T00:00:00.000Z;0.0910
2015-11-12T00:00:00.000Z;0.0890
2015-11-13T00:00:00.000Z;0.0870
2015-11-14T00:00:00.000Z;0.0860
2015-11-15T00:00:00.000Z;0.0840
2015-11-16T00:00:00.000Z;0.0830
2015-11-17T00:00:00.000Z;0.0820
2015-11-18T00:00:00.000Z;0.0820
2015-11-19T00:00:00.000Z;0.0820
2015-11-20T00:00:00.000Z;0.0800
2015-11-21T00:00:00.000Z;0.370
2015-11-22T00:00:00.000Z;0.539
2015-11-23T00:00:00.000Z;0.282
2015-11-24T00:00:00.000Z;0.219
2015-11-25T00:00:00.000Z;Feb.92
2015-11-26T00:00:00.000Z;Jul.89
2015-11-27T00:00:00.000Z;Apr.59
2015-11-28T00:00:00.000Z;Mar.38
2015-11-29T00:00:00.000Z;Feb.94
2015-11-30T00:00:00.000Z;Feb.35
2015-12-01T00:00:00.000Z;Jan.27
2015-12-02T00:00:00.000Z;0.634
2015-12-03T00:00:00.000Z;0.463
2015-12-04T00:00:00.000Z;0.388
2015-12-05T00:00:00.000Z;0.372
2015-12-06T00:00:00.000Z;0.348
2015-12-07T00:00:00.000Z;0.319
2015-12-08T00:00:00.000Z;0.301
2015-12-09T00:00:00.000Z;0.388
2015-12-10T00:00:00.000Z;0.408
2015-12-11T00:00:00.000Z;0.318
2015-12-12T00:00:00.000Z;0.300
2015-12-13T00:00:00.000Z;0.286
2015-12-14T00:00:00.000Z;0.271
2015-12-15T00:00:00.000Z;0.255
2015-12-16T00:00:00.000Z;0.237
2015-12-17T00:00:00.000Z;0.226
2015-12-18T00:00:00.000Z;0.219
2015-12-19T00:00:00.000Z;0.212
2015-12-20T00:00:00.000Z;0.207
2015-12-21T00:00:00.000Z;0.199
2015-12-22T00:00:00.000Z;0.191
2015-12-23T00:00:00.000Z;0.186
2015-12-24T00:00:00.000Z;0.182
2015-12-25T00:00:00.000Z;0.176
2015-12-26T00:00:00.000Z;0.172
2015-12-27T00:00:00.000Z;0.167
2015-12-28T00:00:00.000Z;0.166
2015-12-29T00:00:00.000Z;0.163
2015-12-30T00:00:00.000Z;0.159
2015-12-31T00:00:00.000Z;0.158
2016-01-01T00:00:00.000Z;0.156
2016-01-02T00:00:00.000Z;0.171
2016-01-03T00:00:00.000Z;0.230
2016-01-04T00:00:00.000Z;0.649
2016-01-05T00:00:00.000Z;0.895
2016-01-06T00:00:00.000Z;0.792
2016-01-07T00:00:00.000Z;0.773
2016-01-08T00:00:00.000Z;0.628
2016-01-09T00:00:00.000Z;0.490
2016-01-10T00:00:00.000Z;0.376
2016-01-11T00:00:00.000Z;0.326
2016-01-12T00:00:00.000Z;0.291
2016-01-13T00:00:00.000Z;0.270
2016-01-14T00:00:00.000Z;0.313
2016-01-15T00:00:00.000Z;Jan.14
2016-01-16T00:00:00.000Z;0.750
2016-01-17T00:00:00.000Z;0.564
2016-01-18T00:00:00.000Z;0.609
2016-01-19T00:00:00.000Z;Jan.80
2016-01-20T00:00:00.000Z;Jan.45
2016-01-21T00:00:00.000Z;0.914
2016-01-22T00:00:00.000Z;0.611
2016-01-23T00:00:00.000Z;0.641
2016-01-24T00:00:00.000Z;0.606
2016-01-25T00:00:00.000Z;0.513
2016-01-26T00:00:00.000Z;0.409
2016-01-27T00:00:00.000Z;0.361
2016-01-28T00:00:00.000Z;0.330
2016-01-29T00:00:00.000Z;0.302
2016-01-30T00:00:00.000Z;0.302
2016-01-31T00:00:00.000Z;0.286
2016-02-01T00:00:00.000Z;0.278
2016-02-02T00:00:00.000Z;0.275
2016-02-03T00:00:00.000Z;0.352
2016-02-04T00:00:00.000Z;0.674
2016-02-05T00:00:00.000Z;0.556
2016-02-06T00:00:00.000Z;0.466
2016-02-07T00:00:00.000Z;0.502
2016-02-08T00:00:00.000Z;0.616
2016-02-09T00:00:00.000Z;0.656
2016-02-10T00:00:00.000Z;Jan.82
2016-02-11T00:00:00.000Z;Jan.74
2016-02-12T00:00:00.000Z;Feb.31
2016-02-13T00:00:00.000Z;Mar.94
2016-02-14T00:00:00.000Z;Feb.65
2016-02-15T00:00:00.000Z;Jan.78
2016-02-16T00:00:00.000Z;1.Aug
2016-02-17T00:00:00.000Z;0.821
2016-02-18T00:00:00.000Z;0.759
2016-02-19T00:00:00.000Z;0.628
2016-02-20T00:00:00.000Z;0.624
2016-02-21T00:00:00.000Z;0.604
2016-02-22T00:00:00.000Z;0.678
2016-02-23T00:00:00.000Z;0.820
2016-02-24T00:00:00.000Z;0.688
2016-02-25T00:00:00.000Z;Jan.17
2016-02-26T00:00:00.000Z;Jan.33
2016-02-27T00:00:00.000Z;0.934
2016-02-28T00:00:00.000Z;0.832
2016-02-29T00:00:00.000Z;0.966
2016-03-01T00:00:00.000Z;0.781
2016-03-02T00:00:00.000Z;0.693
2016-03-03T00:00:00.000Z;Jan.25
2016-03-04T00:00:00.000Z;Jan.41
2016-03-05T00:00:00.000Z;Jan.48
2016-03-06T00:00:00.000Z;Jan.18
2016-03-07T00:00:00.000Z;0.929
2016-03-08T00:00:00.000Z;1.May
2016-03-09T00:00:00.000Z;1.00
2016-03-10T00:00:00.000Z;Jan.19
2016-03-11T00:00:00.000Z;1.Jul
2016-03-12T00:00:00.000Z;0.949
2016-03-13T00:00:00.000Z;0.856
2016-03-14T00:00:00.000Z;0.829
2016-03-15T00:00:00.000Z;0.778
2016-03-16T00:00:00.000Z;0.844
2016-03-17T00:00:00.000Z;0.840
2016-03-18T00:00:00.000Z;0.710
2016-03-19T00:00:00.000Z;0.725
2016-03-20T00:00:00.000Z;0.716
2016-03-21T00:00:00.000Z;0.680
2016-03-22T00:00:00.000Z;0.642
2016-03-23T00:00:00.000Z;0.575
2016-03-24T00:00:00.000Z;0.496
2016-03-25T00:00:00.000Z;0.442
2016-03-26T00:00:00.000Z;0.407
2016-03-27T00:00:00.000Z;0.420
2016-03-28T00:00:00.000Z;0.386
2016-03-29T00:00:00.000Z;0.350
2016-03-30T00:00:00.000Z;0.333
2016-03-31T00:00:00.000Z;0.317
2016-04-01T00:00:00.000Z;0.330
2016-04-02T00:00:00.000Z;0.385
2016-04-03T00:00:00.000Z;0.453
2016-04-04T00:00:00.000Z;0.368
2016-04-05T00:00:00.000Z;0.570
2016-04-06T00:00:00.000Z;0.904
2016-04-07T00:00:00.000Z;0.673
2016-04-08T00:00:00.000Z;0.600
2016-04-09T00:00:00.000Z;0.952
2016-04-10T00:00:00.000Z;0.931
2016-04-11T00:00:00.000Z;0.715
2016-04-12T00:00:00.000Z;0.518
2016-04-13T00:00:00.000Z;0.455
2016-04-14T00:00:00.000Z;0.388
2016-04-15T00:00:00.000Z;0.361
2016-04-16T00:00:00.000Z;0.334
2016-04-17T00:00:00.000Z;0.310
2016-04-18T00:00:00.000Z;0.324
2016-04-19T00:00:00.000Z;0.320
2016-04-20T00:00:00.000Z;0.291
2016-04-21T00:00:00.000Z;0.343
2016-04-22T00:00:00.000Z;0.711
2016-04-23T00:00:00.000Z;0.810
2016-04-24T00:00:00.000Z;0.971
2016-04-25T00:00:00.000Z;0.868
2016-04-26T00:00:00.000Z;0.605
2016-04-27T00:00:00.000Z;0.476
2016-04-28T00:00:00.000Z;0.392
2016-04-29T00:00:00.000Z;0.338
2016-04-30T00:00:00.000Z;0.308
2016-05-01T00:00:00.000Z;0.284
2016-05-02T00:00:00.000Z;0.269
2016-05-03T00:00:00.000Z;0.260
2016-05-04T00:00:00.000Z;0.251
2016-05-05T00:00:00.000Z;0.242
2016-05-06T00:00:00.000Z;0.232
2016-05-07T00:00:00.000Z;0.224
2016-05-08T00:00:00.000Z;0.217
2016-05-09T00:00:00.000Z;0.210
2016-05-10T00:00:00.000Z;0.202
2016-05-11T00:00:00.000Z;0.211
2016-05-12T00:00:00.000Z;0.244
2016-05-13T00:00:00.000Z;0.471
2016-05-14T00:00:00.000Z;0.476
2016-05-15T00:00:00.000Z;0.737
2016-05-16T00:00:00.000Z;0.478
2016-05-17T00:00:00.000Z;0.353
2016-05-18T00:00:00.000Z;0.299
2016-05-19T00:00:00.000Z;0.263
2016-05-20T00:00:00.000Z;0.243
2016-05-21T00:00:00.000Z;0.229
2016-05-22T00:00:00.000Z;0.227
2016-05-23T00:00:00.000Z;0.229
2016-05-24T00:00:00.000Z;0.215
2016-05-25T00:00:00.000Z;0.206
2016-05-26T00:00:00.000Z;0.195
2016-05-27T00:00:00.000Z;0.186
2016-05-28T00:00:00.000Z;0.180
2016-05-29T00:00:00.000Z;0.308
2016-05-30T00:00:00.000Z;0.380
2016-05-31T00:00:00.000Z;0.702
2016-06-01T00:00:00.000Z;0.410
2016-06-02T00:00:00.000Z;0.295
2016-06-03T00:00:00.000Z;0.264
2016-06-04T00:00:00.000Z;0.342
2016-06-05T00:00:00.000Z;0.962
2016-06-06T00:00:00.000Z;0.652
2016-06-07T00:00:00.000Z;0.970
2016-06-08T00:00:00.000Z;0.654
2016-06-09T00:00:00.000Z;0.443
2016-06-10T00:00:00.000Z;0.338
2016-06-11T00:00:00.000Z;0.303
2016-06-12T00:00:00.000Z;0.281
2016-06-13T00:00:00.000Z;0.256
2016-06-14T00:00:00.000Z;0.240
2016-06-15T00:00:00.000Z;0.228
2016-06-16T00:00:00.000Z;0.219
2016-06-17T00:00:00.000Z;0.220
2016-06-18T00:00:00.000Z;0.225
2016-06-19T00:00:00.000Z;0.226
2016-06-20T00:00:00.000Z;0.215
2016-06-21T00:00:00.000Z;0.202
2016-06-22T00:00:00.000Z;0.189
2016-06-23T00:00:00.000Z;0.178
2016-06-24T00:00:00.000Z;0.170
2016-06-25T00:00:00.000Z;0.174
2016-06-26T00:00:00.000Z;0.184
2016-06-27T00:00:00.000Z;0.183
2016-06-28T00:00:00.000Z;0.164
2016-06-29T00:00:00.000Z;0.155
2016-06-30T00:00:00.000Z;0.175
2016-07-01T00:00:00.000Z;0.182
2016-07-02T00:00:00.000Z;0.185
2016-07-03T00:00:00.000Z;0.311
2016-07-04T00:00:00.000Z;0.215
2016-07-05T00:00:00.000Z;0.441
2016-07-06T00:00:00.000Z;0.373
2016-07-07T00:00:00.000Z;0.231
2016-07-08T00:00:00.000Z;0.207
2016-07-09T00:00:00.000Z;0.184
2016-07-10T00:00:00.000Z;0.168
2016-07-11T00:00:00.000Z;0.159
2016-07-12T00:00:00.000Z;0.163
2016-07-13T00:00:00.000Z;0.259
2016-07-14T00:00:00.000Z;0.212
2016-07-15T00:00:00.000Z;0.180
2016-07-16T00:00:00.000Z;0.159
2016-07-17T00:00:00.000Z;0.148
2016-07-18T00:00:00.000Z;0.148
2016-07-19T00:00:00.000Z;0.142
2016-07-20T00:00:00.000Z;0.138
2016-07-21T00:00:00.000Z;0.135
2016-07-22T00:00:00.000Z;0.139
2016-07-23T00:00:00.000Z;0.140
2016-07-24T00:00:00.000Z;0.132
2016-07-25T00:00:00.000Z;0.122
2016-07-26T00:00:00.000Z;0.114
2016-07-27T00:00:00.000Z;0.110
2016-07-28T00:00:00.000Z;0.106
2016-07-29T00:00:00.000Z;0.103
2016-07-30T00:00:00.000Z;0.101
2016-07-31T00:00:00.000Z;0.0980
2016-08-01T00:00:00.000Z;0.105
2016-08-02T00:00:00.000Z;0.107
2016-08-03T00:00:00.000Z;0.0970
2016-08-04T00:00:00.000Z;0.0940
2016-08-05T00:00:00.000Z;0.306
2016-08-06T00:00:00.000Z;0.181
2016-08-07T00:00:00.000Z;0.124
2016-08-08T00:00:00.000Z;0.108
2016-08-09T00:00:00.000Z;0.101
2016-08-10T00:00:00.000Z;0.105
2016-08-11T00:00:00.000Z;0.105
2016-08-12T00:00:00.000Z;0.0960
2016-08-13T00:00:00.000Z;0.0920
2016-08-14T00:00:00.000Z;0.0880
2016-08-15T00:00:00.000Z;0.0860
2016-08-16T00:00:00.000Z;0.0850
2016-08-17T00:00:00.000Z;0.0820
2016-08-18T00:00:00.000Z;0.0820
2016-08-19T00:00:00.000Z;0.0810
2016-08-20T00:00:00.000Z;0.0790
2016-08-21T00:00:00.000Z;0.0820
2016-08-22T00:00:00.000Z;0.0800
2016-08-23T00:00:00.000Z;0.0770
2016-08-24T00:00:00.000Z;0.0740
2016-08-25T00:00:00.000Z;0.0730
2016-08-26T00:00:00.000Z;0.0710
2016-08-27T00:00:00.000Z;0.0700
2016-08-28T00:00:00.000Z;0.0680
2016-08-29T00:00:00.000Z;0.0680
2016-08-30T00:00:00.000Z;0.0720
2016-08-31T00:00:00.000Z;0.0690
2016-09-01T00:00:00.000Z;0.0650
2016-09-02T00:00:00.000Z;0.0640
2016-09-03T00:00:00.000Z;0.0630
2016-09-04T00:00:00.000Z;0.0620
2016-09-05T00:00:00.000Z;0.0600
2016-09-06T00:00:00.000Z;0.0590
2016-09-07T00:00:00.000Z;0.0590
2016-09-08T00:00:00.000Z;0.0590
2016-09-09T00:00:00.000Z;0.0590
2016-09-10T00:00:00.000Z;0.0590
2016-09-11T00:00:00.000Z;0.0570
2016-09-12T00:00:00.000Z;0.0570
2016-09-13T00:00:00.000Z;0.0570
2016-09-14T00:00:00.000Z;0.0620
2016-09-15T00:00:00.000Z;0.0730
2016-09-16T00:00:00.000Z;0.0630
2016-09-17T00:00:00.000Z;0.140
2016-09-18T00:00:00.000Z;0.145
2016-09-19T00:00:00.000Z;0.0910
2016-09-20T00:00:00.000Z;0.0770
2016-09-21T00:00:00.000Z;0.0720
2016-09-22T00:00:00.000Z;0.0680
2016-09-23T00:00:00.000Z;0.0640
2016-09-24T00:00:00.000Z;0.0620
2016-09-25T00:00:00.000Z;0.0610
2016-09-26T00:00:00.000Z;0.0660
2016-09-27T00:00:00.000Z;0.0600
2016-09-28T00:00:00.000Z;0.0570
2016-09-29T00:00:00.000Z;0.0570
2016-09-30T00:00:00.000Z;0.0570
2016-10-01T00:00:00.000Z;0.0570
2016-10-02T00:00:00.000Z;0.0570
2016-10-03T00:00:00.000Z;0.0560
2016-10-04T00:00:00.000Z;0.0550
2016-10-05T00:00:00.000Z;0.103
2016-10-06T00:00:00.000Z;0.0930
2016-10-07T00:00:00.000Z;0.0740
2016-10-08T00:00:00.000Z;0.0660
2016-10-09T00:00:00.000Z;0.0620
2016-10-10T00:00:00.000Z;0.0610
2016-10-11T00:00:00.000Z;0.0600
2016-10-12T00:00:00.000Z;0.0590
2016-10-13T00:00:00.000Z;0.0600
2016-10-14T00:00:00.000Z;0.632
2016-10-15T00:00:00.000Z;0.645
2016-10-16T00:00:00.000Z;0.196
2016-10-17T00:00:00.000Z;0.137
2016-10-18T00:00:00.000Z;0.133
2016-10-19T00:00:00.000Z;0.156
2016-10-20T00:00:00.000Z;0.163
2016-10-21T00:00:00.000Z;0.142
2016-10-22T00:00:00.000Z;0.126
2016-10-23T00:00:00.000Z;0.116
2016-10-24T00:00:00.000Z;0.107
2016-10-25T00:00:00.000Z;0.0990
2016-10-26T00:00:00.000Z;0.0930
2016-10-27T00:00:00.000Z;0.0880
2016-10-28T00:00:00.000Z;0.0840
2016-10-29T00:00:00.000Z;0.0810
2016-10-30T00:00:00.000Z;0.0790
2016-10-31T00:00:00.000Z;0.0770
2016-11-01T00:00:00.000Z;0.0750
2016-11-02T00:00:00.000Z;0.0730
2016-11-03T00:00:00.000Z;0.0730
2016-11-04T00:00:00.000Z;0.0710
2016-11-05T00:00:00.000Z;0.0730
2016-11-06T00:00:00.000Z;0.0830
2016-11-07T00:00:00.000Z;0.0810
2016-11-08T00:00:00.000Z;0.0810
2016-11-09T00:00:00.000Z;0.111
2016-11-10T00:00:00.000Z;0.401
2016-11-11T00:00:00.000Z;0.565
2016-11-12T00:00:00.000Z;Jan.15
2016-11-13T00:00:00.000Z;0.783
2016-11-14T00:00:00.000Z;Jan.59
2016-11-15T00:00:00.000Z;1.Apr
2016-11-16T00:00:00.000Z;0.491
2016-11-17T00:00:00.000Z;0.297
2016-11-18T00:00:00.000Z;0.251
2016-11-19T00:00:00.000Z;0.370
2016-11-20T00:00:00.000Z;0.384
2016-11-21T00:00:00.000Z;0.260
2016-11-22T00:00:00.000Z;0.226
2016-11-23T00:00:00.000Z;0.313
2016-11-24T00:00:00.000Z;1.Apr
2016-11-25T00:00:00.000Z;0.594
2016-11-26T00:00:00.000Z;0.352
2016-11-27T00:00:00.000Z;0.267
2016-11-28T00:00:00.000Z;0.238
2016-11-29T00:00:00.000Z;0.214
2016-11-30T00:00:00.000Z;0.190
2016-12-01T00:00:00.000Z;0.175
2016-12-02T00:00:00.000Z;0.168
2016-12-03T00:00:00.000Z;0.161
2016-12-04T00:00:00.000Z;0.154
2016-12-05T00:00:00.000Z;0.143
2016-12-06T00:00:00.000Z;0.134
2016-12-07T00:00:00.000Z;0.128
2016-12-08T00:00:00.000Z;0.122
2016-12-09T00:00:00.000Z;0.118
2016-12-10T00:00:00.000Z;0.116
2016-12-11T00:00:00.000Z;0.113
2016-12-12T00:00:00.000Z;0.111
2016-12-13T00:00:00.000Z;0.109
2016-12-14T00:00:00.000Z;0.107
2016-12-15T00:00:00.000Z;0.105
2016-12-16T00:00:00.000Z;0.102
2016-12-17T00:00:00.000Z;0.0980
2016-12-18T00:00:00.000Z;0.0950
2016-12-19T00:00:00.000Z;0.0950
2016-12-20T00:00:00.000Z;0.0950
2016-12-21T00:00:00.000Z;0.0920
2016-12-22T00:00:00.000Z;0.0890
2016-12-23T00:00:00.000Z;0.0910
2016-12-24T00:00:00.000Z;0.0900
2016-12-25T00:00:00.000Z;0.0910
2016-12-26T00:00:00.000Z;0.0880
2016-12-27T00:00:00.000Z;0.0860
2016-12-28T00:00:00.000Z;0.0840
2016-12-29T00:00:00.000Z;0.0830
2016-12-30T00:00:00.000Z;0.0820
2016-12-31T00:00:00.000Z;0.0810
2017-01-01T00:00:00.000Z;0.0810
2017-01-02T00:00:00.000Z;0.0800
2017-01-03T00:00:00.000Z;0.0790
2017-01-04T00:00:00.000Z;0.0770
2017-01-05T00:00:00.000Z;0.0750
2017-01-06T00:00:00.000Z;0.0740
2017-01-07T00:00:00.000Z;0.0730
2017-01-08T00:00:00.000Z;0.0720
2017-01-09T00:00:00.000Z;0.0730
2017-01-10T00:00:00.000Z;0.143
2017-01-11T00:00:00.000Z;0.557
2017-01-12T00:00:00.000Z;0.635
2017-01-13T00:00:00.000Z;1.Jan
2017-01-14T00:00:00.000Z;0.717
2017-01-15T00:00:00.000Z;0.425
2017-01-16T00:00:00.000Z;2.Feb
2017-01-17T00:00:00.000Z;Jan.60
2017-01-18T00:00:00.000Z;0.674
2017-01-19T00:00:00.000Z;0.466
2017-01-20T00:00:00.000Z;0.359
2017-01-21T00:00:00.000Z;0.373
2017-01-22T00:00:00.000Z;0.350
2017-01-23T00:00:00.000Z;0.308
2017-01-24T00:00:00.000Z;0.318
2017-01-25T00:00:00.000Z;0.412
2017-01-26T00:00:00.000Z;0.335
2017-01-27T00:00:00.000Z;0.351
2017-01-28T00:00:00.000Z;0.589
2017-01-29T00:00:00.000Z;0.734
2017-01-30T00:00:00.000Z;0.709
2017-01-31T00:00:00.000Z;1.Apr
2017-02-01T00:00:00.000Z;1.Sep
2017-02-02T00:00:00.000Z;0.817
2017-02-03T00:00:00.000Z;0.644
2017-02-04T00:00:00.000Z;0.511
2017-02-05T00:00:00.000Z;0.716
2017-02-06T00:00:00.000Z;1.Aug
2017-02-07T00:00:00.000Z;Mar.20
2017-02-08T00:00:00.000Z;Feb.71
2017-02-09T00:00:00.000Z;Jan.80
2017-02-10T00:00:00.000Z;1.Feb
2017-02-11T00:00:00.000Z;0.740
2017-02-12T00:00:00.000Z;0.618
2017-02-13T00:00:00.000Z;0.730
2017-02-14T00:00:00.000Z;0.741
2017-02-15T00:00:00.000Z;0.645
2017-02-16T00:00:00.000Z;0.486
2017-02-17T00:00:00.000Z;0.416
2017-02-18T00:00:00.000Z;0.356
2017-02-19T00:00:00.000Z;0.317
2017-02-20T00:00:00.000Z;0.289
2017-02-21T00:00:00.000Z;0.266
2017-02-22T00:00:00.000Z;0.256
2017-02-23T00:00:00.000Z;0.245
2017-02-24T00:00:00.000Z;0.235
2017-02-25T00:00:00.000Z;0.225
2017-02-26T00:00:00.000Z;0.217
2017-02-27T00:00:00.000Z;0.210
2017-02-28T00:00:00.000Z;0.207
2017-03-01T00:00:00.000Z;0.207
2017-03-02T00:00:00.000Z;0.198
2017-03-03T00:00:00.000Z;0.196
2017-03-04T00:00:00.000Z;0.382
2017-03-05T00:00:00.000Z;0.534
2017-03-06T00:00:00.000Z;0.517
2017-03-07T00:00:00.000Z;0.617
2017-03-08T00:00:00.000Z;Jan.15
2017-03-09T00:00:00.000Z;0.746
2017-03-10T00:00:00.000Z;0.493
2017-03-11T00:00:00.000Z;0.399
2017-03-12T00:00:00.000Z;0.335
2017-03-13T00:00:00.000Z;0.293
2017-03-14T00:00:00.000Z;0.271
2017-03-15T00:00:00.000Z;0.256
2017-03-16T00:00:00.000Z;0.245
2017-03-17T00:00:00.000Z;0.232
2017-03-18T00:00:00.000Z;0.222
2017-03-19T00:00:00.000Z;0.213
2017-03-20T00:00:00.000Z;0.207
2017-03-21T00:00:00.000Z;0.200
2017-03-22T00:00:00.000Z;0.211
2017-03-23T00:00:00.000Z;0.219
2017-03-24T00:00:00.000Z;0.259
2017-03-25T00:00:00.000Z;0.309
2017-03-26T00:00:00.000Z;0.557
2017-03-27T00:00:00.000Z;0.535
2017-03-28T00:00:00.000Z;0.395
2017-03-29T00:00:00.000Z;0.303
2017-03-30T00:00:00.000Z;0.268
2017-03-31T00:00:00.000Z;0.253
2017-04-01T00:00:00.000Z;0.291
2017-04-02T00:00:00.000Z;0.544
2017-04-03T00:00:00.000Z;0.916
2017-04-04T00:00:00.000Z;0.589
2017-04-05T00:00:00.000Z;0.441
2017-04-06T00:00:00.000Z;0.350
2017-04-07T00:00:00.000Z;0.305
2017-04-08T00:00:00.000Z;0.282
2017-04-09T00:00:00.000Z;0.260
2017-04-10T00:00:00.000Z;0.240
2017-04-11T00:00:00.000Z;0.226
2017-04-12T00:00:00.000Z;0.215
2017-04-13T00:00:00.000Z;0.206
2017-04-14T00:00:00.000Z;0.197
2017-04-15T00:00:00.000Z;0.188
2017-04-16T00:00:00.000Z;0.181
2017-04-17T00:00:00.000Z;0.176
2017-04-18T00:00:00.000Z;0.171
2017-04-19T00:00:00.000Z;0.163
2017-04-20T00:00:00.000Z;0.156
2017-04-21T00:00:00.000Z;0.151
2017-04-22T00:00:00.000Z;0.148
2017-04-23T00:00:00.000Z;0.145
2017-04-24T00:00:00.000Z;0.142
2017-04-25T00:00:00.000Z;0.139
2017-04-26T00:00:00.000Z;0.148
2017-04-27T00:00:00.000Z;0.164
2017-04-28T00:00:00.000Z;0.165
2017-04-29T00:00:00.000Z;0.169
2017-04-30T00:00:00.000Z;0.166
2017-05-01T00:00:00.000Z;0.172
2017-05-02T00:00:00.000Z;0.188
2017-05-03T00:00:00.000Z;0.224
2017-05-04T00:00:00.000Z;0.211
2017-05-05T00:00:00.000Z;0.193
2017-05-06T00:00:00.000Z;0.184
2017-05-07T00:00:00.000Z;0.189
2017-05-08T00:00:00.000Z;0.174
2017-05-09T00:00:00.000Z;0.163
2017-05-10T00:00:00.000Z;0.157
2017-05-11T00:00:00.000Z;0.153
2017-05-12T00:00:00.000Z;0.145
2017-05-13T00:00:00.000Z;0.136
2017-05-14T00:00:00.000Z;0.130
2017-05-15T00:00:00.000Z;0.129
2017-05-16T00:00:00.000Z;0.121
2017-05-17T00:00:00.000Z;0.119
2017-05-18T00:00:00.000Z;0.123
2017-05-19T00:00:00.000Z;0.171
2017-05-20T00:00:00.000Z;0.152
2017-05-21T00:00:00.000Z;0.134
2017-05-22T00:00:00.000Z;0.175
2017-05-23T00:00:00.000Z;1.Jul
2017-05-24T00:00:00.000Z;0.497
2017-05-25T00:00:00.000Z;0.235
2017-05-26T00:00:00.000Z;0.210
2017-05-27T00:00:00.000Z;0.187
2017-05-28T00:00:00.000Z;0.168
2017-05-29T00:00:00.000Z;0.157
2017-05-30T00:00:00.000Z;0.199
2017-05-31T00:00:00.000Z;0.986
2017-06-01T00:00:00.000Z;0.765
2017-06-02T00:00:00.000Z;0.369
2017-06-03T00:00:00.000Z;0.305
2017-06-04T00:00:00.000Z;0.635
2017-06-05T00:00:00.000Z;0.615
2017-06-06T00:00:00.000Z;0.514
2017-06-07T00:00:00.000Z;0.513
2017-06-08T00:00:00.000Z;0.391
2017-06-09T00:00:00.000Z;0.293
2017-06-10T00:00:00.000Z;0.252
2017-06-11T00:00:00.000Z;0.231
2017-06-12T00:00:00.000Z;0.215
2017-06-13T00:00:00.000Z;0.203
2017-06-14T00:00:00.000Z;0.193
2017-06-15T00:00:00.000Z;0.183
2017-06-16T00:00:00.000Z;0.173
2017-06-17T00:00:00.000Z;0.166
2017-06-18T00:00:00.000Z;0.160
2017-06-19T00:00:00.000Z;0.155
2017-06-20T00:00:00.000Z;0.149
2017-06-21T00:00:00.000Z;0.145
2017-06-22T00:00:00.000Z;0.144
2017-06-23T00:00:00.000Z;0.137
2017-06-24T00:00:00.000Z;0.132
2017-06-25T00:00:00.000Z;0.131
2017-06-26T00:00:00.000Z;0.132
2017-06-27T00:00:00.000Z;0.130
2017-06-28T00:00:00.000Z;0.140
2017-06-29T00:00:00.000Z;0.203
2017-06-30T00:00:00.000Z;0.307
2017-07-01T00:00:00.000Z;0.208
2017-07-02T00:00:00.000Z;0.336
2017-07-03T00:00:00.000Z;0.261
2017-07-04T00:00:00.000Z;0.209
2017-07-05T00:00:00.000Z;0.183
2017-07-06T00:00:00.000Z;0.164
2017-07-07T00:00:00.000Z;0.152
2017-07-08T00:00:00.000Z;0.143
2017-07-09T00:00:00.000Z;0.139
2017-07-10T00:00:00.000Z;0.144
2017-07-11T00:00:00.000Z;0.145
2017-07-12T00:00:00.000Z;0.137
2017-07-13T00:00:00.000Z;0.128
2017-07-14T00:00:00.000Z;0.126
2017-07-15T00:00:00.000Z;0.131
2017-07-16T00:00:00.000Z;0.121
2017-07-17T00:00:00.000Z;0.116
2017-07-18T00:00:00.000Z;0.115
2017-07-19T00:00:00.000Z;0.112
2017-07-20T00:00:00.000Z;0.111
2017-07-21T00:00:00.000Z;0.151
2017-07-22T00:00:00.000Z;0.146
2017-07-23T00:00:00.000Z;0.133
2017-07-24T00:00:00.000Z;0.139
2017-07-25T00:00:00.000Z;0.167
2017-07-26T00:00:00.000Z;0.148
2017-07-27T00:00:00.000Z;0.126
2017-07-28T00:00:00.000Z;0.115
2017-07-29T00:00:00.000Z;0.110
2017-07-30T00:00:00.000Z;0.106
2017-07-31T00:00:00.000Z;0.103
2017-08-01T00:00:00.000Z;0.101
2017-08-02T00:00:00.000Z;0.0980
2017-08-03T00:00:00.000Z;0.0960
2017-08-04T00:00:00.000Z;0.0940
2017-08-05T00:00:00.000Z;0.0920
2017-08-06T00:00:00.000Z;0.112
2017-08-07T00:00:00.000Z;0.124
2017-08-08T00:00:00.000Z;0.102
2017-08-09T00:00:00.000Z;0.0960
2017-08-10T00:00:00.000Z;0.0940
2017-08-11T00:00:00.000Z;0.0930
2017-08-12T00:00:00.000Z;0.0910
2017-08-13T00:00:00.000Z;0.0890
2017-08-14T00:00:00.000Z;0.0870
2017-08-15T00:00:00.000Z;0.0850
2017-08-16T00:00:00.000Z;0.0830
2017-08-17T00:00:00.000Z;0.0820
2017-08-18T00:00:00.000Z;0.0810
2017-08-19T00:00:00.000Z;0.0910
2017-08-20T00:00:00.000Z;0.111
2017-08-21T00:00:00.000Z;0.0930
2017-08-22T00:00:00.000Z;0.0840
2017-08-23T00:00:00.000Z;0.0810
2017-08-24T00:00:00.000Z;0.0820
2017-08-25T00:00:00.000Z;0.0790
2017-08-26T00:00:00.000Z;0.0770
2017-08-27T00:00:00.000Z;0.0750
2017-08-28T00:00:00.000Z;0.0760
2017-08-29T00:00:00.000Z;0.0750
2017-08-30T00:00:00.000Z;0.0750
2017-08-31T00:00:00.000Z;0.0750
2017-09-01T00:00:00.000Z;0.0780
2017-09-02T00:00:00.000Z;0.0740
2017-09-03T00:00:00.000Z;0.0730
2017-09-04T00:00:00.000Z;0.0730
2017-09-05T00:00:00.000Z;0.0720
2017-09-06T00:00:00.000Z;0.0770
2017-09-07T00:00:00.000Z;0.0890
2017-09-08T00:00:00.000Z;0.0850
2017-09-09T00:00:00.000Z;0.0870
2017-09-10T00:00:00.000Z;0.105
2017-09-11T00:00:00.000Z;0.151
2017-09-12T00:00:00.000Z;0.241
2017-09-13T00:00:00.000Z;0.166
2017-09-14T00:00:00.000Z;0.147
2017-09-15T00:00:00.000Z;0.230
2017-09-16T00:00:00.000Z;0.157
2017-09-17T00:00:00.000Z;0.132
2017-09-18T00:00:00.000Z;0.115
2017-09-19T00:00:00.000Z;0.116
2017-09-20T00:00:00.000Z;0.111
2017-09-21T00:00:00.000Z;0.103
2017-09-22T00:00:00.000Z;0.0950
2017-09-23T00:00:00.000Z;0.0900
2017-09-24T00:00:00.000Z;0.0860
2017-09-25T00:00:00.000Z;0.0830
2017-09-26T00:00:00.000Z;0.0840
2017-09-27T00:00:00.000Z;0.0820
2017-09-28T00:00:00.000Z;0.0780
2017-09-29T00:00:00.000Z;0.0770
2017-09-30T00:00:00.000Z;0.0760
2017-10-01T00:00:00.000Z;0.0810
2017-10-02T00:00:00.000Z;0.320
2017-10-03T00:00:00.000Z;0.221
2017-10-04T00:00:00.000Z;0.175
2017-10-05T00:00:00.000Z;0.135
2017-10-06T00:00:00.000Z;0.114
2017-10-07T00:00:00.000Z;0.103
2017-10-08T00:00:00.000Z;0.0960
2017-10-09T00:00:00.000Z;0.0910
2017-10-10T00:00:00.000Z;0.0880
2017-10-11T00:00:00.000Z;0.0850
2017-10-12T00:00:00.000Z;0.0810
2017-10-13T00:00:00.000Z;0.0780
2017-10-14T00:00:00.000Z;0.0760
2017-10-15T00:00:00.000Z;0.0740
2017-10-16T00:00:00.000Z;0.0730
2017-10-17T00:00:00.000Z;0.0710
2017-10-18T00:00:00.000Z;0.0720
2017-10-19T00:00:00.000Z;0.0790
2017-10-20T00:00:00.000Z;0.0730
2017-10-21T00:00:00.000Z;0.0700
2017-10-22T00:00:00.000Z;0.0940
2017-10-23T00:00:00.000Z;0.0910
2017-10-24T00:00:00.000Z;0.0830
2017-10-25T00:00:00.000Z;0.0780
2017-10-26T00:00:00.000Z;0.0740
2017-10-27T00:00:00.000Z;0.0710
2017-10-28T00:00:00.000Z;0.0700
2017-10-29T00:00:00.000Z;0.0700
2017-10-30T00:00:00.000Z;0.0690
2017-10-31T00:00:00.000Z;0.0740
2017-11-01T00:00:00.000Z;0.0750
2017-11-02T00:00:00.000Z;0.0710
2017-11-03T00:00:00.000Z;0.0700
2017-11-04T00:00:00.000Z;0.0690
2017-11-05T00:00:00.000Z;0.504
2017-11-06T00:00:00.000Z;0.780
2017-11-07T00:00:00.000Z;0.344
2017-11-08T00:00:00.000Z;0.261
2017-11-09T00:00:00.000Z;1.Dec
2017-11-10T00:00:00.000Z;Jan.40
2017-11-11T00:00:00.000Z;Jan.38
2017-11-12T00:00:00.000Z;Jan.16
2017-11-13T00:00:00.000Z;Jan.27
2017-11-14T00:00:00.000Z;0.870
2017-11-15T00:00:00.000Z;0.472
2017-11-16T00:00:00.000Z;0.316
2017-11-17T00:00:00.000Z;0.271
2017-11-18T00:00:00.000Z;0.240
2017-11-19T00:00:00.000Z;0.216
2017-11-20T00:00:00.000Z;0.199
2017-11-21T00:00:00.000Z;0.187
2017-11-22T00:00:00.000Z;0.177
2017-11-23T00:00:00.000Z;0.169
2017-11-24T00:00:00.000Z;0.160
2017-11-25T00:00:00.000Z;0.228
2017-11-26T00:00:00.000Z;0.526
2017-11-27T00:00:00.000Z;0.325
2017-11-28T00:00:00.000Z;0.275
2017-11-29T00:00:00.000Z;0.256
2017-11-30T00:00:00.000Z;0.279
2017-12-01T00:00:00.000Z;0.310
2017-12-02T00:00:00.000Z;0.317
2017-12-03T00:00:00.000Z;0.292
2017-12-04T00:00:00.000Z;0.288
2017-12-05T00:00:00.000Z;0.343
2017-12-06T00:00:00.000Z;0.372
2017-12-07T00:00:00.000Z;0.405
2017-12-08T00:00:00.000Z;1.Jun
2017-12-09T00:00:00.000Z;Jan.84
2017-12-10T00:00:00.000Z;Jan.46
2017-12-11T00:00:00.000Z;Jan.45
2017-12-12T00:00:00.000Z;Jan.18
2017-12-13T00:00:00.000Z;0.762
2017-12-14T00:00:00.000Z;0.732
2017-12-15T00:00:00.000Z;1.Apr
2017-12-16T00:00:00.000Z;Jan.37
2017-12-17T00:00:00.000Z;0.871
2017-12-18T00:00:00.000Z;0.663
2017-12-19T00:00:00.000Z;Jan.23
2017-12-20T00:00:00.000Z;0.898
2017-12-21T00:00:00.000Z;0.625
2017-12-22T00:00:00.000Z;0.586
2017-12-23T00:00:00.000Z;0.507
2017-12-24T00:00:00.000Z;0.440
2017-12-25T00:00:00.000Z;0.371
2017-12-26T00:00:00.000Z;0.344
2017-12-27T00:00:00.000Z;0.661
2017-12-28T00:00:00.000Z;0.961
2017-12-29T00:00:00.000Z;Jan.81
2017-12-30T00:00:00.000Z;Jan.72
2017-12-31T00:00:00.000Z;Jan.30
2018-01-01T00:00:00.000Z;0.948
2018-01-02T00:00:00.000Z;0.980
2018-01-03T00:00:00.000Z;Jan.50
2018-01-04T00:00:00.000Z;Jan.19
2018-01-05T00:00:00.000Z;1.Jan
2018-01-06T00:00:00.000Z;0.785
2018-01-07T00:00:00.000Z;0.759
2018-01-08T00:00:00.000Z;Jan.13
2018-01-09T00:00:00.000Z;0.895
2018-01-10T00:00:00.000Z;0.653
2018-01-11T00:00:00.000Z;0.607
2018-01-12T00:00:00.000Z;0.590
2018-01-13T00:00:00.000Z;0.569
2018-01-14T00:00:00.000Z;0.517
2018-01-15T00:00:00.000Z;0.440
2018-01-16T00:00:00.000Z;0.389
2018-01-17T00:00:00.000Z;0.391
2018-01-18T00:00:00.000Z;0.458
2018-01-19T00:00:00.000Z;0.434
2018-01-20T00:00:00.000Z;0.396
2018-01-21T00:00:00.000Z;Jan.44
2018-01-22T00:00:00.000Z;Jan.63
2018-01-23T00:00:00.000Z;1.Mar
2018-01-24T00:00:00.000Z;0.789
2018-01-25T00:00:00.000Z;0.583
2018-01-26T00:00:00.000Z;0.989
2018-01-27T00:00:00.000Z;Jan.18
2018-01-28T00:00:00.000Z;0.912
2018-01-29T00:00:00.000Z;0.902
2018-01-30T00:00:00.000Z;0.894
2018-01-31T00:00:00.000Z;0.779
2018-02-01T00:00:00.000Z;0.760
2018-02-02T00:00:00.000Z;0.862
2018-02-03T00:00:00.000Z;0.717
2018-02-04T00:00:00.000Z;0.712
2018-02-05T00:00:00.000Z;0.663
2018-02-06T00:00:00.000Z;0.602
2018-02-07T00:00:00.000Z;0.524
2018-02-08T00:00:00.000Z;0.464
2018-02-09T00:00:00.000Z;0.405
2018-02-10T00:00:00.000Z;0.368
2018-02-11T00:00:00.000Z;0.876
2018-02-12T00:00:00.000Z;Feb.91
2018-02-13T00:00:00.000Z;Jan.63
2018-02-14T00:00:00.000Z;Jan.24
2018-02-15T00:00:00.000Z;3.May
2018-02-16T00:00:00.000Z;Feb.52
2018-02-17T00:00:00.000Z;Feb.18
2018-02-18T00:00:00.000Z;Jan.75
2018-02-19T00:00:00.000Z;Mar.46
2018-02-20T00:00:00.000Z;Aug.41
2018-02-21T00:00:00.000Z;Aug.46
2018-02-22T00:00:00.000Z;Apr.93
2018-02-23T00:00:00.000Z;Mar.27
2018-02-24T00:00:00.000Z;Feb.71
2018-02-25T00:00:00.000Z;Jan.75
2018-02-26T00:00:00.000Z;Jan.31
2018-02-27T00:00:00.000Z;1.Mar
2018-02-28T00:00:00.000Z;0.852
2018-03-01T00:00:00.000Z;0.739
2018-03-02T00:00:00.000Z;0.949
2018-03-03T00:00:00.000Z;0.906
2018-03-04T00:00:00.000Z;0.763
2018-03-05T00:00:00.000Z;0.684
2018-03-06T00:00:00.000Z;0.600
2018-03-07T00:00:00.000Z;0.559
2018-03-08T00:00:00.000Z;0.529
2018-03-09T00:00:00.000Z;0.510
2018-03-10T00:00:00.000Z;0.508
2018-03-11T00:00:00.000Z;0.496
2018-03-12T00:00:00.000Z;0.435
2018-03-13T00:00:00.000Z;0.387
2018-03-14T00:00:00.000Z;0.371
2018-03-15T00:00:00.000Z;0.364
2018-03-16T00:00:00.000Z;0.340
2018-03-17T00:00:00.000Z;0.331
2018-03-18T00:00:00.000Z;0.342
2018-03-19T00:00:00.000Z;0.430
2018-03-20T00:00:00.000Z;0.458
2018-03-21T00:00:00.000Z;0.447
2018-03-22T00:00:00.000Z;0.493
2018-03-23T00:00:00.000Z;0.591
2018-03-24T00:00:00.000Z;0.818
2018-03-25T00:00:00.000Z;0.953
2018-03-26T00:00:00.000Z;Feb.52
2018-03-27T00:00:00.000Z;Feb.39
2018-03-28T00:00:00.000Z;Jan.83
2018-03-29T00:00:00.000Z;Jan.39
2018-03-30T00:00:00.000Z;1.Mar
2018-03-31T00:00:00.000Z;0.858
2018-04-01T00:00:00.000Z;0.899
2018-04-02T00:00:00.000Z;0.949
2018-04-03T00:00:00.000Z;0.780
2018-04-04T00:00:00.000Z;0.554
2018-04-05T00:00:00.000Z;0.433
2018-04-06T00:00:00.000Z;0.373
2018-04-07T00:00:00.000Z;0.345
2018-04-08T00:00:00.000Z;0.355
2018-04-09T00:00:00.000Z;0.584
2018-04-10T00:00:00.000Z;0.467
2018-04-11T00:00:00.000Z;0.458
2018-04-12T00:00:00.000Z;0.832
2018-04-13T00:00:00.000Z;0.737
2018-04-14T00:00:00.000Z;0.539
2018-04-15T00:00:00.000Z;0.467
2018-04-16T00:00:00.000Z;0.434
2018-04-17T00:00:00.000Z;0.459
2018-04-18T00:00:00.000Z;0.384
2018-04-19T00:00:00.000Z;0.335
2018-04-20T00:00:00.000Z;0.307
2018-04-21T00:00:00.000Z;0.285
2018-04-22T00:00:00.000Z;0.264
2018-04-23T00:00:00.000Z;0.250
2018-04-24T00:00:00.000Z;0.233
2018-04-25T00:00:00.000Z;0.225
2018-04-26T00:00:00.000Z;0.256
2018-04-27T00:00:00.000Z;0.237
2018-04-28T00:00:00.000Z;0.226
2018-04-29T00:00:00.000Z;0.425
2018-04-30T00:00:00.000Z;0.696
2018-05-01T00:00:00.000Z;0.772
2018-05-02T00:00:00.000Z;0.826
2018-05-03T00:00:00.000Z;Feb.59
2018-05-04T00:00:00.000Z;Feb.78
2018-05-05T00:00:00.000Z;Jan.72
2018-05-06T00:00:00.000Z;1.Jul
2018-05-07T00:00:00.000Z;0.766
2018-05-08T00:00:00.000Z;Mar.61
2018-05-09T00:00:00.000Z;Feb.42
2018-05-10T00:00:00.000Z;Jan.45
2018-05-11T00:00:00.000Z;0.973
2018-05-12T00:00:00.000Z;0.717
2018-05-13T00:00:00.000Z;1.Sep
2018-05-14T00:00:00.000Z;0.982
2018-05-15T00:00:00.000Z;1.Mar
2018-05-16T00:00:00.000Z;0.930
2018-05-17T00:00:00.000Z;0.728
2018-05-18T00:00:00.000Z;0.550
2018-05-19T00:00:00.000Z;0.630
2018-05-20T00:00:00.000Z;1.Jul
2018-05-21T00:00:00.000Z;0.981
2018-05-22T00:00:00.000Z;0.806
2018-05-23T00:00:00.000Z;0.871
2018-05-24T00:00:00.000Z;1.Jul
2018-05-25T00:00:00.000Z;0.768
2018-05-26T00:00:00.000Z;0.541
2018-05-27T00:00:00.000Z;0.496
2018-05-28T00:00:00.000Z;0.987
2018-05-29T00:00:00.000Z;1.Apr
2018-05-30T00:00:00.000Z;0.758
2018-05-31T00:00:00.000Z;Jan.35
2018-06-01T00:00:00.000Z;Jan.20
2018-06-02T00:00:00.000Z;0.770
2018-06-03T00:00:00.000Z;0.590
2018-06-04T00:00:00.000Z;0.658
2018-06-05T00:00:00.000Z;Jan.26
2018-06-06T00:00:00.000Z;1.Jan
2018-06-07T00:00:00.000Z;1.00
2018-06-08T00:00:00.000Z;0.766
2018-06-09T00:00:00.000Z;0.563
2018-06-10T00:00:00.000Z;0.471
2018-06-11T00:00:00.000Z;0.520
2018-06-12T00:00:00.000Z;1.Dec
2018-06-13T00:00:00.000Z;Feb.79
2018-06-14T00:00:00.000Z;Feb.14
2018-06-15T00:00:00.000Z;Jan.33
2018-06-16T00:00:00.000Z;0.816
2018-06-17T00:00:00.000Z;0.596
2018-06-18T00:00:00.000Z;0.491
2018-06-19T00:00:00.000Z;0.441
2018-06-20T00:00:00.000Z;0.385
2018-06-21T00:00:00.000Z;0.340
2018-06-22T00:00:00.000Z;0.309
2018-06-23T00:00:00.000Z;0.290
2018-06-24T00:00:00.000Z;0.271
2018-06-25T00:00:00.000Z;0.250
2018-06-26T00:00:00.000Z;0.239
2018-06-27T00:00:00.000Z;0.227
2018-06-28T00:00:00.000Z;0.231
2018-06-29T00:00:00.000Z;0.228
2018-06-30T00:00:00.000Z;0.220
2018-07-01T00:00:00.000Z;0.213
2018-07-02T00:00:00.000Z;0.207
2018-07-03T00:00:00.000Z;0.199
2018-07-04T00:00:00.000Z;0.192
2018-07-05T00:00:00.000Z;0.195
2018-07-06T00:00:00.000Z;0.182
2018-07-07T00:00:00.000Z;0.175
2018-07-08T00:00:00.000Z;0.168
2018-07-09T00:00:00.000Z;0.163
2018-07-10T00:00:00.000Z;0.159
2018-07-11T00:00:00.000Z;0.155
2018-07-12T00:00:00.000Z;0.152
2018-07-13T00:00:00.000Z;0.148
2018-07-14T00:00:00.000Z;0.143
2018-07-15T00:00:00.000Z;0.139
2018-07-16T00:00:00.000Z;0.493
2018-07-17T00:00:00.000Z;0.422
2018-07-18T00:00:00.000Z;0.207
2018-07-19T00:00:00.000Z;0.196
2018-07-20T00:00:00.000Z;0.179
2018-07-21T00:00:00.000Z;0.263
2018-07-22T00:00:00.000Z;0.214
2018-07-23T00:00:00.000Z;0.192
2018-07-24T00:00:00.000Z;0.172
2018-07-25T00:00:00.000Z;0.156
2018-07-26T00:00:00.000Z;0.147
2018-07-27T00:00:00.000Z;0.140
2018-07-28T00:00:00.000Z;0.135
2018-07-29T00:00:00.000Z;0.130
2018-07-30T00:00:00.000Z;0.125
2018-07-31T00:00:00.000Z;0.121
2018-08-01T00:00:00.000Z;0.117
2018-08-02T00:00:00.000Z;0.115
2018-08-03T00:00:00.000Z;0.113
2018-08-04T00:00:00.000Z;0.110
2018-08-05T00:00:00.000Z;0.108
2018-08-06T00:00:00.000Z;0.106
2018-08-07T00:00:00.000Z;0.105
2018-08-08T00:00:00.000Z;0.105
2018-08-09T00:00:00.000Z;0.103
2018-08-10T00:00:00.000Z;0.101
2018-08-11T00:00:00.000Z;0.0980
2018-08-12T00:00:00.000Z;0.0980
2018-08-13T00:00:00.000Z;0.101
2018-08-14T00:00:00.000Z;0.113
2018-08-15T00:00:00.000Z;0.114
2018-08-16T00:00:00.000Z;0.100
2018-08-17T00:00:00.000Z;0.110
2018-08-18T00:00:00.000Z;0.171
2018-08-19T00:00:00.000Z;0.124
2018-08-20T00:00:00.000Z;0.104
2018-08-21T00:00:00.000Z;0.0980
2018-08-22T00:00:00.000Z;0.0950
2018-08-23T00:00:00.000Z;0.0930
2018-08-24T00:00:00.000Z;0.0890
2018-08-25T00:00:00.000Z;0.0880
2018-08-26T00:00:00.000Z;0.0870
2018-08-27T00:00:00.000Z;0.0850
2018-08-28T00:00:00.000Z;0.0840
2018-08-29T00:00:00.000Z;0.0820
2018-08-30T00:00:00.000Z;0.0860
2018-08-31T00:00:00.000Z;0.0860
2018-09-01T00:00:00.000Z;0.0820
2018-09-02T00:00:00.000Z;0.0800
2018-09-03T00:00:00.000Z;0.0790
2018-09-04T00:00:00.000Z;0.0770
2018-09-05T00:00:00.000Z;0.0790
2018-09-06T00:00:00.000Z;0.162
2018-09-07T00:00:00.000Z;0.146
2018-09-08T00:00:00.000Z;0.113
2018-09-09T00:00:00.000Z;0.0970
2018-09-10T00:00:00.000Z;0.0930
2018-09-11T00:00:00.000Z;0.0860
2018-09-12T00:00:00.000Z;0.0810
2018-09-13T00:00:00.000Z;0.0790
2018-09-14T00:00:00.000Z;0.0770
2018-09-15T00:00:00.000Z;0.0760
2018-09-16T00:00:00.000Z;0.0750
2018-09-17T00:00:00.000Z;0.0730
2018-09-18T00:00:00.000Z;0.0740
2018-09-19T00:00:00.000Z;0.0730
2018-09-20T00:00:00.000Z;0.0730
2018-09-21T00:00:00.000Z;0.0710
2018-09-22T00:00:00.000Z;0.0700
2018-09-23T00:00:00.000Z;0.0680
2018-09-24T00:00:00.000Z;0.0750
2018-09-25T00:00:00.000Z;0.101
2018-09-26T00:00:00.000Z;0.0790
2018-09-27T00:00:00.000Z;0.0720
2018-09-28T00:00:00.000Z;0.0720
2018-09-29T00:00:00.000Z;0.0710
2018-09-30T00:00:00.000Z;0.0700
2018-10-01T00:00:00.000Z;0.0680
2018-10-02T00:00:00.000Z;0.0660
2018-10-03T00:00:00.000Z;0.0660
2018-10-04T00:00:00.000Z;0.0660
2018-10-05T00:00:00.000Z;0.0660
2018-10-06T00:00:00.000Z;0.0660
2018-10-07T00:00:00.000Z;0.0690
2018-10-08T00:00:00.000Z;0.0770
2018-10-09T00:00:00.000Z;0.0720
2018-10-10T00:00:00.000Z;0.0710
2018-10-11T00:00:00.000Z;0.0690
2018-10-12T00:00:00.000Z;0.0660
2018-10-13T00:00:00.000Z;0.0660
2018-10-14T00:00:00.000Z;0.0660
2018-10-15T00:00:00.000Z;0.185
2018-10-16T00:00:00.000Z;0.132
2018-10-17T00:00:00.000Z;0.0970
2018-10-18T00:00:00.000Z;0.0910
2018-10-19T00:00:00.000Z;0.0860
2018-10-20T00:00:00.000Z;0.0820
2018-10-21T00:00:00.000Z;0.0780
2018-10-22T00:00:00.000Z;0.0750
2018-10-23T00:00:00.000Z;0.0710
2018-10-24T00:00:00.000Z;0.0700
2018-10-25T00:00:00.000Z;0.0690
2018-10-26T00:00:00.000Z;0.0680
2018-10-27T00:00:00.000Z;0.0740
2018-10-28T00:00:00.000Z;0.0920
2018-10-29T00:00:00.000Z;0.111
2018-10-30T00:00:00.000Z;0.108
2018-10-31T00:00:00.000Z;0.133
2018-11-01T00:00:00.000Z;0.155
2018-11-02T00:00:00.000Z;0.117
2018-11-03T00:00:00.000Z;0.174
2018-11-04T00:00:00.000Z;0.166
2018-11-05T00:00:00.000Z;0.129
2018-11-06T00:00:00.000Z;0.114
2018-11-07T00:00:00.000Z;0.112
2018-11-08T00:00:00.000Z;0.184
2018-11-09T00:00:00.000Z;0.228
2018-11-10T00:00:00.000Z;0.281
2018-11-11T00:00:00.000Z;0.209
2018-11-12T00:00:00.000Z;0.166
2018-11-13T00:00:00.000Z;0.136
2018-11-14T00:00:00.000Z;0.121
2018-11-15T00:00:00.000Z;0.114
2018-11-16T00:00:00.000Z;0.108
2018-11-17T00:00:00.000Z;0.103
2018-11-18T00:00:00.000Z;0.100
2018-11-19T00:00:00.000Z;0.0970
2018-11-20T00:00:00.000Z;0.0950
2018-11-21T00:00:00.000Z;0.0910
2018-11-22T00:00:00.000Z;0.0860
2018-11-23T00:00:00.000Z;0.0840
2018-11-24T00:00:00.000Z;0.0820
2018-11-25T00:00:00.000Z;0.0810
2018-11-26T00:00:00.000Z;0.0830
2018-11-27T00:00:00.000Z;0.0880
2018-11-28T00:00:00.000Z;0.0840
2018-11-29T00:00:00.000Z;0.0820
2018-11-30T00:00:00.000Z;0.0950
2018-12-01T00:00:00.000Z;0.161
2018-12-02T00:00:00.000Z;0.147
2018-12-03T00:00:00.000Z;0.131
2018-12-04T00:00:00.000Z;0.119
2018-12-05T00:00:00.000Z;0.112
2018-12-06T00:00:00.000Z;0.107
2018-12-07T00:00:00.000Z;0.102
2018-12-08T00:00:00.000Z;0.146
2018-12-09T00:00:00.000Z;0.170
2018-12-10T00:00:00.000Z;0.150
2018-12-11T00:00:00.000Z;0.139
2018-12-12T00:00:00.000Z;0.131
2018-12-13T00:00:00.000Z;0.185
2018-12-14T00:00:00.000Z;Feb.30
2018-12-15T00:00:00.000Z;0.963
2018-12-16T00:00:00.000Z;0.457
2018-12-17T00:00:00.000Z;0.849
2018-12-18T00:00:00.000Z;0.649
2018-12-19T00:00:00.000Z;0.409
2018-12-20T00:00:00.000Z;0.289
2018-12-21T00:00:00.000Z;0.254
2018-12-22T00:00:00.000Z;0.221
2018-12-23T00:00:00.000Z;0.197
2018-12-24T00:00:00.000Z;0.182
2018-12-25T00:00:00.000Z;0.168
2018-12-26T00:00:00.000Z;0.159
2018-12-27T00:00:00.000Z;0.150
2018-12-28T00:00:00.000Z;0.142
2018-12-29T00:00:00.000Z;0.134
2018-12-30T00:00:00.000Z;0.127
2018-12-31T00:00:00.000Z;0.122
2019-01-01T00:00:00.000Z;0.119
2019-01-02T00:00:00.000Z;0.116
2019-01-03T00:00:00.000Z;0.113
2019-01-04T00:00:00.000Z;0.109
2019-01-05T00:00:00.000Z;0.107
2019-01-06T00:00:00.000Z;0.104
2019-01-07T00:00:00.000Z;0.102
2019-01-08T00:00:00.000Z;0.100
2019-01-09T00:00:00.000Z;0.105
2019-01-10T00:00:00.000Z;0.106
2019-01-11T00:00:00.000Z;0.102
2019-01-12T00:00:00.000Z;0.0980
2019-01-13T00:00:00.000Z;0.0970
2019-01-14T00:00:00.000Z;0.0970
2019-01-15T00:00:00.000Z;0.0980
2019-01-16T00:00:00.000Z;0.0970
2019-01-17T00:00:00.000Z;0.0970
2019-01-18T00:00:00.000Z;0.103
2019-01-19T00:00:00.000Z;0.104
2019-01-20T00:00:00.000Z;0.106
2019-01-21T00:00:00.000Z;0.174
2019-01-22T00:00:00.000Z;0.217
2019-01-23T00:00:00.000Z;0.561
2019-01-24T00:00:00.000Z;0.530
2019-01-25T00:00:00.000Z;Jan.15
2019-01-26T00:00:00.000Z;Feb.50
2019-01-27T00:00:00.000Z;Jan.58
2019-01-28T00:00:00.000Z;3.Aug
2019-01-29T00:00:00.000Z;Feb.79
2019-01-30T00:00:00.000Z;Jan.47
2019-01-31T00:00:00.000Z;0.934
2019-02-01T00:00:00.000Z;Jan.64
2019-02-02T00:00:00.000Z;Jan.78
2019-02-03T00:00:00.000Z;1.Jul
2019-02-04T00:00:00.000Z;0.669
2019-02-05T00:00:00.000Z;Apr.92
2019-02-06T00:00:00.000Z;4.Feb
2019-02-07T00:00:00.000Z;Feb.77
2019-02-08T00:00:00.000Z;Feb.30
2019-02-09T00:00:00.000Z;Jan.69
2019-02-10T00:00:00.000Z;Jan.35
2019-02-11T00:00:00.000Z;Jan.32
2019-02-12T00:00:00.000Z;0.930
2019-02-13T00:00:00.000Z;0.767
2019-02-14T00:00:00.000Z;0.705
2019-02-15T00:00:00.000Z;0.670
2019-02-16T00:00:00.000Z;0.618
2019-02-17T00:00:00.000Z;0.547
2019-02-18T00:00:00.000Z;0.479
2019-02-19T00:00:00.000Z;0.418
2019-02-20T00:00:00.000Z;0.361
2019-02-21T00:00:00.000Z;0.323
2019-02-22T00:00:00.000Z;0.304
2019-02-23T00:00:00.000Z;0.300
2019-02-24T00:00:00.000Z;0.297
2019-02-25T00:00:00.000Z;0.272
2019-02-26T00:00:00.000Z;0.265
2019-02-27T00:00:00.000Z;0.256
2019-02-28T00:00:00.000Z;0.241
2019-03-01T00:00:00.000Z;0.231
2019-03-02T00:00:00.000Z;0.224
2019-03-03T00:00:00.000Z;0.218
2019-03-04T00:00:00.000Z;0.214
2019-03-05T00:00:00.000Z;0.215
2019-03-06T00:00:00.000Z;0.212
2019-03-07T00:00:00.000Z;0.206
2019-03-08T00:00:00.000Z;0.194
2019-03-09T00:00:00.000Z;0.185
2019-03-10T00:00:00.000Z;0.180
2019-03-11T00:00:00.000Z;0.181
2019-03-12T00:00:00.000Z;0.190
2019-03-13T00:00:00.000Z;0.213
2019-03-14T00:00:00.000Z;0.252
2019-03-15T00:00:00.000Z;0.234
2019-03-16T00:00:00.000Z;0.221
2019-03-17T00:00:00.000Z;0.211
2019-03-18T00:00:00.000Z;0.208
2019-03-19T00:00:00.000Z;0.255
2019-03-20T00:00:00.000Z;0.466
2019-03-21T00:00:00.000Z;0.508
2019-03-22T00:00:00.000Z;0.369
2019-03-23T00:00:00.000Z;0.310
2019-03-24T00:00:00.000Z;0.285
2019-03-25T00:00:00.000Z;0.242
2019-03-26T00:00:00.000Z;0.224
2019-03-27T00:00:00.000Z;0.211
2019-03-28T00:00:00.000Z;0.199
2019-03-29T00:00:00.000Z;0.191
2019-03-30T00:00:00.000Z;0.185
2019-03-31T00:00:00.000Z;0.179
2019-04-01T00:00:00.000Z;0.174
2019-04-02T00:00:00.000Z;0.170
2019-04-03T00:00:00.000Z;0.176
2019-04-04T00:00:00.000Z;0.215
2019-04-05T00:00:00.000Z;0.235
2019-04-06T00:00:00.000Z;0.236
2019-04-07T00:00:00.000Z;0.284
2019-04-08T00:00:00.000Z;0.343
2019-04-09T00:00:00.000Z;0.487
2019-04-10T00:00:00.000Z;0.371
2019-04-11T00:00:00.000Z;0.302
2019-04-12T00:00:00.000Z;0.405
2019-04-13T00:00:00.000Z;0.396
2019-04-14T00:00:00.000Z;0.301
2019-04-15T00:00:00.000Z;0.261
2019-04-16T00:00:00.000Z;0.539
2019-04-17T00:00:00.000Z;0.523
2019-04-18T00:00:00.000Z;0.356
2019-04-19T00:00:00.000Z;0.284
2019-04-20T00:00:00.000Z;0.257
2019-04-21T00:00:00.000Z;0.241
2019-04-22T00:00:00.000Z;0.230
2019-04-23T00:00:00.000Z;0.222
2019-04-24T00:00:00.000Z;0.210
2019-04-25T00:00:00.000Z;0.197
2019-04-26T00:00:00.000Z;0.184
2019-04-27T00:00:00.000Z;0.174
2019-04-28T00:00:00.000Z;0.168
2019-04-29T00:00:00.000Z;0.164
2019-04-30T00:00:00.000Z;0.162
2019-05-01T00:00:00.000Z;0.159
2019-05-02T00:00:00.000Z;0.155
2019-05-03T00:00:00.000Z;0.159
2019-05-04T00:00:00.000Z;0.199
2019-05-05T00:00:00.000Z;0.256
2019-05-06T00:00:00.000Z;0.234
2019-05-07T00:00:00.000Z;0.212
2019-05-08T00:00:00.000Z;0.197
2019-05-09T00:00:00.000Z;0.183
2019-05-10T00:00:00.000Z;0.172
2019-05-11T00:00:00.000Z;0.327
2019-05-12T00:00:00.000Z;0.362
2019-05-13T00:00:00.000Z;0.235
2019-05-14T00:00:00.000Z;0.215
2019-05-15T00:00:00.000Z;0.199
2019-05-16T00:00:00.000Z;0.184
2019-05-17T00:00:00.000Z;0.225
2019-05-18T00:00:00.000Z;0.278
2019-05-19T00:00:00.000Z;0.415
2019-05-20T00:00:00.000Z;0.415
2019-05-21T00:00:00.000Z;0.396
2019-05-22T00:00:00.000Z;0.330
2019-05-23T00:00:00.000Z;0.272
2019-05-24T00:00:00.000Z;0.476
2019-05-25T00:00:00.000Z;Mar.77
2019-05-26T00:00:00.000Z;Feb.90
2019-05-27T00:00:00.000Z;Feb.25
2019-05-28T00:00:00.000Z;Jan.35
2019-05-29T00:00:00.000Z;1.00
2019-05-30T00:00:00.000Z;0.797
2019-05-31T00:00:00.000Z;0.575
2019-06-01T00:00:00.000Z;0.483
2019-06-02T00:00:00.000Z;0.386
2019-06-03T00:00:00.000Z;0.336
2019-06-04T00:00:00.000Z;0.305
2019-06-05T00:00:00.000Z;0.322
2019-06-06T00:00:00.000Z;0.320
2019-06-07T00:00:00.000Z;0.268
2019-06-08T00:00:00.000Z;0.244
2019-06-09T00:00:00.000Z;0.231
2019-06-10T00:00:00.000Z;0.224
2019-06-11T00:00:00.000Z;0.326
2019-06-12T00:00:00.000Z;0.286
2019-06-13T00:00:00.000Z;0.239
2019-06-14T00:00:00.000Z;0.223
2019-06-15T00:00:00.000Z;0.216
2019-06-16T00:00:00.000Z;0.219
2019-06-17T00:00:00.000Z;0.208
2019-06-18T00:00:00.000Z;0.196
2019-06-19T00:00:00.000Z;0.186
2019-06-20T00:00:00.000Z;0.178
2019-06-21T00:00:00.000Z;0.176
2019-06-22T00:00:00.000Z;0.181
2019-06-23T00:00:00.000Z;0.172
2019-06-24T00:00:00.000Z;0.163
2019-06-25T00:00:00.000Z;0.158
2019-06-26T00:00:00.000Z;0.153
2019-06-27T00:00:00.000Z;0.148
2019-06-28T00:00:00.000Z;0.144
2019-06-29T00:00:00.000Z;0.141
2019-06-30T00:00:00.000Z;0.137
2019-07-01T00:00:00.000Z;0.135
2019-07-02T00:00:00.000Z;0.133
2019-07-03T00:00:00.000Z;0.131
2019-07-04T00:00:00.000Z;0.128
2019-07-05T00:00:00.000Z;0.125
2019-07-06T00:00:00.000Z;0.123
2019-07-07T00:00:00.000Z;0.120
2019-07-08T00:00:00.000Z;0.120
2019-07-09T00:00:00.000Z;0.119
2019-07-10T00:00:00.000Z;0.118
2019-07-11T00:00:00.000Z;0.115
2019-07-12T00:00:00.000Z;0.113
2019-07-13T00:00:00.000Z;0.112
2019-07-14T00:00:00.000Z;0.111
2019-07-15T00:00:00.000Z;0.110
2019-07-16T00:00:00.000Z;0.108
2019-07-17T00:00:00.000Z;0.107
2019-07-18T00:00:00.000Z;0.105
2019-07-19T00:00:00.000Z;0.104
2019-07-20T00:00:00.000Z;0.104
2019-07-21T00:00:00.000Z;0.102
2019-07-22T00:00:00.000Z;0.101
2019-07-23T00:00:00.000Z;0.100
2019-07-24T00:00:00.000Z;0.0980
2019-07-25T00:00:00.000Z;0.0980
2019-07-26T00:00:00.000Z;0.0970
2019-07-27T00:00:00.000Z;0.109
2019-07-28T00:00:00.000Z;0.216
2019-07-29T00:00:00.000Z;0.135
2019-07-30T00:00:00.000Z;0.106
2019-07-31T00:00:00.000Z;0.104
2019-08-01T00:00:00.000Z;0.102
2019-08-02T00:00:00.000Z;0.100
2019-08-03T00:00:00.000Z;0.0980
2019-08-04T00:00:00.000Z;0.0970
2019-08-05T00:00:00.000Z;0.0950
2019-08-06T00:00:00.000Z;0.0950
2019-08-07T00:00:00.000Z;0.0950
2019-08-08T00:00:00.000Z;0.0930
2019-08-09T00:00:00.000Z;0.0910
2019-08-10T00:00:00.000Z;0.0890
2019-08-11T00:00:00.000Z;0.0890
2019-08-12T00:00:00.000Z;0.106
2019-08-13T00:00:00.000Z;0.157
2019-08-14T00:00:00.000Z;0.148
2019-08-15T00:00:00.000Z;0.109
2019-08-16T00:00:00.000Z;0.107
2019-08-17T00:00:00.000Z;0.102
2019-08-18T00:00:00.000Z;0.0970
2019-08-19T00:00:00.000Z;0.106
2019-08-20T00:00:00.000Z;0.545
2019-08-21T00:00:00.000Z;0.514
2019-08-22T00:00:00.000Z;0.190
2019-08-23T00:00:00.000Z;0.147
2019-08-24T00:00:00.000Z;0.126
2019-08-25T00:00:00.000Z;0.117
2019-08-26T00:00:00.000Z;0.111
2019-08-27T00:00:00.000Z;0.107
2019-08-28T00:00:00.000Z;0.105
2019-08-29T00:00:00.000Z;0.102
2019-08-30T00:00:00.000Z;0.100
2019-08-31T00:00:00.000Z;0.0980
2019-09-01T00:00:00.000Z;0.0960
2019-09-02T00:00:00.000Z;0.0960
2019-09-03T00:00:00.000Z;0.0960
2019-09-04T00:00:00.000Z;0.0930
2019-09-05T00:00:00.000Z;0.0910
2019-09-06T00:00:00.000Z;0.0900
2019-09-07T00:00:00.000Z;0.0880
2019-09-08T00:00:00.000Z;0.0870
2019-09-09T00:00:00.000Z;0.0860
2019-09-10T00:00:00.000Z;0.0920
2019-09-11T00:00:00.000Z;0.0940
2019-09-12T00:00:00.000Z;0.0880
2019-09-13T00:00:00.000Z;0.0840
2019-09-14T00:00:00.000Z;0.0830
2019-09-15T00:00:00.000Z;0.0820
2019-09-16T00:00:00.000Z;0.0820
2019-09-17T00:00:00.000Z;0.0820
2019-09-18T00:00:00.000Z;0.0810
2019-09-19T00:00:00.000Z;0.0800
2019-09-20T00:00:00.000Z;0.0800
2019-09-21T00:00:00.000Z;0.0800
2019-09-22T00:00:00.000Z;0.0800
2019-09-23T00:00:00.000Z;0.0800
2019-09-24T00:00:00.000Z;0.0790
2019-09-25T00:00:00.000Z;0.0770
2019-09-26T00:00:00.000Z;0.0770
2019-09-27T00:00:00.000Z;0.0770
2019-09-28T00:00:00.000Z;0.0770
2019-09-29T00:00:00.000Z;0.0770
2019-09-30T00:00:00.000Z;0.0750
2019-10-01T00:00:00.000Z;0.0760
2019-10-02T00:00:00.000Z;0.0810
2019-10-03T00:00:00.000Z;0.100
2019-10-04T00:00:00.000Z;0.0900
2019-10-05T00:00:00.000Z;0.121
2019-10-06T00:00:00.000Z;0.119
2019-10-07T00:00:00.000Z;0.0940
2019-10-08T00:00:00.000Z;0.0860
2019-10-09T00:00:00.000Z;0.0830
2019-10-10T00:00:00.000Z;0.107
2019-10-11T00:00:00.000Z;0.0950
2019-10-12T00:00:00.000Z;0.0840
2019-10-13T00:00:00.000Z;0.0810
2019-10-14T00:00:00.000Z;0.0800
2019-10-15T00:00:00.000Z;0.105
2019-10-16T00:00:00.000Z;0.117
2019-10-17T00:00:00.000Z;0.0980
2019-10-18T00:00:00.000Z;0.0900
2019-10-19T00:00:00.000Z;0.0880
2019-10-20T00:00:00.000Z;0.0860
2019-10-21T00:00:00.000Z;0.0840
2019-10-22T00:00:00.000Z;0.0830
2019-10-23T00:00:00.000Z;0.436
2019-10-24T00:00:00.000Z;0.260
2019-10-25T00:00:00.000Z;0.146
2019-10-26T00:00:00.000Z;0.118
2019-10-27T00:00:00.000Z;0.106
2019-10-28T00:00:00.000Z;0.0990
2019-10-29T00:00:00.000Z;0.0950
2019-10-30T00:00:00.000Z;0.0910
2019-10-31T00:00:00.000Z;0.160
2019-11-01T00:00:00.000Z;0.255
2019-11-02T00:00:00.000Z;0.455
2019-11-03T00:00:00.000Z;0.457
2019-11-04T00:00:00.000Z;0.475
2019-11-05T00:00:00.000Z;0.653
2019-11-06T00:00:00.000Z;Jan.52
2019-11-07T00:00:00.000Z;Jan.65
2019-11-08T00:00:00.000Z;Jan.62
2019-11-09T00:00:00.000Z;1.Feb
2019-11-10T00:00:00.000Z;Jan.26
2019-11-11T00:00:00.000Z;0.884
2019-11-12T00:00:00.000Z;0.589
2019-11-13T00:00:00.000Z;0.502
2019-11-14T00:00:00.000Z;0.489
2019-11-15T00:00:00.000Z;0.599
2019-11-16T00:00:00.000Z;0.508
2019-11-17T00:00:00.000Z;0.543
2019-11-18T00:00:00.000Z;0.827
2019-11-19T00:00:00.000Z;0.791
2019-11-20T00:00:00.000Z;0.588
2019-11-21T00:00:00.000Z;0.478
2019-11-22T00:00:00.000Z;0.402
2019-11-23T00:00:00.000Z;0.424
2019-11-24T00:00:00.000Z;0.745
2019-11-25T00:00:00.000Z;0.593
2019-11-26T00:00:00.000Z;0.469
2019-11-27T00:00:00.000Z;0.377
2019-11-28T00:00:00.000Z;0.317
2019-11-29T00:00:00.000Z;0.405
2019-11-30T00:00:00.000Z;0.573
2019-12-01T00:00:00.000Z;0.805
2019-12-02T00:00:00.000Z;0.659
2019-12-03T00:00:00.000Z;0.467
2019-12-04T00:00:00.000Z;0.395
2019-12-05T00:00:00.000Z;0.335
2019-12-06T00:00:00.000Z;0.295
2019-12-07T00:00:00.000Z;0.277
2019-12-08T00:00:00.000Z;0.258
2019-12-09T00:00:00.000Z;0.306
2019-12-10T00:00:00.000Z;Jan.62
2019-12-11T00:00:00.000Z;Jan.14
2019-12-12T00:00:00.000Z;1.Dec
2019-12-13T00:00:00.000Z;Jun.61
2019-12-14T00:00:00.000Z;May.42
2019-12-15T00:00:00.000Z;Feb.92
2019-12-16T00:00:00.000Z;Feb.39
2019-12-17T00:00:00.000Z;Jan.51
2019-12-18T00:00:00.000Z;0.746
2019-12-19T00:00:00.000Z;0.497
2019-12-20T00:00:00.000Z;0.458
2019-12-21T00:00:00.000Z;0.501
2019-12-22T00:00:00.000Z;Jan.13
2019-12-23T00:00:00.000Z;Jan.36
2019-12-24T00:00:00.000Z;0.995
2019-12-25T00:00:00.000Z;0.696
2019-12-26T00:00:00.000Z;0.540
2019-12-27T00:00:00.000Z;0.477
2019-12-28T00:00:00.000Z;0.403
2019-12-29T00:00:00.000Z;0.362
2019-12-30T00:00:00.000Z;0.334
2019-12-31T00:00:00.000Z;0.309
2020-01-01T00:00:00.000Z;0.290
2020-01-02T00:00:00.000Z;0.276
2020-01-03T00:00:00.000Z;0.262
2020-01-04T00:00:00.000Z;0.247
2020-01-05T00:00:00.000Z;0.236
2020-01-06T00:00:00.000Z;0.230
2020-01-07T00:00:00.000Z;0.222
2020-01-08T00:00:00.000Z;0.214
2020-01-09T00:00:00.000Z;0.209
2020-01-10T00:00:00.000Z;0.213
2020-01-11T00:00:00.000Z;0.213
2020-01-12T00:00:00.000Z;0.207
2020-01-13T00:00:00.000Z;0.202
2020-01-14T00:00:00.000Z;0.201
2020-01-15T00:00:00.000Z;0.195
2020-01-16T00:00:00.000Z;0.186
2020-01-17T00:00:00.000Z;0.190
2020-01-18T00:00:00.000Z;0.244
2020-01-19T00:00:00.000Z;0.246
2020-01-20T00:00:00.000Z;0.224
2020-01-21T00:00:00.000Z;0.215
2020-01-22T00:00:00.000Z;0.211
2020-01-23T00:00:00.000Z;0.344
2020-01-24T00:00:00.000Z;0.485
2020-01-25T00:00:00.000Z;0.338
2020-01-26T00:00:00.000Z;0.295
2020-01-27T00:00:00.000Z;0.272
2020-01-28T00:00:00.000Z;0.260
2020-01-29T00:00:00.000Z;0.253
2020-01-30T00:00:00.000Z;0.248
2020-01-31T00:00:00.000Z;0.236
2020-02-01T00:00:00.000Z;0.230
2020-02-02T00:00:00.000Z;0.240
2020-02-03T00:00:00.000Z;0.239
2020-02-04T00:00:00.000Z;0.278
2020-02-05T00:00:00.000Z;0.458
2020-02-06T00:00:00.000Z;0.351
2020-02-07T00:00:00.000Z;0.300
2020-02-08T00:00:00.000Z;0.274
2020-02-09T00:00:00.000Z;0.250
2020-02-10T00:00:00.000Z;0.229
2020-02-11T00:00:00.000Z;0.215
2020-02-12T00:00:00.000Z;0.215
2020-02-13T00:00:00.000Z;0.211
2020-02-14T00:00:00.000Z;0.203
2020-02-15T00:00:00.000Z;0.199
2020-02-16T00:00:00.000Z;0.192
2020-02-17T00:00:00.000Z;0.184
2020-02-18T00:00:00.000Z;0.194
2020-02-19T00:00:00.000Z;0.194
2020-02-20T00:00:00.000Z;0.187
2020-02-21T00:00:00.000Z;0.180
2020-02-22T00:00:00.000Z;0.172
2020-02-23T00:00:00.000Z;0.165
2020-02-24T00:00:00.000Z;0.160
2020-02-25T00:00:00.000Z;0.160
2020-02-26T00:00:00.000Z;0.175
2020-02-27T00:00:00.000Z;0.200
2020-02-28T00:00:00.000Z;0.566
2020-02-29T00:00:00.000Z;0.577
2020-03-01T00:00:00.000Z;0.387
2020-03-02T00:00:00.000Z;0.415
2020-03-03T00:00:00.000Z;0.954
2020-03-04T00:00:00.000Z;2.Jul
2020-03-05T00:00:00.000Z;Jan.81
2020-03-06T00:00:00.000Z;Jan.67
2020-03-07T00:00:00.000Z;Jan.52
2020-03-08T00:00:00.000Z;Jan.19
2020-03-09T00:00:00.000Z;Jan.63
2020-03-10T00:00:00.000Z;Jan.78
2020-03-11T00:00:00.000Z;Jan.14
2020-03-12T00:00:00.000Z;0.759
2020-03-13T00:00:00.000Z;0.613
2020-03-14T00:00:00.000Z;0.576
2020-03-15T00:00:00.000Z;0.502
2020-03-16T00:00:00.000Z;0.436
2020-03-17T00:00:00.000Z;0.376
2020-03-18T00:00:00.000Z;0.355
2020-03-19T00:00:00.000Z;0.340
2020-03-20T00:00:00.000Z;0.322
2020-03-21T00:00:00.000Z;0.304
2020-03-22T00:00:00.000Z;0.289
2020-03-23T00:00:00.000Z;0.275
2020-03-24T00:00:00.000Z;0.262
2020-03-25T00:00:00.000Z;0.253
2020-03-26T00:00:00.000Z;0.248
2020-03-27T00:00:00.000Z;0.240
2020-03-28T00:00:00.000Z;0.228
2020-03-29T00:00:00.000Z;0.219
2020-03-30T00:00:00.000Z;0.216
2020-03-31T00:00:00.000Z;0.217
2020-04-01T00:00:00.000Z;0.275
2020-04-02T00:00:00.000Z;0.256
2020-04-03T00:00:00.000Z;0.236
2020-04-04T00:00:00.000Z;0.222
2020-04-05T00:00:00.000Z;0.213
2020-04-06T00:00:00.000Z;0.204
2020-04-07T00:00:00.000Z;0.194
2020-04-08T00:00:00.000Z;0.188
2020-04-09T00:00:00.000Z;0.184
2020-04-10T00:00:00.000Z;0.180
2020-04-11T00:00:00.000Z;0.176
2020-04-12T00:00:00.000Z;0.276
2020-04-13T00:00:00.000Z;0.246
2020-04-14T00:00:00.000Z;0.231
2020-04-15T00:00:00.000Z;0.218
2020-04-16T00:00:00.000Z;0.207
2020-04-17T00:00:00.000Z;0.199
2020-04-18T00:00:00.000Z;0.190
2020-04-19T00:00:00.000Z;0.184
2020-04-20T00:00:00.000Z;0.478
2020-04-21T00:00:00.000Z;Jan.21
2020-04-22T00:00:00.000Z;3.Jun
2020-04-23T00:00:00.000Z;Jan.87
2020-04-24T00:00:00.000Z;0.955
2020-04-25T00:00:00.000Z;0.558
2020-04-26T00:00:00.000Z;0.721
2020-04-27T00:00:00.000Z;0.716
2020-04-28T00:00:00.000Z;Jan.82
2020-04-29T00:00:00.000Z;Jan.37
2020-04-30T00:00:00.000Z;0.830
2020-05-01T00:00:00.000Z;0.589
2020-05-02T00:00:00.000Z;Jan.16
2020-05-03T00:00:00.000Z;0.982
2020-05-04T00:00:00.000Z;0.644
2020-05-05T00:00:00.000Z;0.509
2020-05-06T00:00:00.000Z;0.405
2020-05-07T00:00:00.000Z;0.350
2020-05-08T00:00:00.000Z;0.318
2020-05-09T00:00:00.000Z;0.300
2020-05-10T00:00:00.000Z;0.298
2020-05-11T00:00:00.000Z;0.391
2020-05-12T00:00:00.000Z;0.579
2020-05-13T00:00:00.000Z;0.434
2020-05-14T00:00:00.000Z;0.907
2020-05-15T00:00:00.000Z;May.86
2020-05-16T00:00:00.000Z;Apr.43
2020-05-17T00:00:00.000Z;3.Apr
2020-05-18T00:00:00.000Z;Feb.27
2020-05-19T00:00:00.000Z;Jan.27
2020-05-20T00:00:00.000Z;0.699
2020-05-21T00:00:00.000Z;0.513
2020-05-22T00:00:00.000Z;0.436
2020-05-23T00:00:00.000Z;0.378
2020-05-24T00:00:00.000Z;0.366
2020-05-25T00:00:00.000Z;0.326
2020-05-26T00:00:00.000Z;0.293
2020-05-27T00:00:00.000Z;0.274
2020-05-28T00:00:00.000Z;0.264
2020-05-29T00:00:00.000Z;0.254
2020-05-30T00:00:00.000Z;0.244
2020-05-31T00:00:00.000Z;0.234
2020-06-01T00:00:00.000Z;0.226
2020-06-02T00:00:00.000Z;0.223
2020-06-03T00:00:00.000Z;0.216
2020-06-04T00:00:00.000Z;0.217
2020-06-05T00:00:00.000Z;0.213
2020-06-06T00:00:00.000Z;0.204
2020-06-07T00:00:00.000Z;0.380
2020-06-08T00:00:00.000Z;0.384
2020-06-09T00:00:00.000Z;0.469
2020-06-10T00:00:00.000Z;0.839
2020-06-11T00:00:00.000Z;0.583
2020-06-12T00:00:00.000Z;0.695
2020-06-13T00:00:00.000Z;0.548
2020-06-14T00:00:00.000Z;0.360
2020-06-15T00:00:00.000Z;0.319
2020-06-16T00:00:00.000Z;0.305
2020-06-17T00:00:00.000Z;0.308
2020-06-18T00:00:00.000Z;0.294
2020-06-19T00:00:00.000Z;0.279
2020-06-20T00:00:00.000Z;0.256
2020-06-21T00:00:00.000Z;0.236
2020-06-22T00:00:00.000Z;0.222
2020-06-23T00:00:00.000Z;0.213
2020-06-24T00:00:00.000Z;0.205
2020-06-25T00:00:00.000Z;0.204
2020-06-26T00:00:00.000Z;0.415
2020-06-27T00:00:00.000Z;0.249
2020-06-28T00:00:00.000Z;0.220
2020-06-29T00:00:00.000Z;0.204
2020-06-30T00:00:00.000Z;0.208
2020-07-01T00:00:00.000Z;0.200
2020-07-02T00:00:00.000Z;0.195
2020-07-03T00:00:00.000Z;0.512
2020-07-04T00:00:00.000Z;0.312
2020-07-05T00:00:00.000Z;0.225
2020-07-06T00:00:00.000Z;0.199
2020-07-07T00:00:00.000Z;0.183
2020-07-08T00:00:00.000Z;0.174
2020-07-09T00:00:00.000Z;0.167
2020-07-10T00:00:00.000Z;0.162
2020-07-11T00:00:00.000Z;0.158
2020-07-12T00:00:00.000Z;0.157
2020-07-13T00:00:00.000Z;0.152
2020-07-14T00:00:00.000Z;0.148
2020-07-15T00:00:00.000Z;0.143
2020-07-16T00:00:00.000Z;0.139
2020-07-17T00:00:00.000Z;0.136
2020-07-18T00:00:00.000Z;0.133
2020-07-19T00:00:00.000Z;0.130
2020-07-20T00:00:00.000Z;0.127
2020-07-21T00:00:00.000Z;0.124
2020-07-22T00:00:00.000Z;0.122
2020-07-23T00:00:00.000Z;0.122
2020-07-24T00:00:00.000Z;0.121
2020-07-25T00:00:00.000Z;0.118
2020-07-26T00:00:00.000Z;0.115
2020-07-27T00:00:00.000Z;0.114
2020-07-28T00:00:00.000Z;0.115
2020-07-29T00:00:00.000Z;0.113
2020-07-30T00:00:00.000Z;0.111
2020-07-31T00:00:00.000Z;0.109
2020-08-01T00:00:00.000Z;0.107
2020-08-02T00:00:00.000Z;0.106
2020-08-03T00:00:00.000Z;0.106
2020-08-04T00:00:00.000Z;0.104
2020-08-05T00:00:00.000Z;0.102
2020-08-06T00:00:00.000Z;0.100
2020-08-07T00:00:00.000Z;0.100
2020-08-08T00:00:00.000Z;0.0980
2020-08-09T00:00:00.000Z;0.0980
2020-08-10T00:00:00.000Z;0.0970
2020-08-11T00:00:00.000Z;0.0960
2020-08-12T00:00:00.000Z;0.0950
2020-08-13T00:00:00.000Z;0.0940
2020-08-14T00:00:00.000Z;0.0930
2020-08-15T00:00:00.000Z;0.0930
2020-08-16T00:00:00.000Z;0.0920
2020-08-17T00:00:00.000Z;0.0910
2020-08-18T00:00:00.000Z;0.0910
2020-08-19T00:00:00.000Z;0.0900
2020-08-20T00:00:00.000Z;0.0880
2020-08-21T00:00:00.000Z;0.0860
2020-08-22T00:00:00.000Z;0.0850
2020-08-23T00:00:00.000Z;0.0840
2020-08-24T00:00:00.000Z;0.0840
2020-08-25T00:00:00.000Z;0.0840
2020-08-26T00:00:00.000Z;0.0820
2020-08-27T00:00:00.000Z;0.0870
2020-08-28T00:00:00.000Z;0.0910
2020-08-29T00:00:00.000Z;0.100
2020-08-30T00:00:00.000Z;0.185
2020-08-31T00:00:00.000Z;0.128
2020-09-01T00:00:00.000Z;0.103
2020-09-02T00:00:00.000Z;0.0960
2020-09-03T00:00:00.000Z;0.0910
2020-09-04T00:00:00.000Z;0.0900
2020-09-05T00:00:00.000Z;0.0880
2020-09-06T00:00:00.000Z;0.0860
2020-09-07T00:00:00.000Z;0.0870
2020-09-08T00:00:00.000Z;0.0850
2020-09-09T00:00:00.000Z;0.0840
2020-09-10T00:00:00.000Z;0.0840
2020-09-11T00:00:00.000Z;0.0840
2020-09-12T00:00:00.000Z;0.0840
2020-09-13T00:00:00.000Z;0.0820
2020-09-14T00:00:00.000Z;0.0810
2020-09-15T00:00:00.000Z;0.0810
2020-09-16T00:00:00.000Z;0.0810
2020-09-17T00:00:00.000Z;0.0810
2020-09-18T00:00:00.000Z;0.0810
2020-09-19T00:00:00.000Z;0.0810
2020-09-20T00:00:00.000Z;0.0810
2020-09-21T00:00:00.000Z;0.102
2020-09-22T00:00:00.000Z;0.0950
2020-09-23T00:00:00.000Z;0.0920
2020-09-24T00:00:00.000Z;0.0870
2020-09-25T00:00:00.000Z;0.168
2020-09-26T00:00:00.000Z;0.354
2020-09-27T00:00:00.000Z;Jan.43
2020-09-28T00:00:00.000Z;0.659
2020-09-29T00:00:00.000Z;0.239
2020-09-30T00:00:00.000Z;0.197
2020-10-01T00:00:00.000Z;0.171
2020-10-02T00:00:00.000Z;0.226
2020-10-03T00:00:00.000Z;0.443
2020-10-04T00:00:00.000Z;0.314
2020-10-05T00:00:00.000Z;0.333
2020-10-06T00:00:00.000Z;0.263
2020-10-07T00:00:00.000Z;0.513
2020-10-08T00:00:00.000Z;0.761
2020-10-09T00:00:00.000Z;0.360
2020-10-10T00:00:00.000Z;0.406
2020-10-11T00:00:00.000Z;0.966
2020-10-12T00:00:00.000Z;Jan.20
2020-10-13T00:00:00.000Z;1.Apr
2020-10-14T00:00:00.000Z;Jan.22
2020-10-15T00:00:00.000Z;Jan.79
2020-10-16T00:00:00.000Z;1.Jul
2020-10-17T00:00:00.000Z;0.582
2020-10-18T00:00:00.000Z;0.399
2020-10-19T00:00:00.000Z;0.311
2020-10-20T00:00:00.000Z;0.281
2020-10-21T00:00:00.000Z;0.255
2020-10-22T00:00:00.000Z;0.235
2020-10-23T00:00:00.000Z;0.221
2020-10-24T00:00:00.000Z;0.690
2020-10-25T00:00:00.000Z;0.527
2020-10-26T00:00:00.000Z;1.Feb
2020-10-27T00:00:00.000Z;Jan.16
2020-10-28T00:00:00.000Z;0.741
2020-10-29T00:00:00.000Z;0.650
2020-10-30T00:00:00.000Z;0.496
2020-10-31T00:00:00.000Z;0.387
2020-11-01T00:00:00.000Z;0.322
2020-11-02T00:00:00.000Z;0.287
2020-11-03T00:00:00.000Z;0.302
2020-11-04T00:00:00.000Z;0.562
2020-11-05T00:00:00.000Z;0.548
2020-11-06T00:00:00.000Z;0.362
2020-11-07T00:00:00.000Z;0.302
2020-11-08T00:00:00.000Z;0.262
2020-11-09T00:00:00.000Z;0.243
2020-11-10T00:00:00.000Z;0.256
2020-11-11T00:00:00.000Z;0.303
2020-11-12T00:00:00.000Z;0.247
2020-11-13T00:00:00.000Z;0.229
2020-11-14T00:00:00.000Z;0.216
2020-11-15T00:00:00.000Z;0.206
2020-11-16T00:00:00.000Z;0.409
2020-11-17T00:00:00.000Z;0.482
2020-11-18T00:00:00.000Z;0.291
2020-11-19T00:00:00.000Z;0.243
2020-11-20T00:00:00.000Z;0.465
2020-11-21T00:00:00.000Z;0.377
2020-11-22T00:00:00.000Z;0.282
2020-11-23T00:00:00.000Z;0.241
2020-11-24T00:00:00.000Z;0.224
2020-11-25T00:00:00.000Z;0.213
2020-11-26T00:00:00.000Z;0.200
2020-11-27T00:00:00.000Z;0.188
2020-11-28T00:00:00.000Z;0.180
2020-11-29T00:00:00.000Z;0.169
2020-11-30T00:00:00.000Z;0.159
2020-12-01T00:00:00.000Z;0.152
2020-12-02T00:00:00.000Z;0.154
2020-12-03T00:00:00.000Z;0.150
2020-12-04T00:00:00.000Z;0.164
2020-12-05T00:00:00.000Z;0.187
2020-12-06T00:00:00.000Z;0.311
2020-12-07T00:00:00.000Z;0.435
2020-12-08T00:00:00.000Z;0.471
2020-12-09T00:00:00.000Z;0.474
2020-12-10T00:00:00.000Z;Jan.69
2020-12-11T00:00:00.000Z;3.Dec
2020-12-12T00:00:00.000Z;5.Nov
2020-12-13T00:00:00.000Z;Mar.66
2020-12-14T00:00:00.000Z;Feb.20
2020-12-15T00:00:00.000Z;Jan.17
2020-12-16T00:00:00.000Z;0.679
2020-12-17T00:00:00.000Z;0.509
2020-12-18T00:00:00.000Z;0.444
2020-12-19T00:00:00.000Z;0.392
2020-12-20T00:00:00.000Z;0.355
2020-12-21T00:00:00.000Z;0.360
2020-12-22T00:00:00.000Z;0.457
2020-12-23T00:00:00.000Z;0.462
2020-12-24T00:00:00.000Z;0.423
2020-12-25T00:00:00.000Z;0.736
2020-12-26T00:00:00.000Z;0.637
2020-12-27T00:00:00.000Z;0.576
2020-12-28T00:00:00.000Z;0.685
2020-12-29T00:00:00.000Z;0.734
2020-12-30T00:00:00.000Z;0.602
2020-12-31T00:00:00.000Z;0.553
2021-01-01T00:00:00.000Z;0.573
2021-01-02T00:00:00.000Z;0.537
2021-01-03T00:00:00.000Z;0.478
2021-01-04T00:00:00.000Z;0.427
2021-01-05T00:00:00.000Z;0.379
2021-01-06T00:00:00.000Z;0.346
2021-01-07T00:00:00.000Z;0.326
2021-01-08T00:00:00.000Z;0.306
2021-01-09T00:00:00.000Z;0.293
2021-01-10T00:00:00.000Z;0.278
2021-01-11T00:00:00.000Z;0.258
2021-01-12T00:00:00.000Z;0.244
2021-01-13T00:00:00.000Z;0.245
2021-01-14T00:00:00.000Z;0.320
2021-01-15T00:00:00.000Z;0.875
2021-01-16T00:00:00.000Z;1.Dec
2021-01-17T00:00:00.000Z;0.945
2021-01-18T00:00:00.000Z;Jan.67
2021-01-19T00:00:00.000Z;1.Mar
2021-01-20T00:00:00.000Z;0.759
2021-01-21T00:00:00.000Z;0.644
2021-01-22T00:00:00.000Z;0.702
2021-01-23T00:00:00.000Z;0.760
2021-01-24T00:00:00.000Z;Jan.15
2021-01-25T00:00:00.000Z;Jan.37
2021-01-26T00:00:00.000Z;Jan.45
2021-01-27T00:00:00.000Z;Feb.24
2021-01-28T00:00:00.000Z;Mar.13
2021-01-29T00:00:00.000Z;Feb.43
2021-01-30T00:00:00.000Z;Mar.47
2021-01-31T00:00:00.000Z;Feb.93
2021-02-01T00:00:00.000Z;Feb.40
2021-02-02T00:00:00.000Z;Feb.30
2021-02-03T00:00:00.000Z;Jan.51
2021-02-04T00:00:00.000Z;0.968
2021-02-05T00:00:00.000Z;0.735
2021-02-06T00:00:00.000Z;0.618
2021-02-07T00:00:00.000Z;0.531
2021-02-08T00:00:00.000Z;0.548
2021-02-09T00:00:00.000Z;0.716
2021-02-10T00:00:00.000Z;0.618
2021-02-11T00:00:00.000Z;0.533
2021-02-12T00:00:00.000Z;0.533
2021-02-13T00:00:00.000Z;0.769
2021-02-14T00:00:00.000Z;0.695
2021-02-15T00:00:00.000Z;0.540
2021-02-16T00:00:00.000Z;0.494
2021-02-17T00:00:00.000Z;0.438
2021-02-18T00:00:00.000Z;0.389
2021-02-19T00:00:00.000Z;0.352
2021-02-20T00:00:00.000Z;0.332
2021-02-21T00:00:00.000Z;0.315
2021-02-22T00:00:00.000Z;0.288
2021-02-23T00:00:00.000Z;0.270
2021-02-24T00:00:00.000Z;0.257
2021-02-25T00:00:00.000Z;0.248
2021-02-26T00:00:00.000Z;0.237
2021-02-27T00:00:00.000Z;0.226
2021-02-28T00:00:00.000Z;0.220
2021-03-01T00:00:00.000Z;0.215
2021-03-02T00:00:00.000Z;0.207
2021-03-03T00:00:00.000Z;0.199
2021-03-04T00:00:00.000Z;0.194
2021-03-05T00:00:00.000Z;0.190
2021-03-06T00:00:00.000Z;0.186
2021-03-07T00:00:00.000Z;0.180
2021-03-08T00:00:00.000Z;0.177
2021-03-09T00:00:00.000Z;0.177
2021-03-10T00:00:00.000Z;0.175
2021-03-11T00:00:00.000Z;0.175
2021-03-12T00:00:00.000Z;0.200
2021-03-13T00:00:00.000Z;0.212
2021-03-14T00:00:00.000Z;0.235
2021-03-15T00:00:00.000Z;0.436
2021-03-16T00:00:00.000Z;0.354
2021-03-17T00:00:00.000Z;0.344
2021-03-18T00:00:00.000Z;0.349
2021-03-19T00:00:00.000Z;0.329
2021-03-20T00:00:00.000Z;0.350
2021-03-21T00:00:00.000Z;0.411
2021-03-22T00:00:00.000Z;0.410
2021-03-23T00:00:00.000Z;0.475
2021-03-24T00:00:00.000Z;0.398
2021-03-25T00:00:00.000Z;0.327
2021-03-26T00:00:00.000Z;0.294
2021-03-27T00:00:00.000Z;0.254
2021-03-28T00:00:00.000Z;0.243
2021-03-29T00:00:00.000Z;0.225
2021-03-30T00:00:00.000Z;0.214
2021-03-31T00:00:00.000Z;0.205
2021-04-01T00:00:00.000Z;0.198
2021-04-02T00:00:00.000Z;0.192
2021-04-03T00:00:00.000Z;0.185
2021-04-04T00:00:00.000Z;0.177
2021-04-05T00:00:00.000Z;0.168
2021-04-06T00:00:00.000Z;0.163
2021-04-07T00:00:00.000Z;0.158
2021-04-08T00:00:00.000Z;0.151
2021-04-09T00:00:00.000Z;0.148
2021-04-10T00:00:00.000Z;0.146
2021-04-11T00:00:00.000Z;0.145
2021-04-12T00:00:00.000Z;0.162
2021-04-13T00:00:00.000Z;0.174
2021-04-14T00:00:00.000Z;0.170
2021-04-15T00:00:00.000Z;0.160
2021-04-16T00:00:00.000Z;0.153
2021-04-17T00:00:00.000Z;0.147
2021-04-18T00:00:00.000Z;0.142
2021-04-19T00:00:00.000Z;0.138
2021-04-20T00:00:00.000Z;0.136
2021-04-21T00:00:00.000Z;0.133
2021-04-22T00:00:00.000Z;0.130
2021-04-23T00:00:00.000Z;0.125
2021-04-24T00:00:00.000Z;0.121
2021-04-25T00:00:00.000Z;0.119
2021-04-26T00:00:00.000Z;0.121
2021-04-27T00:00:00.000Z;0.197
2021-04-28T00:00:00.000Z;0.326
2021-04-29T00:00:00.000Z;0.241
2021-04-30T00:00:00.000Z;0.209
2021-05-01T00:00:00.000Z;0.489
2021-05-02T00:00:00.000Z;0.544
2021-05-03T00:00:00.000Z;0.280
2021-05-04T00:00:00.000Z;0.216
2021-05-05T00:00:00.000Z;0.194
2021-05-06T00:00:00.000Z;0.180
2021-05-07T00:00:00.000Z;0.166
2021-05-08T00:00:00.000Z;0.154
2021-05-09T00:00:00.000Z;0.146
2021-05-10T00:00:00.000Z;0.141
2021-05-11T00:00:00.000Z;0.145
2021-05-12T00:00:00.000Z;0.169
2021-05-13T00:00:00.000Z;0.187
2021-05-14T00:00:00.000Z;0.855
2021-05-15T00:00:00.000Z;0.648
2021-05-16T00:00:00.000Z;0.344
2021-05-17T00:00:00.000Z;0.385
2021-05-18T00:00:00.000Z;0.291
2021-05-19T00:00:00.000Z;0.227
2021-05-20T00:00:00.000Z;0.210
2021-05-21T00:00:00.000Z;0.195
2021-05-22T00:00:00.000Z;0.193
2021-05-23T00:00:00.000Z;0.188
2021-05-24T00:00:00.000Z;0.178
2021-05-25T00:00:00.000Z;0.163
2021-05-26T00:00:00.000Z;0.151
2021-05-27T00:00:00.000Z;0.142
2021-05-28T00:00:00.000Z;0.135
2021-05-29T00:00:00.000Z;0.128
2021-05-30T00:00:00.000Z;0.121
2021-05-31T00:00:00.000Z;0.124
2021-06-01T00:00:00.000Z;0.139
2021-06-02T00:00:00.000Z;0.331
2021-06-03T00:00:00.000Z;0.197
2021-06-04T00:00:00.000Z;0.182
2021-06-05T00:00:00.000Z;0.253
2021-06-06T00:00:00.000Z;0.201
2021-06-07T00:00:00.000Z;0.181
2021-06-08T00:00:00.000Z;0.161
2021-06-09T00:00:00.000Z;0.146
2021-06-10T00:00:00.000Z;0.137
2021-06-11T00:00:00.000Z;0.130
2021-06-12T00:00:00.000Z;0.123
2021-06-13T00:00:00.000Z;0.118
2021-06-14T00:00:00.000Z;0.114
2021-06-15T00:00:00.000Z;0.110
2021-06-16T00:00:00.000Z;0.109
2021-06-17T00:00:00.000Z;0.107
2021-06-18T00:00:00.000Z;0.106
2021-06-19T00:00:00.000Z;0.102
2021-06-20T00:00:00.000Z;0.100
2021-06-21T00:00:00.000Z;0.0980
2021-06-22T00:00:00.000Z;0.0960
2021-06-23T00:00:00.000Z;0.0950
2021-06-24T00:00:00.000Z;0.0950
2021-06-25T00:00:00.000Z;0.0910
2021-06-26T00:00:00.000Z;0.0880
2021-06-27T00:00:00.000Z;0.0880
2021-06-28T00:00:00.000Z;0.0880
2021-06-29T00:00:00.000Z;0.0890
2021-06-30T00:00:00.000Z;0.0890
2021-07-01T00:00:00.000Z;0.0840
2021-07-02T00:00:00.000Z;0.0810
2021-07-03T00:00:00.000Z;0.0800
2021-07-04T00:00:00.000Z;0.0800
2021-07-05T00:00:00.000Z;0.0840
2021-07-06T00:00:00.000Z;0.0790
2021-07-07T00:00:00.000Z;0.0770
2021-07-08T00:00:00.000Z;0.107
2021-07-09T00:00:00.000Z;0.0930
2021-07-10T00:00:00.000Z;0.0800
2021-07-11T00:00:00.000Z;0.0760
2021-07-12T00:00:00.000Z;0.0750
2021-07-13T00:00:00.000Z;0.0870
2021-07-14T00:00:00.000Z;0.0850
2021-07-15T00:00:00.000Z;0.0910
2021-07-16T00:00:00.000Z;0.112
2021-07-17T00:00:00.000Z;0.0880
2021-07-18T00:00:00.000Z;0.0780
2021-07-19T00:00:00.000Z;0.0740
2021-07-20T00:00:00.000Z;0.0710
2021-07-21T00:00:00.000Z;0.0690
2021-07-22T00:00:00.000Z;0.0660
2021-07-23T00:00:00.000Z;0.0660
2021-07-24T00:00:00.000Z;0.0640
2021-07-25T00:00:00.000Z;0.0640
2021-07-26T00:00:00.000Z;0.0630
2021-07-27T00:00:00.000Z;0.0640
2021-07-28T00:00:00.000Z;0.0710
2021-07-29T00:00:00.000Z;0.0750
2021-07-30T00:00:00.000Z;0.0690
2021-07-31T00:00:00.000Z;0.0980
2021-08-01T00:00:00.000Z;0.254
2021-08-02T00:00:00.000Z;0.154
2021-08-03T00:00:00.000Z;0.114
2021-08-04T00:00:00.000Z;0.0950
2021-08-05T00:00:00.000Z;0.108
2021-08-06T00:00:00.000Z;0.0990
2021-08-07T00:00:00.000Z;0.120
2021-08-08T00:00:00.000Z;0.143
2021-08-09T00:00:00.000Z;0.119
2021-08-10T00:00:00.000Z;0.0950
2021-08-11T00:00:00.000Z;0.0840
2021-08-12T00:00:00.000Z;0.0780
2021-08-13T00:00:00.000Z;0.0740
2021-08-14T00:00:00.000Z;0.0710
2021-08-15T00:00:00.000Z;0.0680
2021-08-16T00:00:00.000Z;0.0780
2021-08-17T00:00:00.000Z;0.0940
2021-08-18T00:00:00.000Z;0.110
2021-08-19T00:00:00.000Z;0.0960
2021-08-20T00:00:00.000Z;0.0810
2021-08-21T00:00:00.000Z;0.0730
2021-08-22T00:00:00.000Z;0.0670
2021-08-23T00:00:00.000Z;0.0640
2021-08-24T00:00:00.000Z;0.0630
2021-08-25T00:00:00.000Z;0.0620
2021-08-26T00:00:00.000Z;0.0600
2021-08-27T00:00:00.000Z;0.0580
2021-08-28T00:00:00.000Z;0.0570
2021-08-29T00:00:00.000Z;0.0550
2021-08-30T00:00:00.000Z;0.0540
2021-08-31T00:00:00.000Z;0.0520
2021-09-01T00:00:00.000Z;0.0520
2021-09-02T00:00:00.000Z;0.0550
2021-09-03T00:00:00.000Z;0.0550
2021-09-04T00:00:00.000Z;0.0880
2021-09-05T00:00:00.000Z;0.0720
2021-09-06T00:00:00.000Z;0.0610
2021-09-07T00:00:00.000Z;0.0560
2021-09-08T00:00:00.000Z;0.0550
2021-09-09T00:00:00.000Z;0.0590
2021-09-10T00:00:00.000Z;0.0730
2021-09-11T00:00:00.000Z;0.566
2021-09-12T00:00:00.000Z;0.251
2021-09-13T00:00:00.000Z;0.131
2021-09-14T00:00:00.000Z;0.103
2021-09-15T00:00:00.000Z;0.0910
2021-09-16T00:00:00.000Z;0.0870
2021-09-17T00:00:00.000Z;0.0820
2021-09-18T00:00:00.000Z;0.0810
2021-09-19T00:00:00.000Z;0.118
2021-09-20T00:00:00.000Z;0.105
2021-09-21T00:00:00.000Z;0.104
2021-09-22T00:00:00.000Z;0.192
2021-09-23T00:00:00.000Z;0.147
2021-09-24T00:00:00.000Z;0.116
2021-09-25T00:00:00.000Z;0.103
2021-09-26T00:00:00.000Z;0.0930
2021-09-27T00:00:00.000Z;0.0860
2021-09-28T00:00:00.000Z;0.0830
2021-09-29T00:00:00.000Z;0.0820
2021-09-30T00:00:00.000Z;0.0850
2021-10-01T00:00:00.000Z;0.0800
2021-10-02T00:00:00.000Z;0.0760
2021-10-03T00:00:00.000Z;0.0890
2021-10-04T00:00:00.000Z;0.625
2021-10-05T00:00:00.000Z;0.306
2021-10-06T00:00:00.000Z;0.412
2021-10-07T00:00:00.000Z;0.275
2021-10-08T00:00:00.000Z;0.186
2021-10-09T00:00:00.000Z;0.150
2021-10-10T00:00:00.000Z;0.127
2021-10-11T00:00:00.000Z;0.115
2021-10-12T00:00:00.000Z;0.105
2021-10-13T00:00:00.000Z;0.0990
2021-10-14T00:00:00.000Z;0.0930
2021-10-15T00:00:00.000Z;0.0890
2021-10-16T00:00:00.000Z;0.0860
2021-10-17T00:00:00.000Z;0.0830
2021-10-18T00:00:00.000Z;0.0790
2021-10-19T00:00:00.000Z;0.0760
2021-10-20T00:00:00.000Z;0.0740
2021-10-21T00:00:00.000Z;0.0740
2021-10-22T00:00:00.000Z;0.0770
2021-10-23T00:00:00.000Z;0.0960
2021-10-24T00:00:00.000Z;0.0900
2021-10-25T00:00:00.000Z;0.0810
2021-10-26T00:00:00.000Z;0.0760
2021-10-27T00:00:00.000Z;0.0740
2021-10-28T00:00:00.000Z;0.0730
2021-10-29T00:00:00.000Z;0.0730
2021-10-30T00:00:00.000Z;0.0720
2021-10-31T00:00:00.000Z;0.0710
2021-11-01T00:00:00.000Z;0.152
2021-11-02T00:00:00.000Z;0.211
2021-11-03T00:00:00.000Z;0.139
2021-11-04T00:00:00.000Z;0.194
2021-11-05T00:00:00.000Z;0.361
2021-11-06T00:00:00.000Z;0.461
2021-11-07T00:00:00.000Z;0.282
2021-11-08T00:00:00.000Z;0.256
2021-11-09T00:00:00.000Z;0.280
2021-11-10T00:00:00.000Z;0.207
2021-11-11T00:00:00.000Z;0.181
2021-11-12T00:00:00.000Z;0.156
2021-11-13T00:00:00.000Z;0.140
2021-11-14T00:00:00.000Z;0.400
2021-11-15T00:00:00.000Z;Feb.38
2021-11-16T00:00:00.000Z;Jan.29
2021-11-17T00:00:00.000Z;0.604
2021-11-18T00:00:00.000Z;0.376
2021-11-19T00:00:00.000Z;0.297
2021-11-20T00:00:00.000Z;0.241
2021-11-21T00:00:00.000Z;0.219
2021-11-22T00:00:00.000Z;0.206
2021-11-23T00:00:00.000Z;0.187
2021-11-24T00:00:00.000Z;0.175
2021-11-25T00:00:00.000Z;0.176
2021-11-26T00:00:00.000Z;0.238
2021-11-27T00:00:00.000Z;0.549
2021-11-28T00:00:00.000Z;0.607
2021-11-29T00:00:00.000Z;0.454
2021-11-30T00:00:00.000Z;0.632
2021-12-01T00:00:00.000Z;0.661
2021-12-02T00:00:00.000Z;1.Mar
2021-12-03T00:00:00.000Z;0.980
2021-12-04T00:00:00.000Z;0.870
2021-12-05T00:00:00.000Z;Jan.58
2021-12-06T00:00:00.000Z;Jan.62
2021-12-07T00:00:00.000Z;Jan.37
2021-12-08T00:00:00.000Z;Feb.48
2021-12-09T00:00:00.000Z;Jan.95
2021-12-10T00:00:00.000Z;Jun.45
2021-12-11T00:00:00.000Z;Jun.68
2021-12-12T00:00:00.000Z;Apr.27
2021-12-13T00:00:00.000Z;Mar.15
2021-12-14T00:00:00.000Z;Feb.73
2021-12-15T00:00:00.000Z;Feb.33
2021-12-16T00:00:00.000Z;Jan.71
2021-12-17T00:00:00.000Z;Jan.21
2021-12-18T00:00:00.000Z;0.889
2021-12-19T00:00:00.000Z;0.722
2021-12-20T00:00:00.000Z;0.609
2021-12-21T00:00:00.000Z;0.532
2021-12-22T00:00:00.000Z;0.488
2021-12-23T00:00:00.000Z;0.483
2021-12-24T00:00:00.000Z;0.458
2021-12-25T00:00:00.000Z;0.429
2021-12-26T00:00:00.000Z;0.376
2021-12-27T00:00:00.000Z;0.389
2021-12-28T00:00:00.000Z;0.439
2021-12-29T00:00:00.000Z;0.453
2021-12-30T00:00:00.000Z;0.775
2021-12-31T00:00:00.000Z;0.622
2022-01-01T00:00:00.000Z;0.501
2022-01-02T00:00:00.000Z;0.420
2022-01-03T00:00:00.000Z;0.372
2022-01-04T00:00:00.000Z;0.361
2022-01-05T00:00:00.000Z;0.963
2022-01-06T00:00:00.000Z;0.821
2022-01-07T00:00:00.000Z;0.611
2022-01-08T00:00:00.000Z;0.552
2022-01-09T00:00:00.000Z;Feb.77
2022-01-10T00:00:00.000Z;Jul.27
2022-01-11T00:00:00.000Z;May.93
2022-01-12T00:00:00.000Z;Mar.65
2022-01-13T00:00:00.000Z;Feb.89
2022-01-14T00:00:00.000Z;Feb.49
2022-01-15T00:00:00.000Z;Jan.70
2022-01-16T00:00:00.000Z;0.900
2022-01-17T00:00:00.000Z;0.575
2022-01-18T00:00:00.000Z;0.503
2022-01-19T00:00:00.000Z;0.452
2022-01-20T00:00:00.000Z;0.417
2022-01-21T00:00:00.000Z;0.408
2022-01-22T00:00:00.000Z;0.378
2022-01-23T00:00:00.000Z;0.375
2022-01-24T00:00:00.000Z;0.359
2022-01-25T00:00:00.000Z;0.332
2022-01-26T00:00:00.000Z;0.316
2022-01-27T00:00:00.000Z;0.299
2022-01-28T00:00:00.000Z;0.278
2022-01-29T00:00:00.000Z;0.270
2022-01-30T00:00:00.000Z;0.260
2022-01-31T00:00:00.000Z;0.253
2022-02-01T00:00:00.000Z;0.248
2022-02-02T00:00:00.000Z;0.237
2022-02-03T00:00:00.000Z;0.232
2022-02-04T00:00:00.000Z;0.227
2022-02-05T00:00:00.000Z;0.244
2022-02-06T00:00:00.000Z;0.280
2022-02-07T00:00:00.000Z;0.245
2022-02-08T00:00:00.000Z;0.231
2022-02-09T00:00:00.000Z;0.224
2022-02-10T00:00:00.000Z;0.217
2022-02-11T00:00:00.000Z;0.210
2022-02-12T00:00:00.000Z;0.206
2022-02-13T00:00:00.000Z;0.203
2022-02-14T00:00:00.000Z;0.210
2022-02-15T00:00:00.000Z;0.431
2022-02-16T00:00:00.000Z;0.561
2022-02-17T00:00:00.000Z;0.684
2022-02-18T00:00:00.000Z;0.525
2022-02-19T00:00:00.000Z;0.599
2022-02-20T00:00:00.000Z;0.681
2022-02-21T00:00:00.000Z;0.508
2022-02-22T00:00:00.000Z;0.384
2022-02-23T00:00:00.000Z;0.333
2022-02-24T00:00:00.000Z;0.298
2022-02-25T00:00:00.000Z;0.279
2022-02-26T00:00:00.000Z;0.268
2022-02-27T00:00:00.000Z;0.253
2022-02-28T00:00:00.000Z;0.237
2022-03-01T00:00:00.000Z;0.225
2022-03-02T00:00:00.000Z;0.219
2022-03-03T00:00:00.000Z;0.217
2022-03-04T00:00:00.000Z;0.309
2022-03-05T00:00:00.000Z;0.499
2022-03-06T00:00:00.000Z;0.363
2022-03-07T00:00:00.000Z;0.301
2022-03-08T00:00:00.000Z;0.278
2022-03-09T00:00:00.000Z;0.265
2022-03-10T00:00:00.000Z;0.261
2022-03-11T00:00:00.000Z;0.255
2022-03-12T00:00:00.000Z;0.411
2022-03-13T00:00:00.000Z;0.612
2022-03-14T00:00:00.000Z;0.605
2022-03-15T00:00:00.000Z;0.436
2022-03-16T00:00:00.000Z;0.335
2022-03-17T00:00:00.000Z;0.482
2022-03-18T00:00:00.000Z;Jan.73
2022-03-19T00:00:00.000Z;1.Sep
2022-03-20T00:00:00.000Z;0.654
2022-03-21T00:00:00.000Z;0.510
2022-03-22T00:00:00.000Z;0.401
2022-03-23T00:00:00.000Z;0.343
2022-03-24T00:00:00.000Z;0.304
2022-03-25T00:00:00.000Z;0.286
2022-03-26T00:00:00.000Z;0.268
2022-03-27T00:00:00.000Z;0.249
2022-03-28T00:00:00.000Z;0.234
2022-03-29T00:00:00.000Z;0.226
2022-03-30T00:00:00.000Z;0.326
2022-03-31T00:00:00.000Z;1.Dec
2022-04-01T00:00:00.000Z;Jan.25
2022-04-02T00:00:00.000Z;0.754
2022-04-03T00:00:00.000Z;0.559
2022-04-04T00:00:00.000Z;0.555
2022-04-05T00:00:00.000Z;0.624
2022-04-06T00:00:00.000Z;0.741
2022-04-07T00:00:00.000Z;0.641
2022-04-08T00:00:00.000Z;0.542
2022-04-09T00:00:00.000Z;0.477
2022-04-10T00:00:00.000Z;0.496
2022-04-11T00:00:00.000Z;0.447
2022-04-12T00:00:00.000Z;0.365
2022-04-13T00:00:00.000Z;0.322
2022-04-14T00:00:00.000Z;0.293
2022-04-15T00:00:00.000Z;0.272
2022-04-16T00:00:00.000Z;0.263
2022-04-17T00:00:00.000Z;0.253
2022-04-18T00:00:00.000Z;0.242
2022-04-19T00:00:00.000Z;0.239
2022-04-20T00:00:00.000Z;0.522
2022-04-21T00:00:00.000Z;0.629
2022-04-22T00:00:00.000Z;0.486
2022-04-23T00:00:00.000Z;0.488
2022-04-24T00:00:00.000Z;0.943
2022-04-25T00:00:00.000Z;0.801
2022-04-26T00:00:00.000Z;0.532
2022-04-27T00:00:00.000Z;0.401
2022-04-28T00:00:00.000Z;0.335
2022-04-29T00:00:00.000Z;0.300
2022-04-30T00:00:00.000Z;0.287
2022-05-01T00:00:00.000Z;0.276
2022-05-02T00:00:00.000Z;0.261
2022-05-03T00:00:00.000Z;0.292
2022-05-04T00:00:00.000Z;Jan.46
2022-05-05T00:00:00.000Z;Jan.45
2022-05-06T00:00:00.000Z;0.929
2022-05-07T00:00:00.000Z;0.606
2022-05-08T00:00:00.000Z;0.494
2022-05-09T00:00:00.000Z;0.387
2022-05-10T00:00:00.000Z;0.338
2022-05-11T00:00:00.000Z;0.305
2022-05-12T00:00:00.000Z;0.284
2022-05-13T00:00:00.000Z;0.263
2022-05-14T00:00:00.000Z;0.246
2022-05-15T00:00:00.000Z;0.234
2022-05-16T00:00:00.000Z;0.221
2022-05-17T00:00:00.000Z;0.210
2022-05-18T00:00:00.000Z;0.201
2022-05-19T00:00:00.000Z;0.193
2022-05-20T00:00:00.000Z;0.185
2022-05-21T00:00:00.000Z;0.178
2022-05-22T00:00:00.000Z;0.173
2022-05-23T00:00:00.000Z;0.169
2022-05-24T00:00:00.000Z;0.167
2022-05-25T00:00:00.000Z;0.256
2022-05-26T00:00:00.000Z;0.215
2022-05-27T00:00:00.000Z;0.184
2022-05-28T00:00:00.000Z;0.172
2022-05-29T00:00:00.000Z;0.164
2022-05-30T00:00:00.000Z;0.158
2022-05-31T00:00:00.000Z;0.153
2022-06-01T00:00:00.000Z;0.147
2022-06-02T00:00:00.000Z;0.143
2022-06-03T00:00:00.000Z;0.139
2022-06-04T00:00:00.000Z;0.135
2022-06-05T00:00:00.000Z;0.132
2022-06-06T00:00:00.000Z;0.128
2022-06-07T00:00:00.000Z;0.128
2022-06-08T00:00:00.000Z;0.126
2022-06-09T00:00:00.000Z;0.133
2022-06-10T00:00:00.000Z;0.138
2022-06-11T00:00:00.000Z;0.123
2022-06-12T00:00:00.000Z;0.118
2022-06-13T00:00:00.000Z;0.116
2022-06-14T00:00:00.000Z;0.113
2022-06-15T00:00:00.000Z;0.112
2022-06-16T00:00:00.000Z;0.109
2022-06-17T00:00:00.000Z;0.106
2022-06-18T00:00:00.000Z;0.104
2022-06-19T00:00:00.000Z;0.104
2022-06-20T00:00:00.000Z;0.102
2022-06-21T00:00:00.000Z;0.100
2022-06-22T00:00:00.000Z;0.100
2022-06-23T00:00:00.000Z;0.0980
2022-06-24T00:00:00.000Z;0.0960
2022-06-25T00:00:00.000Z;0.0950
2022-06-26T00:00:00.000Z;0.0950
2022-06-27T00:00:00.000Z;0.118
2022-06-28T00:00:00.000Z;0.179
2022-06-29T00:00:00.000Z;0.119
2022-06-30T00:00:00.000Z;0.149
2022-07-01T00:00:00.000Z;0.377
2022-07-02T00:00:00.000Z;0.176
2022-07-03T00:00:00.000Z;0.132
2022-07-04T00:00:00.000Z;0.115
2022-07-05T00:00:00.000Z;0.108
2022-07-06T00:00:00.000Z;0.105
2022-07-07T00:00:00.000Z;0.101
2022-07-08T00:00:00.000Z;0.0980
2022-07-09T00:00:00.000Z;0.0950
2022-07-10T00:00:00.000Z;0.0930
2022-07-11T00:00:00.000Z;0.0910
2022-07-12T00:00:00.000Z;0.0890
2022-07-13T00:00:00.000Z;0.0860
2022-07-14T00:00:00.000Z;0.0850
2022-07-15T00:00:00.000Z;0.0840
2022-07-16T00:00:00.000Z;0.0820
2022-07-17T00:00:00.000Z;0.0810
2022-07-18T00:00:00.000Z;0.0800
2022-07-19T00:00:00.000Z;0.0790
2022-07-20T00:00:00.000Z;0.0770
2022-07-21T00:00:00.000Z;0.0770
2022-07-22T00:00:00.000Z;0.0770
2022-07-23T00:00:00.000Z;0.0750
2022-07-24T00:00:00.000Z;0.0760
2022-07-25T00:00:00.000Z;0.0740
2022-07-26T00:00:00.000Z;0.0720
2022-07-27T00:00:00.000Z;0.0710
2022-07-28T00:00:00.000Z;0.0700
2022-07-29T00:00:00.000Z;0.0700
2022-07-30T00:00:00.000Z;0.0690
2022-07-31T00:00:00.000Z;0.0680
2022-08-01T00:00:00.000Z;0.0660
2022-08-02T00:00:00.000Z;0.0660
2022-08-03T00:00:00.000Z;0.0660
2022-08-04T00:00:00.000Z;0.0660
2022-08-05T00:00:00.000Z;0.0650
2022-08-06T00:00:00.000Z;0.0650
2022-08-07T00:00:00.000Z;0.0640
2022-08-08T00:00:00.000Z;0.0620
2022-08-09T00:00:00.000Z;0.0590
2022-08-10T00:00:00.000Z;0.0590
2022-08-11T00:00:00.000Z;0.0590
2022-08-12T00:00:00.000Z;0.0580
2022-08-13T00:00:00.000Z;0.0570
2022-08-14T00:00:00.000Z;0.0570
2022-08-15T00:00:00.000Z;0.0570
2022-08-16T00:00:00.000Z;0.0570
2022-08-17T00:00:00.000Z;0.0560
2022-08-18T00:00:00.000Z;0.0560
2022-08-19T00:00:00.000Z;0.0570
2022-08-20T00:00:00.000Z;0.0550
2022-08-21T00:00:00.000Z;0.0550
2022-08-22T00:00:00.000Z;0.0550
2022-08-23T00:00:00.000Z;0.0550
2022-08-24T00:00:00.000Z;0.0530
2022-08-25T00:00:00.000Z;0.0530
2022-08-26T00:00:00.000Z;0.0670
2022-08-27T00:00:00.000Z;0.0640
2022-08-28T00:00:00.000Z;0.0570
2022-08-29T00:00:00.000Z;0.0630
2022-08-30T00:00:00.000Z;0.0840
2022-08-31T00:00:00.000Z;0.0690
2022-09-01T00:00:00.000Z;0.0660
2022-09-02T00:00:00.000Z;0.0640
2022-09-03T00:00:00.000Z;0.0920
2022-09-04T00:00:00.000Z;0.0900
2022-09-05T00:00:00.000Z;0.0740
2022-09-06T00:00:00.000Z;0.0690
2022-09-07T00:00:00.000Z;0.0660
2022-09-08T00:00:00.000Z;0.0650
2022-09-09T00:00:00.000Z;0.0640
2022-09-10T00:00:00.000Z;0.0640
2022-09-11T00:00:00.000Z;0.0640
2022-09-12T00:00:00.000Z;0.0630
2022-09-13T00:00:00.000Z;0.0630
2022-09-14T00:00:00.000Z;0.0650
2022-09-15T00:00:00.000Z;0.0640
2022-09-16T00:00:00.000Z;0.0530
2022-09-17T00:00:00.000Z;0.0420
2022-09-18T00:00:00.000Z;0.0410
2022-09-19T00:00:00.000Z;0.0410
2022-09-20T00:00:00.000Z;0.0400
2022-09-21T00:00:00.000Z;0.0390
2022-09-22T00:00:00.000Z;0.0390
2022-09-23T00:00:00.000Z;0.0390
2022-09-24T00:00:00.000Z;0.0390
2022-09-25T00:00:00.000Z;0.0390
2022-09-26T00:00:00.000Z;0.0390
2022-09-27T00:00:00.000Z;0.0420
2022-09-28T00:00:00.000Z;0.0640
2022-09-29T00:00:00.000Z;0.103
2022-09-30T00:00:00.000Z;0.232
2022-10-01T00:00:00.000Z;0.149
2022-10-02T00:00:00.000Z;0.0940
2022-10-03T00:00:00.000Z;0.0730
2022-10-04T00:00:00.000Z;0.0650
2022-10-05T00:00:00.000Z;0.0600
2022-10-06T00:00:00.000Z;0.0560
2022-10-07T00:00:00.000Z;0.0540
2022-10-08T00:00:00.000Z;0.0530
2022-10-09T00:00:00.000Z;0.0520
2022-10-10T00:00:00.000Z;0.0500
2022-10-11T00:00:00.000Z;0.0490
2022-10-12T00:00:00.000Z;0.0480
2022-10-13T00:00:00.000Z;0.0480
2022-10-14T00:00:00.000Z;0.0470
2022-10-15T00:00:00.000Z;0.0470
2022-10-16T00:00:00.000Z;0.0480
2022-10-17T00:00:00.000Z;0.0460
2022-10-18T00:00:00.000Z;0.0450
2022-10-19T00:00:00.000Z;0.0470
2022-10-20T00:00:00.000Z;0.0500
2022-10-21T00:00:00.000Z;0.0500
2022-10-22T00:00:00.000Z;0.0480
2022-10-23T00:00:00.000Z;0.0540
2022-10-24T00:00:00.000Z;0.0560
2022-10-25T00:00:00.000Z;0.0550
2022-10-26T00:00:00.000Z;0.0540
2022-10-27T00:00:00.000Z;0.0510
2022-10-28T00:00:00.000Z;0.0500
2022-10-29T00:00:00.000Z;0.0520
2022-10-30T00:00:00.000Z;0.0530
2022-10-31T00:00:00.000Z;0.0530
2022-11-01T00:00:00.000Z;0.0500
2022-11-02T00:00:00.000Z;0.0500
2022-11-03T00:00:00.000Z;0.0540
2022-11-04T00:00:00.000Z;0.0710
2022-11-05T00:00:00.000Z;0.0770
2022-11-06T00:00:00.000Z;0.0790
2022-11-07T00:00:00.000Z;0.0820
2022-11-08T00:00:00.000Z;0.0840
2022-11-09T00:00:00.000Z;0.0860
2022-11-10T00:00:00.000Z;0.0780
2022-11-11T00:00:00.000Z;0.0790
2022-11-12T00:00:00.000Z;0.0750
2022-11-13T00:00:00.000Z;0.0700
2022-11-14T00:00:00.000Z;0.0690
2022-11-15T00:00:00.000Z;0.0700
2022-11-16T00:00:00.000Z;0.0700
2022-11-17T00:00:00.000Z;0.0680
2022-11-18T00:00:00.000Z;0.0720
2022-11-19T00:00:00.000Z;0.0970
2022-11-20T00:00:00.000Z;0.171
2022-11-21T00:00:00.000Z;0.217
2022-11-22T00:00:00.000Z;0.995
2022-11-23T00:00:00.000Z;Jan.15
2022-11-24T00:00:00.000Z;1.Apr
2022-11-25T00:00:00.000Z;0.406
2022-11-26T00:00:00.000Z;0.409
2022-11-27T00:00:00.000Z;0.255
2022-11-28T00:00:00.000Z;0.495
2022-11-29T00:00:00.000Z;Jan.15
2022-11-30T00:00:00.000Z;0.975
2022-12-01T00:00:00.000Z;0.508
2022-12-02T00:00:00.000Z;0.279
2022-12-03T00:00:00.000Z;0.229
2022-12-04T00:00:00.000Z;0.199
2022-12-05T00:00:00.000Z;0.168
2022-12-06T00:00:00.000Z;0.148
2022-12-07T00:00:00.000Z;0.135
2022-12-08T00:00:00.000Z;0.126
2022-12-09T00:00:00.000Z;0.121
2022-12-10T00:00:00.000Z;0.272
2022-12-11T00:00:00.000Z;0.329
2022-12-12T00:00:00.000Z;0.223
2022-12-13T00:00:00.000Z;0.208
2022-12-14T00:00:00.000Z;0.211
2022-12-15T00:00:00.000Z;0.223
2022-12-16T00:00:00.000Z;0.452
2022-12-17T00:00:00.000Z;0.654
2022-12-18T00:00:00.000Z;0.398
2022-12-19T00:00:00.000Z;0.263
2022-12-20T00:00:00.000Z;0.223
2022-12-21T00:00:00.000Z;0.195
2022-12-22T00:00:00.000Z;0.171
2022-12-23T00:00:00.000Z;0.155
2022-12-24T00:00:00.000Z;0.145
2022-12-25T00:00:00.000Z;0.136
2022-12-26T00:00:00.000Z;0.125
2022-12-27T00:00:00.000Z;0.116
2022-12-28T00:00:00.000Z;0.111
2022-12-29T00:00:00.000Z;0.109
2022-12-30T00:00:00.000Z;0.106
2022-12-31T00:00:00.000Z;0.101
2023-01-01T00:00:00.000Z;0.0960
2023-01-02T00:00:00.000Z;0.0940
2023-01-03T00:00:00.000Z;0.0900
2023-01-04T00:00:00.000Z;0.0880
2023-01-05T00:00:00.000Z;0.0850
2023-01-06T00:00:00.000Z;0.0840
2023-01-07T00:00:00.000Z;0.0830
2023-01-08T00:00:00.000Z;0.0830
2023-01-09T00:00:00.000Z;0.321
2023-01-10T00:00:00.000Z;0.445
2023-01-11T00:00:00.000Z;0.283
2023-01-12T00:00:00.000Z;0.279
2023-01-13T00:00:00.000Z;0.259
2023-01-14T00:00:00.000Z;0.224
2023-01-15T00:00:00.000Z;0.223
2023-01-16T00:00:00.000Z;0.908
2023-01-17T00:00:00.000Z;Feb.68
2023-01-18T00:00:00.000Z;Jan.53
2023-01-19T00:00:00.000Z;0.714
2023-01-20T00:00:00.000Z;Jan.23
2023-01-21T00:00:00.000Z;0.970
2023-01-22T00:00:00.000Z;0.550
2023-01-23T00:00:00.000Z;0.390
2023-01-24T00:00:00.000Z;0.300
2023-01-25T00:00:00.000Z;0.261
2023-01-26T00:00:00.000Z;0.238
2023-01-27T00:00:00.000Z;0.220
2023-01-28T00:00:00.000Z;0.202
2023-01-29T00:00:00.000Z;0.185
2023-01-30T00:00:00.000Z;0.174
2023-01-31T00:00:00.000Z;0.167
2023-02-01T00:00:00.000Z;0.182
2023-02-02T00:00:00.000Z;0.262
2023-02-03T00:00:00.000Z;0.296
2023-02-04T00:00:00.000Z;0.332
2023-02-05T00:00:00.000Z;0.305
2023-02-06T00:00:00.000Z;0.247
2023-02-07T00:00:00.000Z;0.237
2023-02-08T00:00:00.000Z;0.210
2023-02-09T00:00:00.000Z;0.196
2023-02-10T00:00:00.000Z;0.180
2023-02-11T00:00:00.000Z;0.171
2023-02-12T00:00:00.000Z;0.165
2023-02-13T00:00:00.000Z;0.158
2023-02-14T00:00:00.000Z;0.154
2023-02-15T00:00:00.000Z;0.154
2023-02-16T00:00:00.000Z;0.150
2023-02-17T00:00:00.000Z;0.144
2023-02-18T00:00:00.000Z;0.142
2023-02-19T00:00:00.000Z;0.163
2023-02-20T00:00:00.000Z;0.174
2023-02-21T00:00:00.000Z;0.172
2023-02-22T00:00:00.000Z;0.167
2023-02-23T00:00:00.000Z;0.146
2023-02-24T00:00:00.000Z;0.140
2023-02-25T00:00:00.000Z;0.131
2023-02-26T00:00:00.000Z;0.126
2023-02-27T00:00:00.000Z;0.119
2023-02-28T00:00:00.000Z;0.114
2023-03-01T00:00:00.000Z;0.109
2023-03-02T00:00:00.000Z;0.107
2023-03-03T00:00:00.000Z;0.106
2023-03-04T00:00:00.000Z;0.104
2023-03-05T00:00:00.000Z;0.105
2023-03-06T00:00:00.000Z;0.119
2023-03-07T00:00:00.000Z;0.121
2023-03-08T00:00:00.000Z;0.132
2023-03-09T00:00:00.000Z;0.145
2023-03-10T00:00:00.000Z;0.132
2023-03-11T00:00:00.000Z;0.125
2023-03-12T00:00:00.000Z;0.173
2023-03-13T00:00:00.000Z;0.219
2023-03-14T00:00:00.000Z;0.527
2023-03-15T00:00:00.000Z;0.375
2023-03-16T00:00:00.000Z;0.253
2023-03-17T00:00:00.000Z;0.218
2023-03-18T00:00:00.000Z;0.200
2023-03-19T00:00:00.000Z;0.183
2023-03-20T00:00:00.000Z;0.166
2023-03-21T00:00:00.000Z;0.158
2023-03-22T00:00:00.000Z;0.153
2023-03-23T00:00:00.000Z;0.148
2023-03-24T00:00:00.000Z;0.141
2023-03-25T00:00:00.000Z;0.134
2023-03-26T00:00:00.000Z;0.131
2023-03-27T00:00:00.000Z;0.145
2023-03-28T00:00:00.000Z;0.174
2023-03-29T00:00:00.000Z;0.168
2023-03-30T00:00:00.000Z;0.157
2023-03-31T00:00:00.000Z;0.150
2023-04-01T00:00:00.000Z;0.145
2023-04-02T00:00:00.000Z;0.569
2023-04-03T00:00:00.000Z;Feb.92
2023-04-04T00:00:00.000Z;Jan.43
2023-04-05T00:00:00.000Z;0.694
2023-04-06T00:00:00.000Z;0.437
2023-04-07T00:00:00.000Z;0.330
2023-04-08T00:00:00.000Z;0.282
2023-04-09T00:00:00.000Z;0.248
2023-04-10T00:00:00.000Z;0.227
2023-04-11T00:00:00.000Z;0.209
2023-04-12T00:00:00.000Z;0.200
2023-04-13T00:00:00.000Z;0.216
2023-04-14T00:00:00.000Z;0.311
2023-04-15T00:00:00.000Z;0.550
2023-04-16T00:00:00.000Z;0.649
2023-04-17T00:00:00.000Z;0.437
2023-04-18T00:00:00.000Z;0.328
2023-04-19T00:00:00.000Z;0.277
2023-04-20T00:00:00.000Z;0.254
2023-04-21T00:00:00.000Z;0.234
2023-04-22T00:00:00.000Z;0.218
2023-04-23T00:00:00.000Z;0.203
2023-04-24T00:00:00.000Z;0.196
2023-04-25T00:00:00.000Z;0.238
2023-04-26T00:00:00.000Z;0.391
2023-04-27T00:00:00.000Z;0.270
2023-04-28T00:00:00.000Z;0.230
2023-04-29T00:00:00.000Z;0.216
2023-04-30T00:00:00.000Z;0.667
2023-05-01T00:00:00.000Z;0.642
2023-05-02T00:00:00.000Z;0.369
2023-05-03T00:00:00.000Z;0.279
2023-05-04T00:00:00.000Z;0.245
2023-05-05T00:00:00.000Z;0.220
2023-05-06T00:00:00.000Z;0.204
2023-05-07T00:00:00.000Z;0.200
2023-05-08T00:00:00.000Z;0.367
2023-05-09T00:00:00.000Z;0.283
2023-05-10T00:00:00.000Z;0.519
2023-05-11T00:00:00.000Z;0.405
2023-05-12T00:00:00.000Z;0.286
2023-05-13T00:00:00.000Z;0.358
2023-05-14T00:00:00.000Z;0.721
2023-05-15T00:00:00.000Z;1.00
2023-05-16T00:00:00.000Z;Feb.38
2023-05-17T00:00:00.000Z;Jan.83
2023-05-18T00:00:00.000Z;0.911
2023-05-19T00:00:00.000Z;0.541
2023-05-20T00:00:00.000Z;0.469
2023-05-21T00:00:00.000Z;0.417
2023-05-22T00:00:00.000Z;0.350
2023-05-23T00:00:00.000Z;0.337
2023-05-24T00:00:00.000Z;0.562
2023-05-25T00:00:00.000Z;Feb.66
2023-05-26T00:00:00.000Z;Jan.98
2023-05-27T00:00:00.000Z;Jan.34
2023-05-28T00:00:00.000Z;0.791
2023-05-29T00:00:00.000Z;0.540
2023-05-30T00:00:00.000Z;0.494
2023-05-31T00:00:00.000Z;0.454
2023-06-01T00:00:00.000Z;0.467
2023-06-02T00:00:00.000Z;0.477
2023-06-03T00:00:00.000Z;0.471
2023-06-04T00:00:00.000Z;0.424
2023-06-05T00:00:00.000Z;0.449
2023-06-06T00:00:00.000Z;0.358
2023-06-07T00:00:00.000Z;0.318
2023-06-08T00:00:00.000Z;0.319
2023-06-09T00:00:00.000Z;0.331
2023-06-10T00:00:00.000Z;0.495
2023-06-11T00:00:00.000Z;0.717
2023-06-12T00:00:00.000Z;0.603
2023-06-13T00:00:00.000Z;Feb.18
2023-06-14T00:00:00.000Z;Mar.37
2023-06-15T00:00:00.000Z;Jan.87
2023-06-16T00:00:00.000Z;0.981
2023-06-17T00:00:00.000Z;0.589
2023-06-18T00:00:00.000Z;0.526
2023-06-19T00:00:00.000Z;0.462
2023-06-20T00:00:00.000Z;0.380
2023-06-21T00:00:00.000Z;0.337
2023-06-22T00:00:00.000Z;0.316
2023-06-23T00:00:00.000Z;0.309
2023-06-24T00:00:00.000Z;0.287
2023-06-25T00:00:00.000Z;0.269
2023-06-26T00:00:00.000Z;0.244
2023-06-27T00:00:00.000Z;0.234
2023-06-28T00:00:00.000Z;0.224
2023-06-29T00:00:00.000Z;0.215
2023-06-30T00:00:00.000Z;0.396
2023-07-01T00:00:00.000Z;0.391
2023-07-02T00:00:00.000Z;0.258
2023-07-03T00:00:00.000Z;0.237
2023-07-04T00:00:00.000Z;0.224
2023-07-05T00:00:00.000Z;0.215
2023-07-06T00:00:00.000Z;0.208
2023-07-07T00:00:00.000Z;0.197
2023-07-08T00:00:00.000Z;0.187
2023-07-09T00:00:00.000Z;0.174
2023-07-10T00:00:00.000Z;0.166
2023-07-11T00:00:00.000Z;0.160
2023-07-12T00:00:00.000Z;0.157
2023-07-13T00:00:00.000Z;0.167
2023-07-14T00:00:00.000Z;0.165
2023-07-15T00:00:00.000Z;0.158
2023-07-16T00:00:00.000Z;0.149
2023-07-17T00:00:00.000Z;0.148
2023-07-18T00:00:00.000Z;0.139
2023-07-19T00:00:00.000Z;0.133
2023-07-20T00:00:00.000Z;0.128
2023-07-21T00:00:00.000Z;0.125
2023-07-22T00:00:00.000Z;0.127
2023-07-23T00:00:00.000Z;0.122
2023-07-24T00:00:00.000Z;0.118
2023-07-25T00:00:00.000Z;0.152
2023-07-26T00:00:00.000Z;0.162
2023-07-27T00:00:00.000Z;0.135
2023-07-28T00:00:00.000Z;0.256
2023-07-29T00:00:00.000Z;0.177
2023-07-30T00:00:00.000Z;0.153
2023-07-31T00:00:00.000Z;0.196
2023-08-01T00:00:00.000Z;0.166
2023-08-02T00:00:00.000Z;0.138
2023-08-03T00:00:00.000Z;0.138
2023-08-04T00:00:00.000Z;0.149
2023-08-05T00:00:00.000Z;0.208
2023-08-06T00:00:00.000Z;0.164
2023-08-07T00:00:00.000Z;0.139
2023-08-08T00:00:00.000Z;0.129
2023-08-09T00:00:00.000Z;0.120
2023-08-10T00:00:00.000Z;0.115
2023-08-11T00:00:00.000Z;0.111
2023-08-12T00:00:00.000Z;0.108
2023-08-13T00:00:00.000Z;0.106
2023-08-14T00:00:00.000Z;0.105
2023-08-15T00:00:00.000Z;0.102
2023-08-16T00:00:00.000Z;0.102
2023-08-17T00:00:00.000Z;0.100
2023-08-18T00:00:00.000Z;0.100
2023-08-19T00:00:00.000Z;0.0980
2023-08-20T00:00:00.000Z;0.0960
2023-08-21T00:00:00.000Z;0.0950
2023-08-22T00:00:00.000Z;0.0930
2023-08-23T00:00:00.000Z;0.0920
2023-08-24T00:00:00.000Z;0.0910
2023-08-25T00:00:00.000Z;0.0890
2023-08-26T00:00:00.000Z;0.0910
2023-08-27T00:00:00.000Z;0.274
2023-08-28T00:00:00.000Z;0.524
2023-08-29T00:00:00.000Z;0.548
2023-08-30T00:00:00.000Z;0.208
2023-08-31T00:00:00.000Z;0.161
2023-09-01T00:00:00.000Z;0.135
2023-09-02T00:00:00.000Z;0.123
2023-09-03T00:00:00.000Z;0.114
2023-09-04T00:00:00.000Z;0.108
2023-09-05T00:00:00.000Z;0.103
2023-09-06T00:00:00.000Z;0.0990
2023-09-07T00:00:00.000Z;0.0960
2023-09-08T00:00:00.000Z;0.0930
2023-09-09T00:00:00.000Z;0.0910
2023-09-10T00:00:00.000Z;0.0890
2023-09-11T00:00:00.000Z;0.0870
2023-09-12T00:00:00.000Z;0.0850
2023-09-13T00:00:00.000Z;0.0890
2023-09-14T00:00:00.000Z;0.0840
2023-09-15T00:00:00.000Z;0.0820
2023-09-16T00:00:00.000Z;0.0810
2023-09-17T00:00:00.000Z;0.0790
2023-09-18T00:00:00.000Z;0.0770
2023-09-19T00:00:00.000Z;0.0740
2023-09-20T00:00:00.000Z;0.0730
2023-09-21T00:00:00.000Z;0.0740
2023-09-22T00:00:00.000Z;0.0760
2023-09-23T00:00:00.000Z;0.0730
2023-09-24T00:00:00.000Z;0.0700
2023-09-25T00:00:00.000Z;0.0680
2023-09-26T00:00:00.000Z;0.0680
2023-09-27T00:00:00.000Z;0.0660
2023-09-28T00:00:00.000Z;0.0710
2023-09-29T00:00:00.000Z;0.0750
2023-09-30T00:00:00.000Z;0.0740
2023-10-01T00:00:00.000Z;0.0740
2023-10-02T00:00:00.000Z;0.0730
2023-10-03T00:00:00.000Z;0.0710
2023-10-04T00:00:00.000Z;0.0710
2023-10-05T00:00:00.000Z;0.0710
2023-10-06T00:00:00.000Z;0.0700
2023-10-07T00:00:00.000Z;0.0690
2023-10-08T00:00:00.000Z;0.0690
2023-10-09T00:00:00.000Z;0.0680
2023-10-10T00:00:00.000Z;0.0680
2023-10-11T00:00:00.000Z;0.0670
2023-10-12T00:00:00.000Z;0.0660
2023-10-13T00:00:00.000Z;0.0670
2023-10-14T00:00:00.000Z;0.0670
2023-10-15T00:00:00.000Z;0.158
2023-10-16T00:00:00.000Z;0.115
2023-10-17T00:00:00.000Z;0.0810
2023-10-18T00:00:00.000Z;0.0750
2023-10-19T00:00:00.000Z;0.0740
2023-10-20T00:00:00.000Z;0.119
2023-10-21T00:00:00.000Z;0.106
2023-10-22T00:00:00.000Z;0.0860
2023-10-23T00:00:00.000Z;0.0800
2023-10-24T00:00:00.000Z;0.0860
2023-10-25T00:00:00.000Z;0.106
2023-10-26T00:00:00.000Z;0.0930
2023-10-27T00:00:00.000Z;0.110
2023-10-28T00:00:00.000Z;0.114
2023-10-29T00:00:00.000Z;0.0980
2023-10-30T00:00:00.000Z;0.0910
2023-10-31T00:00:00.000Z;0.136
2023-11-01T00:00:00.000Z;0.125
2023-11-02T00:00:00.000Z;0.211
2023-11-03T00:00:00.000Z;0.434
2023-11-04T00:00:00.000Z;0.225
2023-11-05T00:00:00.000Z;0.228
2023-11-06T00:00:00.000Z;0.185
2023-11-07T00:00:00.000Z;0.180
2023-11-08T00:00:00.000Z;0.182
2023-11-09T00:00:00.000Z;0.222
2023-11-10T00:00:00.000Z;0.382
2023-11-11T00:00:00.000Z;0.435
2023-11-12T00:00:00.000Z;0.614
2023-11-13T00:00:00.000Z;0.489
2023-11-14T00:00:00.000Z;0.260
2023-11-15T00:00:00.000Z;0.240
2023-11-16T00:00:00.000Z;0.240
2023-11-17T00:00:00.000Z;0.227
2023-11-18T00:00:00.000Z;0.214
2023-11-19T00:00:00.000Z;0.189
2023-11-20T00:00:00.000Z;0.168
2023-11-21T00:00:00.000Z;0.853
2023-11-22T00:00:00.000Z;Mar.44
2023-11-23T00:00:00.000Z;Feb.38
2023-11-24T00:00:00.000Z;Jan.17
2023-11-25T00:00:00.000Z;0.572
2023-11-26T00:00:00.000Z;0.486
2023-11-27T00:00:00.000Z;0.377
2023-11-28T00:00:00.000Z;Jan.66
2023-11-29T00:00:00.000Z;Jan.37
2023-11-30T00:00:00.000Z;0.700
2023-12-01T00:00:00.000Z;0.565
2023-12-02T00:00:00.000Z;1.Aug
2023-12-03T00:00:00.000Z;0.919
2023-12-04T00:00:00.000Z;0.641
2023-12-05T00:00:00.000Z;0.570
2023-12-06T00:00:00.000Z;0.519
2023-12-07T00:00:00.000Z;0.423
2023-12-08T00:00:00.000Z;0.623
2023-12-09T00:00:00.000Z;0.880
2023-12-10T00:00:00.000Z;0.617
2023-12-11T00:00:00.000Z;0.495
2023-12-12T00:00:00.000Z;0.391
2023-12-13T00:00:00.000Z;0.456
2023-12-14T00:00:00.000Z;Jan.74
2023-12-15T00:00:00.000Z;1.Jul
2023-12-16T00:00:00.000Z;0.641
2023-12-17T00:00:00.000Z;0.521
2023-12-18T00:00:00.000Z;0.422
2023-12-19T00:00:00.000Z;0.359
2023-12-20T00:00:00.000Z;Jan.47
2023-12-21T00:00:00.000Z;Jan.82
2023-12-22T00:00:00.000Z;0.955
2023-12-23T00:00:00.000Z;0.751
2023-12-24T00:00:00.000Z;0.641
2023-12-25T00:00:00.000Z;0.520
2023-12-26T00:00:00.000Z;0.433
2023-12-27T00:00:00.000Z;0.363
2023-12-28T00:00:00.000Z;0.324
2023-12-29T00:00:00.000Z;0.297
2023-12-30T00:00:00.000Z;0.279
2023-12-31T00:00:00.000Z;0.269
2024-01-01T00:00:00.000Z;0.253
2024-01-02T00:00:00.000Z;0.240
2024-01-03T00:00:00.000Z;0.230
2024-01-04T00:00:00.000Z;0.219
2024-01-05T00:00:00.000Z;0.219
2024-01-06T00:00:00.000Z;0.494
2024-01-07T00:00:00.000Z;0.872
2024-01-08T00:00:00.000Z;0.596
2024-01-09T00:00:00.000Z;0.484
2024-01-10T00:00:00.000Z;0.420
2024-01-11T00:00:00.000Z;0.359
2024-01-12T00:00:00.000Z;0.340
2024-01-13T00:00:00.000Z;0.408
2024-01-14T00:00:00.000Z;0.599
2024-01-15T00:00:00.000Z;1.Jul
2024-01-16T00:00:00.000Z;1.Jul
2024-01-17T00:00:00.000Z;0.762
2024-01-18T00:00:00.000Z;0.533
2024-01-19T00:00:00.000Z;0.474
2024-01-20T00:00:00.000Z;0.417
2024-01-21T00:00:00.000Z;0.347
2024-01-22T00:00:00.000Z;0.315
2024-01-23T00:00:00.000Z;0.290
2024-01-24T00:00:00.000Z;0.271
2024-01-25T00:00:00.000Z;0.257
2024-01-26T00:00:00.000Z;0.243
2024-01-27T00:00:00.000Z;0.230
2024-01-28T00:00:00.000Z;0.223
2024-01-29T00:00:00.000Z;0.213
2024-01-30T00:00:00.000Z;0.204
2024-01-31T00:00:00.000Z;0.194
2024-02-01T00:00:00.000Z;0.186
2024-02-02T00:00:00.000Z;0.180
2024-02-03T00:00:00.000Z;0.175
2024-02-04T00:00:00.000Z;0.171
2024-02-05T00:00:00.000Z;0.167
2024-02-06T00:00:00.000Z;0.164
2024-02-07T00:00:00.000Z;0.162
2024-02-08T00:00:00.000Z;0.161
2024-02-09T00:00:00.000Z;0.163
2024-02-10T00:00:00.000Z;0.188
2024-02-11T00:00:00.000Z;0.209
2024-02-12T00:00:00.000Z;0.205
2024-02-13T00:00:00.000Z;0.192
2024-02-14T00:00:00.000Z;0.183
2024-02-15T00:00:00.000Z;0.181
2024-02-16T00:00:00.000Z;0.633
2024-02-17T00:00:00.000Z;Jan.89
2024-02-18T00:00:00.000Z;1.May
2024-02-19T00:00:00.000Z;0.568
2024-02-20T00:00:00.000Z;0.484
2024-02-21T00:00:00.000Z;0.401
2024-02-22T00:00:00.000Z;0.361
2024-02-23T00:00:00.000Z;0.484
2024-02-24T00:00:00.000Z;0.494
2024-02-25T00:00:00.000Z;0.480
2024-02-26T00:00:00.000Z;Jan.13
2024-02-27T00:00:00.000Z;Feb.38
2024-02-28T00:00:00.000Z;3.Jun
2024-02-29T00:00:00.000Z;Jan.65
2024-03-01T00:00:00.000Z;Feb.65
2024-03-02T00:00:00.000Z;Jan.84
2024-03-03T00:00:00.000Z;Jan.46
2024-03-04T00:00:00.000Z;Jan.16
2024-03-05T00:00:00.000Z;Jan.22
2024-03-06T00:00:00.000Z;Jan.17
2024-03-07T00:00:00.000Z;1.Feb
2024-03-08T00:00:00.000Z;0.930
2024-03-09T00:00:00.000Z;0.855
2024-03-10T00:00:00.000Z;0.692
2024-03-11T00:00:00.000Z;0.634
2024-03-12T00:00:00.000Z;0.826
2024-03-13T00:00:00.000Z;0.699
2024-03-14T00:00:00.000Z;0.571
2024-03-15T00:00:00.000Z;0.512
2024-03-16T00:00:00.000Z;0.427
2024-03-17T00:00:00.000Z;0.358
2024-03-18T00:00:00.000Z;0.329
2024-03-19T00:00:00.000Z;0.301
2024-03-20T00:00:00.000Z;0.287
2024-03-21T00:00:00.000Z;0.266
2024-03-22T00:00:00.000Z;0.253
2024-03-23T00:00:00.000Z;0.244
2024-03-24T00:00:00.000Z;0.240
2024-03-25T00:00:00.000Z;0.240
2024-03-26T00:00:00.000Z;0.253
2024-03-27T00:00:00.000Z;0.285
2024-03-28T00:00:00.000Z;0.336
2024-03-29T00:00:00.000Z;0.301
2024-03-30T00:00:00.000Z;0.318
2024-03-31T00:00:00.000Z;0.301
2024-04-01T00:00:00.000Z;0.253
2024-04-02T00:00:00.000Z;0.234
2024-04-03T00:00:00.000Z;0.224
2024-04-04T00:00:00.000Z;0.215
2024-04-05T00:00:00.000Z;0.208
2024-04-06T00:00:00.000Z;0.200
2024-04-07T00:00:00.000Z;0.193
2024-04-08T00:00:00.000Z;0.188
2024-04-09T00:00:00.000Z;0.203
2024-04-10T00:00:00.000Z;0.225
2024-04-11T00:00:00.000Z;0.212
2024-04-12T00:00:00.000Z;0.199
2024-04-13T00:00:00.000Z;0.192
2024-04-14T00:00:00.000Z;0.185
2024-04-15T00:00:00.000Z;0.179
2024-04-16T00:00:00.000Z;0.175
2024-04-17T00:00:00.000Z;0.186
2024-04-18T00:00:00.000Z;0.198
2024-04-19T00:00:00.000Z;0.188
2024-04-20T00:00:00.000Z;0.182
2024-04-21T00:00:00.000Z;0.174
2024-04-22T00:00:00.000Z;0.167
2024-04-23T00:00:00.000Z;0.161
2024-04-24T00:00:00.000Z;0.157
2024-04-25T00:00:00.000Z;0.154
2024-04-26T00:00:00.000Z;0.157
2024-04-27T00:00:00.000Z;0.154
2024-04-28T00:00:00.000Z;0.148
2024-04-29T00:00:00.000Z;0.243
2024-04-30T00:00:00.000Z;0.499
2024-05-01T00:00:00.000Z;0.365
2024-05-02T00:00:00.000Z;0.714
2024-05-03T00:00:00.000Z;0.495
2024-05-04T00:00:00.000Z;0.308
2024-05-05T00:00:00.000Z;0.252
2024-05-06T00:00:00.000Z;0.332
2024-05-07T00:00:00.000Z;0.401
2024-05-08T00:00:00.000Z;0.985
2024-05-09T00:00:00.000Z;0.666
2024-05-10T00:00:00.000Z;0.424
2024-05-11T00:00:00.000Z;0.311
2024-05-12T00:00:00.000Z;0.271
2024-05-13T00:00:00.000Z;0.248
2024-05-14T00:00:00.000Z;0.330
2024-05-15T00:00:00.000Z;0.514
2024-05-16T00:00:00.000Z;0.582
2024-05-17T00:00:00.000Z;0.458
2024-05-18T00:00:00.000Z;0.335
2024-05-19T00:00:00.000Z;0.288
2024-05-20T00:00:00.000Z;0.285
2024-05-21T00:00:00.000Z;0.276
2024-05-22T00:00:00.000Z;0.263
2024-05-23T00:00:00.000Z;0.322
2024-05-24T00:00:00.000Z;0.320
2024-05-25T00:00:00.000Z;0.289
2024-05-26T00:00:00.000Z;0.251
2024-05-27T00:00:00.000Z;0.236
2024-05-28T00:00:00.000Z;0.260
2024-05-29T00:00:00.000Z;0.228
2024-05-30T00:00:00.000Z;0.215
2024-05-31T00:00:00.000Z;0.215
2024-06-01T00:00:00.000Z;0.209
2024-06-02T00:00:00.000Z;0.248
2024-06-03T00:00:00.000Z;0.253
2024-06-04T00:00:00.000Z;0.228
2024-06-05T00:00:00.000Z;0.212
2024-06-06T00:00:00.000Z;0.196
2024-06-07T00:00:00.000Z;0.183
2024-06-08T00:00:00.000Z;0.174
2024-06-09T00:00:00.000Z;0.299
2024-06-10T00:00:00.000Z;0.422
2024-06-11T00:00:00.000Z;0.289
2024-06-12T00:00:00.000Z;0.767
2024-06-13T00:00:00.000Z;0.569
2024-06-14T00:00:00.000Z;0.311
2024-06-15T00:00:00.000Z;0.358
2024-06-16T00:00:00.000Z;0.370
2024-06-17T00:00:00.000Z;0.259
2024-06-18T00:00:00.000Z;0.229
2024-06-19T00:00:00.000Z;0.210
2024-06-20T00:00:00.000Z;0.314
2024-06-21T00:00:00.000Z;0.869
2024-06-22T00:00:00.000Z;0.458
2024-06-23T00:00:00.000Z;0.298
2024-06-24T00:00:00.000Z;0.257
2024-06-25T00:00:00.000Z;0.236
2024-06-26T00:00:00.000Z;0.218
2024-06-27T00:00:00.000Z;0.201
2024-06-28T00:00:00.000Z;0.188
2024-06-29T00:00:00.000Z;0.197
2024-06-30T00:00:00.000Z;0.224
2024-07-01T00:00:00.000Z;0.319
2024-07-02T00:00:00.000Z;0.356
2024-07-03T00:00:00.000Z;0.266
2024-07-04T00:00:00.000Z;0.222
2024-07-05T00:00:00.000Z;0.198
2024-07-06T00:00:00.000Z;0.224
2024-07-07T00:00:00.000Z;0.553
2024-07-08T00:00:00.000Z;0.343
2024-07-09T00:00:00.000Z;0.243
2024-07-10T00:00:00.000Z;0.214
2024-07-11T00:00:00.000Z;0.192
2024-07-12T00:00:00.000Z;0.178
2024-07-13T00:00:00.000Z;0.190
2024-07-14T00:00:00.000Z;0.189
2024-07-15T00:00:00.000Z;0.170
2024-07-16T00:00:00.000Z;0.157
2024-07-17T00:00:00.000Z;0.151
2024-07-18T00:00:00.000Z;0.145
2024-07-19T00:00:00.000Z;0.138
2024-07-20T00:00:00.000Z;0.133
2024-07-21T00:00:00.000Z;0.520
2024-07-22T00:00:00.000Z;0.340
2024-07-23T00:00:00.000Z;0.206
2024-07-24T00:00:00.000Z;0.178
2024-07-25T00:00:00.000Z;0.162
2024-07-26T00:00:00.000Z;0.153
2024-07-27T00:00:00.000Z;0.145
2024-07-28T00:00:00.000Z;0.138
2024-07-29T00:00:00.000Z;0.131
2024-07-30T00:00:00.000Z;0.126
2024-07-31T00:00:00.000Z;0.123
2024-08-01T00:00:00.000Z;0.119
2024-08-02T00:00:00.000Z;0.116
2024-08-03T00:00:00.000Z;0.115
2024-08-04T00:00:00.000Z;0.113
2024-08-05T00:00:00.000Z;0.110
2024-08-06T00:00:00.000Z;0.106
2024-08-07T00:00:00.000Z;0.105
2024-08-08T00:00:00.000Z;0.105
2024-08-09T00:00:00.000Z;0.102
2024-08-10T00:00:00.000Z;0.0990
2024-08-11T00:00:00.000Z;0.0980
2024-08-12T00:00:00.000Z;0.0960
2024-08-13T00:00:00.000Z;0.0950
2024-08-14T00:00:00.000Z;0.251
2024-08-15T00:00:00.000Z;0.782
2024-08-16T00:00:00.000Z;0.319
2024-08-17T00:00:00.000Z;0.191
2024-08-18T00:00:00.000Z;0.170
2024-08-19T00:00:00.000Z;0.205
2024-08-20T00:00:00.000Z;0.166
2024-08-21T00:00:00.000Z;0.145
2024-08-22T00:00:00.000Z;0.134
2024-08-23T00:00:00.000Z;0.126
2024-08-24T00:00:00.000Z;0.120
2024-08-25T00:00:00.000Z;0.132
2024-08-26T00:00:00.000Z;0.131
2024-08-27T00:00:00.000Z;0.120
2024-08-28T00:00:00.000Z;0.113
2024-08-29T00:00:00.000Z;0.108
2024-08-30T00:00:00.000Z;0.106
2024-08-31T00:00:00.000Z;0.103
2024-09-01T00:00:00.000Z;0.101
2024-09-02T00:00:00.000Z;0.103
2024-09-03T00:00:00.000Z;0.196
2024-09-04T00:00:00.000Z;0.960
2024-09-05T00:00:00.000Z;Jan.51
2024-09-06T00:00:00.000Z;0.713
2024-09-07T00:00:00.000Z;0.309
2024-09-08T00:00:00.000Z;0.252
2024-09-09T00:00:00.000Z;0.275
2024-09-10T00:00:00.000Z;0.224
2024-09-11T00:00:00.000Z;0.208
2024-09-12T00:00:00.000Z;0.686
2024-09-13T00:00:00.000Z;0.755
2024-09-14T00:00:00.000Z;0.354
2024-09-15T00:00:00.000Z;0.242
2024-09-16T00:00:00.000Z;0.215
2024-09-17T00:00:00.000Z;0.194
2024-09-18T00:00:00.000Z;0.177
2024-09-19T00:00:00.000Z;0.166
2024-09-20T00:00:00.000Z;0.157
2024-09-21T00:00:00.000Z;0.150
2024-09-22T00:00:00.000Z;0.144
2024-09-23T00:00:00.000Z;0.143
2024-09-24T00:00:00.000Z;0.137
2024-09-25T00:00:00.000Z;0.131
2024-09-26T00:00:00.000Z;0.128
2024-09-27T00:00:00.000Z;0.125
2024-09-28T00:00:00.000Z;0.134
2024-09-29T00:00:00.000Z;0.122
2024-09-30T00:00:00.000Z;0.114
2024-10-01T00:00:00.000Z;0.110
2024-10-02T00:00:00.000Z;0.114
2024-10-03T00:00:00.000Z;0.318
2024-10-04T00:00:00.000Z;0.203
2024-10-05T00:00:00.000Z;0.162
2024-10-06T00:00:00.000Z;0.142
2024-10-07T00:00:00.000Z;0.131
2024-10-08T00:00:00.000Z;0.124
2024-10-09T00:00:00.000Z;0.121
2024-10-10T00:00:00.000Z;0.167
2024-10-11T00:00:00.000Z;0.159
2024-10-12T00:00:00.000Z;0.141
2024-10-13T00:00:00.000Z;0.129
2024-10-14T00:00:00.000Z;0.120
2024-10-15T00:00:00.000Z;0.113
2024-10-16T00:00:00.000Z;0.111
2024-10-17T00:00:00.000Z;0.128
2024-10-18T00:00:00.000Z;Jan.40
2024-10-19T00:00:00.000Z;1.Jan
2024-10-20T00:00:00.000Z;0.481
2024-10-21T00:00:00.000Z;0.289
2024-10-22T00:00:00.000Z;0.321
2024-10-23T00:00:00.000Z;0.292
2024-10-24T00:00:00.000Z;0.244
2024-10-25T00:00:00.000Z;0.221
2024-10-26T00:00:00.000Z;0.278
2024-10-27T00:00:00.000Z;0.498
2024-10-28T00:00:00.000Z;0.327
2024-10-29T00:00:00.000Z;0.248
2024-10-30T00:00:00.000Z;0.226
2024-10-31T00:00:00.000Z;0.207
2024-11-01T00:00:00.000Z;0.189
2024-11-02T00:00:00.000Z;0.176
2024-11-03T00:00:00.000Z;0.166
2024-11-04T00:00:00.000Z;0.157
2024-11-05T00:00:00.000Z;0.150
2024-11-06T00:00:00.000Z;0.143
2024-11-07T00:00:00.000Z;0.137
2024-11-08T00:00:00.000Z;0.133
2024-11-09T00:00:00.000Z;0.130
2024-11-10T00:00:00.000Z;0.126
2024-11-11T00:00:00.000Z;0.123
2024-11-12T00:00:00.000Z;0.133
2024-11-13T00:00:00.000Z;0.159
2024-11-14T00:00:00.000Z;0.147
2024-11-15T00:00:00.000Z;0.140
2024-11-16T00:00:00.000Z;0.133
2024-11-17T00:00:00.000Z;0.127
2024-11-18T00:00:00.000Z;0.121
2024-11-19T00:00:00.000Z;0.118
2024-11-20T00:00:00.000Z;0.705
2024-11-21T00:00:00.000Z;Feb.29
2024-11-22T00:00:00.000Z;Feb.14
2024-11-23T00:00:00.000Z;Jan.18
2024-11-24T00:00:00.000Z;0.627
2024-11-25T00:00:00.000Z;0.428
2024-11-26T00:00:00.000Z;0.409
2024-11-27T00:00:00.000Z;0.338
2024-11-28T00:00:00.000Z;0.285
2024-11-29T00:00:00.000Z;0.265
2024-11-30T00:00:00.000Z;0.241
2024-12-01T00:00:00.000Z;0.224
2024-12-02T00:00:00.000Z;0.212
2024-12-03T00:00:00.000Z;0.416
2024-12-04T00:00:00.000Z;0.525
2024-12-05T00:00:00.000Z;0.473
2024-12-06T00:00:00.000Z;0.664
2024-12-07T00:00:00.000Z;Jan.44
2024-12-08T00:00:00.000Z;Mar.26
2024-12-09T00:00:00.000Z;Mar.21
2024-12-10T00:00:00.000Z;Jan.86
2024-12-11T00:00:00.000Z;0.986
2024-12-12T00:00:00.000Z;0.733
2024-12-13T00:00:00.000Z;0.721
2024-12-14T00:00:00.000Z;0.784
2024-12-15T00:00:00.000Z;Jan.14
2024-12-16T00:00:00.000Z;Jan.14
2024-12-17T00:00:00.000Z;Jan.21
2024-12-18T00:00:00.000Z;Jan.54
2024-12-19T00:00:00.000Z;Jan.91
2024-12-20T00:00:00.000Z;Feb.25
2024-12-21T00:00:00.000Z;Jan.40
2024-12-22T00:00:00.000Z;Jan.42
2024-12-23T00:00:00.000Z;Mar.66
2024-12-24T00:00:00.000Z;2.00
2024-12-25T00:00:00.000Z;Jan.84
2024-12-26T00:00:00.000Z;Jan.30
2024-12-27T00:00:00.000Z;0.868
2024-12-28T00:00:00.000Z;0.653
2024-12-29T00:00:00.000Z;0.541
2024-12-30T00:00:00.000Z;0.487
2024-12-31T00:00:00.000Z;0.417
2025-01-01T00:00:00.000Z;0.371
2025-01-02T00:00:00.000Z;0.343
2025-01-03T00:00:00.000Z;0.325
2025-01-04T00:00:00.000Z;0.355
2025-01-05T00:00:00.000Z;0.374
2025-01-06T00:00:00.000Z;0.379
2025-01-07T00:00:00.000Z;0.578
2025-01-08T00:00:00.000Z;0.525
2025-01-09T00:00:00.000Z;0.441
2025-01-10T00:00:00.000Z;0.359
2025-01-11T00:00:00.000Z;Jan.78
2025-01-12T00:00:00.000Z;Jan.94
2025-01-13T00:00:00.000Z;1.Dec
2025-01-14T00:00:00.000Z;0.673
2025-01-15T00:00:00.000Z;0.528
2025-01-16T00:00:00.000Z;0.460
2025-01-17T00:00:00.000Z;0.381
2025-01-18T00:00:00.000Z;0.351
2025-01-19T00:00:00.000Z;0.331
2025-01-20T00:00:00.000Z;0.311
2025-01-21T00:00:00.000Z;0.289
2025-01-22T00:00:00.000Z;0.276
2025-01-23T00:00:00.000Z;0.294
2025-01-24T00:00:00.000Z;0.289
2025-01-25T00:00:00.000Z;0.272
2025-01-26T00:00:00.000Z;0.304
2025-01-27T00:00:00.000Z;0.301
2025-01-28T00:00:00.000Z;0.330
2025-01-29T00:00:00.000Z;0.365
2025-01-30T00:00:00.000Z;0.361
2025-01-31T00:00:00.000Z;Jan.14
2025-02-01T00:00:00.000Z;Jan.16
2025-02-02T00:00:00.000Z;0.693
2025-02-03T00:00:00.000Z;0.527
2025-02-04T00:00:00.000Z;0.457
2025-02-05T00:00:00.000Z;0.358
2025-02-06T00:00:00.000Z;0.329
2025-02-07T00:00:00.000Z;0.315
2025-02-08T00:00:00.000Z;0.291
2025-02-09T00:00:00.000Z;0.283
2025-02-10T00:00:00.000Z;0.463
2025-02-11T00:00:00.000Z;0.476
2025-02-12T00:00:00.000Z;0.419
2025-02-13T00:00:00.000Z;Jan.38
2025-02-14T00:00:00.000Z;0.906
2025-02-15T00:00:00.000Z;0.557
2025-02-16T00:00:00.000Z;0.459
2025-02-17T00:00:00.000Z;0.370
2025-02-18T00:00:00.000Z;0.337
2025-02-19T00:00:00.000Z;0.299
2025-02-20T00:00:00.000Z;0.279
2025-02-21T00:00:00.000Z;0.265
2025-02-22T00:00:00.000Z;0.255
2025-02-23T00:00:00.000Z;0.255
2025-02-24T00:00:00.000Z;0.245
2025-02-25T00:00:00.000Z;0.237
2025-02-26T00:00:00.000Z;0.228
2025-02-27T00:00:00.000Z;0.220
2025-02-28T00:00:00.000Z;0.214
2025-03-01T00:00:00.000Z;0.208
2025-03-02T00:00:00.000Z;0.200
2025-03-03T00:00:00.000Z;0.194
2025-03-04T00:00:00.000Z;0.189
2025-03-05T00:00:00.000Z;0.183
2025-03-06T00:00:00.000Z;0.179
2025-03-07T00:00:00.000Z;0.175
2025-03-08T00:00:00.000Z;0.174
2025-03-09T00:00:00.000Z;0.175
2025-03-10T00:00:00.000Z;0.174
2025-03-11T00:00:00.000Z;0.174
2025-03-12T00:00:00.000Z;0.170
2025-03-13T00:00:00.000Z;0.181
2025-03-14T00:00:00.000Z;0.269
2025-03-15T00:00:00.000Z;0.287
2025-03-16T00:00:00.000Z;0.278
2025-03-17T00:00:00.000Z;0.288
2025-03-18T00:00:00.000Z;0.364
2025-03-19T00:00:00.000Z;0.353
2025-03-20T00:00:00.000Z;0.293
2025-03-21T00:00:00.000Z;0.264
2025-03-22T00:00:00.000Z;0.261
2025-03-23T00:00:00.000Z;0.268
2025-03-24T00:00:00.000Z;0.480
2025-03-25T00:00:00.000Z;1.May
2025-03-26T00:00:00.000Z;Jan.74
2025-03-27T00:00:00.000Z;1.Dec
2025-03-28T00:00:00.000Z;0.655
2025-03-29T00:00:00.000Z;0.506
2025-03-30T00:00:00.000Z;0.459
2025-03-31T00:00:00.000Z;0.435
2025-04-02T00:00:00.000Z;0.349
2025-04-03T00:00:00.000Z;0.298
2025-04-04T00:00:00.000Z;0.281
2025-04-05T00:00:00.000Z;0.263
2025-04-06T00:00:00.000Z;0.242
2025-04-07T00:00:00.000Z;0.228
2025-04-08T00:00:00.000Z;0.214
2025-04-09T00:00:00.000Z;0.206
2025-04-10T00:00:00.000Z;0.198
2025-04-11T00:00:00.000Z;0.191
2025-04-12T00:00:00.000Z;0.187
2025-04-13T00:00:00.000Z;0.185
2025-04-14T00:00:00.000Z;0.208
2025-04-15T00:00:00.000Z;0.232
2025-04-16T00:00:00.000Z;0.775
2025-04-17T00:00:00.000Z;0.967
2025-04-18T00:00:00.000Z;0.694
2025-04-19T00:00:00.000Z;0.502
2025-04-20T00:00:00.000Z;0.421
2025-04-21T00:00:00.000Z;0.337
2025-04-22T00:00:00.000Z;0.326
2025-04-23T00:00:00.000Z;0.432
2025-04-24T00:00:00.000Z;0.359
2025-04-25T00:00:00.000Z;0.304
2025-04-26T00:00:00.000Z;0.377
2025-04-27T00:00:00.000Z;Jan.27
2025-04-28T00:00:00.000Z;0.880
2025-04-29T00:00:00.000Z;0.573
2025-04-30T00:00:00.000Z;0.466
2025-05-01T00:00:00.000Z;0.366
2025-05-02T00:00:00.000Z;0.313
2025-05-03T00:00:00.000Z;0.287
2025-05-04T00:00:00.000Z;0.275
2025-05-05T00:00:00.000Z;0.543
2025-05-06T00:00:00.000Z;0.846
2025-05-07T00:00:00.000Z;0.593
2025-05-08T00:00:00.000Z;0.443
2025-05-09T00:00:00.000Z;0.351
2025-05-10T00:00:00.000Z;0.309
2025-05-11T00:00:00.000Z;0.279
2025-05-12T00:00:00.000Z;0.265
2025-05-13T00:00:00.000Z;0.248
2025-05-14T00:00:00.000Z;0.233
2025-05-15T00:00:00.000Z;0.222
2025-05-16T00:00:00.000Z;0.212
2025-05-17T00:00:00.000Z;0.202
2025-05-18T00:00:00.000Z;0.195
2025-05-19T00:00:00.000Z;0.191
2025-05-20T00:00:00.000Z;0.372
2025-05-21T00:00:00.000Z;0.313
2025-05-22T00:00:00.000Z;0.345
2025-05-23T00:00:00.000Z;0.361
2025-05-24T00:00:00.000Z;0.285
2025-05-25T00:00:00.000Z;0.258
2025-05-26T00:00:00.000Z;0.234
2025-05-27T00:00:00.000Z;0.216
2025-05-28T00:00:00.000Z;0.202
2025-05-29T00:00:00.000Z;0.191
2025-05-30T00:00:00.000Z;0.182
2025-05-31T00:00:00.000Z;0.174
2025-06-01T00:00:00.000Z;0.166
2025-06-02T00:00:00.000Z;0.179
2025-06-03T00:00:00.000Z;0.205
2025-06-04T00:00:00.000Z;0.777
2025-06-05T00:00:00.000Z;0.665
2025-06-06T00:00:00.000Z;0.320
2025-06-07T00:00:00.000Z;0.249
2025-06-08T00:00:00.000Z;0.241
2025-06-09T00:00:00.000Z;0.221
2025-06-10T00:00:00.000Z;0.206
2025-06-11T00:00:00.000Z;0.191
2025-06-12T00:00:00.000Z;0.181
2025-06-13T00:00:00.000Z;0.167
2025-06-14T00:00:00.000Z;0.156
2025-06-15T00:00:00.000Z;0.152
2025-06-16T00:00:00.000Z;0.149
2025-06-17T00:00:00.000Z;0.142
2025-06-18T00:00:00.000Z;0.136
2025-06-19T00:00:00.000Z;0.132
2025-06-20T00:00:00.000Z;0.127
2025-06-21T00:00:00.000Z;0.123
2025-06-22T00:00:00.000Z;0.120
2025-06-23T00:00:00.000Z;0.118
2025-06-24T00:00:00.000Z;0.115
2025-06-25T00:00:00.000Z;0.113
2025-06-26T00:00:00.000Z;0.110
2025-06-27T00:00:00.000Z;0.108
2025-06-28T00:00:00.000Z;0.105
2025-06-29T00:00:00.000Z;0.103
2025-06-30T00:00:00.000Z;0.102
2025-07-01T00:00:00.000Z;0.100
2025-07-02T00:00:00.000Z;0.0980
2025-07-03T00:00:00.000Z;0.0970
2025-07-04T00:00:00.000Z;0.0960
2025-07-05T00:00:00.000Z;0.0950
2025-07-06T00:00:00.000Z;0.0950
2025-07-07T00:00:00.000Z;0.0940
2025-07-08T00:00:00.000Z;0.0930
2025-07-09T00:00:00.000Z;0.0900
2025-07-10T00:00:00.000Z;0.0880
2025-07-11T00:00:00.000Z;0.0870
2025-07-12T00:00:00.000Z;0.0860
2025-07-13T00:00:00.000Z;0.0860
2025-07-14T00:00:00.000Z;0.0850
2025-07-15T00:00:00.000Z;0.0830
2025-07-16T00:00:00.000Z;0.0840
2025-07-17T00:00:00.000Z;0.0830
2025-07-18T00:00:00.000Z;0.0820
2025-07-19T00:00:00.000Z;0.0810
2025-07-20T00:00:00.000Z;0.0820
2025-07-21T00:00:00.000Z;0.0850
2025-07-22T00:00:00.000Z;0.0820
2025-07-23T00:00:00.000Z;0.0790
2025-07-24T00:00:00.000Z;0.0790
2025-07-25T00:00:00.000Z;0.0810
2025-07-26T00:00:00.000Z;0.0780
2025-07-27T00:00:00.000Z;0.0750
2025-07-28T00:00:00.000Z;0.111
2025-07-29T00:00:00.000Z;0.121
2025-07-30T00:00:00.000Z;0.0830
2025-07-31T00:00:00.000Z;0.0910
2025-08-01T00:00:00.000Z;0.104
2025-08-02T00:00:00.000Z;0.0850
2025-08-03T00:00:00.000Z;0.0790
2025-08-04T00:00:00.000Z;0.0750
2025-08-05T00:00:00.000Z;0.0710
2025-08-06T00:00:00.000Z;0.0700
2025-08-07T00:00:00.000Z;0.0690
2025-08-08T00:00:00.000Z;0.0680
2025-08-09T00:00:00.000Z;0.0660
2025-08-10T00:00:00.000Z;0.0650
2025-08-11T00:00:00.000Z;0.0640
2025-08-12T00:00:00.000Z;0.0640
2025-08-13T00:00:00.000Z;0.0630
2025-08-14T00:00:00.000Z;0.0690
2025-08-15T00:00:00.000Z;0.0650
2025-08-16T00:00:00.000Z;0.0630
2025-08-17T00:00:00.000Z;0.0620
2025-08-18T00:00:00.000Z;0.0620
2025-08-19T00:00:00.000Z;0.0620
2025-08-20T00:00:00.000Z;0.0690
2025-08-21T00:00:00.000Z;0.113
2025-08-22T00:00:00.000Z;0.187
2025-08-23T00:00:00.000Z;0.130
2025-08-24T00:00:00.000Z;0.0900
2025-08-25T00:00:00.000Z;0.0790
2025-08-26T00:00:00.000Z;0.0720
2025-08-27T00:00:00.000Z;0.0710
2025-08-28T00:00:00.000Z;0.0790
2025-08-29T00:00:00.000Z;0.0990
2025-08-30T00:00:00.000Z;0.0940
2025-08-31T00:00:00.000Z;0.0880
2025-09-01T00:00:00.000Z;0.291
2025-09-02T00:00:00.000Z;0.232
2025-09-03T00:00:00.000Z;0.151
2025-09-04T00:00:00.000Z;0.112
2025-09-05T00:00:00.000Z;0.123
2025-09-06T00:00:00.000Z;0.114
2025-09-07T00:00:00.000Z;0.0980
2025-09-08T00:00:00.000Z;0.0980
2025-09-09T00:00:00.000Z;0.606
2025-09-10T00:00:00.000Z;0.385
2025-09-11T00:00:00.000Z;0.489
2025-09-12T00:00:00.000Z;0.309
2025-09-13T00:00:00.000Z;0.191
2025-09-14T00:00:00.000Z;0.157
2025-09-15T00:00:00.000Z;0.135
2025-09-16T00:00:00.000Z;0.128
2025-09-17T00:00:00.000Z;0.135
2025-09-18T00:00:00.000Z;0.117
2025-09-19T00:00:00.000Z;0.107
2025-09-20T00:00:00.000Z;0.100
2025-09-21T00:00:00.000Z;0.101
2025-09-22T00:00:00.000Z;0.206
2025-09-23T00:00:00.000Z;0.196
2025-09-24T00:00:00.000Z;0.198
2025-09-25T00:00:00.000Z;0.166
2025-09-26T00:00:00.000Z;0.142
2025-09-27T00:00:00.000Z;0.126
2025-09-28T00:00:00.000Z;0.114
2025-09-29T00:00:00.000Z;0.106
2025-09-30T00:00:00.000Z;0.100
2025-10-01T00:00:00.000Z;0.0950
2025-10-02T00:00:00.000Z;0.0910
2025-10-03T00:00:00.000Z;0.0880
2025-10-04T00:00:00.000Z;0.0850
2025-10-05T00:00:00.000Z;0.106
2025-10-06T00:00:00.000Z;0.100
2025-10-07T00:00:00.000Z;0.0890
2025-10-08T00:00:00.000Z;0.0840
2025-10-09T00:00:00.000Z;0.0810
2025-10-10T00:00:00.000Z;0.0770
2025-10-11T00:00:00.000Z;0.0750
2025-10-12T00:00:00.000Z;0.0740
2025-10-13T00:00:00.000Z;0.0730
2025-10-14T00:00:00.000Z;0.0700
2025-10-15T00:00:00.000Z;0.0700
2025-10-16T00:00:00.000Z;0.0680
2025-10-17T00:00:00.000Z;0.0670
2025-10-18T00:00:00.000Z;0.0660
2025-10-19T00:00:00.000Z;0.0640
2025-10-20T00:00:00.000Z;0.0640
2025-10-21T00:00:00.000Z;0.0640
2025-10-22T00:00:00.000Z;0.0640
2025-10-23T00:00:00.000Z;0.0800
2025-10-24T00:00:00.000Z;0.0900
2025-10-25T00:00:00.000Z;0.0770
2025-10-26T00:00:00.000Z;0.0770
2025-10-27T00:00:00.000Z;0.101
2025-10-28T00:00:00.000Z;0.0890
2025-10-29T00:00:00.000Z;0.0820
2025-10-30T00:00:00.000Z;0.0780
2025-10-31T00:00:00.000Z;0.0790
2025-11-01T00:00:00.000Z;0.0760
2025-11-02T00:00:00.000Z;0.0740
2025-11-03T00:00:00.000Z;0.0790
2025-11-04T00:00:00.000Z;0.0750
2025-11-05T00:00:00.000Z;0.0730
2025-11-06T00:00:00.000Z;0.125
2025-11-07T00:00:00.000Z;0.505
2025-11-08T00:00:00.000Z;Jan.62
2025-11-09T00:00:00.000Z;Feb.30
2025-11-10T00:00:00.000Z;0.981
2025-11-11T00:00:00.000Z;0.373
2025-11-12T00:00:00.000Z;0.250
2025-11-13T00:00:00.000Z;0.213
2025-11-14T00:00:00.000Z;0.189
2025-11-15T00:00:00.000Z;0.170
2025-11-16T00:00:00.000Z;0.156
2025-11-17T00:00:00.000Z;0.145
2025-11-18T00:00:00.000Z;0.346
2025-11-19T00:00:00.000Z;0.260
2025-11-20T00:00:00.000Z;0.225
2025-11-21T00:00:00.000Z;0.221
2025-11-22T00:00:00.000Z;0.214
2025-11-23T00:00:00.000Z;0.733
2025-11-24T00:00:00.000Z;Jan.20
2025-11-25T00:00:00.000Z;Jan.93
2025-11-26T00:00:00.000Z;Jan.27
2025-11-27T00:00:00.000Z;0.638
2025-11-28T00:00:00.000Z;0.409
2025-11-29T00:00:00.000Z;0.314
2025-11-30T00:00:00.000Z;0.331
2025-12-01T00:00:00.000Z;0.402
2025-12-02T00:00:00.000Z;0.318
2025-12-03T00:00:00.000Z;0.264
2025-12-04T00:00:00.000Z;0.245
2025-12-05T00:00:00.000Z;0.341
2025-12-06T00:00:00.000Z;0.361
2025-12-07T00:00:00.000Z;0.299
2025-12-08T00:00:00.000Z;0.263
2025-12-09T00:00:00.000Z;0.237
2025-12-10T00:00:00.000Z;0.217
2025-12-11T00:00:00.000Z;0.197
2025-12-12T00:00:00.000Z;0.186
2025-12-13T00:00:00.000Z;0.172
2025-12-14T00:00:00.000Z;0.159
2025-12-15T00:00:00.000Z;0.156
2025-12-16T00:00:00.000Z;0.152
2025-12-17T00:00:00.000Z;0.142
2025-12-18T00:00:00.000Z;0.131
2025-12-19T00:00:00.000Z;0.127
2025-12-20T00:00:00.000Z;0.123
2025-12-21T00:00:00.000Z;0.120
2025-12-22T00:00:00.000Z;0.122
2025-12-23T00:00:00.000Z;0.121
2025-12-24T00:00:00.000Z;0.129
2025-12-25T00:00:00.000Z;0.133
2025-12-26T00:00:00.000Z;0.134
2025-12-27T00:00:00.000Z;0.147
2025-12-28T00:00:00.000Z;0.160
2025-12-29T00:00:00.000Z;0.148
2025-12-30T00:00:00.000Z;0.136
2025-12-31T00:00:00.000Z;0.128
2026-01-01T00:00:00.000Z;0.121
2026-01-02T00:00:00.000Z;0.118
2026-01-03T00:00:00.000Z;0.116
2026-01-04T00:00:00.000Z;0.112
2026-01-05T00:00:00.000Z;0.105
2026-01-06T00:00:00.000Z;0.100
2026-01-07T00:00:00.000Z;0.0950
2026-01-08T00:00:00.000Z;0.113
2026-01-09T00:00:00.000Z;0.275
2026-01-10T00:00:00.000Z;Jan.41
2026-01-11T00:00:00.000Z;0.982
2026-01-12T00:00:00.000Z;0.790
2026-01-13T00:00:00.000Z;1.Oct
2026-01-14T00:00:00.000Z;0.948
2026-01-15T00:00:00.000Z;0.580
2026-01-16T00:00:00.000Z;0.392
2026-01-17T00:00:00.000Z;0.292
2026-01-18T00:00:00.000Z;0.247
2026-01-19T00:00:00.000Z;0.222
2026-01-20T00:00:00.000Z;0.364
2026-01-21T00:00:00.000Z;0.609
2026-01-22T00:00:00.000Z;0.744
2026-01-23T00:00:00.000Z;0.869
2026-01-24T00:00:00.000Z;0.556
2026-01-25T00:00:00.000Z;Jan.14
2026-01-26T00:00:00.000Z;Mar.34
2026-01-27T00:00:00.000Z;Jan.81
2026-01-28T00:00:00.000Z;Jan.76
2026-01-29T00:00:00.000Z;Jan.20
2026-01-30T00:00:00.000Z;0.880
2026-01-31T00:00:00.000Z;Jan.36
2026-02-01T00:00:00.000Z;Feb.52
2026-02-02T00:00:00.000Z;Jan.50
2026-02-03T00:00:00.000Z;Jan.18
2026-02-04T00:00:00.000Z;0.797
2026-02-05T00:00:00.000Z;0.534
2026-02-06T00:00:00.000Z;0.433
2026-02-07T00:00:00.000Z;0.358
2026-02-08T00:00:00.000Z;0.311
2026-02-09T00:00:00.000Z;0.414
2026-02-10T00:00:00.000Z;Jan.55
2026-02-11T00:00:00.000Z;Mar.79
2026-02-12T00:00:00.000Z;Feb.67
2026-02-13T00:00:00.000Z;Jan.59
2026-02-14T00:00:00.000Z;May.30
2026-02-15T00:00:00.000Z;Apr.91
2026-02-16T00:00:00.000Z;Apr.87
2026-02-17T00:00:00.000Z;May.19
2026-02-18T00:00:00.000Z;Mar.34
2026-02-19T00:00:00.000Z;3.Aug
2026-02-20T00:00:00.000Z;Feb.25
2026-02-21T00:00:00.000Z;Jan.46
2026-02-22T00:00:00.000Z;0.999
2026-02-23T00:00:00.000Z;0.799
2026-02-24T00:00:00.000Z;0.681
2026-02-25T00:00:00.000Z;0.585
2026-02-26T00:00:00.000Z;0.540
2026-02-27T00:00:00.000Z;0.491
2026-02-28T00:00:00.000Z;0.449
2026-03-01T00:00:00.000Z;0.433
2026-03-02T00:00:00.000Z;0.405
2026-03-03T00:00:00.000Z;0.372
2026-03-04T00:00:00.000Z;0.348
2026-03-05T00:00:00.000Z;0.334
2026-03-06T00:00:00.000Z;0.319
2026-03-07T00:00:00.000Z;0.327
2026-03-08T00:00:00.000Z;0.325
2026-03-09T00:00:00.000Z;0.440
2026-03-10T00:00:00.000Z;0.598
2026-03-11T00:00:00.000Z;0.508
2026-03-12T00:00:00.000Z;0.405
2026-03-13T00:00:00.000Z;0.376
2026-03-14T00:00:00.000Z;0.668
2026-03-15T00:00:00.000Z;0.912
2026-03-16T00:00:00.000Z;0.782
2026-03-17T00:00:00.000Z;0.690
2026-03-18T00:00:00.000Z;0.584
2026-03-19T00:00:00.000Z;0.474
2026-03-20T00:00:00.000Z;0.385
2026-03-21T00:00:00.000Z;0.347
2026-03-22T00:00:00.000Z;0.318
2026-03-23T00:00:00.000Z;0.292
2026-03-24T00:00:00.000Z;0.270
2026-03-25T00:00:00.000Z;0.259
2026-03-26T00:00:00.000Z;0.250
2026-03-27T00:00:00.000Z;0.239
2026-03-28T00:00:00.000Z;0.236
2026-03-29T00:00:00.000Z;0.418
2026-03-30T00:00:00.000Z;0.355
2026-03-31T00:00:00.000Z;0.437
2026-04-01T00:00:00.000Z;Jan.57
2026-04-02T00:00:00.000Z;Feb.64
2026-04-03T00:00:00.000Z;Feb.29
2026-04-04T00:00:00.000Z;Jan.42
2026-04-05T00:00:00.000Z;0.867
2026-04-06T00:00:00.000Z;0.642
2026-04-07T00:00:00.000Z;0.573
2026-04-08T00:00:00.000Z;0.483
2026-04-09T00:00:00.000Z;0.421
2026-04-10T00:00:00.000Z;0.384
2026-04-11T00:00:00.000Z;0.355
2026-04-12T00:00:00.000Z;0.418
2026-04-13T00:00:00.000Z;0.419
2026-04-14T00:00:00.000Z;0.443
2026-04-15T00:00:00.000Z;0.350
2026-04-16T00:00:00.000Z;0.318
2026-04-17T00:00:00.000Z;0.297
2026-04-18T00:00:00.000Z;0.286
2026-04-19T00:00:00.000Z;0.271
2026-04-20T00:00:00.000Z;0.263
2026-04-21T00:00:00.000Z;0.252
2026-04-22T00:00:00.000Z;0.241
2026-04-23T00:00:00.000Z;0.227
2026-04-24T00:00:00.000Z;0.219
2026-04-25T00:00:00.000Z;0.212
2026-04-26T00:00:00.000Z;0.203
2026-04-27T00:00:00.000Z;0.198
2026-04-28T00:00:00.000Z;0.202
2026-04-29T00:00:00.000Z;0.200
2026-04-30T00:00:00.000Z;0.191
2026-05-01T00:00:00.000Z;0.183
2026-05-02T00:00:00.000Z;0.177
2026-05-03T00:00:00.000Z;0.172
2026-05-04T00:00:00.000Z;0.169
2026-05-05T00:00:00.000Z;0.178
2026-05-06T00:00:00.000Z;0.196
2026-05-07T00:00:00.000Z;0.178
2026-05-08T00:00:00.000Z;0.167
2026-05-09T00:00:00.000Z;0.161
2026-05-10T00:00:00.000Z;0.155
2026-05-11T00:00:00.000Z;0.150
2026-05-12T00:00:00.000Z;0.129
2026-05-13T00:00:00.000Z;0.118
2026-05-14T00:00:00.000Z;0.118
2026-05-15T00:00:00.000Z;0.118
2026-05-16T00:00:00.000Z;0.119
2026-05-17T00:00:00.000Z;0.118
2026-05-18T00:00:00.000Z;0.123
2026-05-19T00:00:00.000Z;0.120
2026-05-20T00:00:00.000Z;0.120
2026-05-21T00:00:00.000Z;0.119
2026-05-22T00:00:00.000Z;0.120
2026-05-23T00:00:00.000Z;0.117
2026-05-24T00:00:00.000Z;0.114
2026-05-25T00:00:00.000Z;0.113
2026-05-26T00:00:00.000Z;0.110
2026-05-27T00:00:00.000Z;0.109
2026-05-28T00:00:00.000Z;0.106
2026-05-29T00:00:00.000Z;0.104
2026-05-30T00:00:00.000Z;0.102
2026-05-31T00:00:00.000Z;0.102
2026-06-01T00:00:00.000Z;0.100
2026-06-02T00:00:00.000Z;0.0990
2026-06-03T00:00:00.000Z;0.0970
2026-06-04T00:00:00.000Z;0.0950
2026-06-05T00:00:00.000Z;0.0960
2026-06-06T00:00:00.000Z;0.0940
2026-06-07T00:00:00.000Z;0.0930
2026-06-08T00:00:00.000Z;0.0910
2026-06-09T00:00:00.000Z;0.0900
2026-06-10T00:00:00.000Z;0.0880
2026-06-11T00:00:00.000Z;0.0870
2026-06-12T00:00:00.000Z;0.0860
2026-06-13T00:00:00.000Z;0.0860
2026-06-14T00:00:00.000Z;0.0840
2026-06-15T00:00:00.000Z;0.0820
2026-06-16T00:00:00.000Z;0.0790
2026-06-17T00:00:00.000Z;0.0770
2026-06-18T00:00:00.000Z;0.0750
2026-06-19T00:00:00.000Z;0.0750
2026-06-20T00:00:00.000Z;0.0740
2026-06-21T00:00:00.000Z;0.0730
2026-06-22T00:00:00.000Z;0.0700
2026-06-23T00:00:00.000Z;0.0680
2026-06-24T00:00:00.000Z;0.0640
2026-06-25T00:00:00.000Z;0.0620
2026-06-26T00:00:00.000Z;0.0590
2026-06-27T00:00:00.000Z;0.0570
2026-06-28T00:00:00.000Z;0.0550
2026-06-29T00:00:00.000Z;0.0550
2026-06-30T00:00:00.000Z;0.0520
2026-07-01T00:00:00.000Z;0.0510
2026-07-02T00:00:00.000Z;0.0490
2026-07-03T00:00:00.000Z;0.0480
2026-07-04T00:00:00.000Z;0.0460
2026-07-05T00:00:00.000Z;0.0440
2026-07-06T00:00:00.000Z;0.0400
2026-07-07T00:00:00.000Z;0.0370
2026-07-08T00:00:00.000Z;0.0340
2026-07-09T00:00:00.000Z;0.0350
2026-07-10T00:00:00.000Z;0.0330
2026-07-11T00:00:00.000Z;0.0320