Region;Pyrenees
Country;France
#;5
Spring Name/Station Name;Font Maure
Literature;Bailly-Comte et al. 2018
Lat;42.843
Lon;2.203
Elev (m);317
Recharge Area (km2);
Start Date;27.03.2002
End Date;25.08.2026
Resolution;Daily
Data Source;S Beranger, V Bailly-Comte, JC Marechal & B Ladouche
Data License;CC BY 4.0
Contact For License;S Beranger, V Bailly-Comte, JC Marechal & B Ladouche
Spring ID;PYR_05_FR
Date;Discharge (L/s)
2002-03-27T00:00:00.000Z;0.0300
2002-03-28T00:00:00.000Z;0.0310
2002-03-29T00:00:00.000Z;0.0310
2002-03-30T00:00:00.000Z;0.0270
2002-03-31T00:00:00.000Z;0.0230
2002-04-01T00:00:00.000Z;0.0230
2002-04-02T00:00:00.000Z;0.0250
2002-04-03T00:00:00.000Z;0.0560
2002-04-04T00:00:00.000Z;0.507
2002-04-05T00:00:00.000Z;0.259
2002-04-06T00:00:00.000Z;0.177
2002-04-07T00:00:00.000Z;0.125
2002-04-08T00:00:00.000Z;0.100
2002-04-09T00:00:00.000Z;0.0860
2002-04-10T00:00:00.000Z;0.0790
2002-04-11T00:00:00.000Z;0.0790
2002-04-12T00:00:00.000Z;0.0880
2002-04-13T00:00:00.000Z;0.154
2002-04-14T00:00:00.000Z;0.144
2002-04-15T00:00:00.000Z;0.112
2002-04-16T00:00:00.000Z;0.0930
2002-04-17T00:00:00.000Z;0.0850
2002-04-18T00:00:00.000Z;0.0790
2002-04-19T00:00:00.000Z;0.0730
2002-04-20T00:00:00.000Z;0.0680
2002-04-21T00:00:00.000Z;0.0620
2002-04-22T00:00:00.000Z;0.0540
2002-04-23T00:00:00.000Z;0.0420
2002-04-24T00:00:00.000Z;0.0400
2002-04-25T00:00:00.000Z;0.0400
2002-04-26T00:00:00.000Z;0.0400
2002-04-27T00:00:00.000Z;0.0400
2002-04-28T00:00:00.000Z;0.0380
2002-04-29T00:00:00.000Z;0.0340
2002-04-30T00:00:00.000Z;0.0280
2002-05-01T00:00:00.000Z;0.0280
2002-05-02T00:00:00.000Z;0.0290
2002-05-03T00:00:00.000Z;0.205
2002-05-05T00:00:00.000Z;0.284
2002-05-06T00:00:00.000Z;0.196
2002-05-07T00:00:00.000Z;0.147
2002-05-08T00:00:00.000Z;0.121
2002-05-11T00:00:00.000Z;0.561
2002-05-12T00:00:00.000Z;0.332
2002-05-13T00:00:00.000Z;0.240
2002-05-14T00:00:00.000Z;0.183
2002-05-15T00:00:00.000Z;0.149
2002-05-16T00:00:00.000Z;0.122
2002-05-17T00:00:00.000Z;0.106
2002-05-18T00:00:00.000Z;0.113
2002-05-19T00:00:00.000Z;0.0960
2002-05-20T00:00:00.000Z;0.0860
2002-05-21T00:00:00.000Z;0.0790
2002-05-22T00:00:00.000Z;0.0730
2002-05-23T00:00:00.000Z;0.314
2002-05-24T00:00:00.000Z;0.216
2002-05-25T00:00:00.000Z;0.136
2002-05-26T00:00:00.000Z;0.105
2002-05-27T00:00:00.000Z;0.0950
2002-05-28T00:00:00.000Z;0.0860
2002-05-29T00:00:00.000Z;0.0750
2002-05-30T00:00:00.000Z;0.0640
2002-05-31T00:00:00.000Z;0.0600
2002-06-01T00:00:00.000Z;0.0560
2002-06-02T00:00:00.000Z;0.0530
2002-06-03T00:00:00.000Z;0.0500
2002-06-04T00:00:00.000Z;0.0530
2002-06-06T00:00:00.000Z;0.428
2002-06-07T00:00:00.000Z;0.246
2002-06-08T00:00:00.000Z;0.380
2002-06-09T00:00:00.000Z;0.331
2002-06-10T00:00:00.000Z;0.232
2002-06-11T00:00:00.000Z;0.175
2002-06-12T00:00:00.000Z;0.136
2002-06-13T00:00:00.000Z;0.107
2002-06-14T00:00:00.000Z;0.0910
2002-06-15T00:00:00.000Z;0.0800
2002-06-16T00:00:00.000Z;0.0710
2002-06-17T00:00:00.000Z;0.0660
2002-06-18T00:00:00.000Z;0.0620
2002-06-19T00:00:00.000Z;0.0580
2002-06-20T00:00:00.000Z;0.0530
2002-06-21T00:00:00.000Z;0.0460
2002-06-22T00:00:00.000Z;0.0340
2002-06-23T00:00:00.000Z;0.0310
2002-06-24T00:00:00.000Z;0.0280
2002-06-25T00:00:00.000Z;0.0260
2002-06-26T00:00:00.000Z;0.0230
2002-06-27T00:00:00.000Z;0.0200
2002-06-28T00:00:00.000Z;0.0180
2002-06-29T00:00:00.000Z;0.0160
2002-06-30T00:00:00.000Z;0.0140
2002-07-01T00:00:00.000Z;0.0130
2002-07-02T00:00:00.000Z;0.0130
2002-07-03T00:00:00.000Z;0.00800
2002-07-04T00:00:00.000Z;0.00400
2002-07-05T00:00:00.000Z;0.00200
2002-07-06T00:00:00.000Z;0.00100
2002-07-09T00:00:00.000Z;0.00700
2002-07-10T00:00:00.000Z;0.0300
2002-07-11T00:00:00.000Z;0.0120
2002-07-12T00:00:00.000Z;0.00500
2002-07-17T00:00:00.000Z;0.0250
2002-07-18T00:00:00.000Z;0.0210
2002-07-19T00:00:00.000Z;0.0100
2002-07-20T00:00:00.000Z;0.00500
2002-08-12T00:00:00.000Z;0.0100
2002-08-13T00:00:00.000Z;0.0120
2002-08-14T00:00:00.000Z;0.00500
2002-08-26T00:00:00.000Z;0.0130
2002-08-27T00:00:00.000Z;0.00900
2002-08-28T00:00:00.000Z;0.00500
2002-08-29T00:00:00.000Z;0.0150
2002-08-30T00:00:00.000Z;0.0300
2002-08-31T00:00:00.000Z;0.0200
2002-09-01T00:00:00.000Z;0.0210
2002-09-02T00:00:00.000Z;0.0170
2002-09-03T00:00:00.000Z;0.0110
2002-09-04T00:00:00.000Z;0.00500
2002-09-19T00:00:00.000Z;0.0220
2002-09-20T00:00:00.000Z;0.0260
2002-09-21T00:00:00.000Z;0.0400
2002-09-22T00:00:00.000Z;0.0860
2002-09-23T00:00:00.000Z;0.0660
2002-09-24T00:00:00.000Z;0.0570
2002-10-10T00:00:00.000Z;0.0460
2002-10-11T00:00:00.000Z;0.0750
2002-10-12T00:00:00.000Z;0.0690
2002-10-13T00:00:00.000Z;0.0650
2002-10-14T00:00:00.000Z;0.0400
2002-10-15T00:00:00.000Z;0.0200
2002-10-16T00:00:00.000Z;0.0140
2002-10-17T00:00:00.000Z;0.0250
2002-10-18T00:00:00.000Z;0.0480
2002-10-19T00:00:00.000Z;0.0320
2002-10-20T00:00:00.000Z;0.0240
2002-10-21T00:00:00.000Z;0.0190
2002-10-22T00:00:00.000Z;0.0200
2002-10-23T00:00:00.000Z;0.0290
2002-10-24T00:00:00.000Z;0.0320
2002-10-25T00:00:00.000Z;0.0290
2002-10-26T00:00:00.000Z;0.0200
2002-10-27T00:00:00.000Z;0.0140
2002-10-28T00:00:00.000Z;0.00900
2002-10-29T00:00:00.000Z;0.00600
2002-10-30T00:00:00.000Z;0.00500
2002-10-31T00:00:00.000Z;0.00500
2002-11-01T00:00:00.000Z;0.00500
2002-11-02T00:00:00.000Z;0.00500
2002-11-03T00:00:00.000Z;0.0300
2002-11-04T00:00:00.000Z;0.0710
2002-11-05T00:00:00.000Z;0.0450
2002-11-06T00:00:00.000Z;0.0400
2002-11-07T00:00:00.000Z;0.232
2002-11-08T00:00:00.000Z;0.368
2002-11-09T00:00:00.000Z;0.193
2002-11-10T00:00:00.000Z;0.250
2002-11-11T00:00:00.000Z;0.197
2002-11-12T00:00:00.000Z;0.143
2002-11-13T00:00:00.000Z;0.110
2002-11-14T00:00:00.000Z;0.0870
2002-11-15T00:00:00.000Z;0.0690
2002-11-16T00:00:00.000Z;0.0590
2002-11-17T00:00:00.000Z;0.0530
2002-11-18T00:00:00.000Z;0.0470
2002-11-19T00:00:00.000Z;0.0460
2002-11-20T00:00:00.000Z;0.0460
2002-11-21T00:00:00.000Z;0.0500
2002-11-22T00:00:00.000Z;0.0800
2002-11-23T00:00:00.000Z;0.0850
2002-11-24T00:00:00.000Z;0.0710
2002-11-25T00:00:00.000Z;0.0640
2002-11-26T00:00:00.000Z;0.0580
2002-11-27T00:00:00.000Z;0.0470
2002-11-28T00:00:00.000Z;0.0340
2002-11-29T00:00:00.000Z;0.0590
2002-11-30T00:00:00.000Z;0.118
2002-12-04T00:00:00.000Z;0.295
2002-12-05T00:00:00.000Z;0.511
2002-12-06T00:00:00.000Z;0.510
2002-12-07T00:00:00.000Z;0.466
2002-12-08T00:00:00.000Z;0.299
2002-12-09T00:00:00.000Z;0.227
2002-12-10T00:00:00.000Z;0.183
2002-12-11T00:00:00.000Z;0.143
2002-12-12T00:00:00.000Z;0.116
2002-12-13T00:00:00.000Z;0.0950
2002-12-14T00:00:00.000Z;0.0880
2002-12-15T00:00:00.000Z;0.0780
2002-12-16T00:00:00.000Z;0.0680
2002-12-17T00:00:00.000Z;0.0660
2002-12-18T00:00:00.000Z;0.0580
2002-12-19T00:00:00.000Z;0.0550
2002-12-20T00:00:00.000Z;0.0520
2002-12-21T00:00:00.000Z;0.0460
2002-12-22T00:00:00.000Z;0.0370
2002-12-23T00:00:00.000Z;0.0360
2002-12-24T00:00:00.000Z;0.0340
2002-12-25T00:00:00.000Z;0.0300
2002-12-26T00:00:00.000Z;0.0280
2002-12-27T00:00:00.000Z;0.0300
2002-12-28T00:00:00.000Z;0.0410
2002-12-29T00:00:00.000Z;0.121
2002-12-30T00:00:00.000Z;0.0950
2003-01-01T00:00:00.000Z;0.278
2003-01-02T00:00:00.000Z;0.194
2003-01-03T00:00:00.000Z;0.151
2003-01-04T00:00:00.000Z;0.125
2003-01-05T00:00:00.000Z;0.101
2003-01-06T00:00:00.000Z;0.124
2003-01-07T00:00:00.000Z;0.173
2003-01-08T00:00:00.000Z;0.208
2003-01-09T00:00:00.000Z;0.275
2003-01-10T00:00:00.000Z;0.218
2003-01-11T00:00:00.000Z;0.178
2003-01-12T00:00:00.000Z;0.147
2003-01-13T00:00:00.000Z;0.123
2003-01-14T00:00:00.000Z;0.108
2003-01-15T00:00:00.000Z;0.0970
2003-01-16T00:00:00.000Z;0.0880
2003-01-17T00:00:00.000Z;0.0870
2003-01-18T00:00:00.000Z;0.0880
2003-01-19T00:00:00.000Z;0.163
2003-01-20T00:00:00.000Z;0.256
2003-01-21T00:00:00.000Z;0.183
2003-01-22T00:00:00.000Z;0.141
2003-01-23T00:00:00.000Z;0.162
2003-01-24T00:00:00.000Z;0.142
2003-01-25T00:00:00.000Z;0.131
2003-01-27T00:00:00.000Z;0.518
2003-01-28T00:00:00.000Z;0.280
2003-01-29T00:00:00.000Z;0.336
2003-01-30T00:00:00.000Z;0.332
2003-01-31T00:00:00.000Z;0.271
2003-02-01T00:00:00.000Z;0.211
2003-02-02T00:00:00.000Z;0.273
2003-02-03T00:00:00.000Z;0.675
2003-02-06T00:00:00.000Z;0.415
2003-02-07T00:00:00.000Z;0.313
2003-02-08T00:00:00.000Z;0.254
2003-02-09T00:00:00.000Z;0.228
2003-02-10T00:00:00.000Z;0.320
2003-02-11T00:00:00.000Z;0.249
2003-02-12T00:00:00.000Z;0.257
2003-02-13T00:00:00.000Z;0.264
2003-02-14T00:00:00.000Z;0.215
2003-02-15T00:00:00.000Z;0.185
2003-02-16T00:00:00.000Z;0.159
2003-02-17T00:00:00.000Z;0.142
2003-02-18T00:00:00.000Z;0.123
2003-02-19T00:00:00.000Z;0.115
2003-02-20T00:00:00.000Z;0.102
2003-02-21T00:00:00.000Z;0.0930
2003-02-22T00:00:00.000Z;0.0940
2003-02-23T00:00:00.000Z;0.0960
2003-02-24T00:00:00.000Z;0.0980
2003-02-25T00:00:00.000Z;0.0960
2003-02-26T00:00:00.000Z;0.0890
2003-02-27T00:00:00.000Z;0.0900
2003-02-28T00:00:00.000Z;0.109
2003-03-01T00:00:00.000Z;0.108
2003-03-02T00:00:00.000Z;0.0980
2003-03-04T00:00:00.000Z;0.407
2003-03-05T00:00:00.000Z;0.245
2003-03-06T00:00:00.000Z;0.332
2003-03-07T00:00:00.000Z;0.268
2003-03-08T00:00:00.000Z;0.203
2003-03-09T00:00:00.000Z;0.166
2003-03-10T00:00:00.000Z;0.139
2003-03-11T00:00:00.000Z;0.118
2003-03-12T00:00:00.000Z;0.107
2003-03-13T00:00:00.000Z;0.0930
2003-03-14T00:00:00.000Z;0.0870
2003-03-15T00:00:00.000Z;0.0820
2003-03-16T00:00:00.000Z;0.0740
2003-03-17T00:00:00.000Z;0.0690
2003-03-18T00:00:00.000Z;0.0670
2003-03-19T00:00:00.000Z;0.0650
2003-03-20T00:00:00.000Z;0.0640
2003-03-21T00:00:00.000Z;0.0620
2003-03-22T00:00:00.000Z;0.0600
2003-03-23T00:00:00.000Z;0.0560
2003-03-24T00:00:00.000Z;0.0460
2003-03-25T00:00:00.000Z;0.0420
2003-03-26T00:00:00.000Z;0.0410
2003-03-27T00:00:00.000Z;0.0400
2003-03-28T00:00:00.000Z;0.0390
2003-03-29T00:00:00.000Z;0.0380
2003-03-30T00:00:00.000Z;0.0370
2003-03-31T00:00:00.000Z;0.0360
2003-04-01T00:00:00.000Z;0.0360
2003-04-02T00:00:00.000Z;0.0470
2003-04-03T00:00:00.000Z;0.149
2003-04-04T00:00:00.000Z;0.130
2003-04-05T00:00:00.000Z;0.0990
2003-04-06T00:00:00.000Z;0.0860
2003-04-07T00:00:00.000Z;0.0740
2003-04-08T00:00:00.000Z;0.0670
2003-04-09T00:00:00.000Z;0.0650
2003-04-10T00:00:00.000Z;0.125
2003-04-11T00:00:00.000Z;0.120
2003-04-12T00:00:00.000Z;0.0980
2003-04-13T00:00:00.000Z;0.0930
2003-04-14T00:00:00.000Z;0.0890
2003-04-15T00:00:00.000Z;0.0750
2003-04-16T00:00:00.000Z;0.0670
2003-04-17T00:00:00.000Z;0.0610
2003-04-18T00:00:00.000Z;0.0590
2003-04-19T00:00:00.000Z;0.0580
2003-04-20T00:00:00.000Z;0.131
2003-04-21T00:00:00.000Z;0.308
2003-04-22T00:00:00.000Z;0.181
2003-04-23T00:00:00.000Z;0.126
2003-04-24T00:00:00.000Z;0.0980
2003-04-25T00:00:00.000Z;0.0850
2003-04-26T00:00:00.000Z;0.0760
2003-04-27T00:00:00.000Z;0.0670
2003-04-28T00:00:00.000Z;0.0630
2003-04-29T00:00:00.000Z;0.0600
2003-04-30T00:00:00.000Z;0.0570
2003-05-01T00:00:00.000Z;0.0530
2003-05-02T00:00:00.000Z;0.0450
2003-05-03T00:00:00.000Z;0.0360
2003-05-04T00:00:00.000Z;0.0340
2003-05-05T00:00:00.000Z;0.0340
2003-05-06T00:00:00.000Z;0.226
2003-05-07T00:00:00.000Z;0.265
2003-05-08T00:00:00.000Z;0.211
2003-05-09T00:00:00.000Z;0.158
2003-05-10T00:00:00.000Z;0.126
2003-05-11T00:00:00.000Z;0.108
2003-05-12T00:00:00.000Z;0.0950
2003-05-13T00:00:00.000Z;0.0820
2003-05-14T00:00:00.000Z;0.0710
2003-05-15T00:00:00.000Z;0.0670
2003-05-16T00:00:00.000Z;0.0630
2003-05-17T00:00:00.000Z;0.0550
2003-05-18T00:00:00.000Z;0.0500
2003-05-19T00:00:00.000Z;0.0490
2003-05-20T00:00:00.000Z;0.0390
2003-05-21T00:00:00.000Z;0.0330
2003-05-22T00:00:00.000Z;0.0300
2003-05-23T00:00:00.000Z;0.0290
2003-05-24T00:00:00.000Z;0.0300
2003-05-25T00:00:00.000Z;0.0440
2003-05-26T00:00:00.000Z;0.0500
2003-05-27T00:00:00.000Z;0.0460
2003-05-28T00:00:00.000Z;0.0360
2003-05-29T00:00:00.000Z;0.0300
2003-05-30T00:00:00.000Z;0.0270
2003-05-31T00:00:00.000Z;0.0240
2003-06-01T00:00:00.000Z;0.0220
2003-06-02T00:00:00.000Z;0.0200
2003-06-03T00:00:00.000Z;0.0140
2003-06-04T00:00:00.000Z;0.0130
2003-06-05T00:00:00.000Z;0.00900
2003-06-06T00:00:00.000Z;0.00900
2003-06-07T00:00:00.000Z;0.00800
2003-06-08T00:00:00.000Z;0.00700
2003-06-17T00:00:00.000Z;0.0350
2003-06-18T00:00:00.000Z;0.00700
2003-08-15T00:00:00.000Z;0.0140
2003-08-16T00:00:00.000Z;0.0190
2003-08-17T00:00:00.000Z;0.00400
2003-08-18T00:00:00.000Z;0.00500
2003-08-19T00:00:00.000Z;0.00300
2003-08-20T00:00:00.000Z;0.00400
2003-08-21T00:00:00.000Z;0.00300
2003-08-22T00:00:00.000Z;0.00900
2003-08-23T00:00:00.000Z;0.0180
2003-08-24T00:00:00.000Z;0.0260
2003-08-25T00:00:00.000Z;0.0280
2003-08-26T00:00:00.000Z;0.0290
2003-08-27T00:00:00.000Z;0.0290
2003-08-28T00:00:00.000Z;0.0280
2003-08-29T00:00:00.000Z;0.0280
2003-08-30T00:00:00.000Z;0.0280
2003-08-31T00:00:00.000Z;0.0270
2003-09-01T00:00:00.000Z;0.0270
2003-09-02T00:00:00.000Z;0.0270
2003-09-03T00:00:00.000Z;0.0260
2003-09-04T00:00:00.000Z;0.0240
2003-09-05T00:00:00.000Z;0.0240
2003-09-06T00:00:00.000Z;0.0280
2003-09-07T00:00:00.000Z;0.0300
2003-09-08T00:00:00.000Z;0.0360
2003-09-09T00:00:00.000Z;0.0830
2003-09-10T00:00:00.000Z;0.0870
2003-09-29T00:00:00.000Z;0.210
2003-09-30T00:00:00.000Z;0.0740
2003-10-01T00:00:00.000Z;0.0450
2003-10-02T00:00:00.000Z;0.00600
2003-10-06T00:00:00.000Z;0.0640
2003-10-07T00:00:00.000Z;0.0540
2003-10-08T00:00:00.000Z;0.0190
2003-10-09T00:00:00.000Z;0.00700
2003-10-10T00:00:00.000Z;0.00400
2003-10-24T00:00:00.000Z;0.0360
2003-10-25T00:00:00.000Z;0.0740
2003-10-26T00:00:00.000Z;0.0620
2003-10-27T00:00:00.000Z;0.0380
2003-10-28T00:00:00.000Z;0.0190
2003-10-29T00:00:00.000Z;0.0130
2003-10-30T00:00:00.000Z;0.0420
2003-10-31T00:00:00.000Z;0.0540
2003-11-01T00:00:00.000Z;0.0520
2003-11-02T00:00:00.000Z;0.0450
2003-11-03T00:00:00.000Z;0.0430
2003-11-04T00:00:00.000Z;0.0340
2003-11-05T00:00:00.000Z;0.0280
2003-11-06T00:00:00.000Z;0.0230
2003-11-07T00:00:00.000Z;0.0200
2003-11-08T00:00:00.000Z;0.0200
2003-11-09T00:00:00.000Z;0.0190
2003-11-10T00:00:00.000Z;0.0200
2003-11-11T00:00:00.000Z;0.0180
2003-11-12T00:00:00.000Z;0.0160
2003-11-13T00:00:00.000Z;0.0140
2003-11-14T00:00:00.000Z;0.0200
2003-11-15T00:00:00.000Z;0.0260
2003-11-16T00:00:00.000Z;0.0320
2003-11-17T00:00:00.000Z;0.0990
2003-11-18T00:00:00.000Z;0.116
2003-11-19T00:00:00.000Z;0.105
2003-11-20T00:00:00.000Z;0.0830
2003-11-21T00:00:00.000Z;0.0590
2003-11-22T00:00:00.000Z;0.0500
2003-11-23T00:00:00.000Z;0.0460
2003-11-24T00:00:00.000Z;0.0430
2003-11-25T00:00:00.000Z;0.0390
2003-11-26T00:00:00.000Z;0.0380
2003-11-27T00:00:00.000Z;0.0810
2003-11-28T00:00:00.000Z;0.168
2003-11-29T00:00:00.000Z;0.107
2003-11-30T00:00:00.000Z;0.120
2003-12-01T00:00:00.000Z;0.427
2003-12-02T00:00:00.000Z;0.364
2003-12-03T00:00:00.000Z;0.233
2003-12-04T00:00:00.000Z;0.326
2003-12-05T00:00:00.000Z;0.214
2003-12-06T00:00:00.000Z;0.134
2003-12-07T00:00:00.000Z;0.0950
2003-12-08T00:00:00.000Z;0.0730
2003-12-09T00:00:00.000Z;0.0630
2003-12-10T00:00:00.000Z;0.0550
2003-12-11T00:00:00.000Z;0.0470
2003-12-12T00:00:00.000Z;0.0280
2003-12-13T00:00:00.000Z;0.0230
2003-12-14T00:00:00.000Z;0.0410
2003-12-15T00:00:00.000Z;0.155
2003-12-16T00:00:00.000Z;0.110
2003-12-17T00:00:00.000Z;0.0830
2003-12-18T00:00:00.000Z;0.0670
2003-12-19T00:00:00.000Z;0.0610
2003-12-20T00:00:00.000Z;0.0810
2003-12-21T00:00:00.000Z;0.0810
2003-12-22T00:00:00.000Z;0.163
2003-12-23T00:00:00.000Z;0.183
2003-12-24T00:00:00.000Z;0.233
2003-12-25T00:00:00.000Z;0.285
2003-12-26T00:00:00.000Z;0.183
2003-12-27T00:00:00.000Z;0.125
2003-12-28T00:00:00.000Z;0.103
2003-12-29T00:00:00.000Z;0.104
2003-12-31T00:00:00.000Z;0.563
2004-01-01T00:00:00.000Z;0.389
2004-01-03T00:00:00.000Z;0.405
2004-01-04T00:00:00.000Z;0.264
2004-01-05T00:00:00.000Z;0.198
2004-01-06T00:00:00.000Z;0.155
2004-01-07T00:00:00.000Z;0.122
2004-01-08T00:00:00.000Z;0.103
2004-01-09T00:00:00.000Z;0.0930
2004-01-10T00:00:00.000Z;0.114
2004-01-11T00:00:00.000Z;0.122
2004-01-12T00:00:00.000Z;0.111
2004-01-13T00:00:00.000Z;0.0990
2004-01-14T00:00:00.000Z;0.0950
2004-01-15T00:00:00.000Z;0.143
2004-01-16T00:00:00.000Z;0.137
2004-01-17T00:00:00.000Z;0.114
2004-01-18T00:00:00.000Z;0.274
2004-01-19T00:00:00.000Z;0.243
2004-01-20T00:00:00.000Z;0.201
2004-01-21T00:00:00.000Z;0.571
2004-01-22T00:00:00.000Z;0.354
2004-01-25T00:00:00.000Z;0.447
2004-01-26T00:00:00.000Z;0.286
2004-01-27T00:00:00.000Z;0.286
2004-01-28T00:00:00.000Z;0.292
2004-01-29T00:00:00.000Z;0.271
2004-01-30T00:00:00.000Z;0.280
2004-01-31T00:00:00.000Z;0.224
2004-02-01T00:00:00.000Z;0.187
2004-02-02T00:00:00.000Z;0.155
2004-02-03T00:00:00.000Z;0.130
2004-02-04T00:00:00.000Z;0.113
2004-02-05T00:00:00.000Z;0.0980
2004-02-06T00:00:00.000Z;0.0890
2004-02-07T00:00:00.000Z;0.0850
2004-02-08T00:00:00.000Z;0.0740
2004-02-09T00:00:00.000Z;0.0680
2004-02-10T00:00:00.000Z;0.0630
2004-02-11T00:00:00.000Z;0.0590
2004-02-12T00:00:00.000Z;0.0550
2004-02-13T00:00:00.000Z;0.0520
2004-02-14T00:00:00.000Z;0.0490
2004-02-15T00:00:00.000Z;0.0460
2004-02-16T00:00:00.000Z;0.0460
2004-02-17T00:00:00.000Z;0.0440
2004-02-18T00:00:00.000Z;0.0320
2004-02-19T00:00:00.000Z;0.0320
2004-02-20T00:00:00.000Z;0.0360
2004-02-21T00:00:00.000Z;0.0420
2004-02-22T00:00:00.000Z;0.0450
2004-02-23T00:00:00.000Z;0.0470
2004-02-24T00:00:00.000Z;0.0480
2004-02-25T00:00:00.000Z;0.0480
2004-02-26T00:00:00.000Z;0.0530
2004-02-27T00:00:00.000Z;0.0630
2004-02-28T00:00:00.000Z;0.0560
2004-02-29T00:00:00.000Z;0.0550
2004-03-01T00:00:00.000Z;0.0510
2004-03-02T00:00:00.000Z;0.0450
2004-03-03T00:00:00.000Z;0.0510
2004-03-04T00:00:00.000Z;0.0750
2004-03-05T00:00:00.000Z;0.212
2004-03-06T00:00:00.000Z;0.187
2004-03-07T00:00:00.000Z;0.219
2004-03-08T00:00:00.000Z;0.171
2004-03-09T00:00:00.000Z;0.132
2004-03-10T00:00:00.000Z;0.115
2004-03-11T00:00:00.000Z;0.0990
2004-03-12T00:00:00.000Z;0.0930
2004-03-13T00:00:00.000Z;0.321
2004-03-14T00:00:00.000Z;0.322
2004-03-15T00:00:00.000Z;0.211
2004-03-16T00:00:00.000Z;0.162
2004-03-17T00:00:00.000Z;0.126
2004-03-18T00:00:00.000Z;0.108
2004-03-19T00:00:00.000Z;0.0940
2004-03-20T00:00:00.000Z;0.0840
2004-03-21T00:00:00.000Z;0.0780
2004-03-22T00:00:00.000Z;0.0760
2004-03-23T00:00:00.000Z;0.102
2004-03-24T00:00:00.000Z;0.205
2004-03-25T00:00:00.000Z;0.235
2004-03-26T00:00:00.000Z;0.214
2004-03-27T00:00:00.000Z;0.193
2004-03-28T00:00:00.000Z;0.161
2004-03-29T00:00:00.000Z;0.148
2004-03-30T00:00:00.000Z;0.134
2004-03-31T00:00:00.000Z;0.133
2004-04-01T00:00:00.000Z;0.121
2004-04-02T00:00:00.000Z;0.106
2004-04-03T00:00:00.000Z;0.0870
2004-04-04T00:00:00.000Z;0.0780
2004-04-05T00:00:00.000Z;0.0740
2004-04-06T00:00:00.000Z;0.0700
2004-04-07T00:00:00.000Z;0.0690
2004-04-08T00:00:00.000Z;0.0680
2004-04-09T00:00:00.000Z;0.0660
2004-04-10T00:00:00.000Z;0.0750
2004-04-11T00:00:00.000Z;0.105
2004-04-12T00:00:00.000Z;0.213
2004-04-13T00:00:00.000Z;0.195
2004-04-14T00:00:00.000Z;0.152
2004-04-15T00:00:00.000Z;0.128
2004-04-16T00:00:00.000Z;0.120
2004-04-17T00:00:00.000Z;0.233
2004-04-18T00:00:00.000Z;0.268
2004-04-19T00:00:00.000Z;0.312
2004-04-20T00:00:00.000Z;0.231
2004-04-21T00:00:00.000Z;0.188
2004-04-24T00:00:00.000Z;0.399
2004-04-25T00:00:00.000Z;0.268
2004-04-26T00:00:00.000Z;0.209
2004-04-27T00:00:00.000Z;0.173
2004-04-28T00:00:00.000Z;0.150
2004-04-29T00:00:00.000Z;0.155
2004-04-30T00:00:00.000Z;0.280
2004-05-01T00:00:00.000Z;0.286
2004-05-02T00:00:00.000Z;0.208
2004-05-04T00:00:00.000Z;0.623
2004-05-05T00:00:00.000Z;0.355
2004-05-06T00:00:00.000Z;0.263
2004-05-07T00:00:00.000Z;0.215
2004-05-08T00:00:00.000Z;0.182
2004-05-09T00:00:00.000Z;0.156
2004-05-10T00:00:00.000Z;0.135
2004-05-11T00:00:00.000Z;0.116
2004-05-12T00:00:00.000Z;0.117
2004-05-13T00:00:00.000Z;0.182
2004-05-14T00:00:00.000Z;0.173
2004-05-15T00:00:00.000Z;0.150
2004-05-16T00:00:00.000Z;0.129
2004-05-17T00:00:00.000Z;0.114
2004-05-18T00:00:00.000Z;0.0990
2004-05-19T00:00:00.000Z;0.0910
2004-05-20T00:00:00.000Z;0.0870
2004-05-21T00:00:00.000Z;0.158
2004-05-22T00:00:00.000Z;0.340
2004-05-23T00:00:00.000Z;0.388
2004-05-24T00:00:00.000Z;0.223
2004-05-25T00:00:00.000Z;0.170
2004-05-26T00:00:00.000Z;0.130
2004-05-27T00:00:00.000Z;0.107
2004-05-28T00:00:00.000Z;0.0930
2004-05-29T00:00:00.000Z;0.0810
2004-05-30T00:00:00.000Z;0.0730
2004-05-31T00:00:00.000Z;0.0680
2004-06-01T00:00:00.000Z;0.0590
2004-06-02T00:00:00.000Z;0.0550
2004-06-03T00:00:00.000Z;0.0520
2004-06-04T00:00:00.000Z;0.0490
2004-06-05T00:00:00.000Z;0.0470
2004-06-06T00:00:00.000Z;0.0420
2004-06-07T00:00:00.000Z;0.0370
2004-06-08T00:00:00.000Z;0.0340
2004-06-09T00:00:00.000Z;0.0320
2004-06-10T00:00:00.000Z;0.0310
2004-06-11T00:00:00.000Z;0.0290
2004-06-12T00:00:00.000Z;0.0270
2004-06-13T00:00:00.000Z;0.0210
2004-06-14T00:00:00.000Z;0.0200
2004-06-15T00:00:00.000Z;0.0190
2004-06-16T00:00:00.000Z;0.0190
2004-06-17T00:00:00.000Z;0.0150
2004-06-18T00:00:00.000Z;0.0130
2004-06-19T00:00:00.000Z;0.0120
2004-06-20T00:00:00.000Z;0.0100
2004-06-21T00:00:00.000Z;0.00800
2004-06-22T00:00:00.000Z;0.00300
2004-06-23T00:00:00.000Z;0.00200
2004-06-24T00:00:00.000Z;0.00100
2004-08-17T00:00:00.000Z;0.0230
2004-08-18T00:00:00.000Z;0.0240
2004-08-19T00:00:00.000Z;0.0250
2004-08-20T00:00:00.000Z;0.0250
2004-08-21T00:00:00.000Z;0.0250
2004-08-22T00:00:00.000Z;0.0240
2004-08-23T00:00:00.000Z;0.0240
2004-08-24T00:00:00.000Z;0.0250
2004-08-25T00:00:00.000Z;0.0240
2004-08-26T00:00:00.000Z;0.0240
2004-08-27T00:00:00.000Z;0.0230
2004-08-28T00:00:00.000Z;0.0240
2004-08-29T00:00:00.000Z;0.0250
2004-08-30T00:00:00.000Z;0.0250
2004-08-31T00:00:00.000Z;0.0250
2004-09-01T00:00:00.000Z;0.0250
2004-09-02T00:00:00.000Z;0.0250
2004-09-03T00:00:00.000Z;0.0250
2004-09-04T00:00:00.000Z;0.0250
2004-09-05T00:00:00.000Z;0.0220
2004-09-06T00:00:00.000Z;0.0220
2004-09-07T00:00:00.000Z;0.0210
2004-09-08T00:00:00.000Z;0.0180
2004-09-09T00:00:00.000Z;0.0140
2004-09-10T00:00:00.000Z;0.0150
2004-09-11T00:00:00.000Z;0.0170
2004-09-12T00:00:00.000Z;0.0200
2004-09-13T00:00:00.000Z;0.0190
2004-09-14T00:00:00.000Z;0.0210
2004-09-15T00:00:00.000Z;0.0260
2004-09-16T00:00:00.000Z;0.0240
2004-09-17T00:00:00.000Z;0.0220
2004-09-18T00:00:00.000Z;0.0210
2004-09-19T00:00:00.000Z;0.0190
2004-09-20T00:00:00.000Z;0.0160
2004-09-21T00:00:00.000Z;0.0160
2004-09-22T00:00:00.000Z;0.0150
2004-09-23T00:00:00.000Z;0.0140
2004-09-24T00:00:00.000Z;0.0130
2004-09-25T00:00:00.000Z;0.0140
2004-09-26T00:00:00.000Z;0.0140
2004-09-27T00:00:00.000Z;0.0130
2004-09-28T00:00:00.000Z;0.0120
2004-09-29T00:00:00.000Z;0.0100
2004-09-30T00:00:00.000Z;0.00900
2004-10-01T00:00:00.000Z;0.00900
2004-10-02T00:00:00.000Z;0.00800
2004-10-03T00:00:00.000Z;0.00700
2004-10-04T00:00:00.000Z;0.00700
2004-10-05T00:00:00.000Z;0.00600
2004-10-12T00:00:00.000Z;0.00800
2004-10-13T00:00:00.000Z;0.0150
2004-10-14T00:00:00.000Z;0.0150
2004-10-15T00:00:00.000Z;0.0150
2004-10-16T00:00:00.000Z;0.0160
2004-10-17T00:00:00.000Z;0.0220
2004-10-18T00:00:00.000Z;0.0180
2004-10-19T00:00:00.000Z;0.0120
2004-10-20T00:00:00.000Z;0.0100
2004-10-21T00:00:00.000Z;0.00900
2004-10-22T00:00:00.000Z;0.00700
2004-10-23T00:00:00.000Z;0.00700
2004-10-24T00:00:00.000Z;0.00600
2004-10-25T00:00:00.000Z;0.0110
2004-10-26T00:00:00.000Z;0.129
2004-10-27T00:00:00.000Z;0.0700
2004-10-30T00:00:00.000Z;0.0140
2004-10-31T00:00:00.000Z;0.0480
2004-11-01T00:00:00.000Z;0.107
2004-11-02T00:00:00.000Z;0.0710
2004-11-10T00:00:00.000Z;0.0560
2004-11-13T00:00:00.000Z;0.200
2004-11-14T00:00:00.000Z;0.141
2004-11-15T00:00:00.000Z;0.0980
2004-11-16T00:00:00.000Z;0.0720
2004-11-17T00:00:00.000Z;0.0600
2004-11-18T00:00:00.000Z;0.0530
2004-11-19T00:00:00.000Z;0.0420
2004-11-20T00:00:00.000Z;0.0330
2004-11-21T00:00:00.000Z;0.0380
2004-11-22T00:00:00.000Z;0.0320
2004-11-23T00:00:00.000Z;0.0210
2004-11-24T00:00:00.000Z;0.0150
2004-11-25T00:00:00.000Z;0.0130
2004-11-26T00:00:00.000Z;0.00600
2004-11-27T00:00:00.000Z;0.00200
2004-11-28T00:00:00.000Z;0.00100
2004-12-09T00:00:00.000Z;0.0280
2004-12-10T00:00:00.000Z;0.0400
2004-12-11T00:00:00.000Z;0.0330
2004-12-12T00:00:00.000Z;0.0270
2004-12-13T00:00:00.000Z;0.0200
2004-12-14T00:00:00.000Z;0.0140
2004-12-15T00:00:00.000Z;0.0100
2004-12-16T00:00:00.000Z;0.00900
2004-12-17T00:00:00.000Z;0.0120
2004-12-18T00:00:00.000Z;0.0820
2004-12-19T00:00:00.000Z;0.105
2004-12-20T00:00:00.000Z;0.270
2004-12-21T00:00:00.000Z;0.207
2004-12-22T00:00:00.000Z;0.117
2004-12-23T00:00:00.000Z;0.0800
2004-12-24T00:00:00.000Z;0.0650
2004-12-25T00:00:00.000Z;0.0590
2004-12-26T00:00:00.000Z;0.0560
2004-12-27T00:00:00.000Z;0.0510
2004-12-28T00:00:00.000Z;0.0640
2004-12-29T00:00:00.000Z;0.215
2004-12-30T00:00:00.000Z;0.185
2004-12-31T00:00:00.000Z;0.176
2005-01-01T00:00:00.000Z;0.154
2005-01-02T00:00:00.000Z;0.114
2005-01-03T00:00:00.000Z;0.144
2005-01-04T00:00:00.000Z;0.147
2005-01-05T00:00:00.000Z;0.110
2005-01-06T00:00:00.000Z;0.0850
2005-01-07T00:00:00.000Z;0.0730
2005-01-08T00:00:00.000Z;0.0670
2005-01-09T00:00:00.000Z;0.0590
2005-01-10T00:00:00.000Z;0.0550
2005-01-11T00:00:00.000Z;0.0430
2005-01-12T00:00:00.000Z;0.0310
2005-01-13T00:00:00.000Z;0.0270
2005-01-14T00:00:00.000Z;0.0250
2005-01-15T00:00:00.000Z;0.0230
2005-01-16T00:00:00.000Z;0.0160
2005-01-17T00:00:00.000Z;0.0120
2005-01-18T00:00:00.000Z;0.0160
2005-01-21T00:00:00.000Z;0.264
2005-01-22T00:00:00.000Z;0.190
2005-01-23T00:00:00.000Z;0.139
2005-01-24T00:00:00.000Z;0.282
2005-01-25T00:00:00.000Z;0.213
2005-01-26T00:00:00.000Z;0.155
2005-01-27T00:00:00.000Z;0.116
2005-01-28T00:00:00.000Z;0.0930
2005-01-29T00:00:00.000Z;0.0810
2005-01-30T00:00:00.000Z;0.0700
2005-01-31T00:00:00.000Z;0.0610
2005-02-01T00:00:00.000Z;0.0560
2005-02-02T00:00:00.000Z;0.0660
2005-02-03T00:00:00.000Z;0.114
2005-02-04T00:00:00.000Z;0.112
2005-02-05T00:00:00.000Z;0.107
2005-02-06T00:00:00.000Z;0.0970
2005-02-07T00:00:00.000Z;0.0870
2005-02-08T00:00:00.000Z;0.0810
2005-02-09T00:00:00.000Z;0.0780
2005-02-10T00:00:00.000Z;0.0750
2005-02-11T00:00:00.000Z;0.0700
2005-02-12T00:00:00.000Z;0.0720
2005-02-13T00:00:00.000Z;0.0850
2005-02-14T00:00:00.000Z;0.236
2005-02-15T00:00:00.000Z;0.175
2005-02-16T00:00:00.000Z;0.129
2005-02-17T00:00:00.000Z;0.106
2005-02-18T00:00:00.000Z;0.0970
2005-02-19T00:00:00.000Z;0.0980
2005-02-20T00:00:00.000Z;0.0970
2005-02-21T00:00:00.000Z;0.100
2005-02-22T00:00:00.000Z;0.100
2005-02-23T00:00:00.000Z;0.0940
2005-02-24T00:00:00.000Z;0.0900
2005-02-25T00:00:00.000Z;0.0860
2005-02-26T00:00:00.000Z;0.0840
2005-02-27T00:00:00.000Z;0.0830
2005-02-28T00:00:00.000Z;0.0810
2005-03-01T00:00:00.000Z;0.0780
2005-03-02T00:00:00.000Z;0.0780
2005-03-03T00:00:00.000Z;0.0780
2005-03-04T00:00:00.000Z;0.0770
2005-03-05T00:00:00.000Z;0.0730
2005-03-06T00:00:00.000Z;0.0770
2005-03-07T00:00:00.000Z;0.0730
2005-03-08T00:00:00.000Z;0.0690
2005-03-09T00:00:00.000Z;0.0690
2005-03-10T00:00:00.000Z;0.0850
2005-03-11T00:00:00.000Z;0.111
2005-03-12T00:00:00.000Z;0.109
2005-03-13T00:00:00.000Z;0.150
2005-03-14T00:00:00.000Z;0.251
2005-03-15T00:00:00.000Z;0.485
2005-03-16T00:00:00.000Z;0.429
2005-03-17T00:00:00.000Z;0.317
2005-03-18T00:00:00.000Z;0.241
2005-03-19T00:00:00.000Z;0.188
2005-03-20T00:00:00.000Z;0.146
2005-03-21T00:00:00.000Z;0.119
2005-03-22T00:00:00.000Z;0.102
2005-03-23T00:00:00.000Z;0.0880
2005-03-24T00:00:00.000Z;0.0780
2005-03-25T00:00:00.000Z;0.0720
2005-03-26T00:00:00.000Z;0.0680
2005-03-27T00:00:00.000Z;0.0650
2005-03-28T00:00:00.000Z;0.0610
2005-03-29T00:00:00.000Z;0.0600
2005-03-30T00:00:00.000Z;0.0600
2005-03-31T00:00:00.000Z;0.0850
2005-04-01T00:00:00.000Z;0.0880
2005-04-02T00:00:00.000Z;0.0810
2005-04-03T00:00:00.000Z;0.0730
2005-04-04T00:00:00.000Z;0.0670
2005-04-05T00:00:00.000Z;0.0630
2005-04-06T00:00:00.000Z;0.0600
2005-04-07T00:00:00.000Z;0.0610
2005-04-08T00:00:00.000Z;0.367
2005-04-09T00:00:00.000Z;0.317
2005-04-10T00:00:00.000Z;0.197
2005-04-11T00:00:00.000Z;0.263
2005-04-12T00:00:00.000Z;0.249
2005-04-13T00:00:00.000Z;0.187
2005-04-14T00:00:00.000Z;0.158
2005-04-15T00:00:00.000Z;0.417
2005-04-16T00:00:00.000Z;0.307
2005-04-17T00:00:00.000Z;0.257
2005-04-18T00:00:00.000Z;0.238
2005-04-19T00:00:00.000Z;0.226
2005-04-20T00:00:00.000Z;0.200
2005-04-21T00:00:00.000Z;0.261
2005-04-22T00:00:00.000Z;0.522
2005-04-23T00:00:00.000Z;0.357
2005-04-24T00:00:00.000Z;0.268
2005-04-25T00:00:00.000Z;0.212
2005-04-26T00:00:00.000Z;0.183
2005-04-27T00:00:00.000Z;0.152
2005-04-28T00:00:00.000Z;0.126
2005-04-29T00:00:00.000Z;0.108
2005-04-30T00:00:00.000Z;0.0950
2005-05-01T00:00:00.000Z;0.0850
2005-05-02T00:00:00.000Z;0.0750
2005-05-03T00:00:00.000Z;0.0680
2005-05-04T00:00:00.000Z;0.0620
2005-05-05T00:00:00.000Z;0.106
2005-05-06T00:00:00.000Z;0.0970
2005-05-07T00:00:00.000Z;0.0840
2005-05-08T00:00:00.000Z;0.0730
2005-05-09T00:00:00.000Z;0.0660
2005-05-10T00:00:00.000Z;0.0620
2005-05-11T00:00:00.000Z;0.104
2005-05-12T00:00:00.000Z;0.0900
2005-05-13T00:00:00.000Z;0.0750
2005-05-14T00:00:00.000Z;0.132
2005-05-15T00:00:00.000Z;0.128
2005-05-16T00:00:00.000Z;0.0980
2005-05-17T00:00:00.000Z;0.351
2005-05-18T00:00:00.000Z;0.576
2005-05-19T00:00:00.000Z;0.569
2005-05-20T00:00:00.000Z;0.205
2005-05-21T00:00:00.000Z;0.159
2005-05-22T00:00:00.000Z;0.127
2005-05-23T00:00:00.000Z;0.106
2005-05-24T00:00:00.000Z;0.0930
2005-05-25T00:00:00.000Z;0.0830
2005-05-26T00:00:00.000Z;0.0730
2005-05-27T00:00:00.000Z;0.0680
2005-05-28T00:00:00.000Z;0.0620
2005-05-29T00:00:00.000Z;0.0560
2005-05-30T00:00:00.000Z;0.0540
2005-05-31T00:00:00.000Z;0.0480
2005-06-01T00:00:00.000Z;0.0380
2005-06-02T00:00:00.000Z;0.0340
2005-06-03T00:00:00.000Z;0.0320
2005-06-04T00:00:00.000Z;0.0280
2005-06-05T00:00:00.000Z;0.0260
2005-06-06T00:00:00.000Z;0.0230
2005-06-07T00:00:00.000Z;0.0200
2005-06-08T00:00:00.000Z;0.0180
2005-06-09T00:00:00.000Z;0.0170
2005-06-10T00:00:00.000Z;0.0160
2005-06-11T00:00:00.000Z;0.0150
2005-06-12T00:00:00.000Z;0.0140
2005-06-13T00:00:00.000Z;0.0170
2005-06-14T00:00:00.000Z;0.0460
2005-06-15T00:00:00.000Z;0.0380
2005-06-16T00:00:00.000Z;0.0160
2005-06-17T00:00:00.000Z;0.0130
2005-06-18T00:00:00.000Z;0.0130
2005-06-19T00:00:00.000Z;0.0120
2005-06-20T00:00:00.000Z;0.0110
2005-06-21T00:00:00.000Z;0.0100
2005-06-22T00:00:00.000Z;0.00900
2005-06-23T00:00:00.000Z;0.00900
2005-06-24T00:00:00.000Z;0.00800
2005-06-25T00:00:00.000Z;0.00800
2005-06-26T00:00:00.000Z;0.00600
2005-06-27T00:00:00.000Z;0.00400
2005-06-29T00:00:00.000Z;0.0170
2005-06-30T00:00:00.000Z;0.0140
2005-07-01T00:00:00.000Z;0.0120
2005-07-02T00:00:00.000Z;0.0120
2005-07-03T00:00:00.000Z;0.0120
2005-07-04T00:00:00.000Z;0.0150
2005-07-05T00:00:00.000Z;0.0130
2005-07-06T00:00:00.000Z;0.0120
2005-07-07T00:00:00.000Z;0.0130
2005-07-08T00:00:00.000Z;0.0130
2005-07-09T00:00:00.000Z;0.0130
2005-07-10T00:00:00.000Z;0.0170
2005-07-11T00:00:00.000Z;0.0150
2005-07-12T00:00:00.000Z;0.0150
2005-07-13T00:00:00.000Z;0.0120
2005-07-14T00:00:00.000Z;0.0100
2005-07-15T00:00:00.000Z;0.0120
2005-07-16T00:00:00.000Z;0.0150
2005-07-17T00:00:00.000Z;0.0140
2005-07-18T00:00:00.000Z;0.0160
2005-07-19T00:00:00.000Z;0.0190
2005-07-20T00:00:00.000Z;0.0200
2005-07-21T00:00:00.000Z;0.0230
2005-07-22T00:00:00.000Z;0.0270
2005-07-23T00:00:00.000Z;0.0260
2005-07-24T00:00:00.000Z;0.0260
2005-07-25T00:00:00.000Z;0.0280
2005-07-26T00:00:00.000Z;0.0290
2005-07-27T00:00:00.000Z;0.0310
2005-07-28T00:00:00.000Z;0.0330
2005-07-29T00:00:00.000Z;0.0370
2005-07-30T00:00:00.000Z;0.0380
2005-07-31T00:00:00.000Z;0.0370
2005-08-01T00:00:00.000Z;0.0380
2005-08-02T00:00:00.000Z;0.0430
2005-08-03T00:00:00.000Z;0.0460
2005-08-04T00:00:00.000Z;0.0410
2005-08-05T00:00:00.000Z;0.0370
2005-08-06T00:00:00.000Z;0.0360
2005-08-07T00:00:00.000Z;0.0350
2005-08-08T00:00:00.000Z;0.0360
2005-08-09T00:00:00.000Z;0.0350
2005-08-10T00:00:00.000Z;0.0380
2005-08-11T00:00:00.000Z;0.0550
2005-08-12T00:00:00.000Z;0.0600
2005-08-13T00:00:00.000Z;0.0520
2005-08-14T00:00:00.000Z;0.0470
2005-08-15T00:00:00.000Z;0.0430
2005-08-16T00:00:00.000Z;0.0400
2005-08-17T00:00:00.000Z;0.0400
2005-08-18T00:00:00.000Z;0.0390
2005-08-19T00:00:00.000Z;0.0380
2005-08-20T00:00:00.000Z;0.0390
2005-08-21T00:00:00.000Z;0.0400
2005-08-22T00:00:00.000Z;0.0400
2005-08-23T00:00:00.000Z;0.0370
2005-08-24T00:00:00.000Z;0.0350
2005-08-25T00:00:00.000Z;0.0340
2005-08-26T00:00:00.000Z;0.0320
2005-08-27T00:00:00.000Z;0.0310
2005-08-28T00:00:00.000Z;0.0280
2005-08-29T00:00:00.000Z;0.0240
2005-08-30T00:00:00.000Z;0.0240
2005-08-31T00:00:00.000Z;0.0240
2005-09-01T00:00:00.000Z;0.0250
2005-09-02T00:00:00.000Z;0.0240
2005-09-03T00:00:00.000Z;0.0230
2005-09-04T00:00:00.000Z;0.0230
2005-09-05T00:00:00.000Z;0.0230
2005-09-06T00:00:00.000Z;0.0280
2005-09-07T00:00:00.000Z;0.133
2005-09-08T00:00:00.000Z;0.0870
2005-09-09T00:00:00.000Z;0.129
2005-09-10T00:00:00.000Z;0.200
2005-09-11T00:00:00.000Z;0.126
2005-09-12T00:00:00.000Z;0.0620
2005-09-13T00:00:00.000Z;0.0490
2005-09-14T00:00:00.000Z;0.0200
2005-09-15T00:00:00.000Z;0.0120
2005-09-16T00:00:00.000Z;0.00900
2005-09-17T00:00:00.000Z;0.0890
2005-09-18T00:00:00.000Z;0.108
2005-09-19T00:00:00.000Z;0.0610
2005-09-20T00:00:00.000Z;0.0490
2005-09-21T00:00:00.000Z;0.0250
2005-09-22T00:00:00.000Z;0.0150
2005-09-23T00:00:00.000Z;0.0100
2005-09-24T00:00:00.000Z;0.00600
2005-09-25T00:00:00.000Z;0.0240
2005-09-26T00:00:00.000Z;0.0630
2005-09-27T00:00:00.000Z;0.0440
2005-09-28T00:00:00.000Z;0.0150
2005-09-29T00:00:00.000Z;0.00700
2005-10-21T00:00:00.000Z;0.00
2005-10-22T00:00:00.000Z;0.00300
2005-10-23T00:00:00.000Z;0.00800
2005-10-24T00:00:00.000Z;0.00500
2005-10-25T00:00:00.000Z;0.00600
2005-10-26T00:00:00.000Z;0.00400
2005-10-27T00:00:00.000Z;0.00300
2005-11-05T00:00:00.000Z;0.00800
2005-11-06T00:00:00.000Z;0.00800
2005-11-07T00:00:00.000Z;0.0100
2005-11-08T00:00:00.000Z;0.00900
2005-11-09T00:00:00.000Z;0.0190
2005-11-10T00:00:00.000Z;0.0720
2005-11-11T00:00:00.000Z;0.0500
2005-11-12T00:00:00.000Z;0.0220
2005-11-13T00:00:00.000Z;0.0160
2005-11-14T00:00:00.000Z;0.0110
2005-11-15T00:00:00.000Z;0.0460
2005-11-16T00:00:00.000Z;0.0620
2005-11-17T00:00:00.000Z;0.146
2005-11-18T00:00:00.000Z;0.116
2005-11-19T00:00:00.000Z;0.0730
2005-11-20T00:00:00.000Z;0.0590
2005-11-21T00:00:00.000Z;0.0510
2005-11-22T00:00:00.000Z;0.0290
2005-11-23T00:00:00.000Z;0.0180
2005-11-24T00:00:00.000Z;0.0130
2005-11-25T00:00:00.000Z;0.0170
2005-11-26T00:00:00.000Z;0.0550
2005-11-27T00:00:00.000Z;0.0630
2005-11-28T00:00:00.000Z;0.0590
2005-11-29T00:00:00.000Z;0.0550
2005-11-30T00:00:00.000Z;0.0530
2005-12-01T00:00:00.000Z;0.0540
2005-12-02T00:00:00.000Z;0.0570
2005-12-03T00:00:00.000Z;0.0550
2005-12-04T00:00:00.000Z;0.0500
2005-12-05T00:00:00.000Z;0.0510
2005-12-06T00:00:00.000Z;0.130
2005-12-07T00:00:00.000Z;0.199
2005-12-08T00:00:00.000Z;0.256
2005-12-09T00:00:00.000Z;0.372
2005-12-10T00:00:00.000Z;0.235
2005-12-11T00:00:00.000Z;0.156
2005-12-12T00:00:00.000Z;0.109
2005-12-13T00:00:00.000Z;0.0830
2005-12-14T00:00:00.000Z;0.0680
2005-12-15T00:00:00.000Z;0.0580
2005-12-16T00:00:00.000Z;0.0510
2005-12-17T00:00:00.000Z;0.0550
2005-12-18T00:00:00.000Z;0.172
2005-12-19T00:00:00.000Z;0.124
2005-12-20T00:00:00.000Z;0.0900
2005-12-21T00:00:00.000Z;0.0730
2005-12-22T00:00:00.000Z;0.0620
2005-12-23T00:00:00.000Z;0.0560
2005-12-24T00:00:00.000Z;0.0500
2005-12-25T00:00:00.000Z;0.0430
2005-12-26T00:00:00.000Z;0.0310
2005-12-27T00:00:00.000Z;0.0270
2005-12-28T00:00:00.000Z;0.0240
2005-12-29T00:00:00.000Z;0.0190
2005-12-30T00:00:00.000Z;0.0140
2005-12-31T00:00:00.000Z;0.0130
2006-01-01T00:00:00.000Z;0.0310
2006-01-02T00:00:00.000Z;0.460
2006-01-03T00:00:00.000Z;0.323
2006-01-04T00:00:00.000Z;0.200
2006-01-05T00:00:00.000Z;0.146
2006-01-06T00:00:00.000Z;0.149
2006-01-07T00:00:00.000Z;0.134
2006-01-08T00:00:00.000Z;0.106
2006-01-09T00:00:00.000Z;0.0880
2006-01-10T00:00:00.000Z;0.0670
2006-01-11T00:00:00.000Z;0.0660
2006-01-12T00:00:00.000Z;0.0660
2006-01-13T00:00:00.000Z;0.0660
2006-01-14T00:00:00.000Z;0.0660
2006-01-15T00:00:00.000Z;0.0550
2006-01-16T00:00:00.000Z;0.0400
2006-01-17T00:00:00.000Z;0.0400
2006-01-18T00:00:00.000Z;0.0390
2006-01-19T00:00:00.000Z;0.0270
2006-01-20T00:00:00.000Z;0.0250
2006-01-21T00:00:00.000Z;0.0250
2006-01-22T00:00:00.000Z;0.0250
2006-01-23T00:00:00.000Z;0.0250
2006-01-24T00:00:00.000Z;0.0250
2006-01-25T00:00:00.000Z;0.0250
2006-01-26T00:00:00.000Z;0.0250
2006-01-27T00:00:00.000Z;0.0250
2006-01-28T00:00:00.000Z;0.0190
2006-01-29T00:00:00.000Z;0.0140
2006-01-30T00:00:00.000Z;0.0140
2006-01-31T00:00:00.000Z;0.0270
2006-02-01T00:00:00.000Z;0.133
2006-02-02T00:00:00.000Z;0.194
2006-02-03T00:00:00.000Z;0.146
2006-02-04T00:00:00.000Z;0.111
2006-02-05T00:00:00.000Z;0.0900
2006-02-06T00:00:00.000Z;0.0770
2006-02-07T00:00:00.000Z;0.0670
2006-02-08T00:00:00.000Z;0.0600
2006-02-09T00:00:00.000Z;0.0600
2006-02-10T00:00:00.000Z;0.0530
2006-02-11T00:00:00.000Z;0.0480
2006-02-12T00:00:00.000Z;0.0410
2006-02-13T00:00:00.000Z;0.0360
2006-02-14T00:00:00.000Z;0.0360
2006-02-15T00:00:00.000Z;0.0360
2006-02-16T00:00:00.000Z;0.0350
2006-02-17T00:00:00.000Z;0.0360
2006-02-18T00:00:00.000Z;0.0360
2006-02-19T00:00:00.000Z;0.0360
2006-02-20T00:00:00.000Z;0.0290
2006-02-21T00:00:00.000Z;0.0250
2006-02-22T00:00:00.000Z;0.0250
2006-02-23T00:00:00.000Z;0.0250
2006-02-24T00:00:00.000Z;0.0250
2006-02-25T00:00:00.000Z;0.0250
2006-02-26T00:00:00.000Z;0.0250
2006-02-27T00:00:00.000Z;0.0250
2006-02-28T00:00:00.000Z;0.0250
2006-03-01T00:00:00.000Z;0.0250
2006-03-02T00:00:00.000Z;0.0250
2006-03-03T00:00:00.000Z;0.0250
2006-03-04T00:00:00.000Z;0.0250
2006-03-05T00:00:00.000Z;0.0250
2006-03-06T00:00:00.000Z;0.0160
2006-03-07T00:00:00.000Z;0.0140
2006-03-08T00:00:00.000Z;0.0110
2006-03-09T00:00:00.000Z;0.0200
2006-03-10T00:00:00.000Z;0.137
2006-03-12T00:00:00.000Z;0.455
2006-03-13T00:00:00.000Z;0.302
2006-03-14T00:00:00.000Z;0.206
2006-03-15T00:00:00.000Z;0.153
2006-03-16T00:00:00.000Z;0.115
2006-03-17T00:00:00.000Z;0.101
2006-03-18T00:00:00.000Z;0.0860
2006-03-19T00:00:00.000Z;0.0770
2006-03-20T00:00:00.000Z;0.0670
2006-03-21T00:00:00.000Z;0.0600
2006-03-22T00:00:00.000Z;0.0740
2006-03-23T00:00:00.000Z;0.0970
2006-03-24T00:00:00.000Z;0.0900
2006-03-25T00:00:00.000Z;0.0750
2006-03-26T00:00:00.000Z;0.0660
2006-03-27T00:00:00.000Z;0.0610
2006-03-28T00:00:00.000Z;0.123
2006-03-29T00:00:00.000Z;0.155
2006-03-30T00:00:00.000Z;0.110
2006-03-31T00:00:00.000Z;0.0900
2006-04-01T00:00:00.000Z;0.0800
2006-04-02T00:00:00.000Z;0.0700
2006-04-03T00:00:00.000Z;0.0600
2006-04-04T00:00:00.000Z;0.0540
2006-04-05T00:00:00.000Z;0.0490
2006-04-06T00:00:00.000Z;0.0480
2006-04-07T00:00:00.000Z;0.0470
2006-04-08T00:00:00.000Z;0.0370
2006-04-09T00:00:00.000Z;0.0360
2006-04-10T00:00:00.000Z;0.0700
2006-04-11T00:00:00.000Z;0.0970
2006-04-12T00:00:00.000Z;0.107
2006-04-13T00:00:00.000Z;0.0990
2006-04-14T00:00:00.000Z;0.0790
2006-04-15T00:00:00.000Z;0.0730
2006-04-16T00:00:00.000Z;0.0600
2006-04-17T00:00:00.000Z;0.0600
2006-04-18T00:00:00.000Z;0.0620
2006-04-19T00:00:00.000Z;0.0790
2006-04-20T00:00:00.000Z;0.0750
2006-04-21T00:00:00.000Z;0.0700
2006-04-22T00:00:00.000Z;0.0630
2006-04-23T00:00:00.000Z;0.101
2006-04-24T00:00:00.000Z;0.109
2006-04-25T00:00:00.000Z;0.0900
2006-04-26T00:00:00.000Z;0.0770
2006-04-27T00:00:00.000Z;0.0730
2006-04-28T00:00:00.000Z;0.134
2006-04-29T00:00:00.000Z;0.146
2006-04-30T00:00:00.000Z;0.107
2006-05-01T00:00:00.000Z;0.0900
2006-05-02T00:00:00.000Z;0.0790
2006-05-03T00:00:00.000Z;0.0720
2006-05-04T00:00:00.000Z;0.0620
2006-05-05T00:00:00.000Z;0.0600
2006-05-06T00:00:00.000Z;0.0620
2006-05-07T00:00:00.000Z;0.236
2006-05-08T00:00:00.000Z;0.338
2006-05-09T00:00:00.000Z;0.226
2006-05-10T00:00:00.000Z;0.176
2006-05-11T00:00:00.000Z;0.125
2006-05-12T00:00:00.000Z;0.101
2006-05-13T00:00:00.000Z;0.0860
2006-05-14T00:00:00.000Z;0.0750
2006-05-15T00:00:00.000Z;0.0730
2006-05-16T00:00:00.000Z;0.0680
2006-05-17T00:00:00.000Z;0.0610
2006-05-18T00:00:00.000Z;0.0600
2006-05-19T00:00:00.000Z;0.0600
2006-05-20T00:00:00.000Z;0.0520
2006-05-21T00:00:00.000Z;0.0480
2006-05-22T00:00:00.000Z;0.0480
2006-05-23T00:00:00.000Z;0.0480
2006-05-24T00:00:00.000Z;0.0390
2006-05-25T00:00:00.000Z;0.0360
2006-05-26T00:00:00.000Z;0.0360
2006-05-27T00:00:00.000Z;0.0360
2006-05-28T00:00:00.000Z;0.0360
2006-05-29T00:00:00.000Z;0.0360
2006-05-30T00:00:00.000Z;0.0360
2006-05-31T00:00:00.000Z;0.0340
2006-06-01T00:00:00.000Z;0.0260
2006-06-02T00:00:00.000Z;0.0250
2006-06-03T00:00:00.000Z;0.0250
2006-06-04T00:00:00.000Z;0.0250
2006-06-05T00:00:00.000Z;0.0190
2006-06-06T00:00:00.000Z;0.0140
2006-06-07T00:00:00.000Z;0.0140
2006-06-08T00:00:00.000Z;0.0140
2006-06-09T00:00:00.000Z;0.0140
2006-06-10T00:00:00.000Z;0.0140
2006-06-11T00:00:00.000Z;0.0100
2006-06-12T00:00:00.000Z;0.00800
2006-06-13T00:00:00.000Z;0.00800
2006-06-14T00:00:00.000Z;0.00800
2006-06-15T00:00:00.000Z;0.00800
2006-06-16T00:00:00.000Z;0.00800
2006-06-17T00:00:00.000Z;0.00600
2006-06-18T00:00:00.000Z;0.00
2006-08-18T00:00:00.000Z;0.00
2006-08-19T00:00:00.000Z;0.00
2006-08-23T00:00:00.000Z;0.00
2006-08-24T00:00:00.000Z;0.00300
2006-08-25T00:00:00.000Z;0.00800
2006-08-26T00:00:00.000Z;0.0110
2006-08-27T00:00:00.000Z;0.0100
2006-08-28T00:00:00.000Z;0.00800
2006-08-29T00:00:00.000Z;0.00600
2006-08-30T00:00:00.000Z;0.00800
2006-08-31T00:00:00.000Z;0.00700
2006-09-01T00:00:00.000Z;0.00600
2006-09-02T00:00:00.000Z;0.00400
2006-09-03T00:00:00.000Z;0.00100
2006-09-08T00:00:00.000Z;0.0740
2006-09-09T00:00:00.000Z;0.0420
2006-09-10T00:00:00.000Z;0.0350
2006-09-11T00:00:00.000Z;0.0340
2006-09-12T00:00:00.000Z;0.0330
2006-09-13T00:00:00.000Z;0.0290
2006-09-14T00:00:00.000Z;0.0340
2006-09-15T00:00:00.000Z;0.0990
2006-09-16T00:00:00.000Z;0.102
2006-09-17T00:00:00.000Z;0.0900
2006-09-18T00:00:00.000Z;0.0490
2006-09-19T00:00:00.000Z;0.0110
2006-09-26T00:00:00.000Z;0.0300
2006-09-27T00:00:00.000Z;0.0110
2006-10-04T00:00:00.000Z;0.0140
2006-10-05T00:00:00.000Z;0.0160
2006-10-06T00:00:00.000Z;0.0160
2006-10-07T00:00:00.000Z;0.0160
2006-10-08T00:00:00.000Z;0.0160
2006-10-09T00:00:00.000Z;0.0190
2006-10-10T00:00:00.000Z;0.0220
2006-10-11T00:00:00.000Z;0.0300
2006-10-12T00:00:00.000Z;0.149
2006-10-13T00:00:00.000Z;0.111
2006-10-14T00:00:00.000Z;0.0570
2006-10-15T00:00:00.000Z;0.0330
2006-10-16T00:00:00.000Z;0.00800
2006-10-27T00:00:00.000Z;0.00600
2006-10-28T00:00:00.000Z;0.00500
2006-10-29T00:00:00.000Z;0.00400
2006-10-30T00:00:00.000Z;0.00300
2006-10-31T00:00:00.000Z;0.00400
2006-11-01T00:00:00.000Z;0.00500
2006-11-02T00:00:00.000Z;0.00600
2006-11-03T00:00:00.000Z;0.00600
2006-11-04T00:00:00.000Z;0.00800
2006-11-05T00:00:00.000Z;0.0100
2006-11-06T00:00:00.000Z;0.0120
2006-11-07T00:00:00.000Z;0.0130
2006-11-08T00:00:00.000Z;0.00900
2006-11-09T00:00:00.000Z;0.00700
2006-11-10T00:00:00.000Z;0.00600
2006-11-11T00:00:00.000Z;0.00700
2006-11-12T00:00:00.000Z;0.00900
2006-11-21T00:00:00.000Z;0.0120
2006-11-22T00:00:00.000Z;0.0830
2006-11-23T00:00:00.000Z;0.157
2006-11-24T00:00:00.000Z;0.0930
2006-11-25T00:00:00.000Z;0.0640
2006-11-26T00:00:00.000Z;0.0530
2006-11-27T00:00:00.000Z;0.0300
2006-11-28T00:00:00.000Z;0.0110
2006-11-29T00:00:00.000Z;0.00200
2006-11-30T00:00:00.000Z;0.00
2006-12-07T00:00:00.000Z;0.0940
2006-12-08T00:00:00.000Z;0.0990
2006-12-09T00:00:00.000Z;0.147
2006-12-10T00:00:00.000Z;0.150
2006-12-11T00:00:00.000Z;0.136
2006-12-12T00:00:00.000Z;0.0910
2006-12-13T00:00:00.000Z;0.0600
2006-12-14T00:00:00.000Z;0.0480
2006-12-15T00:00:00.000Z;0.0440
2006-12-16T00:00:00.000Z;0.0260
2006-12-17T00:00:00.000Z;0.0280
2006-12-18T00:00:00.000Z;0.0400
2006-12-19T00:00:00.000Z;0.0180
2006-12-20T00:00:00.000Z;0.0140
2006-12-21T00:00:00.000Z;0.0140
2006-12-22T00:00:00.000Z;0.0140
2006-12-23T00:00:00.000Z;0.0120
2006-12-24T00:00:00.000Z;0.00800
2006-12-25T00:00:00.000Z;0.00800
2006-12-26T00:00:00.000Z;0.00600
2006-12-27T00:00:00.000Z;0.00
2007-02-09T00:00:00.000Z;0.0130
2007-02-10T00:00:00.000Z;0.0320
2007-02-11T00:00:00.000Z;0.0860
2007-02-12T00:00:00.000Z;0.134
2007-02-13T00:00:00.000Z;0.182
2007-02-14T00:00:00.000Z;0.111
2007-02-15T00:00:00.000Z;0.0870
2007-02-16T00:00:00.000Z;0.0730
2007-02-17T00:00:00.000Z;0.0660
2007-02-18T00:00:00.000Z;0.140
2007-02-19T00:00:00.000Z;0.292
2007-02-20T00:00:00.000Z;0.162
2007-02-21T00:00:00.000Z;0.0990
2007-02-22T00:00:00.000Z;0.0750
2007-02-23T00:00:00.000Z;0.0640
2007-02-24T00:00:00.000Z;0.0540
2007-02-25T00:00:00.000Z;0.0600
2007-02-26T00:00:00.000Z;0.140
2007-02-27T00:00:00.000Z;0.152
2007-02-28T00:00:00.000Z;0.118
2007-03-01T00:00:00.000Z;0.0920
2007-03-02T00:00:00.000Z;0.0750
2007-03-03T00:00:00.000Z;0.0650
2007-03-04T00:00:00.000Z;0.0600
2007-03-05T00:00:00.000Z;0.0560
2007-03-06T00:00:00.000Z;0.0560
2007-03-07T00:00:00.000Z;0.0590
2007-03-09T00:00:00.000Z;0.336
2007-03-10T00:00:00.000Z;0.204
2007-03-11T00:00:00.000Z;0.150
2007-03-12T00:00:00.000Z;0.114
2007-03-13T00:00:00.000Z;0.0910
2007-03-14T00:00:00.000Z;0.0730
2007-03-15T00:00:00.000Z;0.0650
2007-03-16T00:00:00.000Z;0.0570
2007-03-17T00:00:00.000Z;0.0520
2007-03-18T00:00:00.000Z;0.0470
2007-03-19T00:00:00.000Z;0.0690
2007-03-20T00:00:00.000Z;0.118
2007-03-21T00:00:00.000Z;0.109
2007-03-22T00:00:00.000Z;0.102
2007-03-25T00:00:00.000Z;0.426
2007-03-26T00:00:00.000Z;0.383
2007-03-27T00:00:00.000Z;0.320
2007-03-28T00:00:00.000Z;0.270
2007-03-29T00:00:00.000Z;0.203
2007-03-30T00:00:00.000Z;0.160
2007-03-31T00:00:00.000Z;0.135
2007-04-01T00:00:00.000Z;0.122
2007-04-02T00:00:00.000Z;0.113
2007-04-03T00:00:00.000Z;0.138
2007-04-04T00:00:00.000Z;0.245
2007-04-05T00:00:00.000Z;0.250
2007-04-06T00:00:00.000Z;0.193
2007-04-07T00:00:00.000Z;0.274
2007-04-08T00:00:00.000Z;0.214
2007-04-09T00:00:00.000Z;0.169
2007-04-10T00:00:00.000Z;0.141
2007-04-11T00:00:00.000Z;0.119
2007-04-12T00:00:00.000Z;0.104
2007-04-13T00:00:00.000Z;0.103
2007-04-15T00:00:00.000Z;0.354
2007-04-18T00:00:00.000Z;0.375
2007-04-19T00:00:00.000Z;0.257
2007-04-20T00:00:00.000Z;0.199
2007-04-21T00:00:00.000Z;0.162
2007-04-22T00:00:00.000Z;0.135
2007-04-23T00:00:00.000Z;0.115
2007-04-24T00:00:00.000Z;0.103
2007-04-25T00:00:00.000Z;0.0960
2007-04-26T00:00:00.000Z;0.0870
2007-04-27T00:00:00.000Z;0.0750
2007-04-28T00:00:00.000Z;0.0690
2007-04-29T00:00:00.000Z;0.0660
2007-04-30T00:00:00.000Z;0.0610
2007-05-01T00:00:00.000Z;0.222
2007-05-02T00:00:00.000Z;0.424
2007-05-03T00:00:00.000Z;0.250
2007-05-04T00:00:00.000Z;0.337
2007-05-05T00:00:00.000Z;0.316
2007-05-06T00:00:00.000Z;0.286
2007-05-07T00:00:00.000Z;0.253
2007-05-08T00:00:00.000Z;0.200
2007-05-09T00:00:00.000Z;0.159
2007-05-10T00:00:00.000Z;0.132
2007-05-11T00:00:00.000Z;0.113
2007-05-12T00:00:00.000Z;0.0970
2007-05-13T00:00:00.000Z;0.0880
2007-05-14T00:00:00.000Z;0.169
2007-05-15T00:00:00.000Z;0.186
2007-05-16T00:00:00.000Z;0.124
2007-05-17T00:00:00.000Z;0.100
2007-05-18T00:00:00.000Z;0.0890
2007-05-19T00:00:00.000Z;0.0830
2007-05-20T00:00:00.000Z;0.0790
2007-05-21T00:00:00.000Z;0.0790
2007-05-22T00:00:00.000Z;0.0720
2007-05-23T00:00:00.000Z;0.0690
2007-05-24T00:00:00.000Z;0.0640
2007-05-25T00:00:00.000Z;0.0620
2007-05-26T00:00:00.000Z;0.166
2007-05-27T00:00:00.000Z;0.325
2007-05-28T00:00:00.000Z;0.335
2007-05-29T00:00:00.000Z;0.218
2007-05-30T00:00:00.000Z;0.202
2007-05-31T00:00:00.000Z;0.291
2007-06-01T00:00:00.000Z;0.323
2007-06-02T00:00:00.000Z;0.217
2007-06-03T00:00:00.000Z;0.166
2007-06-05T00:00:00.000Z;0.447
2007-06-06T00:00:00.000Z;0.264
2007-06-07T00:00:00.000Z;0.202
2007-06-08T00:00:00.000Z;0.157
2007-06-09T00:00:00.000Z;0.124
2007-06-10T00:00:00.000Z;0.105
2007-06-11T00:00:00.000Z;0.0910
2007-06-12T00:00:00.000Z;0.0800
2007-06-13T00:00:00.000Z;0.0740
2007-06-14T00:00:00.000Z;0.0710
2007-06-15T00:00:00.000Z;0.0640
2007-06-16T00:00:00.000Z;0.0600
2007-06-17T00:00:00.000Z;0.0550
2007-06-18T00:00:00.000Z;0.0490
2007-06-19T00:00:00.000Z;0.0400
2007-06-20T00:00:00.000Z;0.0370
2007-06-21T00:00:00.000Z;0.0360
2007-06-22T00:00:00.000Z;0.0340
2007-06-23T00:00:00.000Z;0.0320
2007-06-24T00:00:00.000Z;0.0300
2007-06-25T00:00:00.000Z;0.0310
2007-06-26T00:00:00.000Z;0.0300
2007-06-27T00:00:00.000Z;0.0280
2007-06-28T00:00:00.000Z;0.0240
2007-06-29T00:00:00.000Z;0.0190
2007-06-30T00:00:00.000Z;0.0150
2007-07-01T00:00:00.000Z;0.0150
2007-07-02T00:00:00.000Z;0.0160
2007-07-03T00:00:00.000Z;0.0150
2007-07-04T00:00:00.000Z;0.0130
2007-07-05T00:00:00.000Z;0.0120
2007-07-06T00:00:00.000Z;0.0110
2007-07-07T00:00:00.000Z;0.0120
2007-07-08T00:00:00.000Z;0.0120
2007-07-09T00:00:00.000Z;0.0130
2007-08-14T00:00:00.000Z;0.00400
2007-08-16T00:00:00.000Z;0.00200
2007-08-17T00:00:00.000Z;0.00100
2007-08-20T00:00:00.000Z;0.00800
2007-08-21T00:00:00.000Z;0.0150
2007-08-22T00:00:00.000Z;0.0280
2007-08-23T00:00:00.000Z;0.0520
2007-08-24T00:00:00.000Z;0.0710
2007-08-25T00:00:00.000Z;0.0380
2007-08-26T00:00:00.000Z;0.0120
2007-08-27T00:00:00.000Z;0.00700
2007-08-28T00:00:00.000Z;0.00300
2007-08-29T00:00:00.000Z;0.00
2007-09-25T00:00:00.000Z;0.00800
2007-09-26T00:00:00.000Z;0.0140
2007-09-27T00:00:00.000Z;0.0150
2007-09-28T00:00:00.000Z;0.0220
2007-09-29T00:00:00.000Z;0.0210
2007-09-30T00:00:00.000Z;0.0160
2007-10-01T00:00:00.000Z;0.0120
2007-10-02T00:00:00.000Z;0.0110
2007-10-03T00:00:00.000Z;0.0110
2007-10-04T00:00:00.000Z;0.0100
2007-10-05T00:00:00.000Z;0.00900
2007-10-06T00:00:00.000Z;0.00900
2007-10-07T00:00:00.000Z;0.0100
2007-10-11T00:00:00.000Z;0.0360
2007-10-31T00:00:00.000Z;0.00900
2007-11-01T00:00:00.000Z;0.0100
2007-11-02T00:00:00.000Z;0.0100
2007-11-03T00:00:00.000Z;0.0100
2007-11-04T00:00:00.000Z;0.0100
2007-11-05T00:00:00.000Z;0.0110
2007-11-06T00:00:00.000Z;0.0100
2007-11-07T00:00:00.000Z;0.0100
2007-11-08T00:00:00.000Z;0.00800
2007-11-09T00:00:00.000Z;0.00800
2007-11-10T00:00:00.000Z;0.00900
2007-11-11T00:00:00.000Z;0.0100
2007-11-12T00:00:00.000Z;0.0100
2007-11-13T00:00:00.000Z;0.0100
2007-11-14T00:00:00.000Z;0.0160
2007-11-16T00:00:00.000Z;0.00600
2007-11-17T00:00:00.000Z;0.00700
2007-11-18T00:00:00.000Z;0.00400
2007-11-19T00:00:00.000Z;0.00200
2007-11-21T00:00:00.000Z;0.00300
2007-11-22T00:00:00.000Z;0.00300
2007-11-23T00:00:00.000Z;0.00400
2007-11-24T00:00:00.000Z;0.0260
2007-11-25T00:00:00.000Z;0.0270
2007-11-26T00:00:00.000Z;0.0220
2007-11-27T00:00:00.000Z;0.0170
2007-11-28T00:00:00.000Z;0.0160
2007-11-29T00:00:00.000Z;0.0140
2007-11-30T00:00:00.000Z;0.0130
2007-12-01T00:00:00.000Z;0.0100
2007-12-02T00:00:00.000Z;0.0100
2007-12-03T00:00:00.000Z;0.0130
2007-12-04T00:00:00.000Z;0.0240
2007-12-05T00:00:00.000Z;0.0310
2007-12-06T00:00:00.000Z;0.0260
2007-12-07T00:00:00.000Z;0.0300
2007-12-08T00:00:00.000Z;0.0860
2007-12-09T00:00:00.000Z;0.162
2007-12-10T00:00:00.000Z;0.362
2007-12-11T00:00:00.000Z;0.236
2007-12-12T00:00:00.000Z;0.118
2007-12-13T00:00:00.000Z;0.0690
2007-12-14T00:00:00.000Z;0.0440
2007-12-15T00:00:00.000Z;0.0330
2007-12-16T00:00:00.000Z;0.0280
2007-12-17T00:00:00.000Z;0.0140
2007-12-18T00:00:00.000Z;0.00500
2008-01-05T00:00:00.000Z;0.00800
2008-01-06T00:00:00.000Z;0.00900
2008-01-07T00:00:00.000Z;0.00700
2008-01-08T00:00:00.000Z;0.00500
2008-01-09T00:00:00.000Z;0.00400
2008-01-10T00:00:00.000Z;0.00200
2008-01-11T00:00:00.000Z;0.00800
2008-01-12T00:00:00.000Z;0.0300
2008-01-13T00:00:00.000Z;0.0710
2008-01-14T00:00:00.000Z;0.0620
2008-01-15T00:00:00.000Z;0.0430
2008-01-16T00:00:00.000Z;0.0570
2008-01-19T00:00:00.000Z;0.226
2008-01-20T00:00:00.000Z;0.150
2008-01-21T00:00:00.000Z;0.0960
2008-01-22T00:00:00.000Z;0.0670
2008-01-23T00:00:00.000Z;0.0490
2008-01-24T00:00:00.000Z;0.0380
2008-01-25T00:00:00.000Z;0.0310
2008-01-26T00:00:00.000Z;0.0270
2008-01-27T00:00:00.000Z;0.0200
2008-01-28T00:00:00.000Z;0.0120
2008-01-29T00:00:00.000Z;0.00900
2008-01-30T00:00:00.000Z;0.00600
2008-01-31T00:00:00.000Z;0.00300
2008-02-01T00:00:00.000Z;0.00200
2008-02-05T00:00:00.000Z;0.00400
2008-02-06T00:00:00.000Z;0.00300
2008-02-07T00:00:00.000Z;0.00200
2008-02-08T00:00:00.000Z;0.00200
2008-02-09T00:00:00.000Z;0.00200
2008-02-10T00:00:00.000Z;0.00200
2008-02-11T00:00:00.000Z;0.00100
2008-03-11T00:00:00.000Z;0.00500
2008-03-12T00:00:00.000Z;0.0300
2008-03-13T00:00:00.000Z;0.0410
2008-03-14T00:00:00.000Z;0.0420
2008-03-15T00:00:00.000Z;0.0380
2008-03-16T00:00:00.000Z;0.0350
2008-03-17T00:00:00.000Z;0.0310
2008-03-18T00:00:00.000Z;0.0290
2008-03-19T00:00:00.000Z;0.0310
2008-03-20T00:00:00.000Z;0.0360
2008-03-21T00:00:00.000Z;0.0360
2008-03-22T00:00:00.000Z;0.110
2008-03-23T00:00:00.000Z;0.198
2008-03-24T00:00:00.000Z;0.174
2008-03-25T00:00:00.000Z;0.260
2008-03-26T00:00:00.000Z;0.267
2008-03-27T00:00:00.000Z;0.276
2008-03-28T00:00:00.000Z;0.490
2008-03-29T00:00:00.000Z;0.283
2008-03-30T00:00:00.000Z;0.212
2008-03-31T00:00:00.000Z;0.296
2008-04-01T00:00:00.000Z;0.334
2008-04-02T00:00:00.000Z;0.276
2008-04-03T00:00:00.000Z;0.192
2008-04-04T00:00:00.000Z;0.153
2008-04-05T00:00:00.000Z;0.122
2008-04-06T00:00:00.000Z;0.105
2008-04-07T00:00:00.000Z;0.0890
2008-04-08T00:00:00.000Z;0.0800
2008-04-09T00:00:00.000Z;0.0680
2008-04-10T00:00:00.000Z;0.0620
2008-04-11T00:00:00.000Z;0.0620
2008-04-12T00:00:00.000Z;0.0730
2008-04-13T00:00:00.000Z;0.0660
2008-04-14T00:00:00.000Z;0.0830
2008-04-15T00:00:00.000Z;0.133
2008-04-16T00:00:00.000Z;0.131
2008-04-17T00:00:00.000Z;0.126
2008-04-18T00:00:00.000Z;0.183
2008-04-19T00:00:00.000Z;0.189
2008-04-20T00:00:00.000Z;0.225
2008-04-21T00:00:00.000Z;0.298
2008-04-22T00:00:00.000Z;0.211
2008-04-23T00:00:00.000Z;0.177
2008-04-24T00:00:00.000Z;0.147
2008-04-25T00:00:00.000Z;0.128
2008-04-26T00:00:00.000Z;0.117
2008-04-27T00:00:00.000Z;0.106
2008-04-28T00:00:00.000Z;0.101
2008-04-29T00:00:00.000Z;0.0910
2008-04-30T00:00:00.000Z;0.0850
2008-05-01T00:00:00.000Z;0.0790
2008-05-02T00:00:00.000Z;0.0740
2008-05-03T00:00:00.000Z;0.0680
2008-05-04T00:00:00.000Z;0.0630
2008-05-05T00:00:00.000Z;0.0560
2008-05-06T00:00:00.000Z;0.0540
2008-05-07T00:00:00.000Z;0.0530
2008-05-08T00:00:00.000Z;0.0510
2008-05-09T00:00:00.000Z;0.0480
2008-05-10T00:00:00.000Z;0.0480
2008-05-11T00:00:00.000Z;0.0440
2008-05-12T00:00:00.000Z;0.0400
2008-05-13T00:00:00.000Z;0.0350
2008-05-14T00:00:00.000Z;0.0330
2008-05-15T00:00:00.000Z;0.0310
2008-05-16T00:00:00.000Z;0.0260
2008-05-17T00:00:00.000Z;0.0230
2008-05-18T00:00:00.000Z;0.0250
2008-05-19T00:00:00.000Z;0.188
2008-05-20T00:00:00.000Z;0.185
2008-05-21T00:00:00.000Z;0.106
2008-05-22T00:00:00.000Z;0.0780
2008-05-23T00:00:00.000Z;0.0680
2008-05-24T00:00:00.000Z;0.0620
2008-05-25T00:00:00.000Z;0.0570
2008-05-26T00:00:00.000Z;0.0560
2008-05-27T00:00:00.000Z;0.0880
2008-05-28T00:00:00.000Z;0.271
2008-05-29T00:00:00.000Z;0.327
2008-05-30T00:00:00.000Z;0.180
2008-05-31T00:00:00.000Z;0.124
2008-06-01T00:00:00.000Z;0.112
2008-06-02T00:00:00.000Z;0.200
2008-06-03T00:00:00.000Z;0.255
2008-06-04T00:00:00.000Z;0.209
2008-06-05T00:00:00.000Z;0.148
2008-06-06T00:00:00.000Z;0.182
2008-06-07T00:00:00.000Z;0.189
2008-06-08T00:00:00.000Z;0.137
2008-06-09T00:00:00.000Z;0.134
2008-06-10T00:00:00.000Z;0.316
2008-06-11T00:00:00.000Z;0.445
2008-06-12T00:00:00.000Z;0.360
2008-06-13T00:00:00.000Z;0.280
2008-06-14T00:00:00.000Z;0.501
2008-06-15T00:00:00.000Z;0.273
2008-06-16T00:00:00.000Z;0.210
2008-06-17T00:00:00.000Z;0.164
2008-06-18T00:00:00.000Z;0.129
2008-06-19T00:00:00.000Z;0.109
2008-06-20T00:00:00.000Z;0.0960
2008-06-21T00:00:00.000Z;0.0850
2008-06-22T00:00:00.000Z;0.0780
2008-06-23T00:00:00.000Z;0.0710
2008-06-24T00:00:00.000Z;0.0690
2008-06-25T00:00:00.000Z;0.0670
2008-06-26T00:00:00.000Z;0.0600
2008-06-27T00:00:00.000Z;0.0560
2008-06-28T00:00:00.000Z;0.0540
2008-06-29T00:00:00.000Z;0.0480
2008-06-30T00:00:00.000Z;0.0430
2008-07-01T00:00:00.000Z;0.0410
2008-07-02T00:00:00.000Z;0.0410
2008-07-03T00:00:00.000Z;0.0400
2008-07-04T00:00:00.000Z;0.0370
2008-07-05T00:00:00.000Z;0.0350
2008-07-06T00:00:00.000Z;0.0320
2008-07-07T00:00:00.000Z;0.0300
2008-07-08T00:00:00.000Z;0.0270
2008-07-09T00:00:00.000Z;0.0210
2008-07-10T00:00:00.000Z;0.0140
2008-07-11T00:00:00.000Z;0.0150
2008-07-12T00:00:00.000Z;0.173
2008-07-13T00:00:00.000Z;0.314
2008-07-14T00:00:00.000Z;0.148
2008-07-15T00:00:00.000Z;0.0940
2008-07-16T00:00:00.000Z;0.0730
2008-07-17T00:00:00.000Z;0.0640
2008-07-18T00:00:00.000Z;0.0580
2008-07-19T00:00:00.000Z;0.0510
2008-07-20T00:00:00.000Z;0.0380
2008-07-21T00:00:00.000Z;0.0310
2008-07-22T00:00:00.000Z;0.0250
2008-07-23T00:00:00.000Z;0.0230
2008-07-24T00:00:00.000Z;0.0230
2008-07-25T00:00:00.000Z;0.0200
2008-07-26T00:00:00.000Z;0.0140
2008-07-27T00:00:00.000Z;0.0110
2008-07-28T00:00:00.000Z;0.00900
2008-07-29T00:00:00.000Z;0.00700
2008-07-30T00:00:00.000Z;0.00500
2008-07-31T00:00:00.000Z;0.00200
2008-08-01T00:00:00.000Z;0.00200
2008-09-07T00:00:00.000Z;0.0180
2008-09-08T00:00:00.000Z;0.0180
2008-09-09T00:00:00.000Z;0.0190
2008-09-10T00:00:00.000Z;0.0230
2008-09-11T00:00:00.000Z;0.0310
2008-09-12T00:00:00.000Z;0.0500
2008-09-13T00:00:00.000Z;0.0520
2008-09-14T00:00:00.000Z;0.0500
2008-09-15T00:00:00.000Z;0.0120
2008-09-16T00:00:00.000Z;0.0110
2008-09-17T00:00:00.000Z;0.0110
2008-09-18T00:00:00.000Z;0.0140
2008-09-19T00:00:00.000Z;0.0170
2008-09-20T00:00:00.000Z;0.0200
2008-09-21T00:00:00.000Z;0.0190
2008-09-22T00:00:00.000Z;0.0180
2008-09-23T00:00:00.000Z;0.0200
2008-09-24T00:00:00.000Z;0.0190
2008-09-25T00:00:00.000Z;0.0130
2008-09-26T00:00:00.000Z;0.00900
2008-09-27T00:00:00.000Z;0.00800
2008-09-28T00:00:00.000Z;0.00800
2008-09-29T00:00:00.000Z;0.00800
2008-09-30T00:00:00.000Z;0.00900
2008-10-01T00:00:00.000Z;0.0100
2008-10-02T00:00:00.000Z;0.0100
2008-10-03T00:00:00.000Z;0.0110
2008-10-04T00:00:00.000Z;0.0120
2008-10-05T00:00:00.000Z;0.0120
2008-10-06T00:00:00.000Z;0.0110
2008-10-07T00:00:00.000Z;0.0100
2008-10-08T00:00:00.000Z;0.0100
2008-10-09T00:00:00.000Z;0.0110
2008-10-10T00:00:00.000Z;0.0110
2008-10-11T00:00:00.000Z;0.00900
2008-10-12T00:00:00.000Z;0.00500
2008-10-13T00:00:00.000Z;0.00400
2008-10-14T00:00:00.000Z;0.00300
2008-10-15T00:00:00.000Z;0.00100
2008-10-16T00:00:00.000Z;0.00
2008-10-17T00:00:00.000Z;0.00
2008-10-18T00:00:00.000Z;0.00200
2008-10-19T00:00:00.000Z;0.00100
2008-10-23T00:00:00.000Z;0.00800
2008-10-24T00:00:00.000Z;0.00800
2008-10-25T00:00:00.000Z;0.00800
2008-10-26T00:00:00.000Z;0.00700
2008-10-27T00:00:00.000Z;0.00700
2008-10-28T00:00:00.000Z;0.0660
2008-10-29T00:00:00.000Z;0.0930
2008-10-30T00:00:00.000Z;0.0370
2008-11-03T00:00:00.000Z;0.150
2008-11-04T00:00:00.000Z;0.0650
2008-11-05T00:00:00.000Z;0.0430
2008-11-07T00:00:00.000Z;0.215
2008-11-08T00:00:00.000Z;0.116
2008-11-09T00:00:00.000Z;0.0660
2008-11-10T00:00:00.000Z;0.0470
2008-11-11T00:00:00.000Z;0.0430
2008-11-12T00:00:00.000Z;0.176
2008-11-13T00:00:00.000Z;0.167
2008-11-14T00:00:00.000Z;0.144
2008-11-15T00:00:00.000Z;0.0970
2008-11-16T00:00:00.000Z;0.0680
2008-11-17T00:00:00.000Z;0.0500
2008-11-18T00:00:00.000Z;0.0510
2008-11-19T00:00:00.000Z;0.147
2008-11-20T00:00:00.000Z;0.169
2008-11-21T00:00:00.000Z;0.104
2008-11-22T00:00:00.000Z;0.216
2008-11-25T00:00:00.000Z;0.357
2008-11-26T00:00:00.000Z;0.220
2008-11-27T00:00:00.000Z;0.168
2008-11-28T00:00:00.000Z;0.138
2008-11-29T00:00:00.000Z;0.111
2008-11-30T00:00:00.000Z;0.0920
2008-12-01T00:00:00.000Z;0.100
2008-12-02T00:00:00.000Z;0.122
2008-12-03T00:00:00.000Z;0.118
2008-12-04T00:00:00.000Z;0.112
2008-12-05T00:00:00.000Z;0.164
2008-12-06T00:00:00.000Z;0.197
2008-12-07T00:00:00.000Z;0.143
2008-12-08T00:00:00.000Z;0.114
2008-12-09T00:00:00.000Z;0.120
2008-12-10T00:00:00.000Z;0.163
2008-12-11T00:00:00.000Z;0.158
2008-12-12T00:00:00.000Z;0.121
2008-12-13T00:00:00.000Z;0.127
2008-12-14T00:00:00.000Z;0.233
2008-12-15T00:00:00.000Z;0.232
2008-12-16T00:00:00.000Z;0.227
2008-12-17T00:00:00.000Z;0.247
2008-12-18T00:00:00.000Z;0.464
2008-12-19T00:00:00.000Z;0.271
2008-12-20T00:00:00.000Z;0.220
2008-12-21T00:00:00.000Z;0.169
2008-12-22T00:00:00.000Z;0.136
2008-12-23T00:00:00.000Z;0.112
2008-12-24T00:00:00.000Z;0.0980
2008-12-25T00:00:00.000Z;0.0800
2008-12-26T00:00:00.000Z;0.0760
2008-12-27T00:00:00.000Z;0.0680
2008-12-28T00:00:00.000Z;0.0610
2008-12-29T00:00:00.000Z;0.0540
2008-12-30T00:00:00.000Z;0.0420
2008-12-31T00:00:00.000Z;0.0390
2009-01-01T00:00:00.000Z;0.0360
2009-01-02T00:00:00.000Z;0.0340
2009-01-03T00:00:00.000Z;0.0320
2009-01-04T00:00:00.000Z;0.0270
2009-01-05T00:00:00.000Z;0.0250
2009-01-06T00:00:00.000Z;0.0250
2009-01-07T00:00:00.000Z;0.0240
2009-01-08T00:00:00.000Z;0.0210
2009-01-09T00:00:00.000Z;0.0180
2009-01-10T00:00:00.000Z;0.0160
2009-01-11T00:00:00.000Z;0.0130
2009-01-12T00:00:00.000Z;0.0110
2009-01-13T00:00:00.000Z;0.0120
2009-01-14T00:00:00.000Z;0.0930
2009-01-15T00:00:00.000Z;0.136
2009-01-16T00:00:00.000Z;0.0890
2009-01-17T00:00:00.000Z;0.0690
2009-01-18T00:00:00.000Z;0.0620
2009-01-19T00:00:00.000Z;0.0650
2009-01-20T00:00:00.000Z;0.164
2009-01-21T00:00:00.000Z;0.166
2009-01-22T00:00:00.000Z;0.123
2009-01-23T00:00:00.000Z;0.548
2009-01-24T00:00:00.000Z;0.409
2009-01-25T00:00:00.000Z;0.398
2009-01-26T00:00:00.000Z;0.496
2009-01-27T00:00:00.000Z;0.649
2009-01-28T00:00:00.000Z;0.392
2009-01-29T00:00:00.000Z;0.287
2009-01-30T00:00:00.000Z;0.217
2009-01-31T00:00:00.000Z;0.178
2009-02-01T00:00:00.000Z;0.151
2009-02-02T00:00:00.000Z;0.127
2009-02-03T00:00:00.000Z;0.162
2009-02-04T00:00:00.000Z;0.173
2009-02-05T00:00:00.000Z;0.150
2009-02-06T00:00:00.000Z;0.153
2009-02-07T00:00:00.000Z;0.203
2009-02-08T00:00:00.000Z;0.174
2009-02-09T00:00:00.000Z;0.191
2009-02-10T00:00:00.000Z;0.234
2009-02-11T00:00:00.000Z;0.251
2009-02-12T00:00:00.000Z;0.400
2009-02-13T00:00:00.000Z;0.346
2009-02-14T00:00:00.000Z;0.291
2009-02-15T00:00:00.000Z;0.282
2009-02-16T00:00:00.000Z;0.229
2009-02-17T00:00:00.000Z;0.193
2009-02-18T00:00:00.000Z;0.169
2009-02-19T00:00:00.000Z;0.184
2009-02-20T00:00:00.000Z;0.198
2009-02-21T00:00:00.000Z;0.186
2009-02-22T00:00:00.000Z;0.166
2009-02-23T00:00:00.000Z;0.159
2009-02-24T00:00:00.000Z;0.154
2009-02-25T00:00:00.000Z;0.129
2009-02-26T00:00:00.000Z;0.107
2009-02-27T00:00:00.000Z;0.0940
2009-02-28T00:00:00.000Z;0.0890
2009-03-01T00:00:00.000Z;0.0820
2009-03-02T00:00:00.000Z;0.0730
2009-03-03T00:00:00.000Z;0.0670
2009-03-04T00:00:00.000Z;0.0740
2009-03-05T00:00:00.000Z;0.0850
2009-03-06T00:00:00.000Z;0.123
2009-03-07T00:00:00.000Z;0.308
2009-03-08T00:00:00.000Z;0.377
2009-03-09T00:00:00.000Z;0.266
2009-03-10T00:00:00.000Z;0.192
2009-03-11T00:00:00.000Z;0.148
2009-03-12T00:00:00.000Z;0.118
2009-03-13T00:00:00.000Z;0.100
2009-03-14T00:00:00.000Z;0.0860
2009-03-15T00:00:00.000Z;0.0770
2009-03-16T00:00:00.000Z;0.0700
2009-03-17T00:00:00.000Z;0.0680
2009-03-18T00:00:00.000Z;0.0690
2009-03-19T00:00:00.000Z;0.0690
2009-03-20T00:00:00.000Z;0.0690
2009-03-21T00:00:00.000Z;0.0690
2009-03-22T00:00:00.000Z;0.0690
2009-03-23T00:00:00.000Z;0.0690
2009-03-24T00:00:00.000Z;0.0700
2009-03-25T00:00:00.000Z;0.0700
2009-03-26T00:00:00.000Z;0.0700
2009-03-27T00:00:00.000Z;0.0700
2009-03-28T00:00:00.000Z;0.0700
2009-03-29T00:00:00.000Z;0.0710
2009-03-30T00:00:00.000Z;0.0660
2009-03-31T00:00:00.000Z;0.0600
2009-04-01T00:00:00.000Z;0.0590
2009-04-02T00:00:00.000Z;0.0580
2009-04-03T00:00:00.000Z;0.0560
2009-04-04T00:00:00.000Z;0.0480
2009-04-05T00:00:00.000Z;0.0440
2009-04-06T00:00:00.000Z;0.0410
2009-04-07T00:00:00.000Z;0.0690
2009-04-08T00:00:00.000Z;0.0970
2009-04-09T00:00:00.000Z;0.0990
2009-04-10T00:00:00.000Z;0.102
2009-04-11T00:00:00.000Z;0.111
2009-04-12T00:00:00.000Z;0.136
2009-04-13T00:00:00.000Z;0.143
2009-04-14T00:00:00.000Z;0.144
2009-04-15T00:00:00.000Z;0.144
2009-04-16T00:00:00.000Z;0.147
2009-04-17T00:00:00.000Z;0.147
2009-04-18T00:00:00.000Z;0.147
2009-04-19T00:00:00.000Z;0.147
2009-04-20T00:00:00.000Z;0.147
2009-04-21T00:00:00.000Z;0.154
2009-04-22T00:00:00.000Z;0.157
2009-04-23T00:00:00.000Z;0.159
2009-04-24T00:00:00.000Z;0.160
2009-04-25T00:00:00.000Z;0.162
2009-04-26T00:00:00.000Z;0.166
2009-04-27T00:00:00.000Z;0.186
2009-04-28T00:00:00.000Z;0.190
2009-04-29T00:00:00.000Z;0.193
2009-04-30T00:00:00.000Z;0.195
2009-05-01T00:00:00.000Z;0.258
2009-05-02T00:00:00.000Z;0.271
2009-05-03T00:00:00.000Z;0.269
2009-05-04T00:00:00.000Z;0.229
2009-05-05T00:00:00.000Z;0.190
2009-05-06T00:00:00.000Z;0.157
2009-05-07T00:00:00.000Z;0.137
2009-05-08T00:00:00.000Z;0.121
2009-05-09T00:00:00.000Z;0.106
2009-05-10T00:00:00.000Z;0.0960
2009-05-11T00:00:00.000Z;0.0870
2009-05-12T00:00:00.000Z;0.0800
2009-05-13T00:00:00.000Z;0.0780
2009-05-14T00:00:00.000Z;0.0770
2009-05-15T00:00:00.000Z;0.0820
2009-05-16T00:00:00.000Z;0.0780
2009-05-17T00:00:00.000Z;0.0740
2009-05-18T00:00:00.000Z;0.0670
2009-05-19T00:00:00.000Z;0.0690
2009-05-20T00:00:00.000Z;0.0680
2009-05-21T00:00:00.000Z;0.0660
2009-05-22T00:00:00.000Z;0.0630
2009-05-23T00:00:00.000Z;0.0610
2009-05-24T00:00:00.000Z;0.0580
2009-05-25T00:00:00.000Z;0.0520
2009-05-26T00:00:00.000Z;0.0450
2009-05-27T00:00:00.000Z;0.0380
2009-05-28T00:00:00.000Z;0.0350
2009-05-29T00:00:00.000Z;0.0340
2009-05-30T00:00:00.000Z;0.0340
2009-05-31T00:00:00.000Z;0.0320
2009-06-01T00:00:00.000Z;0.0300
2009-06-02T00:00:00.000Z;0.0270
2009-06-03T00:00:00.000Z;0.0230
2009-06-04T00:00:00.000Z;0.0210
2009-06-05T00:00:00.000Z;0.0260
2009-06-06T00:00:00.000Z;0.0900
2009-06-07T00:00:00.000Z;0.0690
2009-06-08T00:00:00.000Z;0.0590
2009-06-09T00:00:00.000Z;0.0420
2009-06-10T00:00:00.000Z;0.0290
2009-06-11T00:00:00.000Z;0.0240
2009-06-12T00:00:00.000Z;0.0190
2009-06-13T00:00:00.000Z;0.0170
2009-06-14T00:00:00.000Z;0.0150
2009-06-15T00:00:00.000Z;0.0140
2009-06-16T00:00:00.000Z;0.0130
2009-06-17T00:00:00.000Z;0.0110
2009-06-18T00:00:00.000Z;0.00900
2009-06-19T00:00:00.000Z;0.00800
2009-06-20T00:00:00.000Z;0.00700
2009-06-21T00:00:00.000Z;0.00500
2009-06-22T00:00:00.000Z;0.00400
2009-06-23T00:00:00.000Z;0.00200
2009-06-24T00:00:00.000Z;0.00200
2009-07-05T00:00:00.000Z;0.00200
2009-07-06T00:00:00.000Z;0.00100
2009-07-18T00:00:00.000Z;0.00800
2009-07-19T00:00:00.000Z;0.00800
2009-07-20T00:00:00.000Z;0.0110
2009-07-21T00:00:00.000Z;0.0230
2009-07-22T00:00:00.000Z;0.0160
2009-07-23T00:00:00.000Z;0.0140
2009-07-30T00:00:00.000Z;0.00200
2009-07-31T00:00:00.000Z;0.00100
2009-08-02T00:00:00.000Z;0.00400
2009-08-03T00:00:00.000Z;0.00500
2009-08-04T00:00:00.000Z;0.00400
2009-08-05T00:00:00.000Z;0.00600
2009-08-06T00:00:00.000Z;0.0280
2009-08-07T00:00:00.000Z;0.0370
2009-08-08T00:00:00.000Z;0.0360
2009-08-09T00:00:00.000Z;0.0410
2009-08-10T00:00:00.000Z;0.0430
2009-08-11T00:00:00.000Z;0.0420
2009-08-12T00:00:00.000Z;0.0400
2009-08-13T00:00:00.000Z;0.0400
2009-08-14T00:00:00.000Z;0.0410
2009-08-15T00:00:00.000Z;0.0400
2009-08-16T00:00:00.000Z;0.0390
2009-08-17T00:00:00.000Z;0.0370
2009-08-18T00:00:00.000Z;0.0370
2009-08-19T00:00:00.000Z;0.0370
2009-08-20T00:00:00.000Z;0.0350
2009-08-21T00:00:00.000Z;0.0350
2009-08-22T00:00:00.000Z;0.0340
2009-08-23T00:00:00.000Z;0.0320
2009-08-24T00:00:00.000Z;0.0320
2009-08-25T00:00:00.000Z;0.0350
2009-08-26T00:00:00.000Z;0.0350
2009-08-27T00:00:00.000Z;0.0320
2009-08-28T00:00:00.000Z;0.0310
2009-08-29T00:00:00.000Z;0.0310
2009-08-30T00:00:00.000Z;0.0300
2009-08-31T00:00:00.000Z;0.0290
2009-09-01T00:00:00.000Z;0.0290
2009-09-02T00:00:00.000Z;0.0320
2009-09-03T00:00:00.000Z;0.0300
2009-09-04T00:00:00.000Z;0.0280
2009-09-05T00:00:00.000Z;0.0270
2009-09-06T00:00:00.000Z;0.0260
2009-09-07T00:00:00.000Z;0.0250
2009-09-08T00:00:00.000Z;0.0240
2009-09-09T00:00:00.000Z;0.0240
2009-09-10T00:00:00.000Z;0.0250
2009-09-11T00:00:00.000Z;0.0250
2009-09-12T00:00:00.000Z;0.0250
2009-09-13T00:00:00.000Z;0.0250
2009-09-14T00:00:00.000Z;0.0250
2009-09-15T00:00:00.000Z;0.0250
2009-09-16T00:00:00.000Z;0.0230
2009-09-17T00:00:00.000Z;0.0230
2009-09-18T00:00:00.000Z;0.0210
2009-09-19T00:00:00.000Z;0.0210
2009-09-20T00:00:00.000Z;0.0210
2009-09-21T00:00:00.000Z;0.0240
2009-09-22T00:00:00.000Z;0.0230
2009-09-23T00:00:00.000Z;0.0210
2009-09-24T00:00:00.000Z;0.0170
2009-09-25T00:00:00.000Z;0.0140
2009-09-26T00:00:00.000Z;0.0120
2009-09-27T00:00:00.000Z;0.0120
2009-09-28T00:00:00.000Z;0.0120
2009-09-29T00:00:00.000Z;0.0120
2009-09-30T00:00:00.000Z;0.0130
2009-10-01T00:00:00.000Z;0.0130
2009-10-02T00:00:00.000Z;0.0130
2009-10-03T00:00:00.000Z;0.0130
2009-10-04T00:00:00.000Z;0.0140
2009-10-07T00:00:00.000Z;0.00200
2009-10-08T00:00:00.000Z;0.00900
2009-10-09T00:00:00.000Z;0.0140
2009-10-10T00:00:00.000Z;0.0140
2009-10-11T00:00:00.000Z;0.0170
2009-10-12T00:00:00.000Z;0.0220
2009-10-13T00:00:00.000Z;0.0250
2009-10-14T00:00:00.000Z;0.0250
2009-10-15T00:00:00.000Z;0.0250
2009-10-16T00:00:00.000Z;0.0250
2009-10-17T00:00:00.000Z;0.0190
2009-10-18T00:00:00.000Z;0.0140
2009-10-19T00:00:00.000Z;0.0140
2009-10-20T00:00:00.000Z;0.0140
2009-10-21T00:00:00.000Z;0.0200
2009-10-26T00:00:00.000Z;0.0160
2009-10-27T00:00:00.000Z;0.0250
2009-10-28T00:00:00.000Z;0.0250
2009-10-29T00:00:00.000Z;0.0250
2009-10-30T00:00:00.000Z;0.0250
2009-10-31T00:00:00.000Z;0.0250
2009-11-01T00:00:00.000Z;0.0250
2009-11-02T00:00:00.000Z;0.0330
2009-11-03T00:00:00.000Z;0.0230
2009-11-04T00:00:00.000Z;0.0630
2009-11-05T00:00:00.000Z;0.0490
2009-11-06T00:00:00.000Z;0.0440
2009-11-07T00:00:00.000Z;0.0830
2009-11-08T00:00:00.000Z;0.278
2009-11-09T00:00:00.000Z;0.408
2009-11-10T00:00:00.000Z;0.179
2009-11-11T00:00:00.000Z;0.360
2009-11-12T00:00:00.000Z;0.266
2009-11-13T00:00:00.000Z;0.140
2009-11-14T00:00:00.000Z;0.0910
2009-11-15T00:00:00.000Z;0.0680
2009-11-16T00:00:00.000Z;0.0630
2009-11-17T00:00:00.000Z;0.0500
2009-11-18T00:00:00.000Z;0.0230
2009-11-19T00:00:00.000Z;0.0140
2009-11-20T00:00:00.000Z;0.0130
2009-11-21T00:00:00.000Z;0.00800
2009-11-22T00:00:00.000Z;0.00200
2009-11-23T00:00:00.000Z;0.00100
2009-11-24T00:00:00.000Z;0.00200
2009-11-25T00:00:00.000Z;0.00200
2009-11-29T00:00:00.000Z;0.00200
2009-11-30T00:00:00.000Z;0.0260
2009-12-01T00:00:00.000Z;0.0820
2009-12-02T00:00:00.000Z;0.109
2009-12-03T00:00:00.000Z;0.126
2009-12-05T00:00:00.000Z;0.313
2009-12-06T00:00:00.000Z;0.179
2009-12-07T00:00:00.000Z;0.113
2009-12-08T00:00:00.000Z;0.0850
2009-12-09T00:00:00.000Z;0.0700
2009-12-10T00:00:00.000Z;0.0620
2009-12-11T00:00:00.000Z;0.0570
2009-12-12T00:00:00.000Z;0.0440
2009-12-13T00:00:00.000Z;0.0350
2009-12-14T00:00:00.000Z;0.0310
2009-12-15T00:00:00.000Z;0.0250
2009-12-16T00:00:00.000Z;0.0180
2009-12-17T00:00:00.000Z;0.0140
2009-12-18T00:00:00.000Z;0.00900
2009-12-19T00:00:00.000Z;0.00600
2009-12-20T00:00:00.000Z;0.00200
2009-12-21T00:00:00.000Z;0.00100
2009-12-27T00:00:00.000Z;0.0420
2009-12-28T00:00:00.000Z;0.0510
2009-12-29T00:00:00.000Z;0.0520
2009-12-30T00:00:00.000Z;0.0460
2009-12-31T00:00:00.000Z;0.0470
2010-01-01T00:00:00.000Z;0.0500
2010-01-02T00:00:00.000Z;0.0320
2010-01-03T00:00:00.000Z;0.0290
2010-01-04T00:00:00.000Z;0.0290
2010-01-05T00:00:00.000Z;0.0360
2010-01-06T00:00:00.000Z;0.0300
2010-01-07T00:00:00.000Z;0.0290
2010-01-08T00:00:00.000Z;0.0290
2010-01-09T00:00:00.000Z;0.0260
2010-01-10T00:00:00.000Z;0.0250
2010-01-11T00:00:00.000Z;0.0260
2010-01-12T00:00:00.000Z;0.0340
2010-01-13T00:00:00.000Z;0.408
2010-01-16T00:00:00.000Z;0.306
2010-01-17T00:00:00.000Z;0.248
2010-01-18T00:00:00.000Z;0.247
2010-01-19T00:00:00.000Z;0.188
2010-01-20T00:00:00.000Z;0.248
2010-01-21T00:00:00.000Z;0.274
2010-01-22T00:00:00.000Z;0.201
2010-01-23T00:00:00.000Z;0.155
2010-01-24T00:00:00.000Z;0.127
2010-01-25T00:00:00.000Z;0.163
2010-01-26T00:00:00.000Z;0.166
2010-01-27T00:00:00.000Z;0.136
2010-01-28T00:00:00.000Z;0.112
2010-01-29T00:00:00.000Z;0.134
2010-01-30T00:00:00.000Z;0.268
2010-01-31T00:00:00.000Z;0.246
2010-02-01T00:00:00.000Z;0.198
2010-02-02T00:00:00.000Z;0.162
2010-02-03T00:00:00.000Z;0.147
2010-02-04T00:00:00.000Z;0.136
2010-02-05T00:00:00.000Z;0.218
2010-02-06T00:00:00.000Z;0.241
2010-02-07T00:00:00.000Z;0.234
2010-02-08T00:00:00.000Z;0.251
2010-02-09T00:00:00.000Z;0.200
2010-02-10T00:00:00.000Z;0.164
2010-02-11T00:00:00.000Z;0.145
2010-02-12T00:00:00.000Z;0.124
2010-02-13T00:00:00.000Z;0.111
2010-02-14T00:00:00.000Z;0.102
2010-02-15T00:00:00.000Z;0.0940
2010-02-16T00:00:00.000Z;0.0870
2010-02-17T00:00:00.000Z;0.0830
2010-02-18T00:00:00.000Z;0.102
2010-02-19T00:00:00.000Z;0.245
2010-02-20T00:00:00.000Z;0.264
2010-02-21T00:00:00.000Z;0.199
2010-02-22T00:00:00.000Z;0.163
2010-02-23T00:00:00.000Z;0.134
2010-02-24T00:00:00.000Z;0.113
2010-02-25T00:00:00.000Z;0.103
2010-02-26T00:00:00.000Z;0.0920
2010-02-27T00:00:00.000Z;0.0830
2010-02-28T00:00:00.000Z;0.0790
2010-03-01T00:00:00.000Z;0.0760
2010-03-02T00:00:00.000Z;0.0710
2010-03-03T00:00:00.000Z;0.0680
2010-03-04T00:00:00.000Z;0.0690
2010-03-05T00:00:00.000Z;0.0880
2010-03-06T00:00:00.000Z;0.0920
2010-03-07T00:00:00.000Z;0.0900
2010-03-08T00:00:00.000Z;0.0880
2010-03-09T00:00:00.000Z;0.0830
2010-03-10T00:00:00.000Z;0.0800
2010-03-11T00:00:00.000Z;0.0790
2010-03-12T00:00:00.000Z;0.0760
2010-03-13T00:00:00.000Z;0.0700
2010-03-14T00:00:00.000Z;0.0680
2010-03-15T00:00:00.000Z;0.0760
2010-03-16T00:00:00.000Z;0.0940
2010-03-17T00:00:00.000Z;0.0990
2010-03-18T00:00:00.000Z;0.0980
2010-03-19T00:00:00.000Z;0.0940
2010-03-20T00:00:00.000Z;0.0900
2010-03-21T00:00:00.000Z;0.0850
2010-03-22T00:00:00.000Z;0.0780
2010-03-23T00:00:00.000Z;0.0760
2010-03-24T00:00:00.000Z;0.0780
2010-03-25T00:00:00.000Z;0.0780
2010-03-26T00:00:00.000Z;0.0750
2010-03-27T00:00:00.000Z;0.0720
2010-03-28T00:00:00.000Z;0.0710
2010-03-29T00:00:00.000Z;0.0700
2010-03-30T00:00:00.000Z;0.0710
2010-03-31T00:00:00.000Z;0.0710
2010-04-01T00:00:00.000Z;0.0730
2010-04-02T00:00:00.000Z;0.0770
2010-04-03T00:00:00.000Z;0.0810
2010-04-04T00:00:00.000Z;0.0820
2010-04-05T00:00:00.000Z;0.0810
2010-04-06T00:00:00.000Z;0.0820
2010-04-07T00:00:00.000Z;0.131
2010-04-08T00:00:00.000Z;0.442
2010-04-09T00:00:00.000Z;0.228
2010-04-10T00:00:00.000Z;0.166
2010-04-11T00:00:00.000Z;0.136
2010-04-12T00:00:00.000Z;0.116
2010-04-13T00:00:00.000Z;0.0960
2010-04-14T00:00:00.000Z;0.0830
2010-04-15T00:00:00.000Z;0.0770
2010-04-16T00:00:00.000Z;0.0690
2010-04-17T00:00:00.000Z;0.0640
2010-04-18T00:00:00.000Z;0.0610
2010-04-19T00:00:00.000Z;0.0740
2010-04-20T00:00:00.000Z;0.184
2010-04-21T00:00:00.000Z;0.128
2010-04-23T00:00:00.000Z;0.378
2010-04-24T00:00:00.000Z;0.205
2010-04-25T00:00:00.000Z;0.149
2010-04-26T00:00:00.000Z;0.119
2010-04-27T00:00:00.000Z;0.104
2010-04-28T00:00:00.000Z;0.0920
2010-04-29T00:00:00.000Z;0.0810
2010-04-30T00:00:00.000Z;0.0760
2010-05-01T00:00:00.000Z;0.0770
2010-05-02T00:00:00.000Z;0.119
2010-05-03T00:00:00.000Z;0.139
2010-05-07T00:00:00.000Z;0.523
2010-05-08T00:00:00.000Z;0.378
2010-05-09T00:00:00.000Z;0.276
2010-05-10T00:00:00.000Z;0.211
2010-05-11T00:00:00.000Z;0.171
2010-05-12T00:00:00.000Z;0.142
2010-05-13T00:00:00.000Z;0.160
2010-05-14T00:00:00.000Z;0.325
2010-05-15T00:00:00.000Z;0.269
2010-05-16T00:00:00.000Z;0.384
2010-05-17T00:00:00.000Z;0.250
2010-05-18T00:00:00.000Z;0.196
2010-05-19T00:00:00.000Z;0.157
2010-05-20T00:00:00.000Z;0.131
2010-05-21T00:00:00.000Z;0.114
2010-05-22T00:00:00.000Z;0.102
2010-05-23T00:00:00.000Z;0.0920
2010-05-24T00:00:00.000Z;0.0820
2010-05-25T00:00:00.000Z;0.0750
2010-05-26T00:00:00.000Z;0.0700
2010-05-27T00:00:00.000Z;0.0650
2010-05-28T00:00:00.000Z;0.0630
2010-05-29T00:00:00.000Z;0.0580
2010-05-30T00:00:00.000Z;0.0510
2010-05-31T00:00:00.000Z;0.0420
2010-06-01T00:00:00.000Z;0.0390
2010-06-02T00:00:00.000Z;0.0370
2010-06-03T00:00:00.000Z;0.0350
2010-06-04T00:00:00.000Z;0.0310
2010-06-05T00:00:00.000Z;0.0280
2010-06-06T00:00:00.000Z;0.0260
2010-06-07T00:00:00.000Z;0.0240
2010-06-08T00:00:00.000Z;0.0230
2010-06-09T00:00:00.000Z;0.0280
2010-06-10T00:00:00.000Z;0.0280
2010-06-11T00:00:00.000Z;0.0210
2010-06-12T00:00:00.000Z;0.0160
2010-06-13T00:00:00.000Z;0.0490
2010-06-14T00:00:00.000Z;0.485
2010-06-15T00:00:00.000Z;0.370
2010-06-16T00:00:00.000Z;0.294
2010-06-17T00:00:00.000Z;0.371
2010-06-18T00:00:00.000Z;0.238
2010-06-19T00:00:00.000Z;0.368
2010-06-20T00:00:00.000Z;0.414
2010-06-21T00:00:00.000Z;0.284
2010-06-22T00:00:00.000Z;0.199
2010-06-23T00:00:00.000Z;0.150
2010-06-24T00:00:00.000Z;0.120
2010-06-25T00:00:00.000Z;0.101
2010-06-26T00:00:00.000Z;0.0870
2010-06-27T00:00:00.000Z;0.0760
2010-06-28T00:00:00.000Z;0.0700
2010-06-29T00:00:00.000Z;0.0630
2010-06-30T00:00:00.000Z;0.0590
2010-07-01T00:00:00.000Z;0.0550
2010-07-02T00:00:00.000Z;0.0480
2010-07-03T00:00:00.000Z;0.0390
2010-07-04T00:00:00.000Z;0.0350
2010-07-05T00:00:00.000Z;0.0310
2010-07-06T00:00:00.000Z;0.0280
2010-07-07T00:00:00.000Z;0.0260
2010-07-08T00:00:00.000Z;0.0240
2010-07-09T00:00:00.000Z;0.0220
2010-07-10T00:00:00.000Z;0.0190
2010-07-11T00:00:00.000Z;0.0160
2010-07-12T00:00:00.000Z;0.0160
2010-07-13T00:00:00.000Z;0.0150
2010-07-14T00:00:00.000Z;0.0140
2010-07-15T00:00:00.000Z;0.00700
2010-07-16T00:00:00.000Z;0.00500
2010-07-17T00:00:00.000Z;0.00200
2010-07-18T00:00:00.000Z;0.00100
2010-07-19T00:00:00.000Z;0.00100
2010-07-21T00:00:00.000Z;0.00200
2010-07-22T00:00:00.000Z;0.00800
2010-07-23T00:00:00.000Z;0.0250
2010-07-24T00:00:00.000Z;0.0150
2010-07-25T00:00:00.000Z;0.0100
2010-07-26T00:00:00.000Z;0.00600
2010-07-27T00:00:00.000Z;0.00200
2010-08-07T00:00:00.000Z;0.00300
2010-08-08T00:00:00.000Z;0.00600
2010-08-09T00:00:00.000Z;0.00800
2010-08-10T00:00:00.000Z;0.0110
2010-08-11T00:00:00.000Z;0.0100
2010-08-12T00:00:00.000Z;0.0140
2010-08-13T00:00:00.000Z;0.0120
2010-08-14T00:00:00.000Z;0.0120
2010-08-15T00:00:00.000Z;0.0110
2010-08-16T00:00:00.000Z;0.00900
2010-08-17T00:00:00.000Z;0.00700
2010-08-18T00:00:00.000Z;0.00600
2010-08-19T00:00:00.000Z;0.00500
2010-08-20T00:00:00.000Z;0.00400
2010-08-21T00:00:00.000Z;0.00100
2010-08-25T00:00:00.000Z;0.00200
2010-08-26T00:00:00.000Z;0.00600
2010-08-27T00:00:00.000Z;0.0130
2010-08-28T00:00:00.000Z;0.0340
2010-08-29T00:00:00.000Z;0.0390
2010-08-30T00:00:00.000Z;0.0400
2010-08-31T00:00:00.000Z;0.0430
2010-09-01T00:00:00.000Z;0.0450
2010-09-02T00:00:00.000Z;0.0460
2010-09-03T00:00:00.000Z;0.0460
2010-09-04T00:00:00.000Z;0.0460
2010-09-05T00:00:00.000Z;0.0460
2010-09-06T00:00:00.000Z;0.0460
2010-09-07T00:00:00.000Z;0.0480
2010-09-08T00:00:00.000Z;0.0530
2010-09-09T00:00:00.000Z;0.0540
2010-09-10T00:00:00.000Z;0.0520
2010-09-11T00:00:00.000Z;0.0500
2010-09-12T00:00:00.000Z;0.0500
2010-09-13T00:00:00.000Z;0.0470
2010-09-14T00:00:00.000Z;0.0460
2010-09-15T00:00:00.000Z;0.0460
2010-09-16T00:00:00.000Z;0.0460
2010-09-17T00:00:00.000Z;0.0490
2010-09-18T00:00:00.000Z;0.0560
2010-09-19T00:00:00.000Z;0.0540
2010-09-20T00:00:00.000Z;0.0510
2010-09-21T00:00:00.000Z;0.0490
2010-09-22T00:00:00.000Z;0.0470
2010-09-23T00:00:00.000Z;0.0460
2010-09-24T00:00:00.000Z;0.0560
2010-09-25T00:00:00.000Z;0.0600
2010-09-26T00:00:00.000Z;0.0690
2010-09-27T00:00:00.000Z;0.0670
2010-09-28T00:00:00.000Z;0.0610
2010-09-29T00:00:00.000Z;0.0550
2010-09-30T00:00:00.000Z;0.0520
2010-10-01T00:00:00.000Z;0.0490
2010-10-02T00:00:00.000Z;0.0470
2010-10-03T00:00:00.000Z;0.0450
2010-10-04T00:00:00.000Z;0.0420
2010-10-05T00:00:00.000Z;0.0430
2010-10-06T00:00:00.000Z;0.0410
2010-10-07T00:00:00.000Z;0.0400
2010-10-08T00:00:00.000Z;0.0390
2010-10-09T00:00:00.000Z;0.0380
2010-10-10T00:00:00.000Z;0.127
2010-10-11T00:00:00.000Z;0.191
2010-10-12T00:00:00.000Z;0.0920
2010-10-13T00:00:00.000Z;0.0640
2010-10-14T00:00:00.000Z;0.0190
2010-10-25T00:00:00.000Z;0.0330
2010-10-26T00:00:00.000Z;0.0360
2010-10-27T00:00:00.000Z;0.0360
2010-10-28T00:00:00.000Z;0.0360
2010-10-29T00:00:00.000Z;0.0380
2010-10-30T00:00:00.000Z;0.0420
2010-10-31T00:00:00.000Z;0.0470
2010-11-01T00:00:00.000Z;0.118
2010-11-02T00:00:00.000Z;0.257
2010-11-03T00:00:00.000Z;0.109
2010-11-04T00:00:00.000Z;0.0670
2010-11-05T00:00:00.000Z;0.0550
2010-11-06T00:00:00.000Z;0.0280
2010-11-07T00:00:00.000Z;0.0270
2010-11-08T00:00:00.000Z;0.0580
2010-11-09T00:00:00.000Z;0.0740
2010-11-10T00:00:00.000Z;0.135
2010-11-11T00:00:00.000Z;0.185
2010-11-12T00:00:00.000Z;0.105
2010-11-13T00:00:00.000Z;0.0790
2010-11-14T00:00:00.000Z;0.0720
2010-11-15T00:00:00.000Z;0.0680
2010-11-16T00:00:00.000Z;0.417
2010-11-17T00:00:00.000Z;0.229
2010-11-18T00:00:00.000Z;0.146
2010-11-19T00:00:00.000Z;0.113
2010-11-20T00:00:00.000Z;0.0920
2010-11-21T00:00:00.000Z;0.0780
2010-11-22T00:00:00.000Z;0.207
2010-11-23T00:00:00.000Z;0.168
2010-11-24T00:00:00.000Z;0.206
2010-11-25T00:00:00.000Z;0.197
2010-11-26T00:00:00.000Z;0.182
2010-11-27T00:00:00.000Z;0.160
2010-11-28T00:00:00.000Z;0.125
2010-11-29T00:00:00.000Z;0.0990
2010-11-30T00:00:00.000Z;0.0810
2010-12-01T00:00:00.000Z;0.0730
2010-12-02T00:00:00.000Z;0.0650
2010-12-03T00:00:00.000Z;0.0590
2010-12-04T00:00:00.000Z;0.0420
2010-12-05T00:00:00.000Z;0.0370
2010-12-06T00:00:00.000Z;0.0540
2010-12-07T00:00:00.000Z;0.0600
2010-12-08T00:00:00.000Z;0.0610
2010-12-09T00:00:00.000Z;0.0650
2010-12-10T00:00:00.000Z;0.0530
2010-12-11T00:00:00.000Z;0.0480
2010-12-12T00:00:00.000Z;0.0480
2010-12-13T00:00:00.000Z;0.0460
2010-12-14T00:00:00.000Z;0.0390
2010-12-15T00:00:00.000Z;0.0330
2010-12-16T00:00:00.000Z;0.0300
2010-12-17T00:00:00.000Z;0.0320
2010-12-18T00:00:00.000Z;0.0340
2010-12-19T00:00:00.000Z;0.0310
2010-12-20T00:00:00.000Z;0.0270
2010-12-21T00:00:00.000Z;0.0310
2010-12-22T00:00:00.000Z;0.0490
2010-12-23T00:00:00.000Z;0.156
2010-12-24T00:00:00.000Z;0.197
2010-12-25T00:00:00.000Z;0.127
2010-12-26T00:00:00.000Z;0.104
2010-12-27T00:00:00.000Z;0.0880
2010-12-28T00:00:00.000Z;0.0750
2010-12-29T00:00:00.000Z;0.0690
2010-12-30T00:00:00.000Z;0.0650
2010-12-31T00:00:00.000Z;0.0620
2011-01-01T00:00:00.000Z;0.0530
2011-01-02T00:00:00.000Z;0.0440
2011-01-03T00:00:00.000Z;0.0420
2011-01-04T00:00:00.000Z;0.0390
2011-01-05T00:00:00.000Z;0.0370
2011-01-06T00:00:00.000Z;0.0350
2011-01-07T00:00:00.000Z;0.0300
2011-01-08T00:00:00.000Z;0.0270
2011-01-09T00:00:00.000Z;0.0320
2011-01-10T00:00:00.000Z;0.0600
2011-01-11T00:00:00.000Z;0.0660
2011-01-12T00:00:00.000Z;0.100
2011-01-13T00:00:00.000Z;0.116
2011-01-14T00:00:00.000Z;0.110
2011-01-15T00:00:00.000Z;0.0900
2011-01-16T00:00:00.000Z;0.0820
2011-01-17T00:00:00.000Z;0.0740
2011-01-18T00:00:00.000Z;0.0680
2011-01-19T00:00:00.000Z;0.0620
2011-01-20T00:00:00.000Z;0.0520
2011-01-21T00:00:00.000Z;0.0440
2011-01-22T00:00:00.000Z;0.0410
2011-01-23T00:00:00.000Z;0.0400
2011-01-24T00:00:00.000Z;0.0380
2011-01-25T00:00:00.000Z;0.0340
2011-01-26T00:00:00.000Z;0.0310
2011-01-27T00:00:00.000Z;0.0310
2011-01-28T00:00:00.000Z;0.0300
2011-01-29T00:00:00.000Z;0.0290
2011-01-30T00:00:00.000Z;0.0250
2011-01-31T00:00:00.000Z;0.0220
2011-02-01T00:00:00.000Z;0.0180
2011-02-02T00:00:00.000Z;0.0150
2011-02-03T00:00:00.000Z;0.0140
2011-02-04T00:00:00.000Z;0.0140
2011-02-05T00:00:00.000Z;0.0130
2011-02-06T00:00:00.000Z;0.0140
2011-02-07T00:00:00.000Z;0.0140
2011-02-08T00:00:00.000Z;0.0150
2011-02-09T00:00:00.000Z;0.0160
2011-02-10T00:00:00.000Z;0.0160
2011-02-11T00:00:00.000Z;0.0160
2011-02-12T00:00:00.000Z;0.0160
2011-02-13T00:00:00.000Z;0.0160
2011-02-14T00:00:00.000Z;0.0200
2011-02-15T00:00:00.000Z;0.0210
2011-02-16T00:00:00.000Z;0.0340
2011-02-17T00:00:00.000Z;0.0930
2011-02-18T00:00:00.000Z;0.216
2011-02-19T00:00:00.000Z;0.154
2011-02-20T00:00:00.000Z;0.371
2011-02-21T00:00:00.000Z;0.210
2011-02-24T00:00:00.000Z;0.287
2011-02-25T00:00:00.000Z;0.234
2011-02-26T00:00:00.000Z;0.189
2011-02-27T00:00:00.000Z;0.157
2011-02-28T00:00:00.000Z;0.204
2011-03-01T00:00:00.000Z;0.221
2011-03-02T00:00:00.000Z;0.203
2011-03-03T00:00:00.000Z;0.218
2011-03-04T00:00:00.000Z;0.221
2011-03-05T00:00:00.000Z;0.208
2011-03-06T00:00:00.000Z;0.181
2011-03-07T00:00:00.000Z;0.147
2011-03-08T00:00:00.000Z;0.122
2011-03-09T00:00:00.000Z;0.107
2011-03-10T00:00:00.000Z;0.0950
2011-03-11T00:00:00.000Z;0.0860
2011-03-12T00:00:00.000Z;0.0830
2011-03-13T00:00:00.000Z;0.0790
2011-03-14T00:00:00.000Z;0.0710
2011-03-15T00:00:00.000Z;0.0680
2011-03-18T00:00:00.000Z;0.314
2011-03-19T00:00:00.000Z;0.236
2011-03-20T00:00:00.000Z;0.201
2011-03-21T00:00:00.000Z;0.171
2011-03-22T00:00:00.000Z;0.143
2011-03-23T00:00:00.000Z;0.122
2011-03-24T00:00:00.000Z;0.108
2011-03-25T00:00:00.000Z;0.100
2011-03-26T00:00:00.000Z;0.0930
2011-03-27T00:00:00.000Z;0.0990
2011-03-28T00:00:00.000Z;0.201
2011-03-29T00:00:00.000Z;0.155
2011-03-30T00:00:00.000Z;0.131
2011-03-31T00:00:00.000Z;0.133
2011-04-01T00:00:00.000Z;0.128
2011-04-02T00:00:00.000Z;0.120
2011-04-03T00:00:00.000Z;0.108
2011-04-04T00:00:00.000Z;0.0960
2011-04-05T00:00:00.000Z;0.0840
2011-04-06T00:00:00.000Z;0.0800
2011-04-07T00:00:00.000Z;0.0760
2011-04-08T00:00:00.000Z;0.0700
2011-04-09T00:00:00.000Z;0.0680
2011-04-10T00:00:00.000Z;0.0680
2011-04-11T00:00:00.000Z;0.0640
2011-04-12T00:00:00.000Z;0.0590
2011-04-13T00:00:00.000Z;0.0550
2011-04-14T00:00:00.000Z;0.0530
2011-04-15T00:00:00.000Z;0.0510
2011-04-16T00:00:00.000Z;0.0460
2011-04-17T00:00:00.000Z;0.0430
2011-04-18T00:00:00.000Z;0.0390
2011-04-19T00:00:00.000Z;0.0360
2011-04-20T00:00:00.000Z;0.0360
2011-04-21T00:00:00.000Z;0.0350
2011-04-22T00:00:00.000Z;0.0340
2011-04-23T00:00:00.000Z;0.0560
2011-04-24T00:00:00.000Z;0.128
2011-04-25T00:00:00.000Z;0.0840
2011-04-26T00:00:00.000Z;0.200
2011-04-27T00:00:00.000Z;0.159
2011-04-28T00:00:00.000Z;0.111
2011-04-29T00:00:00.000Z;0.0920
2011-04-30T00:00:00.000Z;0.0830
2011-05-01T00:00:00.000Z;0.0750
2011-05-02T00:00:00.000Z;0.124
2011-05-03T00:00:00.000Z;0.185
2011-05-04T00:00:00.000Z;0.119
2011-05-05T00:00:00.000Z;0.0970
2011-05-06T00:00:00.000Z;0.0820
2011-05-07T00:00:00.000Z;0.0760
2011-05-08T00:00:00.000Z;0.0730
2011-05-09T00:00:00.000Z;0.0700
2011-05-10T00:00:00.000Z;0.0590
2011-05-11T00:00:00.000Z;0.0500
2011-05-12T00:00:00.000Z;0.0470
2011-05-13T00:00:00.000Z;0.0460
2011-05-14T00:00:00.000Z;0.0460
2011-05-15T00:00:00.000Z;0.0420
2011-05-16T00:00:00.000Z;0.0390
2011-05-17T00:00:00.000Z;0.0370
2011-05-18T00:00:00.000Z;0.0350
2011-05-19T00:00:00.000Z;0.0330
2011-05-20T00:00:00.000Z;0.0300
2011-05-21T00:00:00.000Z;0.0290
2011-05-22T00:00:00.000Z;0.0260
2011-05-23T00:00:00.000Z;0.0210
2011-05-24T00:00:00.000Z;0.0140
2011-05-25T00:00:00.000Z;0.0120
2011-05-26T00:00:00.000Z;0.0100
2011-05-27T00:00:00.000Z;0.0100
2011-05-28T00:00:00.000Z;0.00800
2011-05-29T00:00:00.000Z;0.00600
2011-05-30T00:00:00.000Z;0.00500
2011-05-31T00:00:00.000Z;0.0380
2011-06-01T00:00:00.000Z;0.0320
2011-06-02T00:00:00.000Z;0.0350
2011-06-03T00:00:00.000Z;0.0700
2011-06-04T00:00:00.000Z;0.116
2011-06-05T00:00:00.000Z;0.146
2011-06-06T00:00:00.000Z;0.120
2011-06-07T00:00:00.000Z;0.117
2011-06-08T00:00:00.000Z;0.133
2011-06-09T00:00:00.000Z;0.0970
2011-06-10T00:00:00.000Z;0.0810
2011-06-11T00:00:00.000Z;0.0760
2011-06-12T00:00:00.000Z;0.0670
2011-06-13T00:00:00.000Z;0.0610
2011-06-14T00:00:00.000Z;0.0510
2011-06-15T00:00:00.000Z;0.0380
2011-06-16T00:00:00.000Z;0.0330
2011-06-17T00:00:00.000Z;0.0310
2011-06-18T00:00:00.000Z;0.0440
2011-06-19T00:00:00.000Z;0.0680
2011-06-20T00:00:00.000Z;0.0670
2011-06-21T00:00:00.000Z;0.0610
2011-06-22T00:00:00.000Z;0.0400
2011-06-23T00:00:00.000Z;0.0560
2011-06-24T00:00:00.000Z;0.0770
2011-06-25T00:00:00.000Z;0.0710
2011-06-26T00:00:00.000Z;0.0610
2011-06-27T00:00:00.000Z;0.0490
2011-06-28T00:00:00.000Z;0.0350
2011-06-29T00:00:00.000Z;0.0290
2011-06-30T00:00:00.000Z;0.0260
2011-07-01T00:00:00.000Z;0.0210
2011-07-02T00:00:00.000Z;0.0200
2011-07-03T00:00:00.000Z;0.0190
2011-07-04T00:00:00.000Z;0.0150
2011-07-05T00:00:00.000Z;0.00700
2011-07-06T00:00:00.000Z;0.00500
2011-07-07T00:00:00.000Z;0.00500
2011-07-08T00:00:00.000Z;0.00300
2011-07-13T00:00:00.000Z;0.255
2011-07-14T00:00:00.000Z;0.314
2011-07-15T00:00:00.000Z;0.142
2011-07-16T00:00:00.000Z;0.0890
2011-07-17T00:00:00.000Z;0.0750
2011-07-18T00:00:00.000Z;0.0680
2011-07-19T00:00:00.000Z;0.0630
2011-07-20T00:00:00.000Z;0.0600
2011-07-21T00:00:00.000Z;0.0450
2011-07-22T00:00:00.000Z;0.0390
2011-07-23T00:00:00.000Z;0.0380
2011-07-24T00:00:00.000Z;0.0350
2011-07-25T00:00:00.000Z;0.0340
2011-07-26T00:00:00.000Z;0.0540
2011-07-27T00:00:00.000Z;0.130
2011-07-28T00:00:00.000Z;0.182
2011-07-29T00:00:00.000Z;0.146
2011-07-30T00:00:00.000Z;0.0960
2011-07-31T00:00:00.000Z;0.0750
2011-08-01T00:00:00.000Z;0.0650
2011-08-02T00:00:00.000Z;0.0600
2011-08-03T00:00:00.000Z;0.0480
2011-08-04T00:00:00.000Z;0.0330
2011-08-05T00:00:00.000Z;0.0300
2011-08-06T00:00:00.000Z;0.0300
2011-08-07T00:00:00.000Z;0.0280
2011-08-08T00:00:00.000Z;0.0220
2011-08-09T00:00:00.000Z;0.0180
2011-08-10T00:00:00.000Z;0.0180
2011-08-11T00:00:00.000Z;0.0200
2011-08-12T00:00:00.000Z;0.0200
2011-08-13T00:00:00.000Z;0.0200
2011-08-14T00:00:00.000Z;0.0190
2011-08-15T00:00:00.000Z;0.0170
2011-08-16T00:00:00.000Z;0.0130
2011-08-17T00:00:00.000Z;0.0130
2011-08-18T00:00:00.000Z;0.0130
2011-08-19T00:00:00.000Z;0.0180
2011-08-20T00:00:00.000Z;0.0180
2011-08-21T00:00:00.000Z;0.0190
2011-08-22T00:00:00.000Z;0.0240
2011-08-23T00:00:00.000Z;0.0270
2011-08-24T00:00:00.000Z;0.0270
2011-08-25T00:00:00.000Z;0.0290
2011-08-26T00:00:00.000Z;0.0340
2011-08-27T00:00:00.000Z;0.0350
2011-08-28T00:00:00.000Z;0.0300
2011-08-29T00:00:00.000Z;0.0290
2011-08-30T00:00:00.000Z;0.0290
2011-08-31T00:00:00.000Z;0.0290
2011-09-01T00:00:00.000Z;0.0290
2011-09-02T00:00:00.000Z;0.0270
2011-09-03T00:00:00.000Z;0.0310
2011-09-04T00:00:00.000Z;0.0390
2011-09-05T00:00:00.000Z;0.0360
2011-09-06T00:00:00.000Z;0.0300
2011-09-07T00:00:00.000Z;0.0270
2011-09-08T00:00:00.000Z;0.0260
2011-09-09T00:00:00.000Z;0.0250
2011-09-10T00:00:00.000Z;0.0280
2011-09-11T00:00:00.000Z;0.0350
2011-09-12T00:00:00.000Z;0.0360
2011-09-13T00:00:00.000Z;0.0410
2011-09-14T00:00:00.000Z;0.0570
2011-09-15T00:00:00.000Z;0.0630
2011-09-16T00:00:00.000Z;0.0660
2011-09-17T00:00:00.000Z;0.0690
2011-09-18T00:00:00.000Z;0.0860
2011-09-19T00:00:00.000Z;0.0860
2011-09-20T00:00:00.000Z;0.0850
2011-09-21T00:00:00.000Z;0.0800
2011-09-22T00:00:00.000Z;0.0760
2011-09-23T00:00:00.000Z;0.0760
2011-09-24T00:00:00.000Z;0.0770
2011-09-25T00:00:00.000Z;0.0790
2011-09-26T00:00:00.000Z;0.0760
2011-09-27T00:00:00.000Z;0.0740
2011-09-28T00:00:00.000Z;0.0730
2011-09-29T00:00:00.000Z;0.0730
2011-09-30T00:00:00.000Z;0.0720
2011-10-01T00:00:00.000Z;0.0700
2011-10-02T00:00:00.000Z;0.0690
2011-10-03T00:00:00.000Z;0.0670
2011-10-04T00:00:00.000Z;0.0640
2011-10-05T00:00:00.000Z;0.0630
2011-10-06T00:00:00.000Z;0.0630
2011-10-07T00:00:00.000Z;0.0710
2011-10-08T00:00:00.000Z;0.0740
2011-10-09T00:00:00.000Z;0.0700
2011-10-15T00:00:00.000Z;0.00
2011-10-16T00:00:00.000Z;0.00300
2011-10-17T00:00:00.000Z;0.00300
2011-10-18T00:00:00.000Z;0.0120
2011-10-19T00:00:00.000Z;0.0210
2011-10-20T00:00:00.000Z;0.0320
2011-10-21T00:00:00.000Z;0.0340
2011-10-22T00:00:00.000Z;0.0340
2011-10-23T00:00:00.000Z;0.0340
2011-10-24T00:00:00.000Z;0.0340
2011-10-25T00:00:00.000Z;0.0350
2011-10-26T00:00:00.000Z;0.0380
2011-10-27T00:00:00.000Z;0.0380
2011-10-28T00:00:00.000Z;0.0420
2011-10-29T00:00:00.000Z;0.0470
2011-10-30T00:00:00.000Z;0.0490
2011-10-31T00:00:00.000Z;0.0470
2011-11-01T00:00:00.000Z;0.0460
2011-11-02T00:00:00.000Z;0.0460
2011-11-03T00:00:00.000Z;0.0460
2011-11-04T00:00:00.000Z;0.0470
2011-11-05T00:00:00.000Z;0.0530
2011-11-06T00:00:00.000Z;0.318
2011-11-07T00:00:00.000Z;0.419
2011-11-08T00:00:00.000Z;0.422
2011-11-09T00:00:00.000Z;0.403
2011-11-10T00:00:00.000Z;0.302
2011-11-11T00:00:00.000Z;0.107
2011-11-12T00:00:00.000Z;0.0810
2011-11-13T00:00:00.000Z;0.0650
2011-11-14T00:00:00.000Z;0.0590
2011-11-15T00:00:00.000Z;0.0450
2011-11-16T00:00:00.000Z;0.0370
2011-11-17T00:00:00.000Z;0.0270
2011-11-18T00:00:00.000Z;0.0220
2011-11-19T00:00:00.000Z;0.0200
2011-11-20T00:00:00.000Z;0.0180
2011-11-21T00:00:00.000Z;0.0120
2011-11-22T00:00:00.000Z;0.0100
2011-11-23T00:00:00.000Z;0.00500
2011-11-24T00:00:00.000Z;0.00200
2011-11-25T00:00:00.000Z;0.00500
2011-11-26T00:00:00.000Z;0.00600
2011-11-27T00:00:00.000Z;0.00700
2011-11-28T00:00:00.000Z;0.00800
2011-11-29T00:00:00.000Z;0.00800
2011-11-30T00:00:00.000Z;0.00700
2011-12-01T00:00:00.000Z;0.00600
2011-12-02T00:00:00.000Z;0.00800
2011-12-03T00:00:00.000Z;0.00900
2011-12-04T00:00:00.000Z;0.0100
2011-12-05T00:00:00.000Z;0.0410
2011-12-06T00:00:00.000Z;0.0830
2011-12-07T00:00:00.000Z;0.0790
2011-12-08T00:00:00.000Z;0.0900
2011-12-09T00:00:00.000Z;0.0930
2011-12-10T00:00:00.000Z;0.0910
2011-12-11T00:00:00.000Z;0.0860
2011-12-12T00:00:00.000Z;0.0830
2011-12-13T00:00:00.000Z;0.0810
2011-12-14T00:00:00.000Z;0.0800
2011-12-15T00:00:00.000Z;0.0790
2011-12-16T00:00:00.000Z;0.0850
2011-12-17T00:00:00.000Z;0.281
2011-12-18T00:00:00.000Z;0.377
2011-12-19T00:00:00.000Z;0.251
2011-12-22T00:00:00.000Z;0.339
2011-12-23T00:00:00.000Z;0.271
2011-12-24T00:00:00.000Z;0.233
2011-12-25T00:00:00.000Z;0.238
2011-12-26T00:00:00.000Z;0.208
2011-12-27T00:00:00.000Z;0.182
2011-12-28T00:00:00.000Z;0.163
2011-12-29T00:00:00.000Z;0.197
2011-12-30T00:00:00.000Z;0.236
2011-12-31T00:00:00.000Z;0.205
2012-01-01T00:00:00.000Z;0.207
2012-01-02T00:00:00.000Z;0.216
2012-01-03T00:00:00.000Z;0.228
2012-01-04T00:00:00.000Z;0.215
2012-01-05T00:00:00.000Z;0.204
2012-01-07T00:00:00.000Z;0.347
2012-01-08T00:00:00.000Z;0.274
2012-01-09T00:00:00.000Z;0.223
2012-01-10T00:00:00.000Z;0.193
2012-01-11T00:00:00.000Z;0.179
2012-01-12T00:00:00.000Z;0.164
2012-01-13T00:00:00.000Z;0.153
2012-01-14T00:00:00.000Z;0.138
2012-01-15T00:00:00.000Z;0.132
2012-01-16T00:00:00.000Z;0.130
2012-01-17T00:00:00.000Z;0.127
2012-01-18T00:00:00.000Z;0.119
2012-01-19T00:00:00.000Z;0.100
2012-01-20T00:00:00.000Z;0.0940
2012-01-21T00:00:00.000Z;0.0920
2012-01-22T00:00:00.000Z;0.0900
2012-01-23T00:00:00.000Z;0.0890
2012-01-24T00:00:00.000Z;0.0870
2012-01-25T00:00:00.000Z;0.0840
2012-01-26T00:00:00.000Z;0.0840
2012-01-27T00:00:00.000Z;0.0820
2012-01-28T00:00:00.000Z;0.0760
2012-01-29T00:00:00.000Z;0.0730
2012-01-30T00:00:00.000Z;0.0730
2012-01-31T00:00:00.000Z;0.0790
2012-02-01T00:00:00.000Z;0.109
2012-02-02T00:00:00.000Z;0.122
2012-02-03T00:00:00.000Z;0.123
2012-02-04T00:00:00.000Z;0.123
2012-02-05T00:00:00.000Z;0.122
2012-02-06T00:00:00.000Z;0.120
2012-02-07T00:00:00.000Z;0.117
2012-02-08T00:00:00.000Z;0.114
2012-02-09T00:00:00.000Z;0.114
2012-02-10T00:00:00.000Z;0.113
2012-02-11T00:00:00.000Z;0.111
2012-02-12T00:00:00.000Z;0.110
2012-02-13T00:00:00.000Z;0.108
2012-02-14T00:00:00.000Z;0.106
2012-02-15T00:00:00.000Z;0.104
2012-02-16T00:00:00.000Z;0.116
2012-02-17T00:00:00.000Z;0.146
2012-02-18T00:00:00.000Z;0.215
2012-02-19T00:00:00.000Z;0.312
2012-02-20T00:00:00.000Z;0.371
2012-02-21T00:00:00.000Z;0.285
2012-02-22T00:00:00.000Z;0.234
2012-02-23T00:00:00.000Z;0.200
2012-02-24T00:00:00.000Z;0.199
2012-02-25T00:00:00.000Z;0.253
2012-02-26T00:00:00.000Z;0.274
2012-02-27T00:00:00.000Z;0.247
2012-02-28T00:00:00.000Z;0.209
2012-02-29T00:00:00.000Z;0.190
2012-03-01T00:00:00.000Z;0.171
2012-03-02T00:00:00.000Z;0.157
2012-03-03T00:00:00.000Z;0.153
2012-03-04T00:00:00.000Z;0.141
2012-03-05T00:00:00.000Z;0.136
2012-03-06T00:00:00.000Z;0.147
2012-03-07T00:00:00.000Z;0.150
2012-03-08T00:00:00.000Z;0.150
2012-03-09T00:00:00.000Z;0.150
2012-03-10T00:00:00.000Z;0.150
2012-03-11T00:00:00.000Z;0.150
2012-03-12T00:00:00.000Z;0.150
2012-03-13T00:00:00.000Z;0.150
2012-03-14T00:00:00.000Z;0.150
2012-03-15T00:00:00.000Z;0.149
2012-03-16T00:00:00.000Z;0.146
2012-03-17T00:00:00.000Z;0.144
2012-03-18T00:00:00.000Z;0.144
2012-03-19T00:00:00.000Z;0.143
2012-03-20T00:00:00.000Z;0.141
2012-03-21T00:00:00.000Z;0.145
2012-03-23T00:00:00.000Z;0.358
2012-03-24T00:00:00.000Z;0.298
2012-03-25T00:00:00.000Z;0.239
2012-03-26T00:00:00.000Z;0.204
2012-03-27T00:00:00.000Z;0.184
2012-03-28T00:00:00.000Z;0.171
2012-03-29T00:00:00.000Z;0.160
2012-03-30T00:00:00.000Z;0.153
2012-03-31T00:00:00.000Z;0.148
2012-04-01T00:00:00.000Z;0.143
2012-04-02T00:00:00.000Z;0.115
2012-04-03T00:00:00.000Z;0.0740
2012-04-04T00:00:00.000Z;0.0880
2012-04-05T00:00:00.000Z;0.0730
2012-04-06T00:00:00.000Z;0.0730
2012-04-07T00:00:00.000Z;0.0730
2012-04-08T00:00:00.000Z;0.0730
2012-04-09T00:00:00.000Z;0.0730
2012-04-10T00:00:00.000Z;0.0770
2012-04-11T00:00:00.000Z;0.0860
2012-04-12T00:00:00.000Z;0.0890
2012-04-13T00:00:00.000Z;0.134
2012-04-14T00:00:00.000Z;0.146
2012-04-15T00:00:00.000Z;0.300
2012-04-16T00:00:00.000Z;0.425
2012-04-17T00:00:00.000Z;0.256
2012-04-18T00:00:00.000Z;0.200
2012-04-19T00:00:00.000Z;0.170
2012-04-20T00:00:00.000Z;0.148
2012-04-21T00:00:00.000Z;0.133
2012-04-22T00:00:00.000Z;0.144
2012-04-23T00:00:00.000Z;0.147
2012-04-24T00:00:00.000Z;0.168
2012-04-25T00:00:00.000Z;0.172
2012-04-26T00:00:00.000Z;0.152
2012-04-27T00:00:00.000Z;0.131
2012-04-28T00:00:00.000Z;0.129
2012-04-29T00:00:00.000Z;0.129
2012-04-30T00:00:00.000Z;0.214
2012-05-01T00:00:00.000Z;0.289
2012-05-02T00:00:00.000Z;0.205
2012-05-03T00:00:00.000Z;0.166
2012-05-04T00:00:00.000Z;0.145
2012-05-05T00:00:00.000Z;0.126
2012-05-06T00:00:00.000Z;0.112
2012-05-07T00:00:00.000Z;0.100
2012-05-08T00:00:00.000Z;0.0950
2012-05-09T00:00:00.000Z;0.0840
2012-05-10T00:00:00.000Z;0.0860
2012-05-11T00:00:00.000Z;0.0860
2012-05-12T00:00:00.000Z;0.0860
2012-05-13T00:00:00.000Z;0.0860
2012-05-14T00:00:00.000Z;0.0860
2012-05-15T00:00:00.000Z;0.0860
2012-05-16T00:00:00.000Z;0.0860
2012-05-17T00:00:00.000Z;0.0860
2012-05-18T00:00:00.000Z;0.0860
2012-05-19T00:00:00.000Z;0.0880
2012-05-20T00:00:00.000Z;0.159
2012-05-21T00:00:00.000Z;0.191
2012-05-22T00:00:00.000Z;0.401
2012-05-23T00:00:00.000Z;0.243
2012-05-24T00:00:00.000Z;0.152
2012-05-25T00:00:00.000Z;0.118
2012-05-26T00:00:00.000Z;0.102
2012-05-27T00:00:00.000Z;0.0910
2012-05-28T00:00:00.000Z;0.0860
2012-05-29T00:00:00.000Z;0.0780
2012-05-30T00:00:00.000Z;0.0730
2012-05-31T00:00:00.000Z;0.0610
2012-06-01T00:00:00.000Z;0.0540
2012-06-02T00:00:00.000Z;0.0500
2012-06-03T00:00:00.000Z;0.0500
2012-06-04T00:00:00.000Z;0.0500
2012-06-05T00:00:00.000Z;0.0420
2012-06-06T00:00:00.000Z;0.0380
2012-06-07T00:00:00.000Z;0.0380
2012-06-08T00:00:00.000Z;0.0380
2012-06-09T00:00:00.000Z;0.0380
2012-06-10T00:00:00.000Z;0.0380
2012-06-11T00:00:00.000Z;0.0470
2012-06-12T00:00:00.000Z;0.0440
2012-06-13T00:00:00.000Z;0.0270
2012-06-14T00:00:00.000Z;0.0270
2012-06-15T00:00:00.000Z;0.0270
2012-06-16T00:00:00.000Z;0.0270
2012-06-17T00:00:00.000Z;0.0270
2012-06-18T00:00:00.000Z;0.0270
2012-06-19T00:00:00.000Z;0.0270
2012-06-20T00:00:00.000Z;0.0400
2012-06-21T00:00:00.000Z;0.0440
2012-06-22T00:00:00.000Z;0.0500
2012-06-23T00:00:00.000Z;0.0500
2012-06-24T00:00:00.000Z;0.0500
2012-06-25T00:00:00.000Z;0.0520
2012-06-26T00:00:00.000Z;0.0600
2012-06-27T00:00:00.000Z;0.0600
2012-06-28T00:00:00.000Z;0.0630
2012-06-29T00:00:00.000Z;0.0730
2012-06-30T00:00:00.000Z;0.0610
2012-07-01T00:00:00.000Z;0.0850
2012-07-02T00:00:00.000Z;0.0470
2012-07-03T00:00:00.000Z;0.00
2012-07-04T00:00:00.000Z;0.00
2012-07-05T00:00:00.000Z;0.00700
2012-07-06T00:00:00.000Z;0.0180
2012-07-07T00:00:00.000Z;0.00500
2012-07-08T00:00:00.000Z;0.0220
2012-07-09T00:00:00.000Z;0.0200
2012-07-10T00:00:00.000Z;0.0100
2012-07-11T00:00:00.000Z;0.00900
2012-07-12T00:00:00.000Z;0.0100
2012-07-13T00:00:00.000Z;0.0110
2012-07-14T00:00:00.000Z;0.0100
2012-07-15T00:00:00.000Z;0.00700
2012-07-16T00:00:00.000Z;0.00400
2012-07-21T00:00:00.000Z;0.00300
2012-07-22T00:00:00.000Z;0.00300
2012-07-23T00:00:00.000Z;0.00300
2012-07-24T00:00:00.000Z;0.00800
2012-07-25T00:00:00.000Z;0.0110
2012-07-26T00:00:00.000Z;0.0110
2012-07-27T00:00:00.000Z;0.0140
2012-07-28T00:00:00.000Z;0.0180
2012-07-29T00:00:00.000Z;0.0240
2012-07-30T00:00:00.000Z;0.0280
2012-07-31T00:00:00.000Z;0.0350
2012-08-01T00:00:00.000Z;0.0380
2012-08-02T00:00:00.000Z;0.0440
2012-08-03T00:00:00.000Z;0.0460
2012-08-04T00:00:00.000Z;0.0440
2012-08-05T00:00:00.000Z;0.0610
2012-08-06T00:00:00.000Z;0.129
2012-08-07T00:00:00.000Z;0.0930
2012-08-08T00:00:00.000Z;0.0670
2012-08-09T00:00:00.000Z;0.0600
2012-08-10T00:00:00.000Z;0.0560
2012-08-11T00:00:00.000Z;0.0530
2012-08-12T00:00:00.000Z;0.0530
2012-08-13T00:00:00.000Z;0.0530
2012-08-14T00:00:00.000Z;0.0530
2012-08-15T00:00:00.000Z;0.0530
2012-08-16T00:00:00.000Z;0.0530
2012-08-17T00:00:00.000Z;0.0530
2012-08-18T00:00:00.000Z;0.0530
2012-08-19T00:00:00.000Z;0.0540
2012-08-20T00:00:00.000Z;0.0560
2012-08-21T00:00:00.000Z;0.0560
2012-08-22T00:00:00.000Z;0.0560
2012-08-23T00:00:00.000Z;0.0580
2012-08-24T00:00:00.000Z;0.0580
2012-08-25T00:00:00.000Z;0.0590
2012-08-26T00:00:00.000Z;0.0630
2012-08-27T00:00:00.000Z;0.0560
2012-08-28T00:00:00.000Z;0.0580
2012-08-29T00:00:00.000Z;0.0580
2012-08-30T00:00:00.000Z;0.0690
2012-08-31T00:00:00.000Z;0.0700
2012-09-01T00:00:00.000Z;0.0630
2012-09-02T00:00:00.000Z;0.0600
2012-09-03T00:00:00.000Z;0.0590
2012-09-04T00:00:00.000Z;0.0580
2012-09-05T00:00:00.000Z;0.0560
2012-09-06T00:00:00.000Z;0.0550
2012-09-07T00:00:00.000Z;0.0540
2012-09-08T00:00:00.000Z;0.0530
2012-09-09T00:00:00.000Z;0.0530
2012-09-10T00:00:00.000Z;0.0530
2012-09-11T00:00:00.000Z;0.0520
2012-09-12T00:00:00.000Z;0.0500
2012-09-13T00:00:00.000Z;0.0470
2012-09-14T00:00:00.000Z;0.0460
2012-09-15T00:00:00.000Z;0.0440
2012-09-16T00:00:00.000Z;0.0430
2012-09-17T00:00:00.000Z;0.0430
2012-09-18T00:00:00.000Z;0.0430
2012-09-19T00:00:00.000Z;0.0440
2012-09-20T00:00:00.000Z;0.0430
2012-09-21T00:00:00.000Z;0.0420
2012-09-22T00:00:00.000Z;0.0400
2012-09-23T00:00:00.000Z;0.0380
2012-09-24T00:00:00.000Z;0.0410
2012-09-25T00:00:00.000Z;0.0400
2012-09-26T00:00:00.000Z;0.0420
2012-09-27T00:00:00.000Z;0.0400
2012-09-28T00:00:00.000Z;0.0400
2012-09-29T00:00:00.000Z;0.0430
2012-09-30T00:00:00.000Z;0.0480
2012-10-12T00:00:00.000Z;0.0370
2012-10-13T00:00:00.000Z;0.0200
2012-10-14T00:00:00.000Z;0.0300
2012-10-15T00:00:00.000Z;0.0340
2012-10-16T00:00:00.000Z;0.0250
2012-10-17T00:00:00.000Z;0.0250
2012-10-18T00:00:00.000Z;0.0230
2012-10-19T00:00:00.000Z;0.0260
2012-10-20T00:00:00.000Z;0.0280
2012-10-21T00:00:00.000Z;0.0350
2012-10-22T00:00:00.000Z;0.0550
2012-10-23T00:00:00.000Z;0.0670
2012-10-24T00:00:00.000Z;0.0580
2012-10-25T00:00:00.000Z;0.0500
2012-10-26T00:00:00.000Z;0.0470
2012-10-27T00:00:00.000Z;0.291
2012-10-28T00:00:00.000Z;0.152
2012-10-29T00:00:00.000Z;0.0650
2012-10-30T00:00:00.000Z;0.0400
2012-10-31T00:00:00.000Z;0.00900
2012-11-05T00:00:00.000Z;0.0760
2012-11-06T00:00:00.000Z;0.0660
2012-11-07T00:00:00.000Z;0.0500
2012-11-08T00:00:00.000Z;0.0170
2012-11-09T00:00:00.000Z;0.00700
2012-11-10T00:00:00.000Z;0.0170
2012-11-11T00:00:00.000Z;0.366
2012-11-12T00:00:00.000Z;0.189
2012-11-13T00:00:00.000Z;0.101
2012-11-14T00:00:00.000Z;0.0720
2012-11-15T00:00:00.000Z;0.0590
2012-11-16T00:00:00.000Z;0.0520
2012-11-17T00:00:00.000Z;0.0310
2012-11-18T00:00:00.000Z;0.0260
2012-11-19T00:00:00.000Z;0.0180
2012-11-20T00:00:00.000Z;0.0110
2012-11-21T00:00:00.000Z;0.00800
2012-11-22T00:00:00.000Z;0.0110
2012-11-23T00:00:00.000Z;0.0150
2012-11-24T00:00:00.000Z;0.0140
2012-11-25T00:00:00.000Z;0.0140
2012-11-26T00:00:00.000Z;0.0430
2012-11-27T00:00:00.000Z;0.230
2012-11-28T00:00:00.000Z;0.145
2012-11-29T00:00:00.000Z;0.173
2012-11-30T00:00:00.000Z;0.164
2012-12-01T00:00:00.000Z;0.109
2012-12-02T00:00:00.000Z;0.0780
2012-12-03T00:00:00.000Z;0.0890
2012-12-04T00:00:00.000Z;0.288
2012-12-06T00:00:00.000Z;0.444
2012-12-07T00:00:00.000Z;0.294
2012-12-08T00:00:00.000Z;0.523
2012-12-09T00:00:00.000Z;0.274
2012-12-10T00:00:00.000Z;0.193
2012-12-11T00:00:00.000Z;0.141
2012-12-12T00:00:00.000Z;0.111
2012-12-13T00:00:00.000Z;0.0920
2012-12-14T00:00:00.000Z;0.0780
2012-12-15T00:00:00.000Z;0.0670
2012-12-16T00:00:00.000Z;0.0570
2012-12-17T00:00:00.000Z;0.0440
2012-12-18T00:00:00.000Z;0.0390
2012-12-19T00:00:00.000Z;0.0280
2012-12-20T00:00:00.000Z;0.0270
2012-12-21T00:00:00.000Z;0.0230
2012-12-22T00:00:00.000Z;0.0170
2012-12-23T00:00:00.000Z;0.0160
2012-12-24T00:00:00.000Z;0.0160
2012-12-25T00:00:00.000Z;0.0150
2012-12-26T00:00:00.000Z;0.0140
2012-12-27T00:00:00.000Z;0.0100
2012-12-28T00:00:00.000Z;0.00600
2012-12-29T00:00:00.000Z;0.00700
2012-12-30T00:00:00.000Z;0.00900
2012-12-31T00:00:00.000Z;0.00800
2013-01-01T00:00:00.000Z;0.0160
2013-01-02T00:00:00.000Z;0.0550
2013-01-03T00:00:00.000Z;0.0660
2013-01-04T00:00:00.000Z;0.0630
2013-01-05T00:00:00.000Z;0.0570
2013-01-06T00:00:00.000Z;0.0550
2013-01-07T00:00:00.000Z;0.0510
2013-01-08T00:00:00.000Z;0.0390
2013-01-09T00:00:00.000Z;0.0320
2013-01-10T00:00:00.000Z;0.0310
2013-01-11T00:00:00.000Z;0.0290
2013-01-12T00:00:00.000Z;0.0260
2013-01-13T00:00:00.000Z;0.0550
2013-01-14T00:00:00.000Z;0.215
2013-01-18T00:00:00.000Z;0.455
2013-01-21T00:00:00.000Z;0.421
2013-01-22T00:00:00.000Z;0.295
2013-01-23T00:00:00.000Z;0.245
2013-01-24T00:00:00.000Z;0.381
2013-01-25T00:00:00.000Z;0.352
2013-01-27T00:00:00.000Z;0.472
2013-01-28T00:00:00.000Z;0.507
2013-01-29T00:00:00.000Z;0.327
2013-01-30T00:00:00.000Z;0.244
2013-01-31T00:00:00.000Z;0.198
2013-02-01T00:00:00.000Z;0.171
2013-02-02T00:00:00.000Z;0.387
2013-02-03T00:00:00.000Z;0.348
2013-02-04T00:00:00.000Z;0.244
2013-02-05T00:00:00.000Z;0.243
2013-02-06T00:00:00.000Z;0.378
2013-02-07T00:00:00.000Z;0.388
2013-02-08T00:00:00.000Z;0.276
2013-02-09T00:00:00.000Z;0.236
2013-02-10T00:00:00.000Z;0.365
2013-02-11T00:00:00.000Z;0.509
2013-02-12T00:00:00.000Z;0.396
2013-02-13T00:00:00.000Z;0.364
2013-02-15T00:00:00.000Z;0.653
2013-02-16T00:00:00.000Z;0.444
2013-02-17T00:00:00.000Z;0.321
2013-02-18T00:00:00.000Z;0.261
2013-02-19T00:00:00.000Z;0.234
2013-02-20T00:00:00.000Z;0.206
2013-02-21T00:00:00.000Z;0.178
2013-02-22T00:00:00.000Z;0.170
2013-02-23T00:00:00.000Z;0.166
2013-02-24T00:00:00.000Z;0.140
2013-02-25T00:00:00.000Z;0.119
2013-02-26T00:00:00.000Z;0.106
2013-02-27T00:00:00.000Z;0.0980
2013-02-28T00:00:00.000Z;0.0970
2013-03-01T00:00:00.000Z;0.0970
2013-03-02T00:00:00.000Z;0.107
2013-03-03T00:00:00.000Z;0.132
2013-03-04T00:00:00.000Z;0.159
2013-03-05T00:00:00.000Z;0.165
2013-03-06T00:00:00.000Z;0.144
2013-03-07T00:00:00.000Z;0.126
2013-03-08T00:00:00.000Z;0.138
2013-03-09T00:00:00.000Z;0.139
2013-03-10T00:00:00.000Z;0.128
2013-03-11T00:00:00.000Z;0.114
2013-03-12T00:00:00.000Z;0.103
2013-03-13T00:00:00.000Z;0.0970
2013-03-14T00:00:00.000Z;0.0920
2013-03-15T00:00:00.000Z;0.0930
2013-03-16T00:00:00.000Z;0.130
2013-03-17T00:00:00.000Z;0.232
2013-03-18T00:00:00.000Z;0.349
2013-03-19T00:00:00.000Z;0.218
2013-03-20T00:00:00.000Z;0.176
2013-03-21T00:00:00.000Z;0.167
2013-03-22T00:00:00.000Z;0.153
2013-03-23T00:00:00.000Z;0.200
2013-03-24T00:00:00.000Z;0.414
2013-03-25T00:00:00.000Z;0.440
2013-03-26T00:00:00.000Z;0.567
2013-03-27T00:00:00.000Z;0.339
2013-03-28T00:00:00.000Z;0.239
2013-03-29T00:00:00.000Z;0.196
2013-03-31T00:00:00.000Z;0.430
2013-04-01T00:00:00.000Z;0.292
2013-04-02T00:00:00.000Z;0.217
2013-04-03T00:00:00.000Z;0.179
2013-04-04T00:00:00.000Z;0.176
2013-04-05T00:00:00.000Z;0.279
2013-04-06T00:00:00.000Z;0.210
2013-04-07T00:00:00.000Z;0.227
2013-04-08T00:00:00.000Z;0.223
2013-04-09T00:00:00.000Z;0.217
2013-04-10T00:00:00.000Z;0.198
2013-04-11T00:00:00.000Z;0.173
2013-04-12T00:00:00.000Z;0.146
2013-04-13T00:00:00.000Z;0.123
2013-04-14T00:00:00.000Z;0.105
2013-04-15T00:00:00.000Z;0.0940
2013-04-16T00:00:00.000Z;0.0870
2013-04-17T00:00:00.000Z;0.0790
2013-04-18T00:00:00.000Z;0.0730
2013-04-19T00:00:00.000Z;0.245
2013-04-20T00:00:00.000Z;0.247
2013-04-21T00:00:00.000Z;0.173
2013-04-22T00:00:00.000Z;0.134
2013-04-23T00:00:00.000Z;0.112
2013-04-24T00:00:00.000Z;0.0960
2013-04-25T00:00:00.000Z;0.0880
2013-04-26T00:00:00.000Z;0.0880
2013-04-27T00:00:00.000Z;0.385
2013-04-28T00:00:00.000Z;0.459
2013-04-29T00:00:00.000Z;0.354
2013-04-30T00:00:00.000Z;0.387
2013-05-01T00:00:00.000Z;0.275
2013-05-02T00:00:00.000Z;0.354
2013-05-03T00:00:00.000Z;0.392
2013-05-04T00:00:00.000Z;0.250
2013-05-05T00:00:00.000Z;0.199
2013-05-06T00:00:00.000Z;0.164
2013-05-07T00:00:00.000Z;0.134
2013-05-08T00:00:00.000Z;0.113
2013-05-09T00:00:00.000Z;0.105
2013-05-10T00:00:00.000Z;0.159
2013-05-11T00:00:00.000Z;0.170
2013-05-12T00:00:00.000Z;0.131
2013-05-13T00:00:00.000Z;0.108
2013-05-14T00:00:00.000Z;0.0960
2013-05-15T00:00:00.000Z;0.114
2013-05-16T00:00:00.000Z;0.285
2013-05-17T00:00:00.000Z;0.248
2013-05-18T00:00:00.000Z;0.184
2013-05-19T00:00:00.000Z;0.138
2013-05-20T00:00:00.000Z;0.114
2013-05-21T00:00:00.000Z;0.0950
2013-05-22T00:00:00.000Z;0.104
2013-05-23T00:00:00.000Z;0.159
2013-05-24T00:00:00.000Z;0.160
2013-05-25T00:00:00.000Z;0.133
2013-05-26T00:00:00.000Z;0.119
2013-05-27T00:00:00.000Z;0.107
2013-05-28T00:00:00.000Z;0.120
2013-05-29T00:00:00.000Z;0.151
2013-05-30T00:00:00.000Z;0.185
2013-06-01T00:00:00.000Z;0.509
2013-06-02T00:00:00.000Z;0.321
2013-06-03T00:00:00.000Z;0.258
2013-06-04T00:00:00.000Z;0.204
2013-06-05T00:00:00.000Z;0.167
2013-06-06T00:00:00.000Z;0.134
2013-06-07T00:00:00.000Z;0.109
2013-06-08T00:00:00.000Z;0.0960
2013-06-09T00:00:00.000Z;0.0980
2013-06-10T00:00:00.000Z;0.144
2013-06-11T00:00:00.000Z;0.132
2013-06-12T00:00:00.000Z;0.101
2013-06-13T00:00:00.000Z;0.0860
2013-06-14T00:00:00.000Z;0.0720
2013-06-15T00:00:00.000Z;0.0690
2013-06-16T00:00:00.000Z;0.0600
2013-06-17T00:00:00.000Z;0.0570
2013-06-18T00:00:00.000Z;0.125
2013-06-19T00:00:00.000Z;0.367
2013-06-20T00:00:00.000Z;0.208
2013-06-21T00:00:00.000Z;0.152
2013-06-22T00:00:00.000Z;0.117
2013-06-23T00:00:00.000Z;0.0980
2013-06-24T00:00:00.000Z;0.0850
2013-06-25T00:00:00.000Z;0.0760
2013-06-26T00:00:00.000Z;0.0660
2013-06-27T00:00:00.000Z;0.0600
2013-06-28T00:00:00.000Z;0.0540
2013-06-29T00:00:00.000Z;0.0480
2013-06-30T00:00:00.000Z;0.0440
2013-07-01T00:00:00.000Z;0.0410
2013-07-02T00:00:00.000Z;0.0390
2013-07-03T00:00:00.000Z;0.0320
2013-07-04T00:00:00.000Z;0.0270
2013-07-05T00:00:00.000Z;0.0240
2013-07-06T00:00:00.000Z;0.0230
2013-07-07T00:00:00.000Z;0.0230
2013-07-08T00:00:00.000Z;0.0220
2013-07-09T00:00:00.000Z;0.0210
2013-07-10T00:00:00.000Z;0.0200
2013-07-11T00:00:00.000Z;0.0210
2013-07-12T00:00:00.000Z;0.0190
2013-07-13T00:00:00.000Z;0.0120
2013-07-14T00:00:00.000Z;0.00800
2013-07-15T00:00:00.000Z;0.00400
2013-07-19T00:00:00.000Z;0.153
2013-07-20T00:00:00.000Z;0.0980
2013-07-21T00:00:00.000Z;0.0720
2013-07-22T00:00:00.000Z;0.0540
2013-07-23T00:00:00.000Z;0.0470
2013-07-24T00:00:00.000Z;0.0410
2013-07-25T00:00:00.000Z;0.0380
2013-07-26T00:00:00.000Z;0.0340
2013-07-27T00:00:00.000Z;0.0230
2013-07-28T00:00:00.000Z;0.0170
2013-07-29T00:00:00.000Z;0.0130
2013-07-30T00:00:00.000Z;0.0100
2013-07-31T00:00:00.000Z;0.0100
2013-08-01T00:00:00.000Z;0.00900
2013-08-02T00:00:00.000Z;0.00800
2013-08-03T00:00:00.000Z;0.00500
2013-08-04T00:00:00.000Z;0.00300
2013-08-05T00:00:00.000Z;0.00300
2013-08-06T00:00:00.000Z;0.00300
2013-08-07T00:00:00.000Z;0.0140
2013-08-14T00:00:00.000Z;0.00100
2013-08-15T00:00:00.000Z;0.00200
2013-08-16T00:00:00.000Z;0.00500
2013-08-17T00:00:00.000Z;0.0150
2013-08-18T00:00:00.000Z;0.0140
2013-08-19T00:00:00.000Z;0.0130
2013-08-20T00:00:00.000Z;0.0110
2013-08-21T00:00:00.000Z;0.0110
2013-08-22T00:00:00.000Z;0.0110
2013-08-23T00:00:00.000Z;0.0100
2013-08-24T00:00:00.000Z;0.0120
2013-08-25T00:00:00.000Z;0.0110
2013-08-27T00:00:00.000Z;0.0500
2013-08-28T00:00:00.000Z;0.0380
2013-09-11T00:00:00.000Z;0.0510
2013-09-12T00:00:00.000Z;0.0270
2013-09-13T00:00:00.000Z;0.00300
2013-10-01T00:00:00.000Z;0.0110
2013-10-02T00:00:00.000Z;0.0110
2013-10-03T00:00:00.000Z;0.0180
2013-10-04T00:00:00.000Z;0.0400
2013-10-05T00:00:00.000Z;0.0500
2013-10-06T00:00:00.000Z;0.0300
2013-10-07T00:00:00.000Z;0.0300
2013-10-08T00:00:00.000Z;0.0160
2013-10-09T00:00:00.000Z;0.0100
2013-10-10T00:00:00.000Z;0.0150
2013-10-11T00:00:00.000Z;0.0470
2013-10-12T00:00:00.000Z;0.0310
2013-10-13T00:00:00.000Z;0.0160
2013-10-14T00:00:00.000Z;0.00800
2013-10-17T00:00:00.000Z;0.0100
2013-10-18T00:00:00.000Z;0.0230
2013-10-19T00:00:00.000Z;0.0200
2013-10-20T00:00:00.000Z;0.0100
2013-10-21T00:00:00.000Z;0.00700
2013-10-22T00:00:00.000Z;0.00500
2013-11-03T00:00:00.000Z;0.0200
2013-11-04T00:00:00.000Z;0.0400
2013-11-06T00:00:00.000Z;0.266
2013-11-07T00:00:00.000Z;0.138
2013-11-08T00:00:00.000Z;0.0880
2013-11-09T00:00:00.000Z;0.0840
2013-11-10T00:00:00.000Z;0.100
2013-11-11T00:00:00.000Z;0.466
2013-11-12T00:00:00.000Z;0.423
2013-11-13T00:00:00.000Z;0.616
2013-11-14T00:00:00.000Z;0.370
2013-11-15T00:00:00.000Z;0.484
2013-11-16T00:00:00.000Z;0.380
2013-11-17T00:00:00.000Z;0.277
2013-11-20T00:00:00.000Z;0.486
2013-11-23T00:00:00.000Z;0.402
2013-11-24T00:00:00.000Z;0.303
2013-11-25T00:00:00.000Z;0.254
2013-11-26T00:00:00.000Z;0.229
2013-11-27T00:00:00.000Z;0.205
2013-11-28T00:00:00.000Z;0.175
2013-11-29T00:00:00.000Z;0.145
2013-11-30T00:00:00.000Z;0.158
2013-12-01T00:00:00.000Z;0.245
2013-12-02T00:00:00.000Z;0.196
2013-12-03T00:00:00.000Z;0.159
2013-12-04T00:00:00.000Z;0.144
2013-12-05T00:00:00.000Z;0.166
2013-12-06T00:00:00.000Z;0.159
2013-12-07T00:00:00.000Z;0.148
2013-12-08T00:00:00.000Z;0.126
2013-12-09T00:00:00.000Z;0.113
2013-12-10T00:00:00.000Z;0.104
2013-12-11T00:00:00.000Z;0.0940
2013-12-12T00:00:00.000Z;0.0900
2013-12-13T00:00:00.000Z;0.0830
2013-12-14T00:00:00.000Z;0.0680
2013-12-15T00:00:00.000Z;0.0680
2013-12-16T00:00:00.000Z;0.0660
2013-12-17T00:00:00.000Z;0.0630
2013-12-18T00:00:00.000Z;0.0600
2013-12-19T00:00:00.000Z;0.0600
2013-12-20T00:00:00.000Z;0.195
2013-12-21T00:00:00.000Z;0.170
2013-12-22T00:00:00.000Z;0.121
2013-12-23T00:00:00.000Z;0.0970
2013-12-24T00:00:00.000Z;0.0880
2013-12-25T00:00:00.000Z;0.0850
2013-12-26T00:00:00.000Z;0.178
2013-12-27T00:00:00.000Z;0.292
2013-12-28T00:00:00.000Z;0.268
2013-12-29T00:00:00.000Z;0.246
2013-12-30T00:00:00.000Z;0.184
2013-12-31T00:00:00.000Z;0.150
2014-01-01T00:00:00.000Z;0.126
2014-01-02T00:00:00.000Z;0.107
2014-01-03T00:00:00.000Z;0.0930
2014-01-04T00:00:00.000Z;0.127
2014-01-05T00:00:00.000Z;0.358
2014-01-06T00:00:00.000Z;0.259
2014-01-07T00:00:00.000Z;0.192
2014-01-08T00:00:00.000Z;0.153
2014-01-09T00:00:00.000Z;0.127
2014-01-10T00:00:00.000Z;0.112
2014-01-11T00:00:00.000Z;0.0880
2014-01-12T00:00:00.000Z;0.0810
2014-01-13T00:00:00.000Z;0.0790
2014-01-14T00:00:00.000Z;0.0850
2014-01-15T00:00:00.000Z;0.116
2014-01-16T00:00:00.000Z;0.116
2014-01-17T00:00:00.000Z;0.108
2014-01-18T00:00:00.000Z;0.100
2014-01-19T00:00:00.000Z;0.0940
2014-01-20T00:00:00.000Z;0.0810
2014-01-21T00:00:00.000Z;0.0760
2014-01-22T00:00:00.000Z;0.0860
2014-01-23T00:00:00.000Z;0.158
2014-01-26T00:00:00.000Z;0.444
2014-01-27T00:00:00.000Z;0.315
2014-01-28T00:00:00.000Z;0.391
2014-01-29T00:00:00.000Z;0.325
2014-01-30T00:00:00.000Z;0.243
2014-01-31T00:00:00.000Z;0.209
2014-02-01T00:00:00.000Z;0.293
2014-02-02T00:00:00.000Z;0.349
2014-02-03T00:00:00.000Z;0.245
2014-02-04T00:00:00.000Z;0.197
2014-02-05T00:00:00.000Z;0.172
2014-02-06T00:00:00.000Z;0.137
2014-02-07T00:00:00.000Z;0.122
2014-02-08T00:00:00.000Z;0.114
2014-02-09T00:00:00.000Z;0.129
2014-02-10T00:00:00.000Z;0.151
2014-02-11T00:00:00.000Z;0.265
2014-02-12T00:00:00.000Z;0.250
2014-02-13T00:00:00.000Z;0.199
2014-02-14T00:00:00.000Z;0.166
2014-02-15T00:00:00.000Z;0.147
2014-02-16T00:00:00.000Z;0.239
2014-02-17T00:00:00.000Z;0.248
2014-02-18T00:00:00.000Z;0.193
2014-02-19T00:00:00.000Z;0.155
2014-02-20T00:00:00.000Z;0.131
2014-02-21T00:00:00.000Z;0.143
2014-02-22T00:00:00.000Z;0.172
2014-02-23T00:00:00.000Z;0.148
2014-02-24T00:00:00.000Z;0.129
2014-02-25T00:00:00.000Z;0.109
2014-02-26T00:00:00.000Z;0.0930
2014-02-27T00:00:00.000Z;0.0830
2014-02-28T00:00:00.000Z;0.109
2014-03-01T00:00:00.000Z;0.282
2014-03-02T00:00:00.000Z;0.266
2014-03-03T00:00:00.000Z;0.367
2014-03-04T00:00:00.000Z;0.518
2014-03-06T00:00:00.000Z;0.445
2014-03-07T00:00:00.000Z;0.283
2014-03-08T00:00:00.000Z;0.214
2014-03-09T00:00:00.000Z;0.178
2014-03-10T00:00:00.000Z;0.151
2014-03-11T00:00:00.000Z;0.126
2014-03-12T00:00:00.000Z;0.110
2014-03-13T00:00:00.000Z;0.0970
2014-03-14T00:00:00.000Z;0.0870
2014-03-15T00:00:00.000Z;0.0770
2014-03-16T00:00:00.000Z;0.0700
2014-03-17T00:00:00.000Z;0.0670
2014-03-18T00:00:00.000Z;0.0650
2014-03-19T00:00:00.000Z;0.0580
2014-03-20T00:00:00.000Z;0.0520
2014-03-21T00:00:00.000Z;0.0500
2014-03-22T00:00:00.000Z;0.0540
2014-03-23T00:00:00.000Z;0.0810
2014-03-24T00:00:00.000Z;0.110
2014-03-25T00:00:00.000Z;0.264
2014-03-28T00:00:00.000Z;0.341
2014-03-29T00:00:00.000Z;0.240
2014-03-30T00:00:00.000Z;0.186
2014-03-31T00:00:00.000Z;0.152
2014-04-01T00:00:00.000Z;0.128
2014-04-02T00:00:00.000Z;0.113
2014-04-03T00:00:00.000Z;0.114
2014-04-04T00:00:00.000Z;0.541
2014-04-05T00:00:00.000Z;0.276
2014-04-06T00:00:00.000Z;0.203
2014-04-07T00:00:00.000Z;0.169
2014-04-08T00:00:00.000Z;0.157
2014-04-09T00:00:00.000Z;0.196
2014-04-10T00:00:00.000Z;0.173
2014-04-11T00:00:00.000Z;0.145
2014-04-12T00:00:00.000Z;0.124
2014-04-13T00:00:00.000Z;0.108
2014-04-14T00:00:00.000Z;0.0970
2014-04-15T00:00:00.000Z;0.0890
2014-04-16T00:00:00.000Z;0.0800
2014-04-17T00:00:00.000Z;0.0720
2014-04-18T00:00:00.000Z;0.0680
2014-04-19T00:00:00.000Z;0.0670
2014-04-20T00:00:00.000Z;0.0660
2014-04-21T00:00:00.000Z;0.0680
2014-04-22T00:00:00.000Z;0.0660
2014-04-23T00:00:00.000Z;0.0480
2014-04-24T00:00:00.000Z;0.0580
2014-04-25T00:00:00.000Z;0.166
2014-04-26T00:00:00.000Z;0.149
2014-04-27T00:00:00.000Z;0.325
2014-04-28T00:00:00.000Z;0.180
2014-04-29T00:00:00.000Z;0.131
2014-04-30T00:00:00.000Z;0.103
2014-05-01T00:00:00.000Z;0.104
2014-05-02T00:00:00.000Z;0.232
2014-05-03T00:00:00.000Z;0.304
2014-05-04T00:00:00.000Z;0.222
2014-05-05T00:00:00.000Z;0.173
2014-05-06T00:00:00.000Z;0.136
2014-05-07T00:00:00.000Z;0.110
2014-05-08T00:00:00.000Z;0.0900
2014-05-09T00:00:00.000Z;0.0780
2014-05-10T00:00:00.000Z;0.0710
2014-05-11T00:00:00.000Z;0.0670
2014-05-12T00:00:00.000Z;0.0630
2014-05-13T00:00:00.000Z;0.0570
2014-05-14T00:00:00.000Z;0.0580
2014-05-15T00:00:00.000Z;0.0570
2014-05-16T00:00:00.000Z;0.0540
2014-05-17T00:00:00.000Z;0.0510
2014-05-18T00:00:00.000Z;0.0500
2014-05-19T00:00:00.000Z;0.0480
2014-05-20T00:00:00.000Z;0.0460
2014-05-21T00:00:00.000Z;0.0380
2014-05-22T00:00:00.000Z;0.0310
2014-05-23T00:00:00.000Z;0.0270
2014-05-24T00:00:00.000Z;0.0260
2014-05-25T00:00:00.000Z;0.0260
2014-05-26T00:00:00.000Z;0.273
2014-05-27T00:00:00.000Z;0.227
2014-05-31T00:00:00.000Z;0.501
2014-06-01T00:00:00.000Z;0.384
2014-06-02T00:00:00.000Z;0.257
2014-06-03T00:00:00.000Z;0.196
2014-06-04T00:00:00.000Z;0.161
2014-06-05T00:00:00.000Z;0.134
2014-06-06T00:00:00.000Z;0.112
2014-06-07T00:00:00.000Z;0.0930
2014-06-08T00:00:00.000Z;0.0810
2014-06-09T00:00:00.000Z;0.0720
2014-06-10T00:00:00.000Z;0.0650
2014-06-11T00:00:00.000Z;0.0580
2014-06-12T00:00:00.000Z;0.0530
2014-06-13T00:00:00.000Z;0.0460
2014-06-14T00:00:00.000Z;0.0490
2014-06-15T00:00:00.000Z;0.0500
2014-06-16T00:00:00.000Z;0.0350
2014-06-17T00:00:00.000Z;0.0290
2014-06-18T00:00:00.000Z;0.0270
2014-06-19T00:00:00.000Z;0.0260
2014-06-20T00:00:00.000Z;0.0230
2014-06-21T00:00:00.000Z;0.0230
2014-06-22T00:00:00.000Z;0.0220
2014-06-23T00:00:00.000Z;0.0170
2014-06-24T00:00:00.000Z;0.0270
2014-06-25T00:00:00.000Z;0.156
2014-06-26T00:00:00.000Z;0.0920
2014-06-27T00:00:00.000Z;0.125
2014-06-28T00:00:00.000Z;0.0720
2014-06-29T00:00:00.000Z;0.0530
2014-06-30T00:00:00.000Z;0.0470
2014-07-01T00:00:00.000Z;0.0410
2014-07-02T00:00:00.000Z;0.0350
2014-07-03T00:00:00.000Z;0.0330
2014-07-04T00:00:00.000Z;0.0220
2014-07-05T00:00:00.000Z;0.0190
2014-07-06T00:00:00.000Z;0.0180
2014-07-07T00:00:00.000Z;0.0190
2014-07-08T00:00:00.000Z;0.0210
2014-07-09T00:00:00.000Z;0.0170
2014-07-10T00:00:00.000Z;0.0140
2014-07-11T00:00:00.000Z;0.0120
2014-07-12T00:00:00.000Z;0.00900
2014-07-13T00:00:00.000Z;0.00800
2014-07-14T00:00:00.000Z;0.00700
2014-07-15T00:00:00.000Z;0.00600
2014-07-16T00:00:00.000Z;0.00500
2014-07-17T00:00:00.000Z;0.00500
2014-07-18T00:00:00.000Z;0.00500
2014-07-19T00:00:00.000Z;0.00600
2014-07-20T00:00:00.000Z;0.00500
2014-07-29T00:00:00.000Z;0.0500
2014-07-30T00:00:00.000Z;0.0240
2014-07-31T00:00:00.000Z;0.0100
2014-08-01T00:00:00.000Z;0.0140
2014-08-02T00:00:00.000Z;0.0220
2014-08-03T00:00:00.000Z;0.0100
2014-08-04T00:00:00.000Z;0.0200
2014-08-05T00:00:00.000Z;0.0310
2014-08-06T00:00:00.000Z;0.0260
2014-08-07T00:00:00.000Z;0.0140
2014-08-08T00:00:00.000Z;0.0130
2014-08-09T00:00:00.000Z;0.0150
2014-08-10T00:00:00.000Z;0.0380
2014-08-11T00:00:00.000Z;0.157
2014-08-12T00:00:00.000Z;0.103
2014-08-13T00:00:00.000Z;0.0760
2014-08-14T00:00:00.000Z;0.0610
2014-08-15T00:00:00.000Z;0.0510
2014-08-16T00:00:00.000Z;0.0370
2014-08-17T00:00:00.000Z;0.0220
2014-08-18T00:00:00.000Z;0.0170
2014-08-19T00:00:00.000Z;0.0250
2014-08-20T00:00:00.000Z;0.0110
2014-08-21T00:00:00.000Z;0.00700
2014-08-22T00:00:00.000Z;0.0110
2014-08-26T00:00:00.000Z;0.00
2014-08-27T00:00:00.000Z;0.00
2014-08-28T00:00:00.000Z;0.00
2014-08-29T00:00:00.000Z;0.00
2014-10-12T00:00:00.000Z;0.00500
2014-10-13T00:00:00.000Z;0.0160
2014-10-14T00:00:00.000Z;0.0160
2014-10-15T00:00:00.000Z;0.0240
2014-10-16T00:00:00.000Z;0.0270
2014-10-17T00:00:00.000Z;0.0270
2014-10-18T00:00:00.000Z;0.0350
2014-10-19T00:00:00.000Z;0.0380
2014-10-20T00:00:00.000Z;0.0380
2014-10-21T00:00:00.000Z;0.0380
2014-10-22T00:00:00.000Z;0.0380
2014-10-23T00:00:00.000Z;0.0380
2014-10-24T00:00:00.000Z;0.0380
2014-10-25T00:00:00.000Z;0.0380
2014-10-26T00:00:00.000Z;0.0380
2014-10-27T00:00:00.000Z;0.0380
2014-10-28T00:00:00.000Z;0.0380
2014-10-29T00:00:00.000Z;0.0380
2014-10-30T00:00:00.000Z;0.0380
2014-11-04T00:00:00.000Z;0.0120
2014-11-05T00:00:00.000Z;0.0230
2014-11-06T00:00:00.000Z;0.0270
2014-11-07T00:00:00.000Z;0.0270
2014-11-08T00:00:00.000Z;0.0270
2014-11-09T00:00:00.000Z;0.0420
2014-11-10T00:00:00.000Z;0.0520
2014-11-11T00:00:00.000Z;0.0500
2014-11-12T00:00:00.000Z;0.0500
2014-11-13T00:00:00.000Z;0.0500
2014-11-14T00:00:00.000Z;0.0500
2014-11-15T00:00:00.000Z;0.0500
2014-11-16T00:00:00.000Z;0.0510
2014-11-27T00:00:00.000Z;0.00500
2014-11-28T00:00:00.000Z;0.00800
2014-11-29T00:00:00.000Z;0.00800
2014-11-30T00:00:00.000Z;0.0330
2014-12-01T00:00:00.000Z;0.330
2014-12-02T00:00:00.000Z;0.105
2014-12-03T00:00:00.000Z;0.0660
2014-12-04T00:00:00.000Z;0.0380
2014-12-05T00:00:00.000Z;0.0170
2014-12-06T00:00:00.000Z;0.00800
2014-12-07T00:00:00.000Z;0.00600
2014-12-08T00:00:00.000Z;0.0170
2014-12-09T00:00:00.000Z;0.170
2014-12-10T00:00:00.000Z;0.117
2014-12-11T00:00:00.000Z;0.107
2014-12-12T00:00:00.000Z;0.119
2014-12-13T00:00:00.000Z;0.0850
2014-12-14T00:00:00.000Z;0.0730
2014-12-15T00:00:00.000Z;0.0600
2014-12-18T00:00:00.000Z;0.284
2014-12-19T00:00:00.000Z;0.219
2014-12-20T00:00:00.000Z;0.177
2014-12-21T00:00:00.000Z;0.177
2014-12-22T00:00:00.000Z;0.169
2014-12-23T00:00:00.000Z;0.131
2014-12-24T00:00:00.000Z;0.103
2014-12-25T00:00:00.000Z;0.0800
2014-12-26T00:00:00.000Z;0.0730
2014-12-29T00:00:00.000Z;0.370
2014-12-30T00:00:00.000Z;0.215
2014-12-31T00:00:00.000Z;0.167
2015-01-01T00:00:00.000Z;0.134
2015-01-02T00:00:00.000Z;0.109
2015-01-03T00:00:00.000Z;0.100
2015-01-04T00:00:00.000Z;0.100
2015-01-05T00:00:00.000Z;0.100
2015-01-06T00:00:00.000Z;0.0960
2015-01-07T00:00:00.000Z;0.0820
2015-01-08T00:00:00.000Z;0.0730
2015-01-09T00:00:00.000Z;0.0670
2015-01-10T00:00:00.000Z;0.0600
2015-01-11T00:00:00.000Z;0.0600
2015-01-12T00:00:00.000Z;0.0540
2015-01-13T00:00:00.000Z;0.0500
2015-01-14T00:00:00.000Z;0.0500
2015-01-15T00:00:00.000Z;0.0500
2015-01-16T00:00:00.000Z;0.0630
2015-01-17T00:00:00.000Z;0.196
2015-01-18T00:00:00.000Z;0.178
2015-01-19T00:00:00.000Z;0.139
2015-01-20T00:00:00.000Z;0.121
2015-01-21T00:00:00.000Z;0.100
2015-01-22T00:00:00.000Z;0.0990
2015-01-23T00:00:00.000Z;0.0880
2015-01-24T00:00:00.000Z;0.0860
2015-01-25T00:00:00.000Z;0.0860
2015-01-26T00:00:00.000Z;0.0860
2015-01-27T00:00:00.000Z;0.0860
2015-01-28T00:00:00.000Z;0.0950
2015-01-29T00:00:00.000Z;0.101
2015-02-01T00:00:00.000Z;0.463
2015-02-02T00:00:00.000Z;0.299
2015-02-03T00:00:00.000Z;0.254
2015-02-04T00:00:00.000Z;0.218
2015-02-05T00:00:00.000Z;0.180
2015-02-06T00:00:00.000Z;0.158
2015-02-07T00:00:00.000Z;0.138
2015-02-08T00:00:00.000Z;0.119
2015-02-09T00:00:00.000Z;0.114
2015-02-10T00:00:00.000Z;0.114
2015-02-11T00:00:00.000Z;0.118
2015-02-12T00:00:00.000Z;0.129
2015-02-13T00:00:00.000Z;0.158
2015-02-14T00:00:00.000Z;0.196
2015-02-15T00:00:00.000Z;0.473
2015-02-16T00:00:00.000Z;0.427
2015-02-17T00:00:00.000Z;0.425
2015-02-18T00:00:00.000Z;0.466
2015-02-19T00:00:00.000Z;0.312
2015-02-20T00:00:00.000Z;0.248
2015-02-21T00:00:00.000Z;0.277
2015-02-22T00:00:00.000Z;0.371
2015-02-23T00:00:00.000Z;0.284
2015-02-24T00:00:00.000Z;0.481
2015-02-28T00:00:00.000Z;0.496
2015-03-01T00:00:00.000Z;0.451
2015-03-02T00:00:00.000Z;0.393
2015-03-03T00:00:00.000Z;0.389
2015-03-05T00:00:00.000Z;0.467
2015-03-06T00:00:00.000Z;0.328
2015-03-07T00:00:00.000Z;0.259
2015-03-08T00:00:00.000Z;0.215
2015-03-09T00:00:00.000Z;0.185
2015-03-10T00:00:00.000Z;0.156
2015-03-11T00:00:00.000Z;0.138
2015-03-12T00:00:00.000Z;0.129
2015-03-13T00:00:00.000Z;0.118
2015-03-14T00:00:00.000Z;0.114
2015-03-15T00:00:00.000Z;0.104
2015-03-16T00:00:00.000Z;0.101
2015-03-17T00:00:00.000Z;0.112
2015-03-18T00:00:00.000Z;0.114
2015-03-19T00:00:00.000Z;0.108
2015-03-20T00:00:00.000Z;0.100
2015-03-21T00:00:00.000Z;0.0950
2015-03-22T00:00:00.000Z;0.282
2015-03-23T00:00:00.000Z;0.459
2015-03-24T00:00:00.000Z;0.252
2015-03-25T00:00:00.000Z;0.237
2015-03-26T00:00:00.000Z;0.291
2015-03-27T00:00:00.000Z;0.240
2015-03-28T00:00:00.000Z;0.206
2015-03-29T00:00:00.000Z;0.185
2015-03-30T00:00:00.000Z;0.164
2015-03-31T00:00:00.000Z;0.146
2015-04-01T00:00:00.000Z;0.125
2015-04-02T00:00:00.000Z;0.114
2015-04-03T00:00:00.000Z;0.114
2015-04-04T00:00:00.000Z;0.107
2015-04-05T00:00:00.000Z;0.100
2015-04-06T00:00:00.000Z;0.0930
2015-04-07T00:00:00.000Z;0.0860
2015-04-08T00:00:00.000Z;0.0820
2015-04-09T00:00:00.000Z;0.0730
2015-04-10T00:00:00.000Z;0.0730
2015-04-11T00:00:00.000Z;0.0730
2015-04-12T00:00:00.000Z;0.0730
2015-04-13T00:00:00.000Z;0.0660
2015-04-14T00:00:00.000Z;0.0630
2015-04-15T00:00:00.000Z;0.0650
2015-04-16T00:00:00.000Z;0.0650
2015-04-17T00:00:00.000Z;0.0770
2015-04-18T00:00:00.000Z;0.159
2015-04-20T00:00:00.000Z;0.389
2015-04-21T00:00:00.000Z;0.265
2015-04-22T00:00:00.000Z;0.212
2015-04-23T00:00:00.000Z;0.176
2015-04-24T00:00:00.000Z;0.154
2015-04-25T00:00:00.000Z;0.140
2015-04-26T00:00:00.000Z;0.130
2015-04-27T00:00:00.000Z;0.255
2015-04-28T00:00:00.000Z;0.361
2015-04-29T00:00:00.000Z;0.250
2015-04-30T00:00:00.000Z;0.199
2015-05-01T00:00:00.000Z;0.168
2015-05-02T00:00:00.000Z;0.146
2015-05-03T00:00:00.000Z;0.132
2015-05-04T00:00:00.000Z;0.122
2015-05-05T00:00:00.000Z;0.114
2015-05-06T00:00:00.000Z;0.102
2015-05-07T00:00:00.000Z;0.0940
2015-05-08T00:00:00.000Z;0.0880
2015-05-09T00:00:00.000Z;0.0850
2015-05-10T00:00:00.000Z;0.0820
2015-05-11T00:00:00.000Z;0.0780
2015-05-12T00:00:00.000Z;0.0700
2015-05-13T00:00:00.000Z;0.0640
2015-05-14T00:00:00.000Z;0.0630
2015-05-15T00:00:00.000Z;0.0620
2015-05-16T00:00:00.000Z;0.0550
2015-05-17T00:00:00.000Z;0.0520
2015-05-18T00:00:00.000Z;0.0500
2015-05-19T00:00:00.000Z;0.0500
2015-05-20T00:00:00.000Z;0.0500
2015-05-21T00:00:00.000Z;0.0490
2015-05-22T00:00:00.000Z;0.0490
2015-05-23T00:00:00.000Z;0.0480
2015-05-24T00:00:00.000Z;0.0440
2015-05-25T00:00:00.000Z;0.0410
2015-05-26T00:00:00.000Z;0.0360
2015-05-27T00:00:00.000Z;0.0310
2015-05-28T00:00:00.000Z;0.0290
2015-05-29T00:00:00.000Z;0.0290
2015-05-30T00:00:00.000Z;0.0280
2015-05-31T00:00:00.000Z;0.0250
2015-06-01T00:00:00.000Z;0.0230
2015-06-02T00:00:00.000Z;0.0230
2015-06-03T00:00:00.000Z;0.0190
2015-06-04T00:00:00.000Z;0.0170
2015-06-05T00:00:00.000Z;0.0140
2015-06-06T00:00:00.000Z;0.0130
2015-06-07T00:00:00.000Z;0.0130
2015-06-08T00:00:00.000Z;0.0120
2015-06-09T00:00:00.000Z;0.0110
2015-06-10T00:00:00.000Z;0.0110
2015-06-11T00:00:00.000Z;0.0110
2015-06-12T00:00:00.000Z;0.0110
2015-06-13T00:00:00.000Z;0.0110
2015-06-14T00:00:00.000Z;0.0170
2015-06-15T00:00:00.000Z;0.0190
2015-06-16T00:00:00.000Z;0.0140
2015-06-17T00:00:00.000Z;0.0320
2015-06-18T00:00:00.000Z;0.0290
2015-06-19T00:00:00.000Z;0.0220
2015-06-20T00:00:00.000Z;0.0150
2015-06-21T00:00:00.000Z;0.0120
2015-06-22T00:00:00.000Z;0.0110
2015-06-23T00:00:00.000Z;0.0100
2015-06-24T00:00:00.000Z;0.00700
2015-06-25T00:00:00.000Z;0.00500
2015-06-26T00:00:00.000Z;0.00300
2015-06-27T00:00:00.000Z;0.00300
2015-06-28T00:00:00.000Z;0.00300
2015-06-29T00:00:00.000Z;0.00200
2015-06-30T00:00:00.000Z;0.00100
2015-07-01T00:00:00.000Z;0.00
2015-07-02T00:00:00.000Z;0.00
2015-07-07T00:00:00.000Z;0.00200
2015-07-08T00:00:00.000Z;0.00500
2015-07-09T00:00:00.000Z;0.00500
2015-07-10T00:00:00.000Z;0.00700
2015-07-11T00:00:00.000Z;0.00700
2015-08-01T00:00:00.000Z;0.0220
2015-08-14T00:00:00.000Z;0.0250
2015-08-15T00:00:00.000Z;0.00900
2015-08-16T00:00:00.000Z;0.00200
2015-08-23T00:00:00.000Z;0.00600
2015-08-24T00:00:00.000Z;0.00600
2015-08-25T00:00:00.000Z;0.00500
2015-08-26T00:00:00.000Z;0.00200
2015-08-27T00:00:00.000Z;0.00100
2015-09-01T00:00:00.000Z;0.0110
2015-09-02T00:00:00.000Z;0.0110
2015-09-03T00:00:00.000Z;0.0160
2015-09-04T00:00:00.000Z;0.0220
2015-09-05T00:00:00.000Z;0.0210
2015-09-06T00:00:00.000Z;0.0190
2015-09-07T00:00:00.000Z;0.0150
2015-09-08T00:00:00.000Z;0.0140
2015-09-09T00:00:00.000Z;0.0200
2015-09-10T00:00:00.000Z;0.0240
2015-09-11T00:00:00.000Z;0.0250
2015-09-12T00:00:00.000Z;0.0270
2015-09-13T00:00:00.000Z;0.0310
2015-09-14T00:00:00.000Z;0.0350
2015-09-15T00:00:00.000Z;0.0390
2015-09-16T00:00:00.000Z;0.0470
2015-09-17T00:00:00.000Z;0.141
2015-09-18T00:00:00.000Z;0.151
2015-09-19T00:00:00.000Z;0.0830
2015-09-20T00:00:00.000Z;0.0330
2015-09-21T00:00:00.000Z;0.0110
2015-09-22T00:00:00.000Z;0.00400
2015-09-23T00:00:00.000Z;0.00300
2015-10-13T00:00:00.000Z;0.00500
2015-10-14T00:00:00.000Z;0.00200
2015-10-15T00:00:00.000Z;0.00100
2015-10-16T00:00:00.000Z;0.00
2015-10-28T00:00:00.000Z;0.00200
2015-10-29T00:00:00.000Z;0.00400
2015-10-30T00:00:00.000Z;0.00400
2015-10-31T00:00:00.000Z;0.00400
2015-11-01T00:00:00.000Z;0.00400
2015-11-02T00:00:00.000Z;0.00800
2015-11-03T00:00:00.000Z;0.0220
2015-11-04T00:00:00.000Z;0.0300
2015-11-05T00:00:00.000Z;0.0250
2015-11-06T00:00:00.000Z;0.0200
2015-11-07T00:00:00.000Z;0.0160
2015-11-08T00:00:00.000Z;0.0130
2015-11-09T00:00:00.000Z;0.0130
2015-11-10T00:00:00.000Z;0.00900
2015-11-11T00:00:00.000Z;0.00700
2015-11-12T00:00:00.000Z;0.00600
2015-11-13T00:00:00.000Z;0.00600
2015-11-14T00:00:00.000Z;0.00600
2015-11-15T00:00:00.000Z;0.00500
2015-11-16T00:00:00.000Z;0.00500
2015-11-17T00:00:00.000Z;0.00500
2015-11-18T00:00:00.000Z;0.00500
2015-11-19T00:00:00.000Z;0.00500
2015-11-20T00:00:00.000Z;0.0110
2015-11-21T00:00:00.000Z;0.0730
2015-11-22T00:00:00.000Z;0.117
2015-11-23T00:00:00.000Z;0.0810
2015-11-24T00:00:00.000Z;0.0300
2015-11-27T00:00:00.000Z;0.322
2015-11-28T00:00:00.000Z;0.266
2015-11-29T00:00:00.000Z;0.240
2015-11-30T00:00:00.000Z;0.159
2015-12-01T00:00:00.000Z;0.120
2015-12-02T00:00:00.000Z;0.0990
2015-12-03T00:00:00.000Z;0.0870
2015-12-04T00:00:00.000Z;0.0790
2015-12-05T00:00:00.000Z;0.0750
2015-12-06T00:00:00.000Z;0.0600
2015-12-07T00:00:00.000Z;0.0520
2015-12-08T00:00:00.000Z;0.0470
2015-12-09T00:00:00.000Z;0.0410
2015-12-10T00:00:00.000Z;0.0440
2015-12-11T00:00:00.000Z;0.0440
2015-12-12T00:00:00.000Z;0.0430
2015-12-13T00:00:00.000Z;0.0430
2015-12-14T00:00:00.000Z;0.0430
2015-12-15T00:00:00.000Z;0.0370
2015-12-16T00:00:00.000Z;0.0290
2015-12-17T00:00:00.000Z;0.0270
2015-12-18T00:00:00.000Z;0.0210
2015-12-19T00:00:00.000Z;0.0170
2015-12-20T00:00:00.000Z;0.0160
2015-12-21T00:00:00.000Z;0.0130
2015-12-22T00:00:00.000Z;0.00900
2015-12-23T00:00:00.000Z;0.00800
2015-12-24T00:00:00.000Z;0.00700
2015-12-25T00:00:00.000Z;0.00600
2015-12-26T00:00:00.000Z;0.00400
2016-01-03T00:00:00.000Z;0.148
2016-01-04T00:00:00.000Z;0.158
2016-01-05T00:00:00.000Z;0.221
2016-01-06T00:00:00.000Z;0.178
2016-01-07T00:00:00.000Z;0.171
2016-01-08T00:00:00.000Z;0.142
2016-01-09T00:00:00.000Z;0.123
2016-01-10T00:00:00.000Z;0.107
2016-01-11T00:00:00.000Z;0.0950
2016-01-12T00:00:00.000Z;0.0880
2016-01-13T00:00:00.000Z;0.0860
2016-01-14T00:00:00.000Z;0.0840
2016-01-15T00:00:00.000Z;0.138
2016-01-16T00:00:00.000Z;0.145
2016-01-17T00:00:00.000Z;0.127
2016-01-18T00:00:00.000Z;0.118
2016-01-19T00:00:00.000Z;0.301
2016-01-20T00:00:00.000Z;0.244
2016-01-21T00:00:00.000Z;0.179
2016-01-22T00:00:00.000Z;0.137
2016-01-23T00:00:00.000Z;0.117
2016-01-24T00:00:00.000Z;0.117
2016-01-25T00:00:00.000Z;0.115
2016-01-26T00:00:00.000Z;0.103
2016-01-27T00:00:00.000Z;0.0940
2016-01-28T00:00:00.000Z;0.0890
2016-01-29T00:00:00.000Z;0.0840
2016-01-30T00:00:00.000Z;0.0780
2016-01-31T00:00:00.000Z;0.0740
2016-02-01T00:00:00.000Z;0.0700
2016-02-02T00:00:00.000Z;0.0660
2016-02-03T00:00:00.000Z;0.0730
2016-02-04T00:00:00.000Z;0.161
2016-02-05T00:00:00.000Z;0.139
2016-02-06T00:00:00.000Z;0.120
2016-02-07T00:00:00.000Z;0.139
2016-02-08T00:00:00.000Z;0.165
2016-02-09T00:00:00.000Z;0.151
2016-02-10T00:00:00.000Z;0.383
2016-02-11T00:00:00.000Z;0.411
2016-02-14T00:00:00.000Z;0.498
2016-02-15T00:00:00.000Z;0.323
2016-02-16T00:00:00.000Z;0.271
2016-02-17T00:00:00.000Z;0.245
2016-02-18T00:00:00.000Z;0.212
2016-02-19T00:00:00.000Z;0.174
2016-02-20T00:00:00.000Z;0.150
2016-02-21T00:00:00.000Z;0.135
2016-02-22T00:00:00.000Z;0.126
2016-02-23T00:00:00.000Z;0.118
2016-02-24T00:00:00.000Z;0.113
2016-02-25T00:00:00.000Z;0.174
2016-02-26T00:00:00.000Z;0.211
2016-02-27T00:00:00.000Z;0.209
2016-02-28T00:00:00.000Z;0.435
2016-02-29T00:00:00.000Z;0.346
2016-03-01T00:00:00.000Z;0.241
2016-03-02T00:00:00.000Z;0.204
2016-03-03T00:00:00.000Z;0.395
2016-03-04T00:00:00.000Z;0.336
2016-03-05T00:00:00.000Z;0.317
2016-03-06T00:00:00.000Z;0.290
2016-03-07T00:00:00.000Z;0.258
2016-03-08T00:00:00.000Z;0.366
2016-03-09T00:00:00.000Z;0.381
2016-03-10T00:00:00.000Z;0.392
2016-03-11T00:00:00.000Z;0.367
2016-03-12T00:00:00.000Z;0.301
2016-03-13T00:00:00.000Z;0.249
2016-03-14T00:00:00.000Z;0.215
2016-03-15T00:00:00.000Z;0.182
2016-03-16T00:00:00.000Z;0.165
2016-03-17T00:00:00.000Z;0.163
2016-03-18T00:00:00.000Z;0.162
2016-03-19T00:00:00.000Z;0.151
2016-03-20T00:00:00.000Z;0.140
2016-03-21T00:00:00.000Z;0.137
2016-03-22T00:00:00.000Z;0.292
2016-03-23T00:00:00.000Z;0.222
2016-03-24T00:00:00.000Z;0.175
2016-03-25T00:00:00.000Z;0.151
2016-03-26T00:00:00.000Z;0.138
2016-03-27T00:00:00.000Z;0.131
2016-03-28T00:00:00.000Z;0.123
2016-03-29T00:00:00.000Z;0.115
2016-03-30T00:00:00.000Z;0.108
2016-03-31T00:00:00.000Z;0.106
2016-04-01T00:00:00.000Z;0.103
2016-04-02T00:00:00.000Z;0.100
2016-04-03T00:00:00.000Z;0.100
2016-04-04T00:00:00.000Z;0.0960
2016-04-05T00:00:00.000Z;0.284
2016-04-06T00:00:00.000Z;0.343
2016-04-07T00:00:00.000Z;0.255
2016-04-08T00:00:00.000Z;0.217
2016-04-09T00:00:00.000Z;0.226
2016-04-10T00:00:00.000Z;0.222
2016-04-11T00:00:00.000Z;0.196
2016-04-12T00:00:00.000Z;0.187
2016-04-13T00:00:00.000Z;0.170
2016-04-14T00:00:00.000Z;0.150
2016-04-15T00:00:00.000Z;0.137
2016-04-16T00:00:00.000Z;0.128
2016-04-17T00:00:00.000Z;0.118
2016-04-18T00:00:00.000Z;0.114
2016-04-19T00:00:00.000Z;0.114
2016-04-20T00:00:00.000Z;0.114
2016-04-21T00:00:00.000Z;0.180
2016-04-22T00:00:00.000Z;0.275
2016-04-23T00:00:00.000Z;0.294
2016-04-24T00:00:00.000Z;0.235
2016-04-25T00:00:00.000Z;0.204
2016-04-26T00:00:00.000Z;0.175
2016-04-27T00:00:00.000Z;0.154
2016-04-28T00:00:00.000Z;0.139
2016-04-29T00:00:00.000Z;0.125
2016-04-30T00:00:00.000Z;0.115
2016-05-01T00:00:00.000Z;0.107
2016-05-02T00:00:00.000Z;0.100
2016-05-03T00:00:00.000Z;0.0960
2016-05-04T00:00:00.000Z;0.0930
2016-05-05T00:00:00.000Z;0.0900
2016-05-06T00:00:00.000Z;0.0880
2016-05-07T00:00:00.000Z;0.0830
2016-05-08T00:00:00.000Z;0.0780
2016-05-09T00:00:00.000Z;0.0720
2016-05-10T00:00:00.000Z;0.0690
2016-05-11T00:00:00.000Z;0.107
2016-05-12T00:00:00.000Z;0.183
2016-05-13T00:00:00.000Z;0.299
2016-05-14T00:00:00.000Z;0.190
2016-05-15T00:00:00.000Z;0.155
2016-05-16T00:00:00.000Z;0.141
2016-05-17T00:00:00.000Z;0.128
2016-05-18T00:00:00.000Z;0.118
2016-05-19T00:00:00.000Z;0.104
2016-05-20T00:00:00.000Z;0.0970
2016-05-21T00:00:00.000Z;0.0900
2016-05-22T00:00:00.000Z;0.0890
2016-05-23T00:00:00.000Z;0.0890
2016-05-24T00:00:00.000Z;0.0880
2016-05-25T00:00:00.000Z;0.0850
2016-05-26T00:00:00.000Z;0.0820
2016-05-27T00:00:00.000Z;0.0710
2016-05-28T00:00:00.000Z;0.0670
2016-05-29T00:00:00.000Z;0.140
2016-05-30T00:00:00.000Z;0.127
2016-05-31T00:00:00.000Z;0.103
2016-06-01T00:00:00.000Z;0.0940
2016-06-02T00:00:00.000Z;0.0890
2016-06-03T00:00:00.000Z;0.0860
2016-06-04T00:00:00.000Z;0.0810
2016-06-05T00:00:00.000Z;0.0680
2016-06-06T00:00:00.000Z;0.0510
2016-06-07T00:00:00.000Z;0.0470
2016-06-08T00:00:00.000Z;0.0440
2016-06-09T00:00:00.000Z;0.0430
2016-06-10T00:00:00.000Z;0.0430
2016-06-11T00:00:00.000Z;0.0420
2016-06-12T00:00:00.000Z;0.0380
2016-06-13T00:00:00.000Z;0.0360
2016-06-14T00:00:00.000Z;0.0340
2016-06-15T00:00:00.000Z;0.0340
2016-06-16T00:00:00.000Z;0.0330
2016-06-17T00:00:00.000Z;0.0280
2016-06-18T00:00:00.000Z;0.0210
2016-06-19T00:00:00.000Z;0.0180
2016-06-20T00:00:00.000Z;0.0170
2016-06-21T00:00:00.000Z;0.0160
2016-06-22T00:00:00.000Z;0.0140
2016-06-23T00:00:00.000Z;0.0140
2016-06-24T00:00:00.000Z;0.0130
2016-06-25T00:00:00.000Z;0.0120
2016-06-26T00:00:00.000Z;0.0110
2016-06-27T00:00:00.000Z;0.00900
2016-06-28T00:00:00.000Z;0.00700
2016-06-29T00:00:00.000Z;0.00700
2016-06-30T00:00:00.000Z;0.00600
2016-07-01T00:00:00.000Z;0.00600
2016-07-02T00:00:00.000Z;0.00600
2016-07-03T00:00:00.000Z;0.00600
2016-07-04T00:00:00.000Z;0.00600
2016-07-05T00:00:00.000Z;0.0190
2016-07-06T00:00:00.000Z;0.0230
2016-07-07T00:00:00.000Z;0.0160
2016-07-08T00:00:00.000Z;0.0110
2016-07-09T00:00:00.000Z;0.00800
2016-07-10T00:00:00.000Z;0.00600
2016-07-11T00:00:00.000Z;0.00500
2016-07-12T00:00:00.000Z;0.00500
2016-07-13T00:00:00.000Z;0.0110
2016-07-14T00:00:00.000Z;0.0130
2016-07-15T00:00:00.000Z;0.0110
2016-07-16T00:00:00.000Z;0.0100
2016-07-17T00:00:00.000Z;0.0100
2016-07-18T00:00:00.000Z;0.00500
2016-07-19T00:00:00.000Z;0.00400
2016-07-20T00:00:00.000Z;0.00400
2016-07-21T00:00:00.000Z;0.00300
2016-07-22T00:00:00.000Z;0.0110
2016-07-23T00:00:00.000Z;0.0390
2016-07-24T00:00:00.000Z;0.0240
2016-07-25T00:00:00.000Z;0.0140
2016-07-26T00:00:00.000Z;0.0120
2016-07-27T00:00:00.000Z;0.0140
2016-07-28T00:00:00.000Z;0.0130
2016-07-29T00:00:00.000Z;0.0130
2016-07-30T00:00:00.000Z;0.0130
2016-07-31T00:00:00.000Z;0.0130
2016-08-01T00:00:00.000Z;0.0130
2016-08-02T00:00:00.000Z;0.0130
2016-08-03T00:00:00.000Z;0.0130
2016-08-04T00:00:00.000Z;0.0110
2016-08-05T00:00:00.000Z;0.0180
2016-08-06T00:00:00.000Z;0.0110
2016-08-07T00:00:00.000Z;0.00700
2016-08-08T00:00:00.000Z;0.00600
2016-08-09T00:00:00.000Z;0.00600
2016-08-10T00:00:00.000Z;0.00700
2016-08-11T00:00:00.000Z;0.00600
2016-08-12T00:00:00.000Z;0.00500
2016-08-13T00:00:00.000Z;0.00500
2016-08-14T00:00:00.000Z;0.00500
2016-08-15T00:00:00.000Z;0.00500
2016-08-16T00:00:00.000Z;0.00900
2016-08-17T00:00:00.000Z;0.0100
2016-08-18T00:00:00.000Z;0.0110
2016-08-19T00:00:00.000Z;0.0110
2016-08-20T00:00:00.000Z;0.0110
2016-08-21T00:00:00.000Z;0.0100
2016-08-22T00:00:00.000Z;0.0100
2016-08-23T00:00:00.000Z;0.00900
2016-08-24T00:00:00.000Z;0.00800
2016-08-25T00:00:00.000Z;0.00500
2016-08-26T00:00:00.000Z;0.00600
2016-08-27T00:00:00.000Z;0.00500
2016-08-28T00:00:00.000Z;0.0180
2016-08-29T00:00:00.000Z;0.0400
2016-08-30T00:00:00.000Z;0.0510
2016-08-31T00:00:00.000Z;0.0550
2016-09-01T00:00:00.000Z;0.0590
2016-09-02T00:00:00.000Z;0.0600
2016-09-03T00:00:00.000Z;0.0590
2016-09-04T00:00:00.000Z;0.0600
2016-09-05T00:00:00.000Z;0.0590
2016-09-06T00:00:00.000Z;0.0580
2016-09-07T00:00:00.000Z;0.0580
2016-09-08T00:00:00.000Z;0.0590
2016-09-09T00:00:00.000Z;0.0620
2016-09-10T00:00:00.000Z;0.0720
2016-09-11T00:00:00.000Z;0.0680
2016-09-12T00:00:00.000Z;0.0660
2016-09-13T00:00:00.000Z;0.0660
2016-09-14T00:00:00.000Z;0.0870
2016-09-15T00:00:00.000Z;0.0200
2016-09-16T00:00:00.000Z;0.00900
2016-09-17T00:00:00.000Z;0.0350
2016-09-18T00:00:00.000Z;0.0430
2016-09-19T00:00:00.000Z;0.0160
2016-09-20T00:00:00.000Z;0.00400
2016-10-01T00:00:00.000Z;0.00300
2016-10-02T00:00:00.000Z;0.0150
2016-10-03T00:00:00.000Z;0.0170
2016-10-04T00:00:00.000Z;0.0150
2016-10-14T00:00:00.000Z;0.244
2016-10-15T00:00:00.000Z;0.141
2016-10-16T00:00:00.000Z;0.0750
2016-10-17T00:00:00.000Z;0.0370
2016-10-18T00:00:00.000Z;0.0200
2016-10-19T00:00:00.000Z;0.0260
2016-10-20T00:00:00.000Z;0.0260
2016-10-21T00:00:00.000Z;0.0200
2016-10-22T00:00:00.000Z;0.0120
2016-10-23T00:00:00.000Z;0.00900
2016-10-24T00:00:00.000Z;0.00300
2016-10-25T00:00:00.000Z;0.00100
2016-10-27T00:00:00.000Z;0.00200
2016-10-28T00:00:00.000Z;0.00200
2016-10-29T00:00:00.000Z;0.00200
2016-10-30T00:00:00.000Z;0.00300
2016-10-31T00:00:00.000Z;0.00300
2016-11-01T00:00:00.000Z;0.00200
2016-11-02T00:00:00.000Z;0.00200
2016-11-06T00:00:00.000Z;0.0310
2016-11-07T00:00:00.000Z;0.0410
2016-11-08T00:00:00.000Z;0.0400
2016-11-09T00:00:00.000Z;0.0680
2016-11-10T00:00:00.000Z;0.113
2016-11-11T00:00:00.000Z;0.132
2016-11-12T00:00:00.000Z;0.174
2016-11-13T00:00:00.000Z;0.123
2016-11-14T00:00:00.000Z;0.320
2016-11-15T00:00:00.000Z;0.191
2016-11-16T00:00:00.000Z;0.120
2016-11-17T00:00:00.000Z;0.0910
2016-11-18T00:00:00.000Z;0.0840
2016-11-19T00:00:00.000Z;0.0820
2016-11-20T00:00:00.000Z;0.0820
2016-11-21T00:00:00.000Z;0.0740
2016-11-22T00:00:00.000Z;0.0600
2016-11-25T00:00:00.000Z;0.189
2016-11-26T00:00:00.000Z;0.129
2016-11-27T00:00:00.000Z;0.101
2016-11-28T00:00:00.000Z;0.0820
2016-11-29T00:00:00.000Z;0.0740
2016-11-30T00:00:00.000Z;0.0650
2016-12-01T00:00:00.000Z;0.0460
2016-12-02T00:00:00.000Z;0.0430
2016-12-03T00:00:00.000Z;0.0420
2016-12-04T00:00:00.000Z;0.0380
2016-12-05T00:00:00.000Z;0.0310
2016-12-06T00:00:00.000Z;0.0220
2016-12-07T00:00:00.000Z;0.0160
2016-12-08T00:00:00.000Z;0.0110
2016-12-09T00:00:00.000Z;0.0100
2016-12-10T00:00:00.000Z;0.00800
2016-12-11T00:00:00.000Z;0.00600
2016-12-12T00:00:00.000Z;0.00600
2016-12-13T00:00:00.000Z;0.00500
2016-12-14T00:00:00.000Z;0.00300
2016-12-15T00:00:00.000Z;0.00300
2016-12-16T00:00:00.000Z;0.00300
2017-01-12T00:00:00.000Z;0.0410
2017-01-13T00:00:00.000Z;0.108
2017-01-14T00:00:00.000Z;0.165
2017-01-15T00:00:00.000Z;0.115
2017-01-17T00:00:00.000Z;0.338
2017-01-18T00:00:00.000Z;0.207
2017-01-19T00:00:00.000Z;0.148
2017-01-20T00:00:00.000Z;0.119
2017-01-21T00:00:00.000Z;0.0970
2017-01-22T00:00:00.000Z;0.0870
2017-01-23T00:00:00.000Z;0.0790
2017-01-24T00:00:00.000Z;0.0750
2017-01-25T00:00:00.000Z;0.0720
2017-01-26T00:00:00.000Z;0.0670
2017-01-27T00:00:00.000Z;0.0660
2017-01-28T00:00:00.000Z;0.0650
2017-01-29T00:00:00.000Z;0.0610
2017-01-30T00:00:00.000Z;0.0600
2017-01-31T00:00:00.000Z;0.0550
2017-02-01T00:00:00.000Z;0.0530
2017-02-02T00:00:00.000Z;0.0510
2017-02-03T00:00:00.000Z;0.0500
2017-02-04T00:00:00.000Z;0.0500
2017-02-05T00:00:00.000Z;0.0710
2017-02-06T00:00:00.000Z;0.321
2017-02-07T00:00:00.000Z;0.348
2017-02-08T00:00:00.000Z;0.330
2017-02-09T00:00:00.000Z;0.364
2017-02-10T00:00:00.000Z;0.258
2017-02-11T00:00:00.000Z;0.205
2017-02-12T00:00:00.000Z;0.172
2017-02-13T00:00:00.000Z;0.149
2017-02-14T00:00:00.000Z;0.126
2017-02-15T00:00:00.000Z;0.109
2017-02-16T00:00:00.000Z;0.0990
2017-02-17T00:00:00.000Z;0.0920
2017-02-18T00:00:00.000Z;0.0890
2017-02-19T00:00:00.000Z;0.0850
2017-02-20T00:00:00.000Z;0.0840
2017-02-21T00:00:00.000Z;0.0790
2017-02-22T00:00:00.000Z;0.0740
2017-02-23T00:00:00.000Z;0.0720
2017-02-24T00:00:00.000Z;0.0710
2017-02-25T00:00:00.000Z;0.0660
2017-02-26T00:00:00.000Z;0.0660
2017-02-27T00:00:00.000Z;0.0660
2017-02-28T00:00:00.000Z;0.0660
2017-03-01T00:00:00.000Z;0.0630
2017-03-02T00:00:00.000Z;0.0630
2017-03-03T00:00:00.000Z;0.0630
2017-03-04T00:00:00.000Z;0.207
2017-03-05T00:00:00.000Z;0.224
2017-03-06T00:00:00.000Z;0.152
2017-03-07T00:00:00.000Z;0.127
2017-03-08T00:00:00.000Z;0.130
2017-03-09T00:00:00.000Z;0.132
2017-03-10T00:00:00.000Z;0.126
2017-03-11T00:00:00.000Z;0.114
2017-03-12T00:00:00.000Z;0.102
2017-03-13T00:00:00.000Z;0.0950
2017-03-14T00:00:00.000Z;0.0890
2017-03-15T00:00:00.000Z;0.0840
2017-03-16T00:00:00.000Z;0.0790
2017-03-17T00:00:00.000Z;0.0760
2017-03-18T00:00:00.000Z;0.0750
2017-03-19T00:00:00.000Z;0.0660
2017-03-20T00:00:00.000Z;0.0660
2017-03-21T00:00:00.000Z;0.0660
2017-03-22T00:00:00.000Z;0.0660
2017-03-23T00:00:00.000Z;0.0680
2017-03-24T00:00:00.000Z;0.0970
2017-03-25T00:00:00.000Z;0.242
2017-03-26T00:00:00.000Z;0.240
2017-03-27T00:00:00.000Z;0.167
2017-03-28T00:00:00.000Z;0.130
2017-03-29T00:00:00.000Z;0.112
2017-03-30T00:00:00.000Z;0.101
2017-03-31T00:00:00.000Z;0.0970
2017-04-01T00:00:00.000Z;0.0920
2017-04-02T00:00:00.000Z;0.135
2017-04-03T00:00:00.000Z;0.200
2017-04-04T00:00:00.000Z;0.157
2017-04-05T00:00:00.000Z;0.134
2017-04-06T00:00:00.000Z;0.119
2017-04-07T00:00:00.000Z;0.107
2017-04-08T00:00:00.000Z;0.100
2017-04-09T00:00:00.000Z;0.0940
2017-04-10T00:00:00.000Z;0.0900
2017-04-11T00:00:00.000Z;0.0880
2017-04-12T00:00:00.000Z;0.0820
2017-04-13T00:00:00.000Z;0.0790
2017-04-14T00:00:00.000Z;0.0740
2017-04-15T00:00:00.000Z;0.0730
2017-04-16T00:00:00.000Z;0.0740
2017-04-17T00:00:00.000Z;0.0740
2017-04-18T00:00:00.000Z;0.0740
2017-04-19T00:00:00.000Z;0.0650
2017-04-20T00:00:00.000Z;0.0570
2017-04-21T00:00:00.000Z;0.0560
2017-04-22T00:00:00.000Z;0.0560
2017-04-23T00:00:00.000Z;0.0560
2017-04-24T00:00:00.000Z;0.0560
2017-04-25T00:00:00.000Z;0.0560
2017-04-26T00:00:00.000Z;0.0560
2017-04-27T00:00:00.000Z;0.0560
2017-04-28T00:00:00.000Z;0.0540
2017-04-29T00:00:00.000Z;0.0510
2017-04-30T00:00:00.000Z;0.0500
2017-05-01T00:00:00.000Z;0.0500
2017-05-02T00:00:00.000Z;0.0500
2017-05-03T00:00:00.000Z;0.0500
2017-05-04T00:00:00.000Z;0.0500
2017-05-05T00:00:00.000Z;0.0500
2017-05-06T00:00:00.000Z;0.0500
2017-05-07T00:00:00.000Z;0.0510
2017-05-08T00:00:00.000Z;0.0510
2017-05-09T00:00:00.000Z;0.0510
2017-05-10T00:00:00.000Z;0.0500
2017-05-11T00:00:00.000Z;0.0500
2017-05-12T00:00:00.000Z;0.0500
2017-05-13T00:00:00.000Z;0.0500
2017-05-14T00:00:00.000Z;0.0490
2017-05-15T00:00:00.000Z;0.0390
2017-05-16T00:00:00.000Z;0.0380
2017-05-17T00:00:00.000Z;0.0380
2017-05-18T00:00:00.000Z;0.0360
2017-05-19T00:00:00.000Z;0.0340
2017-05-20T00:00:00.000Z;0.0280
2017-05-21T00:00:00.000Z;0.0250
2017-05-22T00:00:00.000Z;0.0250
2017-05-23T00:00:00.000Z;0.0250
2017-05-24T00:00:00.000Z;0.0250
2017-05-25T00:00:00.000Z;0.0250
2017-05-26T00:00:00.000Z;0.0250
2017-05-27T00:00:00.000Z;0.0250
2017-05-28T00:00:00.000Z;0.0200
2017-05-29T00:00:00.000Z;0.0140
2017-05-30T00:00:00.000Z;0.0460
2017-06-01T00:00:00.000Z;0.160
2017-06-02T00:00:00.000Z;0.101
2017-06-03T00:00:00.000Z;0.0900
2017-06-04T00:00:00.000Z;0.151
2017-06-05T00:00:00.000Z;0.204
2017-06-06T00:00:00.000Z;0.182
2017-06-07T00:00:00.000Z;0.132
2017-06-08T00:00:00.000Z;0.110
2017-06-09T00:00:00.000Z;0.0920
2017-06-10T00:00:00.000Z;0.0850
2017-06-11T00:00:00.000Z;0.0840
2017-06-12T00:00:00.000Z;0.0820
2017-06-13T00:00:00.000Z;0.0770
2017-06-14T00:00:00.000Z;0.0690
2017-06-15T00:00:00.000Z;0.0650
2017-06-16T00:00:00.000Z;0.0580
2017-06-17T00:00:00.000Z;0.0530
2017-06-18T00:00:00.000Z;0.0500
2017-06-19T00:00:00.000Z;0.0490
2017-06-20T00:00:00.000Z;0.0430
2017-06-21T00:00:00.000Z;0.0390
2017-06-22T00:00:00.000Z;0.0360
2017-06-23T00:00:00.000Z;0.0310
2017-06-24T00:00:00.000Z;0.0280
2017-06-25T00:00:00.000Z;0.0270
2017-06-26T00:00:00.000Z;0.0270
2017-06-27T00:00:00.000Z;0.0270
2017-06-28T00:00:00.000Z;0.0250
2017-06-29T00:00:00.000Z;0.0250
2017-06-30T00:00:00.000Z;0.0250
2017-07-01T00:00:00.000Z;0.0220
2017-07-02T00:00:00.000Z;0.0190
2017-07-03T00:00:00.000Z;0.0100
2017-07-04T00:00:00.000Z;0.00500
2017-07-05T00:00:00.000Z;0.00500
2017-07-06T00:00:00.000Z;0.00500
2017-07-07T00:00:00.000Z;0.00500
2017-07-08T00:00:00.000Z;0.00500
2017-07-09T00:00:00.000Z;0.00500
2017-07-10T00:00:00.000Z;0.00700
2017-07-11T00:00:00.000Z;0.00800
2017-07-12T00:00:00.000Z;0.00800
2017-07-13T00:00:00.000Z;0.00800
2017-07-14T00:00:00.000Z;0.00800
2017-07-15T00:00:00.000Z;0.00800
2017-07-16T00:00:00.000Z;0.00800
2017-07-17T00:00:00.000Z;0.00800
2017-07-18T00:00:00.000Z;0.00800
2017-07-19T00:00:00.000Z;0.00800
2017-07-20T00:00:00.000Z;0.00800
2017-07-21T00:00:00.000Z;0.00900
2017-07-22T00:00:00.000Z;0.0120
2017-07-23T00:00:00.000Z;0.0110
2017-07-24T00:00:00.000Z;0.0110
2017-07-25T00:00:00.000Z;0.0120
2017-07-26T00:00:00.000Z;0.0160
2017-07-27T00:00:00.000Z;0.0160
2017-07-28T00:00:00.000Z;0.0160
2017-07-29T00:00:00.000Z;0.0160
2017-07-30T00:00:00.000Z;0.0160
2017-07-31T00:00:00.000Z;0.0160
2017-08-01T00:00:00.000Z;0.0150
2017-08-02T00:00:00.000Z;0.0150
2017-08-03T00:00:00.000Z;0.0150
2017-08-04T00:00:00.000Z;0.0160
2017-08-05T00:00:00.000Z;0.0160
2017-08-06T00:00:00.000Z;0.0150
2017-08-07T00:00:00.000Z;0.0150
2017-08-08T00:00:00.000Z;0.0150
2017-08-09T00:00:00.000Z;0.0150
2017-08-10T00:00:00.000Z;0.0160
2017-08-11T00:00:00.000Z;0.0160
2017-08-12T00:00:00.000Z;0.0160
2017-08-13T00:00:00.000Z;0.0160
2017-08-14T00:00:00.000Z;0.0160
2017-08-15T00:00:00.000Z;0.0160
2017-08-16T00:00:00.000Z;0.0160
2017-08-17T00:00:00.000Z;0.0160
2017-08-18T00:00:00.000Z;0.0160
2017-08-19T00:00:00.000Z;0.0170
2017-08-20T00:00:00.000Z;0.0220
2017-08-21T00:00:00.000Z;0.0330
2017-08-22T00:00:00.000Z;0.0350
2017-08-23T00:00:00.000Z;0.0360
2017-08-24T00:00:00.000Z;0.0450
2017-08-25T00:00:00.000Z;0.0460
2017-08-26T00:00:00.000Z;0.0500
2017-08-27T00:00:00.000Z;0.0540
2017-08-28T00:00:00.000Z;0.0610
2017-08-29T00:00:00.000Z;0.0630
2017-08-30T00:00:00.000Z;0.0630
2017-08-31T00:00:00.000Z;0.0670
2017-09-01T00:00:00.000Z;0.0680
2017-09-02T00:00:00.000Z;0.0690
2017-09-03T00:00:00.000Z;0.0710
2017-09-04T00:00:00.000Z;0.0710
2017-09-05T00:00:00.000Z;0.0730
2017-09-06T00:00:00.000Z;0.0760
2017-09-07T00:00:00.000Z;0.0770
2017-09-08T00:00:00.000Z;0.0770
2017-09-09T00:00:00.000Z;0.0800
2017-09-10T00:00:00.000Z;0.0840
2017-09-11T00:00:00.000Z;0.0850
2017-09-12T00:00:00.000Z;0.0930
2017-09-13T00:00:00.000Z;0.0950
2017-09-14T00:00:00.000Z;0.0950
2017-09-15T00:00:00.000Z;0.0950
2017-09-16T00:00:00.000Z;0.0970
2017-09-17T00:00:00.000Z;0.0970
2017-09-18T00:00:00.000Z;0.0970
2017-09-19T00:00:00.000Z;0.0970
2017-09-20T00:00:00.000Z;0.0970
2017-09-21T00:00:00.000Z;0.0960
2017-09-22T00:00:00.000Z;0.0970
2017-09-23T00:00:00.000Z;0.0970
2017-09-24T00:00:00.000Z;0.0970
2017-09-25T00:00:00.000Z;0.0950
2017-09-26T00:00:00.000Z;0.0950
2017-09-27T00:00:00.000Z;0.0950
2017-09-28T00:00:00.000Z;0.0950
2017-09-29T00:00:00.000Z;0.0950
2017-09-30T00:00:00.000Z;0.0950
2017-10-01T00:00:00.000Z;0.0950
2017-10-02T00:00:00.000Z;0.0950
2017-10-03T00:00:00.000Z;0.0950
2017-10-04T00:00:00.000Z;0.0950
2017-10-05T00:00:00.000Z;0.0950
2017-10-06T00:00:00.000Z;0.0950
2017-10-07T00:00:00.000Z;0.0930
2017-10-08T00:00:00.000Z;0.0920
2017-10-09T00:00:00.000Z;0.0890
2017-10-10T00:00:00.000Z;0.0890
2017-10-11T00:00:00.000Z;0.0890
2017-10-12T00:00:00.000Z;0.0890
2017-10-13T00:00:00.000Z;0.0870
2017-10-14T00:00:00.000Z;0.0870
2017-10-15T00:00:00.000Z;0.0840
2017-10-16T00:00:00.000Z;0.0840
2017-10-17T00:00:00.000Z;0.0840
2017-10-18T00:00:00.000Z;0.0840
2017-10-19T00:00:00.000Z;0.0840
2017-10-20T00:00:00.000Z;0.0840
2017-10-21T00:00:00.000Z;0.0840
2017-10-22T00:00:00.000Z;0.0840
2017-10-23T00:00:00.000Z;0.0840
2017-10-24T00:00:00.000Z;0.0840
2017-10-25T00:00:00.000Z;0.0840
2017-10-26T00:00:00.000Z;0.0840
2017-10-27T00:00:00.000Z;0.0840
2017-10-28T00:00:00.000Z;0.0840
2017-10-29T00:00:00.000Z;0.0840
2017-10-30T00:00:00.000Z;0.0840
2017-10-31T00:00:00.000Z;0.0840
2017-11-01T00:00:00.000Z;0.0840
2017-11-02T00:00:00.000Z;0.0840
2017-11-03T00:00:00.000Z;0.0840
2017-11-04T00:00:00.000Z;0.0840
2017-11-05T00:00:00.000Z;0.143
2017-11-06T00:00:00.000Z;0.242
2017-11-07T00:00:00.000Z;0.159
2017-11-08T00:00:00.000Z;0.142
2017-11-09T00:00:00.000Z;0.204
2017-11-10T00:00:00.000Z;0.262
2017-11-11T00:00:00.000Z;0.226
2017-11-12T00:00:00.000Z;0.179
2017-11-13T00:00:00.000Z;0.220
2017-11-14T00:00:00.000Z;0.235
2017-11-15T00:00:00.000Z;0.205
2017-11-16T00:00:00.000Z;0.163
2017-11-17T00:00:00.000Z;0.145
2017-11-18T00:00:00.000Z;0.136
2017-11-19T00:00:00.000Z;0.133
2017-11-20T00:00:00.000Z;0.129
2017-11-21T00:00:00.000Z;0.125
2017-11-22T00:00:00.000Z;0.122
2017-11-23T00:00:00.000Z;0.120
2017-11-24T00:00:00.000Z;0.119
2017-11-25T00:00:00.000Z;0.145
2017-11-26T00:00:00.000Z;0.229
2017-11-27T00:00:00.000Z;0.201
2017-11-28T00:00:00.000Z;0.161
2017-11-29T00:00:00.000Z;0.149
2017-11-30T00:00:00.000Z;0.188
2017-12-01T00:00:00.000Z;0.204
2017-12-02T00:00:00.000Z;0.199
2017-12-03T00:00:00.000Z;0.185
2017-12-04T00:00:00.000Z;0.173
2017-12-05T00:00:00.000Z;0.166
2017-12-06T00:00:00.000Z;0.163
2017-12-07T00:00:00.000Z;0.156
2017-12-08T00:00:00.000Z;0.245
2017-12-09T00:00:00.000Z;0.281
2017-12-10T00:00:00.000Z;0.256
2017-12-11T00:00:00.000Z;0.315
2017-12-12T00:00:00.000Z;0.273
2017-12-13T00:00:00.000Z;0.181
2017-12-14T00:00:00.000Z;0.152
2017-12-15T00:00:00.000Z;0.303
2017-12-16T00:00:00.000Z;0.362
2017-12-17T00:00:00.000Z;0.253
2017-12-18T00:00:00.000Z;0.189
2017-12-19T00:00:00.000Z;0.177
2017-12-20T00:00:00.000Z;0.179
2017-12-21T00:00:00.000Z;0.171
2017-12-22T00:00:00.000Z;0.151
2017-12-23T00:00:00.000Z;0.142
2017-12-24T00:00:00.000Z;0.135
2017-12-25T00:00:00.000Z;0.131
2017-12-26T00:00:00.000Z;0.126
2017-12-27T00:00:00.000Z;0.227
2017-12-28T00:00:00.000Z;0.315
2017-12-29T00:00:00.000Z;0.493
2017-12-30T00:00:00.000Z;0.317
2017-12-31T00:00:00.000Z;0.237
2018-01-01T00:00:00.000Z;0.186
2018-01-02T00:00:00.000Z;0.179
2018-01-03T00:00:00.000Z;0.244
2018-01-04T00:00:00.000Z;0.230
2018-01-05T00:00:00.000Z;0.217
2018-01-06T00:00:00.000Z;0.212
2018-01-07T00:00:00.000Z;0.277
2018-01-08T00:00:00.000Z;0.336
2018-01-09T00:00:00.000Z;0.266
2018-01-10T00:00:00.000Z;0.209
2018-01-11T00:00:00.000Z;0.177
2018-01-12T00:00:00.000Z;0.162
2018-01-13T00:00:00.000Z;0.156
2018-01-14T00:00:00.000Z;0.146
2018-01-15T00:00:00.000Z;0.131
2018-01-16T00:00:00.000Z;0.129
2018-01-17T00:00:00.000Z;0.131
2018-01-18T00:00:00.000Z;0.129
2018-01-19T00:00:00.000Z;0.128
2018-01-20T00:00:00.000Z;0.129
2018-01-21T00:00:00.000Z;0.139
2018-01-22T00:00:00.000Z;0.180
2018-01-23T00:00:00.000Z;0.172
2018-01-24T00:00:00.000Z;0.158
2018-01-25T00:00:00.000Z;0.149
2018-01-26T00:00:00.000Z;0.550
2018-01-27T00:00:00.000Z;0.529
2018-01-28T00:00:00.000Z;0.334
2018-01-29T00:00:00.000Z;0.261
2018-01-30T00:00:00.000Z;0.217
2018-01-31T00:00:00.000Z;0.188
2018-02-01T00:00:00.000Z;0.173
2018-02-02T00:00:00.000Z;0.176
2018-02-03T00:00:00.000Z;0.180
2018-02-04T00:00:00.000Z;0.259
2018-02-05T00:00:00.000Z;0.279
2018-02-06T00:00:00.000Z;0.274
2018-02-07T00:00:00.000Z;0.243
2018-02-08T00:00:00.000Z;0.204
2018-02-09T00:00:00.000Z;0.183
2018-02-10T00:00:00.000Z;0.167
2018-02-11T00:00:00.000Z;0.249
2018-02-12T00:00:00.000Z;0.562
2018-02-13T00:00:00.000Z;0.372
2018-02-16T00:00:00.000Z;0.355
2018-02-17T00:00:00.000Z;0.286
2018-02-18T00:00:00.000Z;0.269
2018-02-23T00:00:00.000Z;0.404
2018-02-24T00:00:00.000Z;0.306
2018-02-25T00:00:00.000Z;0.257
2018-02-26T00:00:00.000Z;0.228
2018-02-27T00:00:00.000Z;0.205
2018-02-28T00:00:00.000Z;0.188
2018-03-01T00:00:00.000Z;0.175
2018-03-02T00:00:00.000Z;0.165
2018-03-03T00:00:00.000Z;0.153
2018-03-04T00:00:00.000Z;0.145
2018-03-05T00:00:00.000Z;0.136
2018-03-06T00:00:00.000Z;0.135
2018-03-07T00:00:00.000Z;0.130
2018-03-08T00:00:00.000Z;0.125
2018-03-09T00:00:00.000Z;0.125
2018-03-10T00:00:00.000Z;0.126
2018-03-11T00:00:00.000Z;0.125
2018-03-12T00:00:00.000Z;0.124
2018-03-13T00:00:00.000Z;0.126
2018-03-14T00:00:00.000Z;0.118
2018-03-15T00:00:00.000Z;0.117
2018-03-16T00:00:00.000Z;0.117
2018-03-17T00:00:00.000Z;0.117
2018-03-18T00:00:00.000Z;0.117
2018-03-19T00:00:00.000Z;0.121
2018-03-20T00:00:00.000Z;0.135
2018-03-21T00:00:00.000Z;0.133
2018-03-22T00:00:00.000Z;0.133
2018-03-23T00:00:00.000Z;0.141
2018-03-24T00:00:00.000Z;0.208
2018-03-25T00:00:00.000Z;0.256
2018-03-26T00:00:00.000Z;0.415
2018-03-27T00:00:00.000Z;0.376
2018-03-28T00:00:00.000Z;0.285
2018-03-29T00:00:00.000Z;0.271
2018-03-30T00:00:00.000Z;0.274
2018-03-31T00:00:00.000Z;0.253
2018-04-01T00:00:00.000Z;0.287
2018-04-02T00:00:00.000Z;0.259
2018-04-03T00:00:00.000Z;0.222
2018-04-04T00:00:00.000Z;0.170
2018-04-05T00:00:00.000Z;0.150
2018-04-06T00:00:00.000Z;0.150
2018-04-07T00:00:00.000Z;0.150
2018-04-08T00:00:00.000Z;0.163
2018-04-09T00:00:00.000Z;0.317
2018-04-10T00:00:00.000Z;0.382
2018-04-11T00:00:00.000Z;0.413
2018-04-12T00:00:00.000Z;0.555
2018-04-13T00:00:00.000Z;0.362
2018-04-14T00:00:00.000Z;0.306
2018-04-15T00:00:00.000Z;0.296
2018-04-16T00:00:00.000Z;0.277
2018-04-17T00:00:00.000Z;0.252
2018-04-18T00:00:00.000Z;0.232
2018-04-19T00:00:00.000Z;0.212
2018-04-20T00:00:00.000Z;0.196
2018-04-21T00:00:00.000Z;0.181
2018-04-22T00:00:00.000Z;0.170
2018-04-23T00:00:00.000Z;0.162
2018-04-24T00:00:00.000Z;0.151
2018-04-25T00:00:00.000Z;0.146
2018-04-26T00:00:00.000Z;0.132
2018-04-27T00:00:00.000Z;0.128
2018-04-28T00:00:00.000Z;0.126
2018-04-29T00:00:00.000Z;0.352
2018-05-02T00:00:00.000Z;0.311
2018-05-04T00:00:00.000Z;0.474
2018-05-05T00:00:00.000Z;0.336
2018-05-06T00:00:00.000Z;0.296
2018-05-07T00:00:00.000Z;0.278
2018-05-08T00:00:00.000Z;0.407
2018-05-09T00:00:00.000Z;0.319
2018-05-10T00:00:00.000Z;0.286
2018-05-11T00:00:00.000Z;0.281
2018-05-12T00:00:00.000Z;0.250
2018-05-13T00:00:00.000Z;0.259
2018-05-14T00:00:00.000Z;0.267
2018-05-15T00:00:00.000Z;0.246
2018-05-16T00:00:00.000Z;0.238
2018-05-17T00:00:00.000Z;0.233
2018-05-18T00:00:00.000Z;0.202
2018-05-19T00:00:00.000Z;0.183
2018-05-20T00:00:00.000Z;0.168
2018-05-21T00:00:00.000Z;0.160
2018-05-22T00:00:00.000Z;0.150
2018-05-23T00:00:00.000Z;0.139
2018-05-24T00:00:00.000Z;0.129
2018-05-25T00:00:00.000Z;0.123
2018-05-26T00:00:00.000Z;0.120
2018-05-28T00:00:00.000Z;0.399
2018-05-29T00:00:00.000Z;0.378
2018-05-30T00:00:00.000Z;0.291
2018-06-01T00:00:00.000Z;0.376
2018-06-02T00:00:00.000Z;0.299
2018-06-03T00:00:00.000Z;0.280
2018-06-04T00:00:00.000Z;0.253
2018-06-05T00:00:00.000Z;0.317
2018-06-06T00:00:00.000Z;0.337
2018-06-07T00:00:00.000Z;0.309
2018-06-08T00:00:00.000Z;0.281
2018-06-09T00:00:00.000Z;0.248
2018-06-10T00:00:00.000Z;0.205
2018-06-11T00:00:00.000Z;0.207
2018-06-13T00:00:00.000Z;0.632
2018-06-14T00:00:00.000Z;0.392
2018-06-15T00:00:00.000Z;0.302
2018-06-16T00:00:00.000Z;0.280
2018-06-17T00:00:00.000Z;0.251
2018-06-18T00:00:00.000Z;0.209
2018-06-19T00:00:00.000Z;0.192
2018-06-20T00:00:00.000Z;0.176
2018-06-21T00:00:00.000Z;0.165
2018-06-22T00:00:00.000Z;0.147
2018-06-23T00:00:00.000Z;0.132
2018-06-24T00:00:00.000Z;0.124
2018-06-25T00:00:00.000Z;0.117
2018-06-26T00:00:00.000Z;0.112
2018-06-27T00:00:00.000Z;0.107
2018-06-28T00:00:00.000Z;0.103
2018-06-29T00:00:00.000Z;0.0980
2018-06-30T00:00:00.000Z;0.0910
2018-07-01T00:00:00.000Z;0.0830
2018-07-02T00:00:00.000Z;0.0770
2018-07-03T00:00:00.000Z;0.0740
2018-07-04T00:00:00.000Z;0.0710
2018-07-05T00:00:00.000Z;0.0680
2018-07-06T00:00:00.000Z;0.0670
2018-07-07T00:00:00.000Z;0.0640
2018-07-08T00:00:00.000Z;0.0630
2018-07-09T00:00:00.000Z;0.0620
2018-07-10T00:00:00.000Z;0.0590
2018-07-11T00:00:00.000Z;0.0520
2018-07-12T00:00:00.000Z;0.0500
2018-07-13T00:00:00.000Z;0.0500
2018-07-14T00:00:00.000Z;0.0500
2018-07-15T00:00:00.000Z;0.0480
2018-07-17T00:00:00.000Z;0.317
2018-07-18T00:00:00.000Z;0.229
2018-07-19T00:00:00.000Z;0.128
2018-07-20T00:00:00.000Z;0.0950
2018-07-21T00:00:00.000Z;0.0920
2018-07-22T00:00:00.000Z;0.0880
2018-07-23T00:00:00.000Z;0.0780
2018-07-24T00:00:00.000Z;0.0730
2018-07-25T00:00:00.000Z;0.0640
2018-07-26T00:00:00.000Z;0.0500
2018-07-27T00:00:00.000Z;0.0440
2018-07-28T00:00:00.000Z;0.0400
2018-07-29T00:00:00.000Z;0.0400
2018-07-30T00:00:00.000Z;0.0390
2018-07-31T00:00:00.000Z;0.0350
2018-08-01T00:00:00.000Z;0.0320
2018-08-02T00:00:00.000Z;0.0240
2018-08-03T00:00:00.000Z;0.0200
2018-08-04T00:00:00.000Z;0.0190
2018-08-05T00:00:00.000Z;0.0170
2018-08-06T00:00:00.000Z;0.0160
2018-08-07T00:00:00.000Z;0.0160
2018-08-08T00:00:00.000Z;0.0160
2018-08-09T00:00:00.000Z;0.0140
2018-08-10T00:00:00.000Z;0.00900
2018-08-11T00:00:00.000Z;0.00700
2018-08-12T00:00:00.000Z;0.0140
2018-08-13T00:00:00.000Z;0.0390
2018-08-14T00:00:00.000Z;0.0190
2018-08-15T00:00:00.000Z;0.0120
2018-08-16T00:00:00.000Z;0.0110
2018-08-17T00:00:00.000Z;0.0100
2018-08-18T00:00:00.000Z;0.00900
2018-08-19T00:00:00.000Z;0.00600
2018-08-20T00:00:00.000Z;0.00500
2018-08-21T00:00:00.000Z;0.00200
2018-08-22T00:00:00.000Z;0.00100
2018-08-23T00:00:00.000Z;0.00
2018-08-24T00:00:00.000Z;0.00
2018-08-25T00:00:00.000Z;0.00
2018-08-26T00:00:00.000Z;0.00
2018-08-27T00:00:00.000Z;0.00
2018-08-28T00:00:00.000Z;0.00
2018-08-29T00:00:00.000Z;0.00800
2018-08-30T00:00:00.000Z;0.0100
2018-08-31T00:00:00.000Z;0.0100
2018-09-01T00:00:00.000Z;0.0100
2018-09-02T00:00:00.000Z;0.0100
2018-09-03T00:00:00.000Z;0.0100
2018-09-04T00:00:00.000Z;0.00800
2018-09-05T00:00:00.000Z;0.0140
2018-09-06T00:00:00.000Z;0.0840
2018-09-07T00:00:00.000Z;0.0870
2018-09-08T00:00:00.000Z;0.0700
2018-09-09T00:00:00.000Z;0.0300
2018-09-10T00:00:00.000Z;0.0180
2018-09-11T00:00:00.000Z;0.0110
2018-09-12T00:00:00.000Z;0.00800
2018-09-13T00:00:00.000Z;0.00600
2018-09-14T00:00:00.000Z;0.00200
2018-09-15T00:00:00.000Z;0.00
2018-10-03T00:00:00.000Z;0.0130
2018-10-04T00:00:00.000Z;0.0110
2018-10-05T00:00:00.000Z;0.0100
2018-10-06T00:00:00.000Z;0.0190
2018-10-07T00:00:00.000Z;0.0230
2018-10-08T00:00:00.000Z;0.0250
2018-10-09T00:00:00.000Z;0.0190
2018-10-10T00:00:00.000Z;0.0180
2018-10-11T00:00:00.000Z;0.0390
2018-10-12T00:00:00.000Z;0.0540
2018-10-13T00:00:00.000Z;0.0610
2018-10-14T00:00:00.000Z;0.0750
2018-10-15T00:00:00.000Z;0.100
2018-10-16T00:00:00.000Z;0.0690
2018-10-17T00:00:00.000Z;0.0510
2018-10-18T00:00:00.000Z;0.0440
2018-10-19T00:00:00.000Z;0.0380
2018-10-20T00:00:00.000Z;0.0320
2018-10-21T00:00:00.000Z;0.0310
2018-10-22T00:00:00.000Z;0.0280
2018-10-23T00:00:00.000Z;0.0260
2018-10-24T00:00:00.000Z;0.0270
2018-10-25T00:00:00.000Z;0.0270
2018-10-26T00:00:00.000Z;0.0260
2018-10-27T00:00:00.000Z;0.0290
2018-10-28T00:00:00.000Z;0.0390
2018-10-29T00:00:00.000Z;0.0430
2018-10-30T00:00:00.000Z;0.0510
2018-10-31T00:00:00.000Z;0.0520
2018-11-01T00:00:00.000Z;0.0490
2018-11-02T00:00:00.000Z;0.0440
2018-11-03T00:00:00.000Z;0.0380
2018-11-04T00:00:00.000Z;0.0360
2018-11-05T00:00:00.000Z;0.0360
2018-11-06T00:00:00.000Z;0.0400
2018-11-07T00:00:00.000Z;0.0420
2018-11-08T00:00:00.000Z;0.0630
2018-11-09T00:00:00.000Z;0.0790
2018-11-10T00:00:00.000Z;0.102
2018-11-11T00:00:00.000Z;0.0850
2018-11-12T00:00:00.000Z;0.0740
2018-11-13T00:00:00.000Z;0.0700
2018-11-14T00:00:00.000Z;0.0650
2018-11-15T00:00:00.000Z;0.0630
2018-11-16T00:00:00.000Z;0.0610
2018-11-17T00:00:00.000Z;0.0600
2018-11-18T00:00:00.000Z;0.0600
2018-11-19T00:00:00.000Z;0.0590
2018-11-20T00:00:00.000Z;0.0560
2018-11-21T00:00:00.000Z;0.0560
2018-11-22T00:00:00.000Z;0.0540
2018-11-23T00:00:00.000Z;0.0480
2018-11-24T00:00:00.000Z;0.0430
2018-11-25T00:00:00.000Z;0.0450
2018-11-26T00:00:00.000Z;0.0460
2018-11-27T00:00:00.000Z;0.0530
2018-11-28T00:00:00.000Z;0.0630
2018-11-29T00:00:00.000Z;0.0630
2018-11-30T00:00:00.000Z;0.0630
2018-12-01T00:00:00.000Z;0.0800
2018-12-02T00:00:00.000Z;0.0860
2018-12-03T00:00:00.000Z;0.0820
2018-12-04T00:00:00.000Z;0.0750
2018-12-05T00:00:00.000Z;0.0700
2018-12-06T00:00:00.000Z;0.0610
2018-12-07T00:00:00.000Z;0.0580
2018-12-08T00:00:00.000Z;0.0750
2018-12-09T00:00:00.000Z;0.0800
2018-12-10T00:00:00.000Z;0.0720
2018-12-11T00:00:00.000Z;0.0680
2018-12-12T00:00:00.000Z;0.0640
2018-12-13T00:00:00.000Z;0.0690
2018-12-14T00:00:00.000Z;0.300
2018-12-15T00:00:00.000Z;0.214
2018-12-16T00:00:00.000Z;0.122
2018-12-17T00:00:00.000Z;0.198
2018-12-18T00:00:00.000Z;0.201
2018-12-19T00:00:00.000Z;0.133
2018-12-20T00:00:00.000Z;0.103
2018-12-21T00:00:00.000Z;0.0930
2018-12-22T00:00:00.000Z;0.0850
2018-12-23T00:00:00.000Z;0.0630
2018-12-24T00:00:00.000Z;0.0550
2018-12-25T00:00:00.000Z;0.0500
2018-12-26T00:00:00.000Z;0.0440
2018-12-27T00:00:00.000Z;0.0380
2018-12-28T00:00:00.000Z;0.0320
2018-12-29T00:00:00.000Z;0.0270
2018-12-30T00:00:00.000Z;0.0250
2018-12-31T00:00:00.000Z;0.0220
2019-01-01T00:00:00.000Z;0.0180
2019-01-02T00:00:00.000Z;0.0180
2019-01-03T00:00:00.000Z;0.0180
2019-01-04T00:00:00.000Z;0.0180
2019-01-05T00:00:00.000Z;0.0140
2019-01-06T00:00:00.000Z;0.0110
2019-01-07T00:00:00.000Z;0.0100
2019-01-08T00:00:00.000Z;0.0100
2019-01-09T00:00:00.000Z;0.0110
2019-01-10T00:00:00.000Z;0.0100
2019-01-11T00:00:00.000Z;0.00900
2019-01-12T00:00:00.000Z;0.00700
2019-01-13T00:00:00.000Z;0.00500
2019-01-14T00:00:00.000Z;0.00500
2019-01-15T00:00:00.000Z;0.00500
2019-01-16T00:00:00.000Z;0.00400
2019-01-17T00:00:00.000Z;0.00500
2019-01-18T00:00:00.000Z;0.00300
2019-01-19T00:00:00.000Z;0.00200
2019-01-20T00:00:00.000Z;0.00400
2019-01-21T00:00:00.000Z;0.0540
2019-01-22T00:00:00.000Z;0.0800
2019-01-23T00:00:00.000Z;0.374
2019-01-24T00:00:00.000Z;0.308
2019-01-25T00:00:00.000Z;0.268
2019-01-26T00:00:00.000Z;0.345
2019-01-27T00:00:00.000Z;0.290
2019-01-30T00:00:00.000Z;0.456
2019-01-31T00:00:00.000Z;0.374
2019-02-02T00:00:00.000Z;0.348
2019-02-03T00:00:00.000Z;0.311
2019-02-04T00:00:00.000Z;0.280
2019-02-06T00:00:00.000Z;0.446
2019-02-07T00:00:00.000Z;0.323
2019-02-08T00:00:00.000Z;0.289
2019-02-09T00:00:00.000Z;0.240
2019-02-10T00:00:00.000Z;0.194
2019-02-11T00:00:00.000Z;0.162
2019-02-12T00:00:00.000Z;0.140
2019-02-13T00:00:00.000Z;0.128
2019-02-14T00:00:00.000Z;0.119
2019-02-15T00:00:00.000Z;0.112
2019-02-16T00:00:00.000Z;0.107
2019-02-17T00:00:00.000Z;0.103
2019-02-18T00:00:00.000Z;0.100
2019-02-19T00:00:00.000Z;0.0990
2019-02-20T00:00:00.000Z;0.0930
2019-02-21T00:00:00.000Z;0.0860
2019-02-22T00:00:00.000Z;0.0740
2019-02-23T00:00:00.000Z;0.0710
2019-02-24T00:00:00.000Z;0.0690
2019-02-25T00:00:00.000Z;0.0670
2019-02-26T00:00:00.000Z;0.0660
2019-02-27T00:00:00.000Z;0.0640
2019-02-28T00:00:00.000Z;0.0620
2019-03-01T00:00:00.000Z;0.0590
2019-03-02T00:00:00.000Z;0.0590
2019-03-03T00:00:00.000Z;0.0600
2019-03-04T00:00:00.000Z;0.0600
2019-03-05T00:00:00.000Z;0.0600
2019-03-06T00:00:00.000Z;0.0600
2019-03-07T00:00:00.000Z;0.0600
2019-03-08T00:00:00.000Z;0.0570
2019-03-09T00:00:00.000Z;0.0480
2019-03-10T00:00:00.000Z;0.0430
2019-03-11T00:00:00.000Z;0.0430
2019-03-12T00:00:00.000Z;0.0430
2019-03-13T00:00:00.000Z;0.0430
2019-03-14T00:00:00.000Z;0.0420
2019-03-15T00:00:00.000Z;0.0400
2019-03-16T00:00:00.000Z;0.0370
2019-03-17T00:00:00.000Z;0.0380
2019-03-18T00:00:00.000Z;0.0380
2019-03-19T00:00:00.000Z;0.0410
2019-03-20T00:00:00.000Z;0.0670
2019-03-21T00:00:00.000Z;0.0700
2019-03-22T00:00:00.000Z;0.0680
2019-03-23T00:00:00.000Z;0.0640
2019-03-24T00:00:00.000Z;0.0600
2019-03-25T00:00:00.000Z;0.0580
2019-03-26T00:00:00.000Z;0.0560
2019-03-27T00:00:00.000Z;0.0530
2019-03-28T00:00:00.000Z;0.0510
2019-03-29T00:00:00.000Z;0.0500
2019-03-30T00:00:00.000Z;0.0500
2019-03-31T00:00:00.000Z;0.0500
2019-04-01T00:00:00.000Z;0.0500
2019-04-02T00:00:00.000Z;0.0490
2019-04-03T00:00:00.000Z;0.0490
2019-04-04T00:00:00.000Z;0.0600
2019-04-05T00:00:00.000Z;0.0600
2019-04-06T00:00:00.000Z;0.0690
2019-04-07T00:00:00.000Z;0.0910
2019-04-08T00:00:00.000Z;0.0940
2019-04-09T00:00:00.000Z;0.0950
2019-04-10T00:00:00.000Z;0.0950
2019-04-11T00:00:00.000Z;0.0950
2019-04-12T00:00:00.000Z;0.0950
2019-04-13T00:00:00.000Z;0.0940
2019-04-14T00:00:00.000Z;0.0920
2019-04-15T00:00:00.000Z;0.0920
2019-04-16T00:00:00.000Z;0.165
2019-04-17T00:00:00.000Z;0.190
2019-04-18T00:00:00.000Z;0.147
2019-04-19T00:00:00.000Z;0.116
2019-04-20T00:00:00.000Z;0.102
2019-04-21T00:00:00.000Z;0.0970
2019-04-22T00:00:00.000Z;0.0920
2019-04-23T00:00:00.000Z;0.0890
2019-04-24T00:00:00.000Z;0.0840
2019-04-25T00:00:00.000Z;0.0730
2019-04-26T00:00:00.000Z;0.0670
2019-04-27T00:00:00.000Z;0.0630
2019-04-28T00:00:00.000Z;0.0610
2019-04-29T00:00:00.000Z;0.0600
2019-04-30T00:00:00.000Z;0.0600
2019-05-01T00:00:00.000Z;0.0590
2019-05-02T00:00:00.000Z;0.0560
2019-05-03T00:00:00.000Z;0.0560
2019-05-04T00:00:00.000Z;0.0560
2019-05-05T00:00:00.000Z;0.0580
2019-05-06T00:00:00.000Z;0.0630
2019-05-07T00:00:00.000Z;0.0630
2019-05-08T00:00:00.000Z;0.0630
2019-05-09T00:00:00.000Z;0.0610
2019-05-10T00:00:00.000Z;0.0600
2019-05-11T00:00:00.000Z;0.0580
2019-05-12T00:00:00.000Z;0.0580
2019-05-13T00:00:00.000Z;0.0580
2019-05-14T00:00:00.000Z;0.0580
2019-05-15T00:00:00.000Z;0.0540
2019-05-16T00:00:00.000Z;0.0480
2019-05-17T00:00:00.000Z;0.0880
2019-05-18T00:00:00.000Z;0.129
2019-05-19T00:00:00.000Z;0.129
2019-05-20T00:00:00.000Z;0.129
2019-05-21T00:00:00.000Z;0.121
2019-05-22T00:00:00.000Z;0.120
2019-05-23T00:00:00.000Z;0.110
2019-05-26T00:00:00.000Z;0.377
2019-05-27T00:00:00.000Z;0.288
2019-05-28T00:00:00.000Z;0.257
2019-05-29T00:00:00.000Z;0.205
2019-05-30T00:00:00.000Z;0.182
2019-05-31T00:00:00.000Z;0.156
2019-06-01T00:00:00.000Z;0.133
2019-06-02T00:00:00.000Z;0.117
2019-06-03T00:00:00.000Z;0.102
2019-06-04T00:00:00.000Z;0.0940
2019-06-05T00:00:00.000Z;0.0920
2019-06-06T00:00:00.000Z;0.0920
2019-06-07T00:00:00.000Z;0.0910
2019-06-08T00:00:00.000Z;0.0840
2019-06-09T00:00:00.000Z;0.0770
2019-06-10T00:00:00.000Z;0.0640
2019-06-11T00:00:00.000Z;0.0630
2019-06-12T00:00:00.000Z;0.0630
2019-06-13T00:00:00.000Z;0.0630
2019-06-14T00:00:00.000Z;0.0610
2019-06-15T00:00:00.000Z;0.0570
2019-06-16T00:00:00.000Z;0.0530
2019-06-17T00:00:00.000Z;0.0510
2019-06-18T00:00:00.000Z;0.0500
2019-06-19T00:00:00.000Z;0.0470
2019-06-20T00:00:00.000Z;0.0430
2019-06-21T00:00:00.000Z;0.0520
2019-06-22T00:00:00.000Z;0.0650
2019-06-23T00:00:00.000Z;0.0610
2019-06-24T00:00:00.000Z;0.0550
2019-06-25T00:00:00.000Z;0.0500
2019-06-26T00:00:00.000Z;0.0440
2019-06-27T00:00:00.000Z;0.0390
2019-06-28T00:00:00.000Z;0.0380
2019-06-29T00:00:00.000Z;0.0370
2019-06-30T00:00:00.000Z;0.0340
2019-07-01T00:00:00.000Z;0.0330
2019-07-02T00:00:00.000Z;0.0310
2019-07-03T00:00:00.000Z;0.0310
2019-07-04T00:00:00.000Z;0.0270
2019-07-05T00:00:00.000Z;0.0250
2019-07-06T00:00:00.000Z;0.0250
2019-07-07T00:00:00.000Z;0.0250
2019-07-08T00:00:00.000Z;0.0250
2019-07-09T00:00:00.000Z;0.0250
2019-07-10T00:00:00.000Z;0.0250
2019-07-11T00:00:00.000Z;0.0230
2019-07-12T00:00:00.000Z;0.0150
2019-07-13T00:00:00.000Z;0.0140
2019-07-14T00:00:00.000Z;0.0140
2019-07-15T00:00:00.000Z;0.0140
2019-07-16T00:00:00.000Z;0.0140
2019-07-17T00:00:00.000Z;0.0150
2019-07-18T00:00:00.000Z;0.0170
2019-07-19T00:00:00.000Z;0.0190
2019-07-20T00:00:00.000Z;0.0210
2019-07-21T00:00:00.000Z;0.0230
2019-07-22T00:00:00.000Z;0.0250
2019-07-23T00:00:00.000Z;0.0250
2019-07-24T00:00:00.000Z;0.0250
2019-07-25T00:00:00.000Z;0.0250
2019-07-26T00:00:00.000Z;0.0250
2019-07-27T00:00:00.000Z;0.0250
2019-07-28T00:00:00.000Z;0.0250
2019-07-29T00:00:00.000Z;0.0250
2019-07-30T00:00:00.000Z;0.0250
2019-07-31T00:00:00.000Z;0.0250
2019-08-01T00:00:00.000Z;0.0250
2019-08-02T00:00:00.000Z;0.0250
2019-08-03T00:00:00.000Z;0.0250
2019-08-04T00:00:00.000Z;0.0250
2019-08-05T00:00:00.000Z;0.0250
2019-08-06T00:00:00.000Z;0.0250
2019-08-07T00:00:00.000Z;0.0250
2019-08-08T00:00:00.000Z;0.0250
2019-08-09T00:00:00.000Z;0.0250
2019-08-10T00:00:00.000Z;0.0250
2019-08-11T00:00:00.000Z;0.0250
2019-08-12T00:00:00.000Z;0.0250
2019-08-13T00:00:00.000Z;0.0250
2019-08-14T00:00:00.000Z;0.0250
2019-08-15T00:00:00.000Z;0.0250
2019-08-16T00:00:00.000Z;0.0250
2019-08-17T00:00:00.000Z;0.0250
2019-08-18T00:00:00.000Z;0.0250
2019-08-19T00:00:00.000Z;0.0250
2019-08-20T00:00:00.000Z;0.0250
2019-08-21T00:00:00.000Z;0.0250
2019-08-22T00:00:00.000Z;0.0250
2019-08-23T00:00:00.000Z;0.0250
2019-08-24T00:00:00.000Z;0.0250
2019-08-25T00:00:00.000Z;0.0250
2019-08-26T00:00:00.000Z;0.0250
2019-08-27T00:00:00.000Z;0.0250
2019-08-28T00:00:00.000Z;0.0250
2019-08-29T00:00:00.000Z;0.0250
2019-08-30T00:00:00.000Z;0.0250
2019-08-31T00:00:00.000Z;0.0250
2019-09-01T00:00:00.000Z;0.0250
2019-09-02T00:00:00.000Z;0.0250
2019-09-03T00:00:00.000Z;0.0250
2019-09-04T00:00:00.000Z;0.0250
2019-09-05T00:00:00.000Z;0.0250
2019-09-06T00:00:00.000Z;0.0250
2019-09-07T00:00:00.000Z;0.0250
2019-09-08T00:00:00.000Z;0.0250
2019-09-09T00:00:00.000Z;0.0250
2019-09-10T00:00:00.000Z;0.0250
2019-09-11T00:00:00.000Z;0.0250
2019-09-12T00:00:00.000Z;0.0250
2019-09-13T00:00:00.000Z;0.0250
2019-09-14T00:00:00.000Z;0.0250
2019-09-15T00:00:00.000Z;0.0250
2019-09-16T00:00:00.000Z;0.0250
2019-09-17T00:00:00.000Z;0.0250
2019-09-18T00:00:00.000Z;0.0250
2019-09-19T00:00:00.000Z;0.0250
2019-09-20T00:00:00.000Z;0.0250
2019-09-21T00:00:00.000Z;0.0250
2019-09-22T00:00:00.000Z;0.0250
2019-09-23T00:00:00.000Z;0.0250
2019-09-24T00:00:00.000Z;0.0250
2019-09-25T00:00:00.000Z;0.0250
2019-09-26T00:00:00.000Z;0.0250
2019-09-27T00:00:00.000Z;0.0250
2019-09-28T00:00:00.000Z;0.0250
2019-09-29T00:00:00.000Z;0.0250
2019-10-07T00:00:00.000Z;0.0420
2019-10-08T00:00:00.000Z;0.0510
2019-10-09T00:00:00.000Z;0.0550
2019-10-10T00:00:00.000Z;0.0590
2019-10-11T00:00:00.000Z;0.0600
2019-10-12T00:00:00.000Z;0.0600
2019-10-13T00:00:00.000Z;0.0600
2019-10-14T00:00:00.000Z;0.0610
2019-10-15T00:00:00.000Z;0.0750
2019-10-16T00:00:00.000Z;0.0780
2019-10-17T00:00:00.000Z;0.0730
2019-10-18T00:00:00.000Z;0.0730
2019-10-19T00:00:00.000Z;0.0730
2019-10-20T00:00:00.000Z;0.0730
2019-10-21T00:00:00.000Z;0.0740
2019-10-22T00:00:00.000Z;0.0770
2019-10-23T00:00:00.000Z;0.0810
2019-10-24T00:00:00.000Z;0.0850
2019-10-25T00:00:00.000Z;0.0740
2019-10-26T00:00:00.000Z;0.0540
2019-10-27T00:00:00.000Z;0.0350
2019-10-28T00:00:00.000Z;0.0180
2019-10-29T00:00:00.000Z;0.00500
2019-10-30T00:00:00.000Z;0.00400
2019-10-31T00:00:00.000Z;0.0360
2019-11-01T00:00:00.000Z;0.0840
2019-11-02T00:00:00.000Z;0.138
2019-11-03T00:00:00.000Z;0.195
2019-11-04T00:00:00.000Z;0.208
2019-11-05T00:00:00.000Z;0.275
2019-11-06T00:00:00.000Z;0.368
2019-11-07T00:00:00.000Z;0.465
2019-11-08T00:00:00.000Z;0.560
2019-11-09T00:00:00.000Z;0.371
2019-11-10T00:00:00.000Z;0.328
2019-11-11T00:00:00.000Z;0.325
2019-11-12T00:00:00.000Z;0.321
2019-11-13T00:00:00.000Z;0.318
2019-11-14T00:00:00.000Z;0.314
2019-11-15T00:00:00.000Z;0.310
2019-11-16T00:00:00.000Z;0.307
2019-11-17T00:00:00.000Z;0.302
2019-11-23T00:00:00.000Z;0.129
2019-11-24T00:00:00.000Z;0.129
2019-11-25T00:00:00.000Z;0.129
2019-11-26T00:00:00.000Z;0.129
2019-11-27T00:00:00.000Z;0.129
2019-11-28T00:00:00.000Z;0.142
2019-11-29T00:00:00.000Z;0.224
2019-11-30T00:00:00.000Z;0.322
2019-12-01T00:00:00.000Z;0.397
2019-12-02T00:00:00.000Z;0.239
2019-12-03T00:00:00.000Z;0.183
2019-12-04T00:00:00.000Z;0.160
2019-12-05T00:00:00.000Z;0.140
2019-12-06T00:00:00.000Z;0.124
2019-12-07T00:00:00.000Z;0.112
2019-12-08T00:00:00.000Z;0.100
2019-12-09T00:00:00.000Z;0.117
2019-12-10T00:00:00.000Z;0.418
2019-12-11T00:00:00.000Z;0.265
2019-12-15T00:00:00.000Z;0.388
2019-12-16T00:00:00.000Z;0.277
2019-12-17T00:00:00.000Z;0.222
2019-12-18T00:00:00.000Z;0.183
2019-12-19T00:00:00.000Z;0.158
2019-12-20T00:00:00.000Z;0.146
2019-12-21T00:00:00.000Z;0.157
2019-12-22T00:00:00.000Z;0.393
2019-12-23T00:00:00.000Z;0.466
2019-12-24T00:00:00.000Z;0.287
2019-12-25T00:00:00.000Z;0.232
2019-12-26T00:00:00.000Z;0.195
2019-12-27T00:00:00.000Z;0.166
2019-12-28T00:00:00.000Z;0.147
2019-12-29T00:00:00.000Z;0.133
2019-12-30T00:00:00.000Z;0.123
2019-12-31T00:00:00.000Z;0.111
2020-01-01T00:00:00.000Z;0.103
2020-01-02T00:00:00.000Z;0.0970
2020-01-03T00:00:00.000Z;0.0940
2020-01-04T00:00:00.000Z;0.0870
2020-01-05T00:00:00.000Z;0.0830
2020-01-06T00:00:00.000Z;0.0800
2020-01-07T00:00:00.000Z;0.0770
2020-01-08T00:00:00.000Z;0.0740
2020-01-09T00:00:00.000Z;0.0670
2020-01-10T00:00:00.000Z;0.0660
2020-01-11T00:00:00.000Z;0.0630
2020-01-12T00:00:00.000Z;0.0600
2020-01-13T00:00:00.000Z;0.0580
2020-01-14T00:00:00.000Z;0.0580
2020-01-15T00:00:00.000Z;0.0580
2020-01-16T00:00:00.000Z;0.0560
2020-01-17T00:00:00.000Z;0.0580
2020-01-18T00:00:00.000Z;0.0800
2020-01-19T00:00:00.000Z;0.0860
2020-01-20T00:00:00.000Z;0.0860
2020-01-21T00:00:00.000Z;0.0860
2020-01-22T00:00:00.000Z;0.0860
2020-01-23T00:00:00.000Z;0.0860
2020-01-24T00:00:00.000Z;0.0860
2020-01-25T00:00:00.000Z;0.0860
2020-01-26T00:00:00.000Z;0.131
2020-01-27T00:00:00.000Z;0.196
2020-01-28T00:00:00.000Z;0.170
2020-01-29T00:00:00.000Z;0.137
2020-01-30T00:00:00.000Z;0.123
2020-01-31T00:00:00.000Z;0.113
2020-02-01T00:00:00.000Z;0.107
2020-02-02T00:00:00.000Z;0.101
2020-02-03T00:00:00.000Z;0.0960
2020-02-04T00:00:00.000Z;0.0960
2020-02-05T00:00:00.000Z;0.137
2020-02-06T00:00:00.000Z;0.140
2020-02-07T00:00:00.000Z;0.133
2020-02-08T00:00:00.000Z;0.122
2020-02-09T00:00:00.000Z;0.114
2020-02-10T00:00:00.000Z;0.108
2020-02-11T00:00:00.000Z;0.106
2020-02-12T00:00:00.000Z;0.104
2020-02-13T00:00:00.000Z;0.103
2020-02-14T00:00:00.000Z;0.0960
2020-02-15T00:00:00.000Z;0.0850
2020-02-16T00:00:00.000Z;0.0800
2020-02-17T00:00:00.000Z;0.0790
2020-02-18T00:00:00.000Z;0.0790
2020-02-19T00:00:00.000Z;0.0790
2020-02-20T00:00:00.000Z;0.0790
2020-02-21T00:00:00.000Z;0.0790
2020-02-22T00:00:00.000Z;0.0760
2020-02-23T00:00:00.000Z;0.0730
2020-02-24T00:00:00.000Z;0.0730
2020-02-25T00:00:00.000Z;0.0730
2020-02-26T00:00:00.000Z;0.0730
2020-02-27T00:00:00.000Z;0.0730
2020-02-28T00:00:00.000Z;0.0800
2020-02-29T00:00:00.000Z;0.0940
2020-03-01T00:00:00.000Z;0.0970
2020-03-02T00:00:00.000Z;0.118
2020-03-03T00:00:00.000Z;0.259
2020-03-04T00:00:00.000Z;0.380
2020-03-05T00:00:00.000Z;0.333
2020-03-06T00:00:00.000Z;0.410
2020-03-07T00:00:00.000Z;0.477
2020-03-08T00:00:00.000Z;0.322
2020-03-09T00:00:00.000Z;0.276
2020-03-10T00:00:00.000Z;0.344
2020-03-11T00:00:00.000Z;0.260
2020-03-12T00:00:00.000Z;0.216
2020-03-13T00:00:00.000Z;0.233
2020-03-14T00:00:00.000Z;0.259
2020-03-15T00:00:00.000Z;0.218
2020-03-16T00:00:00.000Z;0.186
2020-03-17T00:00:00.000Z;0.165
2020-03-18T00:00:00.000Z;0.162
2020-03-19T00:00:00.000Z;0.162
2020-03-20T00:00:00.000Z;0.153
2020-03-21T00:00:00.000Z;0.138
2020-03-22T00:00:00.000Z;0.143
2020-03-23T00:00:00.000Z;0.218
2020-03-24T00:00:00.000Z;0.172
2020-03-25T00:00:00.000Z;0.152
2020-03-26T00:00:00.000Z;0.142
2020-03-27T00:00:00.000Z;0.129
2020-03-28T00:00:00.000Z;0.114
2020-03-29T00:00:00.000Z;0.105
2020-03-30T00:00:00.000Z;0.100
2020-03-31T00:00:00.000Z;0.112
2020-04-01T00:00:00.000Z;0.125
2020-04-02T00:00:00.000Z;0.116
2020-04-03T00:00:00.000Z;0.114
2020-04-04T00:00:00.000Z;0.105
2020-04-05T00:00:00.000Z;0.100
2020-04-06T00:00:00.000Z;0.100
2020-04-07T00:00:00.000Z;0.0960
2020-04-08T00:00:00.000Z;0.0900
2020-04-09T00:00:00.000Z;0.0860
2020-04-10T00:00:00.000Z;0.0860
2020-04-11T00:00:00.000Z;0.0760
2020-04-12T00:00:00.000Z;0.0730
2020-04-13T00:00:00.000Z;0.0730
2020-04-14T00:00:00.000Z;0.0690
2020-04-15T00:00:00.000Z;0.0600
2020-04-16T00:00:00.000Z;0.0600
2020-04-17T00:00:00.000Z;0.0600
2020-04-18T00:00:00.000Z;0.0600
2020-04-19T00:00:00.000Z;0.0600
2020-04-20T00:00:00.000Z;0.105
2020-04-23T00:00:00.000Z;0.383
2020-04-24T00:00:00.000Z;0.286
2020-04-25T00:00:00.000Z;0.358
2020-04-26T00:00:00.000Z;0.283
2020-04-27T00:00:00.000Z;0.285
2020-04-28T00:00:00.000Z;0.519
2020-04-29T00:00:00.000Z;0.302
2020-04-30T00:00:00.000Z;0.239
2020-05-01T00:00:00.000Z;0.199
2020-05-02T00:00:00.000Z;0.227
2020-05-03T00:00:00.000Z;0.223
2020-05-04T00:00:00.000Z;0.187
2020-05-05T00:00:00.000Z;0.156
2020-05-06T00:00:00.000Z;0.133
2020-05-07T00:00:00.000Z;0.116
2020-05-08T00:00:00.000Z;0.111
2020-05-09T00:00:00.000Z;0.100
2020-05-10T00:00:00.000Z;0.100
2020-05-11T00:00:00.000Z;0.109
2020-05-12T00:00:00.000Z;0.126
2020-05-13T00:00:00.000Z;0.114
2020-05-17T00:00:00.000Z;0.472
2020-05-18T00:00:00.000Z;0.297
2020-05-19T00:00:00.000Z;0.230
2020-05-20T00:00:00.000Z;0.195
2020-05-21T00:00:00.000Z;0.164
2020-05-22T00:00:00.000Z;0.138
2020-05-23T00:00:00.000Z;0.123
2020-05-24T00:00:00.000Z;0.108
2020-05-25T00:00:00.000Z;0.100
2020-05-26T00:00:00.000Z;0.0920
2020-05-27T00:00:00.000Z;0.0860
2020-05-28T00:00:00.000Z;0.0860
2020-05-29T00:00:00.000Z;0.0780
2020-05-30T00:00:00.000Z;0.0730
2020-05-31T00:00:00.000Z;0.0730
2020-06-01T00:00:00.000Z;0.0730
2020-06-02T00:00:00.000Z;0.0640
2020-06-03T00:00:00.000Z;0.0600
2020-06-04T00:00:00.000Z;0.0600
2020-06-05T00:00:00.000Z;0.0600
2020-06-06T00:00:00.000Z;0.0540
2020-06-07T00:00:00.000Z;0.0660
2020-06-08T00:00:00.000Z;0.0730
2020-06-09T00:00:00.000Z;0.0730
2020-06-10T00:00:00.000Z;0.104
2020-06-11T00:00:00.000Z;0.117
2020-06-12T00:00:00.000Z;0.178
2020-06-13T00:00:00.000Z;0.136
2020-06-14T00:00:00.000Z;0.103
2020-06-15T00:00:00.000Z;0.0910
2020-06-16T00:00:00.000Z;0.0860
2020-06-17T00:00:00.000Z;0.0860
2020-06-18T00:00:00.000Z;0.0780
2020-06-19T00:00:00.000Z;0.0730
2020-06-20T00:00:00.000Z;0.0730
2020-06-21T00:00:00.000Z;0.0600
2020-06-22T00:00:00.000Z;0.0600
2020-06-23T00:00:00.000Z;0.0580
2020-06-24T00:00:00.000Z;0.0500
2020-06-25T00:00:00.000Z;0.0500
2020-06-26T00:00:00.000Z;0.0500
2020-06-27T00:00:00.000Z;0.0500
2020-06-28T00:00:00.000Z;0.0430
2020-06-29T00:00:00.000Z;0.0380
2020-06-30T00:00:00.000Z;0.0380
2020-07-01T00:00:00.000Z;0.0380
2020-07-02T00:00:00.000Z;0.0380
2020-07-03T00:00:00.000Z;0.0570
2020-07-04T00:00:00.000Z;0.0580
2020-07-05T00:00:00.000Z;0.0410
2020-07-06T00:00:00.000Z;0.0380
2020-07-07T00:00:00.000Z;0.0380
2020-07-08T00:00:00.000Z;0.0380
2020-07-09T00:00:00.000Z;0.0310
2020-07-10T00:00:00.000Z;0.0270
2020-07-11T00:00:00.000Z;0.0270
2020-07-12T00:00:00.000Z;0.0270
2020-07-13T00:00:00.000Z;0.0270
2020-07-14T00:00:00.000Z;0.0270
2020-07-15T00:00:00.000Z;0.0210
2020-07-16T00:00:00.000Z;0.0160
2020-07-17T00:00:00.000Z;0.0160
2020-07-18T00:00:00.000Z;0.0160
2020-07-19T00:00:00.000Z;0.0160
2020-07-20T00:00:00.000Z;0.0160
2020-07-21T00:00:00.000Z;0.0160
2020-07-22T00:00:00.000Z;0.00900
2020-07-23T00:00:00.000Z;0.0100
2020-07-24T00:00:00.000Z;0.0100
2020-07-25T00:00:00.000Z;0.00800
2020-07-26T00:00:00.000Z;0.00800
2020-07-27T00:00:00.000Z;0.00800
2020-07-28T00:00:00.000Z;0.00800
2020-07-29T00:00:00.000Z;0.00800
2020-07-30T00:00:00.000Z;0.00800
2020-07-31T00:00:00.000Z;0.00800
2020-08-01T00:00:00.000Z;0.00800
2020-08-02T00:00:00.000Z;0.00800
2020-08-03T00:00:00.000Z;0.00800
2020-08-04T00:00:00.000Z;0.00800
2020-08-05T00:00:00.000Z;0.00800
2020-08-06T00:00:00.000Z;0.00800
2020-08-07T00:00:00.000Z;0.00800
2020-08-08T00:00:00.000Z;0.00800
2020-08-09T00:00:00.000Z;0.00800
2020-08-10T00:00:00.000Z;0.00800
2020-08-11T00:00:00.000Z;0.00800
2020-08-12T00:00:00.000Z;0.00400
2020-08-13T00:00:00.000Z;0.00
2020-08-14T00:00:00.000Z;0.00
2020-08-15T00:00:00.000Z;0.00
2020-08-16T00:00:00.000Z;0.00
2020-08-17T00:00:00.000Z;0.00
2020-08-18T00:00:00.000Z;0.00400
2020-08-19T00:00:00.000Z;0.00
2020-08-20T00:00:00.000Z;0.00
2020-08-29T00:00:00.000Z;0.00500
2020-08-30T00:00:00.000Z;0.0440
2020-08-31T00:00:00.000Z;0.0120
2020-09-01T00:00:00.000Z;0.00800
2020-09-02T00:00:00.000Z;0.00500
2020-09-03T00:00:00.000Z;0.00
2020-09-05T00:00:00.000Z;0.00
2020-09-09T00:00:00.000Z;0.00
2020-09-10T00:00:00.000Z;0.00
2020-09-11T00:00:00.000Z;0.00700
2020-09-12T00:00:00.000Z;0.00800
2020-09-13T00:00:00.000Z;0.0110
2020-09-14T00:00:00.000Z;0.0240
2020-09-15T00:00:00.000Z;0.0280
2020-09-16T00:00:00.000Z;0.0380
2020-09-17T00:00:00.000Z;0.0470
2020-09-18T00:00:00.000Z;0.0500
2020-09-19T00:00:00.000Z;0.0580
2020-09-20T00:00:00.000Z;0.0380
2020-09-21T00:00:00.000Z;0.0100
2020-09-22T00:00:00.000Z;0.00800
2020-09-23T00:00:00.000Z;0.00500
2020-09-24T00:00:00.000Z;0.00100
2020-09-25T00:00:00.000Z;0.0270
2020-09-26T00:00:00.000Z;0.0860
2020-09-27T00:00:00.000Z;0.230
2020-09-28T00:00:00.000Z;0.0940
2020-09-29T00:00:00.000Z;0.0610
2020-09-30T00:00:00.000Z;0.0290
2020-10-01T00:00:00.000Z;0.0270
2020-10-02T00:00:00.000Z;0.0700
2020-10-03T00:00:00.000Z;0.140
2020-10-04T00:00:00.000Z;0.108
2020-10-05T00:00:00.000Z;0.0890
2020-10-06T00:00:00.000Z;0.0810
2020-10-07T00:00:00.000Z;0.0760
2020-10-08T00:00:00.000Z;0.125
2020-10-09T00:00:00.000Z;0.0950
2020-10-10T00:00:00.000Z;0.0860
2020-10-11T00:00:00.000Z;0.142
2020-10-12T00:00:00.000Z;0.191
2020-10-13T00:00:00.000Z;0.277
2020-10-14T00:00:00.000Z;0.241
2020-10-15T00:00:00.000Z;0.448
2020-10-16T00:00:00.000Z;0.234
2020-10-17T00:00:00.000Z;0.158
2020-10-18T00:00:00.000Z;0.115
2020-10-19T00:00:00.000Z;0.0950
2020-10-20T00:00:00.000Z;0.0860
2020-10-21T00:00:00.000Z;0.0820
2020-10-22T00:00:00.000Z;0.0630
2020-10-23T00:00:00.000Z;0.0570
2020-10-24T00:00:00.000Z;0.0700
2020-10-25T00:00:00.000Z;0.0730
2020-10-26T00:00:00.000Z;0.178
2020-10-27T00:00:00.000Z;0.234
2020-10-28T00:00:00.000Z;0.157
2020-10-29T00:00:00.000Z;0.133
2020-10-30T00:00:00.000Z;0.114
2020-10-31T00:00:00.000Z;0.100
2020-11-01T00:00:00.000Z;0.0910
2020-11-02T00:00:00.000Z;0.0860
2020-11-03T00:00:00.000Z;0.0830
2020-11-04T00:00:00.000Z;0.248
2020-11-05T00:00:00.000Z;0.211
2020-11-06T00:00:00.000Z;0.152
2020-11-07T00:00:00.000Z;0.124
2020-11-08T00:00:00.000Z;0.102
2020-11-09T00:00:00.000Z;0.100
2020-11-10T00:00:00.000Z;0.115
2020-11-11T00:00:00.000Z;0.177
2020-11-12T00:00:00.000Z;0.141
2020-11-13T00:00:00.000Z;0.118
2020-11-14T00:00:00.000Z;0.101
2020-11-15T00:00:00.000Z;0.0950
2020-11-16T00:00:00.000Z;0.131
2020-11-17T00:00:00.000Z;0.188
2020-11-18T00:00:00.000Z;0.145
2020-11-19T00:00:00.000Z;0.119
2020-11-20T00:00:00.000Z;0.110
2020-11-21T00:00:00.000Z;0.114
2020-11-22T00:00:00.000Z;0.114
2020-11-23T00:00:00.000Z;0.103
2020-11-24T00:00:00.000Z;0.100
2020-11-25T00:00:00.000Z;0.0920
2020-11-26T00:00:00.000Z;0.0860
2020-11-27T00:00:00.000Z;0.0820
2020-11-28T00:00:00.000Z;0.0730
2020-11-29T00:00:00.000Z;0.0660
2020-11-30T00:00:00.000Z;0.0600
2020-12-01T00:00:00.000Z;0.0600
2020-12-02T00:00:00.000Z;0.0580
2020-12-03T00:00:00.000Z;0.0570
2020-12-04T00:00:00.000Z;0.0620
2020-12-05T00:00:00.000Z;0.0730
2020-12-06T00:00:00.000Z;0.114
2020-12-07T00:00:00.000Z;0.192
2020-12-08T00:00:00.000Z;0.201
2020-12-09T00:00:00.000Z;0.180
2020-12-14T00:00:00.000Z;0.326
2020-12-15T00:00:00.000Z;0.242
2020-12-16T00:00:00.000Z;0.200
2020-12-17T00:00:00.000Z;0.169
2020-12-18T00:00:00.000Z;0.148
2020-12-19T00:00:00.000Z;0.135
2020-12-20T00:00:00.000Z;0.124
2020-12-21T00:00:00.000Z;0.106
2020-12-22T00:00:00.000Z;0.109
2020-12-23T00:00:00.000Z;0.114
2020-12-24T00:00:00.000Z;0.116
2020-12-25T00:00:00.000Z;0.285
2020-12-26T00:00:00.000Z;0.250
2020-12-27T00:00:00.000Z;0.206
2020-12-28T00:00:00.000Z;0.267
2020-12-29T00:00:00.000Z;0.328
2020-12-30T00:00:00.000Z;0.249
2020-12-31T00:00:00.000Z;0.218
2021-01-01T00:00:00.000Z;0.202
2021-01-02T00:00:00.000Z;0.184
2021-01-03T00:00:00.000Z;0.162
2021-01-04T00:00:00.000Z;0.147
2021-01-05T00:00:00.000Z;0.136
2021-01-06T00:00:00.000Z;0.128
2021-01-07T00:00:00.000Z;0.114
2021-01-08T00:00:00.000Z;0.109
2021-01-09T00:00:00.000Z;0.100
2021-01-10T00:00:00.000Z;0.100
2021-01-11T00:00:00.000Z;0.100
2021-01-12T00:00:00.000Z;0.0930
2021-01-13T00:00:00.000Z;0.0860
2021-01-14T00:00:00.000Z;0.0880
2021-01-15T00:00:00.000Z;0.255
2021-01-16T00:00:00.000Z;0.315
2021-01-17T00:00:00.000Z;0.226
2021-01-18T00:00:00.000Z;0.218
2021-01-19T00:00:00.000Z;0.218
2021-01-20T00:00:00.000Z;0.195
2021-01-21T00:00:00.000Z;0.175
2021-01-22T00:00:00.000Z;0.163
2021-01-23T00:00:00.000Z;0.253
2021-01-24T00:00:00.000Z;0.432
2021-01-25T00:00:00.000Z;0.492
2021-01-26T00:00:00.000Z;0.534
2021-01-27T00:00:00.000Z;0.473
2021-01-28T00:00:00.000Z;0.527
2021-01-29T00:00:00.000Z;0.392
2021-01-30T00:00:00.000Z;0.613
2021-01-31T00:00:00.000Z;0.506
2021-02-01T00:00:00.000Z;0.472
2021-02-02T00:00:00.000Z;0.437
2021-02-03T00:00:00.000Z;0.316
2021-02-04T00:00:00.000Z;0.258
2021-02-05T00:00:00.000Z;0.224
2021-02-06T00:00:00.000Z;0.198
2021-02-07T00:00:00.000Z;0.171
2021-02-08T00:00:00.000Z;0.159
2021-02-09T00:00:00.000Z;0.145
2021-02-10T00:00:00.000Z;0.136
2021-02-11T00:00:00.000Z;0.129
2021-02-12T00:00:00.000Z;0.126
2021-02-13T00:00:00.000Z;0.119
2021-02-14T00:00:00.000Z;0.114
2021-02-15T00:00:00.000Z;0.114
2021-02-16T00:00:00.000Z;0.113
2021-02-17T00:00:00.000Z;0.104
2021-02-18T00:00:00.000Z;0.100
2021-02-19T00:00:00.000Z;0.100
2021-02-20T00:00:00.000Z;0.0960
2021-02-21T00:00:00.000Z;0.0860
2021-02-22T00:00:00.000Z;0.0860
2021-02-23T00:00:00.000Z;0.0860
2021-02-24T00:00:00.000Z;0.0820
2021-02-25T00:00:00.000Z;0.0730
2021-02-26T00:00:00.000Z;0.0730
2021-02-27T00:00:00.000Z;0.0730
2021-02-28T00:00:00.000Z;0.0730
2021-03-01T00:00:00.000Z;0.0730
2021-03-02T00:00:00.000Z;0.0730
2021-03-03T00:00:00.000Z;0.0650
2021-03-04T00:00:00.000Z;0.0600
2021-03-05T00:00:00.000Z;0.0600
2021-03-06T00:00:00.000Z;0.0600
2021-03-07T00:00:00.000Z;0.0600
2021-03-08T00:00:00.000Z;0.0600
2021-03-09T00:00:00.000Z;0.0600
2021-03-10T00:00:00.000Z;0.0600
2021-03-11T00:00:00.000Z;0.0610
2021-03-12T00:00:00.000Z;0.0660
2021-03-13T00:00:00.000Z;0.0730
2021-03-14T00:00:00.000Z;0.0860
2021-03-15T00:00:00.000Z;0.0940
2021-03-16T00:00:00.000Z;0.109
2021-03-17T00:00:00.000Z;0.101
2021-03-18T00:00:00.000Z;0.112
2021-03-19T00:00:00.000Z;0.120
2021-03-20T00:00:00.000Z;0.123
2021-03-21T00:00:00.000Z;0.196
2021-03-22T00:00:00.000Z;0.175
2021-03-23T00:00:00.000Z;0.162
2021-03-24T00:00:00.000Z;0.139
2021-03-25T00:00:00.000Z;0.121
2021-03-26T00:00:00.000Z;0.114
2021-03-27T00:00:00.000Z;0.114
2021-03-28T00:00:00.000Z;0.113
2021-03-29T00:00:00.000Z;0.104
2021-03-30T00:00:00.000Z;0.0880
2021-03-31T00:00:00.000Z;0.0860
2021-04-01T00:00:00.000Z;0.0860
2021-04-02T00:00:00.000Z;0.0840
2021-04-03T00:00:00.000Z;0.0760
2021-04-04T00:00:00.000Z;0.0730
2021-04-05T00:00:00.000Z;0.0720
2021-04-06T00:00:00.000Z;0.0700
2021-04-07T00:00:00.000Z;0.0660
2021-04-08T00:00:00.000Z;0.0620
2021-04-09T00:00:00.000Z;0.0600
2021-04-10T00:00:00.000Z;0.0600
2021-04-11T00:00:00.000Z;0.0600
2021-04-12T00:00:00.000Z;0.0580
2021-04-13T00:00:00.000Z;0.0500
2021-04-14T00:00:00.000Z;0.0500
2021-04-15T00:00:00.000Z;0.0500
2021-04-16T00:00:00.000Z;0.0500
2021-04-17T00:00:00.000Z;0.0500
2021-04-18T00:00:00.000Z;0.0500
2021-04-19T00:00:00.000Z;0.0500
2021-04-20T00:00:00.000Z;0.0500
2021-04-21T00:00:00.000Z;0.0500
2021-04-22T00:00:00.000Z;0.0500
2021-04-23T00:00:00.000Z;0.0500
2021-04-24T00:00:00.000Z;0.0500
2021-04-25T00:00:00.000Z;0.0500
2021-04-26T00:00:00.000Z;0.0500
2021-04-27T00:00:00.000Z;0.0500
2021-04-28T00:00:00.000Z;0.0520
2021-04-29T00:00:00.000Z;0.0580
2021-04-30T00:00:00.000Z;0.0650
2021-05-01T00:00:00.000Z;0.251
2021-05-02T00:00:00.000Z;0.217
2021-05-03T00:00:00.000Z;0.143
2021-05-04T00:00:00.000Z;0.121
2021-05-05T00:00:00.000Z;0.114
2021-05-06T00:00:00.000Z;0.109
2021-05-07T00:00:00.000Z;0.0950
2021-05-08T00:00:00.000Z;0.0860
2021-05-09T00:00:00.000Z;0.0860
2021-05-10T00:00:00.000Z;0.0850
2021-05-11T00:00:00.000Z;0.0600
2021-05-12T00:00:00.000Z;0.0750
2021-05-13T00:00:00.000Z;0.107
2021-05-14T00:00:00.000Z;0.145
2021-05-15T00:00:00.000Z;0.159
2021-05-16T00:00:00.000Z;0.159
2021-05-17T00:00:00.000Z;0.149
2021-05-18T00:00:00.000Z;0.144
2021-05-19T00:00:00.000Z;0.140
2021-05-20T00:00:00.000Z;0.135
2021-05-21T00:00:00.000Z;0.131
2021-05-22T00:00:00.000Z;0.129
2021-05-23T00:00:00.000Z;0.129
2021-05-24T00:00:00.000Z;0.127
2021-05-25T00:00:00.000Z;0.114
2021-05-26T00:00:00.000Z;0.114
2021-05-27T00:00:00.000Z;0.114
2021-05-28T00:00:00.000Z;0.114
2021-05-29T00:00:00.000Z;0.114
2021-05-30T00:00:00.000Z;0.114
2021-05-31T00:00:00.000Z;0.114
2021-06-01T00:00:00.000Z;0.115
2021-06-02T00:00:00.000Z;0.118
2021-06-03T00:00:00.000Z;0.121
2021-06-04T00:00:00.000Z;0.125
2021-06-05T00:00:00.000Z;0.128
2021-06-06T00:00:00.000Z;0.126
2021-06-07T00:00:00.000Z;0.110
2021-06-08T00:00:00.000Z;0.0920
2021-06-09T00:00:00.000Z;0.0860
2021-06-10T00:00:00.000Z;0.0860
2021-06-11T00:00:00.000Z;0.0860
2021-06-12T00:00:00.000Z;0.0860
2021-06-13T00:00:00.000Z;0.0860
2021-06-14T00:00:00.000Z;0.0860
2021-06-15T00:00:00.000Z;0.0870
2021-06-16T00:00:00.000Z;0.100
2021-06-17T00:00:00.000Z;0.100
2021-06-18T00:00:00.000Z;0.100
2021-06-19T00:00:00.000Z;0.100
2021-06-20T00:00:00.000Z;0.100
2021-06-21T00:00:00.000Z;0.100
2021-06-22T00:00:00.000Z;0.100
2021-06-23T00:00:00.000Z;0.100
2021-06-24T00:00:00.000Z;0.100
2021-06-25T00:00:00.000Z;0.0890
2021-06-26T00:00:00.000Z;0.0270
2021-06-27T00:00:00.000Z;0.00800
2021-06-28T00:00:00.000Z;0.00700
2021-06-29T00:00:00.000Z;0.00300
2021-06-30T00:00:00.000Z;0.00800
2021-07-01T00:00:00.000Z;0.00600
2021-07-02T00:00:00.000Z;0.00300
2021-07-03T00:00:00.000Z;0.00100
2021-07-04T00:00:00.000Z;0.00300
2021-07-05T00:00:00.000Z;0.00500
2021-07-06T00:00:00.000Z;0.00800
2021-07-07T00:00:00.000Z;0.00800
2021-07-08T00:00:00.000Z;0.00600
2021-07-09T00:00:00.000Z;0.00800
2021-07-10T00:00:00.000Z;0.00800
2021-07-11T00:00:00.000Z;0.00800
2021-07-12T00:00:00.000Z;0.00800
2021-07-13T00:00:00.000Z;0.00800
2021-07-14T00:00:00.000Z;0.00700
2021-07-15T00:00:00.000Z;0.00200
2021-07-16T00:00:00.000Z;0.00
2021-07-17T00:00:00.000Z;0.00100
2021-07-18T00:00:00.000Z;0.00600
2021-07-19T00:00:00.000Z;0.00700
2021-07-20T00:00:00.000Z;0.00200
2021-07-21T00:00:00.000Z;0.00
2021-07-22T00:00:00.000Z;0.00100
2021-07-23T00:00:00.000Z;0.00800
2021-07-24T00:00:00.000Z;0.00800
2021-07-25T00:00:00.000Z;0.00800
2021-07-26T00:00:00.000Z;0.00800
2021-07-27T00:00:00.000Z;0.00800
2021-07-28T00:00:00.000Z;0.0160
2021-07-29T00:00:00.000Z;0.0160
2021-07-30T00:00:00.000Z;0.0160
2021-07-31T00:00:00.000Z;0.0250
2021-08-01T00:00:00.000Z;0.0350
2021-08-02T00:00:00.000Z;0.0440
2021-08-03T00:00:00.000Z;0.0520
2021-08-04T00:00:00.000Z;0.0610
2021-08-05T00:00:00.000Z;0.0700
2021-08-06T00:00:00.000Z;0.0690
2021-08-07T00:00:00.000Z;0.0600
2021-08-08T00:00:00.000Z;0.0580
2021-08-09T00:00:00.000Z;0.0560
2021-08-10T00:00:00.000Z;0.0540
2021-08-11T00:00:00.000Z;0.0510
2021-08-12T00:00:00.000Z;0.0500
2021-08-13T00:00:00.000Z;0.0450
2021-08-14T00:00:00.000Z;0.0400
2021-08-15T00:00:00.000Z;0.0480
2021-08-16T00:00:00.000Z;0.0500
2021-08-17T00:00:00.000Z;0.0500
2021-08-18T00:00:00.000Z;0.0500
2021-08-19T00:00:00.000Z;0.0500
2021-08-20T00:00:00.000Z;0.0500
2021-08-21T00:00:00.000Z;0.0500
2021-08-22T00:00:00.000Z;0.0500
2021-08-23T00:00:00.000Z;0.0500
2021-08-24T00:00:00.000Z;0.0510
2021-08-25T00:00:00.000Z;0.0540
2021-08-26T00:00:00.000Z;0.0570
2021-08-27T00:00:00.000Z;0.0600
2021-08-28T00:00:00.000Z;0.0630
2021-08-29T00:00:00.000Z;0.0660
2021-08-30T00:00:00.000Z;0.0690
2021-08-31T00:00:00.000Z;0.0720
2021-09-01T00:00:00.000Z;0.0690
2021-09-02T00:00:00.000Z;0.0600
2021-09-03T00:00:00.000Z;0.0600
2021-09-04T00:00:00.000Z;0.0600
2021-09-05T00:00:00.000Z;0.0610
2021-09-06T00:00:00.000Z;0.0640
2021-09-07T00:00:00.000Z;0.0680
2021-09-08T00:00:00.000Z;0.0720
2021-09-09T00:00:00.000Z;0.0730
2021-09-10T00:00:00.000Z;0.0710
2021-09-11T00:00:00.000Z;0.0570
2021-09-12T00:00:00.000Z;0.0410
2021-09-13T00:00:00.000Z;0.0270
2021-09-14T00:00:00.000Z;0.0140
2021-09-15T00:00:00.000Z;0.00500
2021-09-16T00:00:00.000Z;0.00800
2021-09-23T00:00:00.000Z;0.00600
2021-09-24T00:00:00.000Z;0.00700
2021-09-25T00:00:00.000Z;0.00200
2021-09-26T00:00:00.000Z;0.00
2021-09-27T00:00:00.000Z;0.00
2021-09-28T00:00:00.000Z;0.00300
2021-09-29T00:00:00.000Z;0.00600
2021-09-30T00:00:00.000Z;0.00900
2021-10-01T00:00:00.000Z;0.0120
2021-10-02T00:00:00.000Z;0.0150
2021-10-03T00:00:00.000Z;0.0450
2021-10-04T00:00:00.000Z;0.0770
2021-10-05T00:00:00.000Z;0.0460
2021-10-06T00:00:00.000Z;0.0230
2021-10-07T00:00:00.000Z;0.0200
2021-10-08T00:00:00.000Z;0.0100
2021-10-13T00:00:00.000Z;0.00500
2021-10-14T00:00:00.000Z;0.00800
2021-10-15T00:00:00.000Z;0.00800
2021-10-16T00:00:00.000Z;0.0110
2021-10-17T00:00:00.000Z;0.0170
2021-10-20T00:00:00.000Z;0.00600
2021-10-21T00:00:00.000Z;0.0110
2021-10-26T00:00:00.000Z;0.0340
2021-10-27T00:00:00.000Z;0.0460
2021-10-28T00:00:00.000Z;0.0510
2021-10-29T00:00:00.000Z;0.0540
2021-10-30T00:00:00.000Z;0.0590
2021-10-31T00:00:00.000Z;0.0710
2021-11-01T00:00:00.000Z;0.0920
2021-11-02T00:00:00.000Z;0.0410
2021-11-03T00:00:00.000Z;0.0210
2021-11-04T00:00:00.000Z;0.0190
2021-11-05T00:00:00.000Z;0.101
2021-11-06T00:00:00.000Z;0.132
2021-11-07T00:00:00.000Z;0.0910
2021-11-08T00:00:00.000Z;0.0560
2021-11-09T00:00:00.000Z;0.0570
2021-11-10T00:00:00.000Z;0.0500
2021-11-11T00:00:00.000Z;0.0370
2021-11-12T00:00:00.000Z;0.0260
2021-11-13T00:00:00.000Z;0.0190
2021-11-14T00:00:00.000Z;0.0520
2021-11-15T00:00:00.000Z;0.288
2021-11-16T00:00:00.000Z;0.155
2021-11-17T00:00:00.000Z;0.108
2021-11-18T00:00:00.000Z;0.0920
2021-11-19T00:00:00.000Z;0.0790
2021-11-20T00:00:00.000Z;0.0610
2021-11-21T00:00:00.000Z;0.0580
2021-11-22T00:00:00.000Z;0.0540
2021-11-23T00:00:00.000Z;0.0420
2021-11-24T00:00:00.000Z;0.0360
2021-11-25T00:00:00.000Z;0.0380
2021-11-26T00:00:00.000Z;0.104
2021-11-27T00:00:00.000Z;0.193
2021-11-28T00:00:00.000Z;0.217
2021-11-29T00:00:00.000Z;0.151
2021-11-30T00:00:00.000Z;0.204
2021-12-01T00:00:00.000Z;0.167
2021-12-02T00:00:00.000Z;0.154
2021-12-03T00:00:00.000Z;0.174
2021-12-04T00:00:00.000Z;0.175
2021-12-05T00:00:00.000Z;0.369
2021-12-06T00:00:00.000Z;0.440
2021-12-07T00:00:00.000Z;0.296
2021-12-12T00:00:00.000Z;0.495
2021-12-13T00:00:00.000Z;0.309
2021-12-14T00:00:00.000Z;0.238
2021-12-15T00:00:00.000Z;0.194
2021-12-16T00:00:00.000Z;0.164
2021-12-17T00:00:00.000Z;0.142
2021-12-18T00:00:00.000Z;0.127
2021-12-19T00:00:00.000Z;0.112
2021-12-20T00:00:00.000Z;0.105
2021-12-21T00:00:00.000Z;0.0990
2021-12-22T00:00:00.000Z;0.0930
2021-12-23T00:00:00.000Z;0.0900
2021-12-24T00:00:00.000Z;0.0850
2021-12-25T00:00:00.000Z;0.0800
2021-12-26T00:00:00.000Z;0.0720
2021-12-27T00:00:00.000Z;0.0750
2021-12-28T00:00:00.000Z;0.0860
2021-12-29T00:00:00.000Z;0.0860
2021-12-30T00:00:00.000Z;0.0880
2021-12-31T00:00:00.000Z;0.0890
2022-01-01T00:00:00.000Z;0.0870
2022-01-02T00:00:00.000Z;0.0850
2022-01-03T00:00:00.000Z;0.0800
2022-01-04T00:00:00.000Z;0.0790
2022-01-05T00:00:00.000Z;0.153
2022-01-06T00:00:00.000Z;0.206
2022-01-07T00:00:00.000Z;0.152
2022-01-08T00:00:00.000Z;0.127
2022-01-12T00:00:00.000Z;0.447
2022-01-13T00:00:00.000Z;0.310
2022-01-14T00:00:00.000Z;0.248
2022-01-15T00:00:00.000Z;0.214
2022-01-16T00:00:00.000Z;0.184
2022-01-17T00:00:00.000Z;0.159
2022-01-18T00:00:00.000Z;0.143
2022-01-19T00:00:00.000Z;0.129
2022-01-20T00:00:00.000Z;0.119
2022-01-21T00:00:00.000Z;0.121
2022-01-22T00:00:00.000Z;0.126
2022-01-23T00:00:00.000Z;0.122
2022-01-24T00:00:00.000Z;0.114
2022-01-25T00:00:00.000Z;0.106
2022-01-26T00:00:00.000Z;0.101
2022-01-27T00:00:00.000Z;0.0960
2022-01-28T00:00:00.000Z;0.0930
2022-01-29T00:00:00.000Z;0.0900
2022-01-30T00:00:00.000Z;0.0850
2022-01-31T00:00:00.000Z;0.0820
2022-02-01T00:00:00.000Z;0.0760
2022-02-02T00:00:00.000Z;0.0720
2022-02-03T00:00:00.000Z;0.0710
2022-02-04T00:00:00.000Z;0.0710
2022-02-05T00:00:00.000Z;0.0670
2022-02-06T00:00:00.000Z;0.0640
2022-02-07T00:00:00.000Z;0.0630
2022-02-08T00:00:00.000Z;0.0620
2022-02-09T00:00:00.000Z;0.0630
2022-02-10T00:00:00.000Z;0.0630
2022-02-11T00:00:00.000Z;0.0610
2022-02-12T00:00:00.000Z;0.0600
2022-02-13T00:00:00.000Z;0.0620
2022-02-14T00:00:00.000Z;0.0640
2022-02-15T00:00:00.000Z;0.0760
2022-02-16T00:00:00.000Z;0.0930
2022-02-17T00:00:00.000Z;0.0940
2022-02-18T00:00:00.000Z;0.0940
2022-02-19T00:00:00.000Z;0.130
2022-02-20T00:00:00.000Z;0.190
2022-02-21T00:00:00.000Z;0.148
2022-02-22T00:00:00.000Z;0.123
2022-02-23T00:00:00.000Z;0.112
2022-02-24T00:00:00.000Z;0.108
2022-02-25T00:00:00.000Z;0.101
2022-02-26T00:00:00.000Z;0.0980
2022-02-27T00:00:00.000Z;0.0950
2022-02-28T00:00:00.000Z;0.0880
2022-03-01T00:00:00.000Z;0.0790
2022-03-02T00:00:00.000Z;0.0770
2022-03-03T00:00:00.000Z;0.0840
2022-03-04T00:00:00.000Z;0.0880
2022-03-05T00:00:00.000Z;0.0910
2022-03-06T00:00:00.000Z;0.0940
2022-03-07T00:00:00.000Z;0.0940
2022-03-08T00:00:00.000Z;0.0930
2022-03-09T00:00:00.000Z;0.0890
2022-03-10T00:00:00.000Z;0.0850
2022-03-11T00:00:00.000Z;0.0860
2022-03-12T00:00:00.000Z;0.266
2022-03-13T00:00:00.000Z;0.263
2022-03-14T00:00:00.000Z;0.253
2022-03-15T00:00:00.000Z;0.193
2022-03-16T00:00:00.000Z;0.159
2022-03-19T00:00:00.000Z;0.365
2022-03-20T00:00:00.000Z;0.269
2022-03-21T00:00:00.000Z;0.226
2022-03-22T00:00:00.000Z;0.192
2022-03-23T00:00:00.000Z;0.166
2022-03-24T00:00:00.000Z;0.148
2022-03-25T00:00:00.000Z;0.134
2022-03-26T00:00:00.000Z;0.125
2022-03-27T00:00:00.000Z;0.114
2022-03-28T00:00:00.000Z;0.107
2022-03-29T00:00:00.000Z;0.105
2022-03-30T00:00:00.000Z;0.133
2022-03-31T00:00:00.000Z;0.270
2022-04-01T00:00:00.000Z;0.264
2022-04-02T00:00:00.000Z;0.223
2022-04-03T00:00:00.000Z;0.197
2022-04-04T00:00:00.000Z;0.181
2022-04-05T00:00:00.000Z;0.170
2022-04-06T00:00:00.000Z;0.158
2022-04-07T00:00:00.000Z;0.142
2022-04-08T00:00:00.000Z;0.132
2022-04-09T00:00:00.000Z;0.127
2022-04-10T00:00:00.000Z;0.114
2022-04-11T00:00:00.000Z;0.109
2022-04-12T00:00:00.000Z;0.105
2022-04-13T00:00:00.000Z;0.101
2022-04-14T00:00:00.000Z;0.104
2022-04-15T00:00:00.000Z;0.104
2022-04-16T00:00:00.000Z;0.101
2022-04-17T00:00:00.000Z;0.0970
2022-04-18T00:00:00.000Z;0.0940
2022-04-19T00:00:00.000Z;0.0920
2022-04-20T00:00:00.000Z;0.138
2022-04-21T00:00:00.000Z;0.235
2022-04-22T00:00:00.000Z;0.180
2022-04-23T00:00:00.000Z;0.153
2022-04-24T00:00:00.000Z;0.316
2022-04-25T00:00:00.000Z;0.256
2022-04-26T00:00:00.000Z;0.197
2022-04-27T00:00:00.000Z;0.161
2022-04-28T00:00:00.000Z;0.138
2022-04-29T00:00:00.000Z;0.122
2022-04-30T00:00:00.000Z;0.114
2022-05-01T00:00:00.000Z;0.107
2022-05-02T00:00:00.000Z;0.103
2022-05-03T00:00:00.000Z;0.101
2022-05-04T00:00:00.000Z;0.0970
2022-05-05T00:00:00.000Z;0.0940
2022-05-06T00:00:00.000Z;0.0920
2022-05-07T00:00:00.000Z;0.0900
2022-05-08T00:00:00.000Z;0.0890
2022-05-09T00:00:00.000Z;0.0840
2022-05-10T00:00:00.000Z;0.0790
2022-05-11T00:00:00.000Z;0.0720
2022-05-12T00:00:00.000Z;0.0660
2022-05-13T00:00:00.000Z;0.0620
2022-05-14T00:00:00.000Z;0.0590
2022-05-15T00:00:00.000Z;0.0590
2022-05-16T00:00:00.000Z;0.0550
2022-05-17T00:00:00.000Z;0.0510
2022-05-18T00:00:00.000Z;0.0490
2022-05-19T00:00:00.000Z;0.0460
2022-05-20T00:00:00.000Z;0.0420
2022-05-21T00:00:00.000Z;0.0410
2022-05-22T00:00:00.000Z;0.0450
2022-05-23T00:00:00.000Z;0.0440
2022-05-24T00:00:00.000Z;0.0430
2022-05-25T00:00:00.000Z;0.0560
2022-05-26T00:00:00.000Z;0.0500
2022-05-27T00:00:00.000Z;0.0460
2022-05-28T00:00:00.000Z;0.0450
2022-05-29T00:00:00.000Z;0.0430
2022-05-30T00:00:00.000Z;0.0420
2022-05-31T00:00:00.000Z;0.0370
2022-06-01T00:00:00.000Z;0.0370
2022-06-02T00:00:00.000Z;0.0360
2022-06-03T00:00:00.000Z;0.0370
2022-06-04T00:00:00.000Z;0.0360
2022-06-05T00:00:00.000Z;0.0380
2022-06-06T00:00:00.000Z;0.0320
2022-06-07T00:00:00.000Z;0.0310
2022-06-08T00:00:00.000Z;0.0330
2022-06-09T00:00:00.000Z;0.0340
2022-06-10T00:00:00.000Z;0.0300
2022-06-11T00:00:00.000Z;0.0250
2022-06-12T00:00:00.000Z;0.0250
2022-06-13T00:00:00.000Z;0.0260
2022-06-14T00:00:00.000Z;0.0270
2022-06-15T00:00:00.000Z;0.0230
2022-06-16T00:00:00.000Z;0.0180
2022-06-17T00:00:00.000Z;0.0150
2022-06-18T00:00:00.000Z;0.0150
2022-06-19T00:00:00.000Z;0.0220
2022-06-20T00:00:00.000Z;0.0240
2022-06-21T00:00:00.000Z;0.0240
2022-06-22T00:00:00.000Z;0.0220
2022-06-23T00:00:00.000Z;0.0190
2022-06-24T00:00:00.000Z;0.0180
2022-06-25T00:00:00.000Z;0.0130
2022-06-26T00:00:00.000Z;0.0160
2022-06-27T00:00:00.000Z;0.0100
2022-07-01T00:00:00.000Z;0.0150
2022-08-14T00:00:00.000Z;0.0220
2022-08-15T00:00:00.000Z;0.0340
2022-08-16T00:00:00.000Z;0.0350
2022-08-17T00:00:00.000Z;0.0470
2022-08-18T00:00:00.000Z;0.0570
2022-08-19T00:00:00.000Z;0.0540
2022-08-20T00:00:00.000Z;0.0500
2022-08-21T00:00:00.000Z;0.0460
2022-08-22T00:00:00.000Z;0.0350
2022-08-23T00:00:00.000Z;0.0350
2022-08-24T00:00:00.000Z;0.0150
2022-08-25T00:00:00.000Z;0.0230
2022-08-26T00:00:00.000Z;0.0360
2022-08-27T00:00:00.000Z;0.0370
2022-08-28T00:00:00.000Z;0.0230
2022-08-29T00:00:00.000Z;0.0230
2022-08-30T00:00:00.000Z;0.0360
2022-08-31T00:00:00.000Z;0.0360
2022-09-01T00:00:00.000Z;0.0380
2022-09-02T00:00:00.000Z;0.0380
2022-09-03T00:00:00.000Z;0.0250
2022-09-08T00:00:00.000Z;0.0120
2022-09-09T00:00:00.000Z;0.0130
2022-09-10T00:00:00.000Z;0.00800
2022-09-11T00:00:00.000Z;0.00600
2022-10-20T00:00:00.000Z;0.0130
2022-10-21T00:00:00.000Z;0.0350
2022-10-22T00:00:00.000Z;0.0440
2022-10-23T00:00:00.000Z;0.0500
2022-10-24T00:00:00.000Z;0.0450
2022-10-25T00:00:00.000Z;0.0350
2022-10-26T00:00:00.000Z;0.0440
2022-10-27T00:00:00.000Z;0.0430
2022-10-28T00:00:00.000Z;0.0390
2022-10-29T00:00:00.000Z;0.0400
2022-10-30T00:00:00.000Z;0.0450
2022-10-31T00:00:00.000Z;0.0540
2022-11-01T00:00:00.000Z;0.0550
2022-11-04T00:00:00.000Z;0.0300
2022-11-05T00:00:00.000Z;0.0400
2022-11-06T00:00:00.000Z;0.0370
2022-11-07T00:00:00.000Z;0.0380
2022-11-08T00:00:00.000Z;0.0350
2022-11-09T00:00:00.000Z;0.0370
2022-11-10T00:00:00.000Z;0.0500
2022-11-11T00:00:00.000Z;0.0530
2022-11-12T00:00:00.000Z;0.0480
2022-11-13T00:00:00.000Z;0.0460
2022-11-14T00:00:00.000Z;0.0440
2022-11-15T00:00:00.000Z;0.0430
2022-11-16T00:00:00.000Z;0.0470
2022-11-17T00:00:00.000Z;0.0480
2022-11-18T00:00:00.000Z;0.0540
2022-11-19T00:00:00.000Z;0.0530
2022-11-20T00:00:00.000Z;0.0530
2022-11-21T00:00:00.000Z;0.0680
2022-11-22T00:00:00.000Z;0.158
2022-11-23T00:00:00.000Z;0.240
2022-11-24T00:00:00.000Z;0.140
2022-11-25T00:00:00.000Z;0.0800
2022-11-26T00:00:00.000Z;0.0700
2022-11-27T00:00:00.000Z;0.0510
2022-11-28T00:00:00.000Z;0.0400
2022-11-29T00:00:00.000Z;0.0790
2022-11-30T00:00:00.000Z;0.127
2022-12-01T00:00:00.000Z;0.0910
2022-12-02T00:00:00.000Z;0.0750
2022-12-03T00:00:00.000Z;0.0480
2022-12-04T00:00:00.000Z;0.0320
2022-12-05T00:00:00.000Z;0.0170
2022-12-06T00:00:00.000Z;0.00900
2022-12-07T00:00:00.000Z;0.00300
2022-12-10T00:00:00.000Z;0.0910
2022-12-11T00:00:00.000Z;0.108
2022-12-12T00:00:00.000Z;0.0820
2022-12-13T00:00:00.000Z;0.0750
2022-12-14T00:00:00.000Z;0.0750
2022-12-15T00:00:00.000Z;0.0820
2022-12-16T00:00:00.000Z;0.139
2022-12-17T00:00:00.000Z;0.167
2022-12-18T00:00:00.000Z;0.118
2022-12-19T00:00:00.000Z;0.0870
2022-12-20T00:00:00.000Z;0.0760
2022-12-21T00:00:00.000Z;0.0660
2022-12-22T00:00:00.000Z;0.0420
2022-12-23T00:00:00.000Z;0.0360
2022-12-24T00:00:00.000Z;0.0290
2022-12-25T00:00:00.000Z;0.0240
2022-12-26T00:00:00.000Z;0.0150
2022-12-27T00:00:00.000Z;0.0100
2022-12-28T00:00:00.000Z;0.00800
2022-12-29T00:00:00.000Z;0.00800
2022-12-30T00:00:00.000Z;0.00700
2023-01-09T00:00:00.000Z;0.0380
2023-01-10T00:00:00.000Z;0.0740
2023-01-11T00:00:00.000Z;0.0740
2023-01-12T00:00:00.000Z;0.0590
2023-01-13T00:00:00.000Z;0.0430
2023-01-14T00:00:00.000Z;0.0380
2023-01-15T00:00:00.000Z;0.0440
2023-01-18T00:00:00.000Z;0.319
2023-01-19T00:00:00.000Z;0.211
2023-01-20T00:00:00.000Z;0.361
2023-01-21T00:00:00.000Z;0.240
2023-01-22T00:00:00.000Z;0.171
2023-01-23T00:00:00.000Z;0.129
2023-01-24T00:00:00.000Z;0.105
2023-01-25T00:00:00.000Z;0.0890
2023-01-26T00:00:00.000Z;0.0810
2023-01-27T00:00:00.000Z;0.0770
2023-01-28T00:00:00.000Z;0.0710
2023-01-29T00:00:00.000Z;0.0550
2023-01-30T00:00:00.000Z;0.0470
2023-01-31T00:00:00.000Z;0.0430
2023-02-01T00:00:00.000Z;0.0390
2023-02-02T00:00:00.000Z;0.0380
2023-02-03T00:00:00.000Z;0.0370
2023-02-04T00:00:00.000Z;0.0360
2023-02-05T00:00:00.000Z;0.0350
2023-02-06T00:00:00.000Z;0.0390
2023-02-07T00:00:00.000Z;0.0430
2023-02-08T00:00:00.000Z;0.0380
2023-02-09T00:00:00.000Z;0.0340
2023-02-10T00:00:00.000Z;0.0290
2023-02-11T00:00:00.000Z;0.0280
2023-02-12T00:00:00.000Z;0.0270
2023-02-13T00:00:00.000Z;0.0250
2023-02-14T00:00:00.000Z;0.0230
2023-02-15T00:00:00.000Z;0.0230
2023-02-16T00:00:00.000Z;0.0190
2023-02-17T00:00:00.000Z;0.0150
2023-02-18T00:00:00.000Z;0.0140
2023-02-19T00:00:00.000Z;0.0140
2023-02-20T00:00:00.000Z;0.0120
2023-02-21T00:00:00.000Z;0.0130
2023-02-22T00:00:00.000Z;0.0130
2023-02-23T00:00:00.000Z;0.0130
2023-02-24T00:00:00.000Z;0.0220
2023-02-25T00:00:00.000Z;0.0500
2023-02-26T00:00:00.000Z;0.0500
2023-02-27T00:00:00.000Z;0.0460
2023-02-28T00:00:00.000Z;0.0410
2023-03-01T00:00:00.000Z;0.0400
2023-03-02T00:00:00.000Z;0.0400
2023-03-03T00:00:00.000Z;0.0370
2023-03-04T00:00:00.000Z;0.0400
2023-03-05T00:00:00.000Z;0.0480
2023-03-06T00:00:00.000Z;0.0520
2023-03-07T00:00:00.000Z;0.0530
2023-03-08T00:00:00.000Z;0.0450
2023-03-09T00:00:00.000Z;0.0400
2023-03-10T00:00:00.000Z;0.0370
2023-03-11T00:00:00.000Z;0.0370
2023-03-12T00:00:00.000Z;0.0380
2023-03-13T00:00:00.000Z;0.0530
2023-03-14T00:00:00.000Z;0.0700
2023-03-15T00:00:00.000Z;0.0780
2023-03-16T00:00:00.000Z;0.0790
2023-03-17T00:00:00.000Z;0.0760
2023-03-18T00:00:00.000Z;0.0630
2023-03-19T00:00:00.000Z;0.0530
2023-03-20T00:00:00.000Z;0.0490
2023-03-21T00:00:00.000Z;0.0470
2023-03-22T00:00:00.000Z;0.0440
2023-03-23T00:00:00.000Z;0.0430
2023-03-24T00:00:00.000Z;0.0390
2023-03-25T00:00:00.000Z;0.0340
2023-03-26T00:00:00.000Z;0.0350
2023-03-27T00:00:00.000Z;0.0430
2023-03-28T00:00:00.000Z;0.0490
2023-03-29T00:00:00.000Z;0.0460
2023-03-30T00:00:00.000Z;0.0430
2023-03-31T00:00:00.000Z;0.0440
2023-04-01T00:00:00.000Z;0.0430
2023-04-04T00:00:00.000Z;0.231
2023-04-05T00:00:00.000Z;0.165
2023-04-06T00:00:00.000Z;0.127
2023-04-07T00:00:00.000Z;0.107
2023-04-08T00:00:00.000Z;0.0940
2023-04-09T00:00:00.000Z;0.0840
2023-04-10T00:00:00.000Z;0.0790
2023-04-11T00:00:00.000Z;0.0720
2023-04-12T00:00:00.000Z;0.0620
2023-04-13T00:00:00.000Z;0.0580
2023-04-14T00:00:00.000Z;0.0550
2023-04-15T00:00:00.000Z;0.0640
2023-04-16T00:00:00.000Z;0.0770
2023-04-17T00:00:00.000Z;0.0780
2023-04-18T00:00:00.000Z;0.0770
2023-04-19T00:00:00.000Z;0.0720
2023-04-20T00:00:00.000Z;0.0600
2023-04-21T00:00:00.000Z;0.0560
2023-04-22T00:00:00.000Z;0.0530
2023-04-23T00:00:00.000Z;0.0460
2023-04-24T00:00:00.000Z;0.0400
2023-04-25T00:00:00.000Z;0.0400
2023-04-26T00:00:00.000Z;0.0460
2023-04-27T00:00:00.000Z;0.0440
2023-04-28T00:00:00.000Z;0.0420
2023-04-29T00:00:00.000Z;0.0410
2023-04-30T00:00:00.000Z;0.0880
2023-05-01T00:00:00.000Z;0.117
2023-05-02T00:00:00.000Z;0.0900
2023-05-03T00:00:00.000Z;0.0800
2023-05-04T00:00:00.000Z;0.0740
2023-05-05T00:00:00.000Z;0.0530
2023-05-06T00:00:00.000Z;0.0460
2023-05-07T00:00:00.000Z;0.0430
2023-05-08T00:00:00.000Z;0.0550
2023-05-09T00:00:00.000Z;0.0560
2023-05-10T00:00:00.000Z;0.0770
2023-05-11T00:00:00.000Z;0.0840
2023-05-12T00:00:00.000Z;0.0810
2023-05-13T00:00:00.000Z;0.0780
2023-05-14T00:00:00.000Z;0.137
2023-05-15T00:00:00.000Z;0.387
2023-05-16T00:00:00.000Z;0.528
2023-05-17T00:00:00.000Z;0.298
2023-05-18T00:00:00.000Z;0.203
2023-05-19T00:00:00.000Z;0.153
2023-05-20T00:00:00.000Z;0.132
2023-05-21T00:00:00.000Z;0.118
2023-05-22T00:00:00.000Z;0.105
2023-05-23T00:00:00.000Z;0.0930
2023-05-27T00:00:00.000Z;0.285
2023-05-28T00:00:00.000Z;0.215
2023-05-29T00:00:00.000Z;0.173
2023-05-30T00:00:00.000Z;0.142
2023-05-31T00:00:00.000Z;0.128
2023-06-01T00:00:00.000Z;0.195
2023-06-02T00:00:00.000Z;0.180
2023-06-03T00:00:00.000Z;0.146
2023-06-04T00:00:00.000Z;0.155
2023-06-05T00:00:00.000Z;0.133
2023-06-06T00:00:00.000Z;0.118
2023-06-07T00:00:00.000Z;0.107
2023-06-08T00:00:00.000Z;0.0960
2023-06-09T00:00:00.000Z;0.0890
2023-06-10T00:00:00.000Z;0.0820
2023-06-11T00:00:00.000Z;0.0770
2023-06-12T00:00:00.000Z;0.0740
2023-06-13T00:00:00.000Z;0.143
2023-06-14T00:00:00.000Z;0.415
2023-06-15T00:00:00.000Z;0.203
2023-06-16T00:00:00.000Z;0.147
2023-06-17T00:00:00.000Z;0.119
2023-06-18T00:00:00.000Z;0.104
2023-06-19T00:00:00.000Z;0.101
2023-06-20T00:00:00.000Z;0.0990
2023-06-21T00:00:00.000Z;0.0890
2023-06-22T00:00:00.000Z;0.0860
2023-06-23T00:00:00.000Z;0.0890
2023-06-24T00:00:00.000Z;0.0850
2023-06-25T00:00:00.000Z;0.0790
2023-06-26T00:00:00.000Z;0.0750
2023-06-27T00:00:00.000Z;0.0660
2023-06-28T00:00:00.000Z;0.0550
2023-06-29T00:00:00.000Z;0.0530
2023-06-30T00:00:00.000Z;0.0770
2023-07-01T00:00:00.000Z;0.0940
2023-07-02T00:00:00.000Z;0.0800
2023-07-03T00:00:00.000Z;0.0740
2023-07-04T00:00:00.000Z;0.0640
2023-07-05T00:00:00.000Z;0.0530
2023-07-06T00:00:00.000Z;0.0490
2023-07-07T00:00:00.000Z;0.0480
2023-07-08T00:00:00.000Z;0.0460
2023-07-09T00:00:00.000Z;0.0370
2023-07-10T00:00:00.000Z;0.0340
2023-07-11T00:00:00.000Z;0.0400
2023-07-12T00:00:00.000Z;0.0260
2023-07-13T00:00:00.000Z;0.0200
2023-07-14T00:00:00.000Z;0.0180
2023-07-15T00:00:00.000Z;0.0170
2023-07-16T00:00:00.000Z;0.0110
2023-07-17T00:00:00.000Z;0.00800
2023-07-18T00:00:00.000Z;0.00500
2023-07-19T00:00:00.000Z;0.0100
2023-07-20T00:00:00.000Z;0.0100
2023-07-21T00:00:00.000Z;0.0100
2023-07-22T00:00:00.000Z;0.00700
2023-07-23T00:00:00.000Z;0.0110
2023-07-24T00:00:00.000Z;0.0140
2023-07-25T00:00:00.000Z;0.0130
2023-07-26T00:00:00.000Z;0.00900
2023-07-27T00:00:00.000Z;0.00800
2023-07-28T00:00:00.000Z;0.0190
2023-07-29T00:00:00.000Z;0.0110
2023-07-30T00:00:00.000Z;0.00700
2023-07-31T00:00:00.000Z;0.00500
2023-08-01T00:00:00.000Z;0.00300
2023-08-28T00:00:00.000Z;0.0600
2023-08-29T00:00:00.000Z;0.0370
2023-10-05T00:00:00.000Z;0.00300
2023-10-07T00:00:00.000Z;0.00600
2023-10-08T00:00:00.000Z;0.00900
2023-10-09T00:00:00.000Z;0.00900
2023-10-10T00:00:00.000Z;0.0130
2023-10-11T00:00:00.000Z;0.0190
2023-10-12T00:00:00.000Z;0.0200
2023-10-13T00:00:00.000Z;0.0190
2023-10-14T00:00:00.000Z;0.0190
2023-10-15T00:00:00.000Z;0.0360
2023-10-16T00:00:00.000Z;0.0270
2023-10-17T00:00:00.000Z;0.0120
2023-10-18T00:00:00.000Z;0.00900
2023-10-20T00:00:00.000Z;0.0270
2023-10-21T00:00:00.000Z;0.0210
2023-10-22T00:00:00.000Z;0.0140
2023-10-23T00:00:00.000Z;0.0100
2023-10-24T00:00:00.000Z;0.0230
2023-10-25T00:00:00.000Z;0.0340
2023-10-26T00:00:00.000Z;0.0230
2023-10-27T00:00:00.000Z;0.0240
2023-10-28T00:00:00.000Z;0.0210
2023-10-29T00:00:00.000Z;0.0140
2023-10-30T00:00:00.000Z;0.0130
2023-10-31T00:00:00.000Z;0.0140
2023-11-01T00:00:00.000Z;0.0120
2023-11-02T00:00:00.000Z;0.0610
2023-11-03T00:00:00.000Z;0.124
2023-11-04T00:00:00.000Z;0.0890
2023-11-05T00:00:00.000Z;0.102
2023-11-06T00:00:00.000Z;0.0920
2023-11-07T00:00:00.000Z;0.0680
2023-11-08T00:00:00.000Z;0.0760
2023-11-09T00:00:00.000Z;0.0770
2023-11-10T00:00:00.000Z;0.120
2023-11-11T00:00:00.000Z;0.133
2023-11-12T00:00:00.000Z;0.212
2023-11-13T00:00:00.000Z;0.153
2023-11-14T00:00:00.000Z;0.107
2023-11-15T00:00:00.000Z;0.0990
2023-11-16T00:00:00.000Z;0.0890
2023-11-17T00:00:00.000Z;0.0720
2023-11-18T00:00:00.000Z;0.0660
2023-11-19T00:00:00.000Z;0.0640
2023-11-20T00:00:00.000Z;0.0650
2023-11-21T00:00:00.000Z;0.116
2023-11-22T00:00:00.000Z;0.360
2023-11-23T00:00:00.000Z;0.271
2023-11-24T00:00:00.000Z;0.177
2023-11-25T00:00:00.000Z;0.141
2023-11-26T00:00:00.000Z;0.141
2023-11-27T00:00:00.000Z;0.129
2023-11-28T00:00:00.000Z;0.307
2023-11-29T00:00:00.000Z;0.249
2023-11-30T00:00:00.000Z;0.174
2023-12-01T00:00:00.000Z;0.396
2023-12-02T00:00:00.000Z;0.431
2023-12-03T00:00:00.000Z;0.300
2023-12-04T00:00:00.000Z;0.215
2023-12-05T00:00:00.000Z;0.162
2023-12-06T00:00:00.000Z;0.142
2023-12-07T00:00:00.000Z;0.127
2023-12-08T00:00:00.000Z;0.157
2023-12-09T00:00:00.000Z;0.203
2023-12-10T00:00:00.000Z;0.166
2023-12-11T00:00:00.000Z;0.142
2023-12-12T00:00:00.000Z;0.124
2023-12-13T00:00:00.000Z;0.116
2023-12-14T00:00:00.000Z;0.327
2023-12-15T00:00:00.000Z;0.241
2023-12-16T00:00:00.000Z;0.177
2023-12-17T00:00:00.000Z;0.149
2023-12-18T00:00:00.000Z;0.130
2023-12-19T00:00:00.000Z;0.116
2023-12-20T00:00:00.000Z;0.207
2023-12-21T00:00:00.000Z;0.257
2023-12-22T00:00:00.000Z;0.167
2023-12-23T00:00:00.000Z;0.134
2023-12-24T00:00:00.000Z;0.117
2023-12-25T00:00:00.000Z;0.103
2023-12-26T00:00:00.000Z;0.0920
2023-12-27T00:00:00.000Z;0.0840
2023-12-28T00:00:00.000Z;0.0800
2023-12-29T00:00:00.000Z;0.0750
2023-12-30T00:00:00.000Z;0.0700
2023-12-31T00:00:00.000Z;0.0630
2024-01-01T00:00:00.000Z;0.0560
2024-01-02T00:00:00.000Z;0.0510
2024-01-03T00:00:00.000Z;0.0500
2024-01-04T00:00:00.000Z;0.0440
2024-01-05T00:00:00.000Z;0.0630
2024-01-06T00:00:00.000Z;0.214
2024-01-07T00:00:00.000Z;0.288
2024-01-08T00:00:00.000Z;0.218
2024-01-09T00:00:00.000Z;0.166
2024-01-10T00:00:00.000Z;0.135
2024-01-11T00:00:00.000Z;0.114
2024-01-12T00:00:00.000Z;0.100
2024-01-13T00:00:00.000Z;0.0950
2024-01-14T00:00:00.000Z;0.0920
2024-01-15T00:00:00.000Z;0.0950
2024-01-16T00:00:00.000Z;0.137
2024-01-17T00:00:00.000Z;0.137
2024-01-18T00:00:00.000Z;0.119
2024-01-19T00:00:00.000Z;0.104
2024-01-20T00:00:00.000Z;0.0940
2024-01-21T00:00:00.000Z;0.0860
2024-01-22T00:00:00.000Z;0.0820
2024-01-23T00:00:00.000Z;0.0770
2024-01-24T00:00:00.000Z;0.0690
2024-01-25T00:00:00.000Z;0.0630
2024-01-26T00:00:00.000Z;0.0590
2024-01-27T00:00:00.000Z;0.0580
2024-01-28T00:00:00.000Z;0.0560
2024-01-29T00:00:00.000Z;0.0510
2024-01-30T00:00:00.000Z;0.0460
2024-01-31T00:00:00.000Z;0.0410
2024-02-01T00:00:00.000Z;0.0380
2024-02-02T00:00:00.000Z;0.0380
2024-02-03T00:00:00.000Z;0.0380
2024-02-04T00:00:00.000Z;0.0370
2024-02-05T00:00:00.000Z;0.0350
2024-02-06T00:00:00.000Z;0.0350
2024-02-07T00:00:00.000Z;0.0360
2024-02-08T00:00:00.000Z;0.0370
2024-02-09T00:00:00.000Z;0.0390
2024-02-10T00:00:00.000Z;0.0440
2024-02-11T00:00:00.000Z;0.0430
2024-02-12T00:00:00.000Z;0.0460
2024-02-13T00:00:00.000Z;0.0460
2024-02-14T00:00:00.000Z;0.0480
2024-02-15T00:00:00.000Z;0.0490
2024-02-16T00:00:00.000Z;0.253
2024-02-17T00:00:00.000Z;0.431
2024-02-18T00:00:00.000Z;0.233
2024-02-19T00:00:00.000Z;0.171
2024-02-20T00:00:00.000Z;0.140
2024-02-21T00:00:00.000Z;0.128
2024-02-22T00:00:00.000Z;0.122
2024-02-23T00:00:00.000Z;0.124
2024-02-24T00:00:00.000Z;0.117
2024-02-25T00:00:00.000Z;0.142
2024-02-26T00:00:00.000Z;0.419
2024-02-29T00:00:00.000Z;0.355
2024-03-01T00:00:00.000Z;0.253
2024-03-02T00:00:00.000Z;0.221
2024-03-03T00:00:00.000Z;0.342
2024-03-04T00:00:00.000Z;0.302
2024-03-05T00:00:00.000Z;0.247
2024-03-06T00:00:00.000Z;0.207
2024-03-07T00:00:00.000Z;0.179
2024-03-08T00:00:00.000Z;0.160
2024-03-09T00:00:00.000Z;0.145
2024-03-10T00:00:00.000Z;0.130
2024-03-11T00:00:00.000Z;0.118
2024-03-12T00:00:00.000Z;0.148
2024-03-13T00:00:00.000Z;0.145
2024-03-14T00:00:00.000Z;0.132
2024-03-15T00:00:00.000Z;0.119
2024-03-16T00:00:00.000Z;0.107
2024-03-17T00:00:00.000Z;0.100
2024-03-18T00:00:00.000Z;0.0960
2024-03-19T00:00:00.000Z;0.0910
2024-03-20T00:00:00.000Z;0.0880
2024-03-21T00:00:00.000Z;0.0850
2024-03-22T00:00:00.000Z;0.0830
2024-03-23T00:00:00.000Z;0.0790
2024-03-24T00:00:00.000Z;0.0740
2024-03-25T00:00:00.000Z;0.0740
2024-03-26T00:00:00.000Z;0.0780
2024-03-27T00:00:00.000Z;0.0850
2024-03-28T00:00:00.000Z;0.0920
2024-03-29T00:00:00.000Z;0.102
2024-03-30T00:00:00.000Z;0.128
2024-03-31T00:00:00.000Z;0.138
2024-04-01T00:00:00.000Z;0.137
2024-04-02T00:00:00.000Z;0.130
2024-04-03T00:00:00.000Z;0.116
2024-04-04T00:00:00.000Z;0.101
2024-04-05T00:00:00.000Z;0.0950
2024-04-06T00:00:00.000Z;0.0900
2024-04-07T00:00:00.000Z;0.0870
2024-04-08T00:00:00.000Z;0.0860
2024-04-09T00:00:00.000Z;0.0860
2024-04-10T00:00:00.000Z;0.0770
2024-04-11T00:00:00.000Z;0.0690
2024-04-12T00:00:00.000Z;0.0660
2024-04-13T00:00:00.000Z;0.0660
2024-04-14T00:00:00.000Z;0.0650
2024-04-15T00:00:00.000Z;0.0640
2024-04-16T00:00:00.000Z;0.0620
2024-04-17T00:00:00.000Z;0.0630
2024-04-18T00:00:00.000Z;0.0630
2024-04-19T00:00:00.000Z;0.0580
2024-04-20T00:00:00.000Z;0.0590
2024-04-21T00:00:00.000Z;0.0570
2024-04-22T00:00:00.000Z;0.0550
2024-04-23T00:00:00.000Z;0.0560
2024-04-24T00:00:00.000Z;0.0560
2024-04-25T00:00:00.000Z;0.0580
2024-04-26T00:00:00.000Z;0.0600
2024-04-27T00:00:00.000Z;0.0630
2024-04-28T00:00:00.000Z;0.0530
2024-04-29T00:00:00.000Z;0.0860
2024-04-30T00:00:00.000Z;0.254
2024-05-01T00:00:00.000Z;0.163
2024-05-02T00:00:00.000Z;0.229
2024-05-03T00:00:00.000Z;0.164
2024-05-04T00:00:00.000Z;0.124
2024-05-05T00:00:00.000Z;0.103
2024-05-06T00:00:00.000Z;0.0950
2024-05-07T00:00:00.000Z;0.102
2024-05-08T00:00:00.000Z;0.339
2024-05-09T00:00:00.000Z;0.204
2024-05-10T00:00:00.000Z;0.151
2024-05-11T00:00:00.000Z;0.124
2024-05-12T00:00:00.000Z;0.107
2024-05-13T00:00:00.000Z;0.0970
2024-05-14T00:00:00.000Z;0.137
2024-05-15T00:00:00.000Z;0.207
2024-05-16T00:00:00.000Z;0.160
2024-05-17T00:00:00.000Z;0.131
2024-05-18T00:00:00.000Z;0.112
2024-05-19T00:00:00.000Z;0.0990
2024-05-20T00:00:00.000Z;0.0950
2024-05-21T00:00:00.000Z;0.0930
2024-05-22T00:00:00.000Z;0.0870
2024-05-23T00:00:00.000Z;0.0840
2024-05-24T00:00:00.000Z;0.0810
2024-05-25T00:00:00.000Z;0.0770
2024-05-26T00:00:00.000Z;0.0720
2024-05-27T00:00:00.000Z;0.0650
2024-05-28T00:00:00.000Z;0.0650
2024-05-29T00:00:00.000Z;0.0640
2024-05-30T00:00:00.000Z;0.0630
2024-05-31T00:00:00.000Z;0.0590
2024-06-01T00:00:00.000Z;0.0570
2024-06-02T00:00:00.000Z;0.0520
2024-06-03T00:00:00.000Z;0.0510
2024-06-04T00:00:00.000Z;0.0530
2024-06-05T00:00:00.000Z;0.0490
2024-06-06T00:00:00.000Z;0.0470
2024-06-07T00:00:00.000Z;0.0450
2024-06-08T00:00:00.000Z;0.0480
2024-06-09T00:00:00.000Z;0.196
2024-06-10T00:00:00.000Z;0.184
2024-06-11T00:00:00.000Z;0.127
2024-06-12T00:00:00.000Z;0.167
2024-06-13T00:00:00.000Z;0.149
2024-06-14T00:00:00.000Z;0.113
2024-06-15T00:00:00.000Z;0.0990
2024-06-16T00:00:00.000Z;0.0960
2024-06-17T00:00:00.000Z;0.0860
2024-06-18T00:00:00.000Z;0.0770
2024-06-19T00:00:00.000Z;0.0720
2024-06-21T00:00:00.000Z;0.378
2024-06-22T00:00:00.000Z;0.210
2024-06-23T00:00:00.000Z;0.157
2024-06-24T00:00:00.000Z;0.124
2024-06-25T00:00:00.000Z;0.102
2024-06-26T00:00:00.000Z;0.0870
2024-06-27T00:00:00.000Z;0.0730
2024-06-28T00:00:00.000Z;0.0640
2024-06-29T00:00:00.000Z;0.0590
2024-06-30T00:00:00.000Z;0.0540
2024-07-01T00:00:00.000Z;0.0480
2024-07-02T00:00:00.000Z;0.0400
2024-07-03T00:00:00.000Z;0.0300
2024-07-04T00:00:00.000Z;0.0270
2024-07-05T00:00:00.000Z;0.0240
2024-07-06T00:00:00.000Z;0.0260
2024-07-07T00:00:00.000Z;0.0470
2024-07-08T00:00:00.000Z;0.0460
2024-07-09T00:00:00.000Z;0.0390
2024-07-10T00:00:00.000Z;0.0270
2024-07-11T00:00:00.000Z;0.0150
2024-07-12T00:00:00.000Z;0.0250
2024-07-13T00:00:00.000Z;0.0230
2024-07-14T00:00:00.000Z;0.0210
2024-07-15T00:00:00.000Z;0.0220
2024-07-16T00:00:00.000Z;0.0140
2024-07-21T00:00:00.000Z;0.0220
2024-07-22T00:00:00.000Z;0.0130
2024-07-24T00:00:00.000Z;0.0100
2024-07-25T00:00:00.000Z;0.00800
2024-07-26T00:00:00.000Z;0.00900
2024-07-27T00:00:00.000Z;0.00700
2024-08-15T00:00:00.000Z;0.00800
2024-08-21T00:00:00.000Z;0.0100
2024-08-23T00:00:00.000Z;0.00800
2024-08-24T00:00:00.000Z;0.0180
2024-08-25T00:00:00.000Z;0.0230
2024-08-26T00:00:00.000Z;0.0170
2024-08-27T00:00:00.000Z;0.0160
2024-08-28T00:00:00.000Z;0.0140
2024-08-29T00:00:00.000Z;0.0140
2024-08-30T00:00:00.000Z;0.0160
2024-08-31T00:00:00.000Z;0.0150
2024-09-01T00:00:00.000Z;0.0220
2024-09-02T00:00:00.000Z;0.0290
2024-09-03T00:00:00.000Z;0.0550
2024-09-04T00:00:00.000Z;0.327
2024-09-05T00:00:00.000Z;0.218
2024-09-06T00:00:00.000Z;0.119
2024-09-07T00:00:00.000Z;0.185
2024-09-08T00:00:00.000Z;0.127
2024-09-09T00:00:00.000Z;0.0950
2024-09-10T00:00:00.000Z;0.0870
2024-09-11T00:00:00.000Z;0.0780
2024-09-12T00:00:00.000Z;0.167
2024-09-13T00:00:00.000Z;0.172
2024-09-14T00:00:00.000Z;0.110
2024-09-15T00:00:00.000Z;0.0920
2024-09-16T00:00:00.000Z;0.0840
2024-09-17T00:00:00.000Z;0.0690
2024-09-18T00:00:00.000Z;0.0560
2024-09-19T00:00:00.000Z;0.0470
2024-09-20T00:00:00.000Z;0.0380
2024-09-21T00:00:00.000Z;0.0350
2024-09-22T00:00:00.000Z;0.0340
2024-09-23T00:00:00.000Z;0.0300
2024-09-24T00:00:00.000Z;0.0270
2024-09-25T00:00:00.000Z;0.0220
2024-09-26T00:00:00.000Z;0.0230
2024-09-27T00:00:00.000Z;0.0250
2024-09-28T00:00:00.000Z;0.0320
2024-09-29T00:00:00.000Z;0.0290
2024-09-30T00:00:00.000Z;0.0290
2024-10-01T00:00:00.000Z;0.0290
2024-10-02T00:00:00.000Z;0.0460
2024-10-03T00:00:00.000Z;0.225
2024-10-04T00:00:00.000Z;0.138
2024-10-05T00:00:00.000Z;0.109
2024-10-06T00:00:00.000Z;0.0970
2024-10-07T00:00:00.000Z;0.0740
2024-10-08T00:00:00.000Z;0.0610
2024-10-09T00:00:00.000Z;0.0580
2024-10-10T00:00:00.000Z;0.0900
2024-10-11T00:00:00.000Z;0.0770
2024-10-12T00:00:00.000Z;0.0750
2024-10-13T00:00:00.000Z;0.0680
2024-10-14T00:00:00.000Z;0.0590
2024-10-15T00:00:00.000Z;0.0560
2024-10-16T00:00:00.000Z;0.0580
2024-10-19T00:00:00.000Z;0.348
2024-10-20T00:00:00.000Z;0.233
2024-10-21T00:00:00.000Z;0.173
2024-10-22T00:00:00.000Z;0.143
2024-10-23T00:00:00.000Z;0.139
2024-10-24T00:00:00.000Z;0.137
2024-10-25T00:00:00.000Z;0.131
2024-10-26T00:00:00.000Z;0.346
2024-10-27T00:00:00.000Z;0.418
2024-10-28T00:00:00.000Z;0.250
2024-10-29T00:00:00.000Z;0.189
2024-10-30T00:00:00.000Z;0.154
2024-10-31T00:00:00.000Z;0.131
2024-11-01T00:00:00.000Z;0.112
2024-11-02T00:00:00.000Z;0.101
2024-11-03T00:00:00.000Z;0.0920
2024-11-04T00:00:00.000Z;0.0870
2024-11-05T00:00:00.000Z;0.0800
2024-11-06T00:00:00.000Z;0.0690
2024-11-07T00:00:00.000Z;0.0580
2024-11-08T00:00:00.000Z;0.0560
2024-11-09T00:00:00.000Z;0.0550
2024-11-10T00:00:00.000Z;0.0530
2024-11-11T00:00:00.000Z;0.0550
2024-11-12T00:00:00.000Z;0.0650
2024-11-13T00:00:00.000Z;0.0680
2024-11-14T00:00:00.000Z;0.0690
2024-11-15T00:00:00.000Z;0.0720
2024-11-16T00:00:00.000Z;0.0760
2024-11-17T00:00:00.000Z;0.0820
2024-11-18T00:00:00.000Z;0.0910
2024-11-19T00:00:00.000Z;0.0950
2024-11-20T00:00:00.000Z;0.145
2024-11-21T00:00:00.000Z;0.358
2024-11-22T00:00:00.000Z;0.341
2024-11-23T00:00:00.000Z;0.228
2024-11-24T00:00:00.000Z;0.169
2024-11-25T00:00:00.000Z;0.151
2024-11-26T00:00:00.000Z;0.170
2024-11-27T00:00:00.000Z;0.161
2024-11-28T00:00:00.000Z;0.145
2024-11-29T00:00:00.000Z;0.131
2024-11-30T00:00:00.000Z;0.119
2024-12-01T00:00:00.000Z;0.112
2024-12-02T00:00:00.000Z;0.115
2024-12-03T00:00:00.000Z;0.258
2024-12-04T00:00:00.000Z;0.229
2024-12-05T00:00:00.000Z;0.197
2024-12-06T00:00:00.000Z;0.186
2024-12-11T00:00:00.000Z;0.409
2024-12-12T00:00:00.000Z;0.306
2024-12-13T00:00:00.000Z;0.265
2024-12-14T00:00:00.000Z;0.241
2024-12-15T00:00:00.000Z;0.255
2024-12-16T00:00:00.000Z;0.230
2024-12-17T00:00:00.000Z;0.202
2024-12-18T00:00:00.000Z;0.182
2024-12-19T00:00:00.000Z;0.176
2024-12-20T00:00:00.000Z;0.250
2024-12-21T00:00:00.000Z;0.235
2024-12-22T00:00:00.000Z;0.211
2024-12-23T00:00:00.000Z;0.512
2024-12-24T00:00:00.000Z;0.317
2024-12-25T00:00:00.000Z;0.253
2024-12-26T00:00:00.000Z;0.219
2024-12-27T00:00:00.000Z;0.190
2024-12-28T00:00:00.000Z;0.169
2024-12-29T00:00:00.000Z;0.153
2024-12-30T00:00:00.000Z;0.141
2024-12-31T00:00:00.000Z;0.130
2025-01-01T00:00:00.000Z;0.122
2025-01-02T00:00:00.000Z;0.116
2025-01-03T00:00:00.000Z;0.110
2025-01-04T00:00:00.000Z;0.112
2025-01-05T00:00:00.000Z;0.131
2025-01-06T00:00:00.000Z;0.134
2025-01-07T00:00:00.000Z;0.199
2025-01-08T00:00:00.000Z;0.173
2025-01-09T00:00:00.000Z;0.148
2025-01-10T00:00:00.000Z;0.129
2025-01-12T00:00:00.000Z;0.373
2025-01-13T00:00:00.000Z;0.263
2025-01-14T00:00:00.000Z;0.218
2025-01-15T00:00:00.000Z;0.183
2025-01-16T00:00:00.000Z;0.161
2025-01-17T00:00:00.000Z;0.143
2025-01-18T00:00:00.000Z;0.133
2025-01-19T00:00:00.000Z;0.125
2025-01-20T00:00:00.000Z;0.117
2025-01-21T00:00:00.000Z;0.107
2025-01-22T00:00:00.000Z;0.103
2025-01-23T00:00:00.000Z;0.100
2025-01-24T00:00:00.000Z;0.0930
2025-01-25T00:00:00.000Z;0.0910
2025-01-26T00:00:00.000Z;0.0900
2025-01-27T00:00:00.000Z;0.0900
2025-01-28T00:00:00.000Z;0.0950
2025-01-29T00:00:00.000Z;0.113
2025-01-30T00:00:00.000Z;0.131
2025-01-31T00:00:00.000Z;0.413
2025-02-01T00:00:00.000Z;0.264
2025-02-02T00:00:00.000Z;0.207
2025-02-03T00:00:00.000Z;0.168
2025-02-04T00:00:00.000Z;0.147
2025-02-05T00:00:00.000Z;0.128
2025-02-06T00:00:00.000Z;0.119
2025-02-07T00:00:00.000Z;0.117
2025-02-08T00:00:00.000Z;0.122
2025-02-09T00:00:00.000Z;0.137
2025-02-10T00:00:00.000Z;0.213
2025-02-11T00:00:00.000Z;0.182
2025-02-12T00:00:00.000Z;0.168
2025-02-13T00:00:00.000Z;0.335
2025-02-14T00:00:00.000Z;0.236
2025-02-15T00:00:00.000Z;0.194
2025-02-16T00:00:00.000Z;0.169
2025-02-17T00:00:00.000Z;0.147
2025-02-18T00:00:00.000Z;0.136
2025-02-19T00:00:00.000Z;0.124
2025-02-20T00:00:00.000Z;0.112
2025-02-21T00:00:00.000Z;0.105
2025-02-22T00:00:00.000Z;0.102
2025-02-23T00:00:00.000Z;0.0990
2025-02-24T00:00:00.000Z;0.105
2025-02-25T00:00:00.000Z;0.105
2025-02-26T00:00:00.000Z;0.100
2025-02-27T00:00:00.000Z;0.0980
2025-02-28T00:00:00.000Z;0.0940
2025-03-01T00:00:00.000Z;0.0920
2025-03-02T00:00:00.000Z;0.0890
2025-03-03T00:00:00.000Z;0.0860
2025-03-04T00:00:00.000Z;0.0830
2025-03-05T00:00:00.000Z;0.0800
2025-03-06T00:00:00.000Z;0.0760
2025-03-07T00:00:00.000Z;0.0750
2025-03-08T00:00:00.000Z;0.0730
2025-03-09T00:00:00.000Z;0.0740
2025-03-10T00:00:00.000Z;0.0690
2025-03-11T00:00:00.000Z;0.0680
2025-03-12T00:00:00.000Z;0.0740
2025-03-13T00:00:00.000Z;0.0860
2025-03-14T00:00:00.000Z;0.194
2025-03-15T00:00:00.000Z;0.228
2025-03-16T00:00:00.000Z;0.165
2025-03-17T00:00:00.000Z;0.136
2025-03-18T00:00:00.000Z;0.123
2025-03-19T00:00:00.000Z;0.110
2025-03-20T00:00:00.000Z;0.103
2025-03-21T00:00:00.000Z;0.0990
2025-03-22T00:00:00.000Z;0.0960
2025-03-23T00:00:00.000Z;0.118
2025-03-24T00:00:00.000Z;0.205
2025-03-25T00:00:00.000Z;0.387
2025-03-26T00:00:00.000Z;0.294
2025-03-27T00:00:00.000Z;0.264
2025-03-28T00:00:00.000Z;0.208
2025-03-29T00:00:00.000Z;0.214
2025-03-30T00:00:00.000Z;0.242
2025-03-31T00:00:00.000Z;0.200
2025-04-01T00:00:00.000Z;0.174
2025-04-02T00:00:00.000Z;0.154
2025-04-03T00:00:00.000Z;0.132
2025-04-04T00:00:00.000Z;0.119
2025-04-05T00:00:00.000Z;0.111
2025-04-06T00:00:00.000Z;0.101
2025-04-07T00:00:00.000Z;0.0940
2025-04-08T00:00:00.000Z;0.0880
2025-04-09T00:00:00.000Z;0.0830
2025-04-10T00:00:00.000Z;0.0800
2025-04-11T00:00:00.000Z;0.0770
2025-04-12T00:00:00.000Z;0.0740
2025-04-13T00:00:00.000Z;0.0720
2025-04-14T00:00:00.000Z;0.0720
2025-04-15T00:00:00.000Z;0.114
2025-04-17T00:00:00.000Z;0.385
2025-04-18T00:00:00.000Z;0.246
2025-04-19T00:00:00.000Z;0.195
2025-04-20T00:00:00.000Z;0.158
2025-04-21T00:00:00.000Z;0.136
2025-04-22T00:00:00.000Z;0.131
2025-04-23T00:00:00.000Z;0.202
2025-04-24T00:00:00.000Z;0.178
2025-04-25T00:00:00.000Z;0.151
2025-04-26T00:00:00.000Z;0.136
2025-04-27T00:00:00.000Z;0.196
2025-04-28T00:00:00.000Z;0.196
2025-04-29T00:00:00.000Z;0.171
2025-04-30T00:00:00.000Z;0.150
2025-05-01T00:00:00.000Z;0.130
2025-05-02T00:00:00.000Z;0.115
2025-05-03T00:00:00.000Z;0.101
2025-05-04T00:00:00.000Z;0.138
2025-05-05T00:00:00.000Z;0.360
2025-05-06T00:00:00.000Z;0.265
2025-05-07T00:00:00.000Z;0.217
2025-05-08T00:00:00.000Z;0.176
2025-05-09T00:00:00.000Z;0.146
2025-05-10T00:00:00.000Z;0.127
2025-05-11T00:00:00.000Z;0.115
2025-05-12T00:00:00.000Z;0.113
2025-05-13T00:00:00.000Z;0.107
2025-05-14T00:00:00.000Z;0.0960
2025-05-15T00:00:00.000Z;0.0890
2025-05-16T00:00:00.000Z;0.0820
2025-05-17T00:00:00.000Z;0.0780
2025-05-18T00:00:00.000Z;0.0740
2025-05-19T00:00:00.000Z;0.0760
2025-05-20T00:00:00.000Z;0.257
2025-05-21T00:00:00.000Z;0.172
2025-05-22T00:00:00.000Z;0.127
2025-05-23T00:00:00.000Z;0.110
2025-05-24T00:00:00.000Z;0.0960
2025-05-25T00:00:00.000Z;0.0870
2025-05-26T00:00:00.000Z;0.0790
2025-05-27T00:00:00.000Z;0.0740
2025-05-28T00:00:00.000Z;0.0700
2025-05-29T00:00:00.000Z;0.0650
2025-05-30T00:00:00.000Z;0.0560
2025-05-31T00:00:00.000Z;0.0510
2025-06-01T00:00:00.000Z;0.0480
2025-06-02T00:00:00.000Z;0.0530
2025-06-03T00:00:00.000Z;0.0690
2025-06-04T00:00:00.000Z;0.244
2025-06-05T00:00:00.000Z;0.169
2025-06-06T00:00:00.000Z;0.112
2025-06-07T00:00:00.000Z;0.0920
2025-06-08T00:00:00.000Z;0.0810
2025-06-09T00:00:00.000Z;0.0750
2025-06-10T00:00:00.000Z;0.0710
2025-06-11T00:00:00.000Z;0.0670
2025-06-12T00:00:00.000Z;0.0580
2025-06-13T00:00:00.000Z;0.0500
2025-06-14T00:00:00.000Z;0.0490
2025-06-15T00:00:00.000Z;0.0450
2025-06-16T00:00:00.000Z;0.0410
2025-06-17T00:00:00.000Z;0.0380
2025-06-18T00:00:00.000Z;0.0360
2025-06-19T00:00:00.000Z;0.0350
2025-06-20T00:00:00.000Z;0.0300
2025-06-21T00:00:00.000Z;0.0300
2025-06-22T00:00:00.000Z;0.0320
2025-06-23T00:00:00.000Z;0.0280
2025-06-24T00:00:00.000Z;0.0260
2025-06-25T00:00:00.000Z;0.0270
2025-06-26T00:00:00.000Z;0.0290
2025-06-27T00:00:00.000Z;0.0250
2025-06-28T00:00:00.000Z;0.0150
2025-06-29T00:00:00.000Z;0.0200
2025-07-01T00:00:00.000Z;0.0160
2025-07-02T00:00:00.000Z;0.0180
2025-07-03T00:00:00.000Z;0.0210
2025-07-04T00:00:00.000Z;0.0190
2025-07-05T00:00:00.000Z;0.0220
2025-07-06T00:00:00.000Z;0.0250
2025-07-07T00:00:00.000Z;0.0270
2025-07-08T00:00:00.000Z;0.0360
2025-07-09T00:00:00.000Z;0.0390
2025-07-10T00:00:00.000Z;0.0270
2025-07-11T00:00:00.000Z;0.0270
2025-07-12T00:00:00.000Z;0.0270
2025-07-13T00:00:00.000Z;0.0300
2025-07-14T00:00:00.000Z;0.0510
2025-07-15T00:00:00.000Z;0.0380
2025-07-16T00:00:00.000Z;0.0340
2025-07-17T00:00:00.000Z;0.0330
2025-07-18T00:00:00.000Z;0.0330
2025-07-19T00:00:00.000Z;0.0370
2025-07-20T00:00:00.000Z;0.0410
2025-07-21T00:00:00.000Z;0.0430
2025-07-22T00:00:00.000Z;0.0390
2025-07-23T00:00:00.000Z;0.0400
2025-07-24T00:00:00.000Z;0.0420
2025-07-25T00:00:00.000Z;0.0420
2025-07-26T00:00:00.000Z;0.0410
2025-08-21T00:00:00.000Z;0.0120
2025-08-22T00:00:00.000Z;0.0270
2025-08-23T00:00:00.000Z;0.0110
2025-08-27T00:00:00.000Z;0.00400
2025-08-28T00:00:00.000Z;0.0350
2025-08-29T00:00:00.000Z;0.0440
2025-08-30T00:00:00.000Z;0.0210
2025-08-31T00:00:00.000Z;0.0370
2025-09-01T00:00:00.000Z;0.0570
2025-09-02T00:00:00.000Z;0.0540
2025-09-03T00:00:00.000Z;0.0300
2025-09-04T00:00:00.000Z;0.0190
2025-09-05T00:00:00.000Z;0.0130
2025-09-06T00:00:00.000Z;0.0140
2025-09-07T00:00:00.000Z;0.0120
2025-09-08T00:00:00.000Z;0.0140
2025-09-09T00:00:00.000Z;0.160
2025-09-10T00:00:00.000Z;0.0900
2025-09-11T00:00:00.000Z;0.0710
2025-09-12T00:00:00.000Z;0.0600
2025-09-13T00:00:00.000Z;0.0320
2025-09-14T00:00:00.000Z;0.0230
2025-09-15T00:00:00.000Z;0.0220
2025-09-16T00:00:00.000Z;0.0450
2025-09-17T00:00:00.000Z;0.0450
2025-09-18T00:00:00.000Z;0.0380
2025-09-19T00:00:00.000Z;0.0340
2025-09-20T00:00:00.000Z;0.0320
2025-09-21T00:00:00.000Z;0.0610
2025-09-22T00:00:00.000Z;0.137
2025-09-23T00:00:00.000Z;0.175
2025-09-24T00:00:00.000Z;0.110
2025-09-25T00:00:00.000Z;0.0720
2025-09-26T00:00:00.000Z;0.0610
2025-09-27T00:00:00.000Z;0.0380
2025-09-28T00:00:00.000Z;0.0240
2025-09-29T00:00:00.000Z;0.0160
2025-09-30T00:00:00.000Z;0.00800
2025-10-01T00:00:00.000Z;0.00300
2025-10-05T00:00:00.000Z;0.00800
2025-10-23T00:00:00.000Z;0.0390
2025-10-24T00:00:00.000Z;0.0520
2025-10-25T00:00:00.000Z;0.0610
2025-10-26T00:00:00.000Z;0.0700
2025-10-27T00:00:00.000Z;0.0710
2025-10-28T00:00:00.000Z;0.0720
2025-10-29T00:00:00.000Z;0.0730
2025-10-30T00:00:00.000Z;0.0750
2025-10-31T00:00:00.000Z;0.0740
2025-11-01T00:00:00.000Z;0.0740
2025-11-02T00:00:00.000Z;0.0780
2025-11-03T00:00:00.000Z;0.0780
2025-11-04T00:00:00.000Z;0.0790
2025-11-05T00:00:00.000Z;0.0780
2025-11-06T00:00:00.000Z;0.102
2025-11-07T00:00:00.000Z;0.108
2025-11-08T00:00:00.000Z;0.307
2025-11-09T00:00:00.000Z;0.243
2025-11-10T00:00:00.000Z;0.121
2025-11-11T00:00:00.000Z;0.0830
2025-11-12T00:00:00.000Z;0.0730
2025-11-13T00:00:00.000Z;0.0620
2025-11-14T00:00:00.000Z;0.0460
2025-11-15T00:00:00.000Z;0.0450
2025-11-16T00:00:00.000Z;0.0390
2025-11-17T00:00:00.000Z;0.0320
2025-11-18T00:00:00.000Z;0.0360
2025-11-19T00:00:00.000Z;0.0420
2025-11-20T00:00:00.000Z;0.0450
2025-11-21T00:00:00.000Z;0.0580
2025-11-22T00:00:00.000Z;0.0690
2025-11-23T00:00:00.000Z;0.115
2025-11-24T00:00:00.000Z;0.154
2025-11-25T00:00:00.000Z;0.259
2025-11-26T00:00:00.000Z;0.239
2025-11-27T00:00:00.000Z;0.149
2025-11-28T00:00:00.000Z;0.104
2025-11-29T00:00:00.000Z;0.0810
2025-11-30T00:00:00.000Z;0.0700
2025-12-01T00:00:00.000Z;0.0620
2025-12-02T00:00:00.000Z;0.0570
2025-12-03T00:00:00.000Z;0.0480
2025-12-04T00:00:00.000Z;0.0480
2025-12-05T00:00:00.000Z;0.0740
2025-12-06T00:00:00.000Z;0.121
2025-12-07T00:00:00.000Z;0.0950
2025-12-08T00:00:00.000Z;0.0810
2025-12-09T00:00:00.000Z;0.0730
2025-12-10T00:00:00.000Z;0.0650
2025-12-11T00:00:00.000Z;0.0380
2025-12-12T00:00:00.000Z;0.0270
2025-12-13T00:00:00.000Z;0.0190
2025-12-14T00:00:00.000Z;0.0150
2025-12-15T00:00:00.000Z;0.0150
2025-12-16T00:00:00.000Z;0.0140
2025-12-17T00:00:00.000Z;0.00600
2025-12-19T00:00:00.000Z;0.00200
2025-12-25T00:00:00.000Z;0.00500
2025-12-26T00:00:00.000Z;0.0130
2025-12-27T00:00:00.000Z;0.0160
2025-12-28T00:00:00.000Z;0.0160
2025-12-29T00:00:00.000Z;0.0150
2025-12-30T00:00:00.000Z;0.0130
2025-12-31T00:00:00.000Z;0.0120
2026-01-01T00:00:00.000Z;0.0120
2026-01-02T00:00:00.000Z;0.0110
2026-01-03T00:00:00.000Z;0.0100
2026-01-04T00:00:00.000Z;0.0100
2026-01-05T00:00:00.000Z;0.0130
2026-01-06T00:00:00.000Z;0.0140
2026-01-07T00:00:00.000Z;0.0140
2026-01-08T00:00:00.000Z;0.0260
2026-01-09T00:00:00.000Z;0.0720
2026-01-10T00:00:00.000Z;0.448
2026-01-11T00:00:00.000Z;0.311
2026-01-12T00:00:00.000Z;0.203
2026-01-13T00:00:00.000Z;0.165
2026-01-14T00:00:00.000Z;0.114
2026-01-15T00:00:00.000Z;0.0880
2026-01-16T00:00:00.000Z;0.0740
2026-01-17T00:00:00.000Z;0.0640
2026-01-18T00:00:00.000Z;0.0600
2026-01-19T00:00:00.000Z;0.0550
2026-01-20T00:00:00.000Z;0.172
2026-01-21T00:00:00.000Z;0.202
2026-01-22T00:00:00.000Z;0.138
2026-01-23T00:00:00.000Z;0.117
2026-01-24T00:00:00.000Z;0.138
2026-01-25T00:00:00.000Z;0.357
2026-01-29T00:00:00.000Z;0.239
2026-01-30T00:00:00.000Z;0.181
2026-01-31T00:00:00.000Z;0.240
2026-02-01T00:00:00.000Z;0.411
2026-02-02T00:00:00.000Z;0.245
2026-02-03T00:00:00.000Z;0.195
2026-02-04T00:00:00.000Z;0.163
2026-02-05T00:00:00.000Z;0.135
2026-02-06T00:00:00.000Z;0.111
2026-02-07T00:00:00.000Z;0.0930
2026-02-08T00:00:00.000Z;0.0840
2026-02-09T00:00:00.000Z;0.0790
2026-02-12T00:00:00.000Z;0.485
2026-02-13T00:00:00.000Z;0.308
2026-02-18T00:00:00.000Z;0.386
2026-02-19T00:00:00.000Z;0.353
2026-02-20T00:00:00.000Z;0.272
2026-02-21T00:00:00.000Z;0.232
2026-02-22T00:00:00.000Z;0.206
2026-02-23T00:00:00.000Z;0.179
2026-02-24T00:00:00.000Z;0.154
2026-02-25T00:00:00.000Z;0.134
2026-02-26T00:00:00.000Z;0.116
2026-02-27T00:00:00.000Z;0.105
2026-02-28T00:00:00.000Z;0.0970
2026-03-01T00:00:00.000Z;0.0870
2026-03-02T00:00:00.000Z;0.0850
2026-03-03T00:00:00.000Z;0.0830
2026-03-04T00:00:00.000Z;0.0780
2026-03-05T00:00:00.000Z;0.0760
2026-03-06T00:00:00.000Z;0.0750
2026-03-07T00:00:00.000Z;0.0900
2026-03-08T00:00:00.000Z;0.262
2026-03-09T00:00:00.000Z;0.225
2026-03-10T00:00:00.000Z;0.191
2026-03-11T00:00:00.000Z;0.151
2026-03-12T00:00:00.000Z;0.129
2026-03-13T00:00:00.000Z;0.124
2026-03-14T00:00:00.000Z;0.247
2026-03-15T00:00:00.000Z;0.264
2026-03-16T00:00:00.000Z;0.198
2026-03-17T00:00:00.000Z;0.165
2026-03-18T00:00:00.000Z;0.142
2026-03-19T00:00:00.000Z;0.123
2026-03-20T00:00:00.000Z;0.107
2026-03-21T00:00:00.000Z;0.0980
2026-03-22T00:00:00.000Z;0.0910
2026-03-23T00:00:00.000Z;0.0850
2026-03-24T00:00:00.000Z;0.0780
2026-03-25T00:00:00.000Z;0.0740
2026-03-26T00:00:00.000Z;0.0730
2026-03-27T00:00:00.000Z;0.0680
2026-03-28T00:00:00.000Z;0.0640
2026-03-29T00:00:00.000Z;0.0630
2026-03-30T00:00:00.000Z;0.0620
2026-03-31T00:00:00.000Z;0.0610
2026-04-01T00:00:00.000Z;0.102
2026-04-02T00:00:00.000Z;0.270
2026-04-03T00:00:00.000Z;0.260
2026-04-04T00:00:00.000Z;0.204
2026-04-05T00:00:00.000Z;0.153
2026-04-06T00:00:00.000Z;0.125
2026-04-07T00:00:00.000Z;0.113
2026-04-08T00:00:00.000Z;0.104
2026-04-09T00:00:00.000Z;0.100
2026-04-10T00:00:00.000Z;0.101
2026-04-11T00:00:00.000Z;0.100
2026-04-12T00:00:00.000Z;0.0990
2026-04-13T00:00:00.000Z;0.171
2026-04-14T00:00:00.000Z;0.146
2026-04-15T00:00:00.000Z;0.120
2026-04-16T00:00:00.000Z;0.0980
2026-04-17T00:00:00.000Z;0.0920
2026-04-18T00:00:00.000Z;0.0860
2026-04-19T00:00:00.000Z;0.0820
2026-04-20T00:00:00.000Z;0.0800
2026-04-21T00:00:00.000Z;0.0770
2026-04-22T00:00:00.000Z;0.0730
2026-04-23T00:00:00.000Z;0.0750
2026-04-24T00:00:00.000Z;0.0730
2026-04-25T00:00:00.000Z;0.0630
2026-04-26T00:00:00.000Z;0.0580
2026-04-27T00:00:00.000Z;0.0630
2026-04-28T00:00:00.000Z;0.144
2026-04-29T00:00:00.000Z;0.130
2026-04-30T00:00:00.000Z;0.113
2026-05-01T00:00:00.000Z;0.0990
2026-05-02T00:00:00.000Z;0.0950
2026-05-03T00:00:00.000Z;0.0900
2026-05-04T00:00:00.000Z;0.0880
2026-05-05T00:00:00.000Z;0.0850
2026-05-06T00:00:00.000Z;0.0830
2026-05-07T00:00:00.000Z;0.0810
2026-05-08T00:00:00.000Z;0.0770
2026-05-09T00:00:00.000Z;0.0690
2026-05-10T00:00:00.000Z;0.0620
2026-05-11T00:00:00.000Z;0.0560
2026-05-12T00:00:00.000Z;0.0520
2026-05-13T00:00:00.000Z;0.0540
2026-05-14T00:00:00.000Z;0.0520
2026-05-15T00:00:00.000Z;0.0580
2026-05-16T00:00:00.000Z;0.0580
2026-05-17T00:00:00.000Z;0.0700
2026-05-18T00:00:00.000Z;0.285
2026-05-19T00:00:00.000Z;0.160
2026-05-20T00:00:00.000Z;0.102
2026-05-21T00:00:00.000Z;0.0810
2026-05-22T00:00:00.000Z;0.0720
2026-05-23T00:00:00.000Z;0.0660
2026-05-24T00:00:00.000Z;0.0590
2026-05-25T00:00:00.000Z;0.0450
2026-05-26T00:00:00.000Z;0.0340
2026-05-27T00:00:00.000Z;0.0150
2026-05-28T00:00:00.000Z;0.00400
2026-06-04T00:00:00.000Z;0.00200
2026-06-14T00:00:00.000Z;0.00200
2026-06-15T00:00:00.000Z;0.00400
2026-06-16T00:00:00.000Z;0.00600
2026-06-17T00:00:00.000Z;0.00800
2026-06-18T00:00:00.000Z;0.0100
2026-06-19T00:00:00.000Z;0.0120
2026-06-20T00:00:00.000Z;0.0120
2026-06-21T00:00:00.000Z;0.0110
2026-06-22T00:00:00.000Z;0.0100
2026-06-23T00:00:00.000Z;0.0100
2026-06-24T00:00:00.000Z;0.00900
2026-06-25T00:00:00.000Z;0.00800
2026-06-26T00:00:00.000Z;0.00700
2026-06-27T00:00:00.000Z;0.00700
2026-06-28T00:00:00.000Z;0.00900
2026-06-29T00:00:00.000Z;0.0130
2026-06-30T00:00:00.000Z;0.0110
2026-07-01T00:00:00.000Z;0.0140
2026-07-02T00:00:00.000Z;0.0110
2026-07-03T00:00:00.000Z;0.0100
2026-07-04T00:00:00.000Z;0.0100
2026-07-05T00:00:00.000Z;0.0100
2026-07-06T00:00:00.000Z;0.0100
2026-07-07T00:00:00.000Z;0.0100
2026-07-08T00:00:00.000Z;0.0100
2026-07-09T00:00:00.000Z;0.0120
2026-07-10T00:00:00.000Z;0.0130
2026-07-11T00:00:00.000Z;0.0110
2026-07-12T00:00:00.000Z;0.0120
2026-07-13T00:00:00.000Z;0.0140
2026-07-14T00:00:00.000Z;0.0120
2026-07-15T00:00:00.000Z;0.0120
2026-07-16T00:00:00.000Z;0.0110
2026-07-17T00:00:00.000Z;0.0110
2026-07-18T00:00:00.000Z;0.0110
2026-07-19T00:00:00.000Z;0.0110
2026-07-20T00:00:00.000Z;0.0100
2026-07-21T00:00:00.000Z;0.0100
2026-07-22T00:00:00.000Z;0.00900
2026-07-23T00:00:00.000Z;0.0100
2026-07-24T00:00:00.000Z;0.0100
2026-07-25T00:00:00.000Z;0.0150
2026-07-26T00:00:00.000Z;0.0140
2026-07-27T00:00:00.000Z;0.0130
2026-07-28T00:00:00.000Z;0.0120
2026-07-29T00:00:00.000Z;0.0110
2026-07-30T00:00:00.000Z;0.0100
2026-07-31T00:00:00.000Z;0.0120
2026-08-01T00:00:00.000Z;0.0120
2026-08-02T00:00:00.000Z;0.0120
2026-08-03T00:00:00.000Z;0.0150
2026-08-04T00:00:00.000Z;0.0150
2026-08-05T00:00:00.000Z;0.0160
2026-08-06T00:00:00.000Z;0.0160
2026-08-07T00:00:00.000Z;0.0170
2026-08-08T00:00:00.000Z;0.0190
2026-08-09T00:00:00.000Z;0.0220
2026-08-10T00:00:00.000Z;0.0230
2026-08-11T00:00:00.000Z;0.0230
2026-08-12T00:00:00.000Z;0.0220
2026-08-13T00:00:00.000Z;0.0200
2026-08-14T00:00:00.000Z;0.0190
2026-08-15T00:00:00.000Z;0.0230
2026-08-16T00:00:00.000Z;0.0270
2026-08-17T00:00:00.000Z;0.0250
2026-08-18T00:00:00.000Z;0.0240
2026-08-19T00:00:00.000Z;0.0210
2026-08-20T00:00:00.000Z;0.0250
2026-08-21T00:00:00.000Z;0.0530
2026-08-22T00:00:00.000Z;0.0440
2026-08-23T00:00:00.000Z;0.0370
2026-08-24T00:00:00.000Z;0.0300
2026-08-25T00:00:00.000Z;0.0290