Region;Hellenides
Country;Greece
#;4
Spring Name/Station Name;Stymfalia
Literature;No
Lat;22.473
Lon;37.868
Elev (m);620
Recharge Area (km2);
Start Date;7.12.2016
End Date;30.09.2024
Resolution;Daily
Data Source;Eleni Zagana
Data License;CC BY 4.0
Contact For License;Eleni Zagana
Spring ID;HEL_04_GR
Date;Discharge (m3/s)
7.12.2016;0,385945114
8.12.2016;0,386559778
9.12.2016;0,381037092
10.12.2016;0,379812681
11.12.2016;0,371879535
12.12.2016;0,370663005
13.12.2016;0,370055143
14.12.2016;0,370663005
15.12.2016;0,370663005
16.12.2016;0,371879535
17.12.2016;0,370663005
18.12.2016;0,370663005
19.12.2016;0,370055139
20.12.2016;0,370663005
21.12.2016;0,362781561
22.12.2016;0,358556521
23.12.2016;0,356749858
24.12.2016;0,355546778
25.12.2016;0,356148182
26.12.2016;0,356148182
27.12.2016;0,356749859
28.12.2016;0,356749859
29.12.2016;0,350745412
30.12.2016;0,350745412
31.12.2016;0,3441724
1.01.2017;0,348949443
2.01.2017;0,350146479
3.01.2017;0,350745412
4.01.2017;0,347753514
5.01.2017;0,359159286
6.01.2017;0,38840531
7.01.2017;0,415107811
8.01.2017;0,410729535
9.01.2017;0,414481608
10.01.2017;0,41385565
11.01.2017;0,42642097
12.01.2017;0,448000554
13.01.2017;0,445447762
14.01.2017;0,446723696
15.01.2017;0,465327537
16.01.2017;0,478267776
17.01.2017;0,477618674
18.01.2017;0,47826778
19.01.2017;0,4984975
20.01.2017;0,47632112
21.01.2017;0,476969787
22.01.2017;0,47502444
23.01.2017;0,478267778
24.01.2017;0,491295561
25.01.2017;0,495220693
26.01.2017;0,493911461
27.01.2017;0,490642121
28.01.2017;0,492603084
29.01.2017;0,491295561
30.01.2017;0,491295561
31.01.2017;0,492603084
1.02.2017;0,480866391
2.02.2017;0,471139687
3.02.2017;0,449278334
4.02.2017;0,446723696
5.02.2017;0,473728625
6.02.2017;0,520918755
7.02.2017;0,55230009
8.02.2017;0,550955801
9.02.2017;0,520255896
10.02.2017;0,510997391
11.02.2017;0,502436639
12.02.2017;0,497186136
13.02.2017;0,491949215
14.02.2017;0,483468489
15.02.2017;0,47826778
16.02.2017;0,477618674
17.02.2017;0,481516589
18.02.2017;0,480866391
19.02.2017;0,483468489
20.02.2017;0,495220693
21.02.2017;0,504409056
22.02.2017;0,495220693
23.02.2017;0,491949215
24.02.2017;0,502436639
25.02.2017;0,50770061
26.02.2017;0,509018698
27.02.2017;0,522908573
28.02.2017;0,524236133
1.03.2017;0,533551705
2.03.2017;0,539561058
3.03.2017;0,536220534
4.03.2017;0,527558579
5.03.2017;0,524900216
6.03.2017;0,532218492
7.03.2017;0,536220534
8.03.2017;0,532884998
9.03.2017;0,546256967
10.03.2017;0,630163922
11.03.2017;0,636410611
12.03.2017;0,928056513
13.03.2017;0,559033151
14.03.2017;0,537556147
15.03.2017;0,549612299
16.03.2017;0,545586487
17.03.2017;0,550283951
18.03.2017;0,557684981
19.03.2017;0,565785471
20.03.2017;0,552972515
21.03.2017;0,538224252
22.03.2017;0,541567755
23.03.2017;0,550283951
24.03.2017;0,554317965
25.03.2017;0,550955799
26.03.2017;0,553645143
27.03.2017;0,549612297
28.03.2017;0,537556147
29.03.2017;0,531552186
30.03.2017;0,529554476
31.03.2017;0,526228993
1.04.2017;0,526893685
2.04.2017;0,526893685
3.04.2017;0,531552186
4.04.2017;0,530220178
5.04.2017;0,527558579
6.04.2017;0,53488572
7.04.2017;0,534218613
8.04.2017;0,530886082
9.04.2017;0,531552186
10.04.2017;0,530886082
11.04.2017;0,526228993
12.04.2017;0,532218492
13.04.2017;0,530220178
14.04.2017;0,532218492
15.04.2017;0,532218492
16.04.2017;0,536220534
17.04.2017;0,530886082
18.04.2017;0,539561058
19.04.2017;0,530220178
20.04.2017;0,526893685
21.04.2017;0,524236131
22.04.2017;0,525564503
23.04.2017;0,524236133
24.04.2017;0,524236133
25.04.2017;0,533551705
26.04.2017;0,536888241
27.04.2017;0,538224252
28.04.2017;0,526893683
29.04.2017;0,530220178
30.04.2017;0,536888241
1.05.2017;0,549612297
2.05.2017;0,540898658
3.05.2017;0,540898658
4.05.2017;0,541567755
5.05.2017;0,538224252
6.05.2017;0,533551705
7.05.2017;0,532884998
8.05.2017;0,536888241
9.05.2017;0,540898658
10.05.2017;0,540229759
11.05.2017;0,541567755
12.05.2017;0,53088608
13.05.2017;0,532884998
14.05.2017;0,524236129
15.05.2017;0,530220176
16.05.2017;0,527558579
17.05.2017;0,536220534
18.05.2017;0,532884996
19.05.2017;0,524900216
20.05.2017;0,531552182
21.05.2017;0,540898654
22.05.2017;0,551627843
23.05.2017;0,539561058
24.05.2017;0,550955799
25.05.2017;0,544916205
26.05.2017;0,537556147
27.05.2017;0,534218613
28.05.2017;0,526228991
29.05.2017;0,540229759
30.05.2017;0,550283951
31.05.2017;0,544916205
1.06.2017;0,53221848
2.06.2017;0,511657382
3.06.2017;0,521581815
4.06.2017;0,518268532
5.06.2017;0,531552186
6.06.2017;0,520918749
7.06.2017;0,505066966
8.06.2017;0,516944654
9.06.2017;0,514299363
10.06.2017;0,501122766
11.06.2017;0,507041893
12.06.2017;0,516283022
13.06.2017;0,514299361
14.06.2017;0,522245096
15.06.2017;0,498497508
16.06.2017;0,501779601
17.06.2017;0,516944654
18.06.2017;0,524236115
19.06.2017;0,512977952
20.06.2017;0,504409056
21.06.2017;0,489988896
22.06.2017;0,496530776
23.06.2017;0,4692003
24.06.2017;0,462750173
25.06.2017;0,465327545
26.06.2017;0,464038402
27.06.2017;0,489335883
28.06.2017;0,492603084
29.06.2017;0,484770834
30.06.2017;0,452476804
1.07.2017;0,449278338
2.07.2017;0,428945604
3.07.2017;0,422641233
4.07.2017;0,416987895
5.07.2017;0,429577352
6.07.2017;0,408856825
7.07.2017;0,406363323
8.07.2017;0,4044958
9.07.2017;0,397667456
10.07.2017;0,387174685
11.07.2017;0,386559771
12.07.2017;0,381649679
13.07.2017;0,379812681
14.07.2017;0,387174694
15.07.2017;0,381649675
16.07.2017;0,389021003
17.07.2017;0,412604473
18.07.2017;0,411354267
19.07.2017;0,40138825
20.07.2017;0,396429204
21.07.2017;0,407609573
22.07.2017;0,397048198
23.07.2017;0,373706323
24.07.2017;0,373097135
25.07.2017;0,363386218
26.07.2017;0,365807537
27.07.2017;0,388405302
28.07.2017;0,379812673
29.07.2017;0,357954023
30.07.2017;0,348949443
31.07.2017;0,344768556
1.08.2017;0,354344791
2.08.2017;0,34835134
3.08.2017;0,347753514
4.08.2017;0,354945645
5.08.2017;0,345961704
6.08.2017;0,336447954
7.08.2017;0,328771505
8.08.2017;0,309505957
9.08.2017;0,299134589
10.08.2017;0,307192711
11.08.2017;0,306615156
12.08.2017;0,307192714
13.08.2017;0,302580759
14.08.2017;0,307770573
15.08.2017;0,307770575
16.08.2017;0,315310046
17.08.2017;0,308927194
18.08.2017;0,306037906
19.08.2017;0,300282086
20.08.2017;0,295128061
21.08.2017;0,309505957
22.08.2017;0,340007167
23.08.2017;0,308348734
24.08.2017;0,300856296
25.08.2017;0,271412857
26.08.2017;0,286027564
27.08.2017;0,268071391
28.08.2017;0,286027566
29.08.2017;0,294556938
30.08.2017;0,293415619
31.08.2017;0,302580756
1.09.2017;0,298561298
2.09.2017;0,290567782
3.09.2017;0,296271233
4.09.2017;0,284895665
5.09.2017;0,278693009
6.09.2017;0,268071391
7.09.2017;0,271412853
8.09.2017;0,265295911
9.09.2017;0,27420642
10.09.2017;0,287727781
11.09.2017;0,28207148
12.09.2017;0,275886458
13.09.2017;0,275326118
14.09.2017;0,26418803
15.09.2017;0,268627477
16.09.2017;0,266405104
17.09.2017;0,244477567
18.09.2017;0,235861423
19.09.2017;0,242855168
20.09.2017;0,260320995
21.09.2017;0,258668724
22.09.2017;0,239619858
23.09.2017;0,214725447
24.09.2017;0,211087798
25.09.2017;0,219954126
26.09.2017;0,254277545
27.09.2017;0,245019069
28.09.2017;0,238544246
29.09.2017;0,219429581
30.09.2017;0,24610311
1.10.2017;0,247731786
2.10.2017;0,236397275
3.10.2017;0,236933483
4.10.2017;0,24936358
5.10.2017;0,208500899
6.10.2017;0,226277625
7.10.2017;0,227336688
8.10.2017;0,232653827
9.10.2017;0,235861423
10.10.2017;0,231587506
11.10.2017;0,223109232
12.10.2017;0,214204649
13.10.2017;0,217858164
14.10.2017;0,220479057
15.10.2017;0,220479057
16.10.2017;0,226277625
17.10.2017;0,233187523
18.10.2017;0,235325923
19.10.2017;0,216290114
20.10.2017;0,222582461
21.10.2017;0,221004351
22.10.2017;0,220479057
23.10.2017;0,230522626
24.10.2017;0,23532593
25.10.2017;0,231587499
26.10.2017;0,233187523
27.10.2017;0,233721585
28.10.2017;0,237470043
29.10.2017;0,245560914
30.10.2017;0,242855169
31.10.2017;0,203355963
1.11.2017;0,207984669
2.11.2017;0,207984669
3.11.2017;0,207984669
4.11.2017;0,219954133
5.11.2017;0,220479057
6.11.2017;0,218905402
7.11.2017;0,207984669
8.11.2017;0,195711754
9.11.2017;0,195711754
10.11.2017;0,195711754
11.11.2017;0,195711754
12.11.2017;0,18665708
13.11.2017;0,172349001
14.11.2017;0,171861931
15.11.2017;0,173324422
16.11.2017;0,174301544
17.11.2017;0,172349001
18.11.2017;0,171861931
19.11.2017;0,171861931
20.11.2017;0,171861931
21.11.2017;0,171861931
22.11.2017;0,177243072
23.11.2017;0,158874719
24.11.2017;0,160301952
25.11.2017;0,160301952
26.11.2017;0,160301952
27.11.2017;0,160301952
28.11.2017;0,160301952
29.11.2017;0,153206067
30.11.2017;0,155088416
1.12.2017;0,159825763
2.12.2017;0,160301952
3.12.2017;0,160301952
4.12.2017;0,162689532
5.12.2017;0,159825763
6.12.2017;0,160301952
7.12.2017;0,160301952
8.12.2017;0,160301952
9.12.2017;0,163647648
10.12.2017;0,15935002
11.12.2017;0,148997406
12.12.2017;0,160301952
13.12.2017;0,149463203
14.12.2017;0,148997406
15.12.2017;0,148997406
16.12.2017;0,152267613
17.12.2017;0,158874719
18.12.2017;0,161255658
19.12.2017;0,160778584
20.12.2017;0,160301952
21.12.2017;0,167980805
22.12.2017;0,177734799
23.12.2017;0,163647648
24.12.2017;0,160301952
25.12.2017;0,160301952
26.12.2017;0,162689532
27.12.2017;0,164607519
28.12.2017;0,175280363
29.12.2017;0,204895381
30.12.2017;0,205923598
31.12.2017;0,197741535
1.01.2018;0,220479057
2.01.2018;0,207984672
3.01.2018;0,187656683
4.01.2018;0,215246629
5.01.2018;0,216812424
6.01.2018;0,216812424
7.01.2018;0,218381597
8.01.2018;0,211606323
9.01.2018;0,207984669
10.01.2018;0,202331631
11.01.2018;0,195711754
12.01.2018;0,196725851
13.01.2018;0,207984669
14.01.2018;0,212125229
15.01.2018;0,215768184
16.01.2018;0,218381597
17.01.2018;0,219954133
18.01.2018;0,23425601
19.01.2018;0,272529298
20.01.2018;0,272529298
21.01.2018;0,276447123
22.01.2018;0,286027569
23.01.2018;0,286027569
24.01.2018;0,286027569
25.01.2018;0,286027569
26.01.2018;0,280944044
27.01.2018;0,27532612
28.01.2018;0,272529298
29.01.2018;0,272529298
30.01.2018;0,272529298
31.01.2018;0,272529298
1.02.2018;0,27588646
2.02.2018;0,273088011
3.02.2018;0,274766105
4.02.2018;0,288295158
5.02.2018;0,300856289
6.02.2018;0,330538691
7.02.2018;0,356148182
8.02.2018;0,36459634
9.02.2018;0,370663005
10.02.2018;0,400767494
11.02.2018;0,489335881
12.02.2018;0,502436643
13.02.2018;0,431474023
14.02.2018;0,417615069
15.02.2018;0,416360953
16.02.2018;0,415107811
17.02.2018;0,41385565
18.02.2018;0,41385565
19.02.2018;0,419498066
20.02.2018;0,439717544
21.02.2018;0,445447762
22.02.2018;0,459533514
23.02.2018;0,47632112
24.02.2018;0,647550198
25.02.2018;0,595035425
26.02.2018;0,63710555
27.02.2018;0,625315096
28.02.2018;0,549612297
1.03.2018;0,533551705
2.03.2018;0,520255893
3.03.2018;0,550283951
4.03.2018;0,570523456
5.03.2018;0,582068515
6.03.2018;0,59777374
7.03.2018;0,616332919
8.03.2018;0,61357518
9.03.2018;0,595719724
10.03.2018;0,573913419
11.03.2018;0,577308097
12.03.2018;0,571201064
13.03.2018;0,57323506
14.03.2018;0,543576233
15.03.2018;0,536220534
16.03.2018;0,564433486
17.03.2018;0,588884918
18.03.2018;0,610132009
19.03.2018;0,623931286
20.03.2018;0,622548187
21.03.2018;0,598458768
22.03.2018;0,556337594
23.03.2018;0,574591981
24.03.2018;0,571878867
25.03.2018;0,567138224
26.03.2018;0,571878867
27.03.2018;0,577987594
28.03.2018;0,586156134
29.03.2018;0,583430313
30.03.2018;0,602572786
31.03.2018;0,592983606
1.04.2018;0,573913432
2.04.2018;0,549612297
3.04.2018;0,536888241
4.04.2018;0,522908565
5.04.2018;0,528888973
6.04.2018;0,54223705
7.04.2018;0,540229759
8.04.2018;0,539561058
9.04.2018;0,53022017
10.04.2018;0,501779587
11.04.2018;0,50770061
12.04.2018;0,504409056
13.04.2018;0,516944654
14.04.2018;0,515621595
15.04.2018;0,506383363
16.04.2018;0,509678052
17.04.2018;0,521581809
18.04.2018;0,506383361
19.04.2018;0,505066948
20.04.2018;0,493911461
21.04.2018;0,492603084
22.04.2018;0,488683089
23.04.2018;0,476969787
24.04.2018;0,461462843
25.04.2018;0,442898673
26.04.2018;0,441625522
27.04.2018;0,456964253
28.04.2018;0,453757793
29.04.2018;0,436542247
30.04.2018;0,455039701
1.05.2018;0,475672666
2.05.2018;0,47826778
3.05.2018;0,461462841
4.05.2018;0,452476802
5.05.2018;0,444810136
6.05.2018;0,422012118
7.05.2018;0,444172754
8.05.2018;0,436542259
9.05.2018;0,428945604
10.05.2018;0,435907906
11.05.2018;0,441625522
12.05.2018;0,425160101
13.05.2018;0,416360953
14.05.2018;0,43020935
15.05.2018;0,42957736
16.05.2018;0,439082018
17.05.2018;0,461462841
18.05.2018;0,421383248
19.05.2018;0,417615082
20.05.2018;0,421383244
21.05.2018;0,425160107
22.05.2018;0,430209329
23.05.2018;0,425160108
24.05.2018;0,427051783
25.05.2018;0,427051783
26.05.2018;0,422641235
27.05.2018;0,421383254
28.05.2018;0,397048204
29.05.2018;0,417615086
30.05.2018;0,423900195
31.05.2018;0,423270593
1.06.2018;0,403873791
2.06.2018;0,403873794
3.06.2018;0,404495809
4.06.2018;0,400767486
5.06.2018;0,398286963
6.06.2018;0,382875659
7.06.2018;0,37920087
8.06.2018;0,369447553
9.06.2018;0,365201808
10.06.2018;0,356749859
11.06.2018;0,36459634
12.06.2018;0,367019802
13.06.2018;0,373097134
14.06.2018;0,37005515
15.06.2018;0,369447543
16.06.2018;0,374925486
17.06.2018;0,373706315
18.06.2018;0,369447539
19.06.2018;0,37431577
20.06.2018;0,385330688
21.06.2018;0,384716538
22.06.2018;0,356148182
23.06.2018;0,353143896
24.06.2018;0,370055156
25.06.2018;0,379200866
26.06.2018;0,610820299
27.06.2018;0,554317975
28.06.2018;0,545586487
29.06.2018;0,467262917
30.06.2018;0,448639329
1.07.2018;0,433372842
2.07.2018;0,417615076
3.07.2018;0,405740564
4.07.2018;0,395191964
5.07.2018;0,398286959
6.07.2018;0,395810458
7.07.2018;0,395810458
8.07.2018;0,396429204
9.07.2018;0,393955737
10.07.2018;0,395191964
11.07.2018;0,396429204
12.07.2018;0,402630521
13.07.2018;0,3921033
14.07.2018;0,382875655
15.07.2018;0,362177173
16.07.2018;0,301430812
17.07.2018;0,350745412
18.07.2018;0,356749854
19.07.2018;0,356148179
20.07.2018;0,35614818
21.07.2018;0,336447958
22.07.2018;0,334672179
23.07.2018;0,340601359
24.07.2018;0,344172402
25.07.2018;0,344172407
26.07.2018;0,360969207
27.07.2018;0,362781561
28.07.2018;0,359762322
29.07.2018;0,355546775
30.07.2018;0,422641227
31.07.2018;0,345364993
1.08.2018;0,342385617
2.08.2018;0,328183025
3.08.2018;0,333489757
4.08.2018;0,32465818
5.08.2018;0,32114382
6.08.2018;0,311824005
7.08.2018;0,31066438
8.08.2018;0,294556937
9.08.2018;0,292275549
10.08.2018;0,296271239
11.08.2018;0,293986124
12.08.2018;0,301430806
13.08.2018;0,282071487
14.08.2018;0,268627483
15.08.2018;0,293986122
16.08.2018;0,310664381
17.08.2018;0,286027561
18.08.2018;0,271412857
19.08.2018;0,270855127
20.08.2018;0,274206416
21.08.2018;0,245019066
22.08.2018;0,249908199
23.08.2018;0,250453168
24.08.2018;0,239619853
25.08.2018;0,247731782
26.08.2018;0,255373304
27.08.2018;0,263634596
28.08.2018;0,284895666
29.08.2018;0,282071484
30.08.2018;0,275326124
31.08.2018;0,251544131
1.09.2018;0,237470046
2.09.2018;0,254277546
3.09.2018;0,242855167
4.09.2018;0,236933482
5.09.2018;0,241235926
6.09.2018;0,230522626
7.09.2018;0,23318753
8.09.2018;0,242315066
9.09.2018;0,254277547
10.09.2018;0,236933485
11.09.2018;0,233721591
12.09.2018;0,258668721
13.09.2018;0,247731785
14.09.2018;0,238006968
15.09.2018;0,237470046
16.09.2018;0,240696888
17.09.2018;0,233721594
18.09.2018;0,222056052
19.09.2018;0,22733669
20.09.2018;0,201308865
21.09.2018;0,213164178
22.09.2018;0,214725445
23.09.2018;0,221530012
24.09.2018;0,20489538
25.09.2018;0,21160632
26.09.2018;0,242315067
27.09.2018;0,243936415
28.09.2018;0,248275371
29.09.2018;0,355546778
30.09.2018;1,300672485
1.10.2018;0,380424751
2.10.2018;0,323485562
3.10.2018;0,307192711
4.10.2018;0,299708179
5.10.2018;0,289430844
6.10.2018;0,295128057
7.10.2018;0,298561298
8.10.2018;0,300282081
9.10.2018;0,299708179
10.10.2018;0,297415649
11.10.2018;0,299134585
12.10.2018;0,293415618
13.10.2018;0,289430844
14.10.2018;0,286027569
15.10.2018;0,286027569
16.10.2018;0,286027569
17.10.2018;0,284330197
18.10.2018;0,286027569
19.10.2018;0,286027569
20.10.2018;0,286027569
21.10.2018;0,286027569
22.10.2018;0,285461461
23.10.2018;0,286027569
24.10.2018;0,286027569
25.10.2018;0,286027569
26.10.2018;0,286027569
27.10.2018;0,283200204
28.10.2018;0,280944044
29.10.2018;0,324071723
30.10.2018;0,356148182
31.10.2018;0,347155967
1.11.2018;0,350146479
2.11.2018;0,3441724
3.11.2018;0,341195825
4.11.2018;0,345961708
5.11.2018;0,344768556
6.11.2018;0,3441724
7.11.2018;0,342385613
8.11.2018;0,348949443
9.11.2018;0,350146479
10.11.2018;0,3441724
11.11.2018;0,341790579
12.11.2018;0,342385616
13.11.2018;0,341790582
14.11.2018;0,346558695
15.11.2018;0,343576525
16.11.2018;0,350745412
17.11.2018;0,362177175
18.11.2018;0,399526722
19.11.2018;0,496530785
20.11.2018;0,453117182
21.11.2018;0,484770834
22.11.2018;0,478917093
23.11.2018;0,455039701
24.11.2018;0,447362014
25.11.2018;0,449278338
26.11.2018;0,503751383
27.11.2018;0,576628788
28.11.2018;0,627392128
29.11.2018;0,628084807
30.11.2018;0,637105556
1.12.2018;0,624623115
2.12.2018;0,589567569
3.12.2018;0,573913415
4.12.2018;0,569846025
5.12.2018;0,559707509
6.12.2018;0,558358964
7.12.2018;0,551627843
8.12.2018;0,541567755
9.12.2018;0,54223705
10.12.2018;0,544916205
11.12.2018;0,552972515
12.12.2018;0,540898658
13.12.2018;0,556337594
14.12.2018;0,623239657
15.12.2018;0,699624917
16.12.2018;1,093256425
17.12.2018;0,79243902
18.12.2018;0,780794621
19.12.2018;0,72670605
20.12.2018;0,632244587
21.12.2018;0,600514966
22.12.2018;0,584792845
23.12.2018;0,57594966
24.12.2018;0,573235044
25.12.2018;0,571201064
26.12.2018;0,584111488
27.12.2018;0,563082236
28.12.2018;0,540229759
29.12.2018;0,528888975
30.12.2018;0,525564503
31.12.2018;0,541567755
1.01.2019;1,472888201
2.01.2019;1,474521224
3.01.2019;1,239305046
4.01.2019;1,323912739
5.01.2019;0,914528725
6.01.2019;0,726706059
7.01.2019;0,65104024
8.01.2019;0,603945573
9.01.2019;0,59571973
10.01.2019;1,525282484
11.01.2019;1,779421382
12.01.2019;1,781100605
13.01.2019;1,738350146
14.01.2019;1,625915985
15.01.2019;1,579603873
16.01.2019;1,451684942
17.01.2019;1,248835615
18.01.2019;1,166662141
19.01.2019;1,112695279
20.01.2019;1,062285287
21.01.2019;1,020738119
22.01.2019;0,978746142
23.01.2019;1,101024527
24.01.2019;1,311082049
25.01.2019;1,602735042
26.01.2019;1,766834277
27.01.2019;1,611835966
28.01.2019;1,39403391
29.01.2019;1,340784197
30.01.2019;1,587033419
31.01.2019;1,476154508
1.02.2019;1,389179177
2.02.2019;1,301472766
3.02.2019;1,275108329
4.02.2019;1,252015193
5.02.2019;1,259174363
6.02.2019;1,829893073
7.02.2019;1,889018121
8.02.2019;1,90341511
9.02.2019;1,955193694
10.02.2019;2,01910279
11.02.2019;2,061854612
12.02.2019;2,084130454
13.02.2019;2,085845233
14.02.2019;2,068705446
15.02.2019;2,06613602
16.02.2019;2,063567028
17.02.2019;2,044740171
18.02.2019;2,022518712
19.02.2019;1,999475705
20.02.2019;1,969656264
21.02.2019;1,935649043
22.02.2019;1,90341511
23.02.2019;1,900873402
24.02.2019;1,92715947
25.02.2019;1,910195212
26.02.2019;1,886478998
27.02.2019;1,884786505
28.02.2019;1,867872852
1.03.2019;1,840854127
2.03.2019;1,8138892
3.03.2019;1,783619852
4.03.2019;1,754259719
5.03.2019;1,721625459
6.03.2019;1,683246809
7.03.2019;1,656622628
8.03.2019;1,631718867
9.03.2019;1,60356207
10.03.2019;1,569705949
11.03.2019;1,548292758
12.03.2019;1,531030166
13.03.2019;1,629231555
14.03.2019;1,60935314
15.03.2019;1,590337089
16.03.2019;1,568881546
17.03.2019;1,535959328
18.03.2019;1,519538205
19.03.2019;1,498231316
20.03.2019;1,479421922
21.03.2019;1,454129012
22.03.2019;1,437034189
23.03.2019;1,423219017
24.03.2019;1,406182624
25.03.2019;1,385135622
26.03.2019;1,368173748
27.03.2019;1,358496527
28.03.2019;1,654960594
29.03.2019;1,790340264
30.03.2019;1,750071009
31.03.2019;1,691579417
1.04.2019;1,670759062
2.04.2019;1,650806834
3.04.2019;1,638354489
4.04.2019;1,624258529
5.04.2019;1,630060581
6.04.2019;1,751746354
7.04.2019;1,828207493
8.04.2019;1,822309869
9.04.2019;1,86702771
10.04.2019;1,849291733
11.04.2019;1,84169766
12.04.2019;1,889018121
13.04.2019;1,991802296
14.04.2019;2,041319468
15.04.2019;2,07984422
16.04.2019;2,133929688
17.04.2019;2,178700025
18.04.2019;2,221854563
19.04.2019;2,246930696
20.04.2019;2,252123055
21.04.2019;2,252123055
22.04.2019;2,252123055
23.04.2019;2,251257562
24.04.2019;2,233956072
25.04.2019;2,228768745
26.04.2019;2,211488147
27.04.2019;2,202853942
28.04.2019;2,182148599
29.04.2019;2,166635265
30.04.2019;2,139949788
1.05.2019;2,112446541
2.05.2019;2,082415811
3.05.2019;2,055862484
4.05.2019;2,029352774
5.05.2019;2,003740358
6.05.2019;1,978170153
7.05.2019;1,944143539
8.05.2019;1,904262447
9.05.2019;1,875481452
10.05.2019;1,843384833
11.05.2019;1,812205725
12.05.2019;1,787819698
13.05.2019;1,768511836
14.05.2019;1,755935598
15.05.2019;1,717447884
16.05.2019;1,69074589
17.05.2019;1,672423317
18.05.2019;1,63752479
19.05.2019;1,611835932
20.05.2019;1,579603858
21.05.2019;1,54417995
22.05.2019;1,518717845
23.05.2019;1,491684742
24.05.2019;1,467174901
25.05.2019;1,436220947
26.05.2019;1,406993141
27.05.2019;1,382710448
28.05.2019;1,354467661
29.05.2019;1,329532646
30.05.2019;1,291875246
31.05.2019;1,271121645
1.06.2019;1,24645177
2.06.2019;1,22740946
3.06.2019;1,214742688
4.06.2019;1,213951769
5.06.2019;1,203677955
6.06.2019;1,202098714
7.06.2019;1,171376253
8.06.2019;1,140795018
9.06.2019;1,108024301
10.06.2019;1,110359346
11.06.2019;1,099470099
12.06.2019;1,106468099
13.06.2019;1,089376154
14.06.2019;1,072332981
15.06.2019;1,03993454
16.06.2019;1,014609485
17.06.2019;1,021504666
18.06.2019;1,008487839
19.06.2019;1,015375218
20.06.2019;1,014609521
21.06.2019;0,973425953
22.06.2019;0,943887917
23.06.2019;0,928809221
24.06.2019;0,903285604
25.06.2019;0,936342596
26.06.2019;0,89804831
27.06.2019;0,885354423
28.06.2019;0,866753089
29.06.2019;0,840846419
30.06.2019;0,838633304
1.07.2019;0,812170152
2.07.2019;0,794626332
3.07.2019;0,782975156
4.07.2019;0,761227581
5.07.2019;0,763396489
6.07.2019;0,762673374
7.07.2019;0,742485765
8.07.2019;0,740329686
9.07.2019;0,722415256
10.07.2019;0,720271917
11.07.2019;0,712424881
12.07.2019;0,708864253
13.07.2019;0,70459665
14.07.2019;0,70459665
15.07.2019;0,693244074
16.07.2019;0,747521791
17.07.2019;0,848971272
18.07.2019;0,731002359
19.07.2019;0,711000162
20.07.2019;0,699624923
21.07.2019;0,692535891
22.07.2019;0,674179391
23.07.2019;0,662236636
24.07.2019;0,657332943
25.07.2019;0,656633083
26.07.2019;0,646155363
27.07.2019;0,645458203
28.07.2019;0,648945711
29.07.2019;0,646852692
30.07.2019;0,634326832
31.07.2019;0,634326823
1.08.2019;0,645458191
2.08.2019;0,623239646
3.08.2019;0,640582839
4.08.2019;0,639191417
5.08.2019;0,644064389
6.08.2019;0,644064383
7.08.2019;0,637800676
8.08.2019;0,638495959
9.08.2019;0,6239313
10.08.2019;0,598458774
11.08.2019;0,611508745
12.08.2019;0,612197377
13.08.2019;0,612886192
14.08.2019;0,607380688
15.08.2019;0,609443912
16.08.2019;0,617022799
17.08.2019;0,59914399
18.08.2019;0,59777374
19.08.2019;0,589567565
20.08.2019;0,577987606
21.08.2019;0,568491753
22.08.2019;0,586838053
23.08.2019;0,577308099
24.08.2019;0,565785464
25.08.2019;0,557011191
26.08.2019;0,558358968
27.08.2019;0,551627843
28.08.2019;0,563082236
29.08.2019;0,55903314
30.08.2019;0,557011191
31.08.2019;0,549612297
1.09.2019;0,548269576
2.09.2019;0,542906543
3.09.2019;0,544916205
4.09.2019;0,641974936
5.09.2019;0,725990541
6.09.2019;0,724559963
7.09.2019;0,719557772
8.09.2019;0,731718942
9.09.2019;0,713850229
10.09.2019;0,715989391
11.09.2019;0,711712444
12.09.2019;0,71385022
13.09.2019;0,718843784
14.09.2019;0,712424881
15.09.2019;0,709576067
16.09.2019;0,71527618
17.09.2019;0,716702758
18.09.2019;0,720271907
19.09.2019;0,724559965
20.09.2019;0,75112343
21.09.2019;0,763396489
22.09.2019;0,74896201
23.09.2019;0,747521799
24.09.2019;0,75328618
25.09.2019;0,743204742
26.09.2019;0,77861532
27.09.2019;0,795355771
28.09.2019;0,774986025
29.09.2019;0,767014231
30.09.2019;0,734586775
1.10.2019;0,738893065
2.10.2019;0,7453626
3.10.2019;0,75472875
4.10.2019;0,797544757
5.10.2019;0,797544744
6.10.2019;0,796085258
7.10.2019;0,794626332
8.10.2019;0,806313357
9.10.2019;0,765566706
10.10.2019;0,757615654
11.10.2019;0,747521799
12.10.2019;0,734586784
13.10.2019;0,719557778
14.10.2019;0,731002359
15.10.2019;0,696787391
16.10.2019;0,588884905
17.10.2019;0,589567571
18.10.2019;0,679110767
19.10.2019;0,669256011
20.10.2019;0,669958857
21.10.2019;0,668553343
22.10.2019;0,676291856
23.10.2019;0,686169384
24.10.2019;0,701754719
25.10.2019;0,696078425
26.10.2019;0,688290122
27.10.2019;0,681226658
28.10.2019;0,675587535
29.10.2019;0,67136504
30.10.2019;0,67206838
31.10.2019;0,679110769
1.11.2019;0,69395243
2.11.2019;0,686876131
3.11.2019;0,672771888
4.11.2019;0,685462793
5.11.2019;0,681932279
6.11.2019;0,675587535
7.11.2019;0,672068382
8.11.2019;0,706729747
9.11.2019;0,681932279
10.11.2019;0,691119987
11.11.2019;0,656633086
12.11.2019;0,634326829
13.11.2019;0,66083475
14.11.2019;0,660134062
15.11.2019;0,652437432
16.11.2019;0,61288619
17.11.2019;0,605319079
18.11.2019;0,603945573
19.11.2019;0,602572788
20.11.2019;0,6218569
21.11.2019;0,626699598
22.11.2019;0,647550198
23.11.2019;0,617712853
24.11.2019;0,648945699
25.11.2019;0,880138061
26.11.2019;0,734586773
27.11.2019;0,668553343
28.11.2019;0,637800676
29.11.2019;0,6531363
30.11.2019;0,662236646
1.12.2019;0,637105567
2.12.2019;0,633632584
3.12.2019;0,629470706
4.12.2019;0,66925602
5.12.2019;0,66644629
6.12.2019;0,602572788
7.12.2019;0,604632236
8.12.2019;0,599829387
9.12.2019;0,594351303
10.12.2019;0,640582832
11.12.2019;0,739611285
12.12.2019;0,713137473
13.12.2019;0,702464966
14.12.2019;0,719557782
15.12.2019;0,731002359
16.12.2019;0,708864259
17.12.2019;0,678405803
18.12.2019;0,693952413
19.12.2019;0,64058283
20.12.2019;0,669256038
21.12.2019;0,648945717
22.12.2019;0,58956755
23.12.2019;0,68899733
24.12.2019;0,755450256
25.12.2019;0,743923886
26.12.2019;0,722415249
27.12.2019;0,70459665
28.12.2019;0,699624923
29.12.2019;0,702464966
30.12.2019;0,687583043
31.12.2019;0,666446277
1.01.2020;0,656633083
2.01.2020;0,677700987
3.01.2020;0,679110771
4.01.2020;0,669958857
5.01.2020;0,685462787
6.01.2020;0,720986198
7.01.2020;0,741048212
8.01.2020;0,737457015
9.01.2020;0,733869579
10.01.2020;0,71955778
11.01.2020;0,664340714
12.01.2020;0,661535607
13.01.2020;0,637800657
14.01.2020;0,621165773
15.01.2020;0,618403083
16.01.2020;0,627392111
17.01.2020;0,604632236
18.01.2020;0,604632236
19.01.2020;0,592300032
20.01.2020;0,585474402
21.01.2020;0,573235044
22.01.2020;0,57052345
23.01.2020;0,565785464
24.01.2020;0,557684981
25.01.2020;0,556337594
26.01.2020;0,557011191
27.01.2020;0,563082236
28.01.2020;0,571201064
29.01.2020;0,571878867
30.01.2020;0,571878867
31.01.2020;0,571201064
1.02.2020;0,565109371
2.02.2020;0,557011191
3.02.2020;0,556337594
4.02.2020;0,555664191
5.02.2020;0,575949674
6.02.2020;0,580027214
7.02.2020;0,565109371
8.02.2020;0,555664191
9.02.2020;0,548940839
10.02.2020;0,539561058
11.02.2020;0,539561058
12.02.2020;0,538892555
13.02.2020;0,528223672
14.02.2020;0,524236133
15.02.2020;0,539561058
16.02.2020;0,540229759
17.02.2020;0,536220528
18.02.2020;0,555664191
19.02.2020;0,555664191
20.02.2020;0,548269576
21.02.2020;0,543576233
22.02.2020;0,537556147
23.02.2020;0,519593242
24.02.2020;0,523572252
25.02.2020;0,517606492
26.02.2020;0,51959324
27.02.2020;0,522908573
28.02.2020;0,514960387
29.02.2020;0,495875638
1.03.2020;0,497841712
2.03.2020;0,491949215
3.03.2020;0,497841708
4.03.2020;0,50770061
5.03.2020;0,511657372
6.03.2020;0,501779591
7.03.2020;0,481516577
8.03.2020;0,488683089
9.03.2020;0,509018712
10.03.2020;0,464682869
11.03.2020;0,500466116
12.03.2020;0,50835955
13.03.2020;0,495875628
14.03.2020;0,46855429
15.03.2020;0,469846544
16.03.2020;
17.03.2020;
18.03.2020;
19.03.2020;
20.03.2020;
21.03.2020;
22.03.2020;
23.03.2020;
24.03.2020;
25.03.2020;
26.03.2020;
27.03.2020;
28.03.2020;
29.03.2020;
30.03.2020;
31.03.2020;
1.04.2020;
2.04.2020;
3.04.2020;
4.04.2020;
5.04.2020;
6.04.2020;
7.04.2020;
8.04.2020;
9.04.2020;
10.04.2020;
11.04.2020;
12.04.2020;
13.04.2020;
14.04.2020;
15.04.2020;
16.04.2020;
17.04.2020;
18.04.2020;
19.04.2020;
20.04.2020;
21.04.2020;
22.04.2020;
23.04.2020;
24.04.2020;
25.04.2020;
26.04.2020;
27.04.2020;
28.04.2020;
29.04.2020;
30.04.2020;
1.05.2020;
2.05.2020;
3.05.2020;
4.05.2020;
5.05.2020;
6.05.2020;
7.05.2020;
8.05.2020;
9.05.2020;
10.05.2020;
11.05.2020;
12.05.2020;
13.05.2020;
14.05.2020;
15.05.2020;
16.05.2020;
17.05.2020;
18.05.2020;
19.05.2020;
20.05.2020;
21.05.2020;
22.05.2020;
23.05.2020;
24.05.2020;
25.05.2020;
26.05.2020;
27.05.2020;
28.05.2020;
29.05.2020;
30.05.2020;
31.05.2020;
1.06.2020;
2.06.2020;
3.06.2020;
4.06.2020;
5.06.2020;
6.06.2020;
7.06.2020;
8.06.2020;
9.06.2020;
10.06.2020;
11.06.2020;
12.06.2020;
13.06.2020;
14.06.2020;
15.06.2020;
16.06.2020;
17.06.2020;
18.06.2020;
19.06.2020;
20.06.2020;
21.06.2020;
22.06.2020;
23.06.2020;
24.06.2020;
25.06.2020;
26.06.2020;
27.06.2020;
28.06.2020;
29.06.2020;
30.06.2020;
1.07.2020;
2.07.2020;
3.07.2020;
4.07.2020;
5.07.2020;
6.07.2020;
7.07.2020;
8.07.2020;
9.07.2020;
10.07.2020;
11.07.2020;
12.07.2020;
13.07.2020;
14.07.2020;
15.07.2020;
16.07.2020;
17.07.2020;
18.07.2020;
19.07.2020;
20.07.2020;
21.07.2020;
22.07.2020;
23.07.2020;
24.07.2020;
25.07.2020;
26.07.2020;
27.07.2020;
28.07.2020;
29.07.2020;
30.07.2020;
31.07.2020;
1.08.2020;
2.08.2020;
3.08.2020;
4.08.2020;
5.08.2020;
6.08.2020;
7.08.2020;
8.08.2020;
9.08.2020;
10.08.2020;
11.08.2020;
12.08.2020;
13.08.2020;
14.08.2020;
15.08.2020;
16.08.2020;
17.08.2020;
18.08.2020;
19.08.2020;
20.08.2020;
21.08.2020;
22.08.2020;
23.08.2020;
24.08.2020;
25.08.2020;
26.08.2020;
27.08.2020;
28.08.2020;
29.08.2020;
30.08.2020;
31.08.2020;
1.09.2020;
2.09.2020;
3.09.2020;
4.09.2020;
5.09.2020;
6.09.2020;
7.09.2020;
8.09.2020;
9.09.2020;
10.09.2020;
11.09.2020;
12.09.2020;
13.09.2020;
14.09.2020;
15.09.2020;
16.09.2020;
17.09.2020;
18.09.2020;
19.09.2020;
20.09.2020;
21.09.2020;
22.09.2020;
23.09.2020;
24.09.2020;
25.09.2020;
26.09.2020;
27.09.2020;
28.09.2020;
29.09.2020;
30.09.2020;
1.10.2020;
2.10.2020;
3.10.2020;
4.10.2020;
5.10.2020;
6.10.2020;
7.10.2020;
8.10.2020;
9.10.2020;
10.10.2020;
11.10.2020;
12.10.2020;
13.10.2020;
14.10.2020;
15.10.2020;
16.10.2020;
17.10.2020;
18.10.2020;
19.10.2020;
20.10.2020;
21.10.2020;
22.10.2020;
23.10.2020;
24.10.2020;
25.10.2020;
26.10.2020;
27.10.2020;
28.10.2020;
29.10.2020;
30.10.2020;
31.10.2020;
1.11.2020;
2.11.2020;
3.11.2020;
4.11.2020;
5.11.2020;
6.11.2020;
7.11.2020;
8.11.2020;
9.11.2020;
10.11.2020;
11.11.2020;
12.11.2020;
13.11.2020;
14.11.2020;
15.11.2020;
16.11.2020;
17.11.2020;
18.11.2020;
19.11.2020;
20.11.2020;
21.11.2020;
22.11.2020;
23.11.2020;
24.11.2020;
25.11.2020;
26.11.2020;
27.11.2020;
28.11.2020;
29.11.2020;
30.11.2020;
1.12.2020;
2.12.2020;
3.12.2020;
4.12.2020;
5.12.2020;
6.12.2020;
7.12.2020;
8.12.2020;
9.12.2020;
10.12.2020;
11.12.2020;
12.12.2020;
13.12.2020;
14.12.2020;
15.12.2020;
16.12.2020;
17.12.2020;
18.12.2020;
19.12.2020;
20.12.2020;
21.12.2020;
22.12.2020;
23.12.2020;
24.12.2020;
25.12.2020;
26.12.2020;
27.12.2020;
28.12.2020;
29.12.2020;
30.12.2020;
31.12.2020;
1.01.2021;
2.01.2021;
3.01.2021;
4.01.2021;
5.01.2021;
6.01.2021;
7.01.2021;
8.01.2021;
9.01.2021;
10.01.2021;
11.01.2021;
12.01.2021;
13.01.2021;
14.01.2021;
15.01.2021;
16.01.2021;
17.01.2021;
18.01.2021;
19.01.2021;
20.01.2021;
21.01.2021;
22.01.2021;
23.01.2021;
24.01.2021;
25.01.2021;
26.01.2021;
27.01.2021;
28.01.2021;
29.01.2021;
30.01.2021;
31.01.2021;
1.02.2021;
2.02.2021;
3.02.2021;
4.02.2021;
5.02.2021;
6.02.2021;
7.02.2021;
8.02.2021;
9.02.2021;
10.02.2021;
11.02.2021;
12.02.2021;
13.02.2021;
14.02.2021;
15.02.2021;
16.02.2021;
17.02.2021;
18.02.2021;
19.02.2021;
20.02.2021;
21.02.2021;
22.02.2021;
23.02.2021;
24.02.2021;
25.02.2021;
26.02.2021;
27.02.2021;
28.02.2021;
1.03.2021;
2.03.2021;
3.03.2021;
4.03.2021;
5.03.2021;
6.03.2021;
7.03.2021;
8.03.2021;
9.03.2021;
10.03.2021;
11.03.2021;
12.03.2021;
13.03.2021;
14.03.2021;
15.03.2021;
16.03.2021;
17.03.2021;
18.03.2021;
19.03.2021;
20.03.2021;
21.03.2021;
22.03.2021;
23.03.2021;
24.03.2021;
25.03.2021;
26.03.2021;0,703885927
27.03.2021;0,678405805
28.03.2021;0,671224413
29.03.2021;0,668764138
30.03.2021;0,663218363
31.03.2021;0,68510956
1.04.2021;0,692889958
2.04.2021;0,664410889
3.04.2021;0,670450967
4.04.2021;0,677912425
5.04.2021;0,715276194
6.04.2021;0,732435673
7.04.2021;0,730500847
8.04.2021;0,722844087
9.04.2021;0,713493833
10.04.2021;0,700405682
11.04.2021;0,677207729
12.04.2021;0,668764138
13.04.2021;0,674672171
14.04.2021;0,668834403
15.04.2021;0,664410887
16.04.2021;0,660554469
17.04.2021;0,668412828
18.04.2021;0,679181276
19.04.2021;0,672420131
20.04.2021;0,664831891
21.04.2021;0,629262792
22.04.2021;0,605525175
23.04.2021;0,600377841
24.04.2021;0,620889409
25.04.2021;0,622824758
26.04.2021;0,623308814
27.04.2021;0,623723792
28.04.2021;0,624000477
29.04.2021;0,624553928
30.04.2021;0,623032197
1.05.2021;0,62282476
2.05.2021;0,607036984
3.05.2021;0,616126007
4.05.2021;0,612679538
5.05.2021;0,602710043
6.05.2021;0,606280967
7.05.2021;0,595309124
8.05.2021;0,600035046
9.05.2021;0,599760844
10.05.2021;0,630579933
11.05.2021;0,609994389
12.05.2021;0,5550583
13.05.2021;0,539427333
14.05.2021;0,561326794
15.05.2021;0,55546221
16.05.2021;0,565988342
17.05.2021;0,564501063
18.05.2021;0,572285661
19.05.2021;0,539494192
20.05.2021;0,540898656
21.05.2021;0,551762286
22.05.2021;0,534752272
23.05.2021;0,531618793
24.05.2021;0,521183948
25.05.2021;0,509941857
26.05.2021;0,510139732
27.05.2021;0,47839761
28.05.2021;0,498628673
29.05.2021;0,51482815
30.05.2021;0,518798307
31.05.2021;0,525630922
1.06.2021;0,519924525
2.06.2021;0,480021442
3.06.2021;0,498103999
4.06.2021;0,500991407
5.06.2021;0,484510295
6.06.2021;0,453373407
7.06.2021;0,464682863
8.06.2021;0,521913422
9.06.2021;0,47969657
10.06.2021;0,466811146
11.06.2021;0,464102839
12.06.2021;0,481906798
13.06.2021;0,468425099
14.06.2021;0,457670444
15.06.2021;0,477943182
16.06.2021;0,452028675
17.06.2021;0,428819269
18.06.2021;0,398658786
19.06.2021;0,392782251
20.06.2021;0,396181672
21.06.2021;0,388343746
22.06.2021;0,377916908
23.06.2021;0,366716643
24.06.2021;0,344768558
25.06.2021;0,341076914
26.06.2021;0,347155971
27.06.2021;0,335086299
28.06.2021;0,331246295
29.06.2021;0,350146482
30.06.2021;0,367687009
1.07.2021;0,348769987
2.07.2021;0,326008135
3.07.2021;0,297530166
4.07.2021;0,285518055
5.07.2021;0,270966643
6.07.2021;0,287897963
7.07.2021;0,296786074
8.07.2021;0,280662384
9.07.2021;0,285801083
10.07.2021;0,29261744
11.07.2021;0,274206418
12.07.2021;0,274374288
13.07.2021;0,270743618
14.07.2021;0,268961289
15.07.2021;0,269963434
16.07.2021;0,27448622
17.07.2021;0,242531064
18.07.2021;0,252090129
19.07.2021;0,248057895
20.07.2021;0,25993519
21.07.2021;0,260376118
22.07.2021;0,256580206
23.07.2021;0,244531698
24.07.2021;0,241020268
25.07.2021;0,246699925
26.07.2021;0,245073232
27.07.2021;0,231267887
28.07.2021;0,233294311
29.07.2021;0,218748214
30.07.2021;0,212125228
31.07.2021;0,214360846
1.08.2021;0,212280972
2.08.2021;0,221530009
3.08.2021;0,218905394
4.08.2021;0,216446762
5.08.2021;0,213580182
6.08.2021;0,217544278
7.08.2021;0,217701201
8.08.2021;0,203663568
9.08.2021;0,203663571
10.08.2021;0,206695777
11.08.2021;0,217335101
12.08.2021;0,212592566
13.08.2021;0,20860419
14.08.2021;0,210621449
15.08.2021;0,210000136
16.08.2021;0,223056536
17.08.2021;0,221056896
18.08.2021;0,191570658
19.08.2021;0,191168092
20.08.2021;0,192578196
21.08.2021;0,196928864
22.08.2021;0,197894027
23.08.2021;0,204689925
24.08.2021;0,187606666
25.08.2021;0,185260389
26.08.2021;0,188006932
27.08.2021;0,188006932
28.08.2021;0,192124606
29.08.2021;0,184463721
30.08.2021;0,18855772
31.08.2021;0,187456635
1.09.2021;0,195357202
2.09.2021;0,189159144
3.09.2021;0,186457361
4.09.2021;0,191721688
5.09.2021;0,192124606
6.09.2021;0,189660773
7.09.2021;0,193890402
8.09.2021;0,191268709
9.09.2021;0,190213034
10.09.2021;0,205357887
11.09.2021;0,192679041
12.09.2021;0,192729469
13.09.2021;0,193032117
14.09.2021;0,18991174
15.09.2021;0,185310216
16.09.2021;0,182575857
17.09.2021;0,184413964
18.09.2021;0,185409881
19.09.2021;0,181535125
20.09.2021;0,174888633
21.09.2021;0,172885274
22.09.2021;0,175623353
23.09.2021;0,177292226
24.09.2021;0,173959361
25.09.2021;0,176555357
26.09.2021;0,178128485
27.09.2021;0,173129202
28.09.2021;0,174741806
29.09.2021;0,174497173
30.09.2021;0,170937675
1.10.2021;0,17264145
2.10.2021;0,17763642
3.10.2021;0,18168369
4.10.2021;0,181535124
5.10.2021;0,182923174
6.10.2021;0,180051539
7.10.2021;0,182427068
8.10.2021;0,186607148
9.10.2021;0,185360046
10.10.2021;0,19081606
11.10.2021;0,197792364
12.10.2021;0,207881471
13.10.2021;0,211139628
14.10.2021;0,174741805
15.10.2021;0,180595085
16.10.2021;0,173861632
17.10.2021;0,176506267
18.10.2021;0,177734801
19.10.2021;0,179212502
20.10.2021;0,182724683
21.10.2021;0,187656686
22.10.2021;0,182377482
23.10.2021;0,174301547
24.10.2021;0,177538058
25.10.2021;0,180150328
26.10.2021;0,17975527
27.10.2021;0,182625463
28.10.2021;0,185659117
29.10.2021;0,191419667
30.10.2021;0,194901625
31.10.2021;0,183072084
1.11.2021;0,170694706
2.11.2021;0,172543951
3.11.2021;0,182179174
4.11.2021;0,1823279
5.11.2021;0,183121731
6.11.2021;0,181535125
7.11.2021;0,169772406
8.11.2021;0,17079188
9.11.2021;0,171521235
10.11.2021;0,172495207
11.11.2021;0,176113691
12.11.2021;0,177587237
13.11.2021;0,164319373
14.11.2021;0,166725382
15.11.2021;0,168561218
16.11.2021;0,170597549
17.11.2021;0,17308041
18.11.2021;0,168900079
19.11.2021;0,156930653
20.11.2021;0,160587877
21.11.2021;0,164127365
22.11.2021;0,167304444
23.11.2021;0,173129204
24.11.2021;0,176997364
25.11.2021;0,163887451
26.11.2021;0,189259435
27.11.2021;0,290283428
28.11.2021;0,295870986
29.11.2021;0,35410452
30.11.2021;0,423963157
1.12.2021;0,438954924
2.12.2021;0,421886316
3.12.2021;0,417238739
4.12.2021;0,458698113
5.12.2021;0,471139677
6.12.2021;0,467521116
7.12.2021;0,469071071
8.12.2021;0,46790849
9.12.2021;0,462750177
10.12.2021;0,469588018
11.12.2021;0,50967806
12.12.2021;0,790617212
13.12.2021;0,855778789
14.12.2021;0,818769519
15.12.2021;0,679604351
16.12.2021;0,627669185
17.12.2021;0,646294818
18.12.2021;0,681438328
19.12.2021;0,684615097
20.12.2021;0,681579447
21.12.2021;0,67748959
22.12.2021;0,674390578
23.12.2021;0,671787039
24.12.2021;0,668764146
25.12.2021;0,665042419
26.12.2021;0,663779496
27.12.2021;0,671787043
28.12.2021;0,705805235
29.12.2021;0,756460612
30.12.2021;0,747233822
31.12.2021;0,732650722
1.01.2022;0,715846755
2.01.2022;0,711356286
3.01.2022;0,711427522
4.01.2022;0,709860835
5.01.2022;0,709291319
6.01.2022;0,704028055
7.01.2022;0,6856041
8.01.2022;0,679674872
9.01.2022;0,676784994
10.01.2022;0,65432474
11.01.2022;0,681367769
12.01.2022;0,672771896
13.01.2022;0,667148478
14.01.2022;0,657962971
15.01.2022;0,664200414
16.01.2022;0,660484395
17.01.2022;0,635021258
18.01.2022;0,600652104
19.01.2022;0,589977253
20.01.2022;0,594556526
21.01.2022;0,613988676
22.01.2022;0,609787939
23.01.2022;0,598595807
24.01.2022;0,571743303
25.01.2022;0,567002929
26.01.2022;0,551829504
27.01.2022;0,538892547
28.01.2022;0,532018568
29.01.2022;0,543844161
30.01.2022;0,534552127
31.01.2022;0,527159599
1.02.2022;0,544447121
2.02.2022;0,599281053
3.02.2022;0,620267606
4.02.2022;0,582272738
5.02.2022;0,565988348
6.02.2022;0,558628621
7.02.2022;0,540430403
8.02.2022;0,555596866
9.02.2022;0,568965679
10.02.2022;0,556270248
11.02.2022;0,533818421
12.02.2022;0,527425566
13.02.2022;0,577172228
14.02.2022;0,565515023
15.02.2022;0,562812092
16.02.2022;0,564974187
17.02.2022;0,571607748
18.02.2022;0,579415163
19.02.2022;0,590455293
20.02.2022;0,59578817
21.02.2022;0,604563573
22.02.2022;0,620889397
23.02.2022;0,592368376
24.02.2022;0,535019156
25.02.2022;0,473275305
26.02.2022;0,483728872
27.02.2022;0,490446124
28.02.2022;0,497251683
1.03.2022;0,467262913
2.03.2022;0,425979559
3.03.2022;0,418870161
4.03.2022;0,415421015
5.03.2022;0,415483662
6.03.2022;0,418556297
7.03.2022;0,418807388
8.03.2022;0,421571881
9.03.2022;0,455552712
10.03.2022;0,458633867
11.03.2022;0,435083578
12.03.2022;0,43641535
13.03.2022;0,443981575
14.03.2022;0,466294983
15.03.2022;0,480086419
16.03.2022;0,433119532
17.03.2022;0,441752783
18.03.2022;0,443854141
19.03.2022;0,445447749
20.03.2022;0,444491404
21.03.2022;0,442580283
22.03.2022;0,444682638
23.03.2022;0,478722265
24.03.2022;0,476904894
25.03.2022;0,467908488
26.03.2022;0,474246835
27.03.2022;0,482492273
28.03.2022;0,477683556
29.03.2022;0,479176875
30.03.2022;0,484966255
31.03.2022;0,49463143
1.04.2022;0,521382872
2.04.2022;0,550015276
3.04.2022;0,545921709
4.04.2022;0,520786148
5.04.2022;0,506120018
6.04.2022;0,52862281
7.04.2022;0,533018306
8.04.2022;0,530686259
9.04.2022;0,497972842
10.04.2022;0,499809704
11.04.2022;0,50414596
12.04.2022;0,494762362
13.04.2022;0,491818461
14.04.2022;0,498891068
15.04.2022;0,51079945
16.04.2022;0,507371231
17.04.2022;0,509216491
18.04.2022;0,534151897
19.04.2022;0,526361893
20.04.2022;0,525298747
21.04.2022;0,521449184
22.04.2022;0,523306736
23.04.2022;0,522245074
24.04.2022;0,519858265
25.04.2022;0,521382858
26.04.2022;0,522510439
27.04.2022;0,520123332
28.04.2022;0,524036921
29.04.2022;0,570997766
30.04.2022;0,563690216
1.05.2022;0,559774975
2.05.2022;0,560989364
3.05.2022;0,557213329
4.05.2022;0,554452567
5.05.2022;0,550149621
6.05.2022;0,545787611
7.05.2022;0,546189908
8.05.2022;0,545988733
9.05.2022;0,540497283
10.05.2022;0,533218306
11.05.2022;0,534885724
12.05.2022;0,528489756
13.05.2022;0,530886069
14.05.2022;0,514299364
15.05.2022;0,472045397
16.05.2022;0,481061407
17.05.2022;0,495482638
18.05.2022;0,491426269
19.05.2022;0,474635594
20.05.2022;0,473858167
21.05.2022;0,505461783
22.05.2022;0,526162519
23.05.2022;0,518334742
24.05.2022;0,512713773
25.05.2022;0,507832383
26.05.2022;0,49889106
27.05.2022;0,510997396
28.05.2022;0,508820934
29.05.2022;0,499350328
30.05.2022;0,438510237
31.05.2022;0,462042031
1.06.2022;0,513044005
2.06.2022;0,517076991
3.06.2022;0,503685625
4.06.2022;0,432929585
5.06.2022;0,395686733
6.06.2022;0,398286955
7.06.2022;0,438192665
8.06.2022;0,443790427
9.06.2022;0,441816429
10.06.2022;0,434196315
11.06.2022;0,442643963
12.06.2022;0,44391786
13.06.2022;0,437176835
14.06.2022;0,424782028
15.06.2022;0,434259673
16.06.2022;0,429956502
17.06.2022;0,418807382
18.06.2022;0,41529573
19.06.2022;0,415734271
20.06.2022;0,409043994
21.06.2022;0,403811609
22.06.2022;0,392597052
23.06.2022;0,360365636
24.06.2022;0,357171194
25.06.2022;0,3788339
26.06.2022;0,372853531
27.06.2022;0,37480353
28.06.2022;0,34030423
29.06.2022;0,320383767
30.06.2022;0,326830596
1.07.2022;0,326360552
2.07.2022;0,315077312
3.07.2022;0,319040269
4.07.2022;0,31420498
5.07.2022;0,319448994
6.07.2022;0,321260796
7.07.2022;0,307481615
8.07.2022;0,307597186
9.07.2022;0,318631681
10.07.2022;0,31828159
11.07.2022;0,317406807
12.07.2022;0,314670138
13.07.2022;0,314088712
14.07.2022;0,32207996
15.07.2022;0,311418006
16.07.2022;0,306672899
17.07.2022;0,307654984
18.07.2022;0,299995104
19.07.2022;0,293073467
20.07.2022;0,289260414
21.07.2022;0,279311532
22.07.2022;0,286820647
23.07.2022;0,291762925
24.07.2022;0,289601304
25.07.2022;0,2834261
26.07.2022;0,28789796
27.07.2022;0,294271494
28.07.2022;0,287841238
29.07.2022;0,281676733
30.07.2022;0,283426102
31.07.2022;0,281225783
1.08.2022;0,278074878
2.08.2022;0,275606251
3.08.2022;0,269239553
4.08.2022;0,258393637
5.08.2022;0,255921694
6.08.2022;0,257184274
7.08.2022;0,259659721
8.08.2022;0,253292535
9.08.2022;0,256415531
10.08.2022;0,263855926
11.08.2022;0,255263665
12.08.2022;0,240212042
13.08.2022;0,241182001
14.08.2022;0,246971344
15.08.2022;0,257129346
16.08.2022;0,249254692
17.08.2022;0,228715654
18.08.2022;0,237792153
19.08.2022;0,22892802
20.08.2022;0,218119828
21.08.2022;0,221004345
22.08.2022;0,224797392
23.08.2022;0,231694071
24.08.2022;0,253839627
25.08.2022;0,253019112
26.08.2022;0,250289639
27.08.2022;0,238974316
28.08.2022;0,241074176
29.08.2022;0,23254713
30.08.2022;0,230150254
31.08.2022;0,228503345
1.09.2022;0,223425475
2.09.2022;0,240589113
3.09.2022;0,217125986
4.09.2022;0,213476159
5.09.2022;0,213424158
6.09.2022;0,204279197
7.09.2022;0,210310727
8.09.2022;0,212021414
9.09.2022;0,205563552
10.09.2022;0,214308779
11.09.2022;0,2061809
12.09.2022;0,201820057
13.09.2022;0,204792646
14.09.2022;0,20571783
15.09.2022;0,198707907
16.09.2022;0,19469925
17.09.2022;0,194143057
18.09.2022;0,189109
19.09.2022;0,196370742
20.09.2022;0,194648669
21.09.2022;0,195407837
22.09.2022;0,196015817
23.09.2022;0,208036271
24.09.2022;0,204484533
25.09.2022;0,208139495
26.09.2022;0,209224268
27.09.2022;0,215663837
28.09.2022;0,220006602
29.09.2022;0,213008234
30.09.2022;0,191369342
1.10.2022;0,197030392
2.10.2022;0,186956795
3.10.2022;0,188708019
4.10.2022;0,191017193
5.10.2022;0,18925943
6.10.2022;0,192931211
7.10.2022;0,189710958
8.10.2022;0,197944867
9.10.2022;0,199115222
10.10.2022;0,195255932
11.10.2022;0,195458481
12.10.2022;0,196928864
13.10.2022;0,194496943
14.10.2022;0,201871195
15.10.2022;0,218067487
16.10.2022;0,211710076
17.10.2022;0,211450723
18.10.2022;0,20397131
19.10.2022;0,207417261
20.10.2022;0,199624723
21.10.2022;0,199064291
22.10.2022;0,195965134
23.10.2022;0,18981134
24.10.2022;0,189710958
25.10.2022;0,19267904
26.10.2022;0,191520319
27.10.2022;0,191268706
28.10.2022;0,190866337
29.10.2022;0,19182239
30.10.2022;0,18991174
31.10.2022;0,191017201
1.11.2022;0,186407434
2.11.2022;0,188457536
3.11.2022;0,18396634
4.11.2022;0,186157894
5.11.2022;0,186906828
6.11.2022;0,19016281
7.11.2022;0,186906831
8.11.2022;0,182823923
9.11.2022;0,183916625
10.11.2022;0,183916625
11.11.2022;0,183966342
12.11.2022;0,186058103
13.11.2022;0,186107994
14.11.2022;0,187256644
15.11.2022;0,187606666
16.11.2022;0,180891774
17.11.2022;0,18421498
18.11.2022;0,180199727
19.11.2022;0,170063484
20.11.2022;0,169239149
21.11.2022;0,177292223
22.11.2022;0,173861634
23.11.2022;0,189560413
24.11.2022;0,202587568
25.11.2022;0,191671333
26.11.2022;0,175966547
27.11.2022;0,174203759
28.11.2022;0,178128489
29.11.2022;0,176800873
30.11.2022;0,18600822
1.12.2022;0,222003423
2.12.2022;0,282409965
3.12.2022;0,269239556
4.12.2022;0,253511325
5.12.2022;0,244694125
6.12.2022;0,24501907
7.12.2022;0,23924323
8.12.2022;0,2195869
9.12.2022;0,213736251
10.12.2022;0,20839762
11.12.2022;0,281733115
12.12.2022;0,402319857
13.12.2022;0,404931356
14.12.2022;0,404931356
15.12.2022;0,402879095
16.12.2022;0,39934069
17.12.2022;0,372427324
18.12.2022;0,355426534
19.12.2022;0,336507197
20.12.2022;0,334080827
21.12.2022;0,326713072
22.12.2022;0,316765727
23.12.2022;0,318164906
24.12.2022;0,309795451
25.12.2022;0,297931046
26.12.2022;0,298503994
27.12.2022;0,28111308
28.12.2022;0,280380805
29.12.2022;0,271301285
30.12.2022;0,265074221
31.12.2022;0,253128468
1.01.2023;0,244802417
2.01.2023;0,264188036
3.01.2023;0,239458422
4.01.2023;0,233935315
5.01.2023;0,229512324
6.01.2023;0,220846718
7.01.2023;0,226489319
8.01.2023;0,22047905
9.01.2023;0,220006608
10.01.2023;0,238114389
11.01.2023;0,249200256
12.01.2023;0,212852334
13.01.2023;0,211398874
14.01.2023;0,213320151
15.01.2023;0,215976909
16.01.2023;0,224691768
17.01.2023;0,233134141
18.01.2023;0,267460076
19.01.2023;0,252745777
20.01.2023;0,255208854
21.01.2023;0,254058555
22.01.2023;0,270130564
23.01.2023;0,278749223
24.01.2023;0,280099308
25.01.2023;0,285970941
26.01.2023;0,34018539
27.01.2023;0,348949446
28.01.2023;0,330361862
29.01.2023;0,327712441
30.01.2023;0,326478045
31.01.2023;0,324716847
1.02.2023;0,322255568
2.02.2023;0,316998806
3.02.2023;0,314263105
4.02.2023;0,312578404
5.02.2023;0,311998057
6.02.2023;0,30777058
7.02.2023;0,304019905
8.02.2023;0,30125842
9.02.2023;0,298160189
10.02.2023;0,296328431
11.02.2023;0,291535167
12.02.2023;0,28676398
13.02.2023;0,283708539
14.02.2023;0,28269212
15.02.2023;0,279086566
16.02.2023;0,273926695
17.02.2023;0,273367488
18.02.2023;0,278299604
19.02.2023;0,283256668
20.02.2023;0,289317216
21.02.2023;0,293016455
22.02.2023;0,297072204
23.02.2023;0,289487655
24.02.2023;0,287274116
25.02.2023;0,290283429
26.02.2023;0,297701954
27.02.2023;0,30730827
28.02.2023;0,305287933
1.03.2023;0,297644687
2.03.2023;0,306153328
3.03.2023;0,310896206
4.03.2023;0,304250351
5.03.2023;0,29947871
6.03.2023;0,310316736
7.03.2023;0,3175234
8.03.2023;0,34006657
9.03.2023;0,354464935
10.03.2023;0,361150334
11.03.2023;0,373706324
12.03.2023;0,382323836
13.03.2023;0,369326061
14.03.2023;0,361573054
15.03.2023;0,369447552
16.03.2023;0,365201807
17.03.2023;0,388774689
18.03.2023;0,376695156
19.03.2023;0,373340778
20.03.2023;0,371940403
21.03.2023;0,384409564
22.03.2023;0,390992931
23.03.2023;0,395377472
24.03.2023;0,38545355
25.03.2023;0,385822199
26.03.2023;0,392288433
27.03.2023;0,38232384
28.03.2023;0,38606801
29.03.2023;0,382998299
30.03.2023;0,37547446
31.03.2023;0,364475291
1.04.2023;0,35753245
2.04.2023;0,359340169
3.04.2023;0,369447552
4.04.2023;0,360667385
5.04.2023;0,357532441
6.04.2023;0,359943285
7.04.2023;0,35404446
8.04.2023;0,353263937
9.04.2023;0,350865238
10.04.2023;0,35795403
11.04.2023;0,360305288
12.04.2023;0,358918148
13.04.2023;0,355546777
14.04.2023;0,355667034
15.04.2023;0,353924353
16.04.2023;0,353023866
17.04.2023;0,352064032
18.04.2023;0,351644329
19.04.2023;0,347155972
20.04.2023;0,347335205
21.04.2023;0,346917028
22.04.2023;0,345782665
23.04.2023;0,345543979
24.04.2023;0,353444022
25.04.2023;0,380914596
26.04.2023;0,383059635
27.04.2023;0,380241103
28.04.2023;0,36811177
29.04.2023;0,366898535
30.04.2023;0,367687018
1.05.2023;0,360184608
2.05.2023;0,337929725
3.05.2023;0,348231756
4.05.2023;0,344947458
5.05.2023;0,374132912
6.05.2023;0,41266701
7.05.2023;0,401512428
8.05.2023;0,392103287
9.05.2023;0,385822197
10.05.2023;0,380914596
11.05.2023;0,378161379
12.05.2023;0,374376741
13.05.2023;0,368597358
14.05.2023;0,366231716
15.05.2023;0,361512662
16.05.2023;0,361754258
17.05.2023;0,364354234
18.05.2023;0,360667391
19.05.2023;0,359762323
20.05.2023;0,359641694
21.05.2023;0,359822641
22.05.2023;0,36459635
23.05.2023;0,358435998
24.05.2023;0,355606904
25.05.2023;0,350445916
26.05.2023;0,343934023
27.05.2023;0,334731326
28.05.2023;0,338107653
29.05.2023;0,340304228
30.05.2023;0,339947765
31.05.2023;0,340125984
1.06.2023;0,336625672
2.06.2023;0,339057047
3.06.2023;0,327124467
4.06.2023;0,327065692
5.06.2023;0,3268306
6.06.2023;0,322431204
7.06.2023;0,320266877
8.06.2023;0,320617573
9.06.2023;0,315077308
10.06.2023;0,310200867
11.06.2023;0,320909905
12.06.2023;0,322314109
13.06.2023;0,307077183
14.06.2023;0,304135121
15.06.2023;0,304192732
16.06.2023;0,299765562
17.06.2023;0,304941962
18.06.2023;0,470363686
19.06.2023;0,308985058
20.06.2023;0,299995101
21.06.2023;0,293814937
22.06.2023;0,293757885
23.06.2023;0,293016456
24.06.2023;0,282409965
25.06.2023;0,295242321
26.06.2023;0,297186673
27.06.2023;0,298332075
28.06.2023;0,292218575
29.06.2023;0,292104649
30.06.2023;0,2852351
1.07.2023;0,277850202
2.07.2023;0,270464904
3.07.2023;0,271915097
4.07.2023;0,281000384
5.07.2023;0,281169431
6.07.2023;0,270241999
7.07.2023;0,260596662
8.07.2023;0,253292535
9.07.2023;0,268238183
10.07.2023;0,247949173
11.07.2023;0,245289942
12.07.2023;0,24215311
13.07.2023;0,250453158
14.07.2023;0,244802422
15.07.2023;0,23892054
16.07.2023;0,237631081
17.07.2023;0,231161376
18.07.2023;0,264852594
19.07.2023;0,253347223
20.07.2023;0,241937207
21.07.2023;0,221267133
22.07.2023;0,230097076
23.07.2023;0,223900089
24.07.2023;0,229087334
25.07.2023;0,224744578
26.07.2023;0,223583644
27.07.2023;0,262970904
28.07.2023;0,207211043
29.07.2023;0,216603451
30.07.2023;0,21321616
31.07.2023;0,194648675
1.08.2023;0,19601582
2.08.2023;0,205769264
3.08.2023;0,188958604
4.08.2023;0,190866339
5.08.2023;0,191923115
6.08.2023;0,201717786
7.08.2023;0,18810704
8.08.2023;0,19237656
9.08.2023;0,193486356
10.08.2023;0,188808237
11.08.2023;0,193133025
12.08.2023;0,204998132
13.08.2023;0,196269313
14.08.2023;0,18825723
15.08.2023;0,209689682
16.08.2023;0,193385386
17.08.2023;0,182228744
18.08.2023;0,17832543
19.08.2023;0,180051536
20.08.2023;0,171667223
21.08.2023;0,180051536
22.08.2023;0,169336067
23.08.2023;0,195661094
24.08.2023;0,168609615
25.08.2023;0,165954277
26.08.2023;0,166870092
27.08.2023;0,168174205
28.08.2023;0,1662915
29.08.2023;0,163407955
30.08.2023;0,162976781
31.08.2023;0,162306773
1.09.2023;0,161064776
2.09.2023;0,161446614
3.09.2023;0,161255657
4.09.2023;0,159492695
5.09.2023;0,176309943
6.09.2023;0,236182889
7.09.2023;0,267071263
8.09.2023;0,250671251
9.09.2023;0,255921689
10.09.2023;0,268794363
11.09.2023;0,260762107
12.09.2023;0,25258182
13.09.2023;0,232280451
14.09.2023;0,232173802
15.09.2023;0,229034227
16.09.2023;0,228928018
17.09.2023;0,2085009
18.09.2023;0,235968563
19.09.2023;0,193183491
20.09.2023;0,202536378
21.09.2023;0,194041986
22.09.2023;0,190765783
23.09.2023;0,185360045
24.09.2023;0,190363736
25.09.2023;0,225537147
26.09.2023;0,482232036
27.09.2023;1,907143728
28.09.2023;1,517077308
29.09.2023;0,847197208
30.09.2023;0,34739496
1.10.2023;0,317057079
2.10.2023;0,313856232
3.10.2023;0,310838247
4.10.2023;0,310027104
5.10.2023;0,306672901
6.10.2023;0,306788401
7.10.2023;0,31327522
8.10.2023;0,316357944
9.10.2023;0,308695779
10.10.2023;0,309505956
11.10.2023;0,308464404
12.10.2023;0,307886184
13.10.2023;0,301948139
14.10.2023;0,295699502
15.10.2023;0,289374021
16.10.2023;0,289828629
17.10.2023;0,292389499
18.10.2023;0,304307963
19.10.2023;0,285744465
20.10.2023;0,285121947
21.10.2023;0,287217421
22.10.2023;0,281733114
23.10.2023;0,275886458
24.10.2023;0,281902289
25.10.2023;0,275774367
26.10.2023;0,291762925
27.10.2023;0,289146799
28.10.2023;0,28224071
29.10.2023;0,29552803
30.10.2023;0,271189715
31.10.2023;0,28348258
1.11.2023;0,245669324
2.11.2023;0,250562196
3.11.2023;0,2542228
4.11.2023;0,264575636
5.11.2023;0,238383022
6.11.2023;0,247949174
7.11.2023;0,281789511
8.11.2023;0,2189054
9.11.2023;0,22426944
10.11.2023;0,2328139
11.11.2023;0,254551358
12.11.2023;0,273479308
13.11.2023;0,261589786
14.11.2023;0,264797196
15.11.2023;0,272808616
16.11.2023;0,256964561
17.11.2023;0,249690306
18.11.2023;0,250071648
19.11.2023;0,243287494
20.11.2023;0,242531058
21.11.2023;0,241343773
22.11.2023;0,236611709
23.11.2023;0,236558096
24.11.2023;0,230150256
25.11.2023;0,248873712
26.11.2023;0,314321244
27.11.2023;0,313507586
28.11.2023;0,335914952
29.11.2023;0,602023878
30.11.2023;0,611646466
1.12.2023;0,557887165
2.12.2023;0,518732073
3.12.2023;0,490772794
4.12.2023;0,47126906
5.12.2023;0,474570789
6.12.2023;0,487508585
7.12.2023;0,485226856
8.12.2023;0,506185851
9.12.2023;0,529221692
10.12.2023;0,532351771
11.12.2023;0,527758069
12.12.2023;0,521250242
13.12.2023;0,504211739
14.12.2023;0,461269815
15.12.2023;0,453373404
16.12.2023;0,507437104
17.12.2023;0,494827826
18.12.2023;0,480021434
19.12.2023;0,474117282
20.12.2023;0,470299049
21.12.2023;0,457670439
22.12.2023;0,463845106
23.12.2023;0,464167281
24.12.2023;0,459983503
25.12.2023;0,448256037
26.12.2023;0,444746389
27.12.2023;0,442007369
28.12.2023;0,433246188
29.12.2023;0,430462189
30.12.2023;0,436542251
31.12.2023;0,42642097
1.01.2024;0,408170711
2.01.2024;0,422075019
3.01.2024;0,420189045
4.01.2024;0,409605645
5.01.2024;0,389513733
6.01.2024;0,385392118
7.01.2024;0,406861703
8.01.2024;0,427430364
9.01.2024;0,422137922
10.01.2024;0,416235609
11.01.2024;0,409792902
12.01.2024;0,410916935
13.01.2024;0,409293592
14.01.2024;0,407921291
15.01.2024;0,412166787
16.01.2024;0,533485014
17.01.2024;0,554048808
18.01.2024;0,533818437
19.01.2024;0,541634675
20.01.2024;0,514960365
21.01.2024;0,507239483
22.01.2024;0,495024248
23.01.2024;0,485682992
24.01.2024;0,474311624
25.01.2024;0,4666821
26.01.2024;0,460176389
27.01.2024;0,45632252
28.01.2024;0,451580656
29.01.2024;0,445639093
30.01.2024;0,444618901
31.01.2024;0,445001407
1.02.2024;0,441816425
2.02.2024;0,439082012
3.02.2024;0,434703271
4.02.2024;0,432802966
5.02.2024;0,431031272
6.02.2024;0,429514156
7.02.2024;0,429261436
8.02.2024;0,430525414
9.02.2024;0,431474017
10.02.2024;0,428945587
11.02.2024;0,424089116
12.02.2024;0,435083589
13.02.2024;0,4334995
14.02.2024;0,429956502
15.02.2024;0,426420972
16.02.2024;0,421634763
17.02.2024;0,416799787
18.02.2024;0,41247941
19.02.2024;0,410292372
20.02.2024;0,406612489
21.02.2024;0,404620233
22.02.2024;0,401326165
23.02.2024;0,398844728
24.02.2024;0,402257737
25.02.2024;0,404122568
26.02.2024;1,135712169
27.02.2024;1,738517541
28.02.2024;1,238749488
29.02.2024;1,056650751
1.03.2024;1,551337301
2.03.2024;1,796139517
3.03.2024;1,435489065
4.03.2024;1,19665309
5.03.2024;1,290356708
6.03.2024;1,068311783
7.03.2024;0,95189873
8.03.2024;0,889905138
9.03.2024;0,830455231
10.03.2024;0,786612285
11.03.2024;0,750835171
12.03.2024;0,740257843
13.03.2024;0,751123421
14.03.2024;0,722057941
15.03.2024;0,706445235
16.03.2024;0,687441635
17.03.2024;0,69770932
18.03.2024;0,689563238
19.03.2024;0,668412845
20.03.2024;0,663218359
21.03.2024;0,648178092
22.03.2024;0,643298085
23.03.2024;0,636758069
24.03.2024;0,626284165
25.03.2024;0,626076496
26.03.2024;0,616401914
27.03.2024;0,616332931
28.03.2024;0,625245908
29.03.2024;0,702393938
30.03.2024;0,795136916
31.03.2024;0,715846746
1.04.2024;0,686169385
2.04.2024;0,690624561
3.04.2024;0,692819139
4.04.2024;0,695227848
5.04.2024;0,685321515
6.04.2024;0,644830903
7.04.2024;0,635924268
8.04.2024;0,662587225
9.04.2024;0,665393319
10.04.2024;0,658032965
11.04.2024;0,653276088
12.04.2024;0,667850818
13.04.2024;0,676432752
14.04.2024;0,652577198
15.04.2024;0,653345989
16.04.2024;0,647689714
17.04.2024;0,602641405
18.04.2024;0,549545143
19.04.2024;0,549075113
20.04.2024;0,558426376
21.04.2024;0,557011211
22.04.2024;0,55377969
23.04.2024;0,545184295
24.04.2024;0,539293616
25.04.2024;0,52809063
26.04.2024;0,52204609
27.04.2024;0,507371231
28.04.2024;0,502305217
29.04.2024;0,496727362
30.04.2024;0,495286175
1.05.2024;0,491883837
2.05.2024;0,469458767
3.05.2024;0,477488865
4.05.2024;0,498563085
5.05.2024;0,487704279
6.05.2024;0,497645028
7.05.2024;0,474894806
8.05.2024;0,474959618
9.05.2024;0,480736367
10.05.2024;0,490315485
11.05.2024;0,487117241
12.05.2024;0,488422022
13.05.2024;0,479501673
14.05.2024;0,479826516
15.05.2024;0,473922939
16.05.2024;0,469523397
17.05.2024;0,467650234
18.05.2024;0,460948149
19.05.2024;0,458505377
20.05.2024;0,451388686
21.05.2024;0,449214421
22.05.2024;0,448767111
23.05.2024;0,449406155
24.05.2024;0,443535595
25.05.2024;0,441816427
26.05.2024;0,456258351
27.05.2024;0,449214423
28.05.2024;0,439526854
29.05.2024;0,443981579
30.05.2024;0,443471889
31.05.2024;0,436796057
1.06.2024;0,427114863
2.06.2024;0,413980835
3.06.2024;0,411604232
4.06.2024;0,418995721
5.06.2024;0,438065657
6.06.2024;0,417552348
7.06.2024;0,409355991
8.06.2024;0,394759165
9.06.2024;0,397295873
10.06.2024;0,393955729
11.06.2024;0,386928684
12.06.2024;0,367080457
13.06.2024;0,368172457
14.06.2024;0,368233148
15.06.2024;0,353023872
16.06.2024;0,350745407
17.06.2024;0,33160025
18.06.2024;0,333607947
19.06.2024;0,332308471
20.06.2024;0,315368237
21.06.2024;0,310722334
22.06.2024;0,304653735
23.06.2024;0,322021425
24.06.2024;0,314204976
25.06.2024;0,310606429
26.06.2024;0,301315883
27.06.2024;0,30079886
28.06.2024;0,300454311
29.06.2024;0,307481609
30.06.2024;0,298446687
1.07.2024;0,298503994
2.07.2024;0,295070928
3.07.2024;0,289999158
4.07.2024;0,302638286
5.07.2024;0,305230264
6.07.2024;0,293073467
7.07.2024;0,261368997
8.07.2024;0,258008661
9.07.2024;0,252308626
10.07.2024;0,2321738
11.07.2024;0,252964442
12.07.2024;0,240589114
13.07.2024;0,227866767
14.07.2024;0,220374032
15.07.2024;0,219954124
16.07.2024;0,216133491
17.07.2024;0,216812416
18.07.2024;0,209896634
19.07.2024;0,207468821
20.07.2024;0,2051009
21.07.2024;0,242423052
22.07.2024;0,213112195
23.07.2024;0,234951287
24.07.2024;0,220531564
25.07.2024;0,223794593
26.07.2024;0,227230715
27.07.2024;0,211969511
28.07.2024;0,215298762
29.07.2024;0,234469878
30.07.2024;0,211087796
31.07.2024;0,192275767
1.08.2024;0,193637838
2.08.2024;0,161637633
3.08.2024;0,160206677
4.08.2024;0,182278321
5.08.2024;0,187756734
6.08.2024;0,181980927
7.08.2024;0,187306641
8.08.2024;0,194851032
9.08.2024;0,195559783
10.08.2024;0,186307611
11.08.2024;0,169529955
12.08.2024;0,169481478
13.08.2024;0,166532504
14.08.2024;0,162115503
15.08.2024;0,184364209
16.08.2024;0,187956885
17.08.2024;0,182575862
18.08.2024;0,178522436
19.08.2024;0,181683687
20.08.2024;0,193435869
21.08.2024;0,192174988
22.08.2024;0,173275613
23.08.2024;0,164799706
24.08.2024;0,171229377
25.08.2024;0,178473175
26.08.2024;0,171569894
27.08.2024;0,170063491
28.08.2024;0,175182403
29.08.2024;0,178079261
30.08.2024;0,175721384
31.08.2024;0,179163181
1.09.2024;0,169626921
2.09.2024;0,172300275
3.09.2024;0,16744931
4.09.2024;0,167690834
5.09.2024;0,167594207
6.09.2024;0,160444893
7.09.2024;0,167690831
8.09.2024;0,161160207
9.09.2024;0,165521021
10.09.2024;0,160683221
11.09.2024;0,162115509
12.09.2024;0,170306183
13.09.2024;0,158304948
14.09.2024;0,164415405
15.09.2024;0,167111363
16.09.2024;0,163360024
17.09.2024;0,151611778
18.09.2024;0,160921663
19.09.2024;0,167545907
20.09.2024;0,171861933
21.09.2024;0,167739152
22.09.2024;0,153722985
23.09.2024;0,134564367
24.09.2024;0,132048125
25.09.2024;0,130617148
26.09.2024;0,12648705
27.09.2024;0,122443852
28.09.2024;0,13209293
29.09.2024;0,121745051
30.09.2024;0,12384535
;
;
;
;
;
;
;
;
;
;
;
;
;
;
;
;
;
;
;
;
;
;
;
;
;
;
;
;
;
;
;
;
;
;
;
;
;
;
;
;
;
;
;
;
;
;
;
;
;
;
;
;
;
;
;
;
;
;
;
;
;
;
;
;
;
;
;
;
;
;
;
;
;
;
;
;
;
;
;
;
;
;
;
;
;
;
;
;
;
;
;
;
;
;
;
;
;
;
;
;
;
;
;
;
;
;
;
;
;
;
;
;
;
;
;
;
;
;
;
;
;
;
;
;
;
;
;
;
;
;
;
;
;
;
;
;
;
;
;
;
;
;
;
;
;
;
;
;
;
;
;
;
;
;
;
;
;
;
;
;
;
;
;
;
;
;
;
;
;
;
;
;
;
;
;
;
;
;
;
;
;
;
;
;
;
;
;
;
;
;
;
;
;
;
;
;
;
;
;
;
;
;
;
;
;
;
;
;
;
;
;
;
;
;
;
;
;
;
;
;
;
;
;
;
;
;
;
;
;
;
;
;
;
;
;
;
;
;
;
;
;
;
;
;
;
;
;
;
;
;
;
;
;
;
;
;
;
;
;
;
;
;
;
;
;
;
;
;
;
;
;
;
;
;
;
;
;
;
;
;
;
;
;
;
;
;
;
;
;
;
;
;
;
;
;
;
;
;
;
;
;
;
;
;
;
;
;
;
;
;
;
;
;
;
;
;
;
;
;
;
;
;
;
;
;
;
;
;
;
;
;
;
;
;
;
;
;
;
;
;
;
;
;
;
;
;
;
;
;
;
;
;
;
;
;
;
;
;
;
;
;
;
;
;
;
;
;
;
;
;
;
;
;
;
;
;
;
;
;
;
;
;
;
;
;
;
;
;
;
;
;
;
;
;
;
;
;
;
;
;
;
;
;
;
;
;
;
;
;
;
;
;
;
;
;
;
;
;
;
;
;
;
;
;
;
;
;
;
;
;
;
;
;
;
;
;
;
;
;
;
;
;
;
;
;
;
;
;
;
;
;
;
;
;
;
;
;
;
;
;
;
;
;
;
;
;
;
;
;
;
;
;
;
;
;
;
;
;
;
;
;
;
;
;
;
;
;
;
;
;
;
;
;
;
;
;
;
;
;
;
;
;
;
;
;
;
;
;
;
;
;
;
;
;
;
;
;
;
;
;
;
;
;
;
;
;
;
;
;
;
;
;
;
;
;
;
;
;
;
;
;
;
;
;
;
;
;
;
;
;
;
;
;
;
;
;
;
;
;
;
;
;
;
;
;
;
;
;
;
;
;
;
;
;
;
;
;
;
;
;
;
;
;
;
;
;
;
;
;
;
;
;
;
;
;
;
;
;
;
;
;
;
;
;
;
;
;
;
;
;
;
;
;
;
;
;
;
;
;
;
;
;
;
;
;
;
;
;
;
;
;
;
;
;
;
;
;
;
;
;
;
;
;
;
;
;
;
;
;
;
;
;
;
;
;
;
;
;
;
;
;
;
;
;
;
;
;
;
;
;
;
;
;
;
;
;
;
;
;
;
;
;
;
;
;
;
;
;
;
;
;
;
;
;
;
;
;
;
;
;
;
;
;
;
;
;
;
;
;
;
;
;
;
;
;
;
;
;
;
;
;
;
;
;
;
;
;
;
;
;
;
;
;
;
;
;
;
;
;
;
;
;
;
;
;
;
;
;
;
;
;
;
;
;
;
;
;
;
;
;
;
;
;
;
;
;
;
;
;
;
;
;
;
;
;
;
;
;
;
;
;
;
;
;
;
;
;
;
;
;
;
;
;
;
;
;
;
;
;
;
;
;
;
;
;
;
;
;
;
;
;
;
;
;
;
;
;
;
;
;
;
;
;
;
;
;
;
;
;
;
;
;
;
;
;
;
;
;
;
;
;
;
;
;
;
;
;
;
;
;
;
;
;
;
;
;
;
;
;
;
;
;
;
;
;
;
;
;
;
;
;
;
;
;
;
;
;
;
;
;
;
;
;
;
;
;
;
;
;
;
;
;
;
;
;
;
;
;
;
;
;
;
;
;
;
;
;
;
;
;
;
;
;
;
;
;
;
;
;
;
;
;
;
;
;
;
;
;
;
;
;
;
;
;
;
;
;
;
;
;
;
;
;
;
;
;
;
;
;
;
;
;
;
;
;
;
;
;
;
;
;
;
;
;
;
;
;
;
;
;
;
;
;
;
;
;
;
;
;
;
;
;
;
;
;
;
;
;
;
;
;
;
;
;
;
;
;
;
;
;
;
;
;
;
;
;
;
;
;
;
;
;
;
;
;
;
;
;
;
;
;
;
;
;
;
;
;
;
;
;
;
;
;
;
;
;
;
;
;
;
;
;
;
;
;
;
;
;
;
;
;
;
;
;
;
;
;
;
;
;
;
;
;
;
;
;
;
;
;
;
;
;
;
;
;
;
;
;
;
;
;
;
;
;
;
;
;
;
;
;
;
;
;
;
;
;
;
;
;
;
;
;
;
;
;
;
;
;
;
;
;
;
;
;
;
;
;
;
;
;
;
;
;
;
;
;
;
;
;
;
;
;
;
;
;
;
;
;
;
;
;
;
;
;
;
;
;
;
;
;
;
;
;
;
;
;
;
;
;
;
;
;
;
;
;
;
;
;
;
;
;
;
;
;
;
;
;
;
;
;
;
;
;
;
;
;
;
;
;
;
;
;
;
;
;
;
;
;
;
;
;
;
;
;
;
;
;
;
;
;
;
;
;
;
;
;
;
;
;
;
;
;
;
;
;
;
;
;
;
;
;
;
;
;
;
;
;
;
;
;
;
;
;
;
;
;
;
;
;
;
;
;
;
;
;
;
;
;
;
;
;
;
;
;
;
;
;
;
;
;
;
;
;
;
;
;
;
;
;
;
;
;
;
;
;
;
;
;
;
;
;
;
;
;
;
;
;
;
;
;
;
;
;
;
;
;
;
;
;
;
;
;
;
;
;
;
;
;
;
;
;
;
;
;
;
;
;
;
;
;
;
;
;
;
;
;
;
;
;
;
;
;
;
;
;
;
;
;
;
;
;
;
;
;
;
;
;
;
;
;
;
;
;
;
;
;
;
;
;
;
;
;
;
;
;
;
;
;
;
;
;
;
;
;
;
;
;
;
;
;
;
;
;
;
;
;
;
;
;
;
;
;
;
;
;
;
;
;
;
;
;
;
;
;
;
;
;
;
;
;
;
;
;
;
;
;
;
;
;
;
;
;
;
;
;
;
;
;
;
;
;
;
;
;
;
;
;
;
;
;
;
;
;
;
;
;
;
;
;
;
;
;
;
;
;
;
;
;
;
;
;
;
;
;
;
;
;
;
;
;
;
;
;
;
;
;
;
;
;
;
;
;
;
;
;
;
;
;
;
;
;
;
;
;
;
;
;
;
;
;
;
;
;
;
;
;
;
;
;
;
;
;
;
;
;
;
;
;
;
;
;
;
;
;
;
;
;
;
;
;
;
;
;
;
;
;
;
;
;
;
;
;
;
;
;
;
;
;
;
;
;
;
;
;
;
;
;
;
;
;
;
;
;
;
;
;
;
;
;
;
;
;
;
;
;
;
;
;
;
;
;
;
;
;
;
;
;
;
;
;
;
;
;
;
;
;
;
;
;
;
;
;
;
;
;
;
;
;
;
;
;
;
;
;
;
;
;
;
;
;
;
;
;
;
;
;
;
;
;
;
;
;
;
;
;
;
;
;
;
;
;
;
;
;
;
;
;
;
;
;
;
;
;
;
;
;
;
;
;
;
;
;
;
;
;
;
;
;
;
;
;
;
;
;
;
;
;
;
;
;
;
;
;
;
;
;
;
;
;
;
;
;
;
;
;
;
;
;
;
;
;
;
;
;
;
;
;
;
;
;
;
;
;
;
;
;
;
;
;
;
;
;
;
;
;
;
;
;
;
;
;
;
;
;
;
;
;
;
;
;
;
;
;
;
;
;
;
;
;
;
;
;
;
;
;
;
;
;
;
;
;
;
;
;
;
;
;
;
;
;
;
;
;
;
;
;
;
;
;
;
;
;
;
;
;
;
;
;
;
;
;
;
;
;
;
;
;
;
;
;
;
;
;
;
;
;
;
;
;
;
;
;
;
;
;
;
;
;
;
;
;
;
;
;
;
;
;
;
;
;
;
;
;
;
;
;
;
;
;
;
;
;
;
;
;
;
;
;
;
;
;
;
;
;
;
;
;
;
;
;
;
;
;
;
;
;
;
;
;
;
;
;
;
;
;
;
;
;
;
;
;
;
;
;
;
;
;
;
;
;
;
;
;
;
;
;
;
;
;
;
;
;
;
;
;
;
;
;
;
;
;
;
;
;
;
;
;
;
;
;
;
;
;
;
;
;
;
;
;
;
;
;
;
;
;
;
;
;
;
;
;
;
;
;
;
;
;
;
;
;
;
;
;
;
;
;
;
;
;
;
;
;
;
;
;
;
;
;
;
;
;
;
;
;
;
;
;
;
;
;
;
;
;
;
;
;
;
;
;
;
;
;
;
;
;
;
;
;
;
;
;
;
;
;
;
;
;
;
;
;
;
;
;
;
;
;
;
;
;
;
;
;
;
;
;
;
;
;
;
;
;
;
;
;
;
;
;
;
;
;
;
;
;
;
;
;
;
;
;
;
;
;
;
;
;
;
;
;
;
;
;
;
;
;
;
;
;
;
;
;
;
;
;
;
;
;
;
;
;
;
;
;
;
;
;
;
;
;
;
;
;
;
;
;
;
;
;
;
;
;
;
;
;
;
;
;
;
;
;
;
;
;
;
;
;
;
;
;
;
;
;
;
;
;
;
;
;
;
;
;
;
;
;
;
;
;
;
;
;
;
;
;
;
;
;
;
;
;
;
;
;
;
;
;
;
;
;
;
;
;
;
;
;
;
;
;
;
;
;
;
;
;
;
;
;
;
;
;
;
;
;
;
;
;
;
;
;
;
;
;
;
;
;
;
;
;
;
;
;
;
;
;
;
;
;
;
;
;
;
;
;
;
;
;
;
;
;
;
;
;
;
;
;
;
;
;
;
;
;
;
;
;
;
;
;
;
;
;
;
;
;
;
;
;
;
;
;
;
;
;
;
;
;
;
;
;
;
;
;
;
;
;
;
;
;
;
;
;
;
;
;
;
;
;
;
;
;
;
;
;
;
;
;
;
;
;
;
;
;
;
;
;
;
;
;
;
;
;
;
;
;
;
;
;
;
;
;
;
;
;
;
;
;
;
;
;
;
;
;
;
;
;
;
;
;
;
;
;
;
;
;
;
;
;
;
;
;
;
;
;
;
;
;
;
;
;
;
;
;
;
;
;
;
;
;
;
;
;
;
;
;
;
;
;
;
;
;
;
;
;
;
;
;
;
;
;
;
;
;
;
;
;
;
;
;
;
;
;
;
;
;
;
;
;
;
;
;
;
;
;
;
;
;
;
;
;
;
;
;
;
;
;
;
;
;
;
;
;
;
;
;
;
;
;
;
;
;
;
;
;
;
;
;
;
;
;
;
;
;
;
;
;
;
;
;
;
;
;
;
;
;
;
;
;
;
;
;
;
;
;
;
;
;
;
;
;
;
;
;
;
;
;
;
;
;
;
;
;
;
;
;
;
;
;
;
;
;
;
;
;
;
;
;
;
;
;
;
;
;
;
;
;
;
;
;
;
;
;
;
;
;
;
;
;
;
;
;
;
;
;
;
;
;
;
;
;
;
;
;
;
;
;
;
;
;
;
;
;
;
;
;
;
;
;
;
;
;
;
;
;
;
;
;
;
;
;
;
;
;
;
;
;
;
;
;
;
;
;
;
;
;
;
;
;
;
;
;
;
;
;
;
;
;
;
;
;
;
;
;
;
;
;
;
;
;
;
;
;
;
;
;
;
;
;
;
;
;
;
;
;
;
;
;
;
;
;
;
;
;
;
;
;
;
;
;
;
;
;
;
;
;
;
;
;
;
;
;
;
;
;
;
;
;
;
;
;
;
;
;
;
;
;
;
;
;
;
;
;
;
;
;
;
;
;
;
;
;
;
;
;
;
;
;
;
;
;
;
;
;
;
;
;
;
;
;
;
;
;
;
;
;
;
;
;
;
;
;
;
;
;
;
;
;
;
;
;
;
;
;
;
;
;
;
;
;
;
;
;
;
;
;
;
;
;
;
;
;
;
;
;
;
;
;
;
;
;
;
;
;
;
;
;
;
;
;
;
;
;
;
;
;
;
;
;
;
;
;
;
;
;
;
;
;
;
;
;
;
;
;
;
;
;
;
;
;
;
;
;
;
;
;
;
;
;
;
;
;
;
;
;
;
;
;
;
;
;
;
;
;
;
;
;
;
;
;
;
;
;
;
;
;
;
;
;
;
;
;
;
;
;
;
;
;
;
;
;
;
;
;
;
;
;
;
;
;
;
;
;
;
;
;
;
;
;
;
;
;
;
;
;
;
;
;
;
;
;
;
;
;
;
;
;
;
;
;
;
;
;
;
;
;
;
;
;
;
;
;
;
;
;
;
;
;
;
;
;
;
;
;
;
;
;
;
;
;
;
;
;
;
;
;
;
;
;
;
;
;
;
;
;
;
;
;
;
;
;
;
;
;
;
;
;
;
;
;
;
;
;
;
;
;
;
;
;
;
;
;
;
;
;
;
;
;
;
;
;
;
;
;
;
;
;
;
;
;
;
;
;
;
;
;
;
;
;
;
;
;
;
;
;
;
;
;
;
;
;
;
;
;
;
;
;
;
;
;
;
;
;
;
;
;
;
;
;
;
;
;
;
;
;
;
;
;
;
;
;
;
;
;
;
;
;
;
;
;
;
;
;
;
;
;
;
;
;
;
;
;
;
;
;
;
;
;
;
;
;
;
;
;
;
;
;
;
;
;
;
;
;
;
;
;
;
;
;
;
;
;
;
;
;
;
;
;
;
;
;
;
;
;
;
;
;
;
;
;
;
;
;
;
;
;
;
;
;
;
;
;
;
;
;
;
;
;
;
;
;
;
;
;
;
;
;
;
;
;
;
;
;
;
;
;
;
;
;
;
;
;
;
;
;
;
;
;
;
;
;
;
;
;
;
;
;
;
;
;
;
;
;
;
;
;
;
;
;
;
;
;
;
;
;
;
;
;
;
;
;
;
;
;
;
;
;
;
;
;
;
;
;
;
;
;
;
;
;
;
;
;
;
;
;
;
;
;
;
;
;
;
;
;
;
;
;
;
;
;
;
;
;
;
;
;
;
;
;
;
;
;
;
;
;
;
;
;
;
;
;
;
;
;
;
;
;
;
;
;
;
;
;
;
;
;
;
;
;
;
;
;
;
;
;
;
;
;
;
;
;
;
;
;
;
;
;
;
;
;
;
;
;
;
;
;
;
;
;
;
;
;
;
;
;
;
;
;
;
;
;
;
;
;
;
;
;
;
;
;
;
;
;
;
;
;
;
;
;
;
;
;
;
;
;
;
;
;
;
;
;
;
;
;
;
;
;
;
;
;
;
;
;
;
;
;
;
;
;
;
;
;
;
;
;
;
;
;
;
;
;
;
;
;
;
;
;
;
;
;
;
;
;
;
;
;
;
;
;
;
;
;
;
;
;
;
;
;
;
;
;
;
;
;
;
;
;
;
;
;
;
;
;
;
;
;
;
;
;
;
;
;
;
;
;
;
;
;
;
;
;
;
;
;
;
;
;
;
;
;
;
;
;
;
;
;
;
;
;
;
;
;
;
;
;
;
;
;
;
;
;
;
;
;
;
;
;
;
;
;
;
;
;
;
;
;
;
;
;
;
;
;
;
;
;
;
;
;
;
;
;
;
;
;
;
;
;
;
;
;
;
;
;
;
;
;
;
;
;
;
;
;
;
;
;
;
;
;
;
;
;
;
;
;
;
;
;
;
;
;
;
;
;
;
;
;
;
;
;
;
;
;
;
;
;
;
;
;
;
;
;
;
;
;
;
;
;
;
;
;
;
;
;
;
;
;
;
;
;
;
;
;
;
;
;
;
;
;
;
;
;
;
;
;
;
;
;
;
;
;
;
;
;
;
;
;
;
;
;
;
;
;
;
;
;
;
;
;
;
;
;
;
;
;
;
;
;
;
;
;
;
;
;
;
;
;
;
;
;
;
;
;
;
;
;
;
;
;
;
;
;
;
;
;
;
;
;
;
;
;
;
;
;
;
;
;
;
;
;
;
;
;
;
;
;
;
;
;
;
;
;
;
;
;
;
;
;
;
;
;
;
;
;
;
;
;
;
;
;
;
;
;
;
;
;
;
;
;
;
;
;
;
;
;
;
;
;
;
;
;
;
;
;
;
;
;
;
;
;
;
;
;
;
;
;
;
;
;
;
;
;
;
;
;
;
;
;
;
;
;
;
;
;
;
;
;
;
;
;
;
;
;
;
;
;
;
;
;
;
;
;
;
;
;
;
;
;
;
;
;
;
;
;
;
;
;
;
;
;
;
;
;
;
;
;
;
;
;
;
;
;
;
;
;
;
;
;
;
;
;
;
;
;
;
;
;
;
;
;
;
;
;
;
;
;
;
;
;
;
;
;
;
;
;
;
;
;
;
;
;
;
;
;
;
;
;
;
;
;
;
;
;
;
;
;
;
;
;
;
;
;
;
;
;
;
;
;
;
;
;
;
;
;
;
;
;
;
;
;
;
;
;
;
;
;
;
;
;
;
;
;
;
;
;
;
;
;
;
;
;
;
;
;
;
;
;
;
;
;
;
;
;
;
;
;
;
;
;
;
;
;
;
;
;
;
;
;
;
;
;
;
;
;
;
;
;
;
;
;
;
;
;
;
;
;
;
;
;
;
;
;
;
;
;
;
;
;
;
;
;
;
;
;
;
;
;
;
;
;
;
;
;
;
;
;
;
;
;
;
;
;
;
;
;
;
;
;
;
;
;
;
;
;
;
;
;
;
;
;
;
;
;
;
;
;
;
;
;
;
;
;
;
;
;
;
;
;
;
;
;
;
;
;
;
;
;
;
;
;
;
;
;
;
;
;
;
;
;
;
;
;
;
;
;
;
;
;
;
;
;
;
;
;
;
;
;
;
;
;
;
;
;
;
;
;
;
;
;
;
;
;
;
;
;
;
;
;
;
;
;
;
;
;
;
;
;
;
;
;
;
;
;
;
;
;
;
;
;
;
;
;
;
;
;
;
;
;
;
;
;
;
;
;
;
;
;
;
;
;
;
;
;
;
;
;
;
;
;
;
;
;
;
;
;
;
;
;
;
;
;
;
;
;
;
;
;
;
;
;
;
;
;
;
;
;
;
;
;
;
;
;
;
;
;
;
;
;
;
;
;
;
;
;
;
;
;
;
;
;
;
;
;
;
;
;
;
;
;
;
;
;
;
;
;
;
;
;
;
;
;
;
;
;
;
;
;
;
;
;
;
;
;
;
;
;
;
;
;
;
;
;
;
;
;
;
;
;
;
;
;
;
;
;
;
;
;
;
;
;
;
;
;
;
;
;
;
;
;
;
;
;
;
;
;
;
;
;
;
;
;
;
;
;
;
;
;
;
;
;
;
;
;
;
;
;
;
;
;
;
;
;
;
;
;
;
;
;
;
;
;
;
;
;
;
;
;
;
;
;
;
;
;
;
;
;
;
;
;
;
;
;
;
;
;
;
;
;
;
;
;
;
;
;
;
;
;
;
;
;
;
;
;
;
;
;
;
;
;
;
;
;
;
;
;
;
;
;
;
;
;
;
;
;
;
;
;
;
;
;
;
;
;
;
;
;
;
;
;
;
;
;
;
;
;
;
;
;
;
;
;
;
;
;
;
;
;
;
;
;
;
;
;
;
;
;
;
;
;
;
;
;
;
;
;
;
;
;
;
;
;
;
;
;
;
;
;
;
;
;
;
;
;
;
;
;
;
;
;
;
;
;
;
;
;
;
;
;
;
;
;
;
;
;
;
;
;
;
;
;
;
;
;
;
;
;
;
;
;
;
;
;
;
;
;
;
;
;
;
;
;
;
;
;
;
;
;
;
;
;
;
;
;
;
;
;
;
;
;
;
;
;
;
;
;
;
;
;
;
;
;
;
;
;
;
;
;
;
;
;
;
;
;
;
;
;
;
;
;
;
;
;
;
;
;
;
;
;
;
;
;
;
;
;
;
;
;
;
;
;
;
;
;
;
;
;
;
;
;
;
;
;
;
;
;
;
;
;
;
;
;
;
;
;
;
;
;
;
;
;
;
;
;
;
;
;
;
;
;
;
;
;
;
;
;
;
;
;
;
;
;
;
;
;
;
;
;
;
;
;
;
;
;
;
;
;
;
;
;
;
;
;
;
;
;
;
;
;
;
;
;
;
;
;
;
;
;
;
;
;
;
;
;
;
;
;
;
;
;
;
;
;
;
;
;
;
;
;
;
;
;
;
;
;
;
;
;
;
;
;
;
;
;
;
;
;
;
;
;
;
;
;
;
;
;
;
;
;
;
;
;
;
;
;
;
;
;
;
;
;
;
;
;
;
;
;
;
;
;
;
;
;
;
;
;
;
;
;
;
;
;
;
;
;
;
;
;
;
;
;
;
;
;
;
;
;
;
;
;
;
;
;
;
;
;
;
;
;
;
;
;
;
;
;
;
;
;
;
;
;
;
;
;
;
;
;
;
;
;
;
;
;
;
;
;
;
;
;
;
;
;
;
;
;
;
;
;
;
;
;
;
;
;
;
;
;
;
;
;
;
;
;
;
;
;
;
;
;
;
;
;
;
;
;
;
;
;
;
;
;
;
;
;
;
;
;
;
;
;
;
;
;
;
;
;
;
;
;
;
;
;
;
;
;
;
;
;
;
;
;
;
;
;
;
;
;
;
;
;
;
;
;
;
;
;
;
;
;
;
;
;
;
;
;
;
;
;
;
;
;
;
;
;
;
;
;
;
;
;
;
;
;
;
;
;
;
;
;
;
;
;
;
;
;
;
;
;
;
;
;
;
;
;
;
;
;
;
;
;
;
;
;
;
;
;
;
;
;
;
;
;
;
;
;
;
;
;
;
;
;
;
;
;
;
;
;
;
;
;
;
;
;
;
;
;
;
;
;
;
;
;
;
;
;
;
;
;
;
;
;
;
;
;
;
;
;
;
;
;
;
;
;
;
;
;
;
;
;
;
;
;
;
;
;
;
;
;
;
;
;
;
;
;
;
;
;
;
;
;
;
;
;
;
;
;
;
;
;
;
;
;
;
;
;
;
;
;
;
;
;
;
;
;
;
;
;
;
;
;
;
;
;
;
;
;
;
;
;
;
;
;
;
;
;
;
;
;
;
;
;
;
;
;
;
;
;
;
;
;
;
;
;
;
;
;
;
;
;
;
;
;
;
;
;
;
;
;
;
;
;
;
;
;
;
;
;
;
;
;
;
;
;
;
;
;
;
;
;
;
;
;
;
;
;
;
;
;
;
;
;
;
;
;
;
;
;
;
;
;
;
;
;
;
;
;
;
;
;
;
;
;
;
;
;
;
;
;
;
;
;
;
;
;
;
;
;
;
;
;
;
;
;
;
;
;
;
;
;
;
;
;
;
;
;
;
;
;
;
;
;
;
;
;
;
;
;
;
;
;
;
;
;
;
;
;
;
;
;
;
;
;
;
;
;
;
;
;
;
;
;
;
;
;
;
;
;
;
;
;
;
;
;
;
;
;
;
;
;
;
;
;
;
;
;
;
;
;
;
;
;
;
;
;
;
;
;
;
;
;
;
;
;
;
;
;
;
;
;
;
;
;
;
;
;
;
;
;
;
;
;
;
;
;
;
;
;
;
;
;
;
;
;
;
;
;
;
;
;
;
;
;
;
;
;
;
;
;
;
;
;
;
;
;
;
;
;
;
;
;
;
;
;
;
;
;
;
;
;
;
;
;
;
;
;
;
;
;
;
;
;
;
;
;
;
;
;
;
;
;
;
;
;
;
;
;
;
;
;
;
;
;
;
;
;
;
;
;
;
;
;
;
;
;
;
;
;
;
;
;
;
;
;
;
;
;
;
;
;
;
;
;
;
;
;
;
;
;
;
;
;
;
;
;
;
;
;
;
;
;
;
;
;
;
;
;
;
;
;
;
;
;
;
;
;
;
;
;
;
;
;
;
;
;
;
;
;
;
;
;
;
;
;
;
;
;
;
;
;
;
;
;
;
;
;
;
;
;
;
;
;
;
;
;
;
;
;
;
;
;
;
;
;
;
;
;
;
;
;
;
;
;
;
;
;
;
;
;
;
;
;
;
;
;
;
;
;
;
;
;
;
;
;
;
;
;
;
;
;
;
;
;
;
;
;
;
;
;
;
;
;
;
;
;
;
;
;
;
;
;
;
;
;
;
;
;
;
;
;
;
;
;
;
;
;
;
;
;
;
;
;
;
;
;
;
;
;
;
;
;
;
;
;
;
;
;
;
;
;
;
;
;
;
;
;
;
;
;
;
;
;
;
;
;
;
;
;
;
;
;
;
;
;
;
;
;
;
;
;
;
;
;
;
;
;
;
;
;
;
;
;
;
;
;
;
;
;
;
;
;
;
;
;
;
;
;
;
;
;
;
;
;
;
;
;
;
;
;
;
;
;
;
;
;
;
;
;
;
;
;
;
;
;
;
;
;
;
;
;
;
;
;
;
;
;
;
;
;
;
;
;
;
;
;
;
;
;
;
;
;
;
;
;
;
;
;
;
;
;
;
;
;
;
;
;
;
;
;
;
;
;
;
;
;
;
;
;
;
;
;
;
;
;
;
;
;
;
;
;
;
;
;
;
;
;
;
;
;
;
;
;
;
;
;
;
;
;
;
;
;
;
;
;
;
;
;
;
;
;
;
;
;
;
;
;
;
;
;
;
;
;
;
;
;
;
;
;
;
;
;
;
;
;
;
;
;
;
;
;
;
;
;
;
;
;
;
;
;
;
;
;
;
;
;
;
;
;
;
;
;
;
;
;
;
;
;
;
;
;
;
;
;
;
;
;
;
;
;
;
;
;
;
;
;
;
;
;
;
;
;
;
;
;
;
;
;
;
;
;
;
;
;
;
;
;
;
;
;
;
;
;
;
;
;
;
;
;
;
;
;
;
;
;
;
;
;
;
;
;
;
;
;
;
;
;
;
;
;
;
;
;
;
;
;
;
;
;
;
;
;
;
;
;
;
;
;
;
;
;
;
;
;
;
;
;
;
;
;
;
;
;
;
;
;
;
;
;
;
;
;
;
;
;
;
;
;
;
;
;
;
;
;
;
;
;
;
;
;
;
;
;
;
;
;
;
;
;
;
;
;
;
;
;
;
;
;
;
;
;
;
;
;
;
;
;
;
;
;
;
;
;
;
;
;
;
;
;
;
;
;
;
;
;
;
;
;
;
;
;
;
;
;
;
;
;
;
;
;
;
;
;
;
;
;
;
;
;
;
;
;
;
;
;
;
;
;
;
;
;
;
;
;
;
;
;
;
;
;
;
;
;
;
;
;
;
;
;
;
;
;
;
;
;
;
;
;
;
;
;
;
;
;
;
;
;
;
;
;
;
;
;
;
;
;
;
;
;
;
;
;
;
;
;
;
;
;
;
;
;
;
;
;
;
;
;
;
;
;
;
;
;
;
;
;
;
;
;
;
;
;
;
;
;
;
;
;
;
;
;
;
;
;
;
;
;
;
;
;
;
;
;
;
;
;
;
;
;
;
;
;
;
;
;
;
;
;
;
;
;
;
;
;
;
;
;
;
;
;
;
;
;
;
;
;
;
;
;
;
;
;
;
;
;
;
;
;
;
;
;
;
;
;
;
;
;
;
;
;
;
;
;
;
;
;
;
;
;
;
;
;
;
;
;
;
;
;
;
;
;
;
;
;
;
;
;
;
;
;
;
;
;
;
;
;
;
;
;
;
;
;
;
;
;
;
;
;
;
;
;
;
;
;
;
;
;
;
;
;
;
;
;
;
;
;
;
;
;
;
;
;
;
;
;
;
;
;
;
;
;
;
;
;
;
;
;
;
;
;
;
;
;
;
;
;
;
;
;
;
;
;
;
;
;
;
;
;
;
;
;
;
;
;
;
;
;
;
;
;
;
;
;
;
;
;
;
;
;
;
;
;
;
;
;
;
;
;
;
;
;
;
;
;
;
;
;
;
;
;
;
;
;
;
;
;
;
;
;
;
;
;
;
;
;
;
;
;
;
;
;
;
;
;
;
;
;
;
;
;
;
;
;
;
;
;
;
;
;
;
;
;
;
;
;
;
;
;
;
;
;
;
;
;
;
;
;
;
;
;
;
;
;
;
;
;
;
;
;
;
;
;
;
;
;
;
;
;
;
;
;
;
;
;
;
;
;
;
;
;
;
;
;
;
;
;
;
;
;
;
;
;
;
;
;
;
;
;
;
;
;
;
;
;
;
;
;
;
;
;
;
;
;
;
;
;
;
;
;
;
;
;
;
;
;
;
;
;
;
;
;
;
;
;
;
;
;
;
;
;
;
;
;
;
;
;
;
;
;
;
;
;
;
;
;
;
;
;
;
;
;
;
;
;
;
;
;
;
;
;
;
;
;
;
;
;
;
;
;
;
;
;
;
;
;
;
;
;
;
;
;
;
;
;
;
;
;
;
;
;
;
;
;
;
;
;
;
;
;
;
;
;
;
;
;
;
;
;
;
;
;
;
;
;
;
;
;
;
;
;
;
;
;
;
;
;
;
;
;
;
;
;
;
;
;
;
;
;
;
;
;
;
;
;
;
;
;
;
;
;
;
;
;
;
;
;
;
;
;
;
;
;
;
;
;
;
;
;
;
;
;
;
;
;
;
;
;
;
;
;
;
;
;
;
;
;
;
;
;
;
;
;
;
;
;
;
;
;
;
;
;
;
;
;
;
;
;
;
;
;
;
;
;
;
;
;
;
;
;
;
;
;
;
;
;
;
;
;
;
;
;
;
;
;
;
;
;
;
;
;
;
;
;
;
;
;
;
;
;
;
;
;
;
;
;
;
;
;
;
;
;
;
;
;
;
;
;
;
;
;
;
;
;
;
;
;
;
;
;
;
;
;
;
;
;
;
;
;
;
;
;
;
;
;
;
;
;
;
;
;
;
;
;
;
;
;
;
;
;
;
;
;
;
;
;
;
;
;
;
;
;
;
;
;
;
;
;
;
;
;
;
;
;
;
;
;
;
;
;
;
;
;
;
;
;
;
;
;
;
;
;
;
;
;
;
;
;
;
;
;
;
;
;
;
;
;
;
;
;
;
;
;
;
;
;
;
;
;
;
;
;
;
;
;
;
;
;
;
;
;
;
;
;
;
;
;
;
;
;
;
;
;
;
;
;
;
;
;
;
;
;
;
;
;
;
;
;
;
;
;
;
;
;
;
;
;
;
;
;
;
;
;
;
;
;
;
;
;
;
;
;
;
;
;
;
;
;
;
;
;
;
;
;
;
;
;
;
;
;
;
;
;
;
;
;
;
;
;
;
;
;
;
;
;
;
;
;
;
;
;
;
;
;
;
;
;
;
;
;
;
;
;
;
;
;
;
;
;
;
;
;
;
;
;
;
;
;
;
;
;
;
;
;
;
;
;
;
;
;
;
;
;
;
;
;
;
;
;
;
;
;
;
;
;
;
;
;
;
;
;
;
;
;
;
;
;
;
;
;
;
;
;
;
;
;
;
;
;
;
;
;
;
;
;
;
;
;
;
;
;
;
;
;
;
;
;
;
;
;
;
;
;
;
;
;
;
;
;
;
;
;
;
;
;
;
;
;
;
;
;
;
;
;
;
;
;
;
;
;
;
;
;
;
;
;
;
;
;
;
;
;
;
;
;
;
;
;
;
;
;
;
;
;
;
;
;
;
;
;
;
;
;
;
;
;
;
;
;
;
;
;
;
;
;
;
;
;
;
;
;
;
;
;
;
;
;
;
;
;
;
;
;
;
;
;
;
;
;
;
;
;
;
;
;
;
;
;
;
;
;
;
;
;
;
;
;
;
;
;
;
;
;
;
;
;
;
;
;
;
;
;
;
;
;
;
;
;
;
;
;
;
;
;
;
;
;
;
;
;
;
;
;
;
;
;
;
;
;
;
;
;
;
;
;
;
;
;
;
;
;
;
;
;
;
;
;
;
;
;
;
;
;
;
;
;
;
;
;
;
;
;
;
;
;
;
;
;
;
;
;
;
;
;
;
;
;
;
;
;
;
;
;
;
;
;
;
;
;
;
;
;
;
;
;
;
;
;
;
;
;
;
;
;
;
;
;
;
;
;
;
;
;
;
;
;
;
;
;
;
;
;
;
;
;
;
;
;
;
;
;
;
;
;
;
;
;
;
;
;
;
;
;
;
;
;
;
;
;
;
;
;
;
;
;
;
;
;
;
;
;
;
;
;
;
;
;
;
;
;
;
;
;
;
;
;
;
;
;
;
;
;
;
;
;
;
;
;
;
;
;
;
;
;
;
;
;
;
;
;
;
;
;
;
;
;
;
;
;
;
;
;
;
;
;
;
;
;
;
;
;
;
;
;
;
;
;
;
;
;
;
;
;
;
;
;
;
;
;
;
;
;
;
;
;
;
;
;
;
;
;
;
;
;
;
;
;
;
;
;
;
;
;
;
;
;
;
;
;
;
;
;
;
;
;
;
;
;
;
;
;
;
;
;
;
;
;
;
;
;
;
;
;
;
;
;
;
;
;
;
;
;
;
;
;
;
;
;
;
;
;
;
;
;
;
;
;
;
;
;
;
;
;
;
;
;
;
;
;
;
;
;
;
;
;
;
;
;
;
;
;
;
;
;
;
;
;
;
;
;
;
;
;
;
;
;
;
;
;
;
;
;
;
;
;
;
;
;
;
;
;
;
;
;
;
;
;
;
;
;
;
;
;
;
;
;
;
;
;
;
;
;
;
;
;
;
;
;
;
;
;
;
;
;
;
;
;
;
;
;
;
;
;
;
;
;
;
;
;
;
;
;
;
;
;
;
;
;
;
;
;
;
;
;
;
;
;
;
;
;
;
;
;
;
;
;
;
;
;
;
;
;
;
;
;
;
;
;
;
;
;
;
;
;
;
;
;
;
;
;
;
;
;
;
;
;
;
;
;
;
;
;
;
;
;
;
;
;
;
;
;
;
;
;
;
;
;
;
;
;
;
;
;
;
;
;
;
;
;
;
;
;
;
;
;
;
;
;
;
;
;
;
;
;
;
;
;
;
;
;
;
;
;
;
;
;
;
;
;
;
;
;
;
;
;
;
;
;
;
;
;
;
;
;
;
;
;
;
;
;
;
;
;
;
;
;
;
;
;
;
;
;
;
;
;
;
;
;
;
;
;
;
;
;
;
;
;
;
;
;
;
;
;
;
;
;
;
;
;
;
;
;
;
;
;
;
;
;
;
;
;
;
;
;
;
;
;
;
;
;
;
;
;
;
;
;
;
;
;
;
;
;
;
;
;
;
;
;
;
;
;
;
;
;
;
;
;
;
;
;
;
;
;
;
;
;
;
;
;
;
;
;
;
;
;
;
;
;
;
;
;
;
;
;
;
;
;
;
;
;
;
;
;
;
;
;
;
;
;
;
;
;
;
;
;
;
;
;
;
;
;
;
;
;
;
;
;
;
;
;
;
;
;
;
;
;
;
;
;
;
;
;
;
;
;
;
;
;
;
;
;
;
;
;
;
;
;
;
;
;
;
;
;
;
;
;
;
;
;
;
;
;
;
;
;
;
;
;
;
;
;
;
;
;
;
;
;
;
;
;
;
;
;
;
;
;
;
;
;
;
;
;
;
;
;
;
;
;
;
;
;
;
;
;
;
;
;
;
;
;
;
;
;
;
;
;
;
;
;
;
;
;
;
;
;
;
;
;
;
;
;
;
;
;
;
;
;
;
;
;
;
;
;
;
;
;
;
;
;
;
;
;
;
;
;
;
;
;
;
;
;
;
;
;
;
;
;
;
;
;
;
;
;
;
;
;
;
;
;
;
;
;
;
;
;
;
;
;
;
;
;
;
;
;
;
;
;
;
;
;
;
;
;
;
;
;
;
;
;
;
;
;
;
;
;
;
;
;
;
;
;
;
;
;
;
;
;
;
;
;
;
;
;
;
;
;
;
;
;
;
;
;
;
;
;
;
;
;
;
;
;
;
;
;
;
;
;
;
;
;
;
;
;
;
;
;
;
;
;
;
;
;
;
;
;
;
;
;
;
;
;
;
;
;
;
;
;
;
;
;
;
;
;
;
;
;
;
;
;
;
;
;
;
;
;
;
;
;
;
;
;
;
;
;
;
;
;
;
;
;
;
;
;
;
;
;
;
;
;
;
;
;
;
;
;
;
;
;
;
;
;
;
;
;
;
;
;
;
;
;
;
;
;
;
;
;
;
;
;
;
;
;
;
;
;
;
;
;
;
;
;
;
;
;
;
;
;
;
;
;
;
;
;
;
;
;
;
;
;
;
;
;
;
;
;
;
;
;
;
;
;
;
;
;
;
;
;
;
;
;
;
;
;
;
;
;
;
;
;
;
;
;
;
;
;
;
;
;
;
;
;
;
;
;
;
;
;
;
;
;
;
;
;
;
;
;
;
;
;
;
;
;
;
;
;
;
;
;
;
;
;
;
;
;
;
;
;
;
;
;
;
;
;
;
;
;
;
;
;
;
;
;
;
;
;
;
;
;
;
;
;
;
;
;
;
;
;
;
;
;
;
;
;
;
;
;
;
;
;
;
;
;
;
;
;
;
;
;
;
;
;
;
;
;
;
;
;
;
;
;
;
;
;
;
;
;
;
;
;
;
;
;
;
;
;
;
;
;
;
;
;
;
;
;
;
;
;
;
;
;
;
;
;
;
;
;
;
;
;
;
;
;
;
;
;
;
;
;
;
;
;
;
;
;
;
;
;
;
;
;
;
;
;
;
;
;
;
;
;
;
;
;
;
;
;
;
;
;
;
;
;
;
;
;
;
;
;
;
;
;
;
;
;
;
;
;
;
;
;
;
;
;
;
;
;
;
;
;
;
;
;
;
;
;
;
;
;
;
;
;
;
;
;
;
;
;
;
;
;
;
;
;
;
;
;
;
;
;
;
;
;
;
;
;
;
;
;
;
;
;
;
;
;
;
;
;
;
;
;
;
;
;
;
;
;
;
;
;
;
;
;
;
;
;
;
;
;
;
;
;
;
;
;
;
;
;
;
;
;
;
;
;
;
;
;
;
;
;
;
;
;
;
;
;
;
;
;
;
;
;
;
;
;
;
;
;
;
;
;
;
;
;
;
;
;
;
;
;
;
;
;
;
;
;
;
;
;
;
;
;
;
;
;
;
;
;
;
;
;
;
;
;
;
;
;
;
;
;
;
;
;
;
;
;
;
;
;
;
;
;
;
;
;
;
;
;
;
;
;
;
;
;
;
;
;
;
;
;
;
;
;
;
;
;
;
;
;
;
;
;
;
;
;
;
;
;
;
;
;
;
;
;
;
;
;
;
;
;
;
;
;
;
;
;
;
;
;
;
;
;
;
;
;
;
;
;
;
;
;
;
;
;
;
;
;
;
;
;
;
;
;
;
;
;
;
;
;
;
;
;
;
;
;
;
;
;
;
;
;
;
;
;
;
;
;
;
;
;
;
;
;
;
;
;
;
;
;
;
;
;
;
;
;
;
;
;
;
;
;
;
;
;
;
;
;
;
;
;
;
;
;
;
;
;
;
;
;
;
;
;
;
;
;
;
;
;
;
;
;
;
;
;
;
;
;
;
;
;
;
;
;
;
;
;
;
;
;
;
;
;
;
;
;
;
;
;
;
;
;
;
;
;
;
;
;
;
;
;
;
;
;
;
;
;
;
;
;
;
;
;
;
;
;
;
;
;
;
;
;
;
;
;
;
;
;
;
;
;
;
;
;
;
;
;
;
;
;
;
;
;
;
;
;
;
;
;
;
;
;
;
;
;
;
;
;
;
;
;
;
;
;
;
;
;
;
;
;
;
;
;
;
;
;
;
;
;
;
;
;
;
;
;
;
;
;
;
;
;
;
;
;
;
;
;
;
;
;
;
;
;
;
;
;
;
;
;
;
;
;
;
;
;
;
;
;
;
;
;
;
;
;
;
;
;
;
;
;
;
;
;
;
;
;
;
;
;
;
;
;
;
;
;
;
;
;
;
;
;
;
;
;
;
;
;
;
;
;
;
;
;
;
;
;
;
;
;
;
;
;
;
;
;
;
;
;
;
;
;
;
;
;
;
;
;
;
;
;
;
;
;
;
;
;
;
;
;
;
;
;
;
;
;
;
;
;
;
;
;
;
;
;
;
;
;
;
;
;
;
;
;
;
;
;
;
;
;
;
;
;
;
;
;
;
;
;
;
;
;
;
;
;
;
;
;
;
;
;
;
;
;
;
;
;
;
;
;
;
;
;
;
;
;
;
;
;
;
;
;
;
;
;
;
;
;
;
;
;
;
;
;
;
;
;
;
;
;
;
;
;
;
;
;
;
;
;
;
;
;
;
;
;
;
;
;
;
;
;
;
;
;
;
;
;
;
;
;
;
;
;
;
;
;
;
;
;
;
;
;
;
;
;
;
;
;
;
;
;
;
;
;
;
;
;
;
;
;
;
;
;
;
;
;
;
;
;
;
;
;
;
;
;
;
;
;
;
;
;
;
;
;
;
;
;
;
;
;
;
;
;
;
;
;
;
;
;
;
;
;
;
;
;
;
;
;
;
;
;
;
;
;
;
;
;
;
;
;
;
;
;
;
;
;
;
;
;
;
;
;
;
;
;
;
;
;
;
;
;
;
;
;
;
;
;
;
;
;
;
;
;
;
;
;
;
;
;
;
;
;
;
;
;
;
;
;
;
;
;
;
;
;
;
;
;
;
;
;
;
;
;
;
;
;
;
;
;
;
;
;
;
;
;
;
;
;
;
;
;
;
;
;
;
;
;
;
;
;
;
;
;
;
;
;
;
;
;
;
;
;
;
;
;
;
;
;
;
;
;
;
;
;
;
;
;
;
;
;
;
;
;
;
;
;
;
;
;
;
;
;
;
;
;
;
;
;
;
;
;
;
;
;
;
;
;
;
;
;
;
;
;
;
;
;
;
;
;
;
;
;
;
;
;
;
;
;
;
;
;
;
;
;
;
;
;
;
;
;
;
;
;
;
;
;
;
;
;
;
;
;
;
;
;
;
;
;
;
;
;
;
;
;
;
;
;
;
;
;
;
;
;
;
;
;
;
;
;
;
;
;
;
;
;
;
;
;
;
;
;
;
;
;
;
;
;
;
;
;
;
;
;
;
;
;
;
;
;
;
;
;
;
;
;
;
;
;
;
;
;
;
;
;
;
;
;
;
;
;
;
;
;
;
;
;
;
;
;
;
;
;
;
;
;
;
;
;
;
;
;
;
;
;
;
;
;
;
;
;
;
;
;
;
;
;
;
;
;
;
;
;
;
;
;
;
;
;
;
;
;
;
;
;
;
;
;
;
;
;
;
;
;
;
;
;
;
;
;
;
;
;
;
;
;
;
;
;
;
;
;
;
;
;
;
;
;
;
;
;
;
;
;
;
;
;
;
;
;
;
;
;
;
;
;
;
;
;
;
;
;
;
;
;
;
;
;
;
;
;
;
;
;
;
;
;
;
;
;
;
;
;
;
;
;
;
;
;
;
;
;
;
;
;
;
;
;
;
;
;
;
;
;
;
;
;
;
;
;
;
;
;
;
;
;
;
;
;
;
;
;
;
;
;
;
;
;
;
;
;
;
;
;
;
;
;
;
;
;
;
;
;
;
;
;
;
;
;
;
;
;
;
;
;
;
;
;
;
;
;
;
;
;
;
;
;
;
;
;
;
;
;
;
;
;
;
;
;
;
;
;
;
;
;
;
;
;
;
;
;
;
;
;
;
;
;
;
;
;
;
;
;
;
;
;
;
;
;
;
;
;
;
;
;
;
;
;
;
;
;
;
;
;
;
;
;
;
;
;
;
;
;
;
;
;
;
;
;
;
;
;
;
;
;
;
;
;
;
;
;
;
;
;
;
;
;
;
;
;
;
;
;
;
;
;
;
;
;
;
;
;
;
;
;
;
;
;
;
;
;
;
;
;
;
;
;
;
;
;
;
;
;
;
;
;
;
;
;
;
;
;
;
;
;
;
;
;
;
;
;
;
;
;
;
;
;
;
;
;
;
;
;
;
;
;
;
;
;
;
;
;
;
;
;
;
;
;
;
;
;
;
;
;
;
;
;
;
;
;
;
;
;
;
;
;
;
;
;
;
;
;
;
;
;
;
;
;
;
;
;
;
;
;
;
;
;
;
;
;
;
;
;
;
;
;
;
;
;
;
;
;
;
;
;
;
;
;
;
;
;
;
;
;
;
;
;
;
;
;
;
;
;
;
;
;
;
;
;
;
;
;
;
;
;
;
;
;
;
;
;
;
;
;
;
;
;
;
;
;
;
;
;
;
;
;
;
;
;
;
;
;
;
;
;
;
;
;
;
;
;
;
;
;
;
;
;
;
;
;
;
;
;
;
;
;
;
;
;
;
;
;
;
;
;
;
;
;
;
;
;
;
;
;
;
;
;
;
;
;
;
;
;
;
;
;
;
;
;
;
;
;
;
;
;
;
;
;
;
;
;
;
;
;
;
;
;
;
;
;
;
;
;
;
;
;
;
;
;
;
;
;
;
;
;
;
;
;
;
;
;
;
;
;
;
;
;
;
;
;
;
;
;
;
;
;
;
;
;
;
;
;
;
;
;
;
;
;
;
;
;
;
;
;
;
;
;
;
;
;
;
;
;
;
;
;
;
;
;
;
;
;
;
;
;
;
;
;
;
;
;
;
;
;
;
;
;
;
;
;
;
;
;
;
;
;
;
;
;
;
;
;
;
;
;
;
;
;
;
;
;
;
;
;
;
;
;
;
;
;
;
;
;
;
;
;
;
;
;
;
;
;
;
;
;
;
;
;
;
;
;
;
;
;
;
;
;
;
;
;
;
;
;
;
;
;
;
;
;
;
;
;
;
;
;
;
;
;
;
;
;
;
;
;
;
;
;
;
;
;
;
;
;
;
;
;
;
;
;
;
;
;
;
;
;
;
;
;
;
;
;
;
;
;
;
;
;
;
;
;
;
;
;
;
;
;
;
;
;
;
;
;
;
;
;
;
;
;
;
;
;
;
;
;
;
;
;
;
;
;
;
;
;
;
;
;
;
;
;
;
;
;
;
;
;
;
;
;
;
;
;
;
;
;
;
;
;
;
;
;
;
;
;
;
;
;
;
;
;
;
;
;
;
;
;
;
;
;
;
;
;
;
;
;
;
;
;
;
;
;
;
;
;
;
;
;
;
;
;
;
;
;
;
;
;
;
;
;
;
;
;
;
;
;
;
;
;
;
;
;
;
;
;
;
;
;
;
;
;
;
;
;
;
;
;
;
;
;
;
;
;
;
;
;
;
;
;
;
;
;
;
;
;
;
;
;
;
;
;
;
;
;
;
;
;
;
;
;
;
;
;
;
;
;
;
;
;
;
;
;
;
;
;
;
;
;
;
;
;
;
;
;
;
;
;
;
;
;
;
;
;
;
;
;
;
;
;
;
;
;
;
;
;
;
;
;
;
;
;
;
;
;
;
;
;
;
;
;
;
;
;
;
;
;
;
;
;
;
;
;
;
;
;
;
;
;
;
;
;
;
;
;
;
;
;
;
;
;
;
;
;
;
;
;
;
;
;
;
;
;
;
;
;
;
;
;
;
;
;
;
;
;
;
;
;
;
;
;
;
;
;
;
;
;
;
;
;
;
;
;
;
;
;
;
;
;
;
;
;
;
;
;
;
;
;
;
;
;
;
;
;
;
;
;
;
;
;
;
;
;
;
;
;
;
;
;
;
;
;
;
;
;
;
;
;
;
;
;
;
;
;
;
;
;
;
;
;
;
;
;
;
;
;
;
;
;
;
;
;
;
;
;
;
;
;
;
;
;
;
;
;
;
;
;
;
;
;
;
;
;
;
;
;
;
;
;
;
;
;
;
;
;
;
;
;
;
;
;
;
;
;
;
;
;
;
;
;
;
;
;
;
;
;
;
;
;
;
;
;
;
;
;
;
;
;
;
;
;
;
;
;
;
;
;
;
;
;
;
;
;
;
;
;
;
;
;
;
;
;
;
;
;
;
;
;
;
;
;
;
;
;
;
;
;
;
;
;
;
;
;
;
;
;
;
;
;
;
;
;
;
;
;
;
;
;
;
;
;
;
;
;
;
;
;
;
;
;
;
;
;
;
;
;
;
;
;
;
;
;
;
;
;
;
;
;
;
;
;
;
;
;
;
;
;
;
;
;
;
;
;
;
;
;
;
;
;
;
;
;
;
;
;
;
;
;
;
;
;
;
;
;
;
;
;
;
;
;
;
;
;
;
;
;
;
;
;
;
;
;
;
;
;
;
;
;
;
;
;
;
;
;
;
;
;
;
;
;
;
;
;
;
;
;
;
;
;
;
;
;
;
;
;
;
;
;
;
;
;
;
;
;
;
;
;
;
;
;
;
;
;
;
;
;
;
;
;
;
;
;
;
;
;
;
;
;
;
;
;
;
;
;
;
;
;
;
;
;
;
;
;
;
;
;
;
;
;
;
;
;
;
;
;
;
;
;
;
;
;
;
;
;
;
;
;
;
;
;
;
;
;
;
;
;
;
;
;
;
;
;
;
;
;
;
;
;
;
;
;
;
;
;
;
;
;
;
;
;
;
;
;
;
;
;
;
;
;
;
;
;
;
;
;
;
;
;
;
;
;
;
;
;
;
;
;
;
;
;
;
;
;
;
;
;
;
;
;
;
;
;
;
;
;
;
;
;
;
;
;
;
;
;
;
;
;
;
;
;
;
;
;
;
;
;
;
;
;
;
;
;
;
;
;
;
;
;
;
;
;
;
;
;
;
;
;
;
;
;
;
;
;
;
;
;
;
;
;
;
;
;
;
;
;
;
;
;
;
;
;
;
;
;
;
;
;
;
;
;
;
;
;
;
;
;
;
;
;
;
;
;
;
;
;
;
;
;
;
;
;
;
;
;
;
;
;
;
;
;
;
;
;
;
;
;
;
;
;
;
;
;
;
;
;
;
;
;
;
;
;
;
;
;
;
;
;
;
;
;
;
;
;
;
;
;
;
;
;
;
;
;
;
;
;
;
;
;
;
;
;
;
;
;
;
;
;
;
;
;
;
;
;
;
;
;
;
;
;
;
;
;
;
;
;
;
;
;
;
;
;
;
;
;
;
;
;
;
;
;
;
;
;
;
;
;
;
;
;
;
;
;
;
;
;
;
;
;
;
;
;
;
;
;
;
;
;
;
;
;
;
;
;
;
;
;
;
;
;
;
;
;
;
;
;
;
;
;
;
;
;
;
;
;
;
;
;
;
;
;
;
;
;
;
;
;
;
;
;
;
;
;
;
;
;
;
;
;
;
;
;
;
;
;
;
;
;
;
;
;
;
;
;
;
;
;
;
;
;
;
;
;
;
;
;
;
;
;
;
;
;
;
;
;
;
;
;
;
;
;
;
;
;
;
;
;
;
;
;
;
;
;
;
;
;
;
;
;
;
;
;
;
;
;
;
;
;
;
;
;
;
;
;
;
;
;
;
;
;
;
;
;
;
;
;
;
;
;
;
;
;
;
;
;
;
;
;
;
;
;
;
;
;
;
;
;
;
;
;
;
;
;
;
;
;
;
;
;
;
;
;
;
;
;
;
;
;
;
;
;
;
;
;
;
;
;
;
;
;
;
;
;
;
;
;
;
;
;
;
;
;
;
;
;
;
;
;
;
;
;
;
;
;
;
;
;
;
;
;
;
;
;
;
;
;
;
;
;
;
;
;
;
;
;
;
;
;
;
;
;
;
;
;
;
;
;
;
;
;
;
;
;
;
;
;
;
;
;
;
;
;
;
;
;
;
;
;
;
;
;
;
;
;
;
;
;
;
;
;
;
;
;
;
;
;
;
;
;
;
;
;
;
;
;
;
;
;
;
;
;
;
;
;
;
;
;
;
;
;
;
;
;
;
;
;
;
;
;
;
;
;
;
;
;
;
;
;
;
;
;
;
;
;
;
;
;
;
;
;
;
;
;
;
;
;
;
;
;
;
;
;
;
;
;
;
;
;
;
;
;
;
;
;
;
;
;
;
;
;
;
;
;
;
;
;
;
;
;
;
;
;
;
;
;
;
;
;
;
;
;
;
;
;
;
;
;
;
;
;
;
;
;
;
;
;
;
;
;
;
;
;
;
;
;
;
;
;
;
;
;
;
;
;
;
;
;
;
;
;
;
;
;
;
;
;
;
;
;
;
;
;
;
;
;
;
;
;
;
;
;
;
;
;
;
;
;
;
;
;
;
;
;
;
;
;
;
;
;
;
;
;
;
;
;
;
;
;
;
;
;
;
;
;
;
;
;
;
;
;
;
;
;
;
;
;
;
;
;
;
;
;
;
;
;
;
;
;
;
;
;
;
;
;
;
;
;
;
;
;
;
;
;
;
;
;
;
;
;
;
;
;
;
;
;
;
;
;
;
;
;
;
;
;
;
;
;
;
;
;
;
;
;
;
;
;
;
;
;
;
;
;
;
;
;
;
;
;
;
;
;
;
;
;
;
;
;
;
;
;
;
;
;
;
;
;
;
;
;
;
;
;
;
;
;
;
;
;
;
;
;
;
;
;
;
;
;
;
;
;
;
;
;
;
;
;
;
;
;
;
;
;
;
;
;
;
;
;
;
;
;
;
;
;
;
;
;
;
;
;
;
;
;
;
;
;
;
;
;
;
;
;
;
;
;
;
;
;
;
;
;
;
;
;
;
;
;
;
;
;
;
;
;
;
;
;
;
;
;
;
;
;
;
;
;
;
;
;
;
;
;
;
;
;
;
;
;
;
;
;
;
;
;
;
;
;
;
;
;
;
;
;
;
;
;
;
;
;
;
;
;
;
;
;
;
;
;
;
;
;
;
;
;
;
;
;
;
;
;
;
;
;
;
;
;
;
;
;
;
;
;
;
;
;
;
;
;
;
;
;
;
;
;
;
;
;
;
;
;
;
;
;
;
;
;
;
;
;
;
;
;
;
;
;
;
;
;
;
;
;
;
;
;
;
;
;
;
;
;
;
;
;
;
;
;
;
;
;
;
;
;
;
;
;
;
;
;
;
;
;
;
;
;
;
;
;
;
;
;
;
;
;
;
;
;
;
;
;
;
;
;
;
;
;
;
;
;
;
;
;
;
;
;
;
;
;
;
;
;
;
;
;
;
;
;
;
;
;
;
;
;
;
;
;
;
;
;
;
;
;
;
;
;
;
;
;
;
;
;
;
;
;
;
;
;
;
;
;
;
;
;
;
;
;
;
;
;
;
;
;
;
;
;
;
;
;
;
;
;
;
;
;
;
;
;
;
;
;
;
;
;
;
;
;
;
;
;
;
;
;
;
;
;
;
;
;
;
;
;
;
;
;
;
;
;
;
;
;
;
;
;
;
;
;
;
;
;
;
;
;
;
;
;
;
;
;
;
;
;
;
;
;
;
;
;
;
;
;
;
;
;
;
;
;
;
;
;
;
;
;
;
;
;
;
;
;
;
;
;
;
;
;
;
;
;
;
;
;
;
;
;
;
;
;
;
;
;
;
;
;
;
;
;
;
;
;
;
;
;
;
;
;
;
;
;
;
;
;
;
;
;
;
;
;
;
;
;
;
;
;
;
;
;
;
;
;
;
;
;
;
;
;
;
;
;
;
;
;
;
;
;
;
;
;
;
;
;
;
;
;
;
;
;
;
;
;
;
;
;
;
;
;
;
;
;
;
;
;
;
;
;
;
;
;
;
;
;
;
;
;
;
;
;
;
;
;
;
;
;
;
;
;
;
;
;
;
;
;
;
;
;
;
;
;
;
;
;
;
;
;
;
;
;
;
;
;
;
;
;
;
;
;
;
;
;
;
;
;
;
;
;
;
;
;
;
;
;
;
;
;
;
;
;
;
;
;
;
;
;
;
;
;
;
;
;
;
;
;
;
;
;
;
;
;
;
;
;
;
;
;
;
;
;
;
;
;
;
;
;
;
;
;
;
;
;
;
;
;
;
;
;
;
;
;
;
;
;
;
;
;
;
;
;
;
;
;
;
;
;
;
;
;
;
;
;
;
;
;
;
;
;
;
;
;
;
;
;
;
;
;
;
;
;
;
;
;
;
;
;
;
;
;
;
;
;
;
;
;
;
;
;
;
;
;
;
;
;
;
;
;
;
;
;
;
;
;
;
;
;
;
;
;
;
;
;
;
;
;
;
;
;
;
;
;
;
;
;
;
;
;
;
;
;
;
;
;
;
;
;
;
;
;
;
;
;
;
;
;
;
;
;
;
;
;
;
;
;
;
;
;
;
;
;
;
;
;
;
;
;
;
;
;
;
;
;
;
;
;
;
;
;
;
;
;
;
;
;
;
;
;
;
;
;
;
;
;
;
;
;
;
;
;
;
;
;
;
;
;
;
;
;
;
;
;
;
;
;
;
;
;
;
;
;
;
;
;
;
;
;
;
;
;
;
;
;
;
;
;
;
;
;
;
;
;
;
;
;
;
;
;
;
;
;
;
;
;
;
;
;
;
;
;
;
;
;
;
;
;
;
;
;
;
;
;
;
;
;
;
;
;
;
;
;
;
;
;
;
;
;
;
;
;
;
;
;
;
;
;
;
;
;
;
;
;
;
;
;
;
;
;
;
;
;
;
;
;
;
;
;
;
;
;
;
;
;
;
;
;
;
;
;
;
;
;
;
;
;
;
;
;
;
;
;
;
;
;
;
;
;
;
;
;
;
;
;
;
;
;
;
;
;
;
;
;
;
;
;
;
;
;
;
;
;
;
;
;
;
;
;
;
;
;
;
;
;
;
;
;
;
;
;
;
;
;
;
;
;
;
;
;
;
;
;
;
;
;
;
;
;
;
;
;
;
;
;
;
;
;
;
;
;
;
;
;
;
;
;
;
;
;
;
;
;
;
;
;
;
;
;
;
;
;
;
;
;
;
;
;
;
;
;
;
;
;
;
;
;
;
;
;
;
;
;
;
;
;
;
;
;
;
;
;
;
;
;
;
;
;
;
;
;
;
;
;
;
;
;
;
;
;
;
;
;
;
;
;
;
;
;
;
;
;
;
;
;
;
;
;
;
;
;
;
;
;
;
;
;
;
;
;
;
;
;
;
;
;
;
;
;
;
;
;
;
;
;
;
;
;
;
;
;
;
;
;
;
;
;
;
;
;
;
;
;
;
;
;
;
;
;
;
;
;
;
;
;
;
;
;
;
;
;
;
;
;
;
;
;
;
;
;
;
;
;
;
;
;
;
;
;
;
;
;
;
;
;
;
;
;
;
;
;
;
;
;
;
;
;
;
;
;
;
;
;
;
;
;
;
;
;
;
;
;
;
;
;
;
;
;
;
;
;
;
;
;
;
;
;
;
;
;
;
;
;
;
;
;
;
;
;
;
;
;
;
;
;
;
;
;
;
;
;
;
;
;
;
;
;
;
;
;
;
;
;
;
;
;
;
;
;
;
;
;
;
;
;
;
;
;
;
;
;
;
;
;
;
;
;
;
;
;
;
;
;
;
;
;
;
;
;
;
;
;
;
;
;
;
;
;
;
;
;
;
;
;
;
;
;
;
;
;
;
;
;
;
;
;
;
;
;
;
;
;
;
;
;
;
;
;
;
;
;
;
;
;
;
;
;
;
;
;
;
;
;
;
;
;
;
;
;
;
;
;
;
;
;
;
;
;
;
;
;
;
;
;
;
;
;
;
;
;
;
;
;
;
;
;
;
;
;
;
;
;
;
;
;
;
;
;
;
;
;
;
;
;
;
;
;
;
;
;
;
;
;
;
;
;
;
;
;
;
;
;
;
;
;
;
;
;
;
;
;
;
;
;
;
;
;
;
;
;
;
;
;
;
;
;
;
;
;
;
;
;
;
;
;
;
;
;
;
;
;
;
;
;
;
;
;
;
;
;
;
;
;
;
;
;
;
;
;
;
;
;
;
;
;
;
;
;
;
;
;
;
;
;
;
;
;
;
;
;
;
;
;
;
;
;
;
;
;
;
;
;
;
;
;
;
;
;
;
;
;
;
;
;
;
;
;
;
;
;
;
;
;
;
;
;
;
;
;
;
;
;
;
;
;
;
;
;
;
;
;
;
;
;
;
;
;
;
;
;
;
;
;
;
;
;
;
;
;
;
;
;
;
;
;
;
;
;
;
;
;
;
;
;
;
;
;
;
;
;
;
;
;
;
;
;
;
;
;
;
;
;
;
;
;
;
;
;
;
;
;
;
;
;
;
;
;
;
;
;
;
;
;
;
;
;
;
;
;
;
;
;
;
;
;
;
;
;
;
;
;
;
;
;
;
;
;
;
;
;
;
;
;
;
;
;
;
;
;
;
;
;
;
;
;
;
;
;
;
;
;
;
;
;
;
;
;
;
;
;
;
;
;
;
;
;
;
;
;
;
;
;
;
;
;
;
;
;
;
;
;
;
;
;
;
;
;
;
;
;
;
;
;
;
;
;
;
;
;
;
;
;
;
;
;
;
;
;
;
;
;
;
;
;
;
;
;
;
;
;
;
;
;
;
;
;
;
;
;
;
;
;
;
;
;
;
;
;
;
;
;
;
;
;
;
;
;
;
;
;
;
;
;
;
;
;
;
;
;
;
;
;
;
;
;
;
;
;
;
;
;
;
;
;
;
;
;
;
;
;
;
;
;
;
;
;
;
;
;
;
;
;
;
;
;
;
;
;
;
;
;
;
;
;
;
;
;
;
;
;
;
;
;
;
;
;
;
;
;
;
;
;
;
;
;
;
;
;
;
;
;
;
;
;
;
;
;
;
;
;
;
;
;
;
;
;
;
;
;
;
;
;
;
;
;
;
;
;
;
;
;
;
;
;
;
;
;
;
;
;
;
;
;
;
;
;
;
;
;
;
;
;
;
;
;
;
;
;
;
;
;
;
;
;
;
;
;
;
;
;
;
;
;
;
;
;
;
;
;
;
;
;
;
;
;
;
;
;
;
;
;
;
;
;
;
;
;
;
;
;
;
;
;
;
;
;
;
;
;
;
;
;
;
;
;
;
;
;
;
;
;
;
;
;
;
;
;
;
;
;
;
;
;
;
;
;
;
;
;
;
;
;
;
;
;
;
;
;
;
;
;
;
;
;
;
;
;
;
;
;
;
;
;
;
;
;
;
;
;
;
;
;
;
;
;
;
;
;
;
;
;
;
;
;
;
;
;
;
;
;
;
;
;
;
;
;
;
;
;
;
;
;
;
;
;
;
;
;
;
;
;
;
;
;
;
;
;
;
;
;
;
;
;
;
;
;
;
;
;
;
;
;
;
;
;
;
;
;
;
;
;
;
;
;
;
;
;
;
;
;
;
;
;
;
;
;
;
;
;
;
;
;
;
;
;
;
;
;
;
;
;
;
;
;
;
;
;
;
;
;
;
;
;
;
;
;
;
;
;
;
;
;
;
;
;
;
;
;
;
;
;
;
;
;
;
;
;
;
;
;
;
;
;
;
;
;
;
;
;
;
;
;
;
;
;
;
;
;
;
;
;
;
;
;
;
;
;
;
;
;
;
;
;
;
;
;
;
;
;
;
;
;
;
;
;
;
;
;
;
;
;
;
;
;
;
;
;
;
;
;
;
;
;
;
;
;
;
;
;
;
;
;
;
;
;
;
;
;
;
;
;
;
;
;
;
;
;
;
;
;
;
;
;
;
;
;
;
;
;
;
;
;
;
;
;
;
;
;
;
;
;
;
;
;
;
;
;
;
;
;
;
;
;
;
;
;
;
;
;
;
;
;
;
;
;
;
;
;
;
;
;
;
;
;
;
;
;
;
;
;
;
;
;
;
;
;
;
;
;
;
;
;
;
;
;
;
;
;
;
;
;
;
;
;
;
;
;
;
;
;
;
;
;
;
;
;
;
;
;
;
;
;
;
;
;
;
;
;
;
;
;
;
;
;
;
;
;
;
;
;
;
;
;
;
;
;
;
;
;
;
;
;
;
;
;
;
;
;
;
;
;
;
;
;
;
;
;
;
;
;
;
;
;
;
;
;
;
;
;
;
;
;
;
;
;
;
;
;
;
;
;
;
;
;
;
;
;
;
;
;
;
;
;
;
;
;
;
;
;
;
;
;
;
;
;
;
;
;
;
;
;
;
;
;
;
;
;
;
;
;
;
;
;
;
;
;
;
;
;
;
;
;
;
;
;
;
;
;
;
;
;
;
;
;
;
;
;
;
;
;
;
;
;
;
;
;
;
;
;
;
;
;
;
;
;
;
;
;
;
;
;
;
;
;
;
;
;
;
;
;
;
;
;
;
;
;
;
;
;
;
;
;
;
;
;
;
;
;
;
;
;
;
;
;
;
;
;
;
;
;
;
;
;
;
;
;
;
;
;
;
;
;
;
;
;
;
;
;
;
;
;
;
;
;
;
;
;
;
;
;
;
;
;
;
;
;
;
;
;
;
;
;
;
;
;
;
;
;
;
;
;
;
;
;
;
;
;
;
;
;
;
;
;
;
;
;
;
;
;
;
;
;
;
;
;
;
;
;
;
;
;
;
;
;
;
;
;
;
;
;
;
;
;
;
;
;
;
;
;
;
;
;
;
;
;
;
;
;
;
;
;
;
;
;
;
;
;
;
;
;
;
;
;
;
;
;
;
;
;
;
;
;
;
;
;
;
;
;
;
;
;
;
;
;
;
;
;
;
;
;
;
;
;
;
;
;
;
;
;
;
;
;
;
;
;
;
;
;
;
;
;
;
;
;
;
;
;
;
;
;
;
;
;
;
;
;
;
;
;
;
;
;
;
;
;
;
;
;
;
;
;
;
;
;
;
;
;
;
;
;
;
;
;
;
;
;
;
;
;
;
;
;
;
;
;
;
;
;
;
;
;
;
;
;
;
;
;
;
;
;
;
;
;
;
;
;
;
;
;
;
;
;
;
;
;
;
;
;
;
;
;
;
;
;
;
;
;
;
;
;
;
;
;
;
;
;
;
;
;
;
;
;
;
;
;
;
;
;
;
;
;
;
;
;
;
;
;
;
;
;
;
;
;
;
;
;
;
;
;
;
;
;
;
;
;
;
;
;
;
;
;
;
;
;
;
;
;
;
;
;
;
;
;
;
;
;
;
;
;
;
;
;
;
;
;
;
;
;
;
;
;
;
;
;
;
;
;
;
;
;
;
;
;
;
;
;
;
;
;
;
;
;
;
;
;
;
;
;
;
;
;
;
;
;
;
;
;
;
;
;
;
;
;
;
;
;
;
;
;
;
;
;
;
;
;
;
;
;
;
;
;
;
;
;
;
;
;
;
;
;
;
;
;
;
;
;
;
;
;
;
;
;
;
;
;
;
;
;
;
;
;
;
;
;
;
;
;
;
;
;
;
;
;
;
;
;
;
;
;
;
;
;
;
;
;
;
;
;
;
;
;
;
;
;
;
;
;
;
;
;
;
;
;
;
;
;
;
;
;
;
;
;
;
;
;
;
;
;
;
;
;
;
;
;
;
;
;
;
;
;
;
;
;
;
;
;
;
;
;
;
;
;
;
;
;
;
;
;
;
;
;
;
;
;
;
;
;
;
;
;
;
;
;
;
;
;
;
;
;
;
;
;
;
;
;
;
;
;
;
;
;
;
;
;
;
;
;
;
;
;
;
;
;
;
;
;
;
;
;
;
;
;
;
;
;
;
;
;
;
;
;
;
;
;
;
;
;
;
;
;
;
;
;
;
;
;
;
;
;
;
;
;
;
;
;
;
;
;
;
;
;
;
;
;
;
;
;
;
;
;
;
;
;
;
;
;
;
;
;
;
;
;
;
;
;
;
;
;
;
;
;
;
;
;
;
;
;
;
;
;
;
;
;
;
;
;
;
;
;
;
;
;
;
;
;
;
;
;
;
;
;
;
;
;
;
;
;
;
;
;
;
;
;
;
;
;
;
;
;
;
;
;
;
;
;
;
;
;
;
;
;
;
;
;
;
;
;
;
;
;
;
;
;
;
;
;
;
;
;
;
;
;
;
;
;
;
;
;
;
;
;
;
;
;
;
;
;
;
;
;
;
;
;
;
;
;
;
;
;
;
;
;
;
;
;
;
;
;
;
;
;
;
;
;
;
;
;
;
;
;
;
;
;
;
;
;
;
;
;
;
;
;
;
;
;
;
;
;
;
;
;
;
;
;
;
;
;
;
;
;
;
;
;
;
;
;
;
;
;
;
;
;
;
;
;
;
;
;
;
;
;
;
;
;
;
;
;
;
;
;
;
;
;
;
;
;
;
;
;
;
;
;
;
;
;
;
;
;
;
;
;
;
;
;
;
;
;
;
;
;
;
;
;
;
;
;
;
;
;
;
;
;
;
;
;
;
;
;
;
;
;
;
;
;
;
;
;
;
;
;
;
;
;
;
;
;
;
;
;
;
;
;
;
;
;
;
;
;
;
;
;
;
;
;
;
;
;
;
;
;
;
;
;
;
;
;
;
;
;
;
;
;
;
;
;
;
;
;
;
;
;
;
;
;
;
;
;
;
;
;
;
;
;
;
;
;
;
;
;
;
;
;
;
;
;
;
;
;
;
;
;
;
;
;
;
;
;
;
;
;
;
;
;
;
;
;
;
;
;
;
;
;
;
;
;
;
;
;
;
;
;
;
;
;
;
;
;
;
;
;
;
;
;
;
;
;
;
;
;
;
;
;
;
;
;
;
;
;
;
;
;
;
;
;
;
;
;
;
;
;
;
;
;
;
;
;
;
;
;
;
;
;
;
;
;
;
;
;
;
;
;
;
;
;
;
;
;
;
;
;
;
;
;
;
;
;
;
;
;
;
;
;
;
;
;
;
;
;
;
;
;
;
;
;
;
;
;
;
;
;
;
;
;
;
;
;
;
;
;
;
;
;
;
;
;
;
;
;
;
;
;
;
;
;
;
;
;
;
;
;
;
;
;
;
;
;
;
;
;
;
;
;
;
;
;
;
;
;
;
;
;
;
;
;
;
;
;
;
;
;
;
;
;
;
;
;
;
;
;
;
;
;
;
;
;
;
;
;
;
;
;
;
;
;
;
;
;
;
;
;
;
;
;
;
;
;
;
;
;
;
;
;
;
;
;
;
;
;
;
;
;
;
;
;
;
;
;
;
;
;
;
;
;
;
;
;
;
;
;
;
;
;
;
;
;
;
;
;
;
;
;
;
;
;
;
;
;
;
;
;
;
;
;
;
;
;
;
;
;
;
;
;
;
;
;
;
;
;
;
;
;
;
;
;
;
;
;
;
;
;
;
;
;
;
;
;
;
;
;
;
;
;
;
;
;
;
;
;
;
;
;
;
;
;
;
;
;
;
;
;
;
;
;
;
;
;
;
;
;
;
;
;
;
;
;
;
;
;
;
;
;
;
;
;
;
;
;
;
;
;
;
;
;
;
;
;
;
;
;
;
;
;
;
;
;
;
;
;
;
;
;
;
;
;
;
;
;
;
;
;
;
;
;
;
;
;
;
;
;
;
;
;
;
;
;
;
;
;
;
;
;
;
;
;
;
;
;
;
;
;
;
;
;
;
;
;
;
;
;
;
;
;
;
;
;
;
;
;
;
;
;
;
;
;
;
;
;
;
;
;
;
;
;
;
;
;
;
;
;
;
;
;
;
;
;
;
;
;
;
;
;
;
;
;
;
;
;
;
;
;
;
;
;
;
;
;
;
;
;
;
;
;
;
;
;
;
;
;
;
;
;
;
;
;
;
;
;
;
;
;
;
;
;
;
;
;
;
;
;
;
;
;
;
;
;
;
;
;
;
;
;
;
;
;
;
;
;
;
;
;
;
;
;
;
;
;
;
;
;
;
;
;
;
;
;
;
;
;
;
;
;
;
;
;
;
;
;
;
;
;
;
;
;
;
;
;
;
;
;
;
;
;
;
;
;
;
;
;
;
;
;
;
;
;
;
;
;
;
;
;
;
;
;
;
;
;
;
;
;
;
;
;
;
;
;
;
;
;
;
;
;
;
;
;
;
;
;
;
;
;
;
;
;
;
;
;
;
;
;
;
;
;
;
;
;
;
;
;
;
;
;
;
;
;
;
;
;
;
;
;
;
;
;
;
;
;
;
;
;
;
;
;
;
;
;
;
;
;
;
;
;
;
;
;
;
;
;
;
;
;
;
;
;
;
;
;
;
;
;
;
;
;
;
;
;
;
;
;
;
;
;
;
;
;
;
;
;
;
;
;
;
;
;
;
;
;
;
;
;
;
;
;
;
;
;
;
;
;
;
;
;
;
;
;
;
;
;
;
;
;
;
;
;
;
;
;
;
;
;
;
;
;
;
;
;
;
;
;
;
;
;
;
;
;
;
;
;
;
;
;
;
;
;
;
;
;
;
;
;
;
;
;
;
;
;
;
;
;
;
;
;
;
;
;
;
;
;
;
;
;
;
;
;
;
;
;
;
;
;
;
;
;
;
;
;
;
;
;
;
;
;
;
;
;
;
;
;
;
;
;
;
;
;
;
;
;
;
;
;
;
;
;
;
;
;
;
;
;
;
;
;
;
;
;
;
;
;
;
;
;
;
;
;
;
;
;
;
;
;
;
;
;
;
;
;
;
;
;
;
;
;
;
;
;
;
;
;
;
;
;
;
;
;
;
;
;
;
;
;
;
;
;
;
;
;
;
;
;
;
;
;
;
;
;
;
;
;
;
;
;
;
;
;
;
;
;
;
;
;
;
;
;
;
;
;
;
;
;
;
;
;
;
;
;
;
;
;
;
;
;
;
;
;
;
;
;
;
;
;
;
;
;
;
;
;
;
;
;
;
;
;
;
;
;
;
;
;
;
;
;
;
;
;
;
;
;
;
;
;
;
;
;
;
;
;
;
;
;
;
;
;
;
;
;
;
;
;
;
;
;
;
;
;
;
;
;
;
;
;
;
;
;
;
;
;
;
;
;
;
;
;
;
;
;
;
;
;
;
;
;
;
;
;
;
;
;
;
;
;
;
;
;
;
;
;
;
;
;
;
;
;
;
;
;
;
;
;
;
;
;
;
;
;
;
;
;
;
;
;
;
;
;
;
;
;
;
;
;
;
;
;
;
;
;
;
;
;
;
;
;
;
;
;
;
;
;
;
;
;
;
;
;
;
;
;
;
;
;
;
;
;
;
;
;
;
;
;
;
;
;
;
;
;
;
;
;
;
;
;
;
;
;
;
;
;
;
;
;
;
;
;
;
;
;
;
;
;
;
;
;
;
;
;
;
;
;
;
;
;
;
;
;
;
;
;
;
;
;
;
;
;
;
;
;
;
;
;
;
;
;
;
;
;
;
;
;
;
;
;
;
;
;
;
;
;
;
;
;
;
;
;
;
;
;
;
;
;
;
;
;
;
;
;
;
;
;
;
;
;
;
;
;
;
;
;
;
;
;
;
;
;
;
;
;
;
;
;
;
;
;
;
;
;
;
;
;
;
;
;
;
;
;
;
;
;
;
;
;
;
;
;
;
;
;
;
;
;
;
;
;
;
;
;
;
;
;
;
;
;
;
;
;
;
;
;
;
;
;
;
;
;
;
;
;
;
;
;
;
;
;
;
;
;
;
;
;
;
;
;
;
;
;
;
;
;
;
;
;
;
;
;
;
;
;
;
;
;
;
;
;
;
;
;
;
;
;
;
;
;
;
;
;
;
;
;
;
;
;
;
;
;
;
;
;
;
;
;
;
;
;
;
;
;
;
;
;
;
;
;
;
;
;
;
;
;
;
;
;
;
;
;
;
;
;
;
;
;
;
;
;
;
;
;
;
;
;
;
;
;
;
;
;
;
;
;
;
;
;
;
;
;
;
;
;
;
;
;
;
;
;
;
;
;
;
;
;
;
;
;
;
;
;
;
;
;
;
;
;
;
;
;
;
;
;
;
;
;
;
;
;
;
;
;
;
;
;
;
;
;
;
;
;
;
;
;
;
;
;
;
;
;
;
;
;
;
;
;
;
;
;
;
;
;
;
;
;
;
;
;
;
;
;
;
;
;
;
;
;
;
;
;
;
;
;
;
;
;
;
;
;
;
;
;
;
;
;
;
;
;
;
;
;
;
;
;
;
;
;
;
;
;
;
;
;
;
;
;
;
;
;
;
;
;
;
;
;
;
;
;
;
;
;
;
;
;
;
;
;
;
;
;
;
;
;
;
;
;
;
;
;
;
;
;
;
;
;
;
;
;
;
;
;
;
;
;
;
;
;
;
;
;
;
;
;
;
;
;
;
;
;
;
;
;
;
;
;
;
;
;
;
;
;
;
;
;
;
;
;
;
;
;
;
;
;
;
;
;
;
;
;
;
;
;
;
;
;
;
;
;
;
;
;
;
;
;
;
;
;
;
;
;
;
;
;
;
;
;
;
;
;
;
;
;
;
;
;
;
;
;
;
;
;
;
;
;
;
;
;
;
;
;
;
;
;
;
;
;
;
;
;
;
;
;
;
;
;
;
;
;
;
;
;
;
;
;
;
;
;
;
;
;
;
;
;
;
;
;
;
;
;
;
;
;
;
;
;
;
;
;
;
;
;
;
;
;
;
;
;
;
;
;
;
;
;
;
;
;
;
;
;
;
;
;
;
;
;
;
;
;
;
;
;
;
;
;
;
;
;
;
;
;
;
;
;
;
;
;
;
;
;
;
;
;
;
;
;
;
;
;
;
;
;
;
;
;
;
;
;
;
;
;
;
;
;
;
;
;
;
;
;
;
;
;
;
;
;
;
;
;
;
;
;
;
;
;
;
;
;
;
;
;
;
;
;
;
;
;
;
;
;
;
;
;
;
;
;
;
;
;
;
;
;
;
;
;
;
;
;
;
;
;
;
;
;
;
;
;
;
;
;
;
;
;
;
;
;
;
;
;
;
;
;
;
;
;
;
;
;
;
;
;
;
;
;
;
;
;
;
;
;
;
;
;
;
;
;
;
;
;
;
;
;
;
;
;
;
;
;
;
;
;
;
;
;
;
;
;
;
;
;
;
;
;
;
;
;
;
;
;
;
;
;
;
;
;
;
;
;
;
;
;
;
;
;
;
;
;
;
;
;
;
;
;
;
;
;
;
;
;
;
;
;
;
;
;
;
;
;
;
;
;
;
;
;
;
;
;
;
;
;
;
;
;
;
;
;
;
;
;
;
;
;
;
;
;
;
;
;
;
;
;
;
;
;
;
;
;
;
;
;
;
;
;
;
;
;
;
;
;
;
;
;
;
;
;
;
;
;
;
;
;
;
;
;
;
;
;
;
;
;
;
;
;
;
;
;
;
;
;
;
;
;
;
;
;
;
;
;
;
;
;
;
;
;
;
;
;
;
;
;
;
;
;
;
;
;
;
;
;
;
;
;
;
;
;
;
;
;
;
;
;
;
;
;
;
;
;
;
;
;
;
;
;
;
;
;
;
;
;
;
;
;
;
;
;
;
;
;
;
;
;
;
;
;
;
;
;
;
;
;
;
;
;
;
;
;
;
;
;
;
;
;
;
;
;
;
;
;
;
;
;
;
;
;
;
;
;
;
;
;
;
;
;
;
;
;
;
;
;
;
;
;
;
;
;
;
;
;
;
;
;
;
;
;
;
;
;
;
;
;
;
;
;
;
;
;
;
;
;
;
;
;
;
;
;
;
;
;
;
;
;
;
;
;
;
;
;
;
;
;
;
;
;
;
;
;
;
;
;
;
;
;
;
;
;
;
;
;
;
;
;
;
;
;
;
;
;
;
;
;
;
;
;
;
;
;
;
;
;
;
;
;
;
;
;
;
;
;
;
;
;
;
;
;
;
;
;
;
;
;
;
;
;
;
;
;
;
;
;
;
;
;
;
;
;
;
;
;
;
;
;
;
;
;
;
;
;
;
;
;
;
;
;
;
;
;
;
;
;
;
;
;
;
;
;
;
;
;
;
;
;
;
;
;
;
;
;
;
;
;
;
;
;
;
;
;
;
;
;
;
;
;
;
;
;
;
;
;
;
;
;
;
;
;
;
;
;
;
;
;
;
;
;
;
;
;
;
;
;
;
;
;
;
;
;
;
;
;
;
;
;
;
;
;
;
;
;
;
;
;
;
;
;
;
;
;
;
;
;
;
;
;
;
;
;
;
;
;
;
;
;
;
;
;
;
;
;
;
;
;
;
;
;
;
;
;
;
;
;
;
;
;
;
;
;
;
;
;
;
;
;
;
;
;
;
;
;
;
;
;
;
;
;
;
;
;
;
;
;
;
;
;
;
;
;
;
;
;
;
;
;
;
;
;
;
;
;
;
;
;
;
;
;
;
;
;
;
;
;
;
;
;
;
;
;
;
;
;
;
;
;
;
;
;
;
;
;
;
;
;
;
;
;
;
;
;
;
;
;
;
;
;
;
;
;
;
;
;
;
;
;
;
;
;
;
;
;
;
;
;
;
;
;
;
;
;
;
;
;
;
;
;
;
;
;
;
;
;
;
;
;
;
;
;
;
;
;
;
;
;
;
;
;
;
;
;
;
;
;
;
;
;
;
;
;
;
;
;
;
;
;
;
;
;
;
;
;
;
;
;
;
;
;
;
;
;
;
;
;
;
;
;
;
;
;
;
;
;
;
;
;
;
;
;
;
;
;
;
;
;
;
;
;
;
;
;
;
;
;
;
;
;
;
;
;
;
;
;
;
;
;
;
;
;
;
;
;
;
;
;
;
;
;
;
;
;
;
;
;
;
;
;
;
;
;
;
;
;
;
;
;
;
;
;
;
;
;
;
;
;
;
;
;
;
;
;
;
;
;
;
;
;
;
;
;
;
;
;
;
;
;
;
;
;
;
;
;
;
;
;
;
;
;
;
;
;
;
;
;
;
;
;
;
;
;
;
;
;
;
;
;
;
;
;
;
;
;
;
;
;
;
;
;
;
;
;
;
;
;
;
;
;
;
;
;
;
;
;
;
;
;
;
;
;
;
;
;
;
;
;
;
;
;
;
;
;
;
;
;
;
;
;
;
;
;
;
;
;
;
;
;
;
;
;
;
;
;
;
;
;
;
;
;
;
;
;
;
;
;
;
;
;
;
;
;
;
;
;
;
;
;
;
;
;
;
;
;
;
;
;
;
;
;
;
;
;
;
;
;
;
;
;
;
;
;
;
;
;
;
;
;
;
;
;
;
;
;
;
;
;
;
;
;
;
;
;
;
;
;
;
;
;
;
;
;
;
;
;
;
;
;
;
;
;
;
;
;
;
;
;
;
;
;
;
;
;
;
;
;
;
;
;
;
;
;
;
;
;
;
;
;
;
;
;
;
;
;
;
;
;
;
;
;
;
;
;
;
;
;
;
;
;
;
;
;
;
;
;
;
;
;
;
;
;
;
;
;
;
;
;
;
;
;
;
;
;
;
;
;
;
;
;
;
;
;
;
;
;
;
;
;
;
;
;
;
;
;
;
;
;
;
;
;
;
;
;
;
;
;
;
;
;
;
;
;
;
;
;
;
;
;
;
;
;
;
;
;
;
;
;
;
;
;
;
;
;
;
;
;
;
;
;
;
;
;
;
;
;
;
;
;
;
;
;
;
;
;
;
;
;
;
;
;
;
;
;
;
;
;
;
;
;
;
;
;
;
;
;
;
;
;
;
;
;
;
;
;
;
;
;
;
;
;
;
;
;
;
;
;
;
;
;
;
;
;
;
;
;
;
;
;
;
;
;
;
;
;
;
;
;
;
;
;
;
;
;
;
;
;
;
;
;
;
;
;
;
;
;
;
;
;
;
;
;
;
;
;
;
;
;
;
;
;
;
;
;
;
;
;
;
;
;
;
;
;
;
;
;
;
;
;
;
;
;
;
;
;
;
;
;
;
;
;
;
;
;
;
;
;
;
;
;
;
;
;
;
;
;
;
;
;
;
;
;
;
;
;
;
;
;
;
;
;
;
;
;
;
;
;
;
;
;
;
;
;
;
;
;
;
;
;
;
;
;
;
;
;
;
;
;
;
;
;
;
;
;
;
;
;
;
;
;
;
;
;
;
;
;
;
;
;
;
;
;
;
;
;
;
;
;
;
;
;
;
;
;
;
;
;
;
;
;
;
;
;
;
;
;
;
;
;
;
;
;
;
;
;
;
;
;
;
;
;
;
;
;
;
;
;
;
;
;
;
;
;
;
;
;
;
;
;
;
;
;
;
;
;
;
;
;
;
;
;
;
;
;
;
;
;
;
;
;
;
;
;
;
;
;
;
;
;
;
;
;
;
;
;
;
;
;
;
;
;
;
;
;
;
;
;
;
;
;
;
;
;
;
;
;
;
;
;
;
;
;
;
;
;
;
;
;
;
;
;
;
;
;
;
;
;
;
;
;
;
;
;
;
;
;
;
;
;
;
;
;
;
;
;
;
;
;
;
;
;
;
;
;
;
;
;
;
;
;
;
;
;
;
;
;
;
;
;
;
;
;
;
;
;
;
;
;
;
;
;
;
;
;
;
;
;
;
;
;
;
;
;
;
;
;
;
;
;
;
;
;
;
;
;
;
;
;
;
;
;
;
;
;
;
;
;
;
;
;
;
;
;
;
;
;
;
;
;
;
;
;
;
;
;
;
;
;
;
;
;
;
;
;
;
;
;
;
;
;
;
;
;
;
;
;
;
;
;
;
;
;
;
;
;
;
;
;
;
;
;
;
;
;
;
;
;
;
;
;
;
;
;
;
;
;
;
;
;
;
;
;
;
;
;
;
;
;
;
;
;
;
;
;
;
;
;
;
;
;
;
;
;
;
;
;
;
;
;
;
;
;
;
;
;
;
;
;
;
;
;
;
;
;
;
;
;
;
;
;
;
;
;
;
;
;
;
;
;
;
;
;
;
;
;
;
;
;
;
;
;
;
;
;
;
;
;
;
;
;
;
;
;
;
;
;
;
;
;
;
;
;
;
;
;
;
;
;
;
;
;
;
;
;
;
;
;
;
;
;
;
;
;
;
;
;
;
;
;
;
;
;
;
;
;
;
;
;
;
;
;
;
;
;
;
;
;
;
;
;
;
;
;
;
;
;
;
;
;
;
;
;
;
;
;
;
;
;
;
;
;
;
;
;
;
;
;
;
;
;
;
;
;
;
;
;
;
;
;
;
;
;
;
;
;
;
;
;
;
;
;
;
;
;
;
;
;
;
;
;
;
;
;
;
;
;
;
;
;
;
;
;
;
;
;
;
;
;
;
;
;
;
;
;
;
;
;
;
;
;
;
;
;
;
;
;
;
;
;
;
;
;
;
;
;
;
;
;
;
;
;
;
;
;
;
;
;
;
;
;
;
;
;
;
;
;
;
;
;
;
;
;
;
;
;
;
;
;
;
;
;
;
;
;
;
;
;
;
;
;
;
;
;
;
;
;
;
;
;
;
;
;
;
;
;
;
;
;
;
;
;
;
;
;
;
;
;
;
;
;
;
;
;
;
;
;
;
;
;
;
;
;
;
;
;
;
;
;
;
;
;
;
;
;
;
;
;
;
;
;
;
;
;
;
;
;
;
;
;
;
;
;
;
;
;
;
;
;
;
;
;
;
;
;
;
;
;
;
;
;
;
;
;
;
;
;
;
;
;
;
;
;
;
;
;
;
;
;
;
;
;
;
;
;
;
;
;
;
;
;
;
;
;
;
;
;
;
;
;
;
;
;
;
;
;
;
;
;
;
;
;
;
;
;
;
;
;
;
;
;
;
;
;
;
;
;
;
;
;
;
;
;
;
;
;
;
;
;
;
;
;
;
;
;
;
;
;
;
;
;
;
;
;
;
;
;
;
;
;
;
;
;
;
;
;
;
;
;
;
;
;
;
;
;
;
;
;
;
;
;
;
;
;
;
;
;
;
;
;
;
;
;
;
;
;
;
;
;
;
;
;
;
;
;
;
;
;
;
;
;
;
;
;
;
;
;
;
;
;
;
;
;
;
;
;
;
;
;
;
;
;
;
;
;
;
;
;
;
;
;
;
;
;
;
;
;
;
;
;
;
;
;
;
;
;
;
;
;
;
;
;
;
;
;
;
;
;
;
;
;
;
;
;
;
;
;
;
;
;
;
;
;
;
;
;
;
;
;
;
;
;
;
;
;
;
;
;
;
;
;
;
;
;
;
;
;
;
;
;
;
;
;
;
;
;
;
;
;
;
;
;
;
;
;
;
;
;
;
;
;
;
;
;
;
;
;
;
;
;
;
;
;
;
;
;
;
;
;
;
;
;
;
;
;
;
;
;
;
;
;
;
;
;
;
;
;
;
;
;
;
;
;
;
;
;
;
;
;
;
;
;
;
;
;
;
;
;
;
;
;
;
;
;
;
;
;
;
;
;
;
;
;
;
;
;
;
;
;
;
;
;
;
;
;
;
;
;
;
;
;
;
;
;
;
;
;
;
;
;
;
;
;
;
;
;
;
;
;
;
;
;
;
;
;
;
;
;
;
;
;
;
;
;
;
;
;
;
;
;
;
;
;
;
;
;
;
;
;
;
;
;
;
;
;
;
;
;
;
;
;
;
;
;
;
;
;
;
;
;
;
;
;
;
;
;
;
;
;
;
;
;
;
;
;
;
;
;
;
;
;
;
;
;
;
;
;
;
;
;
;
;
;
;
;
;
;
;
;
;
;
;
;
;
;
;
;
;
;
;
;
;
;
;
;
;
;
;
;
;
;
;
;
;
;
;
;
;
;
;
;
;
;
;
;
;
;
;
;
;
;
;
;
;
;
;
;
;
;
;
;
;
;
;
;
;
;
;
;
;
;
;
;
;
;
;
;
;
;
;
;
;
;
;
;
;
;
;
;
;
;
;
;
;
;
;
;
;
;
;
;
;
;
;
;
;
;
;
;
;
;
;
;
;
;
;
;
;
;
;
;
;
;
;
;
;
;
;
;
;
;
;
;
;
;
;
;
;
;
;
;
;
;
;
;
;
;
;
;
;
;
;
;
;
;
;
;
;
;
;
;
;
;
;
;
;
;
;
;
;
;
;
;
;
;
;
;
;
;
;
;
;
;
;
;
;
;
;
;
;
;
;
;
;
;
;
;
;
;
;
;
;
;
;
;
;
;
;
;
;
;
;
;
;
;
;
;
;
;
;
;
;
;
;
;
;
;
;
;
;
;
;
;
;
;
;
;
;
;
;
;
;
;
;
;
;
;
;
;
;
;
;
;
;
;
;
;
;
;
;
;
;
;
;
;
;
;
;
;
;
;
;
;
;
;
;
;
;
;
;
;
;
;
;
;
;
;
;
;
;
;
;
;
;
;
;
;
;
;
;
;
;
;
;
;
;
;
;
;
;
;
;
;
;
;
;
;
;
;
;
;
;
;
;
;
;
;
;
;
;
;
;
;
;
;
;
;
;
;
;
;
;
;
;
;
;
;
;
;
;
;
;
;
;
;
;
;
;
;
;
;
;
;
;
;
;
;
;
;
;
;
;
;
;
;
;
;
;
;
;
;
;
;
;
;
;
;
;
;
;
;
;
;
;
;
;
;
;
;
;
;
;
;
;
;
;
;
;
;
;
;
;
;
;
;
;
;
;
;
;
;
;
;
;
;
;
;
;
;
;
;
;
;
;
;
;
;
;
;
;
;
;
;
;
;
;
;
;
;
;
;
;
;
;
;
;
;
;
;
;
;
;
;
;
;
;
;
;
;
;
;
;
;
;
;
;
;
;
;
;
;
;
;
;
;
;
;
;
;
;
;
;
;
;
;
;
;
;
;
;
;
;
;
;
;
;
;
;
;
;
;
;
;
;
;
;
;
;
;
;
;
;
;
;
;
;
;
;
;
;
;
;
;
;
;
;
;
;
;
;
;
;
;
;
;
;
;
;
;
;
;
;
;
;
;
;
;
;
;
;
;
;
;
;
;
;
;
;
;
;
;
;
;
;
;
;
;
;
;
;
;
;
;
;
;
;
;
;
;
;
;
;
;
;
;
;
;
;
;
;
;
;
;
;
;
;
;
;
;
;
;
;
;
;
;
;
;
;
;
;
;
;
;
;
;
;
;
;
;
;
;
;
;
;
;
;
;
;
;
;
;
;
;
;
;
;
;
;
;
;
;
;
;
;
;
;
;
;
;
;
;
;
;
;
;
;
;
;
;
;
;
;
;
;
;
;
;
;
;
;
;
;
;
;
;
;
;
;
;
;
;
;
;
;
;
;
;
;
;
;
;
;
;
;
;
;
;
;
;
;
;
;
;
;
;
;
;
;
;
;
;
;
;
;
;
;
;
;
;
;
;
;
;
;
;
;
;
;
;
;
;
;
;
;
;
;
;
;
;
;
;
;
;
;
;
;
;
;
;
;
;
;
;
;
;
;
;
;
;
;
;
;
;
;
;
;
;
;
;
;
;
;
;
;
;
;
;
;
;
;
;
;
;
;
;
;
;
;
;
;
;
;
;
;
;
;
;
;
;
;
;
;
;
;
;
;
;
;
;
;
;
;
;
;
;
;
;
;
;
;
;
;
;
;
;
;
;
;
;
;
;
;
;
;
;
;
;
;
;
;
;
;
;
;
;
;
;
;
;
;
;
;
;
;
;
;
;
;
;
;
;
;
;
;
;
;
;
;
;
;
;
;
;
;
;
;
;
;
;
;
;
;
;
;
;
;
;
;
;
;
;
;
;
;
;
;
;
;
;
;
;
;
;
;
;
;
;
;
;
;
;
;
;
;
;
;
;
;
;
;
;
;
;
;
;
;
;
;
;
;
;
;
;
;
;
;
;
;
;
;
;
;
;
;
;
;
;
;
;
;
;
;
;
;
;
;
;
;
;
;
;
;
;
;
;
;
;
;
;
;
;
;
;
;
;
;
;
;
;
;
;
;
;
;
;
;
;
;
;
;
;
;
;
;
;
;
;
;
;
;
;
;
;
;
;
;
;
;
;
;
;
;
;
;
;
;
;
;
;
;
;
;
;
;
;
;
;
;
;
;
;
;
;
;
;
;
;
;
;
;
;
;
;
;
;
;
;
;
;
;
;
;
;
;
;
;
;
;
;
;
;
;
;
;
;
;
;
;
;
;
;
;
;
;
;
;
;
;
;
;
;
;
;
;
;
;
;
;
;
;
;
;
;
;
;
;
;
;
;
;
;
;
;
;
;
;
;
;
;
;
;
;
;
;
;
;
;
;
;
;
;
;
;
;
;
;
;
;
;
;
;
;
;
;
;
;
;
;
;
;
;
;
;
;
;
;
;
;
;
;
;
;
;
;
;
;
;
;
;
;
;
;
;
;
;
;
;
;
;
;
;
;
;
;
;
;
;
;
;
;
;
;
;
;
;
;
;
;
;
;
;
;
;
;
;
;
;
;
;
;
;
;
;
;
;
;
;
;
;
;
;
;
;
;
;
;
;
;
;
;
;
;
;
;
;
;
;
;
;
;
;
;
;
;
;
;
;
;
;
;
;
;
;
;
;
;
;
;
;
;
;
;
;
;
;
;
;
;
;
;
;
;
;
;
;
;
;
;
;
;
;
;
;
;
;
;
;
;
;
;
;
;
;
;
;
;
;
;
;
;
;
;
;
;
;
;
;
;
;
;
;
;
;
;
;
;
;
;
;
;
;
;
;
;
;
;
;
;
;
;
;
;
;
;
;
;
;
;
;
;
;
;
;
;
;
;
;
;
;
;
;
;
;
;
;
;
;
;
;
;
;
;
;
;
;
;
;
;
;
;
;
;
;
;
;
;
;
;
;
;
;
;
;
;
;
;
;
;
;
;
;
;
;
;
;
;
;
;
;
;
;
;
;
;
;
;
;
;
;
;
;
;
;
;
;
;
;
;
;
;
;
;
;
;
;
;
;
;
;
;
;
;
;
;
;
;
;
;
;
;
;
;
;
;
;
;
;
;
;
;
;
;
;
;
;
;
;
;
;
;
;
;
;
;
;
;
;
;
;
;
;
;
;
;
;
;
;
;
;
;
;
;
;
;
;
;
;
;
;
;
;
;
;
;
;
;
;
;
;
;
;
;
;
;
;
;
;
;
;
;
;
;
;
;
;
;
;
;
;
;
;
;
;
;
;
;
;
;
;
;
;
;
;
;
;
;
;
;
;
;
;
;
;
;
;
;
;
;
;
;
;
;
;
;
;
;
;
;
;
;
;
;
;
;
;
;
;
;
;
;
;
;
;
;
;
;
;
;
;
;
;
;
;
;
;
;
;
;
;
;
;
;
;
;
;
;
;
;
;
;
;
;
;
;
;
;
;
;
;
;
;
;
;
;
;
;
;
;
;
;
;
;
;
;
;
;
;
;
;
;
;
;
;
;
;
;
;
;
;
;
;
;
;
;
;
;
;
;
;
;
;
;
;
;
;
;
;
;
;
;
;
;
;
;
;
;
;
;
;
;
;
;
;
;
;
;
;
;
;
;
;
;
;
;
;
;
;
;
;
;
;
;
;
;
;
;
;
;
;
;
;
;
;
;
;
;
;
;
;
;
;
;
;
;
;
;
;
;
;
;
;
;
;
;
;
;
;
;
;
;
;
;
;
;
;
;
;
;
;
;
;
;
;
;
;
;
;
;
;
;
;
;
;
;
;
;
;
;
;
;
;
;
;
;
;
;
;
;
;
;
;
;
;
;
;
;
;
;
;
;
;
;
;
;
;
;
;
;
;
;
;
;
;
;
;
;
;
;
;
;
;
;
;
;
;
;
;
;
;
;
;
;
;
;
;
;
;
;
;
;
;
;
;
;
;
;
;
;
;
;
;
;
;
;
;
;
;
;
;
;
;
;
;
;
;
;
;
;
;
;
;
;
;
;
;
;
;
;
;
;
;
;
;
;
;
;
;
;
;
;
;
;
;
;
;
;
;
;
;
;
;
;
;
;
;
;
;
;
;
;
;
;
;
;
;
;
;
;
;
;
;
;
;
;
;
;
;
;
;
;
;
;
;
;
;
;
;
;
;
;
;
;
;
;
;
;
;
;
;
;
;
;
;
;
;
;
;
;
;
;
;
;
;
;
;
;
;
;
;
;
;
;
;
;
;
;
;
;
;
;
;
;
;
;
;
;
;
;
;
;
;
;
;
;
;
;
;
;
;
;
;
;
;
;
;
;
;
;
;
;
;
;
;
;
;
;
;
;
;
;
;
;
;
;
;
;
;
;
;
;
;
;
;
;
;
;
;
;
;
;
;
;
;
;
;
;
;
;
;
;
;
;
;
;
;
;
;
;
;
;
;
;
;
;
;
;
;
;
;
;
;
;
;
;
;
;
;
;
;
;
;
;
;
;
;
;
;
;
;
;
;
;
;
;
;
;
;
;
;
;
;
;
;
;
;
;
;
;
;
;
;
;
;
;
;
;
;
;
;
;
;
;
;
;
;
;
;
;
;
;
;
;
;
;
;
;
;
;
;
;
;
;
;
;
;
;
;
;
;
;
;
;
;
;
;
;
;
;
;
;
;
;
;
;
;
;
;
;
;
;
;
;
;
;
;
;
;
;
;
;
;
;
;
;
;
;
;
;
;
;
;
;
;
;
;
;
;
;
;
;
;
;
;
;
;
;
;
;
;
;
;
;
;
;
;
;
;
;
;
;
;
;
;
;
;
;
;
;
;
;
;
;
;
;
;
;
;
;
;
;
;
;
;
;
;
;
;
;
;
;
;
;
;
;
;
;
;
;
;
;
;
;
;
;
;
;
;
;
;
;
;
;
;
;
;
;
;
;
;
;
;
;
;
;
;
;
;
;
;
;
;
;
;
;
;
;
;
;
;
;
;
;
;
;
;
;
;
;
;
;
;
;
;
;
;
;
;
;
;
;
;
;
;
;
;
;
;
;
;
;
;
;
;
;
;
;
;
;
;
;
;
;
;
;
;
;
;
;
;
;
;
;
;
;
;
;
;
;
;
;
;
;
;
;
;
;
;
;
;
;
;
;
;
;
;
;
;
;
;
;
;
;
;
;
;
;
;
;
;
;
;
;
;
;
;
;
;
;
;
;
;
;
;
;
;
;
;
;
;
;
;
;
;
;
;
;
;
;
;
;
;
;
;
;
;
;
;
;
;
;
;
;
;
;
;
;
;
;
;
;
;
;
;
;
;
;
;
;
;
;
;
;
;
;
;
;
;
;
;
;
;
;
;
;
;
;
;
;
;
;
;
;
;
;
;
;
;
;
;
;
;
;
;
;
;
;
;
;
;
;
;
;
;
;
;
;
;
;
;
;
;
;
;
;
;
;
;
;
;
;
;
;
;
;
;
;
;
;
;
;
;
;
;
;
;
;
;
;
;
;
;
;
;
;
;
;
;
;
;
;
;
;
;
;
;
;
;
;
;
;
;
;
;
;
;
;
;
;
;
;
;
;
;
;
;
;
;
;
;
;
;
;
;
;
;
;
;
;
;
;
;
;
;
;
;
;
;
;
;
;
;
;
;
;
;
;
;
;
;
;
;
;
;
;
;
;
;
;
;
;
;
;
;
;
;
;
;
;
;
;
;
;
;
;
;
;
;
;
;
;
;
;
;
;
;
;
;
;
;
;
;
;
;
;
;
;
;
;
;
;
;
;
;
;
;
;
;
;
;
;
;
;
;
;
;
;
;
;
;
;
;
;
;
;
;
;
;
;
;
;
;
;
;
;
;
;
;
;
;
;
;
;
;
;
;
;
;
;
;
;
;
;
;
;
;
;
;
;
;
;
;
;
;
;
;
;
;
;
;
;
;
;
;
;
;
;
;
;
;
;
;
;
;
;
;
;
;
;
;
;
;
;
;
;
;
;
;
;
;
;
;
;
;
;
;
;
;
;
;
;
;
;
;
;
;
;
;
;
;
;
;
;
;
;
;
;
;
;
;
;
;
;
;
;
;
;
;
;
;
;
;
;
;
;
;
;
;
;
;
;
;
;
;
;
;
;
;
;
;
;
;
;
;
;
;
;
;
;
;
;
;
;
;
;
;
;
;
;
;
;
;
;
;
;
;
;
;
;
;
;
;
;
;
;
;
;
;
;
;
;
;
;
;
;
;
;
;
;
;
;
;
;
;
;
;
;
;
;
;
;
;
;
;
;
;
;
;
;
;
;
;
;
;
;
;
;
;
;
;
;
;
;
;
;
;
;
;
;
;
;
;
;
;
;
;
;
;
;
;
;
;
;
;
;
;
;
;
;
;
;
;
;
;
;
;
;
;
;
;
;
;
;
;
;
;
;
;
;
;
;
;
;
;
;
;
;
;
;
;
;
;
;
;
;
;
;
;
;
;
;
;
;
;
;
;
;
;
;
;
;
;
;
;
;
;
;
;
;
;
;
;
;
;
;
;
;
;
;
;
;
;
;
;
;
;
;
;
;
;
;
;
;
;
;
;
;
;
;
;
;
;
;
;
;
;
;
;
;
;
;
;
;
;
;
;
;
;
;
;
;
;
;
;
;
;
;
;
;
;
;
;
;
;
;
;
;
;
;
;
;
;
;
;
;
;
;
;
;
;
;
;
;
;
;
;
;
;
;
;
;
;
;
;
;
;
;
;
;
;
;
;
;
;
;
;
;
;
;
;
;
;
;
;
;
;
;
;
;
;
;
;
;
;
;
;
;
;
;
;
;
;
;
;
;
;
;
;
;
;
;
;
;
;
;
;
;
;
;
;
;
;
;
;
;
;
;
;
;
;
;
;
;
;
;
;
;
;
;
;
;
;
;
;
;
;
;
;
;
;
;
;
;
;
;
;
;
;
;
;
;
;
;
;
;
;
;
;
;
;
;
;
;
;
;
;
;
;
;
;
;
;
;
;
;
;
;
;
;
;
;
;
;
;
;
;
;
;
;
;
;
;
;
;
;
;
;
;
;
;
;
;
;
;
;
;
;
;
;
;
;
;
;
;
;
;
;
;
;
;
;
;
;
;
;
;
;
;
;
;
;
;
;
;
;
;
;
;
;
;
;
;
;
;
;
;
;
;
;
;
;
;
;
;
;
;
;
;
;
;
;
;
;
;
;
;
;
;
;
;
;
;
;
;
;
;
;
;
;
;
;
;
;
;
;
;
;
;
;
;
;
;
;
;
;
;
;
;
;
;
;
;
;
;
;
;
;
;
;
;
;
;
;
;
;
;
;
;
;
;
;
;
;
;
;
;
;
;
;
;
;
;
;
;
;
;
;
;
;
;
;
;
;
;
;
;
;
;
;
;
;
;
;
;
;
;
;
;
;
;
;
;
;
;
;
;
;
;
;
;
;
;
;
;
;
;
;
;
;
;
;
;
;
;
;
;
;
;
;
;
;
;
;
;
;
;
;
;
;
;
;
;
;
;
;
;
;
;
;
;
;
;
;
;
;
;
;
;
;
;
;
;
;
;
;
;
;
;
;
;
;
;
;
;
;
;
;
;
;
;
;
;
;
;
;
;
;
;
;
;
;
;
;
;
;
;
;
;
;
;
;
;
;
;
;
;
;
;
;
;
;
;
;
;
;
;
;
;
;
;
;
;
;
;
;
;
;
;
;
;
;
;
;
;
;
;
;
;
;
;
;
;
;
;
;
;
;
;
;
;
;
;
;
;
;
;
;
;
;
;
;
;
;
;
;
;
;
;
;
;
;
;
;
;
;
;
;
;
;
;
;
;
;
;
;
;
;
;
;
;
;
;
;
;
;
;
;
;
;
;
;
;
;
;
;
;
;
;
;
;
;
;
;
;
;
;
;
;
;
;
;
;
;
;
;
;
;
;
;
;
;
;
;
;
;
;
;
;
;
;
;
;
;
;
;
;
;
;
;
;
;
;
;
;
;
;
;
;
;
;
;
;
;
;
;
;
;
;
;
;
;
;
;
;
;
;
;
;
;
;
;
;
;
;
;
;
;
;
;
;
;
;
;
;
;
;
;
;
;
;
;
;
;
;
;
;
;
;
;
;
;
;
;
;
;
;
;
;
;
;
;
;
;
;
;
;
;
;
;
;
;
;
;
;
;
;
;
;
;
;
;
;
;
;
;
;
;
;
;
;
;
;
;
;
;
;
;
;
;
;
;
;
;
;
;
;
;
;
;
;
;
;
;
;
;
;
;
;
;
;
;
;
;
;
;
;
;
;
;
;
;
;
;
;
;
;
;
;
;
;
;
;
;
;
;
;
;
;
;
;
;
;
;
;
;
;
;
;
;
;
;
;
;
;
;
;
;
;
;
;
;
;
;
;
;
;
;
;
;
;
;
;
;
;
;
;
;
;
;
;
;
;
;
;
;
;
;
;
;
;
;
;
;
;
;
;
;
;
;
;
;
;
;
;
;
;
;
;
;
;
;
;
;
;
;
;
;
;
;
;
;
;
;
;
;
;
;
;
;
;
;
;
;
;
;
;
;
;
;
;
;
;
;
;
;
;
;
;
;
;
;
;
;
;
;
;
;
;
;
;
;
;
;
;
;
;
;
;
;
;
;
;
;
;
;
;
;
;
;
;
;
;
;
;
;
;
;
;
;
;
;
;
;
;
;
;
;
;
;
;
;
;
;
;
;
;
;
;
;
;
;
;
;
;
;
;
;
;
;
;
;
;
;
;
;
;
;
;
;
;
;
;
;
;
;
;
;
;
;
;
;
;
;
;
;
;
;
;
;
;
;
;
;
;
;
;
;
;
;
;
;
;
;
;
;
;
;
;
;
;
;
;
;
;
;
;
;
;
;
;
;
;
;
;
;
;
;
;
;
;
;
;
;
;
;
;
;
;
;
;
;
;
;
;
;
;
;
;
;
;
;
;
;
;
;
;
;
;
;
;
;
;
;
;
;
;
;
;
;
;
;
;
;
;
;
;
;
;
;
;
;
;
;
;
;
;
;
;
;
;
;
;
;
;
;
;
;
;
;
;
;
;
;
;
;
;
;
;
;
;
;
;
;
;
;
;
;
;
;
;
;
;
;
;
;
;
;
;
;
;
;
;
;
;
;
;
;
;
;
;
;
;
;
;
;
;
;
;
;
;
;
;
;
;
;
;
;
;
;
;
;
;
;
;
;
;
;
;
;
;
;
;
;
;
;
;
;
;
;
;
;
;
;
;
;
;
;
;
;
;
;
;
;
;
;
;
;
;
;
;
;
;
;
;
;
;
;
;
;
;
;
;
;
;
;
;
;
;
;
;
;
;
;
;
;
;
;
;
;
;
;
;
;
;
;
;
;
;
;
;
;
;
;
;
;
;
;
;
;
;
;
;
;
;
;
;
;
;
;
;
;
;
;
;
;
;
;
;
;
;
;
;
;
;
;
;
;
;
;
;
;
;
;
;
;
;
;
;
;
;
;
;
;
;
;
;
;
;
;
;
;
;
;
;
;
;
;
;
;
;
;
;
;
;
;
;
;
;
;
;
;
;
;
;
;
;
;
;
;
;
;
;
;
;
;
;
;
;
;
;
;
;
;
;
;
;
;
;
;
;
;
;
;
;
;
;
;
;
;
;
;
;
;
;
;
;
;
;
;
;
;
;
;
;
;
;
;
;
;
;
;
;
;
;
;
;
;
;
;
;
;
;
;
;
;
;
;
;
;
;
;
;
;
;
;
;
;
;
;
;
;
;
;
;
;
;
;
;
;
;
;
;
;
;
;
;
;
;
;
;
;
;
;
;
;
;
;
;
;
;
;
;
;
;
;
;
;
;
;
;
;
;
;
;
;
;
;
;
;
;
;
;
;
;
;
;
;
;
;
;
;
;
;
;
;
;
;
;
;
;
;
;
;
;
;
;
;
;
;
;
;
;
;
;
;
;
;
;
;
;
;
;
;
;
;
;
;
;
;
;
;
;
;
;
;
;
;
;
;
;
;
;
;
;
;
;
;
;
;
;
;
;
;
;
;
;
;
;
;
;
;
;
;
;
;
;
;
;
;
;
;
;
;
;
;
;
;
;
;
;
;
;
;
;
;
;
;
;
;
;
;
;
;
;
;
;
;
;
;
;
;
;
;
;
;
;
;
;
;
;
;
;
;
;
;
;
;
;
;
;
;
;
;
;
;
;
;
;
;
;
;
;
;
;
;
;
;
;
;
;
;
;
;
;
;
;
;
;
;
;
;
;
;
;
;
;
;
;
;
;
;
;
;
;
;
;
;
;
;
;
;
;
;
;
;
;
;
;
;
;
;
;
;
;
;
;
;
;
;
;
;
;
;
;
;
;
;
;
;
;
;
;
;
;
;
;
;
;
;
;
;
;
;
;
;
;
;
;
;
;
;
;
;
;
;
;
;