Region;Carpathians
Country;Hungary
#;11
Spring Name/Station Name;Lofej
Literature;Yes
Lat;48.522
Lon;20.546
Elev;462
Start Date;1.01.1965
End Date;14.01.2024
Resolution;Daily
Data Source;
Data License;Open data
Contact Person;Istvan Gabor Hatvani
Spring ID;CAR_11_HU
Date;Discharge m^3/s
1.01.1965;0.00817
2.01.1965;0.00817
3.01.1965;0.0055
4.01.1965;0.00522
5.01.1965;0.00522
6.01.1965;0.00695
7.01.1965;0.00637
8.01.1965;0.00695
9.01.1965;0.00695
10.01.1965;0.00578
11.01.1965;0.00463
12.01.1965;0.00463
13.01.1965;0.00463
14.01.1965;0.00347
15.01.1965;0.00232
16.01.1965;0.00752
17.01.1965;0.00347
18.01.1965;0.00915
19.01.1965;0.00173
20.01.1965;0.00625
21.01.1965;0.00683
22.01.1965;0.0029
23.01.1965;0.0029
24.01.1965;0.0029
25.01.1965;0.0029
26.01.1965;0.00115
27.01.1965;0.00787
28.01.1965;0.00138
29.01.1965;0.00138
30.01.1965;0.00138
31.01.1965;0.00138
1.02.1965;0.00208
2.02.1965;0.0029
3.02.1965;0.0029
4.02.1965;0.0029
5.02.1965;0.0029
6.02.1965;0.00232
7.02.1965;0.00232
8.02.1965;0.00232
9.02.1965;0.00208
10.02.1965;0.00138
11.02.1965;0.00115
12.02.1965;0.00115
13.02.1965;0.00115
14.02.1965;0.00115
15.02.1965;0.00232
16.02.1965;0.00573
17.02.1965;0.00208
18.02.1965;0.00208
19.02.1965;0.00232
20.02.1965;0.00208
21.02.1965;0.00232
22.02.1965;0.00115
23.02.1965;0.0007
24.02.1965;0.0007
25.02.1965;0.0007
26.02.1965;0.00115
27.02.1965;0.0007
28.02.1965;0.0007
1.03.1965;0.0007
2.03.1965;0.0007
3.03.1965;0.00522
4.03.1965;0.00093
5.03.1965;0.00093
6.03.1965;0.00093
7.03.1965;0.00093
8.03.1965;0.00115
9.03.1965;0.0007
10.03.1965;0.00082
11.03.1965;0.00082
12.03.1965;0.00093
13.03.1965;0.00115
14.03.1965;0.00138
15.03.1965;0.00208
16.03.1965;0.00637
17.03.1965;0.01968
18.03.1965;0.0382
19.03.1965;0.06597
20.03.1965;0.07523
21.03.1965;0.07177
22.03.1965;0.07177
23.03.1965;0.0625
24.03.1965;0.05208
25.03.1965;0.04282
26.03.1965;0.03935
27.03.1965;0.03588
28.03.1965;0.03357
29.03.1965;0.02893
30.03.1965;0.02662
31.03.1965;0.02547
1.04.1965;0.02198
2.04.1965;0.01968
3.04.1965;0.01737
4.04.1965;0.0162
5.04.1965;0.01505
6.04.1965;0.0162
7.04.1965;0.01678
8.04.1965;0.0162
9.04.1965;0.01852
10.04.1965;0.01737
11.04.1965;0.01737
12.04.1965;0.01388
13.04.1965;0.01042
14.04.1965;0.00868
15.04.1965;0.01042
16.04.1965;0.01042
17.04.1965;0.01042
18.04.1965;0.01042
19.04.1965;0.00927
20.04.1965;0.00695
21.04.1965;0.00578
22.04.1965;0.01505
23.04.1965;0.0243
24.04.1965;0.02373
25.04.1965;0.02373
26.04.1965;0.02083
27.04.1965;0.02048
28.04.1965;0.01782
29.04.1965;0.01748
30.04.1965;0.01713
1.05.1965;0.01447
2.05.1965;0.01528
3.05.1965;0.01505
4.05.1965;0.01505
5.05.1965;0.01273
6.05.1965;0.01273
7.05.1965;0.01505
8.05.1965;0.01157
9.05.1965;0.01042
10.05.1965;0.01273
11.05.1965;0.00752
12.05.1965;0.00927
13.05.1965;0.00695
14.05.1965;0.00695
15.05.1965;0.00752
16.05.1965;0.00752
17.05.1965;0.00868
18.05.1965;0.0081
19.05.1965;0.00578
20.05.1965;0.00695
21.05.1965;0.00868
22.05.1965;0.00637
23.05.1965;0.00927
24.05.1965;0.00695
25.05.1965;0.00637
26.05.1965;0.00637
27.05.1965;0.00637
28.05.1965;0.00752
29.05.1965;0.01505
30.05.1965;0.0162
31.05.1965;0.0162
1.06.1965;0.01737
2.06.1965;0.01678
3.06.1965;0.0162
4.06.1965;0.0162
5.06.1965;0.04052
6.06.1965;0.07987
7.06.1965;0.0787
8.06.1965;0.06597
9.06.1965;0.06597
10.06.1965;0.1007
11.06.1965;0.09953
12.06.1965;0.09838
13.06.1965;0.08565
14.06.1965;0.07292
15.06.1965;0.0706
16.06.1965;0.06713
17.06.1965;0.05672
18.06.1965;0.04977
19.06.1965;0.04167
20.06.1965;0.03472
21.06.1965;0.0301
22.06.1965;0.02778
23.06.1965;0.02547
24.06.1965;0.02198
25.06.1965;0.01968
26.06.1965;0.01388
27.06.1965;0.02083
28.06.1965;0.0162
29.06.1965;0.01505
30.06.1965;0.01412
1.07.1965;0.01042
2.07.1965;0.01447
3.07.1965;0.0103
4.07.1965;0.01157
5.07.1965;0.01447
6.07.1965;0.014
7.07.1965;0.01343
8.07.1965;0.01423
9.07.1965;0.0125
10.07.1965;0.01042
11.07.1965;0.01573
12.07.1965;0.00938
13.07.1965;0.01058
14.07.1965;0.0129
15.07.1965;0.01042
16.07.1965;0.00707
17.07.1965;0.00522
18.07.1965;0.00463
19.07.1965;0.00672
20.07.1965;0.00463
21.07.1965;0.00845
22.07.1965;0.00487
23.07.1965;0.00347
24.07.1965;0.00857
25.07.1965;0.00463
26.07.1965;0.00463
27.07.1965;0.00487
28.07.1965;0.00752
29.07.1965;0.0051
30.07.1965;0.00522
31.07.1965;0.00463
1.08.1965;0.00758
2.08.1965;0.00578
3.08.1965;0.00695
4.08.1965;0.00695
5.08.1965;0.00695
6.08.1965;0.00637
7.08.1965;0.00637
8.08.1965;0.00578
9.08.1965;0.00578
10.08.1965;0.00578
11.08.1965;0.00578
12.08.1965;0.00578
13.08.1965;0.00463
14.08.1965;0.00522
15.08.1965;0.00522
16.08.1965;0.00522
17.08.1965;0.00578
18.08.1965;0.00695
19.08.1965;0.00695
20.08.1965;0.00522
21.08.1965;0.00578
22.08.1965;0.00522
23.08.1965;0.00522
24.08.1965;0.00522
25.08.1965;0.00578
26.08.1965;0.00695
27.08.1965;0.0081
28.08.1965;0.0081
29.08.1965;0.0066
30.08.1965;0.01238
31.08.1965;0.00735
1.09.1965;0.0081
2.09.1965;0.0081
3.09.1965;0.0081
4.09.1965;0.00695
5.09.1965;0.00637
6.09.1965;0.00695
7.09.1965;0.00463
8.09.1965;0.00463
9.09.1965;0.00463
10.09.1965;0.0029
11.09.1965;0.00463
12.09.1965;0.0044
13.09.1965;0.00522
14.09.1965;0.0051
15.09.1965;0.00487
16.09.1965;0.00522
17.09.1965;0.00555
18.09.1965;0.00637
19.09.1965;0.00578
20.09.1965;0.00578
21.09.1965;0.00522
22.09.1965;0.00463
23.09.1965;0.00463
24.09.1965;0.00405
25.09.1965;0.00405
26.09.1965;0.00522
27.09.1965;0.00578
28.09.1965;0.00522
29.09.1965;0.00522
30.09.1965;0.00522
1.10.1965;0.00405
2.10.1965;0.00463
3.10.1965;0.00463
4.10.1965;0.00405
5.10.1965;0.0081
6.10.1965;0.00822
7.10.1965;0.0078
8.10.1965;0.0088
9.10.1965;0.0083
10.10.1965;0.0078
11.10.1965;0.0075
12.10.1965;0.007
13.10.1965;0.007
14.10.1965;0.0082
15.10.1965;0.0082
16.10.1965;0.0084
17.10.1965;0.0081
18.10.1965;0.0093
19.10.1965;0.01
20.10.1965;0.01
21.10.1965;0.01
22.10.1965;0.01
23.10.1965;0.01
24.10.1965;0.01
25.10.1965;0.005
26.10.1965;0.007
27.10.1965;0.0085
28.10.1965;0.00833
29.10.1965;0.00833
30.10.1965;0.00833
31.10.1965;0.00833
1.11.1965;0.00833
2.11.1965;0.00833
3.11.1965;0.00833
4.11.1965;0.00833
5.11.1965;0.00833
6.11.1965;0.00833
7.11.1965;0.00833
8.11.1965;0.00833
9.11.1965;0.00833
10.11.1965;0.00833
11.11.1965;0.00833
12.11.1965;0.00752
13.11.1965;0.007
14.11.1965;0.00683
15.11.1965;0.00667
16.11.1965;0.00667
17.11.1965;0.00752
18.11.1965;0.00798
19.11.1965;0.00752
20.11.1965;0.00798
21.11.1965;0.00833
22.11.1965;0.014
23.11.1965;0.012
24.11.1965;0.01297
25.11.1965;0.0115
26.11.1965;0.01377
27.11.1965;0.01
28.11.1965;0.01
29.11.1965;0.01
30.11.1965;0.0096
1.12.1965;0.01
2.12.1965;0.011
3.12.1965;0.01147
4.12.1965;0.012
5.12.1965;0.0145
6.12.1965;0.015
7.12.1965;0.015
8.12.1965;0.015
9.12.1965;0.012
10.12.1965;0.01702
11.12.1965;0.027
12.12.1965;0.027
13.12.1965;0.02198
14.12.1965;0.025
15.12.1965;0.023
16.12.1965;0.023
17.12.1965;0.021
18.12.1965;0.0195
19.12.1965;0.018
20.12.1965;0.011
21.12.1965;0.011
22.12.1965;0.01
23.12.1965;0.012
24.12.1965;0.012
25.12.1965;0.0135
26.12.1965;0.01502
27.12.1965;0.013
28.12.1965;0.013
29.12.1965;0.016
30.12.1965;0.0145
31.12.1965;0.01655
1.01.1966;0.017
2.01.1966;0.018
3.01.1966;0.017
4.01.1966;0.017
5.01.1966;0.013
6.01.1966;0.011
7.01.1966;0.012
8.01.1966;0.011
9.01.1966;0.0105
10.01.1966;0.0125
11.01.1966;0.013
12.01.1966;0.014
13.01.1966;0.011
14.01.1966;0.011
15.01.1966;0.014
16.01.1966;0.0095
17.01.1966;0.0085
18.01.1966;0.00875
19.01.1966;0.0075
20.01.1966;0.0075
21.01.1966;0.009
22.01.1966;0.0075
23.01.1966;0.0075
24.01.1966;0.006
25.01.1966;0.006
26.01.1966;0.007
27.01.1966;0.007
28.01.1966;0.007
29.01.1966;0.007
30.01.1966;0.0115
31.01.1966;0.0065
1.02.1966;0.0065
2.02.1966;0.007
3.02.1966;0.0065
4.02.1966;0.0075
5.02.1966;0.007
6.02.1966;0.0065
7.02.1966;0.006
8.02.1966;0.0085
9.02.1966;0.0095
10.02.1966;0.012
11.02.1966;0.014
12.02.1966;0.018
13.02.1966;0.041
14.02.1966;0.05975
15.02.1966;0.075
16.02.1966;0.085
17.02.1966;0.075
18.02.1966;0.059
19.02.1966;0.057
20.02.1966;0.0565
21.02.1966;0.0635
22.02.1966;0.0605
23.02.1966;0.0515
24.02.1966;0.046
25.02.1966;0.047
26.02.1966;0.046
27.02.1966;0.043
28.02.1966;0.035
1.03.1966;0.03
2.03.1966;0.025
3.03.1966;0.02
4.03.1966;0.0175
5.03.1966;0.0165
6.03.1966;0.0125
7.03.1966;0.01
8.03.1966;0.0075
9.03.1966;0.00725
10.03.1966;0.008
11.03.1966;0.0065
12.03.1966;0.0065
13.03.1966;0.006
14.03.1966;0.0085
15.03.1966;0.005
16.03.1966;0.0065
17.03.1966;0.0075
18.03.1966;0.007
19.03.1966;0.00875
20.03.1966;0.0085
21.03.1966;0.012
22.03.1966;0.015
23.03.1966;0.014
24.03.1966;0.012
25.03.1966;0.012
26.03.1966;0.011
27.03.1966;0.011
28.03.1966;0.0105
29.03.1966;0.012
30.03.1966;0.0095
31.03.1966;0.00925
1.04.1966;0.01
2.04.1966;0.01
3.04.1966;0.01
4.04.1966;0.008
5.04.1966;0.004
6.04.1966;0.0035
7.04.1966;0.0045
8.04.1966;0.0035
9.04.1966;0.00375
10.04.1966;0.003
11.04.1966;0.00925
12.04.1966;0.017
13.04.1966;0.017
14.04.1966;0.017
15.04.1966;0.017
16.04.1966;0.0145
17.04.1966;0.013
18.04.1966;0.0135
19.04.1966;0.0145
20.04.1966;0.017
21.04.1966;0.018
22.04.1966;0.016
23.04.1966;0.0165
24.04.1966;0.017
25.04.1966;0.014
26.04.1966;0.011
27.04.1966;0.013
28.04.1966;0.013
29.04.1966;0.012
30.04.1966;0.011
1.05.1966;0.0105
2.05.1966;0.01025
3.05.1966;0.01
4.05.1966;0.0095
5.05.1966;0.0095
6.05.1966;0.0085
7.05.1966;0.00825
8.05.1966;0.007
9.05.1966;0.00525
10.05.1966;0.0085
11.05.1966;0.007
12.05.1966;0.0065
13.05.1966;0.0055
14.05.1966;0.005
15.05.1966;0.0045
16.05.1966;0.0085
17.05.1966;0.0045
18.05.1966;0.00425
19.05.1966;0.0045
20.05.1966;0.00425
21.05.1966;0.0045
22.05.1966;0.004
23.05.1966;0.0125
24.05.1966;0.003
25.05.1966;0.004
26.05.1966;0.004
27.05.1966;0.0035
28.05.1966;0.004
29.05.1966;0.0035
30.05.1966;0.00325
31.05.1966;0.00225
1.06.1966;0.0025
2.06.1966;0.002
3.06.1966;0.002
4.06.1966;0.0035
5.06.1966;0.003
6.06.1966;0.0025
7.06.1966;0.002
8.06.1966;0.0008
9.06.1966;0.0004
10.06.1966;0.0025
11.06.1966;0.001
12.06.1966;0.0009
13.06.1966;0.00675
14.06.1966;0.0015
15.06.1966;0.001
16.06.1966;0.0007
17.06.1966;0.0013
18.06.1966;0.0004
19.06.1966;0.0003
20.06.1966;0.0007
21.06.1966;0.006
22.06.1966;0.002
23.06.1966;0.0015
24.06.1966;0.0015
25.06.1966;0.002
26.06.1966;0.00225
27.06.1966;0.0025
28.06.1966;0.00225
29.06.1966;0.003
30.06.1966;0.001
1.07.1966;0.0015
2.07.1966;0.0015
3.07.1966;0.00175
4.07.1966;0.00192
5.07.1966;0.0015
6.07.1966;0.00233
7.07.1966;0.0025
8.07.1966;0.0025
9.07.1966;0.002
10.07.1966;0.00233
11.07.1966;0.00108
12.07.1966;0.0015
13.07.1966;0.0013
14.07.1966;0.00175
15.07.1966;0.001
16.07.1966;0.0015
17.07.1966;0.0015
18.07.1966;0.0015
19.07.1966;0.001
20.07.1966;0.001
21.07.1966;0.001
22.07.1966;0.001
23.07.1966;0.001
24.07.1966;0.0009
25.07.1966;0.002
26.07.1966;0.0006
27.07.1966;0.0007
28.07.1966;0.0006
29.07.1966;0.0005
30.07.1966;0.0004
31.07.1966;0.0005
1.08.1966;0.0008
2.08.1966;0.0008
3.08.1966;0.0008
4.08.1966;0.0008
5.08.1966;0.0008
6.08.1966;0.0008
7.08.1966;0.0008
8.08.1966;0.0008
9.08.1966;0.0008
10.08.1966;0.0008
11.08.1966;0.0008
12.08.1966;0.0008
13.08.1966;0.0008
14.08.1966;0.0008
15.08.1966;0.0008
16.08.1966;0.0008
17.08.1966;0.0008
18.08.1966;0.0008
19.08.1966;0.0008
20.08.1966;0.0007
21.08.1966;0.0007
22.08.1966;0.0007
23.08.1966;0.0007
24.08.1966;0.0007
25.08.1966;0.0007
26.08.1966;0.0007
27.08.1966;0.0007
28.08.1966;0.0007
29.08.1966;0.0007
30.08.1966;0.0007
31.08.1966;0.0007
1.09.1966;0.0007
2.09.1966;0.0007
3.09.1966;0.0007
4.09.1966;0.0007
5.09.1966;0.0007
6.09.1966;0.0007
7.09.1966;0.0007
8.09.1966;0.0007
9.09.1966;0.0007
10.09.1966;0.0007
11.09.1966;0.0007
12.09.1966;0.0007
13.09.1966;0.0007
14.09.1966;0.0007
15.09.1966;0.0007
16.09.1966;0.0007
17.09.1966;0.0007
18.09.1966;0.0007
19.09.1966;0.0007
20.09.1966;0.0007
21.09.1966;0.0007
22.09.1966;0.0007
23.09.1966;0.0007
24.09.1966;0.0007
25.09.1966;0.0007
26.09.1966;0.0007
27.09.1966;0.0007
28.09.1966;0.00065
29.09.1966;0.0006
30.09.1966;0.0005
1.10.1966;0.0005
2.10.1966;0.0005
3.10.1966;0.0005
4.10.1966;0.0005
5.10.1966;0.0005
6.10.1966;0.0005
7.10.1966;0.0005
8.10.1966;0.0005
9.10.1966;0.0005
10.10.1966;0.0005
11.10.1966;0.0005
12.10.1966;0.0005
13.10.1966;0.0007
14.10.1966;0.0008
15.10.1966;0.0008
16.10.1966;0.0008
17.10.1966;0.0008
18.10.1966;0.0008
19.10.1966;0.0008
20.10.1966;0.0008
21.10.1966;0.001
22.10.1966;0.0012
23.10.1966;0.0013
24.10.1966;0.0013
25.10.1966;0.0013
26.10.1966;0.0013
27.10.1966;0.0013
28.10.1966;0.0014
29.10.1966;0.0015
30.10.1966;0.0016
31.10.1966;0.00175
1.11.1966;0.00167
2.11.1966;0.00167
3.11.1966;0.00167
4.11.1966;0.00167
5.11.1966;0.00167
6.11.1966;0.00167
7.11.1966;0.00167
8.11.1966;0.00167
9.11.1966;0.00167
10.11.1966;0.00217
11.11.1966;0.002
12.11.1966;0.002
13.11.1966;0.00225
14.11.1966;0.00217
15.11.1966;0.00217
16.11.1966;0.00217
17.11.1966;0.00217
18.11.1966;0.00217
19.11.1966;0.00217
20.11.1966;0.00217
21.11.1966;0.0145
22.11.1966;0.0035
23.11.1966;0.002
24.11.1966;0.02
25.11.1966;0.038
26.11.1966;0.019
27.11.1966;0.018
28.11.1966;0.0205
29.11.1966;0.012
30.11.1966;0.01
1.12.1966;0.012
2.12.1966;0.01
3.12.1966;0.005
4.12.1966;0.031
5.12.1966;0.027
6.12.1966;0.02
7.12.1966;0.023
8.12.1966;0.018
9.12.1966;0.016
10.12.1966;0.014
11.12.1966;0.012
12.12.1966;0.01
13.12.1966;0.0095
14.12.1966;0.0055
15.12.1966;0.004
16.12.1966;0.004
17.12.1966;0.005
18.12.1966;0.0025
19.12.1966;0.0105
20.12.1966;0.0025
21.12.1966;0.004
22.12.1966;0.001
23.12.1966;0.0025
24.12.1966;0.0008
25.12.1966;0.001
26.12.1966;0.005
27.12.1966;0.00275
28.12.1966;0.0045
29.12.1966;0.002
30.12.1966;0.003
31.12.1966;0.002
1.01.1967;0.006
2.01.1967;0.00183
3.01.1967;0.0035
4.01.1967;0.003
5.01.1967;0.003
6.01.1967;0.003
7.01.1967;0.0015
8.01.1967;0.0035
9.01.1967;0.002
10.01.1967;0.001
11.01.1967;0.0025
12.01.1967;0.002
13.01.1967;0.002
14.01.1967;0.0025
15.01.1967;0.0012
16.01.1967;0.0012
17.01.1967;0.008
18.01.1967;0.003
19.01.1967;0.00325
20.01.1967;0.0035
21.01.1967;0.003
22.01.1967;0.0025
23.01.1967;0.00325
24.01.1967;0.001
25.01.1967;0.001
26.01.1967;0.0012
27.01.1967;0.0007
28.01.1967;0.0007
29.01.1967;0.0003
30.01.1967;0.0012
31.01.1967;0.002
1.02.1967;0.0015
2.02.1967;0.002
3.02.1967;0.0025
4.02.1967;0.0015
5.02.1967;0.0015
6.02.1967;0.0015
7.02.1967;0.00167
8.02.1967;0.00167
9.02.1967;0.00167
10.02.1967;0.00167
11.02.1967;0.00167
12.02.1967;0.00167
13.02.1967;0.00167
14.02.1967;0.00167
15.02.1967;0.00167
16.02.1967;0.00167
17.02.1967;0.00167
18.02.1967;0.00167
19.02.1967;0.002
20.02.1967;0.002
21.02.1967;0.002
22.02.1967;0.002
23.02.1967;0.0025
24.02.1967;0.0065
25.02.1967;0.011
26.02.1967;0.018
27.02.1967;0.026
28.02.1967;0.036
1.03.1967;0.057
2.03.1967;0.07
3.03.1967;0.063
4.03.1967;0.057
5.03.1967;0.052
6.03.1967;0.046
7.03.1967;0.042
8.03.1967;0.042
9.03.1967;0.04
10.03.1967;0.04
11.03.1967;0.039
12.03.1967;0.033
13.03.1967;0.023
14.03.1967;0.019
15.03.1967;0.018
16.03.1967;0.017
17.03.1967;0.016
18.03.1967;0.015
19.03.1967;0.014
20.03.1967;0.0135
21.03.1967;0.013
22.03.1967;0.012
23.03.1967;0.01
24.03.1967;0.01
25.03.1967;0.0115
26.03.1967;0.009
27.03.1967;0.00833
28.03.1967;0.00833
29.03.1967;0.00833
30.03.1967;0.0075
31.03.1967;0.0075
1.04.1967;0.00667
2.04.1967;0.00667
3.04.1967;0.00667
4.04.1967;0.008
5.04.1967;0.008
6.04.1967;0.008
7.04.1967;0.046
8.04.1967;0.088
9.04.1967;0.09
10.04.1967;0.086
11.04.1967;0.081
12.04.1967;0.075
13.04.1967;0.068
14.04.1967;0.063
15.04.1967;0.06
16.04.1967;0.052
17.04.1967;0.044
18.04.1967;0.038
19.04.1967;0.033
20.04.1967;0.03
21.04.1967;0.028
22.04.1967;0.026
23.04.1967;0.022
24.04.1967;0.0185
25.04.1967;0.016
26.04.1967;0.016
27.04.1967;0.015
28.04.1967;0.014
29.04.1967;0.012
30.04.1967;0.014
1.05.1967;0.012
2.05.1967;0.01
3.05.1967;0.008
4.05.1967;0.015
5.05.1967;0.01
6.05.1967;0.01
7.05.1967;0.01
8.05.1967;0.012
9.05.1967;0.01
10.05.1967;0.01
11.05.1967;0.01
12.05.1967;0.01
13.05.1967;0.0095
14.05.1967;0.011
15.05.1967;0.009
16.05.1967;0.01
17.05.1967;0.011
18.05.1967;0.008
19.05.1967;0.013
20.05.1967;0.0085
21.05.1967;0.005
22.05.1967;0.0065
23.05.1967;0.007
24.05.1967;0.008
25.05.1967;0.01
26.05.1967;0.009
27.05.1967;0.009
28.05.1967;0.0065
29.05.1967;0.008
30.05.1967;0.005
31.05.1967;0.005
1.06.1967;0.005
2.06.1967;0.005
3.06.1967;0.005
4.06.1967;0.005
5.06.1967;0.005
6.06.1967;0.0045
7.06.1967;0.006
8.06.1967;0.005
9.06.1967;0.0065
10.06.1967;0.005
11.06.1967;0.0055
12.06.1967;0.004
13.06.1967;0.002
14.06.1967;0.0025
15.06.1967;0.0007
16.06.1967;0.002
17.06.1967;0.0022
18.06.1967;0.0011
19.06.1967;0.003
20.06.1967;0.0025
21.06.1967;0.0025
22.06.1967;0.0025
23.06.1967;0.002
24.06.1967;0.0025
25.06.1967;0.00225
26.06.1967;0.00275
27.06.1967;0.0025
28.06.1967;0.002
29.06.1967;0.00225
30.06.1967;0.00275
1.07.1967;0.002
2.07.1967;0.002
3.07.1967;0.002
4.07.1967;0.0012
5.07.1967;0.0025
6.07.1967;0.00275
7.07.1967;0.00365
8.07.1967;0.00175
9.07.1967;0.0025
10.07.1967;0.0025
11.07.1967;0.0025
12.07.1967;0.001
13.07.1967;0.001
14.07.1967;0.001
15.07.1967;0.001
16.07.1967;0.001
17.07.1967;0.001
18.07.1967;0.0025
19.07.1967;0.002
20.07.1967;0.002
21.07.1967;0.001
22.07.1967;0.0015
23.07.1967;0.00175
24.07.1967;0.0015
25.07.1967;0.0008
26.07.1967;0.0006
27.07.1967;0.0006
28.07.1967;0.0005
29.07.1967;0.0005
30.07.1967;0.0005
31.07.1967;0.0005
1.08.1967;0.0005
2.08.1967;0.0005
3.08.1967;0.0005
4.08.1967;0.0005
5.08.1967;0.0005
6.08.1967;0.0005
7.08.1967;0.0005
8.08.1967;0.0005
9.08.1967;0.0005
10.08.1967;0.0005
11.08.1967;0.0005
12.08.1967;0.0005
13.08.1967;0.0005
14.08.1967;0.0005
15.08.1967;0.0005
16.08.1967;0.0005
17.08.1967;0.0005
18.08.1967;0.0005
19.08.1967;0.0005
20.08.1967;0.0005
21.08.1967;0.0005
22.08.1967;0.0005
23.08.1967;0.0005
24.08.1967;0.0005
25.08.1967;0.0005
26.08.1967;0.0005
27.08.1967;0.0005
28.08.1967;0.0005
29.08.1967;0.0005
30.08.1967;0.0005
31.08.1967;0.0005
1.09.1967;0.0005
2.09.1967;0.0005
3.09.1967;0.0005
4.09.1967;0.0005
5.09.1967;0.0005
6.09.1967;0.0005
7.09.1967;0.0005
8.09.1967;0.0005
9.09.1967;0.0005
10.09.1967;0.0005
11.09.1967;0.0005
12.09.1967;0.0005
13.09.1967;0.0005
14.09.1967;0.0005
15.09.1967;0.0005
16.09.1967;0.00067
17.09.1967;0.00067
18.09.1967;0.00067
19.09.1967;0.00067
20.09.1967;0.00067
21.09.1967;0.00067
22.09.1967;0.00067
23.09.1967;0.00083
24.09.1967;0.001
25.09.1967;0.001
26.09.1967;0.001
27.09.1967;0.001
28.09.1967;0.001
29.09.1967;0.00083
30.09.1967;0.00083
1.10.1967;0.00067
2.10.1967;0.00067
3.10.1967;0.00067
4.10.1967;0.00067
5.10.1967;0.00067
6.10.1967;0.00067
7.10.1967;0.00083
8.10.1967;0.00083
9.10.1967;0.00083
10.10.1967;0.00083
11.10.1967;0.00083
12.10.1967;0.00083
13.10.1967;0.00083
14.10.1967;0.00083
15.10.1967;0.00083
16.10.1967;0.00083
17.10.1967;0.00083
18.10.1967;0.00083
19.10.1967;0.00083
20.10.1967;0.00083
21.10.1967;0.00092
22.10.1967;0.00092
23.10.1967;0.00092
24.10.1967;0.00092
25.10.1967;0.00092
26.10.1967;0.00092
27.10.1967;0.001
28.10.1967;0.001
29.10.1967;0.001
30.10.1967;0.001
31.10.1967;0.001
1.11.1967;0.001
2.11.1967;0.0011
3.11.1967;0.0012
4.11.1967;0.0013
5.11.1967;0.0014
6.11.1967;0.0015
7.11.1967;0.0012
8.11.1967;0.001
9.11.1967;0.001
10.11.1967;0.001
11.11.1967;0.001
12.11.1967;0.001
13.11.1967;0.001
14.11.1967;0.0008
15.11.1967;0.0005
16.11.1967;0.0005
17.11.1967;0.0005
18.11.1967;0.0005
19.11.1967;0.00042
20.11.1967;0.00042
21.11.1967;0.0005
22.11.1967;0.0005
23.11.1967;0.0005
24.11.1967;0.0005
25.11.1967;0.00067
26.11.1967;0.00067
27.11.1967;0.00067
28.11.1967;0.00067
29.11.1967;0.00067
30.11.1967;0.00067
1.12.1967;0.00067
2.12.1967;0.00067
3.12.1967;0.00067
4.12.1967;0.0005
5.12.1967;0.0005
6.12.1967;0.0005
7.12.1967;0.0005
8.12.1967;0.0005
9.12.1967;0.0005
10.12.1967;0.0005
11.12.1967;0.0005
12.12.1967;0.0005
13.12.1967;0.0005
14.12.1967;0.0005
15.12.1967;0.0005
16.12.1967;0.0005
17.12.1967;0.0005
18.12.1967;0.0005
19.12.1967;0.0005
20.12.1967;0.0005
21.12.1967;0.0005
22.12.1967;0.0005
23.12.1967;0.0005
24.12.1967;0.0005
25.12.1967;0.0005
26.12.1967;0.0005
27.12.1967;0.0005
28.12.1967;0.0005
29.12.1967;0.0005
30.12.1967;0.0005
31.12.1967;0.0005
1.01.1968;0.00047
2.01.1968;0.00047
3.01.1968;0.00047
4.01.1968;0.00047
5.01.1968;0.00047
6.01.1968;0.00052
7.01.1968;0.00052
8.01.1968;0.00052
9.01.1968;0.00058
10.01.1968;0.00058
11.01.1968;0.00058
12.01.1968;0.00058
13.01.1968;0.0007
14.01.1968;0.0007
15.01.1968;0.0007
16.01.1968;0.0007
17.01.1968;0.0007
18.01.1968;0.0007
19.01.1968;0.0007
20.01.1968;0.0007
21.01.1968;0.0007
22.01.1968;0.0007
23.01.1968;0.0007
24.01.1968;0.0007
25.01.1968;0.0007
26.01.1968;0.0007
27.01.1968;0.0007
28.01.1968;0.0007
29.01.1968;0.0007
30.01.1968;0.0007
31.01.1968;0.0007
1.02.1968;0.0007
2.02.1968;0.0007
3.02.1968;0.0007
4.02.1968;0.0007
5.02.1968;0.0007
6.02.1968;0.0007
7.02.1968;0.0007
8.02.1968;0.0007
9.02.1968;0.0007
10.02.1968;0.0007
11.02.1968;0.0007
12.02.1968;0.00492
13.02.1968;0.01302
14.02.1968;0.00232
15.02.1968;0.01123
16.02.1968;0.00255
17.02.1968;0.0063
18.02.1968;0.00463
19.02.1968;0.00585
20.02.1968;0.00267
21.02.1968;0.00267
22.02.1968;0.00862
23.02.1968;0.00267
24.02.1968;0.00267
25.02.1968;0.01343
26.02.1968;0.02095
27.02.1968;0.02078
28.02.1968;0.01418
29.02.1968;0.0162
1.03.1968;0.01302
2.03.1968;0.00695
3.03.1968;0.01058
4.03.1968;0.00822
5.03.1968;0.00927
6.03.1968;0.007
7.03.1968;0.00718
8.03.1968;0.00527
9.03.1968;0.00602
10.03.1968;0.00475
11.03.1968;0.00683
12.03.1968;0.00243
13.03.1968;0.00707
14.03.1968;0.0059
15.03.1968;0.00272
16.03.1968;0.00683
17.03.1968;0.00377
18.03.1968;0.00445
19.03.1968;0.00382
20.03.1968;0.00723
21.03.1968;0.0029
22.03.1968;0.0074
23.03.1968;0.00555
24.03.1968;0.00573
25.03.1968;0.00857
26.03.1968;0.00798
27.03.1968;0.00972
28.03.1968;0.00597
29.03.1968;0.00712
30.03.1968;0.00927
31.03.1968;0.00323
1.04.1968;0.01007
2.04.1968;0.00908
3.04.1968;0.00538
4.04.1968;0.00712
5.04.1968;0.00585
6.04.1968;0.0037
7.04.1968;0.00683
8.04.1968;0.00562
9.04.1968;0.00672
10.04.1968;0.00897
11.04.1968;0.0085
12.04.1968;0.01053
13.04.1968;0.01058
14.04.1968;0.01262
15.04.1968;0.01053
16.04.1968;0.01175
17.04.1968;0.0073
18.04.1968;0.00775
19.04.1968;0.0132
20.04.1968;0.00562
21.04.1968;0.00683
22.04.1968;0.00695
23.04.1968;0.00805
24.04.1968;0.0077
25.04.1968;0.00532
26.04.1968;0.00382
27.04.1968;0.01157
28.04.1968;0.00522
29.04.1968;0.00885
30.04.1968;0.00463
1.05.1968;0.00763
2.05.1968;0.00463
3.05.1968;0.00463
4.05.1968;0.0044
5.05.1968;0.0044
6.05.1968;0.00463
7.05.1968;0.00522
8.05.1968;0.00522
9.05.1968;0.00487
10.05.1968;0.00347
11.05.1968;0.00463
12.05.1968;0.00347
13.05.1968;0.00347
14.05.1968;0.00347
15.05.1968;0.00173
16.05.1968;0.00503
17.05.1968;0.00278
18.05.1968;0.00173
19.05.1968;0.00173
20.05.1968;0.0015
21.05.1968;0.00138
22.05.1968;0.00695
23.05.1968;0.00197
24.05.1968;0.00173
25.05.1968;0.00393
26.05.1968;0.00365
27.05.1968;0.00232
28.05.1968;0.00093
29.05.1968;0.00093
30.05.1968;0.00093
31.05.1968;0.00457
1.06.1968;0.00115
2.06.1968;0.00185
3.06.1968;0.0018
4.06.1968;0.0029
5.06.1968;0.00278
6.06.1968;0.00302
7.06.1968;0.0015
8.06.1968;0.00173
9.06.1968;0.00162
10.06.1968;0.0015
11.06.1968;0.00185
12.06.1968;0.00127
13.06.1968;0.00127
14.06.1968;0.00093
15.06.1968;0.00082
16.06.1968;0.0007
17.06.1968;0.00047
18.06.1968;0.00047
19.06.1968;0.00047
20.06.1968;0.00047
21.06.1968;0.00047
22.06.1968;0.00047
23.06.1968;0.00047
24.06.1968;0.00047
25.06.1968;0.00058
26.06.1968;0.00058
27.06.1968;0.00058
28.06.1968;0.00058
29.06.1968;0.00058
30.06.1968;0.00058
1.07.1968;0.00058
2.07.1968;0.00058
3.07.1968;0.00058
4.07.1968;0.00058
5.07.1968;0.00058
6.07.1968;0.00058
7.07.1968;0.00058
8.07.1968;0.00058
9.07.1968;0.00058
10.07.1968;0.00058
11.07.1968;0.00052
12.07.1968;0.00047
13.07.1968;0.00047
14.07.1968;0.00047
15.07.1968;0.00047
16.07.1968;0.00047
17.07.1968;0.00047
18.07.1968;0.00047
19.07.1968;0.00047
20.07.1968;0.00047
21.07.1968;0.00047
22.07.1968;0.00047
23.07.1968;0.00047
24.07.1968;0.00047
25.07.1968;0.00052
26.07.1968;0.00052
27.07.1968;0.00058
28.07.1968;0.00058
29.07.1968;0.00063
30.07.1968;0.00063
31.07.1968;0.00058
1.08.1968;0.00058
2.08.1968;0.00052
3.08.1968;0.00052
4.08.1968;0.00047
5.08.1968;0.0004
6.08.1968;0.0004
7.08.1968;0.0004
8.08.1968;0.0004
9.08.1968;0.00047
10.08.1968;0.00047
11.08.1968;0.00047
12.08.1968;0.00047
13.08.1968;0.00047
14.08.1968;0.00047
15.08.1968;0.00047
16.08.1968;0.0004
17.08.1968;0.0004
18.08.1968;0.0004
19.08.1968;0.0004
20.08.1968;0.0004
21.08.1968;0.00052
22.08.1968;0.00047
23.08.1968;0.00058
24.08.1968;0.0007
25.08.1968;0.00115
26.08.1968;0.00255
27.08.1968;0.00255
28.08.1968;0.00255
29.08.1968;0.00185
30.08.1968;0.00115
31.08.1968;0.00098
1.09.1968;0.00075
2.09.1968;0.00063
3.09.1968;0.00063
4.09.1968;0.00058
5.09.1968;0.00058
6.09.1968;0.00052
7.09.1968;0.00047
8.09.1968;0.0004
9.09.1968;0.0004
10.09.1968;0.0004
11.09.1968;0.0004
12.09.1968;0.0004
13.09.1968;0.00035
14.09.1968;0.00035
15.09.1968;0.00035
16.09.1968;0.00035
17.09.1968;0.00035
18.09.1968;0.00035
19.09.1968;0.00035
20.09.1968;0.00035
21.09.1968;0.00035
22.09.1968;0.00035
23.09.1968;0.00035
24.09.1968;0.00035
25.09.1968;0.00035
26.09.1968;0.00035
27.09.1968;0.0004
28.09.1968;0.0004
29.09.1968;0.0004
30.09.1968;0.0004
1.10.1968;0.0004
2.10.1968;0.00047
3.10.1968;0.00052
4.10.1968;0.00058
5.10.1968;0.00063
6.10.1968;0.0007
7.10.1968;0.0007
8.10.1968;0.00075
9.10.1968;0.00075
10.10.1968;0.00082
11.10.1968;0.00082
12.10.1968;0.00087
13.10.1968;0.00093
14.10.1968;0.00098
15.10.1968;0.00098
16.10.1968;0.00098
17.10.1968;0.00098
18.10.1968;0.00098
19.10.1968;0.00098
20.10.1968;0.00098
21.10.1968;0.00098
22.10.1968;0.00098
23.10.1968;0.00098
24.10.1968;0.00098
25.10.1968;0.00098
26.10.1968;0.00098
27.10.1968;0.00098
28.10.1968;0.00098
29.10.1968;0.00098
30.10.1968;0.00098
31.10.1968;0.00098
1.11.1968;0.00093
2.11.1968;0.00098
3.11.1968;0.00098
4.11.1968;0.00098
5.11.1968;0.00098
6.11.1968;0.00093
7.11.1968;0.00087
8.11.1968;0.00082
9.11.1968;0.00075
10.11.1968;0.0007
11.11.1968;0.0007
12.11.1968;0.0007
13.11.1968;0.00082
14.11.1968;0.00093
15.11.1968;0.00105
16.11.1968;0.00115
17.11.1968;0.00127
18.11.1968;0.01388
19.11.1968;0.0309
20.11.1968;0.01672
21.11.1968;0.01903
22.11.1968;0.01442
23.11.1968;0.01683
24.11.1968;0.00983
25.11.1968;0.01662
26.11.1968;0.00683
27.11.1968;0.0092
28.11.1968;0.00798
29.11.1968;0.00817
30.11.1968;0.00827
1.12.1968;0.01007
2.12.1968;0.0073
3.12.1968;0.00597
4.12.1968;0.00498
5.12.1968;0.00498
6.12.1968;0.00532
7.12.1968;0.00295
8.12.1968;0.0077
9.12.1968;0.00243
10.12.1968;0.00763
11.12.1968;0.00335
12.12.1968;0.0055
13.12.1968;0.00213
14.12.1968;0.004
15.12.1968;0.0048
16.12.1968;0.00267
17.12.1968;0.00208
18.12.1968;0.00608
19.12.1968;0.01753
20.12.1968;0.01563
21.12.1968;0.01135
22.12.1968;0.01025
23.12.1968;0.01025
24.12.1968;0.01152
25.12.1968;0.01018
26.12.1968;0.00787
27.12.1968;0.00995
28.12.1968;0.00775
29.12.1968;0.00637
30.12.1968;0.00498
31.12.1968;0.01093
1.01.1969;0.00573
2.01.1969;0.00347
3.01.1969;0.00648
4.01.1969;0.00862
5.01.1969;0.01077
6.01.1969;0.00695
7.01.1969;0.02257
8.01.1969;0.01643
9.01.1969;0.02072
10.01.1969;0.0169
11.01.1969;0.01273
12.01.1969;0.01933
13.01.1969;0.01817
14.01.1969;0.01388
15.01.1969;0.01273
16.01.1969;0.01772
17.01.1969;0.01388
18.01.1969;0.01215
19.01.1969;0.01812
20.01.1969;0.01388
21.01.1969;0.01388
22.01.1969;0.01157
23.01.1969;0.01042
24.01.1969;0.01892
25.01.1969;0.00983
26.01.1969;0.01157
27.01.1969;0.01215
28.01.1969;0.01388
29.01.1969;0.01388
30.01.1969;0.01388
31.01.1969;0.01388
1.02.1969;0.01388
2.02.1969;0.01388
3.02.1969;0.01388
4.02.1969;0.01388
5.02.1969;0.01388
6.02.1969;0.01388
7.02.1969;0.01388
8.02.1969;0.01388
9.02.1969;0.01388
10.02.1969;0.01388
11.02.1969;0.01388
12.02.1969;0.01388
13.02.1969;0.01388
14.02.1969;0.01388
15.02.1969;0.01388
16.02.1969;0.01388
17.02.1969;0.01388
18.02.1969;0.01388
19.02.1969;0.01388
20.02.1969;0.01388
21.02.1969;0.0162
22.02.1969;0.03588
23.02.1969;0.03703
24.02.1969;0.03703
25.02.1969;0.04052
26.02.1969;0.06597
27.02.1969;0.05787
28.02.1969;0.05323
1.03.1969;0.04862
2.03.1969;0.04513
3.03.1969;0.0382
4.03.1969;0.03472
5.03.1969;0.0324
6.03.1969;0.0301
7.03.1969;0.02893
8.03.1969;0.02778
9.03.1969;0.02662
10.03.1969;0.02893
11.03.1969;0.02893
12.03.1969;0.02893
13.03.1969;0.03703
14.03.1969;0.06597
15.03.1969;0.07177
16.03.1969;0.06828
17.03.1969;0.06135
18.03.1969;0.06365
19.03.1969;0.06018
20.03.1969;0.0544
21.03.1969;0.04862
22.03.1969;0.04282
23.03.1969;0.0382
24.03.1969;0.03588
25.03.1969;0.0324
26.03.1969;0.03125
27.03.1969;0.0301
28.03.1969;0.02952
29.03.1969;0.02893
30.03.1969;0.02893
31.03.1969;0.02778
1.04.1969;0.02778
2.04.1969;0.02662
3.04.1969;0.02662
4.04.1969;0.02547
5.04.1969;0.02547
6.04.1969;0.02547
7.04.1969;0.02547
8.04.1969;0.02547
9.04.1969;0.02547
10.04.1969;0.02662
11.04.1969;0.02547
12.04.1969;0.02083
13.04.1969;0.02198
14.04.1969;0.01968
15.04.1969;0.02083
16.04.1969;0.0162
17.04.1969;0.02083
18.04.1969;0.01737
19.04.1969;0.0162
20.04.1969;0.01737
21.04.1969;0.01505
22.04.1969;0.01828
23.04.1969;0.01655
24.04.1969;0.01608
25.04.1969;0.01388
26.04.1969;0.01695
27.04.1969;0.01388
28.04.1969;0.01737
29.04.1969;0.01737
30.04.1969;0.01737
1.05.1969;0.0162
2.05.1969;0.01563
3.05.1969;0.01887
4.05.1969;0.01505
5.05.1969;0.0162
6.05.1969;0.01505
7.05.1969;0.01482
8.05.1969;0.01423
9.05.1969;0.0088
10.05.1969;0.0162
11.05.1969;0.01505
12.05.1969;0.01447
13.05.1969;0.01332
14.05.1969;0.01215
15.05.1969;0.00903
16.05.1969;0.01458
17.05.1969;0.01238
18.05.1969;0.01215
19.05.1969;0.01273
20.05.1969;0.01157
21.05.1969;0.01157
22.05.1969;0.01157
23.05.1969;0.01157
24.05.1969;0.01157
25.05.1969;0.01157
26.05.1969;0.01273
27.05.1969;0.01157
28.05.1969;0.01157
29.05.1969;0.01157
30.05.1969;0.01157
31.05.1969;0.00927
1.06.1969;0.01042
2.06.1969;0.01157
3.06.1969;0.01042
4.06.1969;0.00927
5.06.1969;0.0081
6.06.1969;0.00695
7.06.1969;0.00578
8.06.1969;0.00463
9.06.1969;0.00463
10.06.1969;0.00393
11.06.1969;0.00313
12.06.1969;0.0029
13.06.1969;0.00358
14.06.1969;0.0029
15.06.1969;0.0029
16.06.1969;0.00347
17.06.1969;0.00307
18.06.1969;0.00255
19.06.1969;0.0022
20.06.1969;0.00173
21.06.1969;0.00208
22.06.1969;0.0022
23.06.1969;0.00173
24.06.1969;0.00267
25.06.1969;0.00255
26.06.1969;0.00243
27.06.1969;0.00185
28.06.1969;0.0015
29.06.1969;0.00232
30.06.1969;0.00173
1.07.1969;0.0015
2.07.1969;0.00335
3.07.1969;0.00185
4.07.1969;0.00278
5.07.1969;0.0015
6.07.1969;0.00197
7.07.1969;0.00185
8.07.1969;0.00302
9.07.1969;0.00243
10.07.1969;0.00283
11.07.1969;0.00267
12.07.1969;0.00278
13.07.1969;0.00405
14.07.1969;0.00302
15.07.1969;0.00255
16.07.1969;0.00232
17.07.1969;0.00232
18.07.1969;0.0022
19.07.1969;0.00208
20.07.1969;0.00278
21.07.1969;0.00185
22.07.1969;0.00208
23.07.1969;0.0022
24.07.1969;0.0015
25.07.1969;0.00185
26.07.1969;0.00192
27.07.1969;0.0015
28.07.1969;0.0015
29.07.1969;0.00145
30.07.1969;0.00127
31.07.1969;0.00115
1.08.1969;0.00093
2.08.1969;0.0007
3.08.1969;0.00058
4.08.1969;0.00047
5.08.1969;0.00047
6.08.1969;0.00047
7.08.1969;0.00047
8.08.1969;0.00047
9.08.1969;0.00047
10.08.1969;0.00047
11.08.1969;0.00047
12.08.1969;0.00047
13.08.1969;0.00047
14.08.1969;0.00047
15.08.1969;0.00047
16.08.1969;0.00047
17.08.1969;0.00127
18.08.1969;0.0015
19.08.1969;0.0015
20.08.1969;0.0015
21.08.1969;0.0015
22.08.1969;0.00127
23.08.1969;0.00047
24.08.1969;0.00047
25.08.1969;0.00047
26.08.1969;0.00047
27.08.1969;0.00047
28.08.1969;0.00047
29.08.1969;0.00058
30.08.1969;0.0007
31.08.1969;0.00082
1.09.1969;0.00093
2.09.1969;0.00093
3.09.1969;0.00093
4.09.1969;0.00093
5.09.1969;0.00093
6.09.1969;0.00093
7.09.1969;0.00093
8.09.1969;0.00093
9.09.1969;0.00087
10.09.1969;0.00082
11.09.1969;0.00075
12.09.1969;0.0007
13.09.1969;0.00063
14.09.1969;0.00058
15.09.1969;0.00052
16.09.1969;0.00047
17.09.1969;0.00047
18.09.1969;0.00047
19.09.1969;0.00047
20.09.1969;0.00047
21.09.1969;0.00047
22.09.1969;0.00047
23.09.1969;0.00047
24.09.1969;0.00047
25.09.1969;0.00047
26.09.1969;0.00047
27.09.1969;0.00047
28.09.1969;0.00047
29.09.1969;0.00047
30.09.1969;0.00047
1.10.1969;0.00047
2.10.1969;0.00047
3.10.1969;0.00047
4.10.1969;0.00047
5.10.1969;0.00047
6.10.1969;0.00047
7.10.1969;0.00047
8.10.1969;0.00047
9.10.1969;0.00047
10.10.1969;0.00047
11.10.1969;0.00047
12.10.1969;0.00047
13.10.1969;0.00047
14.10.1969;0.00047
15.10.1969;0.00047
16.10.1969;0.0004
17.10.1969;0.00035
18.10.1969;0.00035
19.10.1969;0.00035
20.10.1969;0.00035
21.10.1969;0.00035
22.10.1969;0.00035
23.10.1969;0.00035
24.10.1969;0.00035
25.10.1969;0.00035
26.10.1969;0.00035
27.10.1969;0.00035
28.10.1969;0.00035
29.10.1969;0.00035
30.10.1969;0.00035
31.10.1969;0.00035
1.11.1969;0.00035
2.11.1969;0.00035
3.11.1969;0.00035
4.11.1969;0.00035
5.11.1969;0.00035
6.11.1969;0.00035
7.11.1969;0.00035
8.11.1969;0.00028
9.11.1969;0.00028
10.11.1969;0.00028
11.11.1969;0.00028
12.11.1969;0.00035
13.11.1969;0.00035
14.11.1969;0.0004
15.11.1969;0.0004
16.11.1969;0.00047
17.11.1969;0.00047
18.11.1969;0.00047
19.11.1969;0.00047
20.11.1969;0.00047
21.11.1969;0.00047
22.11.1969;0.00047
23.11.1969;0.00047
24.11.1969;0.00047
25.11.1969;0.00047
26.11.1969;0.00047
27.11.1969;0.00047
28.11.1969;0.00047
29.11.1969;0.00047
30.11.1969;0.00047
1.12.1969;0.00047
2.12.1969;0.00052
3.12.1969;0.00058
4.12.1969;0.00063
5.12.1969;0.0007
6.12.1969;0.00075
7.12.1969;0.00082
8.12.1969;0.00087
9.12.1969;0.00093
10.12.1969;0.00082
11.12.1969;0.0007
12.12.1969;0.00058
13.12.1969;0.00047
14.12.1969;0.00035
15.12.1969;0.00017
16.12.1969;0.00017
17.12.1969;0.00023
18.12.1969;0.00023
19.12.1969;0.00028
20.12.1969;0.00028
21.12.1969;0.00035
22.12.1969;0.0004
23.12.1969;0.0004
24.12.1969;0.0004
25.12.1969;0.00035
26.12.1969;0.00035
27.12.1969;0.00028
28.12.1969;0.00028
29.12.1969;0.00028
30.12.1969;0.00028
31.12.1969;0.00028
1.01.1970;0.0004
2.01.1970;0.0005
3.01.1970;0.0005
4.01.1970;0.0006
5.01.1970;0.0006
6.01.1970;0.0005
7.01.1970;0.0005
8.01.1970;0.0005
9.01.1970;0.0006
10.01.1970;0.0007
11.01.1970;0.0009
12.01.1970;0.0006
13.01.1970;0.0005
14.01.1970;0.0007
15.01.1970;0.0008
16.01.1970;0.008
17.01.1970;0.07
18.01.1970;0.056
19.01.1970;0.034
20.01.1970;0.02
21.01.1970;0.014
22.01.1970;0.014
23.01.1970;0.008
24.01.1970;0.007
25.01.1970;0.007
26.01.1970;0.009
27.01.1970;0.007
28.01.1970;0.01
29.01.1970;0.006
30.01.1970;0.005
31.01.1970;0.003
1.02.1970;0.008
2.02.1970;0.002
3.02.1970;0.009
4.02.1970;0.007
5.02.1970;0.003
6.02.1970;0.0025
7.02.1970;0.002
8.02.1970;0.005
9.02.1970;0.006
10.02.1970;0.0045
11.02.1970;0.01
12.02.1970;0.0045
13.02.1970;0.01
14.02.1970;0.005
15.02.1970;0.011
16.02.1970;0.0003
17.02.1970;0.003
18.02.1970;0.0003
19.02.1970;0.0003
20.02.1970;0.003
21.02.1970;0.0008
22.02.1970;0.0004
23.02.1970;0.008
24.02.1970;0.005
25.02.1970;0.0045
26.02.1970;0.005
27.02.1970;0.006
28.02.1970;0.004
1.03.1970;0.003
2.03.1970;0.008
3.03.1970;0.0045
4.03.1970;0.0035
5.03.1970;0.003
6.03.1970;0.0015
7.03.1970;0.004
8.03.1970;0.0015
9.03.1970;0.0025
10.03.1970;0.001
11.03.1970;0.004
12.03.1970;0.0025
13.03.1970;0.003
14.03.1970;0.0035
15.03.1970;0.0025
16.03.1970;0.01
17.03.1970;0.012
18.03.1970;0.01
19.03.1970;0.0135
20.03.1970;0.019
21.03.1970;0.024
22.03.1970;0.04
23.03.1970;0.052
24.03.1970;0.073
25.03.1970;0.086
26.03.1970;0.0865
27.03.1970;0.086
28.03.1970;0.085
29.03.1970;0.075
30.03.1970;0.063
31.03.1970;0.057
1.04.1970;0.052
2.04.1970;0.049
3.04.1970;0.045
4.04.1970;0.042
5.04.1970;0.042
6.04.1970;0.045
7.04.1970;0.036
8.04.1970;0.033
9.04.1970;0.029
10.04.1970;0.037
11.04.1970;0.04
12.04.1970;0.038
13.04.1970;0.032
14.04.1970;0.027
15.04.1970;0.023
16.04.1970;0.0205
17.04.1970;0.02
18.04.1970;0.019
19.04.1970;0.018
20.04.1970;0.016
21.04.1970;0.014
22.04.1970;0.012
23.04.1970;0.013
24.04.1970;0.013
25.04.1970;0.01
26.04.1970;0.013
27.04.1970;0.009
28.04.1970;0.009
29.04.1970;0.0085
30.04.1970;0.0075
1.05.1970;0.008
2.05.1970;0.011
3.05.1970;0.01
4.05.1970;0.012
5.05.1970;0.013
6.05.1970;0.014
7.05.1970;0.015
8.05.1970;0.017
9.05.1970;0.018
10.05.1970;0.02
11.05.1970;0.028
12.05.1970;0.032
13.05.1970;0.033
14.05.1970;0.034
15.05.1970;0.03
16.05.1970;0.027
17.05.1970;0.023
18.05.1970;0.019
19.05.1970;0.019
20.05.1970;0.018
21.05.1970;0.016
22.05.1970;0.014
23.05.1970;0.012
24.05.1970;0.011
25.05.1970;0.011
26.05.1970;0.01
27.05.1970;0.009
28.05.1970;0.011
29.05.1970;0.0095
30.05.1970;0.007
31.05.1970;0.0085
1.06.1970;0.007
2.06.1970;0.007
3.06.1970;0.006
4.06.1970;0.006
5.06.1970;0.006
6.06.1970;0.008
7.06.1970;0.01
8.06.1970;0.0085
9.06.1970;0.008
10.06.1970;0.013
11.06.1970;0.032
12.06.1970;0.064
13.06.1970;0.054
14.06.1970;0.043
15.06.1970;0.036
16.06.1970;0.032
17.06.1970;0.027
18.06.1970;0.023
19.06.1970;0.02
20.06.1970;0.018
21.06.1970;0.017
22.06.1970;0.015
23.06.1970;0.014
24.06.1970;0.012
25.06.1970;0.018
26.06.1970;0.016
27.06.1970;0.014
28.06.1970;0.013
29.06.1970;0.014
30.06.1970;0.018
1.07.1970;0.018
2.07.1970;0.021
3.07.1970;0.035
4.07.1970;0.047
5.07.1970;0.04
6.07.1970;0.034
7.07.1970;0.03
8.07.1970;0.024
9.07.1970;0.019
10.07.1970;0.016
11.07.1970;0.012
12.07.1970;0.01
13.07.1970;0.01
14.07.1970;0.01
15.07.1970;0.01
16.07.1970;0.009
17.07.1970;0.009
18.07.1970;0.0085
19.07.1970;0.008
20.07.1970;0.008
21.07.1970;0.0055
22.07.1970;0.005
23.07.1970;0.0045
24.07.1970;0.004
25.07.1970;0.0035
26.07.1970;0.0085
27.07.1970;0.0075
28.07.1970;0.013
29.07.1970;0.021
30.07.1970;0.019
31.07.1970;0.018
1.08.1970;0.021
2.08.1970;0.021
3.08.1970;0.014
4.08.1970;0.012
5.08.1970;0.014
6.08.1970;0.012
7.08.1970;0.011
8.08.1970;0.0105
9.08.1970;0.0085
10.08.1970;0.013
11.08.1970;0.011
12.08.1970;0.028
13.08.1970;0.0265
14.08.1970;0.0225
15.08.1970;0.0215
16.08.1970;0.02
17.08.1970;0.018
18.08.1970;0.021
19.08.1970;0.03
20.08.1970;0.026
21.08.1970;0.024
22.08.1970;0.022
23.08.1970;0.017
24.08.1970;0.016
25.08.1970;0.011
26.08.1970;0.014
27.08.1970;0.012
28.08.1970;0.006
29.08.1970;0.005
30.08.1970;0.0055
31.08.1970;0.0085
1.09.1970;0.015
2.09.1970;0.015
3.09.1970;0.015
4.09.1970;0.014
5.09.1970;0.013
6.09.1970;0.013
7.09.1970;0.0135
8.09.1970;0.009
9.09.1970;0.0085
10.09.1970;0.0085
11.09.1970;0.009
12.09.1970;0.009
13.09.1970;0.009
14.09.1970;0.0095
15.09.1970;0.0085
16.09.1970;0.008
17.09.1970;0.008
18.09.1970;0.0085
19.09.1970;0.009
20.09.1970;0.0085
21.09.1970;0.008
22.09.1970;0.0045
23.09.1970;0.005
24.09.1970;0.005
25.09.1970;0.005
26.09.1970;0.005
27.09.1970;0.0055
28.09.1970;0.0065
29.09.1970;0.0075
30.09.1970;0.008
1.10.1970;0.0085
2.10.1970;0.0085
3.10.1970;0.0095
4.10.1970;0.01
5.10.1970;0.011
6.10.1970;0.011
7.10.1970;0.01
8.10.1970;0.0095
9.10.1970;0.0095
10.10.1970;0.009
11.10.1970;0.009
12.10.1970;0.0065
13.10.1970;0.0045
14.10.1970;0.0045
15.10.1970;0.005
16.10.1970;0.00422
17.10.1970;0.004
18.10.1970;0.004
19.10.1970;0.004
20.10.1970;0.005
21.10.1970;0.006
22.10.1970;0.0045
23.10.1970;0.0045
24.10.1970;0.004
25.10.1970;0.004
26.10.1970;0.003
27.10.1970;0.0035
28.10.1970;0.004
29.10.1970;0.0045
30.10.1970;0.0045
31.10.1970;0.0045
1.11.1970;0.0045
2.11.1970;0.0025
3.11.1970;0.0025
4.11.1970;0.0035
5.11.1970;0.0025
6.11.1970;0.0025
7.11.1970;0.0023
8.11.1970;0.0021
9.11.1970;0.0021
10.11.1970;0.0015
11.11.1970;0.0015
12.11.1970;0.0015
13.11.1970;0.001
14.11.1970;0.0008
15.11.1970;0.0006
16.11.1970;0.0008
17.11.1970;0.0008
18.11.1970;0.0008
19.11.1970;0.0008
20.11.1970;0.0007
21.11.1970;0.0007
22.11.1970;0.002
23.11.1970;0.0045
24.11.1970;0.006
25.11.1970;0.0035
26.11.1970;0.0025
27.11.1970;0.003
28.11.1970;0.003
29.11.1970;0.0025
30.11.1970;0.003
1.12.1970;0.003
2.12.1970;0.003
3.12.1970;0.0025
4.12.1970;0.003
5.12.1970;0.0018
6.12.1970;0.001
7.12.1970;0.0035
8.12.1970;0.003
9.12.1970;0.003
10.12.1970;0.003
11.12.1970;0.0027
12.12.1970;0.003
13.12.1970;0.003
14.12.1970;0.0025
15.12.1970;0.003
16.12.1970;0.0032
17.12.1970;0.0035
18.12.1970;0.0035
19.12.1970;0.0035
20.12.1970;0.0035
21.12.1970;0.004
22.12.1970;0.0035
23.12.1970;0.004
24.12.1970;0.0035
25.12.1970;0.003
26.12.1970;0.004
27.12.1970;0.003
28.12.1970;0.0025
29.12.1970;0.0035
30.12.1970;0.005
31.12.1970;0.016
1.01.1971;0.01042
2.01.1971;0.00983
3.01.1971;0.00927
4.01.1971;0.00868
5.01.1971;0.0081
6.01.1971;0.00752
7.01.1971;0.0073
8.01.1971;0.00718
9.01.1971;0.00707
10.01.1971;0.00695
11.01.1971;0.00695
12.01.1971;0.00672
13.01.1971;0.00637
14.01.1971;0.00578
15.01.1971;0.00555
16.01.1971;0.00522
17.01.1971;0.00487
18.01.1971;0.00463
19.01.1971;0.00487
20.01.1971;0.0051
21.01.1971;0.00532
22.01.1971;0.00602
23.01.1971;0.00752
24.01.1971;0.0081
25.01.1971;0.00868
26.01.1971;0.00927
27.01.1971;0.01215
28.01.1971;0.01447
29.01.1971;0.01968
30.01.1971;0.01945
31.01.1971;0.0191
1.02.1971;0.01852
2.02.1971;0.0272
3.02.1971;0.0301
4.02.1971;0.0301
5.02.1971;0.02547
6.02.1971;0.02198
7.02.1971;0.01968
8.02.1971;0.01737
9.02.1971;0.01388
10.02.1971;0.01388
11.02.1971;0.01273
12.02.1971;0.0118
13.02.1971;0.011
14.02.1971;0.00948
15.02.1971;0.00868
16.02.1971;0.0081
17.02.1971;0.00695
18.02.1971;0.00787
19.02.1971;0.01042
20.02.1971;0.01273
21.02.1971;0.01447
22.02.1971;0.01447
23.02.1971;0.01505
24.02.1971;0.01447
25.02.1971;0.01388
26.02.1971;0.01332
27.02.1971;0.011
28.02.1971;0.011
1.03.1971;0.00927
2.03.1971;0.00927
3.03.1971;0.00927
4.03.1971;0.0081
5.03.1971;0.0081
6.03.1971;0.00752
7.03.1971;0.00695
8.03.1971;0.00648
9.03.1971;0.00613
10.03.1971;0.00578
11.03.1971;0.00555
12.03.1971;0.00522
13.03.1971;0.00498
14.03.1971;0.00463
15.03.1971;0.00452
16.03.1971;0.00428
17.03.1971;0.00463
18.03.1971;0.00475
19.03.1971;0.00903
20.03.1971;0.01678
21.03.1971;0.02083
22.03.1971;0.02025
23.03.1971;0.0191
24.03.1971;0.0162
25.03.1971;0.01273
26.03.1971;0.00983
27.03.1971;0.0081
28.03.1971;0.00752
29.03.1971;0.00718
30.03.1971;0.00578
31.03.1971;0.00555
1.04.1971;0.00532
2.04.1971;0.00498
3.04.1971;0.00417
4.04.1971;0.00405
5.04.1971;0.00382
6.04.1971;0.00347
7.04.1971;0.00335
8.04.1971;0.00323
9.04.1971;0.00335
10.04.1971;0.0037
11.04.1971;0.00405
12.04.1971;0.00487
13.04.1971;0.00555
14.04.1971;0.00578
15.04.1971;0.00578
16.04.1971;0.00637
17.04.1971;0.00637
18.04.1971;0.00578
19.04.1971;0.00567
20.04.1971;0.00543
21.04.1971;0.00522
22.04.1971;0.00487
23.04.1971;0.00452
24.04.1971;0.0044
25.04.1971;0.00405
26.04.1971;0.00405
27.04.1971;0.00463
28.04.1971;0.00463
29.04.1971;0.00463
30.04.1971;0.00463
1.05.1971;0.00522
2.05.1971;0.00892
3.05.1971;0.0162
4.05.1971;0.01793
5.05.1971;0.0162
6.05.1971;0.01563
7.05.1971;0.01505
8.05.1971;0.01447
9.05.1971;0.01388
10.05.1971;0.01273
11.05.1971;0.0125
12.05.1971;0.01215
13.05.1971;0.01157
14.05.1971;0.011
15.05.1971;0.00983
16.05.1971;0.00927
17.05.1971;0.00868
18.05.1971;0.0081
19.05.1971;0.00752
20.05.1971;0.00718
21.05.1971;0.00672
22.05.1971;0.00695
23.05.1971;0.00695
24.05.1971;0.00695
25.05.1971;0.00637
26.05.1971;0.00613
27.05.1971;0.00602
28.05.1971;0.0059
29.05.1971;0.00578
30.05.1971;0.00578
31.05.1971;0.00578
1.06.1971;0.00543
2.06.1971;0.0051
3.06.1971;0.00487
4.06.1971;0.00463
5.06.1971;0.0044
6.06.1971;0.00417
7.06.1971;0.00393
8.06.1971;0.00358
9.06.1971;0.00347
10.06.1971;0.00323
11.06.1971;0.00313
12.06.1971;0.00302
13.06.1971;0.00278
14.06.1971;0.00267
15.06.1971;0.00255
16.06.1971;0.00243
17.06.1971;0.00232
18.06.1971;0.0022
19.06.1971;0.00213
20.06.1971;0.00208
21.06.1971;0.00347
22.06.1971;0.00323
23.06.1971;0.00278
24.06.1971;0.00232
25.06.1971;0.00197
26.06.1971;0.00192
27.06.1971;0.00185
28.06.1971;0.0018
29.06.1971;0.00173
30.06.1971;0.00173
1.07.1971;0.00173
2.07.1971;0.00173
3.07.1971;0.00173
4.07.1971;0.00173
5.07.1971;0.00185
6.07.1971;0.0018
7.07.1971;0.00173
8.07.1971;0.00168
9.07.1971;0.00162
10.07.1971;0.00157
11.07.1971;0.0015
12.07.1971;0.0015
13.07.1971;0.00145
14.07.1971;0.00138
15.07.1971;0.00145
16.07.1971;0.00138
17.07.1971;0.00138
18.07.1971;0.00133
19.07.1971;0.00138
20.07.1971;0.00133
21.07.1971;0.00138
22.07.1971;0.00133
23.07.1971;0.00127
24.07.1971;0.00127
25.07.1971;0.00122
26.07.1971;0.00115
27.07.1971;0.00115
28.07.1971;0.00115
29.07.1971;0.0011
30.07.1971;0.0011
31.07.1971;0.0011
1.08.1971;0.00105
2.08.1971;0.00105
3.08.1971;0.00105
4.08.1971;0.00105
5.08.1971;0.00208
6.08.1971;0.00173
7.08.1971;0.0015
8.08.1971;0.00115
9.08.1971;0.0011
10.08.1971;0.00098
11.08.1971;0.00093
12.08.1971;0.00093
13.08.1971;0.00093
14.08.1971;0.00087
15.08.1971;0.00087
16.08.1971;0.00087
17.08.1971;0.00087
18.08.1971;0.00082
19.08.1971;0.00082
20.08.1971;0.00082
21.08.1971;0.00082
22.08.1971;0.00075
23.08.1971;0.00075
24.08.1971;0.00075
25.08.1971;0.00075
26.08.1971;0.00075
27.08.1971;0.0007
28.08.1971;0.0007
29.08.1971;0.0007
30.08.1971;0.0007
31.08.1971;0.0007
1.09.1971;0.00082
2.09.1971;0.00075
3.09.1971;0.0007
4.09.1971;0.0007
5.09.1971;0.00063
6.09.1971;0.00063
7.09.1971;0.00063
8.09.1971;0.00063
9.09.1971;0.00063
10.09.1971;0.00062
11.09.1971;0.00058
12.09.1971;0.00058
13.09.1971;0.00058
14.09.1971;0.00058
15.09.1971;0.00058
16.09.1971;0.00057
17.09.1971;0.00057
18.09.1971;0.00055
19.09.1971;0.00055
20.09.1971;0.00055
21.09.1971;0.00055
22.09.1971;0.00055
23.09.1971;0.00053
24.09.1971;0.00053
25.09.1971;0.00052
26.09.1971;0.00052
27.09.1971;0.00052
28.09.1971;0.00052
29.09.1971;0.00052
30.09.1971;0.00052
1.10.1971;0.00053
2.10.1971;0.00057
3.10.1971;0.00055
4.10.1971;0.00052
5.10.1971;0.00052
6.10.1971;0.0005
7.10.1971;0.00048
8.10.1971;0.00048
9.10.1971;0.00047
10.10.1971;0.00047
11.10.1971;0.00047
12.10.1971;0.00047
13.10.1971;0.00047
14.10.1971;0.00047
15.10.1971;0.00045
16.10.1971;0.00045
17.10.1971;0.00043
18.10.1971;0.00043
19.10.1971;0.00043
20.10.1971;0.00043
21.10.1971;0.00043
22.10.1971;0.00042
23.10.1971;0.00042
24.10.1971;0.00042
25.10.1971;0.0004
26.10.1971;0.0004
27.10.1971;0.0004
28.10.1971;0.0004
29.10.1971;0.0004
30.10.1971;0.00038
31.10.1971;0.00038
1.11.1971;0.00038
2.11.1971;0.00037
3.11.1971;0.00037
4.11.1971;0.00037
5.11.1971;0.00037
6.11.1971;0.00037
7.11.1971;0.00037
8.11.1971;0.00037
9.11.1971;0.00037
10.11.1971;0.00037
11.11.1971;0.00038
12.11.1971;0.00037
13.11.1971;0.00037
14.11.1971;0.00035
15.11.1971;0.00035
16.11.1971;0.00035
17.11.1971;0.00033
18.11.1971;0.00033
19.11.1971;0.00035
20.11.1971;0.00038
21.11.1971;0.00033
22.11.1971;0.00032
23.11.1971;0.00032
24.11.1971;0.00032
25.11.1971;0.00032
26.11.1971;0.00032
27.11.1971;0.00032
28.11.1971;0.00032
29.11.1971;0.00032
30.11.1971;0.0003
1.12.1971;0.00032
2.12.1971;0.00035
3.12.1971;0.00033
4.12.1971;0.00032
5.12.1971;0.0003
6.12.1971;0.0003
7.12.1971;0.0003
8.12.1971;0.0003
9.12.1971;0.00028
10.12.1971;0.00028
11.12.1971;0.00028
12.12.1971;0.00028
13.12.1971;0.00028
14.12.1971;0.00028
15.12.1971;0.00028
16.12.1971;0.00027
17.12.1971;0.00027
18.12.1971;0.00027
19.12.1971;0.00027
20.12.1971;0.00027
21.12.1971;0.00025
22.12.1971;0.00025
23.12.1971;0.00025
24.12.1971;0.00025
25.12.1971;0.00025
26.12.1971;0.00025
27.12.1971;0.00025
28.12.1971;0.00025
29.12.1971;0.00025
30.12.1971;0.00025
31.12.1971;0.00025
1.01.1972;0.00033
2.01.1972;0.00033
3.01.1972;0.00033
4.01.1972;0.00033
5.01.1972;0.0004
6.01.1972;0.0005
7.01.1972;0.0005
8.01.1972;0.0005
9.01.1972;0.0005
10.01.1972;0.0005
11.01.1972;0.0004
12.01.1972;0.0004
13.01.1972;0.0004
14.01.1972;0.00033
15.01.1972;0.0004
16.01.1972;0.0003
17.01.1972;0.00025
18.01.1972;0.00025
19.01.1972;0.00025
20.01.1972;0.00025
21.01.1972;0.00025
22.01.1972;0.00025
23.01.1972;0.00025
24.01.1972;0.00025
25.01.1972;0.00025
26.01.1972;0.00025
27.01.1972;0.00025
28.01.1972;0.00025
29.01.1972;0.00025
30.01.1972;0.00025
31.01.1972;0.00025
1.02.1972;0.00025
2.02.1972;0.00025
3.02.1972;0.00025
4.02.1972;0.00025
5.02.1972;0.00025
6.02.1972;0.00025
7.02.1972;0.00025
8.02.1972;0.00025
9.02.1972;0.00025
10.02.1972;0.00025
11.02.1972;0.00025
12.02.1972;0.0003
13.02.1972;0.0003
14.02.1972;0.0003
15.02.1972;0.0003
16.02.1972;0.00035
17.02.1972;0.00035
18.02.1972;0.00035
19.02.1972;0.0004
20.02.1972;0.0004
21.02.1972;0.00042
22.02.1972;0.00042
23.02.1972;0.00045
24.02.1972;0.00045
25.02.1972;0.0005
26.02.1972;0.0005
27.02.1972;0.0005
28.02.1972;0.0005
29.02.1972;0.0005
1.03.1972;0.0005
2.03.1972;0.0005
3.03.1972;0.0005
4.03.1972;0.0005
5.03.1972;0.0005
6.03.1972;0.0005
7.03.1972;0.0005
8.03.1972;0.00045
9.03.1972;0.00045
10.03.1972;0.0004
11.03.1972;0.0004
12.03.1972;0.0004
13.03.1972;0.0004
14.03.1972;0.0004
15.03.1972;0.0004
16.03.1972;0.00035
17.03.1972;0.0003
18.03.1972;0.00025
19.03.1972;0.0003
20.03.1972;0.0003
21.03.1972;0.0003
22.03.1972;0.00035
23.03.1972;0.0004
24.03.1972;0.0004
25.03.1972;0.00045
26.03.1972;0.0005
27.03.1972;0.0005
28.03.1972;0.0005
29.03.1972;0.0005
30.03.1972;0.0005
31.03.1972;0.0005
1.04.1972;0.0005
2.04.1972;0.0005
3.04.1972;0.0005
4.04.1972;0.0005
5.04.1972;0.0005
6.04.1972;0.0005
7.04.1972;0.0005
8.04.1972;0.0005
9.04.1972;0.0005
10.04.1972;0.0005
11.04.1972;0.0005
12.04.1972;0.0006
13.04.1972;0.0007
14.04.1972;0.0008
15.04.1972;0.0009
16.04.1972;0.001
17.04.1972;0.001
18.04.1972;0.006
19.04.1972;0.012
20.04.1972;0.011
21.04.1972;0.01
22.04.1972;0.009
23.04.1972;0.01
24.04.1972;0.024
25.04.1972;0.012
26.04.1972;0.015
27.04.1972;0.014
28.04.1972;0.01
29.04.1972;0.014
30.04.1972;0.01
1.05.1972;0.008
2.05.1972;0.009
3.05.1972;0.008
4.05.1972;0.0085
5.05.1972;0.007
6.05.1972;0.006
7.05.1972;0.007
8.05.1972;0.007
9.05.1972;0.015
10.05.1972;0.021
11.05.1972;0.02
12.05.1972;0.04
13.05.1972;0.053
14.05.1972;0.042
15.05.1972;0.04
16.05.1972;0.049
17.05.1972;0.14
18.05.1972;0.135
19.05.1972;0.098
20.05.1972;0.073
21.05.1972;0.065
22.05.1972;0.063
23.05.1972;0.056
24.05.1972;0.045
25.05.1972;0.043
26.05.1972;0.036
27.05.1972;0.032
28.05.1972;0.03
29.05.1972;0.024
30.05.1972;0.011
31.05.1972;0.017
1.06.1972;0.012
2.06.1972;0.01275
3.06.1972;0.0105
4.06.1972;0.013
5.06.1972;0.01038
6.06.1972;0.00875
7.06.1972;0.01012
8.06.1972;0.00675
9.06.1972;0.01
10.06.1972;0.00675
11.06.1972;0.0065
12.06.1972;0.00725
13.06.1972;0.008
14.06.1972;0.009
15.06.1972;0.01025
16.06.1972;0.005
17.06.1972;0.00775
18.06.1972;0.005
19.06.1972;0.008
20.06.1972;0.009
21.06.1972;0.0045
22.06.1972;0.00763
23.06.1972;0.006
24.06.1972;0.002
25.06.1972;0.00425
26.06.1972;0.001
27.06.1972;0.007
28.06.1972;0.005
29.06.1972;0.004
30.06.1972;0.008
1.07.1972;0.003
2.07.1972;0.009
3.07.1972;0.005
4.07.1972;0.003
5.07.1972;0.007
6.07.1972;0.003
7.07.1972;0.006
8.07.1972;0.0025
9.07.1972;0.0025
10.07.1972;0.002
11.07.1972;0.002
12.07.1972;0.002
13.07.1972;0.0025
14.07.1972;0.005
15.07.1972;0.003
16.07.1972;0.0025
17.07.1972;0.0015
18.07.1972;0.005
19.07.1972;0.004
20.07.1972;0.0025
21.07.1972;0.002
22.07.1972;0.002
23.07.1972;0.0015
24.07.1972;0.00133
25.07.1972;0.006
26.07.1972;0.004
27.07.1972;0.004
28.07.1972;0.002
29.07.1972;0.002
30.07.1972;0.0015
31.07.1972;0.001
1.08.1972;0.0008
2.08.1972;0.0006
3.08.1972;0.0025
4.08.1972;0.0015
5.08.1972;0.0008
6.08.1972;0.0008
7.08.1972;0.0005
8.08.1972;0.0005
9.08.1972;0.00055
10.08.1972;0.00055
11.08.1972;0.0006
12.08.1972;0.0006
13.08.1972;0.00067
14.08.1972;0.00067
15.08.1972;0.0007
16.08.1972;0.0008
17.08.1972;0.0009
18.08.1972;0.0009
19.08.1972;0.001
20.08.1972;0.001
21.08.1972;0.00117
22.08.1972;0.001
23.08.1972;0.0009
24.08.1972;0.0009
25.08.1972;0.0008
26.08.1972;0.0006
27.08.1972;0.0006
28.08.1972;0.0006
29.08.1972;0.0006
30.08.1972;0.0006
31.08.1972;0.00055
1.09.1972;0.00055
2.09.1972;0.00055
3.09.1972;0.0005
4.09.1972;0.0005
5.09.1972;0.0005
6.09.1972;0.0005
7.09.1972;0.0005
8.09.1972;0.0005
9.09.1972;0.0005
10.09.1972;0.0005
11.09.1972;0.00042
12.09.1972;0.0004
13.09.1972;0.0004
14.09.1972;0.0004
15.09.1972;0.0005
16.09.1972;0.0005
17.09.1972;0.0005
18.09.1972;0.00058
19.09.1972;0.00058
20.09.1972;0.0005
21.09.1972;0.0005
22.09.1972;0.0005
23.09.1972;0.00042
24.09.1972;0.00042
25.09.1972;0.00042
26.09.1972;0.00042
27.09.1972;0.00042
28.09.1972;0.0005
29.09.1972;0.0005
30.09.1972;0.0005
1.10.1972;0.0005
2.10.1972;0.0006
3.10.1972;0.0006
4.10.1972;0.0005
5.10.1972;0.0005
6.10.1972;0.0005
7.10.1972;0.0005
8.10.1972;0.0005
9.10.1972;0.0005
10.10.1972;0.0005
11.10.1972;0.0009
12.10.1972;0.0006
13.10.1972;0.0005
14.10.1972;0.0005
15.10.1972;0.0005
16.10.1972;0.0005
17.10.1972;0.0005
18.10.1972;0.0005
19.10.1972;0.0007
20.10.1972;0.0008
21.10.1972;0.0006
22.10.1972;0.0005
23.10.1972;0.0004
24.10.1972;0.0004
25.10.1972;0.00042
26.10.1972;0.0005
27.10.1972;0.0005
28.10.1972;0.0005
29.10.1972;0.00042
30.10.1972;0.00042
31.10.1972;0.00042
1.11.1972;0.00042
2.11.1972;0.00042
3.11.1972;0.00042
4.11.1972;0.00042
5.11.1972;0.00042
6.11.1972;0.00042
7.11.1972;0.00042
8.11.1972;0.00042
9.11.1972;0.00042
10.11.1972;0.00042
11.11.1972;0.00042
12.11.1972;0.00042
13.11.1972;0.00042
14.11.1972;0.00042
15.11.1972;0.0004
16.11.1972;0.0004
17.11.1972;0.0004
18.11.1972;0.0003
19.11.1972;0.0003
20.11.1972;0.0004
21.11.1972;0.0005
22.11.1972;0.0005
23.11.1972;0.0005
24.11.1972;0.0005
25.11.1972;0.0005
26.11.1972;0.0005
27.11.1972;0.0005
28.11.1972;0.0005
29.11.1972;0.0004
30.11.1972;0.0004
1.12.1972;0.0004
2.12.1972;0.0004
3.12.1972;0.0004
4.12.1972;0.0004
5.12.1972;0.0005
6.12.1972;0.0005
7.12.1972;0.0004
8.12.1972;0.0004
9.12.1972;0.0004
10.12.1972;0.00033
11.12.1972;0.00033
12.12.1972;0.00033
13.12.1972;0.0004
14.12.1972;0.0004
15.12.1972;0.0004
16.12.1972;0.0003
17.12.1972;0.0004
18.12.1972;0.00042
19.12.1972;0.00042
20.12.1972;0.00042
21.12.1972;0.0005
22.12.1972;0.0005
23.12.1972;0.0004
24.12.1972;0.0004
25.12.1972;0.00042
26.12.1972;0.00042
27.12.1972;0.00042
28.12.1972;0.0005
29.12.1972;0.0005
30.12.1972;0.0005
31.12.1972;0.00042
1.01.1973;0.0005
2.01.1973;0.0004
3.01.1973;0.0005
4.01.1973;0.0006
5.01.1973;0.0004
6.01.1973;0.0004
7.01.1973;0.0005
8.01.1973;0.0005
9.01.1973;0.0005
10.01.1973;0.0005
11.01.1973;0.0005
12.01.1973;0.0005
13.01.1973;0.0004
14.01.1973;0.0004
15.01.1973;0.0004
16.01.1973;0.0004
17.01.1973;0.0005
18.01.1973;0.0005
19.01.1973;0.0005
20.01.1973;0.0005
21.01.1973;0.0005
22.01.1973;0.0005
23.01.1973;0.0004
24.01.1973;0.0005
25.01.1973;0.0005
26.01.1973;0.0005
27.01.1973;0.0004
28.01.1973;0.0004
29.01.1973;0.0004
30.01.1973;0.0005
31.01.1973;0.0005
1.02.1973;0.0005
2.02.1973;0.0005
3.02.1973;0.0005
4.02.1973;0.0005
5.02.1973;0.0005
6.02.1973;0.0005
7.02.1973;0.0005
8.02.1973;0.0005
9.02.1973;0.0005
10.02.1973;0.0005
11.02.1973;0.0005
12.02.1973;0.0005
13.02.1973;0.0006
14.02.1973;0.0007
15.02.1973;0.001
16.02.1973;0.001
17.02.1973;0.0012
18.02.1973;0.0012
19.02.1973;0.0106
20.02.1973;0.0022
21.02.1973;0.001
22.02.1973;0.0012
23.02.1973;0.0012
24.02.1973;0.001
25.02.1973;0.001
26.02.1973;0.0012
27.02.1973;0.001
28.02.1973;0.012
1.03.1973;0.0006
2.03.1973;0.0004
3.03.1973;0.009
4.03.1973;0.001
5.03.1973;0.001
6.03.1973;0.0042
7.03.1973;0.0035
8.03.1973;0.003
9.03.1973;0.002
10.03.1973;0.0012
11.03.1973;0.003
12.03.1973;0.0022
13.03.1973;0.0022
14.03.1973;0.0033
15.03.1973;0.0024
16.03.1973;0.002
17.03.1973;0.0018
18.03.1973;0.0012
19.03.1973;0.0016
20.03.1973;0.002
21.03.1973;0.002
22.03.1973;0.002
23.03.1973;0.0017
24.03.1973;0.0011
25.03.1973;0.001
26.03.1973;0.0015
27.03.1973;0.0013
28.03.1973;0.0014
29.03.1973;0.0015
30.03.1973;0.0015
31.03.1973;0.0014
1.04.1973;0.001
2.04.1973;0.0012
3.04.1973;0.0014
4.04.1973;0.0012
5.04.1973;0.0015
6.04.1973;0.0015
7.04.1973;0.0015
8.04.1973;0.0015
9.04.1973;0.0015
10.04.1973;0.002
11.04.1973;0.002
12.04.1973;0.0019
13.04.1973;0.002
14.04.1973;0.002
15.04.1973;0.0047
16.04.1973;0.0075
17.04.1973;0.013
18.04.1973;0.009
19.04.1973;0.0048
20.04.1973;0.007
21.04.1973;0.008
22.04.1973;0.0065
23.04.1973;0.01
24.04.1973;0.01
25.04.1973;0.01
26.04.1973;0.007
27.04.1973;0.015
28.04.1973;0.005
29.04.1973;0.0065
30.04.1973;0.00625
1.05.1973;0.009
2.05.1973;0.012
3.05.1973;0.01
4.05.1973;0.01
5.05.1973;0.0055
6.05.1973;0.01
7.05.1973;0.008
8.05.1973;0.005
9.05.1973;0.011
10.05.1973;0.009
11.05.1973;0.004
12.05.1973;0.008
13.05.1973;0.0085
14.05.1973;0.003
15.05.1973;0.0022
16.05.1973;0.005
17.05.1973;0.0023
18.05.1973;0.003
19.05.1973;0.002
20.05.1973;0.006
21.05.1973;0.003
22.05.1973;0.002
23.05.1973;0.001
24.05.1973;0.003
25.05.1973;0.001
26.05.1973;0.001
27.05.1973;0.0012
28.05.1973;0.002
29.05.1973;0.001
30.05.1973;0.001
31.05.1973;0.001
1.06.1973;0.001
2.06.1973;0.0025
3.06.1973;0.0013
4.06.1973;0.0013
5.06.1973;0.0013
6.06.1973;0.0013
7.06.1973;0.0013
8.06.1973;0.0023
9.06.1973;0.001
10.06.1973;0.001
11.06.1973;0.00175
12.06.1973;0.001
13.06.1973;0.001
14.06.1973;0.0013
15.06.1973;0.0015
16.06.1973;0.0015
17.06.1973;0.0015
18.06.1973;0.001
19.06.1973;0.0008
20.06.1973;0.0008
21.06.1973;0.0008
22.06.1973;0.0008
23.06.1973;0.0008
24.06.1973;0.0008
25.06.1973;0.0008
26.06.1973;0.0008
27.06.1973;0.0008
28.06.1973;0.0008
29.06.1973;0.0008
30.06.1973;0.0007
1.07.1973;0.0006
2.07.1973;0.0006
3.07.1973;0.0006
4.07.1973;0.0006
5.07.1973;0.0006
6.07.1973;0.0007
7.07.1973;0.0007
8.07.1973;0.0006
9.07.1973;0.0006
10.07.1973;0.0006
11.07.1973;0.0006
12.07.1973;0.0006
13.07.1973;0.0005
14.07.1973;0.0005
15.07.1973;0.0005
16.07.1973;0.0005
17.07.1973;0.0005
18.07.1973;0.0005
19.07.1973;0.0005
20.07.1973;0.0005
21.07.1973;0.0004
22.07.1973;0.0004
23.07.1973;0.0004
24.07.1973;0.0004
25.07.1973;0.0004
26.07.1973;0.0004
27.07.1973;0.0004
28.07.1973;0.0004
29.07.1973;0.0004
30.07.1973;0.0004
31.07.1973;0.0004
1.08.1973;0.0004
2.08.1973;0.0004
3.08.1973;0.0004
4.08.1973;0.0005
5.08.1973;0.0005
6.08.1973;0.0005
7.08.1973;0.0005
8.08.1973;0.0005
9.08.1973;0.0005
10.08.1973;0.0005
11.08.1973;0.0005
12.08.1973;0.0004
13.08.1973;0.0004
14.08.1973;0.0004
15.08.1973;0.0004
16.08.1973;0.0004
17.08.1973;0.0003
18.08.1973;0.0003
19.08.1973;0.00025
20.08.1973;0.0002
21.08.1973;0.00025
22.08.1973;0.0003
23.08.1973;0.0004
24.08.1973;0.0004
25.08.1973;0.0005
26.08.1973;0.0006
27.08.1973;0.0006
28.08.1973;0.0007
29.08.1973;0.0007
30.08.1973;0.0007
31.08.1973;0.0006
1.09.1973;0.0006
2.09.1973;0.0005
3.09.1973;0.00042
4.09.1973;0.00042
5.09.1973;0.00042
6.09.1973;0.00042
7.09.1973;0.00042
8.09.1973;0.00042
9.09.1973;0.00042
10.09.1973;0.00042
11.09.1973;0.00042
12.09.1973;0.0005
13.09.1973;0.0005
14.09.1973;0.0005
15.09.1973;0.0005
16.09.1973;0.0004
17.09.1973;0.0004
18.09.1973;0.0004
19.09.1973;0.0004
20.09.1973;0.0004
21.09.1973;0.0004
22.09.1973;0.0004
23.09.1973;0.0004
24.09.1973;0.0004
25.09.1973;0.0004
26.09.1973;0.0005
27.09.1973;0.0005
28.09.1973;0.0005
29.09.1973;0.0005
30.09.1973;0.0004
1.10.1973;0.0004
2.10.1973;0.0004
3.10.1973;0.0004
4.10.1973;0.0004
5.10.1973;0.0004
6.10.1973;0.0004
7.10.1973;0.0004
8.10.1973;0.0004
9.10.1973;0.0004
10.10.1973;0.0005
11.10.1973;0.0005
12.10.1973;0.0005
13.10.1973;0.0005
14.10.1973;0.0004
15.10.1973;0.0004
16.10.1973;0.0004
17.10.1973;0.0005
18.10.1973;0.0005
19.10.1973;0.0005
20.10.1973;0.0005
21.10.1973;0.0005
22.10.1973;0.0005
23.10.1973;0.0004
24.10.1973;0.0004
25.10.1973;0.0003
26.10.1973;0.0003
27.10.1973;0.0002
28.10.1973;0.0002
29.10.1973;0.0002
30.10.1973;0.0002
31.10.1973;0.0002
1.11.1973;0.0002
2.11.1973;0.0002
3.11.1973;0.0002
4.11.1973;0.0002
5.11.1973;0.0002
6.11.1973;0.0002
7.11.1973;0.0003
8.11.1973;0.0003
9.11.1973;0.0003
10.11.1973;0.0003
11.11.1973;0.0003
12.11.1973;0.0003
13.11.1973;0.0003
14.11.1973;0.0003
15.11.1973;0.0003
16.11.1973;0.0003
17.11.1973;0.0003
18.11.1973;0.0003
19.11.1973;0.0003
20.11.1973;0.0003
21.11.1973;0.0003
22.11.1973;0.0003
23.11.1973;0.0003
24.11.1973;0.0003
25.11.1973;0.0003
26.11.1973;0.0003
27.11.1973;0.0003
28.11.1973;0.0003
29.11.1973;0.0003
30.11.1973;0.0003
1.12.1973;0.0003
2.12.1973;0.0003
3.12.1973;0.0003
4.12.1973;0.0003
5.12.1973;0.0003
6.12.1973;0.0003
7.12.1973;0.0003
8.12.1973;0.0003
9.12.1973;0.0003
10.12.1973;0.0003
11.12.1973;0.0003
12.12.1973;0.0003
13.12.1973;0.0003
14.12.1973;0.0003
15.12.1973;0.0003
16.12.1973;0.0002
17.12.1973;0.0002
18.12.1973;0.0002
19.12.1973;0.0002
20.12.1973;0.0002
21.12.1973;0.0002
22.12.1973;0.0002
23.12.1973;0.0002
24.12.1973;0.0002
25.12.1973;0.0002
26.12.1973;0.0002
27.12.1973;0.0002
28.12.1973;0.0002
29.12.1973;0.0002
30.12.1973;0.0002
31.12.1973;0.0002
1.01.1974;0.00025
2.01.1974;0.00025
3.01.1974;0.00023
4.01.1974;0.00023
5.01.1974;0.00022
6.01.1974;0.00022
7.01.1974;0.0002
8.01.1974;0.0002
9.01.1974;0.00022
10.01.1974;0.00025
11.01.1974;0.00025
12.01.1974;0.0002
13.01.1974;0.00017
14.01.1974;0.00015
15.01.1974;0.00015
16.01.1974;0.00017
17.01.1974;0.00018
18.01.1974;0.0002
19.01.1974;0.0002
20.01.1974;0.00023
21.01.1974;0.00025
22.01.1974;0.00027
23.01.1974;0.00027
24.01.1974;0.0003
25.01.1974;0.0003
26.01.1974;0.00037
27.01.1974;0.00037
28.01.1974;0.0004
29.01.1974;0.00033
30.01.1974;0.00033
31.01.1974;0.00033
1.02.1974;0.0003
2.02.1974;0.0003
3.02.1974;0.00025
4.02.1974;0.00025
5.02.1974;0.0003
6.02.1974;0.0004
7.02.1974;0.0004
8.02.1974;0.0004
9.02.1974;0.0004
10.02.1974;0.0005
11.02.1974;0.0005
12.02.1974;0.009
13.02.1974;0.0021
14.02.1974;0.0013
15.02.1974;0.0012
16.02.1974;0.0013
17.02.1974;0.009
18.02.1974;0.0007
19.02.1974;0.0005
20.02.1974;0.0008
21.02.1974;0.0032
22.02.1974;0.003
23.02.1974;0.0025
24.02.1974;0.002
25.02.1974;0.002
26.02.1974;0.0012
27.02.1974;0.0025
28.02.1974;0.003
1.03.1974;0.0032
2.03.1974;0.00275
3.03.1974;0.0022
4.03.1974;0.004
5.03.1974;0.0034
6.03.1974;0.0033
7.03.1974;0.003
8.03.1974;0.003
9.03.1974;0.0029
10.03.1974;0.0029
11.03.1974;0.00367
12.03.1974;0.002
13.03.1974;0.0015
14.03.1974;0.0015
15.03.1974;0.001
16.03.1974;0.001
17.03.1974;0.0007
18.03.1974;0.00085
19.03.1974;0.001
20.03.1974;0.001
21.03.1974;0.001
22.03.1974;0.0008
23.03.1974;0.0006
24.03.1974;0.0006
25.03.1974;0.0008
26.03.1974;0.0005
27.03.1974;0.0005
28.03.1974;0.0005
29.03.1974;0.0005
30.03.1974;0.0004
31.03.1974;0.0004
1.04.1974;0.0004
2.04.1974;0.0004
3.04.1974;0.0004
4.04.1974;0.0005
5.04.1974;0.0005
6.04.1974;0.0006
7.04.1974;0.0006
8.04.1974;0.0007
9.04.1974;0.0007
10.04.1974;0.0007
11.04.1974;0.0007
12.04.1974;0.0007
13.04.1974;0.0007
14.04.1974;0.0006
15.04.1974;0.0006
16.04.1974;0.0005
17.04.1974;0.0005
18.04.1974;0.0005
19.04.1974;0.0005
20.04.1974;0.0005
21.04.1974;0.0004
22.04.1974;0.0004
23.04.1974;0.0004
24.04.1974;0.0004
25.04.1974;0.0004
26.04.1974;0.0004
27.04.1974;0.0004
28.04.1974;0.0004
29.04.1974;0.0004
30.04.1974;0.0004
1.05.1974;0.0005
2.05.1974;0.0005
3.05.1974;0.0005
4.05.1974;0.0005
5.05.1974;0.0006
6.05.1974;0.0006
7.05.1974;0.0009
8.05.1974;0.001
9.05.1974;0.0015
10.05.1974;0.0015
11.05.1974;0.0012
12.05.1974;0.0013
13.05.1974;0.0012
14.05.1974;0.0015
15.05.1974;0.012
16.05.1974;0.016
17.05.1974;0.025
18.05.1974;0.028
19.05.1974;0.026
20.05.1974;0.025
21.05.1974;0.017
22.05.1974;0.016
23.05.1974;0.009
24.05.1974;0.013
25.05.1974;0.011
26.05.1974;0.008
27.05.1974;0.0115
28.05.1974;0.007
29.05.1974;0.005
30.05.1974;0.006
31.05.1974;0.01
1.06.1974;0.0055
2.06.1974;0.006
3.06.1974;0.00825
4.06.1974;0.0055
5.06.1974;0.0065
6.06.1974;0.006
7.06.1974;0.007
8.06.1974;0.0035
9.06.1974;0.00962
10.06.1974;0.00625
11.06.1974;0.0015
12.06.1974;0.006
13.06.1974;0.002
14.06.1974;0.00207
15.06.1974;0.005
16.06.1974;0.0022
17.06.1974;0.0035
18.06.1974;0.009
19.06.1974;0.012
20.06.1974;0.007
21.06.1974;0.012
22.06.1974;0.01
23.06.1974;0.01117
24.06.1974;0.007
25.06.1974;0.007
26.06.1974;0.012
27.06.1974;0.01
28.06.1974;0.014
29.06.1974;0.005
30.06.1974;0.011
1.07.1974;0.0065
2.07.1974;0.006
3.07.1974;0.007
4.07.1974;0.004
5.07.1974;0.004
6.07.1974;0.009
7.07.1974;0.0025
8.07.1974;0.0095
9.07.1974;0.0018
10.07.1974;0.006
11.07.1974;0.005
12.07.1974;0.0018
13.07.1974;0.005
14.07.1974;0.0018
15.07.1974;0.004
16.07.1974;0.003
17.07.1974;0.0007
18.07.1974;0.0007
19.07.1974;0.0055
20.07.1974;0.0008
21.07.1974;0.0009
22.07.1974;0.0055
23.07.1974;0.002
24.07.1974;0.0015
25.07.1974;0.0007
26.07.1974;0.0007
27.07.1974;0.0025
28.07.1974;0.003
29.07.1974;0.0015
30.07.1974;0.002
31.07.1974;0.0013
1.08.1974;0.0025
2.08.1974;0.001
3.08.1974;0.002
4.08.1974;0.0015
5.08.1974;0.0014
6.08.1974;0.0025
7.08.1974;0.0022
8.08.1974;0.0025
9.08.1974;0.0023
10.08.1974;0.0015
11.08.1974;0.0015
12.08.1974;0.0015
13.08.1974;0.002
14.08.1974;0.002
15.08.1974;0.0015
16.08.1974;0.001
17.08.1974;0.001
18.08.1974;0.001
19.08.1974;0.001
20.08.1974;0.001
21.08.1974;0.001
22.08.1974;0.001
23.08.1974;0.001
24.08.1974;0.001
25.08.1974;0.00092
26.08.1974;0.00092
27.08.1974;0.00083
28.08.1974;0.00083
29.08.1974;0.00075
30.08.1974;0.00075
31.08.1974;0.00075
1.09.1974;0.00067
2.09.1974;0.00058
3.09.1974;0.00058
4.09.1974;0.00058
5.09.1974;0.00058
6.09.1974;0.00058
7.09.1974;0.00058
8.09.1974;0.00058
9.09.1974;0.00058
10.09.1974;0.00058
11.09.1974;0.00058
12.09.1974;0.00058
13.09.1974;0.00058
14.09.1974;0.0005
15.09.1974;0.0005
16.09.1974;0.0005
17.09.1974;0.0005
18.09.1974;0.0005
19.09.1974;0.0005
20.09.1974;0.0005
21.09.1974;0.0005
22.09.1974;0.0005
23.09.1974;0.0005
24.09.1974;0.0005
25.09.1974;0.0005
26.09.1974;0.0005
27.09.1974;0.0005
28.09.1974;0.0005
29.09.1974;0.0005
30.09.1974;0.0005
1.10.1974;0.0004
2.10.1974;0.0007
3.10.1974;0.0005
4.10.1974;0.0004
5.10.1974;0.0004
6.10.1974;0.0005
7.10.1974;0.0006
8.10.1974;0.0006
9.10.1974;0.0006
10.10.1974;0.0006
11.10.1974;0.0006
12.10.1974;0.0007
13.10.1974;0.0008
14.10.1974;0.0008
15.10.1974;0.012
16.10.1974;0.026
17.10.1974;0.03
18.10.1974;0.024
19.10.1974;0.018
20.10.1974;0.02
21.10.1974;0.1625
22.10.1974;0.19667
23.10.1974;0.116
24.10.1974;0.083
25.10.1974;0.066
26.10.1974;0.055
27.10.1974;0.045
28.10.1974;0.035
29.10.1974;0.03333
30.10.1974;0.03167
31.10.1974;0.03
1.11.1974;0.02833
2.11.1974;0.02667
3.11.1974;0.02333
4.11.1974;0.022
5.11.1974;0.018
6.11.1974;0.014
7.11.1974;0.014
8.11.1974;0.009
9.11.1974;0.012
10.11.1974;0.01
11.11.1974;0.013
12.11.1974;0.006
13.11.1974;0.008
14.11.1974;0.009
15.11.1974;0.007
16.11.1974;0.005
17.11.1974;0.00575
18.11.1974;0.004
19.11.1974;0.005
20.11.1974;0.004
21.11.1974;0.0025
22.11.1974;0.006
23.11.1974;0.003
24.11.1974;0.0025
25.11.1974;0.006
26.11.1974;0.0045
27.11.1974;0.004
28.11.1974;0.003
29.11.1974;0.0025
30.11.1974;0.003
1.12.1974;0.004
2.12.1974;0.002
3.12.1974;0.002
4.12.1974;0.003
5.12.1974;0.0012
6.12.1974;0.007
7.12.1974;0.0045
8.12.1974;0.0055
9.12.1974;0.00285
10.12.1974;0.00997
11.12.1974;0.004
12.12.1974;0.00917
13.12.1974;0.00733
14.12.1974;0.00483
15.12.1974;0.00083
16.12.1974;0.00967
17.12.1974;0.00933
18.12.1974;0.00402
19.12.1974;0.00933
20.12.1974;0.00633
21.12.1974;0.00583
22.12.1974;0.00933
23.12.1974;0.00367
24.12.1974;0.00767
25.12.1974;0.0045
26.12.1974;0.00267
27.12.1974;0.00833
28.12.1974;0.00283
29.12.1974;0.008
30.12.1974;0.019
31.12.1974;0.02
1.01.1975;0.01458
2.01.1975;0.01355
3.01.1975;0.01192
4.01.1975;0.01042
5.01.1975;0.00948
6.01.1975;0.00983
7.01.1975;0.00683
8.01.1975;0.00637
9.01.1975;0.0051
10.01.1975;0.00543
11.01.1975;0.00248
12.01.1975;0.00335
13.01.1975;0.00358
14.01.1975;0.00567
15.01.1975;0.0059
16.01.1975;0.00248
17.01.1975;0.00775
18.01.1975;0.00335
19.01.1975;0.00267
20.01.1975;0.00648
21.01.1975;0.00173
22.01.1975;0.00422
23.01.1975;0.0015
24.01.1975;0.00393
25.01.1975;0.00232
26.01.1975;0.00213
27.01.1975;0.00185
28.01.1975;0.00192
29.01.1975;0.00417
30.01.1975;0.00602
31.01.1975;0.00203
1.02.1975;0.0022
2.02.1975;0.00232
3.02.1975;0.00237
4.02.1975;0.00225
5.02.1975;0.00197
6.02.1975;0.00203
7.02.1975;0.00173
8.02.1975;0.00213
9.02.1975;0.00173
10.02.1975;0.00213
11.02.1975;0.00203
12.02.1975;0.0022
13.02.1975;0.00173
14.02.1975;0.00197
15.02.1975;0.00168
16.02.1975;0.00138
17.02.1975;0.00203
18.02.1975;0.0018
19.02.1975;0.00157
20.02.1975;0.00105
21.02.1975;0.0007
22.02.1975;0.0007
23.02.1975;0.00098
24.02.1975;0.00463
25.02.1975;0.00098
26.02.1975;0.00255
27.02.1975;0.00138
28.02.1975;0.00093
1.03.1975;0.00075
2.03.1975;0.00082
3.03.1975;0.00422
4.03.1975;0.00098
5.03.1975;0.00082
6.03.1975;0.00028
7.03.1975;0.00028
8.03.1975;0.00028
9.03.1975;0.00318
10.03.1975;0.00185
11.03.1975;0.00058
12.03.1975;0.00023
13.03.1975;0.00023
14.03.1975;0.00023
15.03.1975;0.00433
16.03.1975;0.00665
17.03.1975;0.00578
18.03.1975;0.00562
19.03.1975;0.00983
20.03.1975;0.01025
21.03.1975;0.01018
22.03.1975;0.00522
23.03.1975;0.00688
24.03.1975;0.0063
25.03.1975;0.00578
26.03.1975;0.00672
27.03.1975;0.00543
28.03.1975;0.00543
29.03.1975;0.00498
30.03.1975;0.00365
31.03.1975;0.00498
1.04.1975;0.0077
2.04.1975;0.00845
3.04.1975;0.00892
4.04.1975;0.00763
5.04.1975;0.00763
6.04.1975;0.00695
7.04.1975;0.00822
8.04.1975;0.00695
9.04.1975;0.00672
10.04.1975;0.00763
11.04.1975;0.06945
12.04.1975;0.07638
13.04.1975;0.05555
14.04.1975;0.04375
15.04.1975;0.0382
16.04.1975;0.03125
17.04.1975;0.02778
18.04.1975;0.02083
19.04.1975;0.01945
20.04.1975;0.01597
21.04.1975;0.01388
22.04.1975;0.01112
23.04.1975;0.0088
24.04.1975;0.00833
25.04.1975;0.00833
26.04.1975;0.00833
27.04.1975;0.01042
28.04.1975;0.00695
29.04.1975;0.0059
30.04.1975;0.00452
1.05.1975;0.00417
2.05.1975;0.00452
3.05.1975;0.00347
4.05.1975;0.00347
5.05.1975;0.00347
6.05.1975;0.00255
7.05.1975;0.00543
8.05.1975;0.00475
9.05.1975;0.0015
10.05.1975;0.00555
11.05.1975;0.00417
12.05.1975;0.00347
13.05.1975;0.00278
14.05.1975;0.00347
15.05.1975;0.00208
16.05.1975;0.00347
17.05.1975;0.00208
18.05.1975;0.00023
19.05.1975;0.00487
20.05.1975;0.00173
21.05.1975;0.00138
22.05.1975;0.00138
23.05.1975;0.00105
24.05.1975;0.00127
25.05.1975;0.0011
26.05.1975;0.00208
27.05.1975;0.00377
28.05.1975;0.00278
29.05.1975;0.00307
30.05.1975;0.00278
31.05.1975;0.00358
1.06.1975;0.00428
2.06.1975;0.00208
3.06.1975;0.00208
4.06.1975;0.00522
5.06.1975;0.00208
6.06.1975;0.00417
7.06.1975;0.00208
8.06.1975;0.00105
9.06.1975;0.00532
10.06.1975;0.00208
11.06.1975;0.00243
12.06.1975;0.00358
13.06.1975;0.00313
14.06.1975;0.00243
15.06.1975;0.00347
16.06.1975;0.00243
17.06.1975;0.00382
18.06.1975;0.00313
19.06.1975;0.00278
20.06.1975;0.00208
21.06.1975;0.00138
22.06.1975;0.00105
23.06.1975;0.00313
24.06.1975;0.00105
25.06.1975;0.0004
26.06.1975;0.00688
27.06.1975;0.00047
28.06.1975;0.00868
29.06.1975;0.0015
30.06.1975;0.0007
1.07.1975;0.00498
2.07.1975;0.00093
3.07.1975;0.00063
4.07.1975;0.00313
5.07.1975;0.00192
6.07.1975;0.00208
7.07.1975;0.00028
8.07.1975;0.00028
9.07.1975;0.00382
10.07.1975;0.00197
11.07.1975;0.00058
12.07.1975;0.0004
13.07.1975;0.00347
14.07.1975;0.00058
15.07.1975;0.00058
16.07.1975;0.00058
17.07.1975;0.00052
18.07.1975;0.00087
19.07.1975;0.00133
20.07.1975;0.00035
21.07.1975;0.0004
22.07.1975;0.00445
23.07.1975;0.0022
24.07.1975;0.00052
25.07.1975;0.00052
26.07.1975;0.00063
27.07.1975;0.00468
28.07.1975;0.00168
29.07.1975;0.00173
30.07.1975;0.00203
31.07.1975;0.00115
1.08.1975;0.00097
2.08.1975;0.0007
3.08.1975;0.00052
4.08.1975;0.00338
5.08.1975;0.00125
6.08.1975;0.00077
7.08.1975;0.00077
8.08.1975;0.00063
9.08.1975;0.00153
10.08.1975;0.0009
11.08.1975;0.00083
12.08.1975;0.00077
13.08.1975;0.00125
14.08.1975;0.00045
15.08.1975;0.00125
16.08.1975;0.0007
17.08.1975;0.00112
18.08.1975;0.00083
19.08.1975;0.00083
20.08.1975;0.00083
21.08.1975;0.00083
22.08.1975;0.0009
23.08.1975;0.0009
24.08.1975;0.00147
25.08.1975;0.00105
26.08.1975;0.00122
27.08.1975;0.001
28.08.1975;0.00105
29.08.1975;0.00125
30.08.1975;0.00105
31.08.1975;0.00105
1.09.1975;0.00077
2.09.1975;0.00063
3.09.1975;0.00028
4.09.1975;0.00035
5.09.1975;0.00035
6.09.1975;0.00035
7.09.1975;0.00035
8.09.1975;0.00022
9.09.1975;0.00022
10.09.1975;0.00022
11.09.1975;0.00028
12.09.1975;0.00028
13.09.1975;0.00028
14.09.1975;0.00035
15.09.1975;0.00028
16.09.1975;0.00028
17.09.1975;0.00028
18.09.1975;0.00028
19.09.1975;0.00022
20.09.1975;0.00022
21.09.1975;0.00022
22.09.1975;0.00022
23.09.1975;0.00022
24.09.1975;0.00022
25.09.1975;0.00022
26.09.1975;0.00028
27.09.1975;0.00022
28.09.1975;0.00022
29.09.1975;0.00022
30.09.1975;0.00022
1.10.1975;0.00035
2.10.1975;0.0004
3.10.1975;0.0004
4.10.1975;0.00047
5.10.1975;0.00052
6.10.1975;0.00048
7.10.1975;0.0004
8.10.1975;0.0004
9.10.1975;0.0004
10.10.1975;0.0004
11.10.1975;0.00047
12.10.1975;0.00063
13.10.1975;0.0004
14.10.1975;0.0004
15.10.1975;0.00035
16.10.1975;0.00035
17.10.1975;0.0004
18.10.1975;0.00035
19.10.1975;0.00058
20.10.1975;0.00037
21.10.1975;0.00035
22.10.1975;0.00035
23.10.1975;0.00063
24.10.1975;0.00063
25.10.1975;0.00052
26.10.1975;0.00063
27.10.1975;0.00052
28.10.1975;0.00052
29.10.1975;0.00055
30.10.1975;0.00055
31.10.1975;0.00052
1.11.1975;0.00047
2.11.1975;0.00047
3.11.1975;0.00047
4.11.1975;0.00042
5.11.1975;0.00042
6.11.1975;0.00048
7.11.1975;0.00048
8.11.1975;0.00035
9.11.1975;0.00042
10.11.1975;0.00042
11.11.1975;0.00047
12.11.1975;0.00047
13.11.1975;0.00052
14.11.1975;0.00052
15.11.1975;0.00063
16.11.1975;0.00063
17.11.1975;0.0007
18.11.1975;0.00063
19.11.1975;0.00063
20.11.1975;0.00055
21.11.1975;0.00042
22.11.1975;0.00035
23.11.1975;0.00032
24.11.1975;0.00028
25.11.1975;0.00028
26.11.1975;0.00028
27.11.1975;0.00028
28.11.1975;0.00025
29.11.1975;0.00025
30.11.1975;0.00028
1.12.1975;0.00028
2.12.1975;0.00028
3.12.1975;0.00028
4.12.1975;0.00028
5.12.1975;0.00028
6.12.1975;0.00028
7.12.1975;0.00028
8.12.1975;0.00028
9.12.1975;0.00028
10.12.1975;0.00028
11.12.1975;0.00025
12.12.1975;0.00025
13.12.1975;0.00023
14.12.1975;0.00022
15.12.1975;0.00022
16.12.1975;0.00022
17.12.1975;0.00023
18.12.1975;0.00028
19.12.1975;0.00028
20.12.1975;0.00025
21.12.1975;0.00035
22.12.1975;0.00035
23.12.1975;0.00035
24.12.1975;0.00032
25.12.1975;0.00028
26.12.1975;0.00028
27.12.1975;0.00022
28.12.1975;0.00035
29.12.1975;0.00037
30.12.1975;0.00048
31.12.1975;0.00048
1.01.1976;0.0007
2.01.1976;0.0007
3.01.1976;0.0007
4.01.1976;0.0007
5.01.1976;0.0007
6.01.1976;0.0007
7.01.1976;0.0007
8.01.1976;0.0007
9.01.1976;0.0006
10.01.1976;0.0006
11.01.1976;0.0006
12.01.1976;0.0006
13.01.1976;0.0006
14.01.1976;0.0006
15.01.1976;0.0006
16.01.1976;0.0006
17.01.1976;0.0006
18.01.1976;0.0006
19.01.1976;0.0006
20.01.1976;0.0006
21.01.1976;0.0006
22.01.1976;0.0006
23.01.1976;0.0006
24.01.1976;0.0006
25.01.1976;0.0006
26.01.1976;0.0006
27.01.1976;0.0006
28.01.1976;0.0005
29.01.1976;0.0005
30.01.1976;0.0005
31.01.1976;0.0005
1.02.1976;0.0005
2.02.1976;0.0005
3.02.1976;0.00045
4.02.1976;0.00045
5.02.1976;0.00045
6.02.1976;0.0004
7.02.1976;0.0004
8.02.1976;0.0004
9.02.1976;0.0004
10.02.1976;0.00035
11.02.1976;0.00035
12.02.1976;0.00035
13.02.1976;0.00035
14.02.1976;0.0004
15.02.1976;0.00045
16.02.1976;0.0005
17.02.1976;0.00045
18.02.1976;0.0004
19.02.1976;0.00045
20.02.1976;0.0005
21.02.1976;0.0006
22.02.1976;0.0007
23.02.1976;0.0007
24.02.1976;0.0007
25.02.1976;0.0007
26.02.1976;0.0007
27.02.1976;0.0007
28.02.1976;0.0007
29.02.1976;0.0007
1.03.1976;0.0007
2.03.1976;0.0007
3.03.1976;0.0007
4.03.1976;0.0008
5.03.1976;0.0008
6.03.1976;0.0008
7.03.1976;0.0009
8.03.1976;0.001
9.03.1976;0.001
10.03.1976;0.001
11.03.1976;0.001
12.03.1976;0.0011
13.03.1976;0.0011
14.03.1976;0.0011
15.03.1976;0.0011
16.03.1976;0.001
17.03.1976;0.001
18.03.1976;0.001
19.03.1976;0.0011
20.03.1976;0.0046
21.03.1976;0.0017
22.03.1976;0.0017
23.03.1976;0.0013
24.03.1976;0.00415
25.03.1976;0.0008
26.03.1976;0.001
27.03.1976;0.00953
28.03.1976;0.00457
29.03.1976;0.00952
30.03.1976;0.00692
31.03.1976;0.00615
1.04.1976;0.00675
2.04.1976;0.00418
3.04.1976;0.01045
4.04.1976;0.00728
5.04.1976;0.001
6.04.1976;0.0095
7.04.1976;0.00268
8.04.1976;0.00542
9.04.1976;0.00502
10.04.1976;0.0006
11.04.1976;0.00308
12.04.1976;0.00653
13.04.1976;0.00045
14.04.1976;0.00793
15.04.1976;0.00475
16.04.1976;0.00217
17.04.1976;0.00578
18.04.1976;0.00158
19.04.1976;0.001
20.04.1976;0.00695
21.04.1976;0.0008
22.04.1976;0.0074
23.04.1976;0.00115
24.04.1976;0.0005
25.04.1976;0.0009
26.04.1976;0.00388
27.04.1976;0.01262
28.04.1976;0.01555
29.04.1976;0.01665
30.04.1976;0.01625
1.05.1976;0.01735
2.05.1976;0.01165
3.05.1976;0.01162
4.05.1976;0.01008
5.05.1976;0.01027
6.05.1976;0.0107
7.05.1976;0.0107
8.05.1976;0.0107
9.05.1976;0.0107
10.05.1976;0.0107
11.05.1976;0.0111
12.05.1976;0.01105
13.05.1976;0.00887
14.05.1976;0.00805
15.05.1976;0.00088
16.05.1976;0.00953
17.05.1976;0.001
18.05.1976;0.01057
19.05.1976;0.00275
20.05.1976;0.00668
21.05.1976;0.00335
22.05.1976;0.00708
23.05.1976;0.00253
24.05.1976;0.00287
25.05.1976;0.00412
26.05.1976;0.00283
27.05.1976;0.00537
28.05.1976;0.0027
29.05.1976;0.00183
30.05.1976;0.00587
31.05.1976;0.00475
1.06.1976;0.00317
2.06.1976;0.00725
3.06.1976;0.00233
4.06.1976;0.00762
5.06.1976;0.00317
6.06.1976;0.00717
7.06.1976;0.00375
8.06.1976;0.0025
9.06.1976;0.0004
10.06.1976;0.00065
11.06.1976;0.00065
12.06.1976;0.00065
13.06.1976;0.00065
14.06.1976;0.00065
15.06.1976;0.0009
16.06.1976;0.00603
17.06.1976;0.0015
18.06.1976;0.0009
19.06.1976;0.0011
20.06.1976;0.0088
21.06.1976;0.00133
22.06.1976;0.00115
23.06.1976;0.0007
24.06.1976;0.0009
25.06.1976;0.00647
26.06.1976;0.00115
27.06.1976;0.00192
28.06.1976;0.00125
29.06.1976;0.00255
30.06.1976;0.00137
1.07.1976;0.00192
2.07.1976;0.00115
3.07.1976;0.00128
4.07.1976;0.0005
5.07.1976;0.00175
6.07.1976;0.0005
7.07.1976;0.0009
8.07.1976;0.00145
9.07.1976;0.0007
10.07.1976;0.0006
11.07.1976;0.00115
12.07.1976;0.0006
13.07.1976;0.0013
14.07.1976;0.0009
15.07.1976;0.0009
16.07.1976;0.0008
17.07.1976;0.0007
18.07.1976;0.0005
19.07.1976;0.0007
20.07.1976;0.0007
21.07.1976;0.0006
22.07.1976;0.0006
23.07.1976;0.0006
24.07.1976;0.0006
25.07.1976;0.0006
26.07.1976;0.0006
27.07.1976;0.0006
28.07.1976;0.0006
29.07.1976;0.0006
30.07.1976;0.0006
31.07.1976;0.0006
1.08.1976;0.0006
2.08.1976;0.0006
3.08.1976;0.0006
4.08.1976;0.0006
5.08.1976;0.0008
6.08.1976;0.0008
7.08.1976;0.0008
8.08.1976;0.0008
9.08.1976;0.0008
10.08.1976;0.0007
11.08.1976;0.0006
12.08.1976;0.0005
13.08.1976;0.0005
14.08.1976;0.0004
15.08.1976;0.0004
16.08.1976;0.0004
17.08.1976;0.0004
18.08.1976;0.00045
19.08.1976;0.00045
20.08.1976;0.0004
21.08.1976;0.0004
22.08.1976;0.00045
23.08.1976;0.00045
24.08.1976;0.00045
25.08.1976;0.0004
26.08.1976;0.00045
27.08.1976;0.00045
28.08.1976;0.00045
29.08.1976;0.0004
30.08.1976;0.0004
31.08.1976;0.0004
1.09.1976;0.0005
2.09.1976;0.0005
3.09.1976;0.0005
4.09.1976;0.0005
5.09.1976;0.0005
6.09.1976;0.0005
7.09.1976;0.0005
8.09.1976;0.0005
9.09.1976;0.0004
10.09.1976;0.0004
11.09.1976;0.00045
12.09.1976;0.00045
13.09.1976;0.00045
14.09.1976;0.00045
15.09.1976;0.00045
16.09.1976;0.00045
17.09.1976;0.00045
18.09.1976;0.00045
19.09.1976;0.00045
20.09.1976;0.00045
21.09.1976;0.00045
22.09.1976;0.00045
23.09.1976;0.0004
24.09.1976;0.0004
25.09.1976;0.00035
26.09.1976;0.0003
27.09.1976;0.00025
28.09.1976;0.00025
29.09.1976;0.00025
30.09.1976;0.00035
1.10.1976;0.0005
2.10.1976;0.0009
3.10.1976;0.0006
4.10.1976;0.0007
5.10.1976;0.0007
6.10.1976;0.0008
7.10.1976;0.0007
8.10.1976;0.0007
9.10.1976;0.0007
10.10.1976;0.0008
11.10.1976;0.0008
12.10.1976;0.0008
13.10.1976;0.0008
14.10.1976;0.0008
15.10.1976;0.0008
16.10.1976;0.0008
17.10.1976;0.0009
18.10.1976;0.0009
19.10.1976;0.001
20.10.1976;0.01092
21.10.1976;0.0077
22.10.1976;0.00045
23.10.1976;0.0071
24.10.1976;0.01017
25.10.1976;0.0011
26.10.1976;0.0052
27.10.1976;0.00258
28.10.1976;0.00445
29.10.1976;0.0008
30.10.1976;0.001
31.10.1976;0.0012
1.11.1976;0.00467
2.11.1976;0.0007
3.11.1976;0.00778
4.11.1976;0.0008
5.11.1976;0.00813
6.11.1976;0.00415
7.11.1976;0.0008
8.11.1976;0.00653
9.11.1976;0.0011
10.11.1976;0.00458
11.11.1976;0.00355
12.11.1976;0.0013
13.11.1976;0.0049
14.11.1976;0.0013
15.11.1976;0.00747
16.11.1976;0.00567
17.11.1976;0.01415
18.11.1976;0.01708
19.11.1976;0.01645
20.11.1976;0.0187
21.11.1976;0.01333
22.11.1976;0.00595
23.11.1976;0.00345
24.11.1976;0.01142
25.11.1976;0.01083
26.11.1976;0.00575
27.11.1976;0.00908
28.11.1976;0.00825
29.11.1976;0.0049
30.11.1976;0.00625
1.12.1976;0.01055
2.12.1976;0.08807
3.12.1976;0.106
4.12.1976;0.074
5.12.1976;0.059
6.12.1976;0.044
7.12.1976;0.036
8.12.1976;0.09
9.12.1976;0.073
10.12.1976;0.058
11.12.1976;0.045
12.12.1976;0.035
13.12.1976;0.033
14.12.1976;0.025
15.12.1976;0.02
16.12.1976;0.018
17.12.1976;0.016
18.12.1976;0.01445
19.12.1976;0.01512
20.12.1976;0.00957
21.12.1976;0.00933
22.12.1976;0.0149
23.12.1976;0.01078
24.12.1976;0.00425
25.12.1976;0.01183
26.12.1976;0.00415
27.12.1976;0.0112
28.12.1976;0.00887
29.12.1976;0.00592
30.12.1976;0.00733
31.12.1976;0.0072
1.01.1977;0.00783
2.01.1977;0.00642
3.01.1977;0.00625
4.01.1977;0.00262
5.01.1977;0.00772
6.01.1977;0.00712
7.01.1977;0.00677
8.01.1977;0.0041
9.01.1977;0.0024
10.01.1977;0.0053
11.01.1977;0.0017
12.01.1977;0.00768
13.01.1977;0.00545
14.01.1977;0.00623
15.01.1977;0.01372
16.01.1977;0.01382
17.01.1977;0.01393
18.01.1977;0.01378
19.01.1977;0.01383
20.01.1977;0.01377
21.01.1977;0.01325
22.01.1977;0.01203
23.01.1977;0.01022
24.01.1977;0.00907
25.01.1977;0.00823
26.01.1977;0.00835
27.01.1977;0.00887
28.01.1977;0.00972
29.01.1977;0.01272
30.01.1977;0.02127
31.01.1977;0.02988
1.02.1977;0.03037
2.02.1977;0.02897
3.02.1977;0.02337
4.02.1977;0.02218
5.02.1977;0.01933
6.02.1977;0.01817
7.02.1977;0.01733
8.02.1977;0.01568
9.02.1977;0.01705
10.02.1977;0.01263
11.02.1977;0.01475
12.02.1977;0.0149
13.02.1977;0.04018
14.02.1977;0.05183
15.02.1977;0.06225
16.02.1977;0.06793
17.02.1977;0.06092
18.02.1977;0.05233
19.02.1977;0.04678
20.02.1977;0.03983
21.02.1977;0.0587
22.02.1977;0.1243
23.02.1977;0.13
24.02.1977;0.115
25.02.1977;0.0941
26.02.1977;0.075
27.02.1977;0.0607
28.02.1977;0.0486
1.03.1977;0.0416
2.03.1977;0.0344
3.03.1977;0.0299
4.03.1977;0.0245
5.03.1977;0.0214
6.03.1977;0.0212
7.03.1977;0.0207
8.03.1977;0.01405
9.03.1977;0.01397
10.03.1977;0.01408
11.03.1977;0.01308
12.03.1977;0.01323
13.03.1977;0.01332
14.03.1977;0.01343
15.03.1977;0.00813
16.03.1977;0.00722
17.03.1977;0.00718
18.03.1977;0.00468
19.03.1977;0.00887
20.03.1977;0.00713
21.03.1977;0.00857
22.03.1977;0.00727
23.03.1977;0.00717
24.03.1977;0.00732
25.03.1977;0.00643
26.03.1977;0.00572
27.03.1977;0.00423
28.03.1977;0.00815
29.03.1977;0.0049
30.03.1977;0.00623
31.03.1977;0.01073
1.04.1977;0.0243
2.04.1977;0.0249
3.04.1977;0.0252
4.04.1977;0.0248
5.04.1977;0.0251
6.04.1977;0.0252
7.04.1977;0.0251
8.04.1977;0.0248
9.04.1977;0.0354
10.04.1977;0.1035
11.04.1977;0.0893
12.04.1977;0.0732
13.04.1977;0.0583
14.04.1977;0.0448
15.04.1977;0.0373
16.04.1977;0.0328
17.04.1977;0.0296
18.04.1977;0.0251
19.04.1977;0.0223
20.04.1977;0.0198
21.04.1977;0.0187
22.04.1977;0.0174
23.04.1977;0.0144
24.04.1977;0.0124
25.04.1977;0.0102
26.04.1977;0.0098
27.04.1977;0.0082
28.04.1977;0.0078
29.04.1977;0.0072
30.04.1977;0.0071
1.05.1977;0.0071
2.05.1977;0.0071
3.05.1977;0.007
4.05.1977;0.0069
5.05.1977;0.0068
6.05.1977;0.0069
7.05.1977;0.0071
8.05.1977;0.0063
9.05.1977;0.0049
10.05.1977;0.0047
11.05.1977;0.0043
12.05.1977;0.0045
13.05.1977;0.0048
14.05.1977;0.0046
15.05.1977;0.0049
16.05.1977;0.0051
17.05.1977;0.005
18.05.1977;0.0049
19.05.1977;0.0052
20.05.1977;0.0047
21.05.1977;0.0049
22.05.1977;0.0046
23.05.1977;0.0048
24.05.1977;0.0043
25.05.1977;0.0041
26.05.1977;0.004
27.05.1977;0.0039
28.05.1977;0.0038
29.05.1977;0.0039
30.05.1977;0.0037
31.05.1977;0.0038
1.06.1977;0.0036
2.06.1977;0.0033
3.06.1977;0.0032
4.06.1977;0.003
5.06.1977;0.0007
6.06.1977;0.00677
7.06.1977;0.0027
8.06.1977;0.0024
9.06.1977;0.0021
10.06.1977;0.0005
11.06.1977;0.0005
12.06.1977;0.00725
13.06.1977;0.0012
14.06.1977;0.0007
15.06.1977;0.0006
16.06.1977;0.00653
17.06.1977;0.0023
18.06.1977;0.0018
19.06.1977;0.00085
20.06.1977;0.0009
21.06.1977;0.00625
22.06.1977;0.00082
23.06.1977;0.00082
24.06.1977;0.00052
25.06.1977;0.0022
26.06.1977;0.0009
27.06.1977;0.0008
28.06.1977;0.0007
29.06.1977;0.0007
30.06.1977;0.0007
1.07.1977;0.0007
2.07.1977;0.0007
3.07.1977;0.0007
4.07.1977;0.0007
5.07.1977;0.0007
6.07.1977;0.0017
7.07.1977;0.0012
8.07.1977;0.0019
9.07.1977;0.0011
10.07.1977;0.0014
11.07.1977;0.0013
12.07.1977;0.001
13.07.1977;0.0006
14.07.1977;0.0004
15.07.1977;0.0004
16.07.1977;0.0004
17.07.1977;0.0004
18.07.1977;0.0004
19.07.1977;0.0006
20.07.1977;0.0005
21.07.1977;0.0004
22.07.1977;0.0003
23.07.1977;0.0006
24.07.1977;0.0006
25.07.1977;0.0006
26.07.1977;0.0007
27.07.1977;0.0006
28.07.1977;0.0005
29.07.1977;0.0007
30.07.1977;0.0006
31.07.1977;0.0007
1.08.1977;0.0008
2.08.1977;0.0008
3.08.1977;0.0007
4.08.1977;0.0007
5.08.1977;0.0006
6.08.1977;0.0006
7.08.1977;0.0005
8.08.1977;0.0004
9.08.1977;0.0004
10.08.1977;0.0004
11.08.1977;0.0005
12.08.1977;0.0005
13.08.1977;0.0004
14.08.1977;0.0004
15.08.1977;0.0011
16.08.1977;0.0021
17.08.1977;0.0036
18.08.1977;0.0041
19.08.1977;0.0004
20.08.1977;0.0013
21.08.1977;0.00638
22.08.1977;0.0011
23.08.1977;0.0022
24.08.1977;0.002
25.08.1977;0.002
26.08.1977;0.0007
27.08.1977;0.001
28.08.1977;0.0007
29.08.1977;0.0007
30.08.1977;0.0006
31.08.1977;0.0009
1.09.1977;0.0013
2.09.1977;0.0019
3.09.1977;0.0011
4.09.1977;0.0012
5.09.1977;0.0014
6.09.1977;0.0019
7.09.1977;0.002
8.09.1977;0.0012
9.09.1977;0.0011
10.09.1977;0.0011
11.09.1977;0.0008
12.09.1977;0.0018
13.09.1977;0.0011
14.09.1977;0.002
15.09.1977;0.0008
16.09.1977;0.0015
17.09.1977;0.001
18.09.1977;0.0012
19.09.1977;0.0005
20.09.1977;0.0005
21.09.1977;0.0005
22.09.1977;0.0005
23.09.1977;0.0005
24.09.1977;0.0005
25.09.1977;0.0005
26.09.1977;0.0005
27.09.1977;0.0006
28.09.1977;0.0007
29.09.1977;0.0007
30.09.1977;0.0009
1.10.1977;0.001
2.10.1977;0.0006
3.10.1977;0.0006
4.10.1977;0.0006
5.10.1977;0.0005
6.10.1977;0.0005
7.10.1977;0.0005
8.10.1977;0.0005
9.10.1977;0.0006
10.10.1977;0.0007
11.10.1977;0.0007
12.10.1977;0.0007
13.10.1977;0.0007
14.10.1977;0.0006
15.10.1977;0.0006
16.10.1977;0.0006
17.10.1977;0.0006
18.10.1977;0.0006
19.10.1977;0.0006
20.10.1977;0.0006
21.10.1977;0.0006
22.10.1977;0.0005
23.10.1977;0.0005
24.10.1977;0.0005
25.10.1977;0.0005
26.10.1977;0.0005
27.10.1977;0.0005
28.10.1977;0.0006
29.10.1977;0.0006
30.10.1977;0.0005
31.10.1977;0.0004
1.11.1977;0.0004
2.11.1977;0.0004
3.11.1977;0.0004
4.11.1977;0.0004
5.11.1977;0.0004
6.11.1977;0.0004
7.11.1977;0.0003
8.11.1977;0.0003
9.11.1977;0.0003
10.11.1977;0.0003
11.11.1977;0.0003
12.11.1977;0.0003
13.11.1977;0.0003
14.11.1977;0.0003
15.11.1977;0.0003
16.11.1977;0.0003
17.11.1977;0.0003
18.11.1977;0.0003
19.11.1977;0.0002
20.11.1977;0.0002
21.11.1977;0.0002
22.11.1977;0.0002
23.11.1977;0.0002
24.11.1977;0.0003
25.11.1977;0.0003
26.11.1977;0.0003
27.11.1977;0.0004
28.11.1977;0.0005
29.11.1977;0.0005
30.11.1977;0.0005
1.12.1977;0.0005
2.12.1977;0.0005
3.12.1977;0.0004
4.12.1977;0.0004
5.12.1977;0.0003
6.12.1977;0.0003
7.12.1977;0.0003
8.12.1977;0.0003
9.12.1977;0.0003
10.12.1977;0.0003
11.12.1977;0.0002
12.12.1977;0.0002
13.12.1977;0.0002
14.12.1977;0.0002
15.12.1977;0.0002
16.12.1977;0.0002
17.12.1977;0.0003
18.12.1977;0.0003
19.12.1977;0.0003
20.12.1977;0.0003
21.12.1977;0.0003
22.12.1977;0.0003
23.12.1977;0.0003
24.12.1977;0.0003
25.12.1977;0.0003
26.12.1977;0.0003
27.12.1977;0.0003
28.12.1977;0.0003
29.12.1977;0.0003
30.12.1977;0.0003
31.12.1977;0.0003
1.01.1978;0.0003
2.01.1978;0.0003
3.01.1978;0.0003
4.01.1978;0.0003
5.01.1978;0.0003
6.01.1978;0.0003
7.01.1978;0.0003
8.01.1978;0.0002
9.01.1978;0.0002
10.01.1978;0.0002
11.01.1978;0.0002
12.01.1978;0.0002
13.01.1978;0.0002
14.01.1978;0.0002
15.01.1978;0.0002
16.01.1978;0.0002
17.01.1978;0.0002
18.01.1978;0.0002
19.01.1978;0.0002
20.01.1978;0.0003
21.01.1978;0.0003
22.01.1978;0.0003
23.01.1978;0.0003
24.01.1978;0.0003
25.01.1978;0.0003
26.01.1978;0.0003
27.01.1978;0.0004
28.01.1978;0.0004
29.01.1978;0.0004
30.01.1978;0.0004
31.01.1978;0.0004
1.02.1978;0.0004
2.02.1978;0.0004
3.02.1978;0.0004
4.02.1978;0.0004
5.02.1978;0.0004
6.02.1978;0.00035
7.02.1978;0.00035
8.02.1978;0.00035
9.02.1978;0.00035
10.02.1978;0.00035
11.02.1978;0.00035
12.02.1978;0.00035
13.02.1978;0.00035
14.02.1978;0.00035
15.02.1978;0.00035
16.02.1978;0.00035
17.02.1978;0.00035
18.02.1978;0.00035
19.02.1978;0.00035
20.02.1978;0.00035
21.02.1978;0.00035
22.02.1978;0.00035
23.02.1978;0.00035
24.02.1978;0.0004
25.02.1978;0.0004
26.02.1978;0.0004
27.02.1978;0.0004
28.02.1978;0.0004
1.03.1978;0.00045
2.03.1978;0.0166
3.03.1978;0.0296
4.03.1978;0.0278
5.03.1978;0.0217
6.03.1978;0.0213
7.03.1978;0.0188
8.03.1978;0.0134
9.03.1978;0.0127
10.03.1978;0.0124
11.03.1978;0.0131
12.03.1978;0.0132
13.03.1978;0.0113
14.03.1978;0.0105
15.03.1978;0.0087
16.03.1978;0.0084
17.03.1978;0.0093
18.03.1978;0.0091
19.03.1978;0.0048
20.03.1978;0.0078
21.03.1978;0.0038
22.03.1978;0.0043
23.03.1978;0.0044
24.03.1978;0.0042
25.03.1978;0.001
26.03.1978;0.0084
27.03.1978;0.0043
28.03.1978;0.0047
29.03.1978;0.0044
30.03.1978;0.0029
31.03.1978;0.0049
1.04.1978;0.0011
2.04.1978;0.0049
3.04.1978;0.0052
4.04.1978;0.003
5.04.1978;0.0057
6.04.1978;0.0042
7.04.1978;0.004
8.04.1978;0.0038
9.04.1978;0.0062
10.04.1978;0.0009
11.04.1978;0.0042
12.04.1978;0.001
13.04.1978;0.0076
14.04.1978;0.0112
15.04.1978;0.0121
16.04.1978;0.0117
17.04.1978;0.0095
18.04.1978;0.0162
19.04.1978;0.0127
20.04.1978;0.0158
21.04.1978;0.0277
22.04.1978;0.0282
23.04.1978;0.0268
24.04.1978;0.0224
25.04.1978;0.0227
26.04.1978;0.0198
27.04.1978;0.0226
28.04.1978;0.0481
29.04.1978;0.0483
30.04.1978;0.0492
1.05.1978;0.0624
2.05.1978;0.0592
3.05.1978;0.0503
4.05.1978;0.0431
5.05.1978;0.0383
6.05.1978;0.0344
7.05.1978;0.0554
8.05.1978;0.0992
9.05.1978;0.0956
10.05.1978;0.0948
11.05.1978;0.0959
12.05.1978;0.0914
13.05.1978;0.0785
14.05.1978;0.0648
15.05.1978;0.0503
16.05.1978;0.0404
17.05.1978;0.0342
18.05.1978;0.0301
19.05.1978;0.0254
20.05.1978;0.0221
21.05.1978;0.0196
22.05.1978;0.0201
23.05.1978;0.0679
24.05.1978;0.0681
25.05.1978;0.0442
26.05.1978;0.0487
27.05.1978;0.0392
28.05.1978;0.0339
29.05.1978;0.0304
30.05.1978;0.0233
31.05.1978;0.0207
1.06.1978;0.0182
2.06.1978;0.016
3.06.1978;0.0138
4.06.1978;0.0129
5.06.1978;0.0137
6.06.1978;0.0128
7.06.1978;0.0126
8.06.1978;0.0113
9.06.1978;0.0107
10.06.1978;0.0101
11.06.1978;0.0108
12.06.1978;0.0049
13.06.1978;0.0062
14.06.1978;0.0093
15.06.1978;0.0094
16.06.1978;0.0057
17.06.1978;0.0056
18.06.1978;0.0053
19.06.1978;0.0059
20.06.1978;0.0054
21.06.1978;0.0057
22.06.1978;0.0054
23.06.1978;0.0052
24.06.1978;0.0051
25.06.1978;0.0061
26.06.1978;0.0023
27.06.1978;0.0122
28.06.1978;0.0047
29.06.1978;0.002
30.06.1978;0.0123
1.07.1978;0.002
2.07.1978;0.0053
3.07.1978;0.0082
4.07.1978;0.0018
5.07.1978;0.0088
6.07.1978;0.0016
7.07.1978;0.00817
8.07.1978;0.0046
9.07.1978;0.0021
10.07.1978;0.0088
11.07.1978;0.0033
12.07.1978;0.0018
13.07.1978;0.0012
14.07.1978;0.0063
15.07.1978;0.0042
16.07.1978;0.0067
17.07.1978;0.0037
18.07.1978;0.0013
19.07.1978;0.0113
20.07.1978;0.0096
21.07.1978;0.0053
22.07.1978;0.0121
23.07.1978;0.0072
24.07.1978;0.0058
25.07.1978;0.0073
26.07.1978;0.0065
27.07.1978;0.0063
28.07.1978;0.004
29.07.1978;0.0069
30.07.1978;0.0038
31.07.1978;0.0024
1.08.1978;0.0041
2.08.1978;0.0017
3.08.1978;0.0103
4.08.1978;0.0023
5.08.1978;0.0065
6.08.1978;0.0033
7.08.1978;0.0013
8.08.1978;0.0016
9.08.1978;0.0083
10.08.1978;0.0031
11.08.1978;0.0037
12.08.1978;0.0043
13.08.1978;0.0034
14.08.1978;0.003
15.08.1978;0.0028
16.08.1978;0.0023
17.08.1978;0.0025
18.08.1978;0.0023
19.08.1978;0.0006
20.08.1978;0.0025
21.08.1978;0.0007
22.08.1978;0.0022
23.08.1978;0.0022
24.08.1978;0.0021
25.08.1978;0.0012
26.08.1978;0.0018
27.08.1978;0.0018
28.08.1978;0.0012
29.08.1978;0.0019
30.08.1978;0.0021
31.08.1978;0.0023
1.09.1978;0.0013
2.09.1978;0.0013
3.09.1978;0.0012
4.09.1978;0.0015
5.09.1978;0.002
6.09.1978;0.0018
7.09.1978;0.0022
8.09.1978;0.0011
9.09.1978;0.0021
10.09.1978;0.001
11.09.1978;0.0008
12.09.1978;0.0006
13.09.1978;0.001
14.09.1978;0.0007
15.09.1978;0.0006
16.09.1978;0.0006
17.09.1978;0.0006
18.09.1978;0.0007
19.09.1978;0.0009
20.09.1978;0.0009
21.09.1978;0.0008
22.09.1978;0.0007
23.09.1978;0.0007
24.09.1978;0.0005
25.09.1978;0.0006
26.09.1978;0.0006
27.09.1978;0.0006
28.09.1978;0.0006
29.09.1978;0.0006
30.09.1978;0.0005
1.10.1978;0.0005
2.10.1978;0.0005
3.10.1978;0.0005
4.10.1978;0.0005
5.10.1978;0.0005
6.10.1978;0.0006
7.10.1978;0.0006
8.10.1978;0.0006
9.10.1978;0.0006
10.10.1978;0.0006
11.10.1978;0.0006
12.10.1978;0.0006
13.10.1978;0.0006
14.10.1978;0.0006
15.10.1978;0.0006
16.10.1978;0.0006
17.10.1978;0.0006
18.10.1978;0.0006
19.10.1978;0.0006
20.10.1978;0.0006
21.10.1978;0.0006
22.10.1978;0.0006
23.10.1978;0.0006
24.10.1978;0.0006
25.10.1978;0.0005
26.10.1978;0.0005
27.10.1978;0.0004
28.10.1978;0.0004
29.10.1978;0.0003
30.10.1978;0.0003
31.10.1978;0.0003
1.11.1978;0.0003
2.11.1978;0.0003
3.11.1978;0.0003
4.11.1978;0.0003
5.11.1978;0.0003
6.11.1978;0.0003
7.11.1978;0.0003
8.11.1978;0.0003
9.11.1978;0.0003
10.11.1978;0.0003
11.11.1978;0.0003
12.11.1978;0.0003
13.11.1978;0.0003
14.11.1978;0.0003
15.11.1978;0.0003
16.11.1978;0.0003
17.11.1978;0.0003
18.11.1978;0.0003
19.11.1978;0.0003
20.11.1978;0.0003
21.11.1978;0.0003
22.11.1978;0.0003
23.11.1978;0.0003
24.11.1978;0.00025
25.11.1978;0.00025
26.11.1978;0.00025
27.11.1978;0.00025
28.11.1978;0.00025
29.11.1978;0.00025
30.11.1978;0.00025
1.12.1978;0.00025
2.12.1978;0.00025
3.12.1978;0.00025
4.12.1978;0.00025
5.12.1978;0.00025
6.12.1978;0.00025
7.12.1978;0.00025
8.12.1978;0.00025
9.12.1978;0.00025
10.12.1978;0.00025
11.12.1978;0.00025
12.12.1978;0.00025
13.12.1978;0.00025
14.12.1978;0.00025
15.12.1978;0.00025
16.12.1978;0.00025
17.12.1978;0.00025
18.12.1978;0.00025
19.12.1978;0.00025
20.12.1978;0.00025
21.12.1978;0.00025
22.12.1978;0.00025
23.12.1978;0.00025
24.12.1978;0.00025
25.12.1978;0.00025
26.12.1978;0.00025
27.12.1978;0.00025
28.12.1978;0.00025
29.12.1978;0.00025
30.12.1978;0.00025
31.12.1978;0.00025
1.01.1979;0.00025
2.01.1979;0.00025
3.01.1979;0.00025
4.01.1979;0.00025
5.01.1979;0.00025
6.01.1979;0.00025
7.01.1979;0.00025
8.01.1979;0.00025
9.01.1979;0.00025
10.01.1979;0.00025
11.01.1979;0.00025
12.01.1979;0.0002
13.01.1979;0.0002
14.01.1979;0.0002
15.01.1979;0.0002
16.01.1979;0.0002
17.01.1979;0.0002
18.01.1979;0.0002
19.01.1979;0.00015
20.01.1979;0.00015
21.01.1979;0.00015
22.01.1979;0.00015
23.01.1979;0.00015
24.01.1979;0.00015
25.01.1979;0.0002
26.01.1979;0.0003
27.01.1979;0.00035
28.01.1979;0.00035
29.01.1979;0.0004
30.01.1979;0.03588
31.01.1979;0.02285
1.02.1979;0.01348
2.02.1979;0.0148
3.02.1979;0.01093
4.02.1979;0.0091
5.02.1979;0.00943
6.02.1979;0.01097
7.02.1979;0.00705
8.02.1979;0.01145
9.02.1979;0.00675
10.02.1979;0.0058
11.02.1979;0.00687
12.02.1979;0.00482
13.02.1979;0.0093
14.02.1979;0.0057
15.02.1979;0.0113
16.02.1979;0.01645
17.02.1979;0.03175
18.02.1979;0.0363
19.02.1979;0.0355
20.02.1979;0.03108
21.02.1979;0.0275
22.02.1979;0.02555
23.02.1979;0.02233
24.02.1979;0.01972
25.02.1979;0.0193
26.02.1979;0.02005
27.02.1979;0.01703
28.02.1979;0.02025
1.03.1979;0.01688
2.03.1979;0.0157
3.03.1979;0.0112
4.03.1979;0.01683
5.03.1979;0.01147
6.03.1979;0.00968
7.03.1979;0.01125
8.03.1979;0.01353
9.03.1979;0.0131
10.03.1979;0.0149
11.03.1979;0.01525
12.03.1979;0.01445
13.03.1979;0.01403
14.03.1979;0.01393
15.03.1979;0.01455
16.03.1979;0.0123
17.03.1979;0.01292
18.03.1979;0.0118
19.03.1979;0.01805
20.03.1979;0.01117
21.03.1979;0.0095
22.03.1979;0.00712
23.03.1979;0.01108
24.03.1979;0.005
25.03.1979;0.01042
26.03.1979;0.00733
27.03.1979;0.01165
28.03.1979;0.01013
29.03.1979;0.03817
30.03.1979;0.06517
31.03.1979;0.05695
1.04.1979;0.0493
2.04.1979;0.04528
3.04.1979;0.03875
4.04.1979;0.03363
5.04.1979;0.02968
6.04.1979;0.02792
7.04.1979;0.02772
8.04.1979;0.02903
9.04.1979;0.02188
10.04.1979;0.026
11.04.1979;0.025
12.04.1979;0.022
13.04.1979;0.02
14.04.1979;0.017
15.04.1979;0.0157
16.04.1979;0.01582
17.04.1979;0.0115
18.04.1979;0.00973
19.04.1979;0.01078
20.04.1979;0.01075
21.04.1979;0.00972
22.04.1979;0.01108
23.04.1979;0.0098
24.04.1979;0.00927
25.04.1979;0.00755
26.04.1979;0.0106
27.04.1979;0.02203
28.04.1979;0.06578
29.04.1979;0.09108
30.04.1979;0.08028
1.05.1979;0.0615
2.05.1979;0.0525
3.05.1979;0.04617
4.05.1979;0.03667
5.05.1979;0.03317
6.05.1979;0.0305
7.05.1979;0.02767
8.05.1979;0.02397
9.05.1979;0.02117
10.05.1979;0.01783
11.05.1979;0.01713
12.05.1979;0.01672
13.05.1979;0.01445
14.05.1979;0.01225
15.05.1979;0.01252
16.05.1979;0.01172
17.05.1979;0.01055
18.05.1979;0.00992
19.05.1979;0.00908
20.05.1979;0.00823
21.05.1979;0.0087
22.05.1979;0.00747
23.05.1979;0.00828
24.05.1979;0.0069
25.05.1979;0.0068
26.05.1979;0.00513
27.05.1979;0.00683
28.05.1979;0.0045
29.05.1979;0.004
30.05.1979;0.0045
31.05.1979;0.0045
1.06.1979;0.0045
2.06.1979;0.0045
3.06.1979;0.004
4.06.1979;0.0035
5.06.1979;0.00488
6.06.1979;0.00393
7.06.1979;0.00355
8.06.1979;0.00365
9.06.1979;0.00375
10.06.1979;0.0032
11.06.1979;0.00328
12.06.1979;0.00235
13.06.1979;0.00325
14.06.1979;0.00262
15.06.1979;0.00225
16.06.1979;0.00258
17.06.1979;0.00213
18.06.1979;0.00225
19.06.1979;0.00188
20.06.1979;0.00347
21.06.1979;0.00235
22.06.1979;0.00305
23.06.1979;0.00263
24.06.1979;0.00272
25.06.1979;0.0023
26.06.1979;0.00203
27.06.1979;0.0019
28.06.1979;0.00167
29.06.1979;0.00175
30.06.1979;0.00165
1.07.1979;0.00145
2.07.1979;0.00133
3.07.1979;0.00158
4.07.1979;0.0015
5.07.1979;0.0018
6.07.1979;0.00175
7.07.1979;0.00142
8.07.1979;0.00165
9.07.1979;0.00183
10.07.1979;0.00202
11.07.1979;0.00153
12.07.1979;0.00127
13.07.1979;0.00165
14.07.1979;0.00153
15.07.1979;0.0008
16.07.1979;0.00165
17.07.1979;0.00138
18.07.1979;0.00147
19.07.1979;0.00113
20.07.1979;0.00135
21.07.1979;0.00127
22.07.1979;0.00108
23.07.1979;0.00138
24.07.1979;0.00142
25.07.1979;0.0012
26.07.1979;0.0008
27.07.1979;0.00115
28.07.1979;0.0005
29.07.1979;0.00085
30.07.1979;0.00075
31.07.1979;0.0003
1.08.1979;0.0006
2.08.1979;0.00057
3.08.1979;0.0004
4.08.1979;0.0004
5.08.1979;0.00067
6.08.1979;0.0005
7.08.1979;0.0004
8.08.1979;0.0004
9.08.1979;0.0004
10.08.1979;0.00045
11.08.1979;0.0005
12.08.1979;0.0005
13.08.1979;0.0005
14.08.1979;0.0005
15.08.1979;0.0005
16.08.1979;0.0005
17.08.1979;0.0006
18.08.1979;0.0006
19.08.1979;0.0006
20.08.1979;0.0005
21.08.1979;0.00045
22.08.1979;0.0004
23.08.1979;0.0004
24.08.1979;0.00045
25.08.1979;0.0005
26.08.1979;0.0005
27.08.1979;0.0005
28.08.1979;0.0005
29.08.1979;0.0005
30.08.1979;0.0005
31.08.1979;0.0004
1.09.1979;0.0004
2.09.1979;0.0004
3.09.1979;0.0004
4.09.1979;0.0004
5.09.1979;0.0004
6.09.1979;0.00045
7.09.1979;0.00045
8.09.1979;0.0005
9.09.1979;0.0005
10.09.1979;0.0005
11.09.1979;0.0004
12.09.1979;0.0004
13.09.1979;0.0004
14.09.1979;0.0004
15.09.1979;0.0004
16.09.1979;0.0004
17.09.1979;0.0004
18.09.1979;0.0005
19.09.1979;0.0005
20.09.1979;0.0005
21.09.1979;0.0004
22.09.1979;0.0004
23.09.1979;0.0005
24.09.1979;0.0004
25.09.1979;0.0003
26.09.1979;0.0003
27.09.1979;0.0003
28.09.1979;0.0004
29.09.1979;0.0004
30.09.1979;0.0004
1.10.1979;0.0006
2.10.1979;0.0007
3.10.1979;0.0007
4.10.1979;0.0006
5.10.1979;0.0005
6.10.1979;0.0005
7.10.1979;0.0006
8.10.1979;0.0006
9.10.1979;0.0007
10.10.1979;0.0006
11.10.1979;0.0005
12.10.1979;0.0004
13.10.1979;0.0005
14.10.1979;0.0007
15.10.1979;0.0006
16.10.1979;0.0004
17.10.1979;0.0005
18.10.1979;0.0003
19.10.1979;0.0005
20.10.1979;0.0008
21.10.1979;0.0009
22.10.1979;0.0008
23.10.1979;0.0006
24.10.1979;0.0004
25.10.1979;0.0003
26.10.1979;0.0002
27.10.1979;0.0001
28.10.1979;0.0001
29.10.1979;0.0002
30.10.1979;0.0002
31.10.1979;0.0002
1.11.1979;0.0003
2.11.1979;0.0003
3.11.1979;0.0004
4.11.1979;0.0004
5.11.1979;0.0004
6.11.1979;0.0005
7.11.1979;0.0005
8.11.1979;0.0005
9.11.1979;0.0004
10.11.1979;0.0003
11.11.1979;0.0003
12.11.1979;0.0003
13.11.1979;0.0002
14.11.1979;0.0002
15.11.1979;0.0002
16.11.1979;0.0003
17.11.1979;0.0004
18.11.1979;0.0004
19.11.1979;0.0006
20.11.1979;0.0005
21.11.1979;0.0004
22.11.1979;0.0006
23.11.1979;0.0007
24.11.1979;0.0008
25.11.1979;0.0008
26.11.1979;0.001
27.11.1979;0.0009
28.11.1979;0.0008
29.11.1979;0.0007
30.11.1979;0.00813
1.12.1979;0.0007
2.12.1979;0.0018
3.12.1979;0.0005
4.12.1979;0.0005
5.12.1979;0.0005
6.12.1979;0.0005
7.12.1979;0.0006
8.12.1979;0.0007
9.12.1979;0.0008
10.12.1979;0.0008
11.12.1979;0.0007
12.12.1979;0.0007
13.12.1979;0.0008
14.12.1979;0.0008
15.12.1979;0.0009
16.12.1979;0.0009
17.12.1979;0.001
18.12.1979;0.0009
19.12.1979;0.0009
20.12.1979;0.0009
21.12.1979;0.0009
22.12.1979;0.001
23.12.1979;0.001
24.12.1979;0.0013
25.12.1979;0.0011
26.12.1979;0.0068
27.12.1979;0.0058
28.12.1979;0.0009
29.12.1979;0.0115
30.12.1979;0.0011
31.12.1979;0.0012
1.01.1980;0.0093
2.01.1980;0.00442
3.01.1980;0.005
4.01.1980;0.00367
5.01.1980;0.00367
6.01.1980;0.02692
7.01.1980;0.00375
8.01.1980;0.0038
9.01.1980;0.00333
10.01.1980;0.00333
11.01.1980;0.00333
12.01.1980;0.003
13.01.1980;0.00283
14.01.1980;0.00283
15.01.1980;0.01592
16.01.1980;0.0025
17.01.1980;0.0025
18.01.1980;0.0025
19.01.1980;0.00292
20.01.1980;0.003
21.01.1980;0.003
22.01.1980;0.00333
23.01.1980;0.00333
24.01.1980;0.00375
25.01.1980;0.00333
26.01.1980;0.00355
27.01.1980;0.00333
28.01.1980;0.00333
29.01.1980;0.00292
30.01.1980;0.00167
31.01.1980;0.00125
1.02.1980;0.001
2.02.1980;0.001
3.02.1980;0.00278
4.02.1980;0.001
5.02.1980;0.001
6.02.1980;0.0015
7.02.1980;0.0015
8.02.1980;0.0015
9.02.1980;0.00245
10.02.1980;0.00167
11.02.1980;0.00917
12.02.1980;0.00067
13.02.1980;0.00067
14.02.1980;0.00083
15.02.1980;0.0032
16.02.1980;0.00117
17.02.1980;0.00433
18.02.1980;0.00133
19.02.1980;0.02397
20.02.1980;0.007
21.02.1980;0.00542
22.02.1980;0.00333
23.02.1980;0.02
24.02.1980;0.00362
25.02.1980;0.00167
26.02.1980;0.0225
27.02.1980;0.00083
28.02.1980;0.00438
29.02.1980;0.00258
1.03.1980;0.02008
2.03.1980;0.00397
3.03.1980;0.00383
4.03.1980;0.005
5.03.1980;0.00558
6.03.1980;0.00175
7.03.1980;0.0015
8.03.1980;0.00583
9.03.1980;0.00605
10.03.1980;0.00458
11.03.1980;0.00167
12.03.1980;0.00708
13.03.1980;0.00875
14.03.1980;0.00708
15.03.1980;0.01
16.03.1980;0.00758
17.03.1980;0.0275
18.03.1980;0.00855
19.03.1980;0.01373
20.03.1980;0.03167
21.03.1980;0.00987
22.03.1980;0.01397
23.03.1980;0.01522
24.03.1980;0.01583
25.03.1980;0.03833
26.03.1980;0.04292
27.03.1980;0.04417
28.03.1980;0.04958
29.03.1980;0.05417
30.03.1980;0.05083
31.03.1980;0.04333
1.04.1980;0.03583
2.04.1980;0.03417
3.04.1980;0.03208
4.04.1980;0.02708
5.04.1980;0.02333
6.04.1980;0.01605
7.04.1980;0.01542
8.04.1980;0.02125
9.04.1980;0.02167
10.04.1980;0.02125
11.04.1980;0.02125
12.04.1980;0.02
13.04.1980;0.01875
14.04.1980;0.01917
15.04.1980;0.01438
16.04.1980;0.01158
17.04.1980;0.01083
18.04.1980;0.02167
19.04.1980;0.01125
20.04.1980;0.01833
21.04.1980;0.00958
22.04.1980;0.0125
23.04.1980;0.01125
24.04.1980;0.00917
25.04.1980;0.00647
26.04.1980;0.00617
27.04.1980;0.00667
28.04.1980;0.00897
29.04.1980;0.00875
30.04.1980;0.01183
1.05.1980;0.01167
2.05.1980;0.01347
3.05.1980;0.01567
4.05.1980;0.01717
5.05.1980;0.01867
6.05.1980;0.01833
7.05.1980;0.0175
8.05.1980;0.01883
9.05.1980;0.0165
10.05.1980;0.01617
11.05.1980;0.01867
12.05.1980;0.01347
13.05.1980;0.01317
14.05.1980;0.01022
15.05.1980;0.01642
16.05.1980;0.01313
17.05.1980;0.01292
18.05.1980;0.00833
19.05.1980;0.01458
20.05.1980;0.01042
21.05.1980;0.01083
22.05.1980;0.00653
23.05.1980;0.00563
24.05.1980;0.01063
25.05.1980;0.00833
26.05.1980;0.00833
27.05.1980;0.00542
28.05.1980;0.00958
29.05.1980;0.00917
30.05.1980;0.01833
31.05.1980;0.00522
1.06.1980;0.00625
2.06.1980;0.00575
3.06.1980;0.00525
4.06.1980;0.005
5.06.1980;0.00397
6.06.1980;0.00347
7.06.1980;0.00438
8.06.1980;0.00125
9.06.1980;0.00333
10.06.1980;0.00792
11.06.1980;0.00505
12.06.1980;0.00373
13.06.1980;0.004
14.06.1980;0.0032
15.06.1980;0.00362
16.06.1980;0.00417
17.06.1980;0.00367
18.06.1980;0.00133
19.06.1980;0.00213
20.06.1980;0.00123
21.06.1980;0.0015
22.06.1980;0.00367
23.06.1980;0.00183
24.06.1980;0.00162
25.06.1980;0.00513
26.06.1980;0.00272
27.06.1980;0.0018
28.06.1980;0.00267
29.06.1980;0.00238
30.06.1980;0.0025
1.07.1980;0.00383
2.07.1980;0.00617
3.07.1980;0.00605
4.07.1980;0.00517
5.07.1980;0.0055
6.07.1980;0.00483
7.07.1980;0.00513
8.07.1980;0.00487
9.07.1980;0.00487
10.07.1980;0.00428
11.07.1980;0.00377
12.07.1980;0.00385
13.07.1980;0.00445
14.07.1980;0.00388
15.07.1980;0.00362
16.07.1980;0.00357
17.07.1980;0.00258
18.07.1980;0.00292
19.07.1980;0.00267
20.07.1980;0.00313
21.07.1980;0.00307
22.07.1980;0.00258
23.07.1980;0.00177
24.07.1980;0.00327
25.07.1980;0.00233
26.07.1980;0.0029
27.07.1980;0.00223
28.07.1980;0.00207
29.07.1980;0.00178
30.07.1980;0.00232
31.07.1980;0.00168
1.08.1980;0.00165
2.08.1980;0.00227
3.08.1980;0.00187
4.08.1980;0.00172
5.08.1980;0.00188
6.08.1980;0.00147
7.08.1980;0.0014
8.08.1980;0.0013
9.08.1980;0.00207
10.08.1980;0.00147
11.08.1980;0.00143
12.08.1980;0.00162
13.08.1980;0.00183
14.08.1980;0.00187
15.08.1980;0.00153
16.08.1980;0.00188
17.08.1980;0.00165
18.08.1980;0.00197
19.08.1980;0.00173
20.08.1980;0.00203
21.08.1980;0.00198
22.08.1980;0.00218
23.08.1980;0.00227
24.08.1980;0.00188
25.08.1980;0.00215
26.08.1980;0.0027
27.08.1980;0.00245
28.08.1980;0.0021
29.08.1980;0.00197
30.08.1980;0.00165
31.08.1980;0.002
1.09.1980;0.00235
2.09.1980;0.00245
3.09.1980;0.00175
4.09.1980;0.00265
5.09.1980;0.00167
6.09.1980;0.00275
7.09.1980;0.003
8.09.1980;0.00212
9.09.1980;0.0021
10.09.1980;0.002
11.09.1980;0.00323
12.09.1980;0.00328
13.09.1980;0.00393
14.09.1980;0.00287
15.09.1980;0.00377
16.09.1980;0.00418
17.09.1980;0.00328
18.09.1980;0.00352
19.09.1980;0.0026
20.09.1980;0.00225
21.09.1980;0.00237
22.09.1980;0.00322
23.09.1980;0.0031
24.09.1980;0.00293
25.09.1980;0.00217
26.09.1980;0.00245
27.09.1980;0.00217
28.09.1980;0.00258
29.09.1980;0.00258
30.09.1980;0.00222
1.10.1980;0.00195
2.10.1980;0.00188
3.10.1980;0.00188
4.10.1980;0.00142
5.10.1980;0.00188
6.10.1980;0.00137
7.10.1980;0.0012
8.10.1980;0.00202
9.10.1980;0.00118
10.10.1980;0.0013
11.10.1980;0.00137
12.10.1980;0.00267
13.10.1980;0.00348
14.10.1980;0.01055
15.10.1980;0.00925
16.10.1980;0.00888
17.10.1980;0.00742
18.10.1980;0.00647
19.10.1980;0.01278
20.10.1980;0.03302
21.10.1980;0.02927
22.10.1980;0.0242
23.10.1980;0.02063
24.10.1980;0.01748
25.10.1980;0.015
26.10.1980;0.0138
27.10.1980;0.0107
28.10.1980;0.01197
29.10.1980;0.0066
30.10.1980;0.01272
31.10.1980;0.00433
1.11.1980;0.01205
2.11.1980;0.0071
3.11.1980;0.01665
4.11.1980;0.00508
5.11.1980;0.0076
6.11.1980;0.0073
7.11.1980;0.06125
8.11.1980;0.05375
9.11.1980;0.04605
10.11.1980;0.03958
11.11.1980;0.03458
12.11.1980;0.03083
13.11.1980;0.02667
14.11.1980;0.02292
15.11.1980;0.02083
16.11.1980;0.01917
17.11.1980;0.01875
18.11.1980;0.02313
19.11.1980;0.015
20.11.1980;0.00917
21.11.1980;0.01208
22.11.1980;0.01042
23.11.1980;0.01167
24.11.1980;0.01167
25.11.1980;0.01083
26.11.1980;0.0125
27.11.1980;0.02397
28.11.1980;0.01455
29.11.1980;0.02388
30.11.1980;0.02475
1.12.1980;0.02
2.12.1980;0.01917
3.12.1980;0.0175
4.12.1980;0.01667
5.12.1980;0.015
6.12.1980;0.01333
7.12.1980;0.01383
8.12.1980;0.01547
9.12.1980;0.013
10.12.1980;0.01267
11.12.1980;0.01183
12.12.1980;0.01033
13.12.1980;0.01367
14.12.1980;0.01
15.12.1980;0.011
16.12.1980;0.01017
17.12.1980;0.00967
18.12.1980;0.00983
19.12.1980;0.0085
20.12.1980;0.008
21.12.1980;0.0075
22.12.1980;0.0085
23.12.1980;0.01467
24.12.1980;0.0105
25.12.1980;0.009
26.12.1980;0.00983
27.12.1980;0.01017
28.12.1980;0.00917
29.12.1980;0.0104
30.12.1980;0.0055
31.12.1980;0.01457
1.01.1981;0.01
2.01.1981;0.01125
3.01.1981;0.0115
4.01.1981;0.01167
5.01.1981;0.01217
6.01.1981;0.011
7.01.1981;0.00983
8.01.1981;0.00883
9.01.1981;0.00917
10.01.1981;0.00883
11.01.1981;0.00967
12.01.1981;0.00757
13.01.1981;0.00925
14.01.1981;0.00717
15.01.1981;0.00838
16.01.1981;0.00767
17.01.1981;0.00683
18.01.1981;0.00717
19.01.1981;0.00707
20.01.1981;0.007
21.01.1981;0.0065
22.01.1981;0.00645
23.01.1981;0.00617
24.01.1981;0.00645
25.01.1981;0.00633
26.01.1981;0.00583
27.01.1981;0.005
28.01.1981;0.0053
29.01.1981;0.00433
30.01.1981;0.00383
31.01.1981;0.00517
1.02.1981;0.00467
2.02.1981;0.00283
3.02.1981;0.00533
4.02.1981;0.00433
5.02.1981;0.00483
6.02.1981;0.005
7.02.1981;0.004
8.02.1981;0.00367
9.02.1981;0.00483
10.02.1981;0.00317
11.02.1981;0.0035
12.02.1981;0.00333
13.02.1981;0.0025
14.02.1981;0.00283
15.02.1981;0.00217
16.02.1981;0.00283
17.02.1981;0.00267
18.02.1981;0.00233
19.02.1981;0.00233
20.02.1981;0.003
21.02.1981;0.00167
22.02.1981;0.00233
23.02.1981;0.00233
24.02.1981;0.00217
25.02.1981;0.002
26.02.1981;0.002
27.02.1981;0.0015
28.02.1981;0.002
1.03.1981;0.00217
2.03.1981;0.00242
3.03.1981;0.00267
4.03.1981;0.00267
5.03.1981;0.00217
6.03.1981;0.00183
7.03.1981;0.00217
8.03.1981;0.00217
9.03.1981;0.004
10.03.1981;0.01267
11.03.1981;0.01733
12.03.1981;0.02033
13.03.1981;0.02183
14.03.1981;0.01967
15.03.1981;0.032
16.03.1981;0.0205
17.03.1981;0.02017
18.03.1981;0.028
19.03.1981;0.0265
20.03.1981;0.0245
21.03.1981;0.02017
22.03.1981;0.0195
23.03.1981;0.01817
24.03.1981;0.01733
25.03.1981;0.017
26.03.1981;0.01517
27.03.1981;0.01617
28.03.1981;0.01233
29.03.1981;0.01467
30.03.1981;0.01183
31.03.1981;0.0115
1.04.1981;0.00817
2.04.1981;0.00767
3.04.1981;0.0075
4.04.1981;0.00683
5.04.1981;0.00783
6.04.1981;0.00633
7.04.1981;0.0065
8.04.1981;0.00317
9.04.1981;0.00717
10.04.1981;0.00567
11.04.1981;0.006
12.04.1981;0.00633
13.04.1981;0.00683
14.04.1981;0.00717
15.04.1981;0.00817
16.04.1981;0.008
17.04.1981;0.00833
18.04.1981;0.0085
19.04.1981;0.00683
20.04.1981;0.00733
21.04.1981;0.0065
22.04.1981;0.003
23.04.1981;0.00733
24.04.1981;0.00583
25.04.1981;0.00483
26.04.1981;0.00517
27.04.1981;0.00867
28.04.1981;0.00167
29.04.1981;0.00767
30.04.1981;0.00633
1.05.1981;0.00517
2.05.1981;0.0045
3.05.1981;0.00383
4.05.1981;0.003
5.05.1981;0.008
6.05.1981;0.003
7.05.1981;0.003
8.05.1981;0.003
9.05.1981;0.003
10.05.1981;0.003
11.05.1981;0.003
12.05.1981;0.00383
13.05.1981;0.00317
14.05.1981;0.00283
15.05.1981;0.0035
16.05.1981;0.0035
17.05.1981;0.00317
18.05.1981;0.0015
19.05.1981;0.00133
20.05.1981;0.00167
21.05.1981;0.00117
22.05.1981;0.00133
23.05.1981;0.001
24.05.1981;0.003
25.05.1981;0.00133
26.05.1981;0.00067
27.05.1981;0.00233
28.05.1981;0.00133
29.05.1981;0.00117
30.05.1981;0.001
31.05.1981;0.002
1.06.1981;0.00267
2.06.1981;0.00217
3.06.1981;0.00233
4.06.1981;0.00283
5.06.1981;0.00533
6.06.1981;0.00567
7.06.1981;0.0405
8.06.1981;0.0325
9.06.1981;0.02517
10.06.1981;0.03967
11.06.1981;0.04633
12.06.1981;0.03833
13.06.1981;0.04783
14.06.1981;0.04317
15.06.1981;0.0245
16.06.1981;0.0205
17.06.1981;0.018
18.06.1981;0.01517
19.06.1981;0.01367
20.06.1981;0.0155
21.06.1981;0.01717
22.06.1981;0.01433
23.06.1981;0.01483
24.06.1981;0.01283
25.06.1981;0.01133
26.06.1981;0.0105
27.06.1981;0.01017
28.06.1981;0.00983
29.06.1981;0.01183
30.06.1981;0.0105
1.07.1981;0.0105
2.07.1981;0.01133
3.07.1981;0.00817
4.07.1981;0.0065
5.07.1981;0.01067
6.07.1981;0.01033
7.07.1981;0.00985
8.07.1981;0.00937
9.07.1981;0.00888
10.07.1981;0.00838
11.07.1981;0.0079
12.07.1981;0.00742
13.07.1981;0.00693
14.07.1981;0.00645
15.07.1981;0.00597
16.07.1981;0.00547
17.07.1981;0.00498
18.07.1981;0.0045
19.07.1981;0.00402
20.07.1981;0.0035
21.07.1981;0.00283
22.07.1981;0.00317
23.07.1981;0.00233
24.07.1981;0.0025
25.07.1981;0.003
26.07.1981;0.0035
27.07.1981;0.003
28.07.1981;0.00217
29.07.1981;0.00333
30.07.1981;0.00233
31.07.1981;0.00217
1.08.1981;0.00183
2.08.1981;0.002
3.08.1981;0.00167
4.08.1981;0.0015
5.08.1981;0.00183
6.08.1981;0.00133
7.08.1981;0.00167
8.08.1981;0.0015
9.08.1981;0.00183
10.08.1981;0.002
11.08.1981;0.00217
12.08.1981;0.00133
13.08.1981;0.00267
14.08.1981;0.00167
15.08.1981;0.002
16.08.1981;0.002
17.08.1981;0.00183
18.08.1981;0.0015
19.08.1981;0.002
20.08.1981;0.00133
21.08.1981;0.00117
22.08.1981;0.0015
23.08.1981;0.001
24.08.1981;0.00133
25.08.1981;0.00183
26.08.1981;0.00083
27.08.1981;0.00117
28.08.1981;0.00067
29.08.1981;0.00217
30.08.1981;0.001
31.08.1981;0.00117
1.09.1981;0.00133
2.09.1981;0.001
3.09.1981;0.00117
4.09.1981;0.00083
5.09.1981;0.00083
6.09.1981;0.00067
7.09.1981;0.00087
8.09.1981;0.001
9.09.1981;0.00083
10.09.1981;0.00075
11.09.1981;0.00067
12.09.1981;0.00058
13.09.1981;0.00058
14.09.1981;0.0005
15.09.1981;0.0005
16.09.1981;0.00042
17.09.1981;0.0005
18.09.1981;0.0005
19.09.1981;0.00058
20.09.1981;0.00058
21.09.1981;0.00067
22.09.1981;0.00067
23.09.1981;0.00067
24.09.1981;0.00067
25.09.1981;0.00067
26.09.1981;0.00067
27.09.1981;0.00075
28.09.1981;0.00075
29.09.1981;0.00075
30.09.1981;0.00075
1.10.1981;0.00067
2.10.1981;0.00067
3.10.1981;0.00058
4.10.1981;0.00058
5.10.1981;0.0005
6.10.1981;0.00033
7.10.1981;0.00017
8.10.1981;0.00017
9.10.1981;0.00017
10.10.1981;0.00017
11.10.1981;0.00025
12.10.1981;0.00033
13.10.1981;0.00033
14.10.1981;0.00025
15.10.1981;0.00025
16.10.1981;0.00042
17.10.1981;0.00058
18.10.1981;0.00075
19.10.1981;0.00083
20.10.1981;0.00083
21.10.1981;0.00083
22.10.1981;0.00092
23.10.1981;0.00092
24.10.1981;0.00092
25.10.1981;0.00092
26.10.1981;0.001
27.10.1981;0.001
28.10.1981;0.001
29.10.1981;0.001
30.10.1981;0.001
31.10.1981;0.001
1.11.1981;0.00108
2.11.1981;0.00108
3.11.1981;0.001
4.11.1981;0.001
5.11.1981;0.00092
6.11.1981;0.00092
7.11.1981;0.00083
8.11.1981;0.00083
9.11.1981;0.00083
10.11.1981;0.00083
11.11.1981;0.00067
12.11.1981;0.0005
13.11.1981;0.00067
14.11.1981;0.00067
15.11.1981;0.00067
16.11.1981;0.00067
17.11.1981;0.00067
18.11.1981;0.00067
19.11.1981;0.00067
20.11.1981;0.00067
21.11.1981;0.00075
22.11.1981;0.00075
23.11.1981;0.00075
24.11.1981;0.00075
25.11.1981;0.00067
26.11.1981;0.00067
27.11.1981;0.00067
28.11.1981;0.00067
29.11.1981;0.00067
30.11.1981;0.00067
1.12.1981;0.0005
2.12.1981;0.0005
3.12.1981;0.0005
4.12.1981;0.0005
5.12.1981;0.0005
6.12.1981;0.0005
7.12.1981;0.0005
8.12.1981;0.0005
9.12.1981;0.0005
10.12.1981;0.0005
11.12.1981;0.0005
12.12.1981;0.00067
13.12.1981;0.00067
14.12.1981;0.00067
15.12.1981;0.00067
16.12.1981;0.0005
17.12.1981;0.0005
18.12.1981;0.0005
19.12.1981;0.0005
20.12.1981;0.0005
21.12.1981;0.0005
22.12.1981;0.0005
23.12.1981;0.0005
24.12.1981;0.0005
25.12.1981;0.0005
26.12.1981;0.0005
27.12.1981;0.0005
28.12.1981;0.0005
29.12.1981;0.00058
30.12.1981;0.00067
31.12.1981;0.00067
1.01.1982;0.0005
2.01.1982;0.00092
3.01.1982;0.00133
4.01.1982;0.00133
5.01.1982;0.01142
6.01.1982;0.00433
7.01.1982;0.00167
8.01.1982;0.01845
9.01.1982;0.00133
10.01.1982;0.01172
11.01.1982;0.00635
12.01.1982;0.00403
13.01.1982;0.00417
14.01.1982;0.0006
15.01.1982;0.00413
16.01.1982;0.0005
17.01.1982;0.00352
18.01.1982;0.00042
19.01.1982;0.00575
20.01.1982;0.00257
21.01.1982;0.00047
22.01.1982;0.0038
23.01.1982;0.0005
24.01.1982;0.0032
25.01.1982;0.00058
26.01.1982;0.00058
27.01.1982;0.00067
28.01.1982;0.00405
29.01.1982;0.00415
30.01.1982;0.00067
31.01.1982;0.001
1.02.1982;0.00083
2.02.1982;0.00115
3.02.1982;0.00088
4.02.1982;0.00033
5.02.1982;0.00372
6.02.1982;0.00033
7.02.1982;0.00033
8.02.1982;0.00112
9.02.1982;0.00177
10.02.1982;0.00067
11.02.1982;0.00067
12.02.1982;0.00058
13.02.1982;0.00058
14.02.1982;0.00058
15.02.1982;0.00058
16.02.1982;0.00058
17.02.1982;0.00058
18.02.1982;0.0023
19.02.1982;0.00042
20.02.1982;0.00042
21.02.1982;0.0005
22.02.1982;0.0005
23.02.1982;0.0005
24.02.1982;0.0005
25.02.1982;0.00093
26.02.1982;0.00058
27.02.1982;0.00083
28.02.1982;0.001
1.03.1982;0.00108
2.03.1982;0.00125
3.03.1982;0.00133
4.03.1982;0.00133
5.03.1982;0.00133
6.03.1982;0.00157
7.03.1982;0.0015
8.03.1982;0.002
9.03.1982;0.00183
10.03.1982;0.0076
11.03.1982;0.00175
12.03.1982;0.00953
13.03.1982;0.00692
14.03.1982;0.01123
15.03.1982;0.00768
16.03.1982;0.01993
17.03.1982;0.01962
18.03.1982;0.01388
19.03.1982;0.02278
20.03.1982;0.01603
21.03.1982;0.02452
22.03.1982;0.01563
23.03.1982;0.0225
24.03.1982;0.0166
25.03.1982;0.01833
26.03.1982;0.01888
27.03.1982;0.02173
28.03.1982;0.02397
29.03.1982;0.02083
30.03.1982;0.0191
31.03.1982;0.0193
1.04.1982;0.01298
2.04.1982;0.01798
3.04.1982;0.01263
4.04.1982;0.01195
5.04.1982;0.01278
6.04.1982;0.01147
7.04.1982;0.00855
8.04.1982;0.00833
9.04.1982;0.00382
10.04.1982;0.01202
11.04.1982;0.00667
12.04.1982;0.00542
13.04.1982;0.0082
14.04.1982;0.0084
15.04.1982;0.00597
16.04.1982;0.00222
17.04.1982;0.00993
18.04.1982;0.00945
19.04.1982;0.0057
20.04.1982;0.00522
21.04.1982;0.00493
22.04.1982;0.0048
23.04.1982;0.00368
24.04.1982;0.00452
25.04.1982;0.00423
26.04.1982;0.00417
27.04.1982;0.00388
28.04.1982;0.00368
29.04.1982;0.0041
30.04.1982;0.00272
1.05.1982;0.00347
2.05.1982;0.00298
3.05.1982;0.00333
4.05.1982;0.00298
5.05.1982;0.00263
6.05.1982;0.00388
7.05.1982;0.00237
8.05.1982;0.00257
9.05.1982;0.00292
10.05.1982;0.00423
11.05.1982;0.00313
12.05.1982;0.00333
13.05.1982;0.00368
14.05.1982;0.00493
15.05.1982;0.00362
16.05.1982;0.00183
17.05.1982;0.00958
18.05.1982;0.00183
19.05.1982;0.01048
20.05.1982;0.00375
21.05.1982;0.00167
22.05.1982;0.00763
23.05.1982;0.00167
24.05.1982;0.00888
25.05.1982;0.00263
26.05.1982;0.00167
27.05.1982;0.00688
28.05.1982;0.00305
29.05.1982;0.00285
30.05.1982;0.00167
31.05.1982;0.00763
1.06.1982;0.00167
2.06.1982;0.00715
3.06.1982;0.00388
4.06.1982;0.00285
5.06.1982;0.0032
6.06.1982;0.00403
7.06.1982;0.00278
8.06.1982;0.00292
9.06.1982;0.00292
10.06.1982;0.00298
11.06.1982;0.00243
12.06.1982;0.00272
13.06.1982;0.00313
14.06.1982;0.00278
15.06.1982;0.00225
16.06.1982;0.00222
17.06.1982;0.00217
18.06.1982;0.00222
19.06.1982;0.00202
20.06.1982;0.00167
21.06.1982;0.00167
22.06.1982;0.00377
23.06.1982;0.00153
24.06.1982;0.00258
25.06.1982;0.00167
26.06.1982;0.00162
27.06.1982;0.00187
28.06.1982;0.00142
29.06.1982;0.00193
30.06.1982;0.0018
1.07.1982;0.0015
2.07.1982;0.00162
3.07.1982;0.00137
4.07.1982;0.00147
5.07.1982;0.00178
6.07.1982;0.0015
7.07.1982;0.00152
8.07.1982;0.00147
9.07.1982;0.00165
10.07.1982;0.00153
11.07.1982;0.00167
12.07.1982;0.00198
13.07.1982;0.00172
14.07.1982;0.0018
15.07.1982;0.00167
16.07.1982;0.00172
17.07.1982;0.0015
18.07.1982;0.00142
19.07.1982;0.00133
20.07.1982;0.00143
21.07.1982;0.00127
22.07.1982;0.00125
23.07.1982;0.00125
24.07.1982;0.00125
25.07.1982;0.00125
26.07.1982;0.00125
27.07.1982;0.00125
28.07.1982;0.00132
29.07.1982;0.0012
30.07.1982;0.00117
31.07.1982;0.00117
1.08.1982;0.00117
2.08.1982;0.00117
3.08.1982;0.00115
4.08.1982;0.00108
5.08.1982;0.001
6.08.1982;0.001
7.08.1982;0.001
8.08.1982;0.001
9.08.1982;0.00103
10.08.1982;0.001
11.08.1982;0.00092
12.08.1982;0.00083
13.08.1982;0.00083
14.08.1982;0.00083
15.08.1982;0.00087
16.08.1982;0.00092
17.08.1982;0.00092
18.08.1982;0.00092
19.08.1982;0.00092
20.08.1982;0.00092
21.08.1982;0.00092
22.08.1982;0.00092
23.08.1982;0.00092
24.08.1982;0.00087
25.08.1982;0.00083
26.08.1982;0.00083
27.08.1982;0.00083
28.08.1982;0.00083
29.08.1982;0.00083
30.08.1982;0.00083
31.08.1982;0.00083
1.09.1982;0.00083
2.09.1982;0.00083
3.09.1982;0.00083
4.09.1982;0.00083
5.09.1982;0.00083
6.09.1982;0.00083
7.09.1982;0.00083
8.09.1982;0.00083
9.09.1982;0.00083
10.09.1982;0.00083
11.09.1982;0.00083
12.09.1982;0.00083
13.09.1982;0.00083
14.09.1982;0.00083
15.09.1982;0.00083
16.09.1982;0.00083
17.09.1982;0.00083
18.09.1982;0.00083
19.09.1982;0.00083
20.09.1982;0.00083
21.09.1982;0.00083
22.09.1982;0.00083
23.09.1982;0.00083
24.09.1982;0.00083
25.09.1982;0.00083
26.09.1982;0.00083
27.09.1982;0.00083
28.09.1982;0.00083
29.09.1982;0.00083
30.09.1982;0.00083
1.10.1982;0.00083
2.10.1982;0.00083
3.10.1982;0.00083
4.10.1982;0.00083
5.10.1982;0.0008
6.10.1982;0.00077
7.10.1982;0.00075
8.10.1982;0.00075
9.10.1982;0.00075
10.10.1982;0.00075
11.10.1982;0.00075
12.10.1982;0.00075
13.10.1982;0.00075
14.10.1982;0.00075
15.10.1982;0.00075
16.10.1982;0.00075
17.10.1982;0.00075
18.10.1982;0.00075
19.10.1982;0.00075
20.10.1982;0.00073
21.10.1982;0.0007
22.10.1982;0.0007
23.10.1982;0.0007
24.10.1982;0.00067
25.10.1982;0.00067
26.10.1982;0.00067
27.10.1982;0.0007
28.10.1982;0.00073
29.10.1982;0.00075
30.10.1982;0.00075
31.10.1982;0.00075
1.11.1982;0.00075
2.11.1982;0.00075
3.11.1982;0.00075
4.11.1982;0.00075
5.11.1982;0.00077
6.11.1982;0.0008
7.11.1982;0.00082
8.11.1982;0.00083
9.11.1982;0.00075
10.11.1982;0.00067
11.11.1982;0.0007
12.11.1982;0.00075
13.11.1982;0.00083
14.11.1982;0.00088
15.11.1982;0.00092
16.11.1982;0.00095
17.11.1982;0.001
18.11.1982;0.00108
19.11.1982;0.00108
20.11.1982;0.00108
21.11.1982;0.00108
22.11.1982;0.00108
23.11.1982;0.00105
24.11.1982;0.0013
25.11.1982;0.00127
26.11.1982;0.00125
27.11.1982;0.00125
28.11.1982;0.00125
29.11.1982;0.00125
30.11.1982;0.00125
1.12.1982;0.00125
2.12.1982;0.00125
3.12.1982;0.00125
4.12.1982;0.00125
5.12.1982;0.00125
6.12.1982;0.00125
7.12.1982;0.00117
8.12.1982;0.00108
9.12.1982;0.00092
10.12.1982;0.00092
11.12.1982;0.00092
12.12.1982;0.00092
13.12.1982;0.00092
14.12.1982;0.00083
15.12.1982;0.0008
16.12.1982;0.00077
17.12.1982;0.00075
18.12.1982;0.00075
19.12.1982;0.00075
20.12.1982;0.00075
21.12.1982;0.00067
22.12.1982;0.00067
23.12.1982;0.02317
24.12.1982;0.04312
25.12.1982;0.02152
26.12.1982;0.03347
27.12.1982;0.0145
28.12.1982;0.01138
29.12.1982;0.01285
30.12.1982;0.00993
31.12.1982;0.00792
1.01.1983;0.0059
2.01.1983;0.00987
3.01.1983;0.00632
4.01.1983;0.0057
5.01.1983;0.00612
6.01.1983;0.00535
7.01.1983;0.00195
8.01.1983;0.00833
9.01.1983;0.00355
10.01.1983;0.00133
11.01.1983;0.00798
12.01.1983;0.00278
13.01.1983;0.00222
14.01.1983;0.0043
15.01.1983;0.0025
16.01.1983;0.0023
17.01.1983;0.00275
18.01.1983;0.00197
19.01.1983;0.00165
20.01.1983;0.00133
21.01.1983;0.00655
22.01.1983;0.00158
23.01.1983;0.001
24.01.1983;0.00467
25.01.1983;0.00158
26.01.1983;0.0024
27.01.1983;0.0018
28.01.1983;0.0019
29.01.1983;0.00125
30.01.1983;0.00117
31.01.1983;0.00163
1.02.1983;0.00183
2.02.1983;0.0018
3.02.1983;0.00158
4.02.1983;0.0017
5.02.1983;0.00148
6.02.1983;0.0028
7.02.1983;0.00193
8.02.1983;0.00222
9.02.1983;0.00187
10.02.1983;0.00182
11.02.1983;0.0022
12.02.1983;0.005
13.02.1983;0.00945
14.02.1983;0.00743
15.02.1983;0.00842
16.02.1983;0.00767
17.02.1983;0.00792
18.02.1983;0.00833
19.02.1983;0.00783
20.02.1983;0.00667
21.02.1983;0.00625
22.02.1983;0.0085
23.02.1983;0.00767
24.02.1983;0.00717
25.02.1983;0.00633
26.02.1983;0.00658
27.02.1983;0.00792
28.02.1983;0.00713
1.03.1983;0.00458
2.03.1983;0.00545
3.03.1983;0.0043
4.03.1983;0.005
5.03.1983;0.00773
6.03.1983;0.00853
7.03.1983;0.00942
8.03.1983;0.0166
9.03.1983;0.0198
10.03.1983;0.01917
11.03.1983;0.0175
12.03.1983;0.01375
13.03.1983;0.01357
14.03.1983;0.01433
15.03.1983;0.0146
16.03.1983;0.01155
17.03.1983;0.01108
18.03.1983;0.01
19.03.1983;0.00965
20.03.1983;0.0075
21.03.1983;0.00788
22.03.1983;0.01033
23.03.1983;0.00612
24.03.1983;0.0087
25.03.1983;0.00797
26.03.1983;0.04388
27.03.1983;0.09367
28.03.1983;0.0725
29.03.1983;0.056
30.03.1983;0.04425
31.03.1983;0.0372
1.04.1983;0.03333
2.04.1983;0.02567
3.04.1983;0.02333
4.04.1983;0.02383
5.04.1983;0.02417
6.04.1983;0.02442
7.04.1983;0.02372
8.04.1983;0.02225
9.04.1983;0.02
10.04.1983;0.01858
11.04.1983;0.01403
12.04.1983;0.01315
13.04.1983;0.01255
14.04.1983;0.01187
15.04.1983;0.01188
16.04.1983;0.01143
17.04.1983;0.01045
18.04.1983;0.01017
19.04.1983;0.0112
20.04.1983;0.01038
21.04.1983;0.01253
22.04.1983;0.00997
23.04.1983;0.01153
24.04.1983;0.008
25.04.1983;0.00638
26.04.1983;0.01042
27.04.1983;0.00808
28.04.1983;0.0056
29.04.1983;0.0052
30.04.1983;0.007
1.05.1983;0.00647
2.05.1983;0.00493
3.05.1983;0.00803
4.05.1983;0.00457
5.05.1983;0.00557
6.05.1983;0.0097
7.05.1983;0.0085
8.05.1983;0.01205
9.05.1983;0.01142
10.05.1983;0.02108
11.05.1983;0.05853
12.05.1983;0.044
13.05.1983;0.03958
14.05.1983;0.03548
15.05.1983;0.07713
16.05.1983;0.02427
17.05.1983;0.02375
18.05.1983;0.02188
19.05.1983;0.0192
20.05.1983;0.01593
21.05.1983;0.01347
22.05.1983;0.01253
23.05.1983;0.0115
24.05.1983;0.01103
25.05.1983;0.01055
26.05.1983;0.0077
27.05.1983;0.00587
28.05.1983;0.00708
29.05.1983;0.00673
30.05.1983;0.00847
31.05.1983;0.00603
1.06.1983;0.00542
2.06.1983;0.00482
3.06.1983;0.00563
4.06.1983;0.0053
5.06.1983;0.00535
6.06.1983;0.00452
7.06.1983;0.0041
8.06.1983;0.00377
9.06.1983;0.00273
10.06.1983;0.00307
11.06.1983;0.00233
12.06.1983;0.00257
13.06.1983;0.00348
14.06.1983;0.00257
15.06.1983;0.00225
16.06.1983;0.00203
17.06.1983;0.00188
18.06.1983;0.00177
19.06.1983;0.0016
20.06.1983;0.00258
21.06.1983;0.0023
22.06.1983;0.00267
23.06.1983;0.00177
24.06.1983;0.00195
25.06.1983;0.00178
26.06.1983;0.00183
27.06.1983;0.00222
28.06.1983;0.00198
29.06.1983;0.00228
30.06.1983;0.00173
1.07.1983;0.00165
2.07.1983;0.00175
3.07.1983;0.00107
4.07.1983;0.00185
5.07.1983;0.0016
6.07.1983;0.00118
7.07.1983;0.00105
8.07.1983;0.00137
9.07.1983;0.00105
10.07.1983;0.00172
11.07.1983;0.00097
12.07.1983;0.0011
13.07.1983;0.00103
14.07.1983;0.001
15.07.1983;0.00083
16.07.1983;0.00088
17.07.1983;0.00077
18.07.1983;0.00077
19.07.1983;0.00082
20.07.1983;0.00075
21.07.1983;0.00087
22.07.1983;0.00075
23.07.1983;0.00078
24.07.1983;0.00075
25.07.1983;0.00108
26.07.1983;0.00067
27.07.1983;0.0007
28.07.1983;0.00067
29.07.1983;0.00058
30.07.1983;0.00053
31.07.1983;0.0005
1.08.1983;0.0005
2.08.1983;0.0005
3.08.1983;0.00052
4.08.1983;0.0006
5.08.1983;0.00067
6.08.1983;0.0005
7.08.1983;0.00058
8.08.1983;0.00058
9.08.1983;0.00058
10.08.1983;0.00062
11.08.1983;0.00055
12.08.1983;0.00055
13.08.1983;0.00058
14.08.1983;0.00058
15.08.1983;0.00058
16.08.1983;0.00058
17.08.1983;0.00057
18.08.1983;0.00055
19.08.1983;0.00057
20.08.1983;0.0005
21.08.1983;0.0005
22.08.1983;0.0005
23.08.1983;0.00047
24.08.1983;0.00042
25.08.1983;0.00037
26.08.1983;0.00033
27.08.1983;0.00033
28.08.1983;0.00033
29.08.1983;0.00035
30.08.1983;0.00067
31.08.1983;0.00053
1.09.1983;0.00052
2.09.1983;0.0005
3.09.1983;0.00052
4.09.1983;0.00058
5.09.1983;0.00067
6.09.1983;0.0007
7.09.1983;0.00068
8.09.1983;0.00075
9.09.1983;0.00067
10.09.1983;0.00067
11.09.1983;0.00063
12.09.1983;0.00077
13.09.1983;0.00075
14.09.1983;0.00058
15.09.1983;0.00058
16.09.1983;0.00053
17.09.1983;0.00047
18.09.1983;0.00042
19.09.1983;0.00045
20.09.1983;0.0005
21.09.1983;0.0005
22.09.1983;0.00053
23.09.1983;0.00058
24.09.1983;0.00063
25.09.1983;0.00075
26.09.1983;0.00083
27.09.1983;0.00083
28.09.1983;0.00083
29.09.1983;0.00083
30.09.1983;0.00083
1.10.1983;0.00083
2.10.1983;0.00083
3.10.1983;0.00083
4.10.1983;0.00083
5.10.1983;0.00083
6.10.1983;0.00083
7.10.1983;0.00083
8.10.1983;0.00083
9.10.1983;0.00117
10.10.1983;0.00133
11.10.1983;0.00133
12.10.1983;0.00125
13.10.1983;0.00123
14.10.1983;0.0012
15.10.1983;0.0012
16.10.1983;0.00117
17.10.1983;0.00117
18.10.1983;0.00108
19.10.1983;0.00108
20.10.1983;0.001
21.10.1983;0.001
22.10.1983;0.001
23.10.1983;0.00092
24.10.1983;0.00087
25.10.1983;0.00083
26.10.1983;0.00083
27.10.1983;0.00083
28.10.1983;0.00083
29.10.1983;0.00083
30.10.1983;0.00083
31.10.1983;0.00083
1.11.1983;0.00075
2.11.1983;0.00075
3.11.1983;0.00075
4.11.1983;0.00075
5.11.1983;0.00075
6.11.1983;0.00075
7.11.1983;0.00075
8.11.1983;0.00075
9.11.1983;0.00075
10.11.1983;0.00075
11.11.1983;0.00075
12.11.1983;0.00075
13.11.1983;0.00075
14.11.1983;0.00075
15.11.1983;0.00075
16.11.1983;0.00067
17.11.1983;0.00058
18.11.1983;0.00058
19.11.1983;0.00058
20.11.1983;0.00058
21.11.1983;0.0005
22.11.1983;0.0005
23.11.1983;0.0005
24.11.1983;0.0005
25.11.1983;0.0005
26.11.1983;0.0005
27.11.1983;0.0005
28.11.1983;0.0005
29.11.1983;0.0005
30.11.1983;0.0005
1.12.1983;0.0005
2.12.1983;0.0005
3.12.1983;0.0005
4.12.1983;0.0005
5.12.1983;0.0005
6.12.1983;0.0005
7.12.1983;0.0005
8.12.1983;0.0005
9.12.1983;0.0005
10.12.1983;0.0005
11.12.1983;0.0006
12.12.1983;0.00067
13.12.1983;0.00067
14.12.1983;0.00067
15.12.1983;0.00067
16.12.1983;0.00067
17.12.1983;0.00067
18.12.1983;0.00067
19.12.1983;0.00063
20.12.1983;0.00058
21.12.1983;0.00055
22.12.1983;0.00055
23.12.1983;0.00055
24.12.1983;0.0005
25.12.1983;0.0005
26.12.1983;0.0005
27.12.1983;0.0005
28.12.1983;0.00047
29.12.1983;0.00047
30.12.1983;0.00042
31.12.1983;0.00042
1.01.1984;0.00042
2.01.1984;0.00042
3.01.1984;0.00042
4.01.1984;0.00042
5.01.1984;0.00042
6.01.1984;0.00042
7.01.1984;0.00033
8.01.1984;0.00033
9.01.1984;0.00033
10.01.1984;0.00033
11.01.1984;0.00025
12.01.1984;0.00025
13.01.1984;0.00025
14.01.1984;0.00025
15.01.1984;0.00025
16.01.1984;0.00025
17.01.1984;0.00025
18.01.1984;0.00025
19.01.1984;0.00025
20.01.1984;0.00025
21.01.1984;0.00025
22.01.1984;0.00025
23.01.1984;0.00025
24.01.1984;0.00025
25.01.1984;0.00025
26.01.1984;0.00008
27.01.1984;0.00008
28.01.1984;0.00008
29.01.1984;0.00008
30.01.1984;0.00008
31.01.1984;0.00008
1.02.1984;0.00008
2.02.1984;0.00008
3.02.1984;0.00008
4.02.1984;0.00017
5.02.1984;0.00017
6.02.1984;0.00025
7.02.1984;0.00025
8.02.1984;0.00033
9.02.1984;0.00033
10.02.1984;0.00042
11.02.1984;0.00042
12.02.1984;0.0005
13.02.1984;0.0005
14.02.1984;0.0005
15.02.1984;0.0005
16.02.1984;0.0005
17.02.1984;0.0005
18.02.1984;0.0005
19.02.1984;0.0005
20.02.1984;0.0005
21.02.1984;0.0005
22.02.1984;0.0005
23.02.1984;0.0005
24.02.1984;0.0005
25.02.1984;0.0005
26.02.1984;0.0005
27.02.1984;0.0005
28.02.1984;0.0005
29.02.1984;0.0005
1.03.1984;0.0005
2.03.1984;0.0005
3.03.1984;0.0005
4.03.1984;0.0005
5.03.1984;0.0005
6.03.1984;0.0005
7.03.1984;0.0005
8.03.1984;0.0005
9.03.1984;0.0005
10.03.1984;0.0005
11.03.1984;0.0005
12.03.1984;0.0005
13.03.1984;0.0005
14.03.1984;0.0005
15.03.1984;0.00058
16.03.1984;0.00067
17.03.1984;0.00075
18.03.1984;0.00083
19.03.1984;0.00083
20.03.1984;0.00083
21.03.1984;0.00083
22.03.1984;0.00083
23.03.1984;0.00083
24.03.1984;0.001
25.03.1984;0.001
26.03.1984;0.001
27.03.1984;0.001
28.03.1984;0.001
29.03.1984;0.001
30.03.1984;0.001
31.03.1984;0.00108
1.04.1984;0.00117
2.04.1984;0.00928
3.04.1984;0.0015
4.04.1984;0.00867
5.04.1984;0.00432
6.04.1984;0.00175
7.04.1984;0.00617
8.04.1984;0.00503
9.04.1984;0.00392
10.04.1984;0.00133
11.04.1984;0.00565
12.04.1984;0.00477
13.04.1984;0.00093
14.04.1984;0.00385
15.04.1984;0.001
16.04.1984;0.0044
17.04.1984;0.00142
18.04.1984;0.00133
19.04.1984;0.00133
20.04.1984;0.00558
21.04.1984;0.00117
22.04.1984;0.00255
23.04.1984;0.001
24.04.1984;0.001
25.04.1984;0.001
26.04.1984;0.001
27.04.1984;0.00117
28.04.1984;0.00117
29.04.1984;0.00117
30.04.1984;0.00117
1.05.1984;0.00117
2.05.1984;0.00117
3.05.1984;0.00117
4.05.1984;0.00117
5.05.1984;0.00133
6.05.1984;0.00133
7.05.1984;0.00133
8.05.1984;0.0129
9.05.1984;0.01653
10.05.1984;0.01318
11.05.1984;0.01577
12.05.1984;0.00397
13.05.1984;0.01425
14.05.1984;0.01337
15.05.1984;0.01213
16.05.1984;0.0134
17.05.1984;0.0115
18.05.1984;0.01278
19.05.1984;0.00842
20.05.1984;0.01243
21.05.1984;0.00683
22.05.1984;0.01168
23.05.1984;0.00938
24.05.1984;0.03033
25.05.1984;0.03
26.05.1984;0.02173
27.05.1984;0.02582
28.05.1984;0.02093
29.05.1984;0.02
30.05.1984;0.01917
31.05.1984;0.01833
1.06.1984;0.01867
2.06.1984;0.01958
3.06.1984;0.01417
4.06.1984;0.01445
5.06.1984;0.01345
6.06.1984;0.01317
7.06.1984;0.01147
8.06.1984;0.01167
9.06.1984;0.01
10.06.1984;0.01292
11.06.1984;0.01002
12.06.1984;0.01098
13.06.1984;0.00737
14.06.1984;0.00667
15.06.1984;0.00503
16.06.1984;0.01083
17.06.1984;0.00487
18.06.1984;0.0056
19.06.1984;0.00442
20.06.1984;0.00632
21.06.1984;0.00483
22.06.1984;0.00458
23.06.1984;0.00583
24.06.1984;0.00487
25.06.1984;0.00477
26.06.1984;0.0035
27.06.1984;0.00342
28.06.1984;0.00353
29.06.1984;0.00375
30.06.1984;0.00328
1.07.1984;0.00305
2.07.1984;0.00225
3.07.1984;0.00117
4.07.1984;0.00705
5.07.1984;0.00278
6.07.1984;0.00353
7.07.1984;0.0018
8.07.1984;0.0026
9.07.1984;0.00235
10.07.1984;0.00438
11.07.1984;0.002
12.07.1984;0.00255
13.07.1984;0.00257
14.07.1984;0.00192
15.07.1984;0.00197
16.07.1984;0.00208
17.07.1984;0.00233
18.07.1984;0.00147
19.07.1984;0.00307
20.07.1984;0.002
21.07.1984;0.00163
22.07.1984;0.0023
23.07.1984;0.00247
24.07.1984;0.00238
25.07.1984;0.00172
26.07.1984;0.00183
27.07.1984;0.0015
28.07.1984;0.00242
29.07.1984;0.00133
30.07.1984;0.00205
31.07.1984;0.00158
1.08.1984;0.00175
2.08.1984;0.00142
3.08.1984;0.00108
4.08.1984;0.00233
5.08.1984;0.00108
6.08.1984;0.00125
7.08.1984;0.00112
8.08.1984;0.00117
9.08.1984;0.001
10.08.1984;0.0025
11.08.1984;0.00142
12.08.1984;0.00172
13.08.1984;0.00192
14.08.1984;0.00158
15.08.1984;0.00158
16.08.1984;0.00272
17.08.1984;0.0025
18.08.1984;0.0018
19.08.1984;0.0018
20.08.1984;0.00152
21.08.1984;0.0013
22.08.1984;0.00117
23.08.1984;0.00112
24.08.1984;0.00133
25.08.1984;0.001
26.08.1984;0.00142
27.08.1984;0.00125
28.08.1984;0.00118
29.08.1984;0.001
30.08.1984;0.00067
31.08.1984;0.00058
1.09.1984;0.00058
2.09.1984;0.001
3.09.1984;0.001
4.09.1984;0.001
5.09.1984;0.001
6.09.1984;0.001
7.09.1984;0.00083
8.09.1984;0.00083
9.09.1984;0.00092
10.09.1984;0.00108
11.09.1984;0.00108
12.09.1984;0.00108
13.09.1984;0.00083
14.09.1984;0.00075
15.09.1984;0.00075
16.09.1984;0.00088
17.09.1984;0.001
18.09.1984;0.00083
19.09.1984;0.00075
20.09.1984;0.00083
21.09.1984;0.00092
22.09.1984;0.00092
23.09.1984;0.00092
24.09.1984;0.0018
25.09.1984;0.014
26.09.1984;0.01237
27.09.1984;0.00817
28.09.1984;0.01415
29.09.1984;0.0098
30.09.1984;0.00767
1.10.1984;0.0071
2.10.1984;0.00748
3.10.1984;0.00467
4.10.1984;0.01052
5.10.1984;0.01467
6.10.1984;0.01483
7.10.1984;0.01333
8.10.1984;0.03305
9.10.1984;0.03153
10.10.1984;0.0244
11.10.1984;0.02362
12.10.1984;0.01948
13.10.1984;0.01752
14.10.1984;0.01295
15.10.1984;0.01415
16.10.1984;0.0116
17.10.1984;0.01008
18.10.1984;0.00907
19.10.1984;0.00848
20.10.1984;0.0083
21.10.1984;0.00863
22.10.1984;0.00518
23.10.1984;0.00858
24.10.1984;0.006
25.10.1984;0.00328
26.10.1984;0.00833
27.10.1984;0.00583
28.10.1984;0.00533
29.10.1984;0.00828
30.10.1984;0.00417
31.10.1984;0.004
1.11.1984;0.00417
2.11.1984;0.00492
3.11.1984;0.00483
4.11.1984;0.00333
5.11.1984;0.0075
6.11.1984;0.00392
7.11.1984;0.00333
8.11.1984;0.00367
9.11.1984;0.00358
10.11.1984;0.00267
11.11.1984;0.00383
12.11.1984;0.00367
13.11.1984;0.00325
14.11.1984;0.00283
15.11.1984;0.00308
16.11.1984;0.0031
17.11.1984;0.00258
18.11.1984;0.00283
19.11.1984;0.00258
20.11.1984;0.003
21.11.1984;0.00317
22.11.1984;0.00467
23.11.1984;0.00417
24.11.1984;0.007
25.11.1984;0.01042
26.11.1984;0.01367
27.11.1984;0.01342
28.11.1984;0.01
29.11.1984;0.01083
30.11.1984;0.01
1.12.1984;0.00868
2.12.1984;0.008
3.12.1984;0.00917
4.12.1984;0.007
5.12.1984;0.0058
6.12.1984;0.0075
7.12.1984;0.0035
8.12.1984;0.00933
9.12.1984;0.005
10.12.1984;0.00583
11.12.1984;0.00533
12.12.1984;0.00517
13.12.1984;0.00492
14.12.1984;0.005
15.12.1984;0.00425
16.12.1984;0.00417
17.12.1984;0.00365
18.12.1984;0.005
19.12.1984;0.00467
20.12.1984;0.005
21.12.1984;0.002
22.12.1984;0.007
23.12.1984;0.00583
24.12.1984;0.005
25.12.1984;0.00392
26.12.1984;0.00333
27.12.1984;0.00417
28.12.1984;0.003
29.12.1984;0.00333
30.12.1984;0.00367
31.12.1984;0.00308
1.01.1985;0.003
2.01.1985;0.0035
3.01.1985;0.0025
4.01.1985;0.00258
5.01.1985;0.0025
6.01.1985;0.00367
7.01.1985;0.0023
8.01.1985;0.00197
9.01.1985;0.00413
10.01.1985;0.00208
11.01.1985;0.0015
12.01.1985;0.00188
13.01.1985;0.00188
14.01.1985;0.00208
15.01.1985;0.00313
16.01.1985;0.0015
17.01.1985;0.004
18.01.1985;0.00233
19.01.1985;0.00158
20.01.1985;0.00197
21.01.1985;0.00175
22.01.1985;0.002
23.01.1985;0.00167
24.01.1985;0.00133
25.01.1985;0.00175
26.01.1985;0.00197
27.01.1985;0.0015
28.01.1985;0.00192
29.01.1985;0.00138
30.01.1985;0.00158
31.01.1985;0.0015
1.02.1985;0.00172
2.02.1985;0.00227
3.02.1985;0.00155
4.02.1985;0.0018
5.02.1985;0.00158
6.02.1985;0.00158
7.02.1985;0.00172
8.02.1985;0.00147
9.02.1985;0.00142
10.02.1985;0.00222
11.02.1985;0.0015
12.02.1985;0.00158
13.02.1985;0.00183
14.02.1985;0.00163
15.02.1985;0.00197
16.02.1985;0.00197
17.02.1985;0.00205
18.02.1985;0.00175
19.02.1985;0.00167
20.02.1985;0.00167
21.02.1985;0.0023
22.02.1985;0.00183
23.02.1985;0.00167
24.02.1985;0.00175
25.02.1985;0.002
26.02.1985;0.00158
27.02.1985;0.00167
28.02.1985;0.0015
1.03.1985;0.00208
2.03.1985;0.00133
3.03.1985;0.00133
4.03.1985;0.00175
5.03.1985;0.0018
6.03.1985;0.00155
7.03.1985;0.00163
8.03.1985;0.00363
9.03.1985;0.00255
10.03.1985;0.00288
11.03.1985;0.00267
12.03.1985;0.00242
13.03.1985;0.00575
14.03.1985;0.00863
15.03.1985;0.01217
16.03.1985;0.01333
17.03.1985;0.0125
18.03.1985;0.01988
19.03.1985;0.0375
20.03.1985;0.04958
21.03.1985;0.06125
22.03.1985;0.06083
23.03.1985;0.05875
24.03.1985;0.04875
25.03.1985;0.03847
26.03.1985;0.03667
27.03.1985;0.03333
28.03.1985;0.0305
29.03.1985;0.02683
30.03.1985;0.02583
31.03.1985;0.024
1.04.1985;0.02372
2.04.1985;0.0201
3.04.1985;0.02053
4.04.1985;0.01903
5.04.1985;0.0185
6.04.1985;0.0187
7.04.1985;0.0175
8.04.1985;0.0163
9.04.1985;0.01638
10.04.1985;0.01375
11.04.1985;0.0149
12.04.1985;0.01532
13.04.1985;0.01487
14.04.1985;0.01632
15.04.1985;0.01347
16.04.1985;0.00897
17.04.1985;0.01187
18.04.1985;0.01255
19.04.1985;0.00987
20.04.1985;0.00993
21.04.1985;0.00882
22.04.1985;0.01063
23.04.1985;0.0116
24.04.1985;0.008
25.04.1985;0.00805
26.04.1985;0.00725
27.04.1985;0.01277
28.04.1985;0.008
29.04.1985;0.00472
30.04.1985;0.00615
1.05.1985;0.00347
2.05.1985;0.0088
3.05.1985;0.00937
4.05.1985;0.0081
5.05.1985;0.00737
6.05.1985;0.0083
7.05.1985;0.0074
8.05.1985;0.01292
9.05.1985;0.01298
10.05.1985;0.00963
11.05.1985;0.01215
12.05.1985;0.01407
13.05.1985;0.01692
14.05.1985;0.0148
15.05.1985;0.01687
16.05.1985;0.01782
17.05.1985;0.01625
18.05.1985;0.01193
19.05.1985;0.0125
20.05.1985;0.01042
21.05.1985;0.01
22.05.1985;0.01083
23.05.1985;0.01013
24.05.1985;0.01443
25.05.1985;0.01257
26.05.1985;0.0143
27.05.1985;0.01743
28.05.1985;0.01747
29.05.1985;0.0148
30.05.1985;0.01238
31.05.1985;0.00987
1.06.1985;0.01307
2.06.1985;0.00732
3.06.1985;0.00948
4.06.1985;0.01083
5.06.1985;0.00605
6.06.1985;0.01057
7.06.1985;0.00623
8.06.1985;0.00528
9.06.1985;0.00777
10.06.1985;0.01792
11.06.1985;0.01785
12.06.1985;0.01487
13.06.1985;0.0165
14.06.1985;0.02198
15.06.1985;0.01695
16.06.1985;0.02452
17.06.1985;0.02673
18.06.1985;0.02555
19.06.1985;0.02487
20.06.1985;0.02013
21.06.1985;0.01888
22.06.1985;0.02028
23.06.1985;0.02083
24.06.1985;0.01845
25.06.1985;0.01305
26.06.1985;0.01362
27.06.1985;0.01298
28.06.1985;0.01372
29.06.1985;0.01268
30.06.1985;0.01148
1.07.1985;0.01493
2.07.1985;0.01135
3.07.1985;0.02013
4.07.1985;0.02208
5.07.1985;0.01862
6.07.1985;0.01965
7.07.1985;0.01528
8.07.1985;0.01528
9.07.1985;0.01708
10.07.1985;0.0123
11.07.1985;0.01327
12.07.1985;0.00805
13.07.1985;0.01077
14.07.1985;0.0091
15.07.1985;0.00528
16.07.1985;0.0052
17.07.1985;0.01112
18.07.1985;0.00382
19.07.1985;0.01118
20.07.1985;0.00625
21.07.1985;0.00855
22.07.1985;0.00737
23.07.1985;0.00603
24.07.1985;0.00667
25.07.1985;0.00513
26.07.1985;0.0059
27.07.1985;0.0052
28.07.1985;0.00362
29.07.1985;0.00222
30.07.1985;0.00845
31.07.1985;0.00312
1.08.1985;0.00512
2.08.1985;0.00448
3.08.1985;0.00397
4.08.1985;0.00333
5.08.1985;0.00513
6.08.1985;0.00423
7.08.1985;0.00553
8.08.1985;0.00397
9.08.1985;0.00363
10.08.1985;0.0033
11.08.1985;0.0031
12.08.1985;0.00338
13.08.1985;0.00378
14.08.1985;0.0031
15.08.1985;0.00327
16.08.1985;0.00355
17.08.1985;0.00242
18.08.1985;0.00218
19.08.1985;0.0025
20.08.1985;0.00327
21.08.1985;0.00367
22.08.1985;0.00285
23.08.1985;0.0016
24.08.1985;0.00343
25.08.1985;0.00197
26.08.1985;0.00318
27.08.1985;0.00192
28.08.1985;0.00285
29.08.1985;0.00185
30.08.1985;0.00198
31.08.1985;0.00118
1.09.1985;0.00278
2.09.1985;0.00155
3.09.1985;0.00138
4.09.1985;0.00355
5.09.1985;0.00142
6.09.1985;0.00117
7.09.1985;0.00188
8.09.1985;0.0016
9.09.1985;0.0018
10.09.1985;0.00175
11.09.1985;0.00203
12.09.1985;0.00175
13.09.1985;0.00133
14.09.1985;0.00133
15.09.1985;0.0025
16.09.1985;0.00167
17.09.1985;0.00135
18.09.1985;0.00167
19.09.1985;0.00158
20.09.1985;0.00163
21.09.1985;0.00167
22.09.1985;0.00217
23.09.1985;0.00205
24.09.1985;0.0019
25.09.1985;0.00138
26.09.1985;0.00133
27.09.1985;0.00133
28.09.1985;0.00117
29.09.1985;0.00153
30.09.1985;0.00133
1.10.1985;0.00117
2.10.1985;0.00125
3.10.1985;0.00133
4.10.1985;0.00142
5.10.1985;0.00108
6.10.1985;0.00108
7.10.1985;0.00117
8.10.1985;0.00142
9.10.1985;0.00158
10.10.1985;0.00167
11.10.1985;0.00183
12.10.1985;0.00183
13.10.1985;0.00192
14.10.1985;0.0015
15.10.1985;0.00133
16.10.1985;0.0015
17.10.1985;0.00167
18.10.1985;0.00183
19.10.1985;0.00167
20.10.1985;0.00142
21.10.1985;0.00117
22.10.1985;0.00125
23.10.1985;0.00142
24.10.1985;0.00167
25.10.1985;0.00167
26.10.1985;0.00175
27.10.1985;0.00198
28.10.1985;0.00158
29.10.1985;0.00125
30.10.1985;0.00125
31.10.1985;0.00133
1.11.1985;0.00125
2.11.1985;0.00083
3.11.1985;0.00083
4.11.1985;0.00108
5.11.1985;0.00117
6.11.1985;0.00108
7.11.1985;0.00108
8.11.1985;0.001
9.11.1985;0.00117
10.11.1985;0.00117
11.11.1985;0.00108
12.11.1985;0.00092
13.11.1985;0.00083
14.11.1985;0.00083
15.11.1985;0.00083
16.11.1985;0.00083
17.11.1985;0.00083
18.11.1985;0.00083
19.11.1985;0.00067
20.11.1985;0.00067
21.11.1985;0.00067
22.11.1985;0.00067
23.11.1985;0.00067
24.11.1985;0.00067
25.11.1985;0.00067
26.11.1985;0.00067
27.11.1985;0.00058
28.11.1985;0.00058
29.11.1985;0.00058
30.11.1985;0.00058
1.12.1985;0.00058
2.12.1985;0.00058
3.12.1985;0.00058
4.12.1985;0.00058
5.12.1985;0.00058
6.12.1985;0.00058
7.12.1985;0.00058
8.12.1985;0.00058
9.12.1985;0.00058
10.12.1985;0.00067
11.12.1985;0.00067
12.12.1985;0.00067
13.12.1985;0.00067
14.12.1985;0.00067
15.12.1985;0.00067
16.12.1985;0.00067
17.12.1985;0.00083
18.12.1985;0.00083
19.12.1985;0.00083
20.12.1985;0.00083
21.12.1985;0.00083
22.12.1985;0.00083
23.12.1985;0.001
24.12.1985;0.001
25.12.1985;0.00083
26.12.1985;0.00073
27.12.1985;0.00073
28.12.1985;0.00073
29.12.1985;0.00073
30.12.1985;0.00073
31.12.1985;0.00083
1.01.1986;0.00083
2.01.1986;0.00083
3.01.1986;0.00083
4.01.1986;0.00083
5.01.1986;0.00092
6.01.1986;0.001
7.01.1986;0.001
8.01.1986;0.00092
9.01.1986;0.00083
10.01.1986;0.00083
11.01.1986;0.00083
12.01.1986;0.00083
13.01.1986;0.00078
14.01.1986;0.00067
15.01.1986;0.00075
16.01.1986;0.00083
17.01.1986;0.00083
18.01.1986;0.00083
19.01.1986;0.00088
20.01.1986;0.00092
21.01.1986;0.00083
22.01.1986;0.00083
23.01.1986;0.00083
24.01.1986;0.00083
25.01.1986;0.001
26.01.1986;0.001
27.01.1986;0.001
28.01.1986;0.00088
29.01.1986;0.00083
30.01.1986;0.00083
31.01.1986;0.00083
1.02.1986;0.00083
2.02.1986;0.00083
3.02.1986;0.00088
4.02.1986;0.00108
5.02.1986;0.00112
6.02.1986;0.00117
7.02.1986;0.00142
8.02.1986;0.0015
9.02.1986;0.0015
10.02.1986;0.0015
11.02.1986;0.0015
12.02.1986;0.0015
13.02.1986;0.0015
14.02.1986;0.0015
15.02.1986;0.0015
16.02.1986;0.0015
17.02.1986;0.0015
18.02.1986;0.0015
19.02.1986;0.0015
20.02.1986;0.00153
21.02.1986;0.00167
22.02.1986;0.00167
23.02.1986;0.00167
24.02.1986;0.00167
25.02.1986;0.00167
26.02.1986;0.00167
27.02.1986;0.00167
28.02.1986;0.00167
1.03.1986;0.00167
2.03.1986;0.00167
3.03.1986;0.00167
4.03.1986;0.00153
5.03.1986;0.0015
6.03.1986;0.0015
7.03.1986;0.0015
8.03.1986;0.0015
9.03.1986;0.00147
10.03.1986;0.00192
11.03.1986;0.01028
12.03.1986;0.01058
13.03.1986;0.01042
14.03.1986;0.01167
15.03.1986;0.01333
16.03.1986;0.0275
17.03.1986;0.02708
18.03.1986;0.02667
19.03.1986;0.02167
20.03.1986;0.02105
21.03.1986;0.01792
22.03.1986;0.01417
23.03.1986;0.01333
24.03.1986;0.01147
25.03.1986;0.01272
26.03.1986;0.015
27.03.1986;0.01667
28.03.1986;0.01355
29.03.1986;0.01147
30.03.1986;0.01042
31.03.1986;0.01013
1.04.1986;0.01105
2.04.1986;0.0093
3.04.1986;0.00875
4.04.1986;0.00917
5.04.1986;0.00688
6.04.1986;0.00605
7.04.1986;0.00667
8.04.1986;0.00617
9.04.1986;0.0057
10.04.1986;0.00625
11.04.1986;0.00525
12.04.1986;0.00575
13.04.1986;0.0048
14.04.1986;0.00358
15.04.1986;0.00403
16.04.1986;0.00258
17.04.1986;0.0068
18.04.1986;0.00492
19.04.1986;0.00508
20.04.1986;0.0048
21.04.1986;0.006
22.04.1986;0.00725
23.04.1986;0.0075
24.04.1986;0.0088
25.04.1986;0.01083
26.04.1986;0.01208
27.04.1986;0.01333
28.04.1986;0.01333
29.04.1986;0.01167
30.04.1986;0.01063
1.05.1986;0.00897
2.05.1986;0.00858
3.05.1986;0.00813
4.05.1986;0.01042
5.05.1986;0.00833
6.05.1986;0.00617
7.05.1986;0.00297
8.05.1986;0.00875
9.05.1986;0.00558
10.05.1986;0.0057
11.05.1986;0.00438
12.05.1986;0.00492
13.05.1986;0.0048
14.05.1986;0.00495
15.05.1986;0.00547
16.05.1986;0.00458
17.05.1986;0.00397
18.05.1986;0.00333
19.05.1986;0.00408
20.05.1986;0.00342
21.05.1986;0.00397
22.05.1986;0.00347
23.05.1986;0.00328
24.05.1986;0.0037
25.05.1986;0.00325
26.05.1986;0.0037
27.05.1986;0.00208
28.05.1986;0.00342
29.05.1986;0.0032
30.05.1986;0.00247
31.05.1986;0.00322
1.06.1986;0.00253
2.06.1986;0.00258
3.06.1986;0.0027
4.06.1986;0.00178
5.06.1986;0.00238
6.06.1986;0.00287
7.06.1986;0.00167
8.06.1986;0.0018
9.06.1986;0.00195
10.06.1986;0.00195
11.06.1986;0.002
12.06.1986;0.00142
13.06.1986;0.00187
14.06.1986;0.00287
15.06.1986;0.00137
16.06.1986;0.0013
17.06.1986;0.00295
18.06.1986;0.00212
19.06.1986;0.00128
20.06.1986;0.00175
21.06.1986;0.00192
22.06.1986;0.00203
23.06.1986;0.00133
24.06.1986;0.00183
25.06.1986;0.00108
26.06.1986;0.00142
27.06.1986;0.00112
28.06.1986;0.00133
29.06.1986;0.00163
30.06.1986;0.001
1.07.1986;0.00083
2.07.1986;0.00092
3.07.1986;0.00117
4.07.1986;0.00112
5.07.1986;0.00092
6.07.1986;0.00083
7.07.1986;0.00137
8.07.1986;0.00133
9.07.1986;0.0012
10.07.1986;0.00108
11.07.1986;0.001
12.07.1986;0.001
13.07.1986;0.00117
14.07.1986;0.00117
15.07.1986;0.00103
16.07.1986;0.00103
17.07.1986;0.00092
18.07.1986;0.00083
19.07.1986;0.00095
20.07.1986;0.00067
21.07.1986;0.01712
22.07.1986;0.01388
23.07.1986;0.00927
24.07.1986;0.00578
25.07.1986;0.00492
26.07.1986;0.00167
27.07.1986;0.00153
28.07.1986;0.00195
29.07.1986;0.00128
30.07.1986;0.0015
31.07.1986;0.00137
1.08.1986;0.00142
2.08.1986;0.00342
3.08.1986;0.00345
4.08.1986;0.00133
5.08.1986;0.00125
6.08.1986;0.00103
7.08.1986;0.00117
8.08.1986;0.00117
9.08.1986;0.001
10.08.1986;0.001
11.08.1986;0.00133
12.08.1986;0.00145
13.08.1986;0.00403
14.08.1986;0.00117
15.08.1986;0.00117
16.08.1986;0.0012
17.08.1986;0.00117
18.08.1986;0.00133
19.08.1986;0.00133
20.08.1986;0.0012
21.08.1986;0.001
22.08.1986;0.00083
23.08.1986;0.00083
24.08.1986;0.001
25.08.1986;0.0012
26.08.1986;0.0012
27.08.1986;0.00117
28.08.1986;0.0012
29.08.1986;0.00133
30.08.1986;0.00133
31.08.1986;0.00133
1.09.1986;0.00133
2.09.1986;0.00133
3.09.1986;0.00117
4.09.1986;0.00117
5.09.1986;0.00117
6.09.1986;0.00117
7.09.1986;0.00117
8.09.1986;0.00117
9.09.1986;0.00117
10.09.1986;0.0012
11.09.1986;0.00125
12.09.1986;0.00125
13.09.1986;0.00117
14.09.1986;0.00117
15.09.1986;0.00117
16.09.1986;0.00117
17.09.1986;0.001
18.09.1986;0.001
19.09.1986;0.00103
20.09.1986;0.00108
21.09.1986;0.001
22.09.1986;0.00108
23.09.1986;0.00167
24.09.1986;0.00147
25.09.1986;0.00128
26.09.1986;0.00145
27.09.1986;0.00142
28.09.1986;0.00125
29.09.1986;0.00108
30.09.1986;0.001
1.10.1986;0.00112
2.10.1986;0.00092
3.10.1986;0.00092
4.10.1986;0.00088
5.10.1986;0.00083
6.10.1986;0.00095
7.10.1986;0.00092
8.10.1986;0.00092
9.10.1986;0.00075
10.10.1986;0.00075
11.10.1986;0.00078
12.10.1986;0.00083
13.10.1986;0.00087
14.10.1986;0.00083
15.10.1986;0.0008
16.10.1986;0.00058
17.10.1986;0.00058
18.10.1986;0.00053
19.10.1986;0.00038
20.10.1986;0.0007
21.10.1986;0.00087
22.10.1986;0.00133
23.10.1986;0.00097
24.10.1986;0.00095
25.10.1986;0.00108
26.10.1986;0.00117
27.10.1986;0.00103
28.10.1986;0.00083
29.10.1986;0.00083
30.10.1986;0.00083
31.10.1986;0.00083
1.11.1986;0.00078
2.11.1986;0.00088
3.11.1986;0.00083
4.11.1986;0.00083
5.11.1986;0.00067
6.11.1986;0.00075
7.11.1986;0.00075
8.11.1986;0.00078
9.11.1986;0.00075
10.11.1986;0.0005
11.11.1986;0.0005
12.11.1986;0.0005
13.11.1986;0.0005
14.11.1986;0.0005
15.11.1986;0.0005
16.11.1986;0.0005
17.11.1986;0.0005
18.11.1986;0.0005
19.11.1986;0.0005
20.11.1986;0.0005
21.11.1986;0.0005
22.11.1986;0.0005
23.11.1986;0.0005
24.11.1986;0.0005
25.11.1986;0.0005
26.11.1986;0.0005
27.11.1986;0.0005
28.11.1986;0.0005
29.11.1986;0.0005
30.11.1986;0.0005
1.12.1986;0.0005
2.12.1986;0.00045
3.12.1986;0.00033
4.12.1986;0.00033
5.12.1986;0.00033
6.12.1986;0.00033
7.12.1986;0.00033
8.12.1986;0.00045
9.12.1986;0.00042
10.12.1986;0.00033
11.12.1986;0.00033
12.12.1986;0.00033
13.12.1986;0.00033
14.12.1986;0.00033
15.12.1986;0.0005
16.12.1986;0.0005
17.12.1986;0.0005
18.12.1986;0.0005
19.12.1986;0.0005
20.12.1986;0.0005
21.12.1986;0.0005
22.12.1986;0.0005
23.12.1986;0.0005
24.12.1986;0.0005
25.12.1986;0.0005
26.12.1986;0.0005
27.12.1986;0.0005
28.12.1986;0.0005
29.12.1986;0.00038
30.12.1986;0.0002
31.12.1986;0.00017
1.01.1987;0.00017
2.01.1987;0.00017
3.01.1987;0.00017
4.01.1987;0.00017
5.01.1987;0.00017
6.01.1987;0.00017
7.01.1987;0.00017
8.01.1987;0.00017
9.01.1987;0.00017
10.01.1987;0.00017
11.01.1987;0.00017
12.01.1987;0.00017
13.01.1987;0.00017
14.01.1987;0.00017
15.01.1987;0.00017
16.01.1987;0.00017
17.01.1987;0.00017
18.01.1987;0.00017
19.01.1987;0.00017
20.01.1987;0.00017
21.01.1987;0.00017
22.01.1987;0.00017
23.01.1987;0.00017
24.01.1987;0.00017
25.01.1987;0.00017
26.01.1987;0.00017
27.01.1987;0.00017
28.01.1987;0.00017
29.01.1987;0.00017
30.01.1987;0.00017
31.01.1987;0.00017
1.02.1987;0.00017
2.02.1987;0.00017
3.02.1987;0.00017
4.02.1987;0.00017
5.02.1987;0.00017
6.02.1987;0.00017
7.02.1987;0.00017
8.02.1987;0.00017
9.02.1987;0.00017
10.02.1987;0.00017
11.02.1987;0.00017
12.02.1987;0.00017
13.02.1987;0.00017
14.02.1987;0.00017
15.02.1987;0.00017
16.02.1987;0.00017
17.02.1987;0.00017
18.02.1987;0.00017
19.02.1987;0.00017
20.02.1987;0.00017
21.02.1987;0.00017
22.02.1987;0.00017
23.02.1987;0.00017
24.02.1987;0.00017
25.02.1987;0.00017
26.02.1987;0.00017
27.02.1987;0.00042
28.02.1987;0.0005
1.03.1987;0.0005
2.03.1987;0.0005
3.03.1987;0.00062
4.03.1987;0.00067
5.03.1987;0.00067
6.03.1987;0.00067
7.03.1987;0.00067
8.03.1987;0.00067
9.03.1987;0.00067
10.03.1987;0.00067
11.03.1987;0.00067
12.03.1987;0.00067
13.03.1987;0.00067
14.03.1987;0.00067
15.03.1987;0.00067
16.03.1987;0.00067
17.03.1987;0.00067
18.03.1987;0.00067
19.03.1987;0.00067
20.03.1987;0.00067
21.03.1987;0.00067
22.03.1987;0.00067
23.03.1987;0.00067
24.03.1987;0.00067
25.03.1987;0.00067
26.03.1987;0.00067
27.03.1987;0.00067
28.03.1987;0.0007
29.03.1987;0.00083
30.03.1987;0.00083
31.03.1987;0.00083
1.04.1987;0.00108
2.04.1987;0.0312
3.04.1987;0.04672
4.04.1987;0.05267
5.04.1987;0.03938
6.04.1987;0.01938
7.04.1987;0.03625
8.04.1987;0.00638
9.04.1987;0.03258
10.04.1987;0.03667
11.04.1987;0.02772
12.04.1987;0.05458
13.04.1987;0.05792
14.04.1987;0.04833
15.04.1987;0.04417
16.04.1987;0.02833
17.04.1987;0.02
18.04.1987;0.01883
19.04.1987;0.01875
20.04.1987;0.01147
21.04.1987;0.01397
22.04.1987;0.01167
23.04.1987;0.01083
24.04.1987;0.0195
25.04.1987;0.00775
26.04.1987;0.01342
27.04.1987;0.02312
28.04.1987;0.01492
29.04.1987;0.00958
30.04.1987;0.0218
1.05.1987;0.00675
2.05.1987;0.00492
3.05.1987;0.00888
4.05.1987;0.00412
5.05.1987;0.00625
6.05.1987;0.00675
7.05.1987;0.007
8.05.1987;0.0073
9.05.1987;0.008
10.05.1987;0.00833
11.05.1987;0.00708
12.05.1987;0.00188
13.05.1987;0.00343
14.05.1987;0.00417
15.05.1987;0.00425
16.05.1987;0.00392
17.05.1987;0.002
18.05.1987;0.01125
19.05.1987;0.00522
20.05.1987;0.006
21.05.1987;0.00972
22.05.1987;0.0145
23.05.1987;0.01925
24.05.1987;0.02347
25.05.1987;0.02367
26.05.1987;0.02
27.05.1987;0.01522
28.05.1987;0.0173
29.05.1987;0.02302
30.05.1987;0.00917
31.05.1987;0.01513
1.06.1987;0.015
2.06.1987;0.01108
3.06.1987;0.01313
4.06.1987;0.00555
5.06.1987;0.01105
6.06.1987;0.00958
7.06.1987;0.01055
8.06.1987;0.0075
9.06.1987;0.00772
10.06.1987;0.01025
11.06.1987;0.0073
12.06.1987;0.0045
13.06.1987;0.0068
14.06.1987;0.00508
15.06.1987;0.00517
16.06.1987;0.00638
17.06.1987;0.00522
18.06.1987;0.0043
19.06.1987;0.00412
20.06.1987;0.002
21.06.1987;0.02117
22.06.1987;0.0055
23.06.1987;0.00375
24.06.1987;0.00408
25.06.1987;0.0045
26.06.1987;0.00222
27.06.1987;0.0038
28.06.1987;0.00403
29.06.1987;0.00537
30.06.1987;0.00283
1.07.1987;0.00487
2.07.1987;0.00255
3.07.1987;0.00292
4.07.1987;0.00292
5.07.1987;0.00355
6.07.1987;0.00272
7.07.1987;0.00305
8.07.1987;0.0032
9.07.1987;0.007
10.07.1987;0.00317
11.07.1987;0.00292
12.07.1987;0.00317
13.07.1987;0.0013
14.07.1987;0.00233
15.07.1987;0.00142
16.07.1987;0.00162
17.07.1987;0.0013
18.07.1987;0.00117
19.07.1987;0.00167
20.07.1987;0.00092
21.07.1987;0.0015
22.07.1987;0.00133
23.07.1987;0.00108
24.07.1987;0.00133
25.07.1987;0.00133
26.07.1987;0.00133
27.07.1987;0.00108
28.07.1987;0.001
29.07.1987;0.001
30.07.1987;0.001
31.07.1987;0.001
1.08.1987;0.00092
2.08.1987;0.00083
3.08.1987;0.00083
4.08.1987;0.00083
5.08.1987;0.00083
6.08.1987;0.00083
7.08.1987;0.00083
8.08.1987;0.00083
9.08.1987;0.00083
10.08.1987;0.00083
11.08.1987;0.00083
12.08.1987;0.00083
13.08.1987;0.00083
14.08.1987;0.00083
15.08.1987;0.00083
16.08.1987;0.00083
17.08.1987;0.00083
18.08.1987;0.00075
19.08.1987;0.00067
20.08.1987;0.00075
21.08.1987;0.00083
22.08.1987;0.00083
23.08.1987;0.00083
24.08.1987;0.00067
25.08.1987;0.00058
26.08.1987;0.00078
27.08.1987;0.00058
28.08.1987;0.00067
29.08.1987;0.00067
30.08.1987;0.00067
31.08.1987;0.00063
1.09.1987;0.0005
2.09.1987;0.0005
3.09.1987;0.00058
4.09.1987;0.00062
5.09.1987;0.00062
6.09.1987;0.0005
7.09.1987;0.0005
8.09.1987;0.0005
9.09.1987;0.0005
10.09.1987;0.0005
11.09.1987;0.0005
12.09.1987;0.0005
13.09.1987;0.0005
14.09.1987;0.0005
15.09.1987;0.0005
16.09.1987;0.0005
17.09.1987;0.0005
18.09.1987;0.0005
19.09.1987;0.0005
20.09.1987;0.0005
21.09.1987;0.0005
22.09.1987;0.0005
23.09.1987;0.0005
24.09.1987;0.0005
25.09.1987;0.0005
26.09.1987;0.0005
27.09.1987;0.0005
28.09.1987;0.0005
29.09.1987;0.0005
30.09.1987;0.0005
1.10.1987;0.0005
2.10.1987;0.0005
3.10.1987;0.0005
4.10.1987;0.0005
5.10.1987;0.0005
6.10.1987;0.00033
7.10.1987;0.00047
8.10.1987;0.00058
9.10.1987;0.00075
10.10.1987;0.00108
11.10.1987;0.00092
12.10.1987;0.0005
13.10.1987;0.0005
14.10.1987;0.0005
15.10.1987;0.0005
16.10.1987;0.0005
17.10.1987;0.0005
18.10.1987;0.0005
19.10.1987;0.0005
20.10.1987;0.0005
21.10.1987;0.0005
22.10.1987;0.0005
23.10.1987;0.0005
24.10.1987;0.0005
25.10.1987;0.0005
26.10.1987;0.0005
27.10.1987;0.0005
28.10.1987;0.0005
29.10.1987;0.0005
30.10.1987;0.0005
31.10.1987;0.0005
1.11.1987;0.0005
2.11.1987;0.0005
3.11.1987;0.0005
4.11.1987;0.00033
5.11.1987;0.00033
6.11.1987;0.00033
7.11.1987;0.00033
8.11.1987;0.00033
9.11.1987;0.00033
10.11.1987;0.0005
11.11.1987;0.00078
12.11.1987;0.00083
13.11.1987;0.00083
14.11.1987;0.00067
15.11.1987;0.0005
16.11.1987;0.00055
17.11.1987;0.00067
18.11.1987;0.00067
19.11.1987;0.00067
20.11.1987;0.00067
21.11.1987;0.00067
22.11.1987;0.00067
23.11.1987;0.00083
24.11.1987;0.00083
25.11.1987;0.00083
26.11.1987;0.00058
27.11.1987;0.0007
28.11.1987;0.00083
29.11.1987;0.00083
30.11.1987;0.00083
1.12.1987;0.00083
2.12.1987;0.00083
3.12.1987;0.0007
4.12.1987;0.0005
5.12.1987;0.0005
6.12.1987;0.0005
7.12.1987;0.0005
8.12.1987;0.0005
9.12.1987;0.0005
10.12.1987;0.0005
11.12.1987;0.0005
12.12.1987;0.0005
13.12.1987;0.0005
14.12.1987;0.00033
15.12.1987;0.00033
16.12.1987;0.00033
17.12.1987;0.00033
18.12.1987;0.00033
19.12.1987;0.00033
20.12.1987;0.00033
21.12.1987;0.00033
22.12.1987;0.00033
23.12.1987;0.00033
24.12.1987;0.00033
25.12.1987;0.00033
26.12.1987;0.00033
27.12.1987;0.00033
28.12.1987;0.00033
29.12.1987;0.00033
30.12.1987;0.00033
31.12.1987;0.00033
1.01.1988;0.00033
2.01.1988;0.00033
3.01.1988;0.00033
4.01.1988;0.00033
5.01.1988;0.00033
6.01.1988;0.00033
7.01.1988;0.00033
8.01.1988;0.00033
9.01.1988;0.00033
10.01.1988;0.00033
11.01.1988;0.00033
12.01.1988;0.00033
13.01.1988;0.00033
14.01.1988;0.00033
15.01.1988;0.00033
16.01.1988;0.00033
17.01.1988;0.00033
18.01.1988;0.00033
19.01.1988;0.00033
20.01.1988;0.00033
21.01.1988;0.00033
22.01.1988;0.00033
23.01.1988;0.00033
24.01.1988;0.00033
25.01.1988;0.00033
26.01.1988;0.00033
27.01.1988;0.00033
28.01.1988;0.00033
29.01.1988;0.0005
30.01.1988;0.001
31.01.1988;0.01415
1.02.1988;0.01898
2.02.1988;0.01407
3.02.1988;0.01453
4.02.1988;0.01422
5.02.1988;0.00982
6.02.1988;0.00738
7.02.1988;0.00515
8.02.1988;0.00463
9.02.1988;0.0051
10.02.1988;0.00738
11.02.1988;0.00533
12.02.1988;0.00493
13.02.1988;0.00588
14.02.1988;0.00212
15.02.1988;0.00688
16.02.1988;0.00728
17.02.1988;0.00265
18.02.1988;0.00805
19.02.1988;0.00657
20.02.1988;0.00412
21.02.1988;0.0017
22.02.1988;0.0088
23.02.1988;0.00653
24.02.1988;0.00358
25.02.1988;0.00192
26.02.1988;0.00167
27.02.1988;0.0104
28.02.1988;0.00425
29.02.1988;0.00457
1.03.1988;0.00435
2.03.1988;0.0047
3.03.1988;0.00167
4.03.1988;0.0131
5.03.1988;0.00405
6.03.1988;0.0048
7.03.1988;0.00487
8.03.1988;0.00528
9.03.1988;0.00515
10.03.1988;0.00387
11.03.1988;0.00425
12.03.1988;0.0044
13.03.1988;0.00422
14.03.1988;0.0026
15.03.1988;0.00798
16.03.1988;0.00402
17.03.1988;0.00522
18.03.1988;0.00658
19.03.1988;0.00958
20.03.1988;0.01105
21.03.1988;0.0125
22.03.1988;0.01208
23.03.1988;0.01235
24.03.1988;0.0171
25.03.1988;0.02167
26.03.1988;0.03772
27.03.1988;0.04208
28.03.1988;0.03417
29.03.1988;0.02918
30.03.1988;0.02417
31.03.1988;0.02167
1.04.1988;0.0325
2.04.1988;0.05583
3.04.1988;0.04875
4.04.1988;0.04042
5.04.1988;0.035
6.04.1988;0.02875
7.04.1988;0.02542
8.04.1988;0.0225
9.04.1988;0.02167
10.04.1988;0.02135
11.04.1988;0.01875
12.04.1988;0.0175
13.04.1988;0.01625
14.04.1988;0.01667
15.04.1988;0.0159
16.04.1988;0.0163
17.04.1988;0.01292
18.04.1988;0.01333
19.04.1988;0.01372
20.04.1988;0.01417
21.04.1988;0.01125
22.04.1988;0.01412
23.04.1988;0.0174
24.04.1988;0.01458
25.04.1988;0.00958
26.04.1988;0.00917
27.04.1988;0.01297
28.04.1988;0.005
29.04.1988;0.00958
30.04.1988;0.00708
1.05.1988;0.0088
2.05.1988;0.0075
3.05.1988;0.00292
4.05.1988;0.01147
5.05.1988;0.00975
6.05.1988;0.00423
7.05.1988;0.00627
8.05.1988;0.0078
9.05.1988;0.0081
10.05.1988;0.00375
11.05.1988;0.0098
12.05.1988;0.00458
13.05.1988;0.00283
14.05.1988;0.01403
15.05.1988;0.00522
16.05.1988;0.00283
17.05.1988;0.01168
18.05.1988;0.00483
19.05.1988;0.00763
20.05.1988;0.0075
21.05.1988;0.00708
22.05.1988;0.00433
23.05.1988;0.00458
24.05.1988;0.005
25.05.1988;0.00542
26.05.1988;0.00417
27.05.1988;0.00417
28.05.1988;0.00417
29.05.1988;0.00458
30.05.1988;0.00542
31.05.1988;0.00458
1.06.1988;0.00375
2.06.1988;0.00708
3.06.1988;0.00392
4.06.1988;0.00458
5.06.1988;0.00375
6.06.1988;0.00333
7.06.1988;0.00333
8.06.1988;0.0025
9.06.1988;0.00292
10.06.1988;0.002
11.06.1988;0.00147
12.06.1988;0.00105
13.06.1988;0.00092
14.06.1988;0.00092
15.06.1988;0.00108
16.06.1988;0.00092
17.06.1988;0.00125
18.06.1988;0.00142
19.06.1988;0.00133
20.06.1988;0.00105
21.06.1988;0.00092
22.06.1988;0.00188
23.06.1988;0.00092
24.06.1988;0.002
25.06.1988;0.00083
26.06.1988;0.00083
27.06.1988;0.00108
28.06.1988;0.00075
29.06.1988;0.00067
30.06.1988;0.00242
1.07.1988;0.00083
2.07.1988;0.0015
3.07.1988;0.00083
4.07.1988;0.00092
5.07.1988;0.00075
6.07.1988;0.00042
7.07.1988;0.00042
8.07.1988;0.00042
9.07.1988;0.00108
10.07.1988;0.001
11.07.1988;0.001
12.07.1988;0.00117
13.07.1988;0.00117
14.07.1988;0.00117
15.07.1988;0.00117
16.07.1988;0.00117
17.07.1988;0.00117
18.07.1988;0.00133
19.07.1988;0.0015
20.07.1988;0.00158
21.07.1988;0.0015
22.07.1988;0.0015
23.07.1988;0.0015
24.07.1988;0.0015
25.07.1988;0.00133
26.07.1988;0.0015
27.07.1988;0.0015
28.07.1988;0.00133
29.07.1988;0.00138
30.07.1988;0.00183
31.07.1988;0.00133
1.08.1988;0.00133
2.08.1988;0.00133
3.08.1988;0.00133
4.08.1988;0.00133
5.08.1988;0.00117
6.08.1988;0.00117
7.08.1988;0.001
8.08.1988;0.001
9.08.1988;0.00097
10.08.1988;0.00083
11.08.1988;0.00083
12.08.1988;0.001
13.08.1988;0.001
14.08.1988;0.001
15.08.1988;0.001
16.08.1988;0.00117
17.08.1988;0.00117
18.08.1988;0.00133
19.08.1988;0.00117
20.08.1988;0.00117
21.08.1988;0.00133
22.08.1988;0.00133
23.08.1988;0.0015
24.08.1988;0.0015
25.08.1988;0.0015
26.08.1988;0.0015
27.08.1988;0.0015
28.08.1988;0.0015
29.08.1988;0.00142
30.08.1988;0.00133
31.08.1988;0.00133
1.09.1988;0.00133
2.09.1988;0.00133
3.09.1988;0.00133
4.09.1988;0.00117
5.09.1988;0.00083
6.09.1988;0.00083
7.09.1988;0.00083
8.09.1988;0.00083
9.09.1988;0.00083
10.09.1988;0.00083
11.09.1988;0.00072
12.09.1988;0.00083
13.09.1988;0.001
14.09.1988;0.001
15.09.1988;0.00122
16.09.1988;0.00125
17.09.1988;0.00125
18.09.1988;0.00117
19.09.1988;0.00108
20.09.1988;0.00117
21.09.1988;0.00133
22.09.1988;0.00122
23.09.1988;0.00117
24.09.1988;0.00125
25.09.1988;0.00122
26.09.1988;0.00125
27.09.1988;0.0015
28.09.1988;0.00133
29.09.1988;0.00133
30.09.1988;0.00133
1.10.1988;0.00125
2.10.1988;0.001
3.10.1988;0.001
4.10.1988;0.00108
5.10.1988;0.00083
6.10.1988;0.00067
7.10.1988;0.0005
8.10.1988;0.0005
9.10.1988;0.0005
10.10.1988;0.00033
11.10.1988;0.00033
12.10.1988;0.00033
13.10.1988;0.00033
14.10.1988;0.00033
15.10.1988;0.00033
16.10.1988;0.00033
17.10.1988;0.00033
18.10.1988;0.00033
19.10.1988;0.00033
20.10.1988;0.00033
21.10.1988;0.00033
22.10.1988;0.00033
23.10.1988;0.00033
24.10.1988;0.00025
25.10.1988;0.00033
26.10.1988;0.00025
27.10.1988;0.00025
28.10.1988;0.00033
29.10.1988;0.00033
30.10.1988;0.00033
31.10.1988;0.00033
1.11.1988;0.00042
2.11.1988;0.00042
3.11.1988;0.00042
4.11.1988;0.00033
5.11.1988;0.00017
6.11.1988;0.00017
7.11.1988;0.00017
8.11.1988;0.00025
9.11.1988;0.00025
10.11.1988;0.00017
11.11.1988;0.00017
12.11.1988;0.00017
13.11.1988;0.00017
14.11.1988;0.00017
15.11.1988;0.00017
16.11.1988;0.00017
17.11.1988;0.00017
18.11.1988;0.00017
19.11.1988;0.00017
20.11.1988;0.00017
21.11.1988;0.00017
22.11.1988;0.00017
23.11.1988;0.00017
24.11.1988;0.00017
25.11.1988;0.00017
26.11.1988;0.00017
27.11.1988;0.00017
28.11.1988;0.00017
29.11.1988;0.00025
30.11.1988;0.00042
1.12.1988;0.00047
2.12.1988;0.00038
3.12.1988;0.00025
4.12.1988;0.00017
5.12.1988;0.00017
6.12.1988;0.00033
7.12.1988;0.0005
8.12.1988;0.00042
9.12.1988;0.00033
10.12.1988;0.00033
11.12.1988;0.00033
12.12.1988;0.00033
13.12.1988;0.00033
14.12.1988;0.00033
15.12.1988;0.00025
16.12.1988;0.00025
17.12.1988;0.00025
18.12.1988;0.00025
19.12.1988;0.00017
20.12.1988;0.00017
21.12.1988;0.00017
22.12.1988;0.00017
23.12.1988;0.00017
24.12.1988;0.00017
25.12.1988;0.00017
26.12.1988;0.00017
27.12.1988;0.00017
28.12.1988;0.00017
29.12.1988;0.00017
30.12.1988;0.00033
31.12.1988;0.00042
1.01.1989;0.00017
2.01.1989;0.00017
3.01.1989;0.00017
4.01.1989;0.00017
5.01.1989;0.00017
6.01.1989;0.00017
7.01.1989;0.00017
8.01.1989;0.00017
9.01.1989;0.00017
10.01.1989;0.00017
11.01.1989;0.00017
12.01.1989;0.00017
13.01.1989;0.00017
14.01.1989;0.00017
15.01.1989;0.00017
16.01.1989;0.00017
17.01.1989;0.00017
18.01.1989;0.00017
19.01.1989;0.00017
20.01.1989;0.00017
21.01.1989;0.00017
22.01.1989;0.00017
23.01.1989;0.00017
24.01.1989;0.00017
25.01.1989;0.00017
26.01.1989;0.00017
27.01.1989;0.00017
28.01.1989;0.00017
29.01.1989;0.00017
30.01.1989;0.00017
31.01.1989;0.00017
1.02.1989;0.00017
2.02.1989;0.00017
3.02.1989;0.00017
4.02.1989;0.00042
5.02.1989;0.00043
6.02.1989;0.00017
7.02.1989;0.00017
8.02.1989;0.00017
9.02.1989;0.00017
10.02.1989;0.00017
11.02.1989;0.00017
12.02.1989;0.00017
13.02.1989;0.00017
14.02.1989;0.00017
15.02.1989;0.00017
16.02.1989;0.00017
17.02.1989;0.00017
18.02.1989;0.00017
19.02.1989;0.00017
20.02.1989;0.00037
21.02.1989;0.00037
22.02.1989;0.00017
23.02.1989;0.00017
24.02.1989;0.00017
25.02.1989;0.00017
26.02.1989;0.00037
27.02.1989;0.0005
28.02.1989;0.0005
1.03.1989;0.0005
2.03.1989;0.0005
3.03.1989;0.0005
4.03.1989;0.0005
5.03.1989;0.00057
6.03.1989;0.00058
7.03.1989;0.00075
8.03.1989;0.00083
9.03.1989;0.00083
10.03.1989;0.00083
11.03.1989;0.00083
12.03.1989;0.00083
13.03.1989;0.00083
14.03.1989;0.00083
15.03.1989;0.00083
16.03.1989;0.00083
17.03.1989;0.00083
18.03.1989;0.00083
19.03.1989;0.00083
20.03.1989;0.00083
21.03.1989;0.00083
22.03.1989;0.00125
23.03.1989;0.00147
24.03.1989;0.0185
25.03.1989;0.00467
26.03.1989;0.0056
27.03.1989;0.0015
28.03.1989;0.01585
29.03.1989;0.00183
30.03.1989;0.00133
31.03.1989;0.00815
1.04.1989;0.00468
2.04.1989;0.00167
3.04.1989;0.00142
4.04.1989;0.0084
5.04.1989;0.00348
6.04.1989;0.00133
7.04.1989;0.00867
8.04.1989;0.00167
9.04.1989;0.00555
10.04.1989;0.01047
11.04.1989;0.00547
12.04.1989;0.00555
13.04.1989;0.01287
14.04.1989;0.00575
15.04.1989;0.01002
16.04.1989;0.0015
17.04.1989;0.00982
18.04.1989;0.00133
19.04.1989;0.01168
20.04.1989;0.00133
21.04.1989;0.0088
22.04.1989;0.00117
23.04.1989;0.01128
24.04.1989;0.0044
25.04.1989;0.00343
26.04.1989;0.00635
27.04.1989;0.00448
28.04.1989;0.00665
29.04.1989;0.002
30.04.1989;0.00762
1.05.1989;0.03963
2.05.1989;0.09083
3.05.1989;0.08147
4.05.1989;0.05938
5.05.1989;0.0425
6.05.1989;0.03613
7.05.1989;0.02907
8.05.1989;0.02892
9.05.1989;0.0309
10.05.1989;0.02438
11.05.1989;0.02055
12.05.1989;0.02028
13.05.1989;0.01323
14.05.1989;0.01055
15.05.1989;0.0109
16.05.1989;0.0076
17.05.1989;0.00732
18.05.1989;0.00745
19.05.1989;0.00677
20.05.1989;0.0055
21.05.1989;0.00702
22.05.1989;0.00323
23.05.1989;0.00583
24.05.1989;0.00167
25.05.1989;0.00585
26.05.1989;0.00513
27.05.1989;0.00263
28.05.1989;0.0038
29.05.1989;0.00083
30.05.1989;0.00482
31.05.1989;0.00167
1.06.1989;0.00067
2.06.1989;0.00687
3.06.1989;0.0025
4.06.1989;0.0015
5.06.1989;0.00067
6.06.1989;0.00585
7.06.1989;0.00192
8.06.1989;0.00192
9.06.1989;0.00192
10.06.1989;0.00192
11.06.1989;0.00192
12.06.1989;0.00188
13.06.1989;0.00162
14.06.1989;0.00165
15.06.1989;0.00167
16.06.1989;0.00167
17.06.1989;0.00167
18.06.1989;0.00167
19.06.1989;0.00138
20.06.1989;0.00127
21.06.1989;0.00127
22.06.1989;0.00127
23.06.1989;0.00127
24.06.1989;0.00127
25.06.1989;0.00127
26.06.1989;0.00158
27.06.1989;0.00147
28.06.1989;0.00092
29.06.1989;0.00112
30.06.1989;0.00083
1.07.1989;0.00083
2.07.1989;0.00075
3.07.1989;0.00083
4.07.1989;0.00083
5.07.1989;0.00133
6.07.1989;0.00083
7.07.1989;0.00097
8.07.1989;0.00105
9.07.1989;0.00147
10.07.1989;0.00083
11.07.1989;0.00117
12.07.1989;0.00125
13.07.1989;0.0015
14.07.1989;0.0015
15.07.1989;0.00125
16.07.1989;0.00138
17.07.1989;0.00133
18.07.1989;0.00117
19.07.1989;0.00125
20.07.1989;0.00117
21.07.1989;0.00125
22.07.1989;0.00125
23.07.1989;0.00117
24.07.1989;0.00133
25.07.1989;0.00117
26.07.1989;0.00108
27.07.1989;0.001
28.07.1989;0.001
29.07.1989;0.00108
30.07.1989;0.00117
31.07.1989;0.00117
1.08.1989;0.00133
2.08.1989;0.00117
3.08.1989;0.00117
4.08.1989;0.00117
5.08.1989;0.00117
6.08.1989;0.00117
7.08.1989;0.00108
8.08.1989;0.00117
9.08.1989;0.00117
10.08.1989;0.00117
11.08.1989;0.00117
12.08.1989;0.00108
13.08.1989;0.00108
14.08.1989;0.00108
15.08.1989;0.00108
16.08.1989;0.0012
17.08.1989;0.00133
18.08.1989;0.00117
19.08.1989;0.00117
20.08.1989;0.00117
21.08.1989;0.00117
22.08.1989;0.00117
23.08.1989;0.00117
24.08.1989;0.00117
25.08.1989;0.00117
26.08.1989;0.00117
27.08.1989;0.00117
28.08.1989;0.00117
29.08.1989;0.00117
30.08.1989;0.00112
31.08.1989;0.00125
1.09.1989;0.0012
2.09.1989;0.00105
3.09.1989;0.00117
4.09.1989;0.00083
5.09.1989;0.00092
6.09.1989;0.00108
7.09.1989;0.00108
8.09.1989;0.00067
9.09.1989;0.0007
10.09.1989;0.00075
11.09.1989;0.0007
12.09.1989;0.00083
13.09.1989;0.00078
14.09.1989;0.00083
15.09.1989;0.00092
16.09.1989;0.001
17.09.1989;0.00088
18.09.1989;0.00092
19.09.1989;0.00097
20.09.1989;0.00105
21.09.1989;0.001
22.09.1989;0.00117
23.09.1989;0.00108
24.09.1989;0.00092
25.09.1989;0.00088
26.09.1989;0.00108
27.09.1989;0.00105
28.09.1989;0.0012
29.09.1989;0.00125
30.09.1989;0.00105
1.10.1989;0.001
2.10.1989;0.00112
3.10.1989;0.00117
4.10.1989;0.00117
5.10.1989;0.00117
6.10.1989;0.00117
7.10.1989;0.00117
8.10.1989;0.00083
9.10.1989;0.00097
10.10.1989;0.00097
11.10.1989;0.00112
12.10.1989;0.00117
13.10.1989;0.00108
14.10.1989;0.00108
15.10.1989;0.00075
16.10.1989;0.00083
17.10.1989;0.00108
18.10.1989;0.00133
19.10.1989;0.00133
20.10.1989;0.0012
21.10.1989;0.00112
22.10.1989;0.001
23.10.1989;0.00115
24.10.1989;0.00108
25.10.1989;0.00117
26.10.1989;0.00108
27.10.1989;0.00108
28.10.1989;0.00108
29.10.1989;0.00108
30.10.1989;0.00088
31.10.1989;0.00105
1.11.1989;0.00105
2.11.1989;0.00108
3.11.1989;0.001
4.11.1989;0.00083
5.11.1989;0.00047
6.11.1989;0.00037
7.11.1989;0.00067
8.11.1989;0.00067
9.11.1989;0.00058
10.11.1989;0.0005
11.11.1989;0.0005
12.11.1989;0.0005
13.11.1989;0.0005
14.11.1989;0.0005
15.11.1989;0.0005
16.11.1989;0.00063
17.11.1989;0.0007
18.11.1989;0.0007
19.11.1989;0.00075
20.11.1989;0.00055
21.11.1989;0.00067
22.11.1989;0.00067
23.11.1989;0.00067
24.11.1989;0.00058
25.11.1989;0.00058
26.11.1989;0.0004
27.11.1989;0.00042
28.11.1989;0.00042
29.11.1989;0.00042
30.11.1989;0.00042
1.12.1989;0.00042
2.12.1989;0.0004
3.12.1989;0.00033
4.12.1989;0.00033
5.12.1989;0.00033
6.12.1989;0.00033
7.12.1989;0.00033
8.12.1989;0.00033
9.12.1989;0.00033
10.12.1989;0.00033
11.12.1989;0.00033
12.12.1989;0.00033
13.12.1989;0.00033
14.12.1989;0.00033
15.12.1989;0.00033
16.12.1989;0.00037
17.12.1989;0.00037
18.12.1989;0.00037
19.12.1989;0.00037
20.12.1989;0.00032
21.12.1989;0.00025
22.12.1989;0.00025
23.12.1989;0.00025
24.12.1989;0.00033
25.12.1989;0.00033
26.12.1989;0.00025
27.12.1989;0.00025
28.12.1989;0.00025
29.12.1989;0.00025
30.12.1989;0.00033
31.12.1989;0.00033
1.01.1990;0.00033
2.01.1990;0.00025
3.01.1990;0.00017
4.01.1990;0.00017
5.01.1990;0.00017
6.01.1990;0.00017
7.01.1990;0.00017
8.01.1990;0.00025
9.01.1990;0.00017
10.01.1990;0.00017
11.01.1990;0.00017
12.01.1990;0.00017
13.01.1990;0.00017
14.01.1990;0.00017
15.01.1990;0.00025
16.01.1990;0.00017
17.01.1990;0.00017
18.01.1990;0
19.01.1990;0
20.01.1990;0
21.01.1990;0
22.01.1990;0
23.01.1990;0
24.01.1990;0
25.01.1990;0
26.01.1990;0
27.01.1990;0
28.01.1990;0
29.01.1990;0.00017
30.01.1990;0
31.01.1990;0
1.02.1990;0
2.02.1990;0
3.02.1990;0
4.02.1990;0
5.02.1990;0
6.02.1990;0
7.02.1990;0
8.02.1990;0
9.02.1990;0
10.02.1990;0
11.02.1990;0.00005
12.02.1990;0.00013
13.02.1990;0
14.02.1990;0
15.02.1990;0
16.02.1990;0
17.02.1990;0
18.02.1990;0
19.02.1990;0
20.02.1990;0
21.02.1990;0
22.02.1990;0
23.02.1990;0
24.02.1990;0
25.02.1990;0
26.02.1990;0
27.02.1990;0.00008
28.02.1990;0.00025
1.03.1990;0.00017
2.03.1990;0.00025
3.03.1990;0.00033
4.03.1990;0.00035
5.03.1990;0.00042
6.03.1990;0.00033
7.03.1990;0.00033
8.03.1990;0.00033
9.03.1990;0.00033
10.03.1990;0.00033
11.03.1990;0.00033
12.03.1990;0.00042
13.03.1990;0.00038
14.03.1990;0.00042
15.03.1990;0.00033
16.03.1990;0.00018
17.03.1990;0.00033
18.03.1990;0.00033
19.03.1990;0.0004
20.03.1990;0.00033
21.03.1990;0.00033
22.03.1990;0.00033
23.03.1990;0.00033
24.03.1990;0.00038
25.03.1990;0.0005
26.03.1990;0.0005
27.03.1990;0.0005
28.03.1990;0.00047
29.03.1990;0.00033
30.03.1990;0.00032
31.03.1990;0.00025
1.04.1990;0.00022
2.04.1990;0.00028
3.04.1990;0.00028
4.04.1990;0.00033
5.04.1990;0.0004
6.04.1990;0.00048
7.04.1990;0.00033
8.04.1990;0.00028
9.04.1990;0.0005
10.04.1990;0.00033
11.04.1990;0.00028
12.04.1990;0.00017
13.04.1990;0.00017
14.04.1990;0.00017
15.04.1990;0.00017
16.04.1990;0.00032
17.04.1990;0.00022
18.04.1990;0.00017
19.04.1990;0.00017
20.04.1990;0.00017
21.04.1990;0.0002
22.04.1990;0.00037
23.04.1990;0.00053
24.04.1990;0.0005
25.04.1990;0.00075
26.04.1990;0.00108
27.04.1990;0.01318
28.04.1990;0.00958
29.04.1990;0.00172
30.04.1990;0.00857
1.05.1990;0.00492
2.05.1990;0.00587
3.05.1990;0.00517
4.05.1990;0.0038
5.05.1990;0.00412
6.05.1990;0.00133
7.05.1990;0.00133
8.05.1990;0.00708
9.05.1990;0.00378
10.05.1990;0.00117
11.05.1990;0.00475
12.05.1990;0.00122
13.05.1990;0.00475
14.05.1990;0.00133
15.05.1990;0.00125
16.05.1990;0.00297
17.05.1990;0.00392
18.05.1990;0.00117
19.05.1990;0.00125
20.05.1990;0.0037
21.05.1990;0.00133
22.05.1990;0.00205
23.05.1990;0.0013
24.05.1990;0.00117
25.05.1990;0.00117
26.05.1990;0.00323
27.05.1990;0.00125
28.05.1990;0.00125
29.05.1990;0.00167
30.05.1990;0.0015
31.05.1990;0.00133
1.06.1990;0.00133
2.06.1990;0.00133
3.06.1990;0.00133
4.06.1990;0.00133
5.06.1990;0.00133
6.06.1990;0.00133
7.06.1990;0.00133
8.06.1990;0.00133
9.06.1990;0.00133
10.06.1990;0.00133
11.06.1990;0.00133
12.06.1990;0.00133
13.06.1990;0.00117
14.06.1990;0.00122
15.06.1990;0.00123
16.06.1990;0.00125
17.06.1990;0.00133
18.06.1990;0.00147
19.06.1990;0.00138
20.06.1990;0.00125
21.06.1990;0.00125
22.06.1990;0.00142
23.06.1990;0.00125
24.06.1990;0.0015
25.06.1990;0.0017
26.06.1990;0.00158
27.06.1990;0.00133
28.06.1990;0.00117
29.06.1990;0.00108
30.06.1990;0.00092
1.07.1990;0.00083
2.07.1990;0.00083
3.07.1990;0.00075
4.07.1990;0.00083
5.07.1990;0.00083
6.07.1990;0.00083
7.07.1990;0.00092
8.07.1990;0.0046
9.07.1990;0.002
10.07.1990;0.00105
11.07.1990;0.00555
12.07.1990;0.00413
13.07.1990;0.00667
14.07.1990;0.0045
15.07.1990;0.00292
16.07.1990;0.00705
17.07.1990;0.0038
18.07.1990;0.00182
19.07.1990;0.00067
20.07.1990;0.00067
21.07.1990;0.0045
22.07.1990;0.00318
23.07.1990;0.00382
24.07.1990;0.00187
25.07.1990;0.00075
26.07.1990;0.00067
27.07.1990;0.00088
28.07.1990;0.00067
29.07.1990;0.00182
30.07.1990;0.00088
31.07.1990;0.00067
1.08.1990;0.00063
2.08.1990;0.0005
3.08.1990;0.00058
4.08.1990;0.00067
5.08.1990;0.00067
6.08.1990;0.00083
7.08.1990;0.00067
8.08.1990;0.0005
9.08.1990;0.0005
10.08.1990;0.00067
11.08.1990;0.0005
12.08.1990;0.00058
13.08.1990;0.0007
14.08.1990;0.0005
15.08.1990;0.0005
16.08.1990;0.0005
17.08.1990;0.00055
18.08.1990;0.00075
19.08.1990;0.00062
20.08.1990;0.00072
21.08.1990;0.00067
22.08.1990;0.00067
23.08.1990;0.00067
24.08.1990;0.00067
25.08.1990;0.00067
26.08.1990;0.00067
27.08.1990;0.00067
28.08.1990;0.00067
29.08.1990;0.00067
30.08.1990;0.00067
31.08.1990;0.00067
1.09.1990;0.0005
2.09.1990;0.00058
3.09.1990;0.00063
4.09.1990;0.0005
5.09.1990;0.00042
6.09.1990;0.0005
7.09.1990;0.0005
8.09.1990;0.0005
9.09.1990;0.00063
10.09.1990;0.00063
11.09.1990;0.00067
12.09.1990;0.00067
13.09.1990;0.00067
14.09.1990;0.00067
15.09.1990;0.00067
16.09.1990;0.00067
17.09.1990;0.00063
18.09.1990;0.0005
19.09.1990;0.00042
20.09.1990;0.00033
21.09.1990;0.00042
22.09.1990;0.00045
23.09.1990;0.0005
24.09.1990;0.00063
25.09.1990;0.00083
26.09.1990;0.00083
27.09.1990;0.00083
28.09.1990;0.00067
29.09.1990;0.00058
30.09.1990;0.00067
1.10.1990;0.00088
2.10.1990;0.00108
3.10.1990;0.00088
4.10.1990;0.00083
5.10.1990;0.00087
6.10.1990;0.001
7.10.1990;0.001
8.10.1990;0.00113
9.10.1990;0.00108
10.10.1990;0.00095
11.10.1990;0.00083
12.10.1990;0.00083
13.10.1990;0.00083
14.10.1990;0.00083
15.10.1990;0.00072
16.10.1990;0.00047
17.10.1990;0.00042
18.10.1990;0.00042
19.10.1990;0.0005
20.10.1990;0.00067
21.10.1990;0.00053
22.10.1990;0.00092
23.10.1990;0.00088
24.10.1990;0.00067
25.10.1990;0.00058
26.10.1990;0.0005
27.10.1990;0.0005
28.10.1990;0.00053
29.10.1990;0.00075
30.10.1990;0.00108
31.10.1990;0.001
1.11.1990;0.00103
2.11.1990;0.001
3.11.1990;0.00097
4.11.1990;0.001
5.11.1990;0.00122
6.11.1990;0.00122
7.11.1990;0.00117
8.11.1990;0.00117
9.11.1990;0.001
10.11.1990;0.001
11.11.1990;0.00108
12.11.1990;0.00125
13.11.1990;0.00122
14.11.1990;0.00133
15.11.1990;0.00133
16.11.1990;0.00133
17.11.1990;0.00133
18.11.1990;0.00137
19.11.1990;0.00142
20.11.1990;0.00117
21.11.1990;0.00117
22.11.1990;0.00117
23.11.1990;0.00117
24.11.1990;0.00117
25.11.1990;0.00133
26.11.1990;0.00147
27.11.1990;0.0015
28.11.1990;0.01258
29.11.1990;0.01745
30.11.1990;0.00983
1.12.1990;0.02198
2.12.1990;0.01053
3.12.1990;0.00587
4.12.1990;0.00983
5.12.1990;0.00573
6.12.1990;0.0017
7.12.1990;0.0054
8.12.1990;0.0078
9.12.1990;0.00687
10.12.1990;0.00555
11.12.1990;0.00805
12.12.1990;0.0145
13.12.1990;0.00688
14.12.1990;0.0175
15.12.1990;0.01298
16.12.1990;0.00547
17.12.1990;0.0133
18.12.1990;0.0076
19.12.1990;0.00402
20.12.1990;0.01385
21.12.1990;0.00875
22.12.1990;0.00207
23.12.1990;0.00905
24.12.1990;0.00683
25.12.1990;0.00362
26.12.1990;0.0044
27.12.1990;0.00362
28.12.1990;0.00265
29.12.1990;0.00117
30.12.1990;0.00852
31.12.1990;0.00283
1.01.1991;0.00285
2.01.1991;0.00303
3.01.1991;0.00293
4.01.1991;0.00267
5.01.1991;0.0025
6.01.1991;0.00252
7.01.1991;0.00242
8.01.1991;0.00253
9.01.1991;0.0028
10.01.1991;0.00253
11.01.1991;0.00295
12.01.1991;0.00597
13.01.1991;0.00472
14.01.1991;0.00472
15.01.1991;0.00845
16.01.1991;0.00545
17.01.1991;0.00583
18.01.1991;0.00548
19.01.1991;0.00618
20.01.1991;0.005
21.01.1991;0.0051
22.01.1991;0.00417
23.01.1991;0.00437
24.01.1991;0.00445
25.01.1991;0.00333
26.01.1991;0.00177
27.01.1991;0.00535
28.01.1991;0.00138
29.01.1991;0.00218
30.01.1991;0.00163
31.01.1991;0.00148
1.02.1991;0.00128
2.02.1991;0.00132
3.02.1991;0.00158
4.02.1991;0.00142
5.02.1991;0.00117
6.02.1991;0.00123
7.02.1991;0.00122
8.02.1991;0.00105
9.02.1991;0.00105
10.02.1991;0.0008
11.02.1991;0.00053
12.02.1991;0.0005
13.02.1991;0.0064
14.02.1991;0.00093
15.02.1991;0.00065
16.02.1991;0.00092
17.02.1991;0.0011
18.02.1991;0.00172
19.02.1991;0.00212
20.02.1991;0.00132
21.02.1991;0.00092
22.02.1991;0.0012
23.02.1991;0.00127
24.02.1991;0.00127
25.02.1991;0.00078
26.02.1991;0.00047
27.02.1991;0.0009
28.02.1991;0.00077
1.03.1991;0.00055
2.03.1991;0.0012
3.03.1991;0.00088
4.03.1991;0.00082
5.03.1991;0.00068
6.03.1991;0.00087
7.03.1991;0.00063
8.03.1991;0.0012
9.03.1991;0.00208
10.03.1991;0.00403
11.03.1991;0.0157
12.03.1991;0.02108
13.03.1991;0.03153
14.03.1991;0.034
15.03.1991;0.03605
16.03.1991;0.03083
17.03.1991;0.02875
18.03.1991;0.02975
19.03.1991;0.02445
20.03.1991;0.01917
21.03.1991;0.01192
22.03.1991;0.01583
23.03.1991;0.01625
24.03.1991;0.01147
25.03.1991;0.0148
26.03.1991;0.00763
27.03.1991;0.01388
28.03.1991;0.00917
29.03.1991;0.00875
30.03.1991;0.00498
31.03.1991;0.00848
1.04.1991;0.0086
2.04.1991;0.0059
3.04.1991;0.00757
4.04.1991;0.00528
5.04.1991;0.00552
6.04.1991;0.00698
7.04.1991;0.00563
8.04.1991;0.0048
9.04.1991;0.00388
10.04.1991;0.0034
11.04.1991;0.00375
12.04.1991;0.00188
13.04.1991;0.0023
14.04.1991;0.00067
15.04.1991;0.00703
16.04.1991;0.00378
17.04.1991;0.00188
18.04.1991;0.00243
19.04.1991;0.00355
20.04.1991;0.01167
21.04.1991;0.00933
22.04.1991;0.01202
23.04.1991;0.01347
24.04.1991;0.01048
25.04.1991;0.01085
26.04.1991;0.00903
27.04.1991;0.00895
28.04.1991;0.01142
29.04.1991;0.00778
30.04.1991;0.0068
1.05.1991;0.00992
2.05.1991;0.00775
3.05.1991;0.00805
4.05.1991;0.00827
5.05.1991;0.0073
6.05.1991;0.01338
7.05.1991;0.00945
8.05.1991;0.01452
9.05.1991;0.01022
10.05.1991;0.01083
11.05.1991;0.00855
12.05.1991;0.0092
13.05.1991;0.00793
14.05.1991;0.00847
15.05.1991;0.00833
16.05.1991;0.00563
17.05.1991;0.00647
18.05.1991;0.00677
19.05.1991;0.01597
20.05.1991;0.02847
21.05.1991;0.03237
22.05.1991;0.02917
23.05.1991;0.0243
24.05.1991;0.0225
25.05.1991;0.01833
26.05.1991;0.01743
27.05.1991;0.01647
28.05.1991;0.01695
29.05.1991;0.01458
30.05.1991;0.01313
31.05.1991;0.0091
1.06.1991;0.00965
2.06.1991;0.01195
3.06.1991;0.00948
4.06.1991;0.00938
5.06.1991;0.0073
6.06.1991;0.00638
7.06.1991;0.00563
8.06.1991;0.005
9.06.1991;0.00605
10.06.1991;0.00522
11.06.1991;0.00577
12.06.1991;0.00612
13.06.1991;0.0034
14.06.1991;0.00513
15.06.1991;0.00298
16.06.1991;0.00327
17.06.1991;0.0034
18.06.1991;0.00285
19.06.1991;0.00313
20.06.1991;0.00275
21.06.1991;0.00222
22.06.1991;0.00208
23.06.1991;0.00247
24.06.1991;0.00202
25.06.1991;0.00192
26.06.1991;0.0016
27.06.1991;0.00243
28.06.1991;0.0015
29.06.1991;0.00153
30.06.1991;0.0015
1.07.1991;0.00147
2.07.1991;0.00167
3.07.1991;0.00135
4.07.1991;0.00108
5.07.1991;0.00132
6.07.1991;0.00108
7.07.1991;0.00115
8.07.1991;0.00125
9.07.1991;0.00115
10.07.1991;0.0016
11.07.1991;0.0006
12.07.1991;0.00108
13.07.1991;0.00077
14.07.1991;0.00128
15.07.1991;0.00087
16.07.1991;0.00188
17.07.1991;0.0009
18.07.1991;0.00125
19.07.1991;0.0008
20.07.1991;0.00105
21.07.1991;0.0007
22.07.1991;0.00112
23.07.1991;0.00068
24.07.1991;0.001
25.07.1991;0.00077
26.07.1991;0.00042
27.07.1991;0.00083
28.07.1991;0.0007
29.07.1991;0.00058
30.07.1991;0.00058
31.07.1991;0.001
1.08.1991;0.00058
2.08.1991;0.00097
3.08.1991;0.00092
4.08.1991;0.00087
5.08.1991;0.00075
6.08.1991;0.00097
7.08.1991;0.00067
8.08.1991;0.00058
9.08.1991;0.0008
10.08.1991;0.00075
11.08.1991;0.00067
12.08.1991;0.00072
13.08.1991;0.00075
14.08.1991;0.00067
15.08.1991;0.00067
16.08.1991;0.00093
17.08.1991;0.00057
18.08.1991;0.0005
19.08.1991;0.00058
20.08.1991;0.00058
21.08.1991;0.00058
22.08.1991;0.00067
23.08.1991;0.00043
24.08.1991;0.00033
25.08.1991;0.00042
26.08.1991;0.0005
27.08.1991;0.00058
28.08.1991;0.00058
29.08.1991;0.00058
30.08.1991;0.00058
31.08.1991;0.00058
1.09.1991;0.00063
2.09.1991;0.00088
3.09.1991;0.00067
4.09.1991;0.00067
5.09.1991;0.00067
6.09.1991;0.00067
7.09.1991;0.00058
8.09.1991;0.0005
9.09.1991;0.0005
10.09.1991;0.00052
11.09.1991;0.0005
12.09.1991;0.0005
13.09.1991;0.0005
14.09.1991;0.0005
15.09.1991;0.0005
16.09.1991;0.0005
17.09.1991;0.0005
18.09.1991;0.00042
19.09.1991;0.0005
20.09.1991;0.0005
21.09.1991;0.00058
22.09.1991;0.0005
23.09.1991;0.00057
24.09.1991;0.00042
25.09.1991;0.0005
26.09.1991;0.00058
27.09.1991;0.00052
28.09.1991;0.0005
29.09.1991;0.00043
30.09.1991;0.0005
1.10.1991;0.00042
2.10.1991;0.00047
3.10.1991;0.0005
4.10.1991;0.0005
5.10.1991;0.00057
6.10.1991;0.00057
7.10.1991;0.00052
8.10.1991;0.00067
9.10.1991;0.00075
10.10.1991;0.00078
11.10.1991;0.0006
12.10.1991;0.00067
13.10.1991;0.00052
14.10.1991;0.00058
15.10.1991;0.00063
16.10.1991;0.00075
17.10.1991;0.00065
18.10.1991;0.00083
19.10.1991;0.00097
20.10.1991;0.00083
21.10.1991;0.00083
22.10.1991;0.00078
23.10.1991;0.00092
24.10.1991;0.001
25.10.1991;0.001
26.10.1991;0.001
27.10.1991;0.001
28.10.1991;0.001
29.10.1991;0.00067
30.10.1991;0.00075
31.10.1991;0.00078
1.11.1991;0.00075
2.11.1991;0.00067
3.11.1991;0.0007
4.11.1991;0.00068
5.11.1991;0.00055
6.11.1991;0.00058
7.11.1991;0.00063
8.11.1991;0.00067
9.11.1991;0.00083
10.11.1991;0.00088
11.11.1991;0.00058
12.11.1991;0.00067
13.11.1991;0.00083
14.11.1991;0.00083
15.11.1991;0.00375
16.11.1991;0.00147
17.11.1991;0.01892
18.11.1991;0.02743
19.11.1991;0.01597
20.11.1991;0.01647
21.11.1991;0.016
22.11.1991;0.01577
23.11.1991;0.01462
24.11.1991;0.01452
25.11.1991;0.01222
26.11.1991;0.01615
27.11.1991;0.0118
28.11.1991;0.01215
29.11.1991;0.00987
30.11.1991;0.00983
1.12.1991;0.0118
2.12.1991;0.00433
3.12.1991;0.01
4.12.1991;0.00625
5.12.1991;0.00772
6.12.1991;0.00417
7.12.1991;0.00647
8.12.1991;0.00403
9.12.1991;0.00388
10.12.1991;0.00305
11.12.1991;0.0025
12.12.1991;0.00257
13.12.1991;0.00327
14.12.1991;0.00275
15.12.1991;0.00278
16.12.1991;0.00202
17.12.1991;0.00183
18.12.1991;0.00243
19.12.1991;0.0016
20.12.1991;0.00188
21.12.1991;0.00173
22.12.1991;0.00147
23.12.1991;0.00167
24.12.1991;0.00153
25.12.1991;0.00122
26.12.1991;0.00147
27.12.1991;0.00135
28.12.1991;0.00132
29.12.1991;0.00135
30.12.1991;0.001
31.12.1991;0.00115
1.01.1992;0.00083
2.01.1992;0.00147
3.01.1992;0.00103
4.01.1992;0.00103
5.01.1992;0.00167
6.01.1992;0.00167
7.01.1992;0.002
8.01.1992;0.00188
9.01.1992;0.00208
10.01.1992;0.00208
11.01.1992;0.00167
12.01.1992;0.0015
13.01.1992;0.0023
14.01.1992;0.00167
15.01.1992;0.00147
16.01.1992;0.00187
17.01.1992;0.00242
18.01.1992;0.002
19.01.1992;0.002
20.01.1992;0.0018
21.01.1992;0.00142
22.01.1992;0.00147
23.01.1992;0.00167
24.01.1992;0.00167
25.01.1992;0.002
26.01.1992;0.00117
27.01.1992;0.00147
28.01.1992;0.00133
29.01.1992;0.00292
30.01.1992;0.00142
31.01.1992;0.00117
1.02.1992;0.00183
2.02.1992;0.00167
3.02.1992;0.0013
4.02.1992;0.0015
5.02.1992;0.00133
6.02.1992;0.001
7.02.1992;0.001
8.02.1992;0.00167
9.02.1992;0.00175
10.02.1992;0.00142
11.02.1992;0.00117
12.02.1992;0.00117
13.02.1992;0.00142
14.02.1992;0.00117
15.02.1992;0.00163
16.02.1992;0.00167
17.02.1992;0.002
18.02.1992;0.00208
19.02.1992;0.0025
20.02.1992;0.00292
21.02.1992;0.00263
22.02.1992;0.00333
23.02.1992;0.00188
24.02.1992;0.00217
25.02.1992;0.00133
26.02.1992;0.01542
27.02.1992;0.0023
28.02.1992;0.0025
29.02.1992;0.0025
1.03.1992;0.00188
2.03.1992;0.00272
3.03.1992;0.00375
4.03.1992;0.00272
5.03.1992;0.00272
6.03.1992;0.00292
7.03.1992;0.00208
8.03.1992;0.00208
9.03.1992;0.00292
10.03.1992;0.00188
11.03.1992;0.00197
12.03.1992;0.00313
13.03.1992;0.0025
14.03.1992;0.00208
15.03.1992;0.00197
16.03.1992;0.00222
17.03.1992;0.00158
18.03.1992;0.00308
19.03.1992;0.0015
20.03.1992;0.0023
21.03.1992;0.00125
22.03.1992;0.00272
23.03.1992;0.00167
24.03.1992;0.00333
25.03.1992;0.00563
26.03.1992;0.00413
27.03.1992;0.01333
28.03.1992;0.01333
29.03.1992;0.01833
30.03.1992;0.01917
31.03.1992;0.025
1.04.1992;0.01522
2.04.1992;0.01583
3.04.1992;0.00955
4.04.1992;0.01958
5.04.1992;0.01292
6.04.1992;0.0125
7.04.1992;0.01813
8.04.1992;0.0125
9.04.1992;0.02
10.04.1992;0.01375
11.04.1992;0.01042
12.04.1992;0.00458
13.04.1992;0.00955
14.04.1992;0.01083
15.04.1992;0.00688
16.04.1992;0.01542
17.04.1992;0.00775
18.04.1992;0.00833
19.04.1992;0.00708
20.04.1992;0.00625
21.04.1992;0.00855
22.04.1992;0.01042
23.04.1992;0.00647
24.04.1992;0.00625
25.04.1992;0.00592
26.04.1992;0.00625
27.04.1992;0.01
28.04.1992;0.00583
29.04.1992;0.00667
30.04.1992;0.00333
1.05.1992;0.00652
2.05.1992;0.00333
3.05.1992;0.00333
4.05.1992;0.00375
5.05.1992;0.00667
6.05.1992;0.00458
7.05.1992;0.00542
8.05.1992;0.00375
9.05.1992;0.00625
10.05.1992;0.005
11.05.1992;0.00458
12.05.1992;0.00458
13.05.1992;0.005
14.05.1992;0.00542
15.05.1992;0.0015
16.05.1992;0.00613
17.05.1992;0.00333
18.05.1992;0.00362
19.05.1992;0.00397
20.05.1992;0.005
21.05.1992;0.00392
22.05.1992;0.00417
23.05.1992;0.00292
24.05.1992;0.00333
25.05.1992;0.00313
26.05.1992;0.00458
27.05.1992;0.00375
28.05.1992;0.00313
29.05.1992;0.00647
30.05.1992;0.00417
31.05.1992;0.00417
1.06.1992;0.00313
2.06.1992;0.00292
3.06.1992;0.00292
4.06.1992;0.00313
5.06.1992;0.00292
6.06.1992;0.00355
7.06.1992;0.00397
8.06.1992;0.00272
9.06.1992;0.00292
10.06.1992;0.00292
11.06.1992;0.00333
12.06.1992;0.00292
13.06.1992;0.00333
14.06.1992;0.0023
15.06.1992;0.0023
16.06.1992;0.00208
17.06.1992;0.0025
18.06.1992;0.00272
19.06.1992;0.00188
20.06.1992;0.0025
21.06.1992;0.00208
22.06.1992;0.00167
23.06.1992;0.00167
24.06.1992;0.0025
25.06.1992;0.0025
26.06.1992;0.00167
27.06.1992;0.00188
28.06.1992;0.0015
29.06.1992;0.00142
30.06.1992;0.00167
1.07.1992;0.0015
2.07.1992;0.00133
3.07.1992;0.00167
4.07.1992;0.00133
5.07.1992;0.00142
6.07.1992;0.00142
7.07.1992;0.00133
8.07.1992;0.00133
9.07.1992;0.00125
10.07.1992;0.00125
11.07.1992;0.00117
12.07.1992;0.00117
13.07.1992;0.00117
14.07.1992;0.00117
15.07.1992;0.00133
16.07.1992;0.00125
17.07.1992;0.00125
18.07.1992;0.00125
19.07.1992;0.00125
20.07.1992;0.00125
21.07.1992;0.00117
22.07.1992;0.00117
23.07.1992;0.00117
24.07.1992;0.00108
25.07.1992;0.00117
26.07.1992;0.00117
27.07.1992;0.001
28.07.1992;0.001
29.07.1992;0.001
30.07.1992;0.00117
31.07.1992;0.00117
1.08.1992;0.00142
2.08.1992;0.00133
3.08.1992;0.00117
4.08.1992;0.001
5.08.1992;0.00083
6.08.1992;0.00083
7.08.1992;0.00083
8.08.1992;0.00083
9.08.1992;0.00083
10.08.1992;0.00092
11.08.1992;0.00092
12.08.1992;0.001
13.08.1992;0.001
14.08.1992;0.001
15.08.1992;0.001
16.08.1992;0.00092
17.08.1992;0.00092
18.08.1992;0.00092
19.08.1992;0.00092
20.08.1992;0.00083
21.08.1992;0.00083
22.08.1992;0.00083
23.08.1992;0.00083
24.08.1992;0.00083
25.08.1992;0.00083
26.08.1992;0.00083
27.08.1992;0.00083
28.08.1992;0.00083
29.08.1992;0.00067
30.08.1992;0.00067
31.08.1992;0.00067
1.09.1992;0.00083
2.09.1992;0.00075
3.09.1992;0.00075
4.09.1992;0.00075
5.09.1992;0.00075
6.09.1992;0.00075
7.09.1992;0.00108
8.09.1992;0.00108
9.09.1992;0.001
10.09.1992;0.001
11.09.1992;0.001
12.09.1992;0.00092
13.09.1992;0.00083
14.09.1992;0.00083
15.09.1992;0.00083
16.09.1992;0.00092
17.09.1992;0.00092
18.09.1992;0.00092
19.09.1992;0.00083
20.09.1992;0.00083
21.09.1992;0.00083
22.09.1992;0.00092
23.09.1992;0.00092
24.09.1992;0.00092
25.09.1992;0.00092
26.09.1992;0.00075
27.09.1992;0.00075
28.09.1992;0.00083
29.09.1992;0.00083
30.09.1992;0.00083
1.10.1992;0.00058
2.10.1992;0.00058
3.10.1992;0.0005
4.10.1992;0.0005
5.10.1992;0.00058
6.10.1992;0.00067
7.10.1992;0.00075
8.10.1992;0.001
9.10.1992;0.00083
10.10.1992;0.00067
11.10.1992;0.00058
12.10.1992;0.00058
13.10.1992;0.0005
14.10.1992;0.0005
15.10.1992;0.0005
16.10.1992;0.0005
17.10.1992;0.0005
18.10.1992;0.00058
19.10.1992;0.0005
20.10.1992;0.0005
21.10.1992;0.0005
22.10.1992;0.00042
23.10.1992;0.00042
24.10.1992;0.00033
25.10.1992;0.00033
26.10.1992;0.00042
27.10.1992;0.0005
28.10.1992;0.0005
29.10.1992;0.00058
30.10.1992;0.0005
31.10.1992;0.00042
1.11.1992;0.00042
2.11.1992;0.00042
3.11.1992;0.00042
4.11.1992;0.00042
5.11.1992;0.00042
6.11.1992;0.00042
7.11.1992;0.00042
8.11.1992;0.00033
9.11.1992;0.00033
10.11.1992;0.00033
11.11.1992;0.00033
12.11.1992;0.00033
13.11.1992;0.00033
14.11.1992;0.00033
15.11.1992;0.00033
16.11.1992;0.00033
17.11.1992;0.00058
18.11.1992;0.00058
19.11.1992;0.0005
20.11.1992;0.0005
21.11.1992;0.0005
22.11.1992;0.00042
23.11.1992;0.00033
24.11.1992;0.00033
25.11.1992;0.00033
26.11.1992;0.00042
27.11.1992;0.00042
28.11.1992;0.0005
29.11.1992;0.0005
30.11.1992;0.0005
1.12.1992;0.00042
2.12.1992;0.00025
3.12.1992;0.00017
4.12.1992;0.00017
5.12.1992;0.00033
6.12.1992;0.00042
7.12.1992;0.0005
8.12.1992;0.00058
9.12.1992;0.00067
10.12.1992;0.00067
11.12.1992;0.00067
12.12.1992;0.0005
13.12.1992;0.0005
14.12.1992;0.0005
15.12.1992;0.0005
16.12.1992;0.0005
17.12.1992;0.0005
18.12.1992;0.0005
19.12.1992;0.0005
20.12.1992;0.0005
21.12.1992;0.0005
22.12.1992;0.0005
23.12.1992;0.0005
24.12.1992;0.0005
25.12.1992;0.0005
26.12.1992;0.00042
27.12.1992;0.00042
28.12.1992;0.00033
29.12.1992;0.00033
30.12.1992;0.00025
31.12.1992;0.00017
1.01.1993;0.00057
2.01.1993;0.0005
3.01.1993;0.00042
4.01.1993;0.00022
5.01.1993;0.00015
6.01.1993;0.00008
7.01.1993;0.00008
8.01.1993;0
9.01.1993;0
10.01.1993;0
11.01.1993;0
12.01.1993;0
13.01.1993;0
14.01.1993;0
15.01.1993;0
16.01.1993;0
17.01.1993;0
18.01.1993;0
19.01.1993;0
20.01.1993;0
21.01.1993;0
22.01.1993;0
23.01.1993;0
24.01.1993;0
25.01.1993;0
26.01.1993;0
27.01.1993;0
28.01.1993;0
29.01.1993;0
30.01.1993;0
31.01.1993;0
1.02.1993;0
2.02.1993;0
3.02.1993;0
4.02.1993;0
5.02.1993;0
6.02.1993;0
7.02.1993;0
8.02.1993;0
9.02.1993;0
10.02.1993;0
11.02.1993;0
12.02.1993;0
13.02.1993;0
14.02.1993;0
15.02.1993;0
16.02.1993;0
17.02.1993;0
18.02.1993;0
19.02.1993;0
20.02.1993;0
21.02.1993;0
22.02.1993;0
23.02.1993;0
24.02.1993;0
25.02.1993;0
26.02.1993;0
27.02.1993;0
28.02.1993;0
1.03.1993;0
2.03.1993;0
3.03.1993;0
4.03.1993;0
5.03.1993;0
6.03.1993;0
7.03.1993;0
8.03.1993;0
9.03.1993;0
10.03.1993;0
11.03.1993;0
12.03.1993;0
13.03.1993;0
14.03.1993;0
15.03.1993;0
16.03.1993;0
17.03.1993;0
18.03.1993;0
19.03.1993;0
20.03.1993;0
21.03.1993;0
22.03.1993;0
23.03.1993;0
24.03.1993;0
25.03.1993;0
26.03.1993;0
27.03.1993;0
28.03.1993;0
29.03.1993;0
30.03.1993;0
31.03.1993;0
1.04.1993;0
2.04.1993;0
3.04.1993;0
4.04.1993;0.00033
5.04.1993;0.0007
6.04.1993;0.00097
7.04.1993;0.0013
8.04.1993;0.00133
9.04.1993;0.00148
10.04.1993;0.0015
11.04.1993;0.0015
12.04.1993;0.00163
13.04.1993;0.00717
14.04.1993;0.00192
15.04.1993;0.00242
16.04.1993;0.01172
17.04.1993;0.00505
18.04.1993;0.00567
19.04.1993;0.0025
20.04.1993;0.0037
21.04.1993;0.00167
22.04.1993;0.00167
23.04.1993;0.00267
24.04.1993;0.00217
25.04.1993;0.002
26.04.1993;0.002
27.04.1993;0.002
28.04.1993;0.002
29.04.1993;0.002
30.04.1993;0.002
1.05.1993;0.00322
2.05.1993;0.00167
3.05.1993;0.00167
4.05.1993;0.00292
5.05.1993;0.00167
6.05.1993;0.00167
7.05.1993;0.00167
8.05.1993;0.00167
9.05.1993;0.00167
10.05.1993;0.00167
11.05.1993;0.00167
12.05.1993;0.00167
13.05.1993;0.00167
14.05.1993;0.00167
15.05.1993;0.00167
16.05.1993;0.00167
17.05.1993;0.00167
18.05.1993;0.00167
19.05.1993;0.00167
20.05.1993;0.00167
21.05.1993;0.00167
22.05.1993;0.00167
23.05.1993;0.00167
24.05.1993;0.00167
25.05.1993;0.00167
26.05.1993;0.00167
27.05.1993;0.00167
28.05.1993;0.00167
29.05.1993;0.00167
30.05.1993;0.00167
31.05.1993;0.00167
1.06.1993;0.00133
2.06.1993;0.00133
3.06.1993;0.00125
4.06.1993;0.00117
5.06.1993;0.00117
6.06.1993;0.00117
7.06.1993;0.001
8.06.1993;0.001
9.06.1993;0.001
10.06.1993;0.001
11.06.1993;0.001
12.06.1993;0.001
13.06.1993;0.001
14.06.1993;0.001
15.06.1993;0.001
16.06.1993;0.001
17.06.1993;0.001
18.06.1993;0.001
19.06.1993;0.001
20.06.1993;0.001
21.06.1993;0.001
22.06.1993;0.001
23.06.1993;0.001
24.06.1993;0.001
25.06.1993;0.001
26.06.1993;0.001
27.06.1993;0.001
28.06.1993;0.001
29.06.1993;0.00117
30.06.1993;0.001
1.07.1993;0.001
2.07.1993;0.001
3.07.1993;0.001
4.07.1993;0.001
5.07.1993;0.00092
6.07.1993;0.00083
7.07.1993;0.00067
8.07.1993;0.00058
9.07.1993;0.0005
10.07.1993;0.00042
11.07.1993;0.00042
12.07.1993;0.00033
13.07.1993;0.00033
14.07.1993;0.00033
15.07.1993;0.00033
16.07.1993;0.00033
17.07.1993;0.00042
18.07.1993;0.00042
19.07.1993;0.00042
20.07.1993;0.00017
21.07.1993;0.00017
22.07.1993;0.00017
23.07.1993;0.00017
24.07.1993;0.00017
25.07.1993;0.00033
26.07.1993;0.00042
27.07.1993;0.00017
28.07.1993;0.00017
29.07.1993;0.00017
30.07.1993;0.00017
31.07.1993;0.00017
1.08.1993;0.00025
2.08.1993;0.00025
3.08.1993;0.00025
4.08.1993;0.00025
5.08.1993;0.00025
6.08.1993;0.00033
7.08.1993;0.00033
8.08.1993;0.00033
9.08.1993;0.00025
10.08.1993;0.00025
11.08.1993;0.00025
12.08.1993;0.00025
13.08.1993;0.00025
14.08.1993;0.00025
15.08.1993;0.00025
16.08.1993;0.00025
17.08.1993;0.00017
18.08.1993;0
19.08.1993;0
20.08.1993;0
21.08.1993;0
22.08.1993;0
23.08.1993;0
24.08.1993;0
25.08.1993;0
26.08.1993;0
27.08.1993;0
28.08.1993;0
29.08.1993;0
30.08.1993;0
31.08.1993;0
1.09.1993;0
2.09.1993;0
3.09.1993;0
4.09.1993;0
5.09.1993;0
6.09.1993;0
7.09.1993;0
8.09.1993;0
9.09.1993;0
10.09.1993;0
11.09.1993;0
12.09.1993;0
13.09.1993;0
14.09.1993;0
15.09.1993;0
16.09.1993;0
17.09.1993;0
18.09.1993;0
19.09.1993;0
20.09.1993;0
21.09.1993;0
22.09.1993;0
23.09.1993;0
24.09.1993;0
25.09.1993;0
26.09.1993;0
27.09.1993;0
28.09.1993;0
29.09.1993;0
30.09.1993;0
1.10.1993;0
2.10.1993;0
3.10.1993;0
4.10.1993;0
5.10.1993;0
6.10.1993;0
7.10.1993;0
8.10.1993;0
9.10.1993;0
10.10.1993;0
11.10.1993;0
12.10.1993;0
13.10.1993;0
14.10.1993;0
15.10.1993;0
16.10.1993;0
17.10.1993;0
18.10.1993;0
19.10.1993;0
20.10.1993;0
21.10.1993;0
22.10.1993;0
23.10.1993;0
24.10.1993;0
25.10.1993;0
26.10.1993;0
27.10.1993;0
28.10.1993;0
29.10.1993;0
30.10.1993;0
31.10.1993;0
1.11.1993;0
2.11.1993;0
3.11.1993;0
4.11.1993;0
5.11.1993;0
6.11.1993;0
7.11.1993;0
8.11.1993;0
9.11.1993;0
10.11.1993;0
11.11.1993;0
12.11.1993;0
13.11.1993;0
14.11.1993;0
15.11.1993;0
16.11.1993;0
17.11.1993;0
18.11.1993;0
19.11.1993;0
20.11.1993;0
21.11.1993;0
22.11.1993;0
23.11.1993;0
24.11.1993;0
25.11.1993;0
26.11.1993;0
27.11.1993;0
28.11.1993;0
29.11.1993;0
30.11.1993;0
1.12.1993;0
2.12.1993;0
3.12.1993;0
4.12.1993;0
5.12.1993;0
6.12.1993;0
7.12.1993;0
8.12.1993;0
9.12.1993;0
10.12.1993;0
11.12.1993;0
12.12.1993;0
13.12.1993;0
14.12.1993;0
15.12.1993;0.00025
16.12.1993;0.00017
17.12.1993;0.00017
18.12.1993;0.00033
19.12.1993;0.00058
20.12.1993;0.00083
21.12.1993;0.001
22.12.1993;0.01692
23.12.1993;0.0121
24.12.1993;0.00458
25.12.1993;0.0073
26.12.1993;0.01292
27.12.1993;0.01257
28.12.1993;0.01028
29.12.1993;0.0125
30.12.1993;0.00468
31.12.1993;0.00972
1.01.1994;0.00917
2.01.1994;0.00502
3.01.1994;0.0048
4.01.1994;0.00625
5.01.1994;0.00617
6.01.1994;0.01325
7.01.1994;0.01399
8.01.1994;0.01422
9.01.1994;0.01436
10.01.1994;0.01042
11.01.1994;0.01763
12.01.1994;0.02
13.01.1994;0.02081
14.01.1994;0.01358
15.01.1994;0.01282
16.01.1994;0.01429
17.01.1994;0.01839
18.01.1994;0.00994
19.01.1994;0.01
20.01.1994;0.00888
21.01.1994;0.00833
22.01.1994;0.00816
23.01.1994;0.008
24.01.1994;0.00902
25.01.1994;0.00714
26.01.1994;0.00667
27.01.1994;0.00667
28.01.1994;0.00667
29.01.1994;0.00667
30.01.1994;0.00667
31.01.1994;0.00583
1.02.1994;0.0027
2.02.1994;0.00566
3.02.1994;0.00333
4.02.1994;0.00333
5.02.1994;0.00167
6.02.1994;0.00708
7.02.1994;0.00292
8.02.1994;0.00353
9.02.1994;0.00133
10.02.1994;0.00174
11.02.1994;0.00333
12.02.1994;0.0025
13.02.1994;0.003
14.02.1994;0.00383
15.02.1994;0.00311
16.02.1994;0.00287
17.02.1994;0.0035
18.02.1994;0.0035
19.02.1994;0.0035
20.02.1994;0.0035
21.02.1994;0.00445
22.02.1994;0.00325
23.02.1994;0.0023
24.02.1994;0.0027
25.02.1994;0.00258
26.02.1994;0.0022
27.02.1994;0.00225
28.02.1994;0.00258
1.03.1994;0.00253
2.03.1994;0.00262
3.03.1994;0.00257
4.03.1994;0.00263
5.03.1994;0.00238
6.03.1994;0.00242
7.03.1994;0.00225
8.03.1994;0.002
9.03.1994;0.002
10.03.1994;0.002
11.03.1994;0.002
12.03.1994;0.002
13.03.1994;0.002
14.03.1994;0.002
15.03.1994;0.00183
16.03.1994;0.00167
17.03.1994;0.00167
18.03.1994;0.00167
19.03.1994;0.0015
20.03.1994;0.0015
21.03.1994;0.00442
22.03.1994;0.0015
23.03.1994;0.00233
24.03.1994;0.0025
25.03.1994;0.0025
26.03.1994;0.002
27.03.1994;0.00423
28.03.1994;0.00212
29.03.1994;0.00067
30.03.1994;0.00228
31.03.1994;0.00167
1.04.1994;0.0025
2.04.1994;0.00207
3.04.1994;0.00167
4.04.1994;0.005
5.04.1994;0.00667
6.04.1994;0.00812
7.04.1994;0.00667
8.04.1994;0.00972
9.04.1994;0.01
10.04.1994;0.01
11.04.1994;0.01208
12.04.1994;0.01542
13.04.1994;0.04167
14.04.1994;0.04
15.04.1994;0.035
16.04.1994;0.02833
17.04.1994;0.02833
18.04.1994;0.025
19.04.1994;0.02667
20.04.1994;0.02833
21.04.1994;0.02833
22.04.1994;0.02667
23.04.1994;0.02583
24.04.1994;0.0225
25.04.1994;0.02
26.04.1994;0.01833
27.04.1994;0.01667
28.04.1994;0.01667
29.04.1994;0.01667
30.04.1994;0.01333
1.05.1994;0.01333
2.05.1994;0.01333
3.05.1994;0.01167
4.05.1994;0.01
5.05.1994;0.01083
6.05.1994;0.01067
7.05.1994;0.01
8.05.1994;0.00833
9.05.1994;0.00667
10.05.1994;0.00618
11.05.1994;0.005
12.05.1994;0.005
13.05.1994;0.00448
14.05.1994;0.006
15.05.1994;0.006
16.05.1994;0.006
17.05.1994;0.00533
18.05.1994;0.005
19.05.1994;0.00517
20.05.1994;0.00517
21.05.1994;0.00742
22.05.1994;0.00833
23.05.1994;0.00833
24.05.1994;0.00573
25.05.1994;0.0033
26.05.1994;0.01325
27.05.1994;0.01167
28.05.1994;0.01167
29.05.1994;0.01167
30.05.1994;0.01167
31.05.1994;0.01167
1.06.1994;0.01158
2.06.1994;0.00943
3.06.1994;0.01
4.06.1994;0.01052
5.06.1994;0.00967
6.06.1994;0.00442
7.06.1994;0.00757
8.06.1994;0.00423
9.06.1994;0.00547
10.06.1994;0.00808
11.06.1994;0.00503
12.06.1994;0.00533
13.06.1994;0.00417
14.06.1994;0.005
15.06.1994;0.0013
16.06.1994;0.006
17.06.1994;0.00467
18.06.1994;0.0045
19.06.1994;0.00367
20.06.1994;0.0035
21.06.1994;0.003
22.06.1994;0.00097
23.06.1994;0.00402
24.06.1994;0.00177
25.06.1994;0.00167
26.06.1994;0.00185
27.06.1994;0.00205
28.06.1994;0.00358
29.06.1994;0.00333
30.06.1994;0.003
1.07.1994;0.00267
2.07.1994;0.00133
3.07.1994;0.00133
4.07.1994;0.00108
5.07.1994;0.00317
6.07.1994;0.0025
7.07.1994;0.0025
8.07.1994;0.0025
9.07.1994;0.0025
10.07.1994;0.0025
11.07.1994;0.00047
12.07.1994;0.0006
13.07.1994;0.00053
14.07.1994;0.00053
15.07.1994;0.00058
16.07.1994;0.00033
17.07.1994;0.00063
18.07.1994;0.00033
19.07.1994;0.00045
20.07.1994;0.00043
21.07.1994;0.00033
22.07.1994;0.00047
23.07.1994;0.00033
24.07.1994;0.00033
25.07.1994;0.00083
26.07.1994;0.0005
27.07.1994;0.00033
28.07.1994;0.00033
29.07.1994;0.00033
30.07.1994;0.00038
31.07.1994;0.00038
1.08.1994;0.00033
2.08.1994;0.00033
3.08.1994;0.00033
4.08.1994;0.00033
5.08.1994;0.00033
6.08.1994;0.00033
7.08.1994;0.00033
8.08.1994;0.00033
9.08.1994;0.00033
10.08.1994;0.00033
11.08.1994;0.00033
12.08.1994;0.00033
13.08.1994;0.00033
14.08.1994;0.00033
15.08.1994;0.00033
16.08.1994;0.00037
17.08.1994;0.00037
18.08.1994;0.00037
19.08.1994;0.00037
20.08.1994;0.00037
21.08.1994;0.00037
22.08.1994;0.00037
23.08.1994;0.00037
24.08.1994;0.00037
25.08.1994;0.00037
26.08.1994;0.00037
27.08.1994;0.00037
28.08.1994;0.00037
29.08.1994;0.00037
30.08.1994;0.00033
31.08.1994;0.00033
1.09.1994;0.00033
2.09.1994;0.00033
3.09.1994;0.00033
4.09.1994;0.00033
5.09.1994;0.00033
6.09.1994;0.0003
7.09.1994;0.0003
8.09.1994;0.0003
9.09.1994;0.0003
10.09.1994;0.0003
11.09.1994;0.0003
12.09.1994;0.0003
13.09.1994;0.00028
14.09.1994;0.00028
15.09.1994;0.00028
16.09.1994;0.00028
17.09.1994;0.00028
18.09.1994;0.00028
19.09.1994;0.00028
20.09.1994;0.00027
21.09.1994;0.00027
22.09.1994;0.00027
23.09.1994;0.00027
24.09.1994;0.00027
25.09.1994;0.00027
26.09.1994;0.00027
27.09.1994;0.00027
28.09.1994;0.00027
29.09.1994;0.00027
30.09.1994;0.00027
1.10.1994;0.00027
2.10.1994;0.00027
3.10.1994;0.00027
4.10.1994;0.00025
5.10.1994;0.00025
6.10.1994;0.00025
7.10.1994;0.00025
8.10.1994;0.00025
9.10.1994;0.00025
10.10.1994;0.00025
11.10.1994;0.00025
12.10.1994;0.00025
13.10.1994;0.00025
14.10.1994;0.00025
15.10.1994;0.00025
16.10.1994;0.00025
17.10.1994;0.00025
18.10.1994;0
19.10.1994;0
20.10.1994;0
21.10.1994;0
22.10.1994;0
23.10.1994;0
24.10.1994;0
25.10.1994;0
26.10.1994;0
27.10.1994;0
28.10.1994;0
29.10.1994;0
30.10.1994;0
31.10.1994;0
1.11.1994;0
2.11.1994;0
3.11.1994;0
4.11.1994;0
5.11.1994;0
6.11.1994;0
7.11.1994;0.00023
8.11.1994;0.00023
9.11.1994;0.00023
10.11.1994;0.00023
11.11.1994;0.00023
12.11.1994;0.00023
13.11.1994;0.00023
14.11.1994;0.00023
15.11.1994;0.00023
16.11.1994;0.00023
17.11.1994;0.00023
18.11.1994;0.00023
19.11.1994;0.00023
20.11.1994;0.00023
21.11.1994;0.00023
22.11.1994;0.00023
23.11.1994;0.00023
24.11.1994;0.00023
25.11.1994;0.00023
26.11.1994;0.00023
27.11.1994;0.00023
28.11.1994;0.00023
29.11.1994;0.00023
30.11.1994;0.00023
1.12.1994;0.00023
2.12.1994;0.00023
3.12.1994;0.00023
4.12.1994;0.00023
5.12.1994;0.00023
6.12.1994;0.0002
7.12.1994;0.0002
8.12.1994;0.0002
9.12.1994;0.0002
10.12.1994;0.0002
11.12.1994;0.0002
12.12.1994;0.0002
13.12.1994;0.0002
14.12.1994;0.0002
15.12.1994;0.0002
16.12.1994;0.0002
17.12.1994;0.0002
18.12.1994;0.0002
19.12.1994;0.0002
20.12.1994;0.0002
21.12.1994;0.0002
22.12.1994;0.0002
23.12.1994;0.0002
24.12.1994;0.0002
25.12.1994;0.0002
26.12.1994;0.0002
27.12.1994;0.0002
28.12.1994;0.0002
29.12.1994;0.0002
30.12.1994;0.0002
31.12.1994;0.0002
1.01.1995;0.0002
2.01.1995;0.0002
3.01.1995;0.0002
4.01.1995;0.0002
5.01.1995;0.0002
6.01.1995;0.0002
7.01.1995;0.0002
8.01.1995;0.0002
9.01.1995;0.0002
10.01.1995;0.0002
11.01.1995;0.0002
12.01.1995;0.0002
13.01.1995;0.0002
14.01.1995;0.0002
15.01.1995;0.0002
16.01.1995;0.0002
17.01.1995;0.00018
18.01.1995;0.00018
19.01.1995;0.00018
20.01.1995;0.00018
21.01.1995;0.00018
22.01.1995;0.00018
23.01.1995;0.00018
24.01.1995;0.00017
25.01.1995;0.00017
26.01.1995;0.00017
27.01.1995;0.00017
28.01.1995;0.00017
29.01.1995;0.00017
30.01.1995;0.00017
31.01.1995;0.00017
1.02.1995;0.00017
2.02.1995;0.00017
3.02.1995;0.00017
4.02.1995;0.00017
5.02.1995;0.00017
6.02.1995;0.00017
7.02.1995;0.00018
8.02.1995;0.00018
9.02.1995;0.00018
10.02.1995;0.00018
11.02.1995;0.00018
12.02.1995;0.00018
13.02.1995;0.00018
14.02.1995;0.00018
15.02.1995;0.00018
16.02.1995;0.0002
17.02.1995;0.00022
18.02.1995;0.00023
19.02.1995;0.00025
20.02.1995;0.00033
21.02.1995;0.00033
22.02.1995;0.00042
23.02.1995;0.00042
24.02.1995;0.0005
25.02.1995;0.00523
26.02.1995;0.0005
27.02.1995;0.00092
28.02.1995;0.0027
1.03.1995;0.01628
2.03.1995;0.00335
3.03.1995;0.00657
4.03.1995;0.0121
5.03.1995;0.00733
6.03.1995;0.0173
7.03.1995;0.01772
8.03.1995;0.02433
9.03.1995;0.01873
10.03.1995;0.01448
11.03.1995;0.01507
12.03.1995;0.01142
13.03.1995;0.01222
14.03.1995;0.01242
15.03.1995;0.00855
16.03.1995;0.0091
17.03.1995;0.008
18.03.1995;0.00688
19.03.1995;0.00788
20.03.1995;0.0063
21.03.1995;0.00657
22.03.1995;0.00493
23.03.1995;0.00647
24.03.1995;0.00537
25.03.1995;0.00613
26.03.1995;0.00377
27.03.1995;0.00143
28.03.1995;0.00635
29.03.1995;0.00152
30.03.1995;0.0043
31.03.1995;0.0035
1.04.1995;0.0033
2.04.1995;0.00212
3.04.1995;0.00638
4.04.1995;0.00347
5.04.1995;0.00552
6.04.1995;0.00208
7.04.1995;0.00553
8.04.1995;0.00308
9.04.1995;0.00182
10.04.1995;0.00638
11.04.1995;0.00483
12.04.1995;0.00433
13.04.1995;0.004
14.04.1995;0.0035
15.04.1995;0.00325
16.04.1995;0.00317
17.04.1995;0.00317
18.04.1995;0.00308
19.04.1995;0.00308
20.04.1995;0.003
21.04.1995;0.003
22.04.1995;0.003
23.04.1995;0.00292
24.04.1995;0.00458
25.04.1995;0.0033
26.04.1995;0.0047
27.04.1995;0.08375
28.04.1995;0.09583
29.04.1995;0.06938
30.04.1995;0.05167
1.05.1995;0.03333
2.05.1995;0.02867
3.05.1995;0.0223
4.05.1995;0.01867
5.05.1995;0.01808
6.05.1995;0.01767
7.05.1995;0.01767
8.05.1995;0.01462
9.05.1995;0.01017
10.05.1995;0.01372
11.05.1995;0.008
12.05.1995;0.01292
13.05.1995;0.01423
14.05.1995;0.00692
15.05.1995;0.00815
16.05.1995;0.008
17.05.1995;0.008
18.05.1995;0.00867
19.05.1995;0.00767
20.05.1995;0.00375
21.05.1995;0.00803
22.05.1995;0.00813
23.05.1995;0.00833
24.05.1995;0.0088
25.05.1995;0.00858
26.05.1995;0.0085
27.05.1995;0.00833
28.05.1995;0.00833
29.05.1995;0.00807
30.05.1995;0.0082
31.05.1995;0.00742
1.06.1995;0.00735
2.06.1995;0.00733
3.06.1995;0.00683
4.06.1995;0.00917
5.06.1995;0.00967
6.06.1995;0.01042
7.06.1995;0.01057
8.06.1995;0.01047
9.06.1995;0.0105
10.06.1995;0.00867
11.06.1995;0.00517
12.06.1995;0.05757
13.06.1995;0.08238
14.06.1995;0.00692
15.06.1995;0.05167
16.06.1995;0.04
17.06.1995;0.03333
18.06.1995;0.0275
19.06.1995;0.02833
20.06.1995;0.0275
21.06.1995;0.02667
22.06.1995;0.025
23.06.1995;0.02333
24.06.1995;0.02167
25.06.1995;0.02
26.06.1995;0.015
27.06.1995;0.01
28.06.1995;0.01
29.06.1995;0.00917
30.06.1995;0.008
1.07.1995;0.00733
2.07.1995;0.00667
3.07.1995;0.01742
4.07.1995;0.00772
5.07.1995;0.005
6.07.1995;0.00375
7.07.1995;0.00333
8.07.1995;0.00383
9.07.1995;0.005
10.07.1995;0.00367
11.07.1995;0.00367
12.07.1995;0.0035
13.07.1995;0.0035
14.07.1995;0.0035
15.07.1995;0.00333
16.07.1995;0.003
17.07.1995;0.00283
18.07.1995;0.00283
19.07.1995;0.00283
20.07.1995;0.00283
21.07.1995;0.00283
22.07.1995;0.0025
23.07.1995;0.00267
24.07.1995;0.00205
25.07.1995;0.00222
26.07.1995;0.00213
27.07.1995;0.00193
28.07.1995;0.00202
29.07.1995;0.00187
30.07.1995;0.00192
31.07.1995;0.00193
1.08.1995;0.00183
2.08.1995;0.00183
3.08.1995;0.00183
4.08.1995;0.00183
5.08.1995;0.00183
6.08.1995;0.00183
7.08.1995;0.00183
8.08.1995;0.00183
9.08.1995;0.00183
10.08.1995;0.00183
11.08.1995;0.00183
12.08.1995;0
13.08.1995;0
14.08.1995;0
15.08.1995;0
16.08.1995;0
17.08.1995;0
18.08.1995;0
19.08.1995;0
20.08.1995;0
21.08.1995;0.00067
22.08.1995;0.00067
23.08.1995;0.00083
24.08.1995;0.00083
25.08.1995;0.001
26.08.1995;0.00117
27.08.1995;0.00133
28.08.1995;0.0015
29.08.1995;0.0015
30.08.1995;0.0015
31.08.1995;0.0015
1.09.1995;0.0015
2.09.1995;0.0015
3.09.1995;0.0015
4.09.1995;0.0015
5.09.1995;0.0015
6.09.1995;0.0015
7.09.1995;0.0015
8.09.1995;0.0015
9.09.1995;0.0015
10.09.1995;0.0015
11.09.1995;0.0015
12.09.1995;0.00133
13.09.1995;0.00133
14.09.1995;0.00133
15.09.1995;0.00133
16.09.1995;0.00133
17.09.1995;0.00133
18.09.1995;0.00142
19.09.1995;0.00133
20.09.1995;0.00133
21.09.1995;0.00125
22.09.1995;0.00117
23.09.1995;0.00117
24.09.1995;0.00117
25.09.1995;0.00117
26.09.1995;0.001
27.09.1995;0.001
28.09.1995;0.001
29.09.1995;0.001
30.09.1995;0.001
1.10.1995;0.001
2.10.1995;0.001
3.10.1995;0.001
4.10.1995;0.001
5.10.1995;0.001
6.10.1995;0.001
7.10.1995;0.001
8.10.1995;0.001
9.10.1995;0.001
10.10.1995;0.001
11.10.1995;0.001
12.10.1995;0.001
13.10.1995;0.001
14.10.1995;0.001
15.10.1995;0.001
16.10.1995;0.001
17.10.1995;0.00083
18.10.1995;0.00083
19.10.1995;0.00083
20.10.1995;0.00083
21.10.1995;0.00083
22.10.1995;0.00083
23.10.1995;0.00067
24.10.1995;0.00067
25.10.1995;0.00067
26.10.1995;0.00067
27.10.1995;0.00067
28.10.1995;0.00067
29.10.1995;0.00067
30.10.1995;0.00067
31.10.1995;0.00067
1.11.1995;0.00067
2.11.1995;0.00067
3.11.1995;0.00067
4.11.1995;0.00067
5.11.1995;0.00067
6.11.1995;0.00067
7.11.1995;0.0005
8.11.1995;0.0005
9.11.1995;0.0005
10.11.1995;0.0005
11.11.1995;0.0005
12.11.1995;0.0005
13.11.1995;0.0005
14.11.1995;0.0005
15.11.1995;0.0005
16.11.1995;0.0005
17.11.1995;0.0005
18.11.1995;0.0005
19.11.1995;0.0005
20.11.1995;0.0005
21.11.1995;0.0005
22.11.1995;0.0005
23.11.1995;0.0005
24.11.1995;0.0005
25.11.1995;0.0005
26.11.1995;0.0005
27.11.1995;0.0005
28.11.1995;0.0005
29.11.1995;0.0005
30.11.1995;0.0005
1.12.1995;0.0005
2.12.1995;0.0005
3.12.1995;0.0005
4.12.1995;0.0005
5.12.1995;0.0005
6.12.1995;0.0005
7.12.1995;0.0005
8.12.1995;0.0005
9.12.1995;0.0005
10.12.1995;0.0005
11.12.1995;0.0005
12.12.1995;0.0005
13.12.1995;0.0005
14.12.1995;0.0005
15.12.1995;0.0005
16.12.1995;0.0005
17.12.1995;0.0005
18.12.1995;0.0005
19.12.1995;0.00033
20.12.1995;0.00033
21.12.1995;0.00033
22.12.1995;0.00033
23.12.1995;0.00033
24.12.1995;0.00033
25.12.1995;0.00033
26.12.1995;0.00033
27.12.1995;0.00033
28.12.1995;0.00033
29.12.1995;0.00033
30.12.1995;0.00033
31.12.1995;0.00033
1.01.1996;0.00033
2.01.1996;0.00033
3.01.1996;0.00033
4.01.1996;0.00033
5.01.1996;0.00033
6.01.1996;0.00033
7.01.1996;0.00033
8.01.1996;0.00033
9.01.1996;0.00017
10.01.1996;0.00017
11.01.1996;0.00017
12.01.1996;0.00017
13.01.1996;0.00017
14.01.1996;0.00017
15.01.1996;0.00017
16.01.1996;0.00017
17.01.1996;0.00017
18.01.1996;0.00017
19.01.1996;0.00017
20.01.1996;0.00017
21.01.1996;0.00017
22.01.1996;0.00017
23.01.1996;0.00017
24.01.1996;0.00017
25.01.1996;0.00017
26.01.1996;0.00017
27.01.1996;0.00017
28.01.1996;0.00017
29.01.1996;0.00017
30.01.1996;0.00017
31.01.1996;0.00017
1.02.1996;0.00017
2.02.1996;0.00017
3.02.1996;0.00017
4.02.1996;0.00017
5.02.1996;0.00017
6.02.1996;0.00017
7.02.1996;0.00017
8.02.1996;0.00017
9.02.1996;0.00017
10.02.1996;0.00017
11.02.1996;0.00017
12.02.1996;0.00017
13.02.1996;0.00017
14.02.1996;0.00017
15.02.1996;0.00017
16.02.1996;0.00017
17.02.1996;0.00017
18.02.1996;0.00017
19.02.1996;0.00017
20.02.1996;0.00017
21.02.1996;0.00017
22.02.1996;0.00017
23.02.1996;0.00017
24.02.1996;0.00017
25.02.1996;0.00017
26.02.1996;0.00017
27.02.1996;0.00017
28.02.1996;0.00017
29.02.1996;0.00017
1.03.1996;0.00017
2.03.1996;0.00017
3.03.1996;0.00017
4.03.1996;0.00017
5.03.1996;0.00017
6.03.1996;0.00017
7.03.1996;0.00017
8.03.1996;0.00017
9.03.1996;0.00017
10.03.1996;0.00017
11.03.1996;0.00017
12.03.1996;0.00017
13.03.1996;0.00017
14.03.1996;0.00017
15.03.1996;0.00017
16.03.1996;0.00017
17.03.1996;0.00017
18.03.1996;0.00033
19.03.1996;0.0005
20.03.1996;0.00067
21.03.1996;0.001
22.03.1996;0.00133
23.03.1996;0.00167
24.03.1996;0.005
25.03.1996;0.00167
26.03.1996;0.02708
27.03.1996;0.01292
28.03.1996;0.01542
29.03.1996;0.01333
30.03.1996;0.0125
31.03.1996;0.00583
1.04.1996;0.01542
2.04.1996;0.02
3.04.1996;0.01667
4.04.1996;0.015
5.04.1996;0.01333
6.04.1996;0.01333
7.04.1996;0.01333
8.04.1996;0.01333
9.04.1996;0.015
10.04.1996;0.01667
11.04.1996;0.01833
12.04.1996;0.02
13.04.1996;0.02
14.04.1996;0.01667
15.04.1996;0.01
16.04.1996;0.00333
17.04.1996;0.00542
18.04.1996;0.0175
19.04.1996;0.00833
20.04.1996;0.00833
21.04.1996;0.00663
22.04.1996;0.00667
23.04.1996;0.00583
24.04.1996;0.00442
25.04.1996;0.00467
26.04.1996;0.005
27.04.1996;0.00133
28.04.1996;0.00333
29.04.1996;0.00333
30.04.1996;0.00367
1.05.1996;0.00333
2.05.1996;0.00333
3.05.1996;0.004
4.05.1996;0.00467
5.05.1996;0.00517
6.05.1996;0.00475
7.05.1996;0.005
8.05.1996;0.00533
9.05.1996;0.00533
10.05.1996;0.00542
11.05.1996;0.00583
12.05.1996;0.00667
13.05.1996;0.03125
14.05.1996;0.12333
15.05.1996;0.0725
16.05.1996;0.06583
17.05.1996;0.04667
18.05.1996;0.04333
19.05.1996;0.03
20.05.1996;0.02333
21.05.1996;0.02167
22.05.1996;0.02167
23.05.1996;0.02353
24.05.1996;0.01667
25.05.1996;0.015
26.05.1996;0.01333
27.05.1996;0.01
28.05.1996;0.00833
29.05.1996;0.00667
30.05.1996;0.00667
31.05.1996;0.005
1.06.1996;0.00167
2.06.1996;0.00353
3.06.1996;0.00492
4.06.1996;0.00333
5.06.1996;0.0028
6.06.1996;0.005
7.06.1996;0.0015
8.06.1996;0.00333
9.06.1996;0.00183
10.06.1996;0.01492
11.06.1996;0.00205
12.06.1996;0.0025
13.06.1996;0.00133
14.06.1996;0.00767
15.06.1996;0.00417
16.06.1996;0.00172
17.06.1996;0.00108
18.06.1996;0.002
19.06.1996;0.0015
20.06.1996;0.00083
21.06.1996;0.01492
22.06.1996;0.0025
23.06.1996;0.00217
24.06.1996;0.002
25.06.1996;0.00133
26.06.1996;0.00083
27.06.1996;0.00167
28.06.1996;0.0015
29.06.1996;0.00133
30.06.1996;0.00117
1.07.1996;0.00117
2.07.1996;0.00117
3.07.1996;0.00117
4.07.1996;0.00117
5.07.1996;0.00117
6.07.1996;0.00117
7.07.1996;0.00167
8.07.1996;0.00117
9.07.1996;0.00083
10.07.1996;0.00083
11.07.1996;0.00083
12.07.1996;0.00083
13.07.1996;0.00083
14.07.1996;0.00083
15.07.1996;0.00083
16.07.1996;0.00067
17.07.1996;0.00067
18.07.1996;0.00067
19.07.1996;0.00067
20.07.1996;0.00067
21.07.1996;0.00067
22.07.1996;0.00067
23.07.1996;0.00067
24.07.1996;0.00067
25.07.1996;0.00067
26.07.1996;0.00067
27.07.1996;0.00067
28.07.1996;0.00067
29.07.1996;0.00067
30.07.1996;0.00067
31.07.1996;0.00067
1.08.1996;0.0005
2.08.1996;0.0005
3.08.1996;0.0005
4.08.1996;0.0005
5.08.1996;0.00033
6.08.1996;0.00033
7.08.1996;0.00033
8.08.1996;0.00033
9.08.1996;0.00033
10.08.1996;0.00033
11.08.1996;0.00033
12.08.1996;0.00033
13.08.1996;0.00033
14.08.1996;0.00033
15.08.1996;0.00033
16.08.1996;0.00033
17.08.1996;0.00033
18.08.1996;0.00033
19.08.1996;0.00033
20.08.1996;0.00033
21.08.1996;0.00033
22.08.1996;0.00033
23.08.1996;0.00033
24.08.1996;0.00033
25.08.1996;0.00033
26.08.1996;0.00033
27.08.1996;0.00033
28.08.1996;0.00033
29.08.1996;0.00033
30.08.1996;0.00033
31.08.1996;0.00033
1.09.1996;0.00033
2.09.1996;0.00033
3.09.1996;0.00033
4.09.1996;0.00033
5.09.1996;0.00033
6.09.1996;0.00033
7.09.1996;0.00033
8.09.1996;0.00033
9.09.1996;0.00033
10.09.1996;0.00033
11.09.1996;0.00033
12.09.1996;0.00033
13.09.1996;0.00033
14.09.1996;0.00033
15.09.1996;0.00033
16.09.1996;0.00017
17.09.1996;0.00017
18.09.1996;0.00017
19.09.1996;0.00017
20.09.1996;0.00017
21.09.1996;0.00017
22.09.1996;0.00017
23.09.1996;0.00017
24.09.1996;0.00017
25.09.1996;0.00017
26.09.1996;0.00017
27.09.1996;0.00017
28.09.1996;0.00017
29.09.1996;0.00017
30.09.1996;0.00033
1.10.1996;0.00033
2.10.1996;0.00033
3.10.1996;0.0005
4.10.1996;0.00033
5.10.1996;0.00033
6.10.1996;0.00033
7.10.1996;0.00033
8.10.1996;0.00033
9.10.1996;0.0005
10.10.1996;0.0005
11.10.1996;0.00033
12.10.1996;0.00033
13.10.1996;0.00033
14.10.1996;0.00033
15.10.1996;0
16.10.1996;0
17.10.1996;0
18.10.1996;0
19.10.1996;0
20.10.1996;0
21.10.1996;0
22.10.1996;0
23.10.1996;0
24.10.1996;0
25.10.1996;0
26.10.1996;0
27.10.1996;0
28.10.1996;0
29.10.1996;0
30.10.1996;0
31.10.1996;0
1.11.1996;0
2.11.1996;0
3.11.1996;0
4.11.1996;0
5.11.1996;0
6.11.1996;0
7.11.1996;0
8.11.1996;0
9.11.1996;0
10.11.1996;0
11.11.1996;0
12.11.1996;0
13.11.1996;0
14.11.1996;0
15.11.1996;0
16.11.1996;0
17.11.1996;0
18.11.1996;0
19.11.1996;0
20.11.1996;0
21.11.1996;0
22.11.1996;0
23.11.1996;0
24.11.1996;0
25.11.1996;0
26.11.1996;0
27.11.1996;0
28.11.1996;0
29.11.1996;0
30.11.1996;0
1.12.1996;0
2.12.1996;0
3.12.1996;0
4.12.1996;0
5.12.1996;0
6.12.1996;0
7.12.1996;0
8.12.1996;0
9.12.1996;0.00033
10.12.1996;0.00033
11.12.1996;0.00033
12.12.1996;0.00033
13.12.1996;0.00033
14.12.1996;0.00033
15.12.1996;0.00033
16.12.1996;0.00033
17.12.1996;0.00033
18.12.1996;0.00033
19.12.1996;0.00033
20.12.1996;0.00033
21.12.1996;0.00033
22.12.1996;0.00033
23.12.1996;0.0005
24.12.1996;0.0005
25.12.1996;0.0005
26.12.1996;0.0005
27.12.1996;0.0005
28.12.1996;0.00067
29.12.1996;0.00083
30.12.1996;0.00083
31.12.1996;0.00083
1.01.1997;0.004
2.01.1997;0.00383
3.01.1997;0.0035
4.01.1997;0.00517
5.01.1997;0.00747
6.01.1997;0.00333
7.01.1997;0.0043
8.01.1997;0.00253
9.01.1997;0.00203
10.01.1997;0.00172
11.01.1997;0.00163
12.01.1997;0.00152
13.01.1997;0.00777
14.01.1997;0.00228
15.01.1997;0.00102
16.01.1997;0.0008
17.01.1997;0.00582
18.01.1997;0.00063
19.01.1997;0.00067
20.01.1997;0.0043
21.01.1997;0.00092
22.01.1997;0.0042
23.01.1997;0.00067
24.01.1997;0.0017
25.01.1997;0.00075
26.01.1997;0.00063
27.01.1997;0.00058
28.01.1997;0.0005
29.01.1997;0.00053
30.01.1997;0.00058
31.01.1997;0.00055
1.02.1997;0.0005
2.02.1997;0.0005
3.02.1997;0.00083
4.02.1997;0.0006
5.02.1997;0.00068
6.02.1997;0.00062
7.02.1997;0.00067
8.02.1997;0.00067
9.02.1997;0.00067
10.02.1997;0.00075
11.02.1997;0.00083
12.02.1997;0.00083
13.02.1997;0.00083
14.02.1997;0.00083
15.02.1997;0.00083
16.02.1997;0.00083
17.02.1997;0.00083
18.02.1997;0.00083
19.02.1997;0.00083
20.02.1997;0.00083
21.02.1997;0.00083
22.02.1997;0.00083
23.02.1997;0.00083
24.02.1997;0.00083
25.02.1997;0.00083
26.02.1997;0.00603
27.02.1997;0.01055
28.02.1997;0.01182
1.03.1997;0.01093
2.03.1997;0.00667
3.03.1997;0.00712
4.03.1997;0.01095
5.03.1997;0.00715
6.03.1997;0.00507
7.03.1997;0.00673
8.03.1997;0.00862
9.03.1997;0.00625
10.03.1997;0.00967
11.03.1997;0.00357
12.03.1997;0.00403
13.03.1997;0.00533
14.03.1997;0.00522
15.03.1997;0.0041
16.03.1997;0.00392
17.03.1997;0.00445
18.03.1997;0.00208
19.03.1997;0.00458
20.03.1997;0.00172
21.03.1997;0.00542
22.03.1997;0.00177
23.03.1997;0.00738
24.03.1997;0.00333
25.03.1997;0.00262
26.03.1997;0.00125
27.03.1997;0.00468
28.03.1997;0.00327
29.03.1997;0.0034
30.03.1997;0.0035
31.03.1997;0.0038
1.04.1997;0.00157
2.04.1997;0.00133
3.04.1997;0.00125
4.04.1997;0.00765
5.04.1997;0.0025
6.04.1997;0.0018
7.04.1997;0.00255
8.04.1997;0.00243
9.04.1997;0.00272
10.04.1997;0.00197
11.04.1997;0.00245
12.04.1997;0.00175
13.04.1997;0.00207
14.04.1997;0.00248
15.04.1997;0.00222
16.04.1997;0.0034
17.04.1997;0.00193
18.04.1997;0.00278
19.04.1997;0.00203
20.04.1997;0.00235
21.04.1997;0.00257
22.04.1997;0.00178
23.04.1997;0.00215
24.04.1997;0.00217
25.04.1997;0.00167
26.04.1997;0.00177
27.04.1997;0.0014
28.04.1997;0.00188
29.04.1997;0.00212
30.04.1997;0.00168
1.05.1997;0.00252
2.05.1997;0.00167
3.05.1997;0.00167
4.05.1997;0.00167
5.05.1997;0.00083
6.05.1997;0.00083
7.05.1997;0.00888
8.05.1997;0.00292
9.05.1997;0.00448
10.05.1997;0.00602
11.05.1997;0.00402
12.05.1997;0.0079
13.05.1997;0.0056
14.05.1997;0.00612
15.05.1997;0.00585
16.05.1997;0.00547
17.05.1997;0.00548
18.05.1997;0.00628
19.05.1997;0.00475
20.05.1997;0.00415
21.05.1997;0.00473
22.05.1997;0.00488
23.05.1997;0.01335
24.05.1997;0.00657
25.05.1997;0.00517
26.05.1997;0.00415
27.05.1997;0.00413
28.05.1997;0.00458
29.05.1997;0.00382
30.05.1997;0.0035
31.05.1997;0.00412
1.06.1997;0.00388
2.06.1997;0.0026
3.06.1997;0.00372
4.06.1997;0.00245
5.06.1997;0.00405
6.06.1997;0.00267
7.06.1997;0.00293
8.06.1997;0.00268
9.06.1997;0.00237
10.06.1997;0.00292
11.06.1997;0.00368
12.06.1997;0.00313
13.06.1997;0.00328
14.06.1997;0.00253
15.06.1997;0.00248
16.06.1997;0.0036
17.06.1997;0.00277
18.06.1997;0.0036
19.06.1997;0.00322
20.06.1997;0.00298
21.06.1997;0.00313
22.06.1997;0.00303
23.06.1997;0.00303
24.06.1997;0.00333
25.06.1997;0.00268
26.06.1997;0.00283
27.06.1997;0.0028
28.06.1997;0.0033
29.06.1997;0.00213
30.06.1997;0.00195
1.07.1997;0.00203
2.07.1997;0.00205
3.07.1997;0.00167
4.07.1997;0.0025
5.07.1997;0.00345
6.07.1997;0.00215
7.07.1997;0.00263
8.07.1997;0.00257
9.07.1997;0.00477
10.07.1997;0.00732
11.07.1997;0.00637
12.07.1997;0.00507
13.07.1997;0.00817
14.07.1997;0.0042
15.07.1997;0.00548
16.07.1997;0.00305
17.07.1997;0.00563
18.07.1997;0.00635
19.07.1997;0.0435
20.07.1997;0.0365
21.07.1997;0.02783
22.07.1997;0.02317
23.07.1997;0.01883
24.07.1997;0.01593
25.07.1997;0.01332
26.07.1997;0.01452
27.07.1997;0.01357
28.07.1997;0.01
29.07.1997;0.01003
30.07.1997;0.0099
31.07.1997;0.00702
1.08.1997;0.00977
2.08.1997;0.00593
3.08.1997;0.0118
4.08.1997;0.00712
5.08.1997;0.01202
6.08.1997;0.01155
7.08.1997;0.01097
8.08.1997;0.01
9.08.1997;0.00955
10.08.1997;0.0102
11.08.1997;0.00782
12.08.1997;0.00707
13.08.1997;0.00715
14.08.1997;0.0047
15.08.1997;0.00927
16.08.1997;0.00568
17.08.1997;0.00623
18.08.1997;0.00557
19.08.1997;0.00532
20.08.1997;0.00465
21.08.1997;0.00415
22.08.1997;0.00385
23.08.1997;0.0042
24.08.1997;0.00383
25.08.1997;0.00378
26.08.1997;0.00357
27.08.1997;0.00363
28.08.1997;0.00332
29.08.1997;0.0029
30.08.1997;0.00335
31.08.1997;0.00365
1.09.1997;0.0027
2.09.1997;0.00215
3.09.1997;0.00262
4.09.1997;0.00287
5.09.1997;0.00197
6.09.1997;0.00257
7.09.1997;0.00245
8.09.1997;0.0021
9.09.1997;0.00183
10.09.1997;0.00202
11.09.1997;0.00275
12.09.1997;0.00228
13.09.1997;0.00258
14.09.1997;0.00178
15.09.1997;0.00083
16.09.1997;0.00188
17.09.1997;0.00118
18.09.1997;0.00147
19.09.1997;0.00083
20.09.1997;0.00158
21.09.1997;0.0012
22.09.1997;0.00123
23.09.1997;0.00107
24.09.1997;0.00083
25.09.1997;0.00083
26.09.1997;0.00083
27.09.1997;0.00168
28.09.1997;0.00097
29.09.1997;0.00083
30.09.1997;0.00083
1.10.1997;0.00083
2.10.1997;0.00115
3.10.1997;0.00083
4.10.1997;0.0009
5.10.1997;0.00167
6.10.1997;0.00098
7.10.1997;0.00083
8.10.1997;0.00083
9.10.1997;0.00083
10.10.1997;0.00095
11.10.1997;0.00087
12.10.1997;0.00108
13.10.1997;0.00133
14.10.1997;0.00092
15.10.1997;0.00092
16.10.1997;0.00098
17.10.1997;0.00142
18.10.1997;0.00132
19.10.1997;0.0012
20.10.1997;0.001
21.10.1997;0.00083
22.10.1997;0.00137
23.10.1997;0.00167
24.10.1997;0.00128
25.10.1997;0.00083
26.10.1997;0.00083
27.10.1997;0.00083
28.10.1997;0.00083
29.10.1997;0.00083
30.10.1997;0.00083
31.10.1997;0.00083
1.11.1997;0.00083
2.11.1997;0.00083
3.11.1997;0.00083
4.11.1997;0.00083
5.11.1997;0.00083
6.11.1997;0.00083
7.11.1997;0.00083
8.11.1997;0.00083
9.11.1997;0.00083
10.11.1997;0.00083
11.11.1997;0
12.11.1997;0
13.11.1997;0
14.11.1997;0
15.11.1997;0
16.11.1997;0
17.11.1997;0
18.11.1997;0
19.11.1997;0
20.11.1997;0
21.11.1997;0
22.11.1997;0
23.11.1997;0
24.11.1997;0
25.11.1997;0
26.11.1997;0
27.11.1997;0
28.11.1997;0
29.11.1997;0
30.11.1997;0
1.12.1997;0
2.12.1997;0
3.12.1997;0
4.12.1997;0
5.12.1997;0
6.12.1997;0
7.12.1997;0
8.12.1997;0
9.12.1997;0
10.12.1997;0
11.12.1997;0
12.12.1997;0
13.12.1997;0
14.12.1997;0
15.12.1997;0
16.12.1997;0
17.12.1997;0
18.12.1997;0
19.12.1997;0
20.12.1997;0
21.12.1997;0
22.12.1997;0
23.12.1997;0
24.12.1997;0
25.12.1997;0
26.12.1997;0
27.12.1997;0
28.12.1997;0
29.12.1997;0
30.12.1997;0
31.12.1997;0
1.01.1998;0
2.01.1998;0
3.01.1998;0
4.01.1998;0
5.01.1998;0
6.01.1998;0
7.01.1998;0
8.01.1998;0
9.01.1998;0
10.01.1998;0
11.01.1998;0
12.01.1998;0.00258
13.01.1998;0.00288
14.01.1998;0.00195
15.01.1998;0.00167
16.01.1998;0.00705
17.01.1998;0.00328
18.01.1998;0.0025
19.01.1998;0.00322
20.01.1998;0.00253
21.01.1998;0.00222
22.01.1998;0.00233
23.01.1998;0.00167
24.01.1998;0.00452
25.01.1998;0.00248
26.01.1998;0.0028
27.01.1998;0.00243
28.01.1998;0.00292
29.01.1998;0.00288
30.01.1998;0.00282
31.01.1998;0.00298
1.02.1998;0.0039
2.02.1998;0.00362
3.02.1998;0.00292
4.02.1998;0.0036
5.02.1998;0.00377
6.02.1998;0.00322
7.02.1998;0.00265
8.02.1998;0.00397
9.02.1998;0.00305
10.02.1998;0.00348
11.02.1998;0.00193
12.02.1998;0.0019
13.02.1998;0.00603
14.02.1998;0.00477
15.02.1998;0.00373
16.02.1998;0.0047
17.02.1998;0.004
18.02.1998;0.00355
19.02.1998;0.00435
20.02.1998;0.00417
21.02.1998;0.00405
22.02.1998;0.00333
23.02.1998;0.00353
24.02.1998;0.00475
25.02.1998;0.00297
26.02.1998;0.00227
27.02.1998;0.004
28.02.1998;0.00167
1.03.1998;0.0043
2.03.1998;0.00197
3.03.1998;0.00365
4.03.1998;0.00217
5.03.1998;0.00233
6.03.1998;0.00265
7.03.1998;0.0023
8.03.1998;0.00335
9.03.1998;0.00142
10.03.1998;0.00117
11.03.1998;0.00093
12.03.1998;0.00168
13.03.1998;0.00138
14.03.1998;0.00158
15.03.1998;0.00203
16.03.1998;0.00165
17.03.1998;0.00083
18.03.1998;0.00192
19.03.1998;0.00148
20.03.1998;0.00168
21.03.1998;0.00242
22.03.1998;0.00167
23.03.1998;0.00162
24.03.1998;0.00092
25.03.1998;0.00083
26.03.1998;0.00083
27.03.1998;0.00155
28.03.1998;0.00093
29.03.1998;0.00083
30.03.1998;0.00083
31.03.1998;0.00167
1.04.1998;0.00083
2.04.1998;0.00095
3.04.1998;0.00103
4.04.1998;0.00142
5.04.1998;0.0019
6.04.1998;0.00115
7.04.1998;0.00133
8.04.1998;0.00125
9.04.1998;0.00193
10.04.1998;0.00142
11.04.1998;0.0011
12.04.1998;0.0016
13.04.1998;0.00167
14.04.1998;0.00178
15.04.1998;0.0014
16.04.1998;0.00167
17.04.1998;0.00145
18.04.1998;0.00083
19.04.1998;0.00117
20.04.1998;0.00453
21.04.1998;0.00538
22.04.1998;0.0062
23.04.1998;0.00742
24.04.1998;0.00375
25.04.1998;0.00732
26.04.1998;0.00613
27.04.1998;0.00565
28.04.1998;0.00748
29.04.1998;0.00628
30.04.1998;0.00592
1.05.1998;0.00583
2.05.1998;0.00618
3.05.1998;0.00588
4.05.1998;0.00467
5.05.1998;0.00823
6.05.1998;0.00917
7.05.1998;0.00765
8.05.1998;0.01022
9.05.1998;0.00882
10.05.1998;0.00952
11.05.1998;0.00863
12.05.1998;0.00848
13.05.1998;0.00827
14.05.1998;0.00773
15.05.1998;0.0054
16.05.1998;0.00825
17.05.1998;0.00712
18.05.1998;0.00627
19.05.1998;0.0058
20.05.1998;0.00612
21.05.1998;0.00435
22.05.1998;0.00892
23.05.1998;0.00683
24.05.1998;0.00637
25.05.1998;0.00587
26.05.1998;0.00615
27.05.1998;0.00578
28.05.1998;0.00552
29.05.1998;0.00538
30.05.1998;0.00567
31.05.1998;0.00488
1.06.1998;0.00485
2.06.1998;0.00378
3.06.1998;0.00167
4.06.1998;0.00805
5.06.1998;0.00342
6.06.1998;0.00363
7.06.1998;0.00373
8.06.1998;0.00322
9.06.1998;0.00348
10.06.1998;0.0029
11.06.1998;0.00302
12.06.1998;0.00355
13.06.1998;0.00308
14.06.1998;0.00297
15.06.1998;0.0024
16.06.1998;0.00327
17.06.1998;0.00197
18.06.1998;0.00278
19.06.1998;0.00248
20.06.1998;0.00213
21.06.1998;0.0021
22.06.1998;0.00218
23.06.1998;0.00252
24.06.1998;0.002
25.06.1998;0.00237
26.06.1998;0.0019
27.06.1998;0.00222
28.06.1998;0.00182
29.06.1998;0.00105
30.06.1998;0.00155
1.07.1998;0.00178
2.07.1998;0.00087
3.07.1998;0.00125
4.07.1998;0.00137
5.07.1998;0.00168
6.07.1998;0.00095
7.07.1998;0.0009
8.07.1998;0.00212
9.07.1998;0.00125
10.07.1998;0.00133
11.07.1998;0.0014
12.07.1998;0.00083
13.07.1998;0.00083
14.07.1998;0.00083
15.07.1998;0.00162
16.07.1998;0.00128
17.07.1998;0.00083
18.07.1998;0.00083
19.07.1998;0.00083
20.07.1998;0.00083
21.07.1998;0.00083
22.07.1998;0.00083
23.07.1998;0.00083
24.07.1998;0.00083
25.07.1998;0.00093
26.07.1998;0.001
27.07.1998;0.00083
28.07.1998;0.00085
29.07.1998;0.00107
30.07.1998;0.00083
31.07.1998;0.00083
1.08.1998;0.00083
2.08.1998;0.00083
3.08.1998;0.00083
4.08.1998;0.00083
5.08.1998;0.00083
6.08.1998;0.00083
7.08.1998;0.00083
8.08.1998;0.00083
9.08.1998;0.00083
10.08.1998;0.00083
11.08.1998;0.00083
12.08.1998;0.00083
13.08.1998;0.00083
14.08.1998;0.00083
15.08.1998;0.00083
16.08.1998;0.00083
17.08.1998;0.00083
18.08.1998;0.00083
19.08.1998;0.00083
20.08.1998;0.00083
21.08.1998;0.00083
22.08.1998;0.00083
23.08.1998;0.0012
24.08.1998;0.00088
25.08.1998;0.00088
26.08.1998;0.0012
27.08.1998;0.00083
28.08.1998;0.00083
29.08.1998;0.00083
30.08.1998;0.00083
31.08.1998;0.00083
1.09.1998;0.00083
2.09.1998;0.00083
3.09.1998;0.00083
4.09.1998;0.00083
5.09.1998;0.00083
6.09.1998;0.00083
7.09.1998;0.00083
8.09.1998;0.00083
9.09.1998;0.00083
10.09.1998;0.00083
11.09.1998;0.00083
12.09.1998;0.00083
13.09.1998;0.00083
14.09.1998;0.00083
15.09.1998;0.00083
16.09.1998;0.00083
17.09.1998;0.00083
18.09.1998;0.00083
19.09.1998;0.00083
20.09.1998;0.00083
21.09.1998;0.00083
22.09.1998;0.00083
23.09.1998;0.00083
24.09.1998;0.00047
25.09.1998;0.00078
26.09.1998;0.00083
27.09.1998;0.00083
28.09.1998;0.00083
29.09.1998;0.0012
30.09.1998;0.00088
1.10.1998;0.00083
2.10.1998;0.00188
3.10.1998;0.046
4.10.1998;0.02333
5.10.1998;0.01767
6.10.1998;0.01173
7.10.1998;0.01515
8.10.1998;0.01208
9.10.1998;0.01032
10.10.1998;0.01422
11.10.1998;0.01047
12.10.1998;0.01717
13.10.1998;0
14.10.1998;0
15.10.1998;0
16.10.1998;0
17.10.1998;0
18.10.1998;0
19.10.1998;0
20.10.1998;0
21.10.1998;0
22.10.1998;0
23.10.1998;0
24.10.1998;0
25.10.1998;0
26.10.1998;0
27.10.1998;0
28.10.1998;0
29.10.1998;0
30.10.1998;0
31.10.1998;0
1.11.1998;0
2.11.1998;0
3.11.1998;0
4.11.1998;0
5.11.1998;0
6.11.1998;0
7.11.1998;0
8.11.1998;0
9.11.1998;0
10.11.1998;0
11.11.1998;0
12.11.1998;0
13.11.1998;0
14.11.1998;0
15.11.1998;0
16.11.1998;0
17.11.1998;0
18.11.1998;0
19.11.1998;0
20.11.1998;0
21.11.1998;0
22.11.1998;0
23.11.1998;0
24.11.1998;0
25.11.1998;0
26.11.1998;0
27.11.1998;0
28.11.1998;0
29.11.1998;0
30.11.1998;0
1.12.1998;0
2.12.1998;0
3.12.1998;0
4.12.1998;0
5.12.1998;0
6.12.1998;0
7.12.1998;0
8.12.1998;0
9.12.1998;0
10.12.1998;0
11.12.1998;0
12.12.1998;0
13.12.1998;0
14.12.1998;0
15.12.1998;0
16.12.1998;0
17.12.1998;0
18.12.1998;0
19.12.1998;0
20.12.1998;0
21.12.1998;0
22.12.1998;0
23.12.1998;0
24.12.1998;0
25.12.1998;0
26.12.1998;0
27.12.1998;0
28.12.1998;0
29.12.1998;0
30.12.1998;0
31.12.1998;0
1.01.1999;0
2.01.1999;0
3.01.1999;0
4.01.1999;0.00242
5.01.1999;0.00267
6.01.1999;0.00253
7.01.1999;0.00242
8.01.1999;0.00233
9.01.1999;0.0023
10.01.1999;0.00263
11.01.1999;0.00158
12.01.1999;0.00175
13.01.1999;0.00222
14.01.1999;0.00247
15.01.1999;0.00163
16.01.1999;0.00155
17.01.1999;0.00225
18.01.1999;0.00217
19.01.1999;0.00242
20.01.1999;0.00263
21.01.1999;0.00158
22.01.1999;0.00225
23.01.1999;0.002
24.01.1999;0.00267
25.01.1999;0.00157
26.01.1999;0.00153
27.01.1999;0.00288
28.01.1999;0.00158
29.01.1999;0.00213
30.01.1999;0.00133
31.01.1999;0.00165
1.02.1999;0.00175
2.02.1999;0.00177
3.02.1999;0.00135
4.02.1999;0.00192
5.02.1999;0.00192
6.02.1999;0.00105
7.02.1999;0.001
8.02.1999;0.00108
9.02.1999;0.001
10.02.1999;0.00105
11.02.1999;0.00167
12.02.1999;0.00125
13.02.1999;0.00088
14.02.1999;0.00122
15.02.1999;0.00138
16.02.1999;0.0005
17.02.1999;0.00067
18.02.1999;0.00113
19.02.1999;0.001
20.02.1999;0.00117
21.02.1999;0
22.02.1999;0.00108
23.02.1999;0.00082
24.02.1999;0.00123
25.02.1999;0.00068
26.02.1999;0.00058
27.02.1999;0.00127
28.02.1999;0.00105
1.03.1999;0.00088
2.03.1999;0.00148
3.03.1999;0.01105
4.03.1999;0.0448
5.03.1999;0.0773
6.03.1999;0.0975
7.03.1999;0.09772
8.03.1999;0.11522
9.03.1999;0.09938
10.03.1999;0.08292
11.03.1999;0.07042
12.03.1999;0.06147
13.03.1999;0.0523
14.03.1999;0.04272
15.03.1999;0.03625
16.03.1999;0.02605
17.03.1999;0.02188
18.03.1999;0.02188
19.03.1999;0.01967
20.03.1999;0.01708
21.03.1999;0.01042
22.03.1999;0.01083
23.03.1999;0.01355
24.03.1999;0.01
25.03.1999;0.0103
26.03.1999;0.01005
27.03.1999;0.00658
28.03.1999;0.00692
29.03.1999;0.00617
30.03.1999;0.00633
31.03.1999;0.00647
1.04.1999;0.00833
2.04.1999;0.00772
3.04.1999;0.00513
4.04.1999;0.005
5.04.1999;0.005
6.04.1999;0.00355
7.04.1999;0.0035
8.04.1999;0.00213
9.04.1999;0.00383
10.04.1999;0.00322
11.04.1999;0.00317
12.04.1999;0.0075
13.04.1999;0.00458
14.04.1999;0.00355
15.04.1999;0.00208
16.04.1999;0.00142
17.04.1999;0.00183
18.04.1999;0.00188
19.04.1999;0
20.04.1999;0
21.04.1999;0
22.04.1999;0
23.04.1999;0
24.04.1999;0
25.04.1999;0
26.04.1999;0
27.04.1999;0
28.04.1999;0
29.04.1999;0
30.04.1999;0
1.05.1999;0
2.05.1999;0
3.05.1999;0
4.05.1999;0
5.05.1999;0
6.05.1999;0
7.05.1999;0
8.05.1999;0
9.05.1999;0
10.05.1999;0
11.05.1999;0
12.05.1999;0
13.05.1999;0
14.05.1999;0
15.05.1999;0
16.05.1999;0
17.05.1999;0
18.05.1999;0
19.05.1999;0
20.05.1999;0
21.05.1999;0
22.05.1999;0
23.05.1999;0
24.05.1999;0
25.05.1999;0
26.05.1999;0
27.05.1999;0
28.05.1999;0
29.05.1999;0
30.05.1999;0
31.05.1999;0
1.06.1999;0
2.06.1999;0
3.06.1999;0
4.06.1999;0
5.06.1999;0
6.06.1999;0
7.06.1999;0.00083
8.06.1999;0.00375
9.06.1999;0.00305
10.06.1999;0.00333
11.06.1999;0.00333
12.06.1999;0.00292
13.06.1999;0.00083
14.06.1999;0.0033
15.06.1999;0.00122
16.06.1999;0.0018
17.06.1999;0.00267
18.06.1999;0.00242
19.06.1999;0.00197
20.06.1999;0.00222
21.06.1999;0.00158
22.06.1999;0.00205
23.06.1999;0.00175
24.06.1999;0.00142
25.06.1999;0.0023
26.06.1999;0.00242
27.06.1999;0.0028
28.06.1999;0.00197
29.06.1999;0.00172
30.06.1999;0.00272
1.07.1999;0.00163
2.07.1999;0.0013
3.07.1999;0.00147
4.07.1999;0.00155
5.07.1999;0.00167
6.07.1999;0.00125
7.07.1999;0.00125
8.07.1999;0.0018
9.07.1999;0.00142
10.07.1999;0.00113
11.07.1999;0.00163
12.07.1999;0.00172
13.07.1999;0.001
14.07.1999;0.0015
15.07.1999;0.01467
16.07.1999;0.00763
17.07.1999;0.01083
18.07.1999;0.00697
19.07.1999;0.00572
20.07.1999;0.0075
21.07.1999;0.0065
22.07.1999;0.00372
23.07.1999;0.00492
24.07.1999;0.01355
25.07.1999;0.00542
26.07.1999;0.00822
27.07.1999;0.01758
28.07.1999;0.00625
29.07.1999;0.00463
30.07.1999;0.005
31.07.1999;0.00425
1.08.1999;0.00458
2.08.1999;0.00467
3.08.1999;0.00233
4.08.1999;0.00297
5.08.1999;0.00297
6.08.1999;0.00488
7.08.1999;0.00255
8.08.1999;0.00183
9.08.1999;0.00183
10.08.1999;0.00272
11.08.1999;0.00205
12.08.1999;0.00175
13.08.1999;0.00208
14.08.1999;0.00217
15.08.1999;0.00197
16.08.1999;0.00163
17.08.1999;0.00155
18.08.1999;0.0015
19.08.1999;0.00133
20.08.1999;0.00113
21.08.1999;0.00275
22.08.1999;0.00222
23.08.1999;0.00113
24.08.1999;0.00125
25.08.1999;0.00113
26.08.1999;0.00158
27.08.1999;0.00133
28.08.1999;0.00072
29.08.1999;0.00188
30.08.1999;0.00105
31.08.1999;0.00038
1.09.1999;0.0008
2.09.1999;0.00038
3.09.1999;0.0005
4.09.1999;0.00072
5.09.1999;0.001
6.09.1999;0.00042
7.09.1999;0.00055
8.09.1999;0.001
9.09.1999;0.0005
10.09.1999;0.00075
11.09.1999;0.0005
12.09.1999;0.00083
13.09.1999;0.0002
14.09.1999;0.00017
15.09.1999;0.00025
16.09.1999;0.00025
17.09.1999;0.00025
18.09.1999;0.00033
19.09.1999;0.00033
20.09.1999;0.00033
21.09.1999;0.00033
22.09.1999;0.00033
23.09.1999;0.00033
24.09.1999;0.00033
25.09.1999;0.00033
26.09.1999;0.00033
27.09.1999;0.00033
28.09.1999;0.00033
29.09.1999;0.00033
30.09.1999;0.00033
1.10.1999;0.00033
2.10.1999;0.00033
3.10.1999;0.00033
4.10.1999;0.00033
5.10.1999;0.00033
6.10.1999;0.00033
7.10.1999;0.00025
8.10.1999;0.00025
9.10.1999;0.00017
10.10.1999;0.00017
11.10.1999;0.00017
12.10.1999;0.00017
13.10.1999;0.00017
14.10.1999;0.00017
15.10.1999;0.00017
16.10.1999;0.00025
17.10.1999;0.00025
18.10.1999;0.00025
19.10.1999;0.00025
20.10.1999;0.00025
21.10.1999;0.00025
22.10.1999;0.00025
23.10.1999;0.00025
24.10.1999;0.00025
25.10.1999;0.00025
26.10.1999;0.00025
27.10.1999;0.00025
28.10.1999;0.00025
29.10.1999;0.00025
30.10.1999;0.00025
31.10.1999;0.00025
1.11.1999;0.00025
2.11.1999;0.00025
3.11.1999;0.00025
4.11.1999;0.00025
5.11.1999;0.00025
6.11.1999;0.00025
7.11.1999;0.00025
8.11.1999;0.00025
9.11.1999;0.00025
10.11.1999;0.00025
11.11.1999;0.00025
12.11.1999;0.00025
13.11.1999;0.00025
14.11.1999;0.00025
15.11.1999;0.00025
16.11.1999;0.00025
17.11.1999;0.00025
18.11.1999;0.00025
19.11.1999;0.00025
20.11.1999;0.00025
21.11.1999;0
22.11.1999;0
23.11.1999;0
24.11.1999;0
25.11.1999;0
26.11.1999;0
27.11.1999;0
28.11.1999;0
29.11.1999;0
30.11.1999;0
1.12.1999;0
2.12.1999;0
3.12.1999;0
4.12.1999;0
5.12.1999;0
6.12.1999;0
7.12.1999;0
8.12.1999;0
9.12.1999;0
10.12.1999;0
11.12.1999;0
12.12.1999;0
13.12.1999;0
14.12.1999;0
15.12.1999;0
16.12.1999;0
17.12.1999;0
18.12.1999;0
19.12.1999;0
20.12.1999;0
21.12.1999;0
22.12.1999;0
23.12.1999;0
24.12.1999;0
25.12.1999;0
26.12.1999;0
27.12.1999;0
28.12.1999;0
29.12.1999;0
30.12.1999;0
31.12.1999;0
1.01.2000;0
2.01.2000;0
3.01.2000;0
4.01.2000;0
5.01.2000;0
6.01.2000;0
7.01.2000;0
8.01.2000;0
9.01.2000;0
10.01.2000;0
11.01.2000;0
12.01.2000;0
13.01.2000;0
14.01.2000;0
15.01.2000;0
16.01.2000;0
17.01.2000;0
18.01.2000;0
19.01.2000;0
20.01.2000;0
21.01.2000;0
22.01.2000;0
23.01.2000;0
24.01.2000;0
25.01.2000;0
26.01.2000;0
27.01.2000;0
28.01.2000;0
29.01.2000;0
30.01.2000;0
31.01.2000;0
1.02.2000;0
2.02.2000;0
3.02.2000;0
4.02.2000;0
5.02.2000;0
6.02.2000;0
7.02.2000;0.00017
8.02.2000;0.0005
9.02.2000;0.00083
10.02.2000;0.00117
11.02.2000;0.0015
12.02.2000;0.002
13.02.2000;0.00258
14.02.2000;0.00317
15.02.2000;0.0033
16.02.2000;0.00333
17.02.2000;0.0035
18.02.2000;0.0038
19.02.2000;0.0015
20.02.2000;0.00167
21.02.2000;0.00133
22.02.2000;0.00133
23.02.2000;0.00067
24.02.2000;0.0005
25.02.2000;0
26.02.2000;0
27.02.2000;0
28.02.2000;0
29.02.2000;0
1.03.2000;0
2.03.2000;0
3.03.2000;0
4.03.2000;0
5.03.2000;0
6.03.2000;0.00583
7.03.2000;0.01333
8.03.2000;0.01833
9.03.2000;0.035
10.03.2000;0.02833
11.03.2000;0.02167
12.03.2000;0.01833
13.03.2000;0.16667
14.03.2000;0.01917
15.03.2000;0.01917
16.03.2000;0.01833
17.03.2000;0.015
18.03.2000;0.01333
19.03.2000;0.01317
20.03.2000;0.01833
21.03.2000;0.02
22.03.2000;0.01167
23.03.2000;0.01167
24.03.2000;0.01417
25.03.2000;0.02
26.03.2000;0.01583
27.03.2000;0.01417
28.03.2000;0.00167
29.03.2000;0.01833
30.03.2000;0.01833
31.03.2000;0.01917
1.04.2000;0.02333
2.04.2000;0.02583
3.04.2000;0.045
4.04.2000;0.04167
5.04.2000;0.045
6.04.2000;0.07647
7.04.2000;0.07125
8.04.2000;0.05772
9.04.2000;0.0473
10.04.2000;0.03792
11.04.2000;0.03417
12.04.2000;0.02917
13.04.2000;0.02583
14.04.2000;0.02375
15.04.2000;0.0223
16.04.2000;0.02147
17.04.2000;0.02083
18.04.2000;0.01917
19.04.2000;0.01917
20.04.2000;0.01917
21.04.2000;0.01855
22.04.2000;0.01667
23.04.2000;0.01583
24.04.2000;0.01813
25.04.2000;0.01375
26.04.2000;0.01208
27.04.2000;0.01167
28.04.2000;0.01167
29.04.2000;0.01083
30.04.2000;0.01083
1.05.2000;0.01105
2.05.2000;0.01
3.05.2000;0.00983
4.05.2000;0.00983
5.05.2000;0.00983
6.05.2000;0.00922
7.05.2000;0.008
8.05.2000;0.00667
9.05.2000;0.00583
10.05.2000;0.0223
11.05.2000;0.04833
12.05.2000;0.0448
13.05.2000;0.03333
14.05.2000;0.02397
15.05.2000;0.01172
16.05.2000;0.01408
17.05.2000;0.015
18.05.2000;0.01188
19.05.2000;0.00917
20.05.2000;0.00858
21.05.2000;0.00675
22.05.2000;0.00583
23.05.2000;0.01
24.05.2000;0.00958
25.05.2000;0.0095
26.05.2000;0.00855
27.05.2000;0.00772
28.05.2000;0.00797
29.05.2000;0.00392
30.05.2000;0.00572
31.05.2000;0.00533
1.06.2000;0.00625
2.06.2000;0.00563
3.06.2000;0.00572
4.06.2000;0.00613
5.06.2000;0.00558
6.06.2000;0.00483
7.06.2000;0.00467
8.06.2000;0.0043
9.06.2000;0.00472
10.06.2000;0.00442
11.06.2000;0.00333
12.06.2000;0.007
13.06.2000;0.005
14.06.2000;0.0025
15.06.2000;0.00417
16.06.2000;0.0025
17.06.2000;0.0025
18.06.2000;0.0025
19.06.2000;0.00133
20.06.2000;0.00147
21.06.2000;0.0015
22.06.2000;0.00167
23.06.2000;0.00205
24.06.2000;0.00163
25.06.2000;0.00155
26.06.2000;0.0015
27.06.2000;0.00158
28.06.2000;0.00258
29.06.2000;0.00167
30.06.2000;0.00167
1.07.2000;0.00167
2.07.2000;0.00188
3.07.2000;0.00155
4.07.2000;0.0015
5.07.2000;0.00322
6.07.2000;0.00117
7.07.2000;0.00117
8.07.2000;0.00117
9.07.2000;0.00117
10.07.2000;0.0015
11.07.2000;0.0015
12.07.2000;0.0015
13.07.2000;0.00222
14.07.2000;0.00125
15.07.2000;0.00117
16.07.2000;0.00122
17.07.2000;0.0015
18.07.2000;0.0015
19.07.2000;0.00142
20.07.2000;0.00133
21.07.2000;0.00133
22.07.2000;0.00133
23.07.2000;0.00125
24.07.2000;0.00133
25.07.2000;0.0015
26.07.2000;0.0015
27.07.2000;0.00158
28.07.2000;0.0015
29.07.2000;0.00158
30.07.2000;0.0015
31.07.2000;0.00158
1.08.2000;0.0015
2.08.2000;0.0015
3.08.2000;0.0015
4.08.2000;0.00142
5.08.2000;0.00133
6.08.2000;0.00133
7.08.2000;0.00133
8.08.2000;0.00133
9.08.2000;0.00133
10.08.2000;0.00133
11.08.2000;0.00133
12.08.2000;0.00133
13.08.2000;0.00133
14.08.2000;0.00133
15.08.2000;0.00133
16.08.2000;0.00133
17.08.2000;0.0015
18.08.2000;0.0015
19.08.2000;0.00138
20.08.2000;0.00133
21.08.2000;0.00133
22.08.2000;0.00133
23.08.2000;0.00133
24.08.2000;0.00133
25.08.2000;0.00133
26.08.2000;0.00133
27.08.2000;0.00133
28.08.2000;0.00133
29.08.2000;0.00133
30.08.2000;0.00105
31.08.2000;0.00117
1.09.2000;0.00117
2.09.2000;0.00117
3.09.2000;0.00122
4.09.2000;0.00083
5.09.2000;0.00067
6.09.2000;0.00067
7.09.2000;0.00067
8.09.2000;0.00058
9.09.2000;0.0005
10.09.2000;0.0005
11.09.2000;0.0005
12.09.2000;0.0005
13.09.2000;0.00058
14.09.2000;0.0005
15.09.2000;0.00055
16.09.2000;0.00067
17.09.2000;0.00058
18.09.2000;0.00088
19.09.2000;0.001
20.09.2000;0.00105
21.09.2000;0.0013
22.09.2000;0.001
23.09.2000;0.00105
24.09.2000;0.00088
25.09.2000;0.00067
26.09.2000;0.00083
27.09.2000;0.00097
28.09.2000;0.001
29.09.2000;0.00105
30.09.2000;0.00097
1.10.2000;0.00133
2.10.2000;0.00133
3.10.2000;0.00138
4.10.2000;0.00142
5.10.2000;0.00158
6.10.2000;0.00133
7.10.2000;0.00122
8.10.2000;0.00133
9.10.2000;0.00083
10.10.2000;0.00083
11.10.2000;0.00083
12.10.2000;0.00083
13.10.2000;0.00083
14.10.2000;0.00083
15.10.2000;0.00083
16.10.2000;0.00083
17.10.2000;0.00083
18.10.2000;0.00083
19.10.2000;0.00092
20.10.2000;0.0008
21.10.2000;0.00063
22.10.2000;0.00047
23.10.2000;0.00083
24.10.2000;0.00083
25.10.2000;0.00083
26.10.2000;0.00083
27.10.2000;0.00083
28.10.2000;0.00067
29.10.2000;0.0005
30.10.2000;0.00033
31.10.2000;0.00033
1.11.2000;0.00033
2.11.2000;0.00033
3.11.2000;0.00033
4.11.2000;0.00033
5.11.2000;0.00033
6.11.2000;0.00033
7.11.2000;0.00033
8.11.2000;0.00033
9.11.2000;0.00033
10.11.2000;0.00033
11.11.2000;0.00033
12.11.2000;0.00033
13.11.2000;0.00033
14.11.2000;0.00033
15.11.2000;0.00033
16.11.2000;0.00033
17.11.2000;0.00033
18.11.2000;0.00033
19.11.2000;0.00033
20.11.2000;0.00033
21.11.2000;0.00033
22.11.2000;0.00033
23.11.2000;0.00033
24.11.2000;0.00033
25.11.2000;0.00033
26.11.2000;0.00033
27.11.2000;0.00033
28.11.2000;0.00033
29.11.2000;0.00033
30.11.2000;0.00033
1.12.2000;0
2.12.2000;0
3.12.2000;0
4.12.2000;0
5.12.2000;0
6.12.2000;0
7.12.2000;0
8.12.2000;0
9.12.2000;0
10.12.2000;0
11.12.2000;0
12.12.2000;0
13.12.2000;0
14.12.2000;0
15.12.2000;0
16.12.2000;0
17.12.2000;0
18.12.2000;0
19.12.2000;0
20.12.2000;0
21.12.2000;0
22.12.2000;0
23.12.2000;0
24.12.2000;0
25.12.2000;0
26.12.2000;0
27.12.2000;0
28.12.2000;0
29.12.2000;0
30.12.2000;0
31.12.2000;0
1.01.2001;0
2.01.2001;0
3.01.2001;0
4.01.2001;0
5.01.2001;0
6.01.2001;0
7.01.2001;0
8.01.2001;0
9.01.2001;0.00017
10.01.2001;0.00017
11.01.2001;0.00017
12.01.2001;0.00017
13.01.2001;0.00017
14.01.2001;0.00017
15.01.2001;0.00017
16.01.2001;0.00017
17.01.2001;0.00017
18.01.2001;0.00017
19.01.2001;0.00017
20.01.2001;0.00017
21.01.2001;0.00017
22.01.2001;0.00017
23.01.2001;0.00017
24.01.2001;0.00017
25.01.2001;0.00017
26.01.2001;0.00017
27.01.2001;0.00017
28.01.2001;0.00033
29.01.2001;0.00033
30.01.2001;0.0005
31.01.2001;0.00003
1.02.2001;0.00008
2.02.2001;0.0012
3.02.2001;0.0043
4.02.2001;0.00567
5.02.2001;0.00167
6.02.2001;0.01167
7.02.2001;0.00417
8.02.2001;0.00417
9.02.2001;0.00937
10.02.2001;0.01687
11.02.2001;0.02542
12.02.2001;0.00917
13.02.2001;0.02208
14.02.2001;0.01125
15.02.2001;0.01458
16.02.2001;0.0125
17.02.2001;0.01063
18.02.2001;0.00813
19.02.2001;0.01542
20.02.2001;0.01417
21.02.2001;0.01603
22.02.2001;0.00625
23.02.2001;0.00687
24.02.2001;0.00292
25.02.2001;0.00625
26.02.2001;0.015
27.02.2001;0.00437
28.02.2001;0.02167
1.03.2001;0.00417
2.03.2001;0.0123
3.03.2001;0.00458
4.03.2001;0.0052
5.03.2001;0.00603
6.03.2001;0.01417
7.03.2001;0.04042
8.03.2001;0.01208
9.03.2001;0.015
10.03.2001;0.01875
11.03.2001;0.02333
12.03.2001;0.01375
13.03.2001;0.0098
14.03.2001;0.01313
15.03.2001;0.01375
16.03.2001;0.01687
17.03.2001;0.0152
18.03.2001;0.01083
19.03.2001;0.015
20.03.2001;0.0125
21.03.2001;0.00833
22.03.2001;0.01563
23.03.2001;0.00708
24.03.2001;0.0125
25.03.2001;0.01417
26.03.2001;0.03417
27.03.2001;0.05125
28.03.2001;0.04292
29.03.2001;0.03583
30.03.2001;0.03208
31.03.2001;0.02375
1.04.2001;0.02
2.04.2001;0.02125
3.04.2001;0.01875
4.04.2001;0.01917
5.04.2001;0.01667
6.04.2001;0.01187
7.04.2001;0.01333
8.04.2001;0.00687
9.04.2001;0.01208
10.04.2001;0.00667
11.04.2001;0.00833
12.04.2001;0.00417
13.04.2001;0.00667
14.04.2001;0.0195
15.04.2001;0.00437
16.04.2001;0.005
17.04.2001;0.004
18.04.2001;0.00183
19.04.2001;0.00408
20.04.2001;0.00417
21.04.2001;0.00833
22.04.2001;0.01667
23.04.2001;0.02667
24.04.2001;0.02542
25.04.2001;0.02333
26.04.2001;0.02333
27.04.2001;0.02333
28.04.2001;0.02333
29.04.2001;0.02083
30.04.2001;0.02125
1.05.2001;0.01103
2.05.2001;0.0095
3.05.2001;0.0093
4.05.2001;0.00803
5.05.2001;0.00597
6.05.2001;0.00958
7.05.2001;0.01625
8.05.2001;0.0075
9.05.2001;0.0047
10.05.2001;0.0047
11.05.2001;0.005
12.05.2001;0.00375
13.05.2001;0.00375
14.05.2001;0.00492
15.05.2001;0.00187
16.05.2001;0.0022
17.05.2001;0.00313
18.05.2001;0.00353
19.05.2001;0.00192
20.05.2001;0.0027
21.05.2001;0.0023
22.05.2001;0.00233
23.05.2001;0.0025
24.05.2001;0.0052
25.05.2001;0.00303
26.05.2001;0.00133
27.05.2001;0.00283
28.05.2001;0.00347
29.05.2001;0.0027
30.05.2001;0.00333
31.05.2001;0.00283
1.06.2001;0.00333
2.06.2001;0.0023
3.06.2001;0.0023
4.06.2001;0.0027
5.06.2001;0.00208
6.06.2001;0.0023
7.06.2001;0.00292
8.06.2001;0.00263
9.06.2001;0.00208
10.06.2001;0.00133
11.06.2001;0.00167
12.06.2001;0.00208
13.06.2001;0.00167
14.06.2001;0.00208
15.06.2001;0.00208
16.06.2001;0.00167
17.06.2001;0.00187
18.06.2001;0.00167
19.06.2001;0.00398
20.06.2001;0.00217
21.06.2001;0.0025
22.06.2001;0.00167
23.06.2001;0.00167
24.06.2001;0.00167
25.06.2001;0.00133
26.06.2001;0.00142
27.06.2001;0.00133
28.06.2001;0.00083
29.06.2001;0.00125
30.06.2001;0.00097
1.07.2001;0.00083
2.07.2001;0.00125
3.07.2001;0.00167
4.07.2001;0.0015
5.07.2001;0.0015
6.07.2001;0.00133
7.07.2001;0.00133
8.07.2001;0.00133
9.07.2001;0.00133
10.07.2001;0.00133
11.07.2001;0.00108
12.07.2001;0.00083
13.07.2001;0.00083
14.07.2001;0.00083
15.07.2001;0.00083
16.07.2001;0.00083
17.07.2001;0.00083
18.07.2001;0.00083
19.07.2001;0.00083
20.07.2001;0.00083
21.07.2001;0.00083
22.07.2001;0.00083
23.07.2001;0.00083
24.07.2001;0.00133
25.07.2001;0.00133
26.07.2001;0.00083
27.07.2001;0.00083
28.07.2001;0.00083
29.07.2001;0.00083
30.07.2001;0.00083
31.07.2001;0.00083
1.08.2001;0.00083
2.08.2001;0.00083
3.08.2001;0.00083
4.08.2001;0.00083
5.08.2001;0.00083
6.08.2001;0.00083
7.08.2001;0.00083
8.08.2001;0.00083
9.08.2001;0.00083
10.08.2001;0.00083
11.08.2001;0.00083
12.08.2001;0.00083
13.08.2001;0.00083
14.08.2001;0.00083
15.08.2001;0.00083
16.08.2001;0.00083
17.08.2001;0.00083
18.08.2001;0.00083
19.08.2001;0.00083
20.08.2001;0.00083
21.08.2001;0.00083
22.08.2001;0.00083
23.08.2001;0.00083
24.08.2001;0.00083
25.08.2001;0.00083
26.08.2001;0.00083
27.08.2001;0.00083
28.08.2001;0.00083
29.08.2001;0.00083
30.08.2001;0.00083
31.08.2001;0.00083
1.09.2001;0.00083
2.09.2001;0.00083
3.09.2001;0.00083
4.09.2001;0.00083
5.09.2001;0.00083
6.09.2001;0.00083
7.09.2001;0.00083
8.09.2001;0.00083
9.09.2001;0.00083
10.09.2001;0.00083
11.09.2001;0.00083
12.09.2001;0.00083
13.09.2001;0.00083
14.09.2001;0.00083
15.09.2001;0.00083
16.09.2001;0.00083
17.09.2001;0.00083
18.09.2001;0.00083
19.09.2001;0.00083
20.09.2001;0.00083
21.09.2001;0.00083
22.09.2001;0.00083
23.09.2001;0.00083
24.09.2001;0.00083
25.09.2001;0.00083
26.09.2001;0.00083
27.09.2001;0.00083
28.09.2001;0.00083
29.09.2001;0.00083
30.09.2001;0.00083
1.10.2001;0.00083
2.10.2001;0
3.10.2001;0
4.10.2001;0
5.10.2001;0
6.10.2001;0
7.10.2001;0
8.10.2001;0.00083
9.10.2001;0.00083
10.10.2001;0.00083
11.10.2001;0.00083
12.10.2001;0.00083
13.10.2001;0.00083
14.10.2001;0.00083
15.10.2001;0.00083
16.10.2001;0.00083
17.10.2001;0.00083
18.10.2001;0.00083
19.10.2001;0.00083
20.10.2001;0.00083
21.10.2001;0.00083
22.10.2001;0.00083
23.10.2001;0.00083
24.10.2001;0.00083
25.10.2001;0.00083
26.10.2001;0.00083
27.10.2001;0.00083
28.10.2001;0.00083
29.10.2001;0.00083
30.10.2001;0.00083
31.10.2001;0.00083
1.11.2001;0
2.11.2001;0
3.11.2001;0
4.11.2001;0
5.11.2001;0
6.11.2001;0
7.11.2001;0
8.11.2001;0
9.11.2001;0
10.11.2001;0
11.11.2001;0
12.11.2001;0
13.11.2001;0
14.11.2001;0
15.11.2001;0
16.11.2001;0
17.11.2001;0
18.11.2001;0
19.11.2001;0
20.11.2001;0
21.11.2001;0
22.11.2001;0
23.11.2001;0
24.11.2001;0
25.11.2001;0
26.11.2001;0
27.11.2001;0
28.11.2001;0
29.11.2001;0
30.11.2001;0
1.12.2001;0
2.12.2001;0
3.12.2001;0
4.12.2001;0
5.12.2001;0
6.12.2001;0
7.12.2001;0
8.12.2001;0
9.12.2001;0
10.12.2001;0
11.12.2001;0
12.12.2001;0
13.12.2001;0
14.12.2001;0
15.12.2001;0
16.12.2001;0
17.12.2001;0
18.12.2001;0
19.12.2001;0
20.12.2001;0
21.12.2001;0
22.12.2001;0
23.12.2001;0
24.12.2001;0
25.12.2001;0
26.12.2001;0
27.12.2001;0
28.12.2001;0
29.12.2001;0
30.12.2001;0
31.12.2001;0
1.01.2002;0
2.01.2002;0
3.01.2002;0
4.01.2002;0
5.01.2002;0
6.01.2002;0
7.01.2002;0.00008
8.01.2002;0.00008
9.01.2002;0.00007
10.01.2002;0.00005
11.01.2002;0.00003
12.01.2002;0.00002
13.01.2002;0
14.01.2002;0
15.01.2002;0
16.01.2002;0
17.01.2002;0
18.01.2002;0
19.01.2002;0
20.01.2002;0
21.01.2002;0
22.01.2002;0
23.01.2002;0
24.01.2002;0
25.01.2002;0
26.01.2002;0
27.01.2002;0
28.01.2002;0
29.01.2002;0
30.01.2002;0
31.01.2002;0
1.02.2002;0
2.02.2002;0
3.02.2002;0
4.02.2002;0
5.02.2002;0
6.02.2002;0
7.02.2002;0
8.02.2002;0
9.02.2002;0
10.02.2002;0
11.02.2002;0
12.02.2002;0
13.02.2002;0
14.02.2002;0
15.02.2002;0
16.02.2002;0
17.02.2002;0
18.02.2002;0
19.02.2002;0
20.02.2002;0
21.02.2002;0
22.02.2002;0
23.02.2002;0
24.02.2002;0
25.02.2002;0
26.02.2002;0
27.02.2002;0
28.02.2002;0
1.03.2002;0
2.03.2002;0
3.03.2002;0
4.03.2002;0
5.03.2002;0
6.03.2002;0
7.03.2002;0
8.03.2002;0.00008
9.03.2002;0.00008
10.03.2002;0.00017
11.03.2002;0.00017
12.03.2002;0.00017
13.03.2002;0.00017
14.03.2002;0.00017
15.03.2002;0.00017
16.03.2002;0.00017
17.03.2002;0.00017
18.03.2002;0.00017
19.03.2002;0.00017
20.03.2002;0.00017
21.03.2002;0.00017
22.03.2002;0.00017
23.03.2002;0.00017
24.03.2002;0.00017
25.03.2002;0.00017
26.03.2002;0.00017
27.03.2002;0.00017
28.03.2002;0.00017
29.03.2002;0.00017
30.03.2002;0.00017
31.03.2002;0.00008
1.04.2002;0.00008
2.04.2002;0.00008
3.04.2002;0.00008
4.04.2002;0.00008
5.04.2002;0.00008
6.04.2002;0.00008
7.04.2002;0.00008
8.04.2002;0.00008
9.04.2002;0.00008
10.04.2002;0.0002
11.04.2002;0.00017
12.04.2002;0.00017
13.04.2002;0.00017
14.04.2002;0.00008
15.04.2002;0.00008
16.04.2002;0.00008
17.04.2002;0.00008
18.04.2002;0.00008
19.04.2002;0.00008
20.04.2002;0.00008
21.04.2002;0.00008
22.04.2002;0.00008
23.04.2002;0.00008
24.04.2002;0.00008
25.04.2002;0.00008
26.04.2002;0.00008
27.04.2002;0.00008
28.04.2002;0.00008
29.04.2002;0.00008
30.04.2002;0.00008
1.05.2002;0.00008
2.05.2002;0.00008
3.05.2002;0.00008
4.05.2002;0.00008
5.05.2002;0.00008
6.05.2002;0.00008
7.05.2002;0.00008
8.05.2002;0.00008
9.05.2002;0.00008
10.05.2002;0.00017
11.05.2002;0.00017
12.05.2002;0.00017
13.05.2002;0.00017
14.05.2002;0.00017
15.05.2002;0.00017
16.05.2002;0.00017
17.05.2002;0.00017
18.05.2002;0.00017
19.05.2002;0.00025
20.05.2002;0.00025
21.05.2002;0.00025
22.05.2002;0.00025
23.05.2002;0.00025
24.05.2002;0.00025
25.05.2002;0.00025
26.05.2002;0.00025
27.05.2002;0.00025
28.05.2002;0.00025
29.05.2002;0.00025
30.05.2002;0.00025
31.05.2002;0.00025
1.06.2002;0.00025
2.06.2002;0.00025
3.06.2002;0.00025
4.06.2002;0.00025
5.06.2002;0.00025
6.06.2002;0.00025
7.06.2002;0.00025
8.06.2002;0.00025
9.06.2002;0.00025
10.06.2002;0.00025
11.06.2002;0.00025
12.06.2002;0.00025
13.06.2002;0.00025
14.06.2002;0.00025
15.06.2002;0.00025
16.06.2002;0.00025
17.06.2002;0.00025
18.06.2002;0.00025
19.06.2002;0.00025
20.06.2002;0.00025
21.06.2002;0.00025
22.06.2002;0.00025
23.06.2002;0.00025
24.06.2002;0.00025
25.06.2002;0.00025
26.06.2002;0.00025
27.06.2002;0.00025
28.06.2002;0.00025
29.06.2002;0.00025
30.06.2002;0.00025
1.07.2002;0.00025
2.07.2002;0.00025
3.07.2002;0.00025
4.07.2002;0.00025
5.07.2002;0.00025
6.07.2002;0.00025
7.07.2002;0.00025
8.07.2002;0.00025
9.07.2002;0.00017
10.07.2002;0
11.07.2002;0
12.07.2002;0
13.07.2002;0
14.07.2002;0
15.07.2002;0
16.07.2002;0
17.07.2002;0
18.07.2002;0
19.07.2002;0
20.07.2002;0
21.07.2002;0
22.07.2002;0
23.07.2002;0.00017
24.07.2002;0.00033
25.07.2002;0.0005
26.07.2002;0.00067
27.07.2002;0.00075
28.07.2002;0.00083
29.07.2002;0.00083
30.07.2002;0.00083
31.07.2002;0.00083
1.08.2002;0.001
2.08.2002;0.001
3.08.2002;0.00108
4.08.2002;0.00108
5.08.2002;0.00108
6.08.2002;0
7.08.2002;0
8.08.2002;0
9.08.2002;0
10.08.2002;0
11.08.2002;0
12.08.2002;0.00108
13.08.2002;0
14.08.2002;0
15.08.2002;0
16.08.2002;0
17.08.2002;0
18.08.2002;0
19.08.2002;0.01167
20.08.2002;0
21.08.2002;0
22.08.2002;0
23.08.2002;0
24.08.2002;0
25.08.2002;0
26.08.2002;0.00083
27.08.2002;0
28.08.2002;0
29.08.2002;0
30.08.2002;0
31.08.2002;0
1.09.2002;0
2.09.2002;0.00033
3.09.2002;0.00083
4.09.2002;0.00083
5.09.2002;0.00083
6.09.2002;0.00263
7.09.2002;0.00042
8.09.2002;0.0008
9.09.2002;0.00083
10.09.2002;0.00083
11.09.2002;0.00117
12.09.2002;0.00083
13.09.2002;0.00083
14.09.2002;0.00083
15.09.2002;0.00083
16.09.2002;0.00083
17.09.2002;0.00113
18.09.2002;0.00083
19.09.2002;0.00083
20.09.2002;0.00083
21.09.2002;0.00083
22.09.2002;0.00083
23.09.2002;0.00083
24.09.2002;0.00083
25.09.2002;0.00083
26.09.2002;0.00083
27.09.2002;0.00083
28.09.2002;0.00083
29.09.2002;0.00083
30.09.2002;0.00083
1.10.2002;0.00083
2.10.2002;0.00083
3.10.2002;0.00083
4.10.2002;0.00083
5.10.2002;0.00092
6.10.2002;0.001
7.10.2002;0.001
8.10.2002;0.001
9.10.2002;0.001
10.10.2002;0.001
11.10.2002;0.00083
12.10.2002;0.00083
13.10.2002;0.00083
14.10.2002;0.00083
15.10.2002;0.00083
16.10.2002;0.00083
17.10.2002;0.00083
18.10.2002;0.00083
19.10.2002;0.00097
20.10.2002;0.00083
21.10.2002;0.0127
22.10.2002;0.00083
23.10.2002;0.00093
24.10.2002;0.00118
25.10.2002;0.00083
26.10.2002;0.00083
27.10.2002;0.00083
28.10.2002;0.00768
29.10.2002;0.00147
30.10.2002;0.00687
31.10.2002;0.00323
1.11.2002;0
2.11.2002;0
3.11.2002;0
4.11.2002;0.00083
5.11.2002;0.00083
6.11.2002;0.0027
7.11.2002;0.00208
8.11.2002;0.00093
9.11.2002;0.00083
10.11.2002;0.00083
11.11.2002;0.00072
12.11.2002;0.00218
13.11.2002;0.00198
14.11.2002;0.00302
15.11.2002;0.00083
16.11.2002;0.025
17.11.2002;0
18.11.2002;0
19.11.2002;0
20.11.2002;0
21.11.2002;0
22.11.2002;0
23.11.2002;0
24.11.2002;0
25.11.2002;0
26.11.2002;0
27.11.2002;0
28.11.2002;0
29.11.2002;0
30.11.2002;0
1.12.2002;0
2.12.2002;0
3.12.2002;0
4.12.2002;0
5.12.2002;0
6.12.2002;0
7.12.2002;0
8.12.2002;0
9.12.2002;0
10.12.2002;0
11.12.2002;0
12.12.2002;0
13.12.2002;0
14.12.2002;0
15.12.2002;0
16.12.2002;0
17.12.2002;0
18.12.2002;0
19.12.2002;0
20.12.2002;0
21.12.2002;0
22.12.2002;0
23.12.2002;0
24.12.2002;0
25.12.2002;0
26.12.2002;0
27.12.2002;0
28.12.2002;0
29.12.2002;0
30.12.2002;0
31.12.2002;0
1.01.2003;0
2.01.2003;0
3.01.2003;0
4.01.2003;0
5.01.2003;0
6.01.2003;0.00333
7.01.2003;0.00317
8.01.2003;0.003
9.01.2003;0.00283
10.01.2003;0.00267
11.01.2003;0.0025
12.01.2003;0.00233
13.01.2003;0.00242
14.01.2003;0.0022
15.01.2003;0.00167
16.01.2003;0.00187
17.01.2003;0.00103
18.01.2003;0.00083
19.01.2003;0.00122
20.01.2003;0.00167
21.01.2003;0.00333
22.01.2003;0.00147
23.01.2003;0.001
24.01.2003;0.001
25.01.2003;0.001
26.01.2003;0.001
27.01.2003;0.001
28.01.2003;0.00125
29.01.2003;0.00208
30.01.2003;0.0022
31.01.2003;0.00097
1.02.2003;0.00083
2.02.2003;0.00083
3.02.2003;0.00243
4.02.2003;0.0025
5.02.2003;0.0025
6.02.2003;0.00208
7.02.2003;0.0023
8.02.2003;0.00208
9.02.2003;0.0017
10.02.2003;0.00133
11.02.2003;0.00133
12.02.2003;0.00133
13.02.2003;0.00133
14.02.2003;0.00167
15.02.2003;0.01292
16.02.2003;0.002
17.02.2003;0.00183
18.02.2003;0.00208
19.02.2003;0.0025
20.02.2003;0.0027
21.02.2003;0.00208
22.02.2003;0.0023
23.02.2003;0.00187
24.02.2003;0.0023
25.02.2003;0.00167
26.02.2003;0.00167
27.02.2003;0.00175
28.02.2003;0.00242
1.03.2003;0.00167
2.03.2003;0.00148
3.03.2003;0.00142
4.03.2003;0.00142
5.03.2003;0.00142
6.03.2003;0.00167
7.03.2003;0.00167
8.03.2003;0.00353
9.03.2003;0.00292
10.03.2003;0.00208
11.03.2003;0.00187
12.03.2003;0.0148
13.03.2003;0.01917
14.03.2003;0.01875
15.03.2003;0.01667
16.03.2003;0.0152
17.03.2003;0.01458
18.03.2003;0.01333
19.03.2003;0.01583
20.03.2003;0.01667
21.03.2003;0.01813
22.03.2003;0.01375
23.03.2003;0.00917
24.03.2003;0.00667
25.03.2003;0.01083
26.03.2003;0.01167
27.03.2003;0.01792
28.03.2003;0.00875
29.03.2003;0.01063
30.03.2003;0.01125
31.03.2003;0.01125
1.04.2003;0.0075
2.04.2003;0.01063
3.04.2003;0.0075
4.04.2003;0.00397
5.04.2003;0.0075
6.04.2003;0.00353
7.04.2003;0.00708
8.04.2003;0.00542
9.04.2003;0.00583
10.04.2003;0.0075
11.04.2003;0.00625
12.04.2003;0.00417
13.04.2003;0.0077
14.04.2003;0.00875
15.04.2003;0.00563
16.04.2003;0.01853
17.04.2003;0.00875
18.04.2003;0.01
19.04.2003;0.0075
20.04.2003;0.00687
21.04.2003;0.00558
22.04.2003;0
23.04.2003;0
24.04.2003;0
25.04.2003;0
26.04.2003;0
27.04.2003;0
28.04.2003;0.00833
29.04.2003;0.0048
30.04.2003;0.0073
1.05.2003;0.00625
2.05.2003;0.00583
3.05.2003;0.005
4.05.2003;0.00833
5.05.2003;0.0025
6.05.2003;0
7.05.2003;0
8.05.2003;0
9.05.2003;0
10.05.2003;0
11.05.2003;0
12.05.2003;0.00167
13.05.2003;0.01125
14.05.2003;0.005
15.05.2003;0.00342
16.05.2003;0.00333
17.05.2003;0.00375
18.05.2003;0.00458
19.05.2003;0.00292
20.05.2003;0.00375
21.05.2003;0.00397
22.05.2003;0.00458
23.05.2003;0.00397
24.05.2003;0.00625
25.05.2003;0.00437
26.05.2003;0.00353
27.05.2003;0.00417
28.05.2003;0.00417
29.05.2003;0.00417
30.05.2003;0.00292
31.05.2003;0.00417
1.06.2003;0.00233
2.06.2003;0.00225
3.06.2003;0.00167
4.06.2003;0.00417
5.06.2003;0.00187
6.06.2003;0.0025
7.06.2003;0.00208
8.06.2003;0.0025
9.06.2003;0.00167
10.06.2003;0.00458
11.06.2003;0.0025
12.06.2003;0.00333
13.06.2003;0.0023
14.06.2003;0.00313
15.06.2003;0.0025
16.06.2003;0.00313
17.06.2003;0.00187
18.06.2003;0.00163
19.06.2003;0.00167
20.06.2003;0.00313
21.06.2003;0.00292
22.06.2003;0.00375
23.06.2003;0.002
24.06.2003;0.0015
25.06.2003;0.00187
26.06.2003;0.00167
27.06.2003;0.00183
28.06.2003;0.00142
29.06.2003;0.00233
30.06.2003;0.00135
1.07.2003;0.00125
2.07.2003;0.00208
3.07.2003;0.00125
4.07.2003;0.00125
5.07.2003;0.00177
6.07.2003;0.00125
7.07.2003;0.001
8.07.2003;0.001
9.07.2003;0.00158
10.07.2003;0.00125
11.07.2003;0.00125
12.07.2003;0.00125
13.07.2003;0.00125
14.07.2003;0.00083
15.07.2003;0.00083
16.07.2003;0.00083
17.07.2003;0.00083
18.07.2003;0.00083
19.07.2003;0.00083
20.07.2003;0.00083
21.07.2003;0.00083
22.07.2003;0.00083
23.07.2003;0.00083
24.07.2003;0.00083
25.07.2003;0.00083
26.07.2003;0.00075
27.07.2003;0.00075
28.07.2003;0.00075
29.07.2003;0.00075
30.07.2003;0.00075
31.07.2003;0.00075
1.08.2003;0.00075
2.08.2003;0.00075
3.08.2003;0.00075
4.08.2003;0.00075
5.08.2003;0.00075
6.08.2003;0.00075
7.08.2003;0.00075
8.08.2003;0.00083
9.08.2003;0.00083
10.08.2003;0.00083
11.08.2003;0.00083
12.08.2003;0.00083
13.08.2003;0.00083
14.08.2003;0.00067
15.08.2003;0.00067
16.08.2003;0.0005
17.08.2003;0.0005
18.08.2003;0.0005
19.08.2003;0.0005
20.08.2003;0.0005
21.08.2003;0.0005
22.08.2003;0.00042
23.08.2003;0.00042
24.08.2003;0.00042
25.08.2003;0.00042
26.08.2003;0
27.08.2003;0
28.08.2003;0
29.08.2003;0
30.08.2003;0
31.08.2003;0
1.09.2003;0
2.09.2003;0
3.09.2003;0
4.09.2003;0
5.09.2003;0
6.09.2003;0
7.09.2003;0
8.09.2003;0
9.09.2003;0
10.09.2003;0
11.09.2003;0
12.09.2003;0
13.09.2003;0
14.09.2003;0
15.09.2003;0
16.09.2003;0
17.09.2003;0
18.09.2003;0
19.09.2003;0
20.09.2003;0
21.09.2003;0
22.09.2003;0
23.09.2003;0
24.09.2003;0
25.09.2003;0
26.09.2003;0
27.09.2003;0
28.09.2003;0
29.09.2003;0
30.09.2003;0
1.10.2003;0
2.10.2003;0
3.10.2003;0
4.10.2003;0
5.10.2003;0
6.10.2003;0
7.10.2003;0
8.10.2003;0
9.10.2003;0
10.10.2003;0
11.10.2003;0
12.10.2003;0
13.10.2003;0
14.10.2003;0
15.10.2003;0
16.10.2003;0
17.10.2003;0
18.10.2003;0
19.10.2003;0
20.10.2003;0
21.10.2003;0
22.10.2003;0
23.10.2003;0
24.10.2003;0
25.10.2003;0
26.10.2003;0
27.10.2003;0
28.10.2003;0
29.10.2003;0
30.10.2003;0
31.10.2003;0
1.11.2003;0
2.11.2003;0
3.11.2003;0
4.11.2003;0
5.11.2003;0
6.11.2003;0
7.11.2003;0
8.11.2003;0
9.11.2003;0
10.11.2003;0
11.11.2003;0
12.11.2003;0
13.11.2003;0
14.11.2003;0
15.11.2003;0
16.11.2003;0
17.11.2003;0
18.11.2003;0
19.11.2003;0
20.11.2003;0
21.11.2003;0
22.11.2003;0
23.11.2003;0
24.11.2003;0
25.11.2003;0
26.11.2003;0
27.11.2003;0
28.11.2003;0
29.11.2003;0
30.11.2003;0
1.12.2003;0
2.12.2003;0
3.12.2003;0
4.12.2003;0
5.12.2003;0
6.12.2003;0
7.12.2003;0
8.12.2003;0
9.12.2003;0
10.12.2003;0
11.12.2003;0
12.12.2003;0
13.12.2003;0
14.12.2003;0
15.12.2003;0
16.12.2003;0
17.12.2003;0
18.12.2003;0
19.12.2003;0
20.12.2003;0
21.12.2003;0
22.12.2003;0
23.12.2003;0
24.12.2003;0
25.12.2003;0
26.12.2003;0
27.12.2003;0
28.12.2003;0
29.12.2003;0
30.12.2003;0
31.12.2003;0
1.01.2004;0
2.01.2004;0
3.01.2004;0
4.01.2004;0
5.01.2004;0
6.01.2004;0
7.01.2004;0
8.01.2004;0
9.01.2004;0
10.01.2004;0
11.01.2004;0
12.01.2004;0
13.01.2004;0
14.01.2004;0
15.01.2004;0
16.01.2004;0
17.01.2004;0
18.01.2004;0
19.01.2004;0
20.01.2004;0
21.01.2004;0
22.01.2004;0
23.01.2004;0
24.01.2004;0
25.01.2004;0
26.01.2004;0
27.01.2004;0
28.01.2004;0
29.01.2004;0
30.01.2004;0
31.01.2004;0
1.02.2004;0
2.02.2004;0
3.02.2004;0
4.02.2004;0
5.02.2004;0
6.02.2004;0
7.02.2004;0
8.02.2004;0
9.02.2004;0
10.02.2004;0
11.02.2004;0
12.02.2004;0
13.02.2004;0
14.02.2004;0
15.02.2004;0
16.02.2004;0
17.02.2004;0
18.02.2004;0
19.02.2004;0
20.02.2004;0
21.02.2004;0
22.02.2004;0
23.02.2004;0
24.02.2004;0
25.02.2004;0
26.02.2004;0
27.02.2004;0
28.02.2004;0
29.02.2004;0
1.03.2004;0
2.03.2004;0
3.03.2004;0
4.03.2004;0
5.03.2004;0
6.03.2004;0
7.03.2004;0
8.03.2004;0
9.03.2004;0
10.03.2004;0
11.03.2004;0
12.03.2004;0
13.03.2004;0
14.03.2004;0
15.03.2004;0
16.03.2004;0
17.03.2004;0
18.03.2004;0
19.03.2004;0
20.03.2004;0
21.03.2004;0
22.03.2004;0
23.03.2004;0
24.03.2004;0
25.03.2004;0
26.03.2004;0
27.03.2004;0
28.03.2004;0
29.03.2004;0
30.03.2004;0
31.03.2004;0
1.04.2004;0
2.04.2004;0
3.04.2004;0
4.04.2004;0
5.04.2004;0
6.04.2004;0
7.04.2004;0
8.04.2004;0
9.04.2004;0
10.04.2004;0
11.04.2004;0
12.04.2004;0
13.04.2004;0
14.04.2004;0
15.04.2004;0
16.04.2004;0
17.04.2004;0
18.04.2004;0
19.04.2004;0
20.04.2004;0
21.04.2004;0
22.04.2004;0
23.04.2004;0
24.04.2004;0
25.04.2004;0
26.04.2004;0
27.04.2004;0
28.04.2004;0
29.04.2004;0
30.04.2004;0
1.05.2004;0
2.05.2004;0
3.05.2004;0
4.05.2004;0
5.05.2004;0
6.05.2004;0
7.05.2004;0
8.05.2004;0
9.05.2004;0
10.05.2004;0
11.05.2004;0
12.05.2004;0
13.05.2004;0
14.05.2004;0
15.05.2004;0
16.05.2004;0
17.05.2004;0
18.05.2004;0
19.05.2004;0
20.05.2004;0
21.05.2004;0
22.05.2004;0
23.05.2004;0
24.05.2004;0
25.05.2004;0
26.05.2004;0
27.05.2004;0
28.05.2004;0
29.05.2004;0
30.05.2004;0
31.05.2004;0
1.06.2004;0
2.06.2004;0
3.06.2004;0
4.06.2004;0
5.06.2004;0
6.06.2004;0
7.06.2004;0
8.06.2004;0
9.06.2004;0
10.06.2004;0
11.06.2004;0
12.06.2004;0
13.06.2004;0
14.06.2004;0
15.06.2004;0
16.06.2004;0
17.06.2004;0
18.06.2004;0
19.06.2004;0
20.06.2004;0
21.06.2004;0
22.06.2004;0
23.06.2004;0
24.06.2004;0
25.06.2004;0
26.06.2004;0
27.06.2004;0
28.06.2004;0
29.06.2004;0.01333
30.06.2004;0.0075
1.07.2004;0.00375
2.07.2004;0.00333
3.07.2004;0.00603
4.07.2004;0.00613
5.07.2004;0.00458
6.07.2004;0.0102
7.07.2004;0.00563
8.07.2004;0.01083
9.07.2004;0.00687
10.07.2004;0.00458
11.07.2004;0.005
12.07.2004;0.00542
13.07.2004;0.00417
14.07.2004;0.00117
15.07.2004;0.00117
16.07.2004;0.00167
17.07.2004;0.00167
18.07.2004;0.00167
19.07.2004;0.00167
20.07.2004;0.00137
21.07.2004;0.0013
22.07.2004;0.00117
23.07.2004;0.00167
24.07.2004;0.00167
25.07.2004;0.00167
26.07.2004;0.00167
27.07.2004;0.00187
28.07.2004;0.00208
29.07.2004;0.003
30.07.2004;0.0023
31.07.2004;0.00263
1.08.2004;0.00333
2.08.2004;0.00342
3.08.2004;0.003
4.08.2004;0.00313
5.08.2004;0.00208
6.08.2004;0.00258
7.08.2004;0.00197
8.08.2004;0.00167
9.08.2004;0.0023
10.08.2004;0.00175
11.08.2004;0.00225
12.08.2004;0.0023
13.08.2004;0.00203
14.08.2004;0.00333
15.08.2004;0.00208
16.08.2004;0.0025
17.08.2004;0.0025
18.08.2004;0.00242
19.08.2004;0.00167
20.08.2004;0.0023
21.08.2004;0.0025
22.08.2004;0.00187
23.08.2004;0.00208
24.08.2004;0.00187
25.08.2004;0.00167
26.08.2004;0.00167
27.08.2004;0.0023
28.08.2004;0.00175
29.08.2004;0.00167
30.08.2004;0.00167
31.08.2004;0.00167
1.09.2004;0.00167
2.09.2004;0.00167
3.09.2004;0.00167
4.09.2004;0.00167
5.09.2004;0.00167
6.09.2004;0.00167
7.09.2004;0.00167
8.09.2004;0.00167
9.09.2004;0.00167
10.09.2004;0.00167
11.09.2004;0.00167
12.09.2004;0.00167
13.09.2004;0.00167
14.09.2004;0.00167
15.09.2004;0.00167
16.09.2004;0.00167
17.09.2004;0.00167
18.09.2004;0.00167
19.09.2004;0.00167
20.09.2004;0.00167
21.09.2004;0.00167
22.09.2004;0.00167
23.09.2004;0.00167
24.09.2004;0.00167
25.09.2004;0.00167
26.09.2004;0.00167
27.09.2004;0.00167
28.09.2004;0.00167
29.09.2004;0.00167
30.09.2004;0.00167
1.10.2004;0.00167
2.10.2004;0.00167
3.10.2004;0.00167
4.10.2004;0.00197
5.10.2004;0.0025
6.10.2004;0.00217
7.10.2004;0.002
8.10.2004;0.00183
9.10.2004;0.00167
10.10.2004;0.00167
11.10.2004;0.00167
12.10.2004;0.00167
13.10.2004;0.00167
14.10.2004;0.00167
15.10.2004;0.00167
16.10.2004;0.00167
17.10.2004;0.00167
18.10.2004;0.00167
19.10.2004;0.00167
20.10.2004;0.00167
21.10.2004;0.00167
22.10.2004;0.00167
23.10.2004;0.00167
24.10.2004;0.00167
25.10.2004;0.00167
26.10.2004;0.00167
27.10.2004;0.00167
28.10.2004;0.00167
29.10.2004;0.00167
30.10.2004;0.00167
31.10.2004;0.00167
1.11.2004;0.00167
2.11.2004;0.00167
3.11.2004;0.00167
4.11.2004;0.00167
5.11.2004;0.00167
6.11.2004;0.00167
7.11.2004;0.00167
8.11.2004;0.00167
9.11.2004;0.00167
10.11.2004;0.00167
11.11.2004;0.00167
12.11.2004;0.00167
13.11.2004;0.00167
14.11.2004;0.00167
15.11.2004;0.00167
16.11.2004;0.00167
17.11.2004;0.00167
18.11.2004;0.00167
19.11.2004;0.00167
20.11.2004;0.00167
21.11.2004;0.00167
22.11.2004;0.00167
23.11.2004;0.00167
24.11.2004;0.00167
25.11.2004;0.00167
26.11.2004;0.00167
27.11.2004;0.00167
28.11.2004;0.00167
29.11.2004;0.00167
30.11.2004;0.00167
1.12.2004;0.00167
2.12.2004;0.00167
3.12.2004;0.00167
4.12.2004;0.00167
5.12.2004;0.00167
6.12.2004;0.00167
7.12.2004;0.00167
8.12.2004;0.00167
9.12.2004;0.00167
10.12.2004;0.00167
11.12.2004;0.00167
12.12.2004;0.00167
13.12.2004;0.00167
14.12.2004;0.00167
15.12.2004;0.00167
16.12.2004;0.00167
17.12.2004;0.00167
18.12.2004;0.00167
19.12.2004;0.00167
20.12.2004;0.00167
21.12.2004;0.00167
22.12.2004;0.00167
23.12.2004;0.00167
24.12.2004;0.00167
25.12.2004;0.00167
26.12.2004;0.00167
27.12.2004;0.00167
28.12.2004;0.00167
29.12.2004;0.00167
30.12.2004;0.00167
31.12.2004;0.00167
1.01.2005;0.00167
2.01.2005;0.00167
3.01.2005;0.00167
4.01.2005;0.00167
5.01.2005;0.00167
6.01.2005;0.00167
7.01.2005;0.00167
8.01.2005;0.00167
9.01.2005;0.00167
10.01.2005;0.00167
11.01.2005;0.00167
12.01.2005;0.00167
13.01.2005;0.00167
14.01.2005;0.00167
15.01.2005;0.00167
16.01.2005;0.00167
17.01.2005;0.00167
18.01.2005;0.00167
19.01.2005;0.00167
20.01.2005;0.00167
21.01.2005;0.00167
22.01.2005;0.00167
23.01.2005;0.00167
24.01.2005;0.00167
25.01.2005;0.00167
26.01.2005;0.00167
27.01.2005;0.00167
28.01.2005;0.00167
29.01.2005;0.00167
30.01.2005;0.00167
31.01.2005;0.00167
1.02.2005;0.00167
2.02.2005;0.00167
3.02.2005;0.00167
4.02.2005;0.00167
5.02.2005;0.00167
6.02.2005;0.00167
7.02.2005;0.00167
8.02.2005;0.00167
9.02.2005;0.00167
10.02.2005;0.00167
11.02.2005;0.00167
12.02.2005;0.00167
13.02.2005;0.00167
14.02.2005;0.00167
15.02.2005;0.00167
16.02.2005;0.00167
17.02.2005;0.00167
18.02.2005;0.00167
19.02.2005;0.00167
20.02.2005;0.00167
21.02.2005;0.00167
22.02.2005;0.00167
23.02.2005;0.00167
24.02.2005;0.00167
25.02.2005;0.00167
26.02.2005;0.00167
27.02.2005;0.00167
28.02.2005;0.00167
1.03.2005;0.00167
2.03.2005;0.0015
3.03.2005;0.00133
4.03.2005;0.00117
5.03.2005;0.001
6.03.2005;0.00092
7.03.2005;0.00083
8.03.2005;0.00083
9.03.2005;0.00083
10.03.2005;0.00083
11.03.2005;0.00083
12.03.2005;0.00083
13.03.2005;0.00083
14.03.2005;0.00083
15.03.2005;0.00083
16.03.2005;0.00083
17.03.2005;0.00117
18.03.2005;0.00313
19.03.2005;0.0075
20.03.2005;0.0075
21.03.2005;0.00687
22.03.2005;0.00833
23.03.2005;0.00333
24.03.2005;0.01217
25.03.2005;0.00603
26.03.2005;0.00397
27.03.2005;0.00563
28.03.2005;0.00542
29.03.2005;0.00603
30.03.2005;0.00583
31.03.2005;0.005
1.04.2005;0.00397
2.04.2005;0.0052
3.04.2005;0.00417
4.04.2005;0.00397
5.04.2005;0.00417
6.04.2005;0.00258
7.04.2005;0.00353
8.04.2005;0.00603
9.04.2005;0.00175
10.04.2005;0.00125
11.04.2005;0.00125
12.04.2005;0.00125
13.04.2005;0.00625
14.04.2005;0.00187
15.04.2005;0.00437
16.04.2005;0.00437
17.04.2005;0.00375
18.04.2005;0.00135
19.04.2005;0.00385
20.04.2005;0.0025
21.04.2005;0.00687
22.04.2005;0.00813
23.04.2005;0.00792
24.04.2005;0.00792
25.04.2005;0.0077
26.04.2005;0.01792
27.04.2005;0.06208
28.04.2005;0.05
29.04.2005;0.03917
30.04.2005;0.03125
1.05.2005;0.02708
2.05.2005;0.02083
3.05.2005;0.01917
4.05.2005;0.01833
5.05.2005;0.0125
6.05.2005;0.00355
7.05.2005;0.0025
8.05.2005;0.0025
9.05.2005;0.0025
10.05.2005;0.00208
11.05.2005;0.0023
12.05.2005;0.0022
13.05.2005;0.00147
14.05.2005;0.0028
15.05.2005;0.00583
16.05.2005;0.01375
17.05.2005;0.0052
18.05.2005;0.00397
19.05.2005;0.00532
20.05.2005;0.00375
21.05.2005;0.00208
22.05.2005;0.0027
23.05.2005;0.0026
24.05.2005;0.0027
25.05.2005;0.00083
26.05.2005;0.00083
27.05.2005;0.00083
28.05.2005;0.00083
29.05.2005;0.00083
30.05.2005;0.00083
31.05.2005;0.00875
1.06.2005;0.00157
2.06.2005;0.00115
3.06.2005;0.00083
4.06.2005;0.00083
5.06.2005;0.00083
6.06.2005;0.00083
7.06.2005;0.00083
8.06.2005;0.00083
9.06.2005;0.00083
10.06.2005;0.00083
11.06.2005;0.00083
12.06.2005;0.00083
13.06.2005;0.00083
14.06.2005;0.00083
15.06.2005;0.00083
16.06.2005;0.00083
17.06.2005;0.00083
18.06.2005;0.00083
19.06.2005;0.00083
20.06.2005;0.00083
21.06.2005;0.00083
22.06.2005;0.0026
23.06.2005;0.00063
24.06.2005;0.00167
25.06.2005;0.00073
26.06.2005;0.00115
27.06.2005;0.00052
28.06.2005;0.00063
29.06.2005;0.00083
30.06.2005;0.00083
1.07.2005;0.00083
2.07.2005;0.00083
3.07.2005;0.00083
4.07.2005;0.00042
5.07.2005;0.00042
6.07.2005;0.00042
7.07.2005;0.00042
8.07.2005;0.0005
9.07.2005;0.00067
10.07.2005;0.00083
11.07.2005;0.00083
12.07.2005;0.00083
13.07.2005;0.00083
14.07.2005;0.00083
15.07.2005;0.00083
16.07.2005;0.00067
17.07.2005;0.0005
18.07.2005;0.00042
19.07.2005;0.00042
20.07.2005;0.00042
21.07.2005;0.00042
22.07.2005;0.00042
23.07.2005;0.00042
24.07.2005;0.00042
25.07.2005;0.00042
26.07.2005;0.00042
27.07.2005;0.00042
28.07.2005;0.00042
29.07.2005;0.00042
30.07.2005;0.00042
31.07.2005;0.00042
1.08.2005;0.00083
2.08.2005;0.00125
3.08.2005;0.00125
4.08.2005;0.00125
5.08.2005;0.00125
6.08.2005;0.00125
7.08.2005;0.00125
8.08.2005;0.00125
9.08.2005;0.00125
10.08.2005;0.00125
11.08.2005;0.00125
12.08.2005;0.00125
13.08.2005;0.00125
14.08.2005;0.00108
15.08.2005;0.00083
16.08.2005;0.00083
17.08.2005;0.00083
18.08.2005;0.00083
19.08.2005;0.00083
20.08.2005;0.00083
21.08.2005;0.00083
22.08.2005;0.00083
23.08.2005;0.00103
24.08.2005;0.00792
25.08.2005;0.005
26.08.2005;0.00897
27.08.2005;0.00397
28.08.2005;0.00147
29.08.2005;0.00708
30.08.2005;0.0077
31.08.2005;0.00313
1.09.2005;0.005
2.09.2005;0.00353
3.09.2005;0.00437
4.09.2005;0.0028
5.09.2005;0.00375
6.09.2005;0.00603
7.09.2005;0.00135
8.09.2005;0.0027
9.09.2005;0.00135
10.09.2005;0.00468
11.09.2005;0.0024
12.09.2005;0.00417
13.09.2005;0.00437
14.09.2005;0.0048
15.09.2005;0.00437
16.09.2005;0.00417
17.09.2005;0.00813
18.09.2005;0.00353
19.09.2005;0.00542
20.09.2005;0.00542
21.09.2005;0.00583
22.09.2005;0.0077
23.09.2005;0.00603
24.09.2005;0.0048
25.09.2005;0.00333
26.09.2005;0.00542
27.09.2005;0.00583
28.09.2005;0.005
29.09.2005;0.00417
30.09.2005;0.00333
1.10.2005;0.0025
2.10.2005;0.0025
3.10.2005;0.00167
4.10.2005;0.00147
5.10.2005;0.00135
6.10.2005;0.00167
7.10.2005;0.00317
8.10.2005;0.00137
9.10.2005;0.00083
10.10.2005;0.00083
11.10.2005;0.00083
12.10.2005;0.00083
13.10.2005;0.00115
14.10.2005;0.00083
15.10.2005;0.00147
16.10.2005;0.00083
17.10.2005;0.00285
18.10.2005;0.0023
19.10.2005;0.00083
20.10.2005;0.00103
21.10.2005;0.00083
22.10.2005;0.00115
23.10.2005;0.00093
24.10.2005;0.00103
25.10.2005;0.00093
26.10.2005;0.00083
27.10.2005;0.00083
28.10.2005;0.00187
29.10.2005;0.00083
30.10.2005;0.00103
31.10.2005;0.00083
1.11.2005;0.00083
2.11.2005;0.00083
3.11.2005;0.00103
4.11.2005;0.00083
5.11.2005;0.00093
6.11.2005;0.00093
7.11.2005;0.00083
8.11.2005;0.00083
9.11.2005;0.00083
10.11.2005;0.00083
11.11.2005;0.00083
12.11.2005;0.00083
13.11.2005;0.00083
14.11.2005;0.00083
15.11.2005;0.00083
16.11.2005;0.00083
17.11.2005;0.00083
18.11.2005;0.00083
19.11.2005;0.00083
20.11.2005;0.00083
21.11.2005;0.00083
22.11.2005;0.00083
23.11.2005;0.00083
24.11.2005;0.00083
25.11.2005;0.00083
26.11.2005;0.00083
27.11.2005;0.00083
28.11.2005;0.00083
29.11.2005;0.00083
30.11.2005;0.00083
1.12.2005;0.00083
2.12.2005;0.00083
3.12.2005;0.00083
4.12.2005;0.00083
5.12.2005;0.00083
6.12.2005;0.00083
7.12.2005;0.001
8.12.2005;0.00117
9.12.2005;0.00133
10.12.2005;0.0015
11.12.2005;0.00167
12.12.2005;0.00167
13.12.2005;0.00167
14.12.2005;0.00167
15.12.2005;0.00167
16.12.2005;0.00167
17.12.2005;0.00167
18.12.2005;0.00167
19.12.2005;0.00167
20.12.2005;0.0023
21.12.2005;0.0025
22.12.2005;0.0027
23.12.2005;0.0027
24.12.2005;0.00323
25.12.2005;0.0025
26.12.2005;0.00292
27.12.2005;0.00198
28.12.2005;0.00167
29.12.2005;0.00177
30.12.2005;0.00583
31.12.2005;0.00875
1.01.2006;0.00833
2.01.2006;0.00833
3.01.2006;0.00792
4.01.2006;0.02813
5.01.2006;0.04417
6.01.2006;0.035
7.01.2006;0.03125
8.01.2006;0.02958
9.01.2006;0.0275
10.01.2006;0.02458
11.01.2006;0.02458
12.01.2006;0.02542
13.01.2006;0.01792
14.01.2006;0.01833
15.01.2006;0.02
16.01.2006;0.01437
17.01.2006;0.01417
18.01.2006;0
19.01.2006;0
20.01.2006;0
21.01.2006;0
22.01.2006;0
23.01.2006;0
24.01.2006;0
25.01.2006;0
26.01.2006;0
27.01.2006;0
28.01.2006;0
29.01.2006;0
30.01.2006;0
31.01.2006;0.00292
1.02.2006;0.00292
2.02.2006;0.00667
3.02.2006;0.0052
4.02.2006;0.00397
5.02.2006;0.00333
6.02.2006;0.00375
7.02.2006;0.00417
8.02.2006;0.00375
9.02.2006;0.0027
10.02.2006;0.00375
11.02.2006;0.00333
12.02.2006;0.0027
13.02.2006;0.00313
14.02.2006;0.00333
15.02.2006;0.00292
16.02.2006;0.00333
17.02.2006;0.00333
18.02.2006;0.0025
19.02.2006;0.0027
20.02.2006;0.00292
21.02.2006;0.00313
22.02.2006;0.00333
23.02.2006;0.00292
24.02.2006;0.00353
25.02.2006;0.00313
26.02.2006;0.0027
27.02.2006;0.0027
28.02.2006;0.00313
1.03.2006;0.0025
2.03.2006;0.00313
3.03.2006;0.00267
4.03.2006;0.0023
5.03.2006;0.0025
6.03.2006;0.0023
7.03.2006;0.0023
8.03.2006;0.00292
9.03.2006;0.00313
10.03.2006;0.00333
11.03.2006;0.00375
12.03.2006;0.00375
13.03.2006;0.00292
14.03.2006;0.00187
15.03.2006;0.00167
16.03.2006;0.00375
17.03.2006;0.00187
18.03.2006;0.00167
19.03.2006;0.00167
20.03.2006;0.0025
21.03.2006;0.00667
22.03.2006;0.00458
23.03.2006;0.00833
24.03.2006;0.00813
25.03.2006;0.01
26.03.2006;0.01
27.03.2006;0.01
28.03.2006;0.0275
29.03.2006;0.01263
30.03.2006;0.01333
31.03.2006;0.01333
1.04.2006;0.01333
2.04.2006;0.01875
3.04.2006;0.02458
4.04.2006;0.01208
5.04.2006;0.00833
6.04.2006;0.00875
7.04.2006;0.00958
8.04.2006;0.00875
9.04.2006;0.00917
10.04.2006;0.00833
11.04.2006;0.02708
12.04.2006;0.02417
13.04.2006;0.03083
14.04.2006;0.01875
15.04.2006;0.01625
16.04.2006;0.02
17.04.2006;0.02
18.04.2006;0.01833
19.04.2006;0.0177
20.04.2006;0.00583
21.04.2006;0.01333
22.04.2006;0.01375
23.04.2006;0.00917
24.04.2006;0.00667
25.04.2006;0.00583
26.04.2006;0.0045
27.04.2006;0.00133
28.04.2006;0.00133
29.04.2006;0.00133
30.04.2006;0.00133
1.05.2006;0.00133
2.05.2006;0.00308
3.05.2006;0.0052
4.05.2006;0.00625
5.05.2006;0.00625
6.05.2006;0.005
7.05.2006;0.00313
8.05.2006;0.005
9.05.2006;0.00437
10.05.2006;0.00667
11.05.2006;0.00603
12.05.2006;0.00353
13.05.2006;0.0048
14.05.2006;0.00417
15.05.2006;0.00187
16.05.2006;0.01658
17.05.2006;0.00083
18.05.2006;0.00083
19.05.2006;0.00083
20.05.2006;0.00083
21.05.2006;0.00083
22.05.2006;0.00083
23.05.2006;0.00187
24.05.2006;0.00187
25.05.2006;0.00542
26.05.2006;0.00708
27.05.2006;0.00333
28.05.2006;0.00563
29.05.2006;0.00458
30.05.2006;0.00708
31.05.2006;0.00833
1.06.2006;0
2.06.2006;0
3.06.2006;0
4.06.2006;0
5.06.2006;0
6.06.2006;0.07
7.06.2006;0.0575
8.06.2006;0.04583
9.06.2006;0.03833
10.06.2006;0.03542
11.06.2006;0.02708
12.06.2006;0.02042
13.06.2006;0.0125
14.06.2006;0.01167
15.06.2006;0.01167
16.06.2006;0.01167
17.06.2006;0.01167
18.06.2006;0.00875
19.06.2006;0.00658
20.06.2006;0.00833
21.06.2006;0.00583
22.06.2006;0.00437
23.06.2006;0.00833
24.06.2006;0
25.06.2006;0
26.06.2006;0
27.06.2006;0
28.06.2006;0
29.06.2006;0.00333
30.06.2006;0.00192
1.07.2006;0.0027
2.07.2006;0.00417
3.07.2006;0.00313
4.07.2006;0.00353
5.07.2006;0.00283
6.07.2006;0.00192
7.07.2006;0.0022
8.07.2006;0.00147
9.07.2006;0.00333
10.07.2006;0.00137
11.07.2006;0.00167
12.07.2006;0.0023
13.07.2006;0.00187
14.07.2006;0.00083
15.07.2006;0.00167
16.07.2006;0.002
17.07.2006;0.00267
18.07.2006;0.00137
19.07.2006;0.0013
20.07.2006;0.00117
21.07.2006;0.00147
22.07.2006;0.00187
23.07.2006;0.00242
24.07.2006;0.0017
25.07.2006;0.00108
26.07.2006;0.00283
27.07.2006;0.00167
28.07.2006;0.00167
29.07.2006;0.00187
30.07.2006;0.00117
31.07.2006;0.00167
1.08.2006;0.00108
2.08.2006;0.00103
3.08.2006;0.00097
4.08.2006;0.0015
5.08.2006;0.00083
6.08.2006;0.00117
7.08.2006;0.00097
8.08.2006;0.00147
9.08.2006;0.00083
10.08.2006;0.00083
11.08.2006;0
12.08.2006;0
13.08.2006;0
14.08.2006;0
15.08.2006;0
16.08.2006;0
17.08.2006;0
18.08.2006;0
19.08.2006;0
20.08.2006;0
21.08.2006;0
22.08.2006;0.00133
23.08.2006;0.00133
24.08.2006;0.00133
25.08.2006;0.00133
26.08.2006;0.00167
27.08.2006;0.00167
28.08.2006;0.00167
29.08.2006;0.00167
30.08.2006;0.00167
31.08.2006;0.00167
1.09.2006;0.00083
2.09.2006;0.00083
3.09.2006;0.00083
4.09.2006;0.00083
5.09.2006;0.00083
6.09.2006;0.00083
7.09.2006;0.00083
8.09.2006;0.00083
9.09.2006;0.00083
10.09.2006;0.00083
11.09.2006;0.00083
12.09.2006;0.00083
13.09.2006;0.00083
14.09.2006;0.00083
15.09.2006;0.00083
16.09.2006;0.00083
17.09.2006;0.00083
18.09.2006;0.00083
19.09.2006;0.00083
20.09.2006;0.00083
21.09.2006;0.00083
22.09.2006;0.00097
23.09.2006;0.00117
24.09.2006;0.00083
25.09.2006;0.00083
26.09.2006;0.00083
27.09.2006;0.00083
28.09.2006;0.00083
29.09.2006;0.00083
30.09.2006;0.00083
1.10.2006;0.00083
2.10.2006;0.00083
3.10.2006;0.00083
4.10.2006;0.00083
5.10.2006;0.00083
6.10.2006;0.00083
7.10.2006;0.00083
8.10.2006;0.00083
9.10.2006;0.00083
10.10.2006;0.00083
11.10.2006;0.00083
12.10.2006;0.00083
13.10.2006;0.00083
14.10.2006;0.00083
15.10.2006;0.00083
16.10.2006;0.00083
17.10.2006;0.00083
18.10.2006;0.00083
19.10.2006;0.00083
20.10.2006;0.00083
21.10.2006;0.00083
22.10.2006;0.00083
23.10.2006;0.00083
24.10.2006;0.00083
25.10.2006;0.00083
26.10.2006;0.00083
27.10.2006;0.00083
28.10.2006;0.00083
29.10.2006;0.00083
30.10.2006;0.00083
31.10.2006;0.00083
1.11.2006;0.00083
2.11.2006;0.00083
3.11.2006;0.00083
4.11.2006;0.00083
5.11.2006;0.00083
6.11.2006;0.00083
7.11.2006;0.00083
8.11.2006;0.00083
9.11.2006;0.00083
10.11.2006;0.00083
11.11.2006;0.00083
12.11.2006;0.00083
13.11.2006;0.00083
14.11.2006;0.00083
15.11.2006;0.00083
16.11.2006;0.00083
17.11.2006;0.00083
18.11.2006;0.00083
19.11.2006;0.00083
20.11.2006;0.00083
21.11.2006;0.00083
22.11.2006;0.00083
23.11.2006;0.00083
24.11.2006;0.00083
25.11.2006;0.00083
26.11.2006;0.00083
27.11.2006;0.00083
28.11.2006;0.00083
29.11.2006;0.00083
30.11.2006;0.00083
1.12.2006;0.00083
2.12.2006;0.00083
3.12.2006;0.00083
4.12.2006;0.00083
5.12.2006;0.00083
6.12.2006;0.00083
7.12.2006;0.00083
8.12.2006;0.00083
9.12.2006;0.00083
10.12.2006;0.00083
11.12.2006;0.00083
12.12.2006;0.00083
13.12.2006;0.00083
14.12.2006;0.00083
15.12.2006;0.00083
16.12.2006;0.00083
17.12.2006;0.00083
18.12.2006;0.00083
19.12.2006;0.00083
20.12.2006;0.00083
21.12.2006;0.00083
22.12.2006;0.00083
23.12.2006;0.00083
24.12.2006;0.00083
25.12.2006;0.00083
26.12.2006;0.00083
27.12.2006;0.00083
28.12.2006;0.00083
29.12.2006;0.00083
30.12.2006;0.00083
31.12.2006;0.00083
1.01.2007;0.00083
2.01.2007;0.00083
3.01.2007;0.00083
4.01.2007;0.00083
5.01.2007;0.00083
6.01.2007;0.00083
7.01.2007;0.00083
8.01.2007;0.00083
9.01.2007;0.00083
10.01.2007;0.00083
11.01.2007;0.00083
12.01.2007;0.00083
13.01.2007;0.00083
14.01.2007;0.00083
15.01.2007;0.00083
16.01.2007;0.00083
17.01.2007;0.00083
18.01.2007;0.00083
19.01.2007;0.00083
20.01.2007;0.00083
21.01.2007;0.00083
22.01.2007;0.00083
23.01.2007;0.00083
24.01.2007;0.00083
25.01.2007;0.00083
26.01.2007;0.00083
27.01.2007;0.00083
28.01.2007;0.00083
29.01.2007;0.00083
30.01.2007;0.00083
31.01.2007;0.00083
1.02.2007;0.00083
2.02.2007;0.00083
3.02.2007;0.00083
4.02.2007;0.00083
5.02.2007;0.00083
6.02.2007;0.00083
7.02.2007;0.00083
8.02.2007;0.00083
9.02.2007;0.00083
10.02.2007;0.00083
11.02.2007;0.00083
12.02.2007;0.00083
13.02.2007;0.00083
14.02.2007;0.00083
15.02.2007;0.00083
16.02.2007;0.00083
17.02.2007;0.00083
18.02.2007;0.00083
19.02.2007;0.00083
20.02.2007;0.00083
21.02.2007;0.00083
22.02.2007;0.00083
23.02.2007;0.00083
24.02.2007;0.00083
25.02.2007;0.00083
26.02.2007;0.00083
27.02.2007;0.00083
28.02.2007;0.00083
1.03.2007;0.00083
2.03.2007;0.00083
3.03.2007;0.00083
4.03.2007;0.00083
5.03.2007;0.00083
6.03.2007;0.00083
7.03.2007;0.00083
8.03.2007;0.00083
9.03.2007;0.00083
10.03.2007;0.00083
11.03.2007;0.00083
12.03.2007;0.00083
13.03.2007;0.00083
14.03.2007;0.00083
15.03.2007;0.00083
16.03.2007;0.00083
17.03.2007;0.00083
18.03.2007;0.00083
19.03.2007;0.00083
20.03.2007;0.00083
21.03.2007;0.00083
22.03.2007;0.00167
23.03.2007;0.00167
24.03.2007;0.00167
25.03.2007;0.00167
26.03.2007;0.00167
27.03.2007;0.00167
28.03.2007;0.00437
29.03.2007;0.00187
30.03.2007;0.00478
31.03.2007;0.00167
1.04.2007;0.00208
2.04.2007;0.00397
3.04.2007;0.0023
4.04.2007;0.00417
5.04.2007;0.00542
6.04.2007;0.00333
7.04.2007;0.00333
8.04.2007;0.00333
9.04.2007;0.00333
10.04.2007;0.00375
11.04.2007;0.0025
12.04.2007;0.00333
13.04.2007;0.00208
14.04.2007;0.00187
15.04.2007;0.00208
16.04.2007;0.00167
17.04.2007;0.00208
18.04.2007;0
19.04.2007;0
20.04.2007;0
21.04.2007;0
22.04.2007;0
23.04.2007;0
24.04.2007;0.00167
25.04.2007;0
26.04.2007;0
27.04.2007;0
28.04.2007;0
29.04.2007;0
30.04.2007;0
1.05.2007;0
2.05.2007;0
3.05.2007;0
4.05.2007;0
5.05.2007;0
6.05.2007;0
7.05.2007;0
8.05.2007;0
9.05.2007;0
10.05.2007;0
11.05.2007;0
12.05.2007;0
13.05.2007;0
14.05.2007;0
15.05.2007;0
16.05.2007;0
17.05.2007;0
18.05.2007;0
19.05.2007;0
20.05.2007;0
21.05.2007;0
22.05.2007;0
23.05.2007;0
24.05.2007;0
25.05.2007;0
26.05.2007;0
27.05.2007;0
28.05.2007;0
29.05.2007;0
30.05.2007;0
31.05.2007;0
1.06.2007;0
2.06.2007;0
3.06.2007;0
4.06.2007;0
5.06.2007;0.00083
6.06.2007;0.00083
7.06.2007;0.00083
8.06.2007;0.00083
9.06.2007;0.00083
10.06.2007;0.00083
11.06.2007;0.00083
12.06.2007;0.00083
13.06.2007;0.00083
14.06.2007;0.00083
15.06.2007;0.00083
16.06.2007;0.00083
17.06.2007;0.00083
18.06.2007;0.00083
19.06.2007;0.00083
20.06.2007;0.00083
21.06.2007;0.00083
22.06.2007;0.00083
23.06.2007;0.00083
24.06.2007;0.00083
25.06.2007;0.00083
26.06.2007;0.00083
27.06.2007;0
28.06.2007;0
29.06.2007;0
30.06.2007;0
1.07.2007;0
2.07.2007;0
3.07.2007;0
4.07.2007;0
5.07.2007;0
6.07.2007;0
7.07.2007;0
8.07.2007;0
9.07.2007;0
10.07.2007;0
11.07.2007;0
12.07.2007;0
13.07.2007;0
14.07.2007;0
15.07.2007;0
16.07.2007;0
17.07.2007;0
18.07.2007;0
19.07.2007;0
20.07.2007;0
21.07.2007;0
22.07.2007;0
23.07.2007;0
24.07.2007;0
25.07.2007;0
26.07.2007;0
27.07.2007;0
28.07.2007;0
29.07.2007;0
30.07.2007;0
31.07.2007;0
1.08.2007;0
2.08.2007;0
3.08.2007;0
4.08.2007;0
5.08.2007;0
6.08.2007;0
7.08.2007;0
8.08.2007;0
9.08.2007;0
10.08.2007;0
11.08.2007;0
12.08.2007;0
13.08.2007;0
14.08.2007;0
15.08.2007;0
16.08.2007;0
17.08.2007;0
18.08.2007;0
19.08.2007;0
20.08.2007;0
21.08.2007;0
22.08.2007;0
23.08.2007;0
24.08.2007;0
25.08.2007;0
26.08.2007;0
27.08.2007;0
28.08.2007;0
29.08.2007;0
30.08.2007;0
31.08.2007;0
1.09.2007;0
2.09.2007;0
3.09.2007;0
4.09.2007;0
5.09.2007;0
6.09.2007;0
7.09.2007;0
8.09.2007;0
9.09.2007;0
10.09.2007;0
11.09.2007;0
12.09.2007;0
13.09.2007;0
14.09.2007;0
15.09.2007;0
16.09.2007;0
17.09.2007;0
18.09.2007;0
19.09.2007;0
20.09.2007;0
21.09.2007;0
22.09.2007;0
23.09.2007;0
24.09.2007;0
25.09.2007;0
26.09.2007;0
27.09.2007;0
28.09.2007;0
29.09.2007;0
30.09.2007;0
1.10.2007;0
2.10.2007;0
3.10.2007;0
4.10.2007;0
5.10.2007;0
6.10.2007;0
7.10.2007;0
8.10.2007;0
9.10.2007;0
10.10.2007;0
11.10.2007;0
12.10.2007;0
13.10.2007;0
14.10.2007;0
15.10.2007;0
16.10.2007;0
17.10.2007;0
18.10.2007;0
19.10.2007;0
20.10.2007;0
21.10.2007;0
22.10.2007;0
23.10.2007;0
24.10.2007;0
25.10.2007;0
26.10.2007;0
27.10.2007;0
28.10.2007;0
29.10.2007;0
30.10.2007;0
31.10.2007;0
1.11.2007;0
2.11.2007;0
3.11.2007;0
4.11.2007;0
5.11.2007;0
6.11.2007;0
7.11.2007;0
8.11.2007;0
9.11.2007;0
10.11.2007;0
11.11.2007;0
12.11.2007;0
13.11.2007;0
14.11.2007;0
15.11.2007;0
16.11.2007;0
17.11.2007;0
18.11.2007;0
19.11.2007;0
20.11.2007;0
21.11.2007;0
22.11.2007;0
23.11.2007;0
24.11.2007;0
25.11.2007;0
26.11.2007;0
27.11.2007;0
28.11.2007;0
29.11.2007;0
30.11.2007;0
1.12.2007;0
2.12.2007;0
3.12.2007;0
4.12.2007;0
5.12.2007;0
6.12.2007;0
7.12.2007;0
8.12.2007;0
9.12.2007;0
10.12.2007;0
11.12.2007;0
12.12.2007;0
13.12.2007;0
14.12.2007;0
15.12.2007;0
16.12.2007;0
17.12.2007;0
18.12.2007;0
19.12.2007;0
20.12.2007;0
21.12.2007;0
22.12.2007;0
23.12.2007;0
24.12.2007;0
25.12.2007;0
26.12.2007;0
27.12.2007;0
28.12.2007;0
29.12.2007;0
30.12.2007;0
31.12.2007;0
1.01.2008;0
2.01.2008;0
3.01.2008;0
4.01.2008;0
5.01.2008;0
6.01.2008;0
7.01.2008;0
8.01.2008;0
9.01.2008;0
10.01.2008;0
11.01.2008;0
12.01.2008;0
13.01.2008;0
14.01.2008;0
15.01.2008;0
16.01.2008;0
17.01.2008;0
18.01.2008;0
19.01.2008;0
20.01.2008;0
21.01.2008;0
22.01.2008;0
23.01.2008;0
24.01.2008;0
25.01.2008;0
26.01.2008;0
27.01.2008;0
28.01.2008;0
29.01.2008;0
30.01.2008;0
31.01.2008;0
1.02.2008;0
2.02.2008;0
3.02.2008;0
4.02.2008;0
5.02.2008;0
6.02.2008;0
7.02.2008;0
8.02.2008;0
9.02.2008;0
10.02.2008;0
11.02.2008;0
12.02.2008;0
13.02.2008;0
14.02.2008;0
15.02.2008;0
16.02.2008;0
17.02.2008;0
18.02.2008;0
19.02.2008;0
20.02.2008;0
21.02.2008;0
22.02.2008;0
23.02.2008;0
24.02.2008;0
25.02.2008;0
26.02.2008;0
27.02.2008;0
28.02.2008;0
29.02.2008;0
1.03.2008;0
2.03.2008;0
3.03.2008;0
4.03.2008;0
5.03.2008;0
6.03.2008;0
7.03.2008;0
8.03.2008;0
9.03.2008;0
10.03.2008;0
11.03.2008;0
12.03.2008;0
13.03.2008;0
14.03.2008;0
15.03.2008;0
16.03.2008;0
17.03.2008;0
18.03.2008;0
19.03.2008;0
20.03.2008;0
21.03.2008;0
22.03.2008;0
23.03.2008;0
24.03.2008;0
25.03.2008;0
26.03.2008;0
27.03.2008;0
28.03.2008;0
29.03.2008;0
30.03.2008;0
31.03.2008;0
1.04.2008;0
2.04.2008;0
3.04.2008;0
4.04.2008;0
5.04.2008;0
6.04.2008;0
7.04.2008;0
8.04.2008;0
9.04.2008;0
10.04.2008;0
11.04.2008;0
12.04.2008;0
13.04.2008;0
14.04.2008;0
15.04.2008;0
16.04.2008;0
17.04.2008;0
18.04.2008;0
19.04.2008;0
20.04.2008;0
21.04.2008;0
22.04.2008;0
23.04.2008;0
24.04.2008;0
25.04.2008;0
26.04.2008;0
27.04.2008;0
28.04.2008;0
29.04.2008;0
30.04.2008;0
1.05.2008;0
2.05.2008;0
3.05.2008;0
4.05.2008;0
5.05.2008;0
6.05.2008;0
7.05.2008;0
8.05.2008;0
9.05.2008;0
10.05.2008;0
11.05.2008;0
12.05.2008;0
13.05.2008;0
14.05.2008;0
15.05.2008;0
16.05.2008;0
17.05.2008;0
18.05.2008;0
19.05.2008;0
20.05.2008;0
21.05.2008;0
22.05.2008;0
23.05.2008;0
24.05.2008;0
25.05.2008;0
26.05.2008;0
27.05.2008;0
28.05.2008;0
29.05.2008;0
30.05.2008;0
31.05.2008;0
1.06.2008;0
2.06.2008;0
3.06.2008;0
4.06.2008;0
5.06.2008;0
6.06.2008;0
7.06.2008;0
8.06.2008;0
9.06.2008;0
10.06.2008;0
11.06.2008;0
12.06.2008;0
13.06.2008;0
14.06.2008;0
15.06.2008;0
16.06.2008;0
17.06.2008;0
18.06.2008;0
19.06.2008;0
20.06.2008;0
21.06.2008;0
22.06.2008;0
23.06.2008;0
24.06.2008;0
25.06.2008;0
26.06.2008;0
27.06.2008;0
28.06.2008;0
29.06.2008;0
30.06.2008;0
1.07.2008;0
2.07.2008;0
3.07.2008;0
4.07.2008;0
5.07.2008;0
6.07.2008;0
7.07.2008;0
8.07.2008;0
9.07.2008;0
10.07.2008;0
11.07.2008;0
12.07.2008;0
13.07.2008;0
14.07.2008;0
15.07.2008;0
16.07.2008;0
17.07.2008;0
18.07.2008;0
19.07.2008;0
20.07.2008;0
21.07.2008;0
22.07.2008;0
23.07.2008;0
24.07.2008;0
25.07.2008;0
26.07.2008;0
27.07.2008;0
28.07.2008;0
29.07.2008;0
30.07.2008;0
31.07.2008;0
1.08.2008;0
2.08.2008;0
3.08.2008;0
4.08.2008;0
5.08.2008;0
6.08.2008;0
7.08.2008;0
8.08.2008;0
9.08.2008;0
10.08.2008;0
11.08.2008;0
12.08.2008;0
13.08.2008;0
14.08.2008;0
15.08.2008;0
16.08.2008;0
17.08.2008;0
18.08.2008;0
19.08.2008;0
20.08.2008;0
21.08.2008;0
22.08.2008;0
23.08.2008;0
24.08.2008;0
25.08.2008;0
26.08.2008;0
27.08.2008;0
28.08.2008;0
29.08.2008;0
30.08.2008;0
31.08.2008;0
1.09.2008;0
2.09.2008;0
3.09.2008;0
4.09.2008;0
5.09.2008;0
6.09.2008;0
7.09.2008;0
8.09.2008;0
9.09.2008;0
10.09.2008;0
11.09.2008;0
12.09.2008;0
13.09.2008;0
14.09.2008;0
15.09.2008;0
16.09.2008;0
17.09.2008;0
18.09.2008;0
19.09.2008;0
20.09.2008;0
21.09.2008;0
22.09.2008;0
23.09.2008;0
24.09.2008;0
25.09.2008;0
26.09.2008;0
27.09.2008;0
28.09.2008;0
29.09.2008;0
30.09.2008;0
1.10.2008;0
2.10.2008;0
3.10.2008;0
4.10.2008;0
5.10.2008;0
6.10.2008;0
7.10.2008;0
8.10.2008;0
9.10.2008;0
10.10.2008;0
11.10.2008;0
12.10.2008;0
13.10.2008;0
14.10.2008;0
15.10.2008;0
16.10.2008;0
17.10.2008;0
18.10.2008;0
19.10.2008;0
20.10.2008;0
21.10.2008;0
22.10.2008;0
23.10.2008;0
24.10.2008;0
25.10.2008;0
26.10.2008;0
27.10.2008;0
28.10.2008;0
29.10.2008;0
30.10.2008;0
31.10.2008;0
1.11.2008;0
2.11.2008;0
3.11.2008;0
4.11.2008;0
5.11.2008;0
6.11.2008;0
7.11.2008;0
8.11.2008;0
9.11.2008;0
10.11.2008;0
11.11.2008;0
12.11.2008;0
13.11.2008;0
14.11.2008;0
15.11.2008;0
16.11.2008;0
17.11.2008;0
18.11.2008;0
19.11.2008;0
20.11.2008;0
21.11.2008;0
22.11.2008;0
23.11.2008;0
24.11.2008;0
25.11.2008;0
26.11.2008;0
27.11.2008;0
28.11.2008;0
29.11.2008;0
30.11.2008;0
1.12.2008;0
2.12.2008;0
3.12.2008;0
4.12.2008;0
5.12.2008;0
6.12.2008;0
7.12.2008;0
8.12.2008;0
9.12.2008;0
10.12.2008;0
11.12.2008;0
12.12.2008;0
13.12.2008;0
14.12.2008;0
15.12.2008;0
16.12.2008;0
17.12.2008;0
18.12.2008;0
19.12.2008;0
20.12.2008;0
21.12.2008;0
22.12.2008;0
23.12.2008;0
24.12.2008;0
25.12.2008;0
26.12.2008;0
27.12.2008;0
28.12.2008;0
29.12.2008;0
30.12.2008;0
31.12.2008;0
1.01.2009;0
2.01.2009;0
3.01.2009;0
4.01.2009;0
5.01.2009;0
6.01.2009;0
7.01.2009;0
8.01.2009;0
9.01.2009;0
10.01.2009;0
11.01.2009;0
12.01.2009;0
13.01.2009;0
14.01.2009;0
15.01.2009;0
16.01.2009;0
17.01.2009;0
18.01.2009;0
19.01.2009;0
20.01.2009;0
21.01.2009;0
22.01.2009;0
23.01.2009;0
24.01.2009;0
25.01.2009;0
26.01.2009;0
27.01.2009;0
28.01.2009;0
29.01.2009;0
30.01.2009;0
31.01.2009;0
1.02.2009;0
2.02.2009;0
3.02.2009;0
4.02.2009;0
5.02.2009;0
6.02.2009;0
7.02.2009;0
8.02.2009;0
9.02.2009;0
10.02.2009;0
11.02.2009;0
12.02.2009;0
13.02.2009;0
14.02.2009;0
15.02.2009;0
16.02.2009;0
17.02.2009;0
18.02.2009;0
19.02.2009;0
20.02.2009;0
21.02.2009;0
22.02.2009;0
23.02.2009;0
24.02.2009;0
25.02.2009;0
26.02.2009;0
27.02.2009;0
28.02.2009;0
1.03.2009;0
2.03.2009;0
3.03.2009;0
4.03.2009;0
5.03.2009;0
6.03.2009;0
7.03.2009;0
8.03.2009;0
9.03.2009;0
10.03.2009;0
11.03.2009;0
12.03.2009;0
13.03.2009;0
14.03.2009;0
15.03.2009;0
16.03.2009;0
17.03.2009;0
18.03.2009;0
19.03.2009;0
20.03.2009;0
21.03.2009;0
22.03.2009;0
23.03.2009;0
24.03.2009;0
25.03.2009;0
26.03.2009;0
27.03.2009;0
28.03.2009;0
29.03.2009;0
30.03.2009;0
31.03.2009;0
1.04.2009;0
2.04.2009;0
3.04.2009;0
4.04.2009;0
5.04.2009;0
6.04.2009;0
7.04.2009;0
8.04.2009;0
9.04.2009;0
10.04.2009;0
11.04.2009;0
12.04.2009;0
13.04.2009;0
14.04.2009;0
15.04.2009;0
16.04.2009;0
17.04.2009;0
18.04.2009;0
19.04.2009;0
20.04.2009;0
21.04.2009;0
22.04.2009;0
23.04.2009;0
24.04.2009;0
25.04.2009;0
26.04.2009;0
27.04.2009;0
28.04.2009;0
29.04.2009;0
30.04.2009;0
1.05.2009;0
2.05.2009;0
3.05.2009;0
4.05.2009;0
5.05.2009;0
6.05.2009;0
7.05.2009;0
8.05.2009;0
9.05.2009;0
10.05.2009;0
11.05.2009;0
12.05.2009;0
13.05.2009;0
14.05.2009;0
15.05.2009;0
16.05.2009;0
17.05.2009;0
18.05.2009;0
19.05.2009;0
20.05.2009;0
21.05.2009;0
22.05.2009;0
23.05.2009;0
24.05.2009;0
25.05.2009;0
26.05.2009;0
27.05.2009;0
28.05.2009;0
29.05.2009;0
30.05.2009;0
31.05.2009;0
1.06.2009;0
2.06.2009;0
3.06.2009;0
4.06.2009;0
5.06.2009;0
6.06.2009;0
7.06.2009;0
8.06.2009;0
9.06.2009;0
10.06.2009;0
11.06.2009;0
12.06.2009;0
13.06.2009;0
14.06.2009;0
15.06.2009;0
16.06.2009;0
17.06.2009;0
18.06.2009;0
19.06.2009;0
20.06.2009;0
21.06.2009;0
22.06.2009;0
23.06.2009;0
24.06.2009;0
25.06.2009;0
26.06.2009;0
27.06.2009;0
28.06.2009;0
29.06.2009;0
30.06.2009;0
1.07.2009;0
2.07.2009;0
3.07.2009;0
4.07.2009;0
5.07.2009;0
6.07.2009;0
7.07.2009;0
8.07.2009;0
9.07.2009;0
10.07.2009;0
11.07.2009;0
12.07.2009;0
13.07.2009;0
14.07.2009;0
15.07.2009;0
16.07.2009;0
17.07.2009;0
18.07.2009;0
19.07.2009;0
20.07.2009;0
21.07.2009;0
22.07.2009;0
23.07.2009;0
24.07.2009;0
25.07.2009;0
26.07.2009;0
27.07.2009;0
28.07.2009;0
29.07.2009;0
30.07.2009;0
31.07.2009;0
1.08.2009;0
2.08.2009;0
3.08.2009;0
4.08.2009;0
5.08.2009;0
6.08.2009;0
7.08.2009;0
8.08.2009;0
9.08.2009;0
10.08.2009;0
11.08.2009;0
12.08.2009;0
13.08.2009;0
14.08.2009;0
15.08.2009;0
16.08.2009;0
17.08.2009;0
18.08.2009;0
19.08.2009;0
20.08.2009;0
21.08.2009;0
22.08.2009;0
23.08.2009;0
24.08.2009;0
25.08.2009;0
26.08.2009;0
27.08.2009;0
28.08.2009;0
29.08.2009;0
30.08.2009;0
31.08.2009;0
1.09.2009;0
2.09.2009;0
3.09.2009;0
4.09.2009;0
5.09.2009;0
6.09.2009;0
7.09.2009;0
8.09.2009;0
9.09.2009;0
10.09.2009;0
11.09.2009;0
12.09.2009;0
13.09.2009;0
14.09.2009;0
15.09.2009;0
16.09.2009;0
17.09.2009;0
18.09.2009;0
19.09.2009;0
20.09.2009;0
21.09.2009;0
22.09.2009;0
23.09.2009;0
24.09.2009;0
25.09.2009;0
26.09.2009;0
27.09.2009;0
28.09.2009;0
29.09.2009;0
30.09.2009;0
1.10.2009;0
2.10.2009;0
3.10.2009;0
4.10.2009;0
5.10.2009;0
6.10.2009;0
7.10.2009;0
8.10.2009;0
9.10.2009;0
10.10.2009;0
11.10.2009;0
12.10.2009;0
13.10.2009;0
14.10.2009;0
15.10.2009;0
16.10.2009;0
17.10.2009;0
18.10.2009;0
19.10.2009;0
20.10.2009;0
21.10.2009;0
22.10.2009;0
23.10.2009;0
24.10.2009;0
25.10.2009;0
26.10.2009;0
27.10.2009;0
28.10.2009;0
29.10.2009;0
30.10.2009;0
31.10.2009;0
1.11.2009;0
2.11.2009;0
3.11.2009;0
4.11.2009;0
5.11.2009;0
6.11.2009;0
7.11.2009;0
8.11.2009;0
9.11.2009;0
10.11.2009;0
11.11.2009;0
12.11.2009;0
13.11.2009;0
14.11.2009;0
15.11.2009;0
16.11.2009;0
17.11.2009;0
18.11.2009;0
19.11.2009;0
20.11.2009;0
21.11.2009;0
22.11.2009;0
23.11.2009;0
24.11.2009;0
25.11.2009;0
26.11.2009;0
27.11.2009;0
28.11.2009;0
29.11.2009;0
30.11.2009;0
1.12.2009;0
2.12.2009;0
3.12.2009;0
4.12.2009;0
5.12.2009;0
6.12.2009;0
7.12.2009;0
8.12.2009;0
9.12.2009;0
10.12.2009;0
11.12.2009;0
12.12.2009;0
13.12.2009;0
14.12.2009;0
15.12.2009;0
16.12.2009;0
17.12.2009;0
18.12.2009;0
19.12.2009;0
20.12.2009;0
21.12.2009;0
22.12.2009;0
23.12.2009;0
24.12.2009;0
25.12.2009;0
26.12.2009;0
27.12.2009;0
28.12.2009;0
29.12.2009;0
30.12.2009;0
31.12.2009;0
6.10.2011;0.00062
7.10.2011;0.0008
8.10.2011;0.00108
9.10.2011;0.00062
10.10.2011;0.00062
11.10.2011;0.00062
12.10.2011;0.00062
13.10.2011;0.00062
14.10.2011;0.00062
15.10.2011;0.00062
16.10.2011;0.00062
17.10.2011;0.00062
18.10.2011;0.00062
19.10.2011;0.00062
20.10.2011;0.0008
21.10.2011;0.0008
22.10.2011;0.0009
23.10.2011;0.0007
24.10.2011;0.00062
25.10.2011;0.00062
26.10.2011;0.00062
27.10.2011;0.00062
28.10.2011;0.00062
29.10.2011;0.00062
30.10.2011;0.00062
31.10.2011;0.00062
1.11.2011;0.00062
2.11.2011;0.00062
3.11.2011;0.00062
4.11.2011;0.00062
5.11.2011;0.00062
6.11.2011;0.00062
7.11.2011;0.00062
8.11.2011;0.00062
9.11.2011;0.00062
10.11.2011;0.00062
11.11.2011;0.00062
12.11.2011;0.00062
13.11.2011;0.00062
14.11.2011;0.00062
15.11.2011;0.00062
16.11.2011;0.00062
17.11.2011;0.00062
18.11.2011;0.00062
19.11.2011;0.00062
20.11.2011;0.00062
21.11.2011;0.00062
22.11.2011;0.00062
23.11.2011;0.00062
24.11.2011;0.00062
25.11.2011;0.00062
26.11.2011;0.00062
27.11.2011;0.00062
28.11.2011;0.00062
29.11.2011;0.00062
30.11.2011;0.00062
1.12.2011;0.00062
2.12.2011;0.00062
3.12.2011;0.00062
4.12.2011;0.00062
5.12.2011;0.00062
6.12.2011;0.00062
7.12.2011;0.00062
8.12.2011;0.00062
9.12.2011;0.00062
10.12.2011;0.00062
11.12.2011;0.00062
12.12.2011;0.00062
13.12.2011;0.00025
14.12.2011;0.00062
15.12.2011;0.00062
16.12.2011;0.0001
17.12.2011;0
18.12.2011;0.0001
19.12.2011;0
20.12.2011;0
21.12.2011;0
22.12.2011;0
23.12.2011;0
24.12.2011;0
25.12.2011;0
26.12.2011;0
27.12.2011;0
28.12.2011;0
29.12.2011;0
30.12.2011;0
31.12.2011;0
1.01.2012;0
2.01.2012;0
3.01.2012;0
4.01.2012;0
5.01.2012;0
6.01.2012;0
7.01.2012;0
8.01.2012;0
9.01.2012;0
10.01.2012;0
11.01.2012;0
12.01.2012;0
13.01.2012;0
14.01.2012;0
15.01.2012;0
16.01.2012;0
17.01.2012;0
18.01.2012;0
19.01.2012;0
20.01.2012;0
21.01.2012;0
22.01.2012;0
23.01.2012;0
24.01.2012;0
25.01.2012;0.00015
26.01.2012;0.00005
27.01.2012;0
28.01.2012;0
29.01.2012;0
30.01.2012;0
31.01.2012;0
1.02.2012;0
2.02.2012;0
3.02.2012;0
4.02.2012;0
5.02.2012;0
6.02.2012;0
7.02.2012;0
8.02.2012;0
9.02.2012;0
10.02.2012;0
11.02.2012;0
12.02.2012;0
13.02.2012;0
14.02.2012;0
15.02.2012;0
16.02.2012;0
17.02.2012;0
18.02.2012;0
19.02.2012;0
20.02.2012;0
21.02.2012;0
22.02.2012;0
23.02.2012;0
24.02.2012;0
25.02.2012;0
26.02.2012;0
27.02.2012;0
28.02.2012;0
29.02.2012;0
1.03.2012;0
2.03.2012;0
3.03.2012;0
4.03.2012;0
5.03.2012;0
6.03.2012;0.00005
7.03.2012;0
8.03.2012;0
9.03.2012;0
10.03.2012;0
11.03.2012;0
12.03.2012;0.00025
13.03.2012;0.00025
14.03.2012;0
15.03.2012;0
16.03.2012;0
17.03.2012;0
18.03.2012;0
19.03.2012;0
20.03.2012;0
21.03.2012;0
22.03.2012;0
23.03.2012;0
24.03.2012;0
25.03.2012;0
26.03.2012;0
27.03.2012;0
28.03.2012;0
29.03.2012;0
30.03.2012;0
31.03.2012;0
1.04.2012;0
2.04.2012;0
3.04.2012;0
4.04.2012;0
5.04.2012;0
6.04.2012;0
7.04.2012;0
8.04.2012;0
9.04.2012;0
10.04.2012;0
11.04.2012;0
12.04.2012;0
13.04.2012;0
14.04.2012;0
15.04.2012;0
16.04.2012;0
17.04.2012;0
18.04.2012;0
19.04.2012;0
20.04.2012;0
21.04.2012;0
22.04.2012;0
23.04.2012;0
24.04.2012;0
25.04.2012;0
26.04.2012;0
27.04.2012;0
28.04.2012;0
29.04.2012;0
30.04.2012;0
1.05.2012;0
2.05.2012;0
3.05.2012;0
4.05.2012;0
5.05.2012;0
6.05.2012;0
7.05.2012;0.00062
8.05.2012;0.00062
9.05.2012;0.00062
10.05.2012;0.00062
11.05.2012;0.00062
12.05.2012;0.0002
13.05.2012;0
14.05.2012;0.0001
15.05.2012;0.00062
16.05.2012;0.00062
17.05.2012;0.00062
18.05.2012;0.00062
19.05.2012;0.00062
20.05.2012;0.00035
21.05.2012;0.0002
22.05.2012;0.00062
23.05.2012;0.00062
24.05.2012;0.00062
25.05.2012;0.00062
26.05.2012;0.00062
27.05.2012;0.00062
28.05.2012;0.00035
29.05.2012;0.00062
30.05.2012;0.00062
31.05.2012;0
1.06.2012;0
2.06.2012;0.00025
3.06.2012;0.00062
4.06.2012;0.00062
5.06.2012;0.00062
6.06.2012;0.00025
7.06.2012;0
8.06.2012;0
9.06.2012;0
10.06.2012;0
11.06.2012;0.00025
12.06.2012;0.00062
13.06.2012;0.00062
14.06.2012;0.00025
15.06.2012;0
16.06.2012;0
17.06.2012;0
18.06.2012;0
19.06.2012;0
20.06.2012;0
21.06.2012;0
22.06.2012;0.00062
23.06.2012;0.00062
24.06.2012;0.00062
25.06.2012;0.00062
26.06.2012;0.00062
27.06.2012;0.00062
28.06.2012;0.00062
29.06.2012;0.00062
30.06.2012;0.00062
1.07.2012;0.00062
2.07.2012;0.00062
3.07.2012;0.00062
4.07.2012;0.00062
5.07.2012;0.00062
6.07.2012;0.00062
7.07.2012;0.00062
8.07.2012;0.00062
9.07.2012;0.00062
10.07.2012;0.00062
11.07.2012;0.00062
12.07.2012;0.00062
13.07.2012;0.00062
14.07.2012;0.00062
15.07.2012;0.00062
16.07.2012;0.00062
17.07.2012;0.00062
18.07.2012;0.00062
19.07.2012;0.00062
20.07.2012;0.00062
21.07.2012;0.00062
22.07.2012;0.00062
23.07.2012;0.00062
24.07.2012;0.00062
25.07.2012;0.00062
26.07.2012;0.00062
27.07.2012;0.00062
28.07.2012;0.00062
29.07.2012;0.00062
30.07.2012;0.00062
31.07.2012;0.00062
1.08.2012;0.00108
2.08.2012;0.00062
3.08.2012;0.00062
4.08.2012;0.00062
5.08.2012;0.00062
6.08.2012;0.00062
7.08.2012;0.00062
8.08.2012;0.00062
9.08.2012;0.00062
10.08.2012;0.00062
11.08.2012;0.00062
12.08.2012;0.00062
13.08.2012;0.00062
14.08.2012;0.00062
15.08.2012;0.00062
16.08.2012;0.00062
17.08.2012;0.00062
18.08.2012;0.00062
19.08.2012;0.00062
20.08.2012;0.00062
21.08.2012;0.00062
22.08.2012;0.00062
23.08.2012;0.00062
24.08.2012;0.00062
25.08.2012;0.00062
26.08.2012;0.00062
27.08.2012;0.00062
28.08.2012;0.00062
29.08.2012;0.00062
30.08.2012;0.00062
31.08.2012;0.00062
1.09.2012;0.00062
2.09.2012;0.00062
3.09.2012;0.00062
4.09.2012;0.00062
5.09.2012;0.00062
6.09.2012;0.00062
7.09.2012;0.00062
8.09.2012;0.00062
9.09.2012;0.00062
10.09.2012;0.00062
11.09.2012;0.00062
12.09.2012;0.00062
13.09.2012;0.00062
14.09.2012;0.00062
15.09.2012;0.00062
16.09.2012;0.00062
17.09.2012;0.00062
18.09.2012;0.00062
19.09.2012;0.00062
20.09.2012;0.00062
21.09.2012;0.00062
22.09.2012;0.00062
23.09.2012;0.00062
24.09.2012;0.00062
25.09.2012;0.00062
26.09.2012;0.00062
27.09.2012;0.00062
28.09.2012;0.00062
29.09.2012;0.00062
30.09.2012;0.00062
1.10.2012;0.00062
2.10.2012;0.00062
3.10.2012;0.00062
4.10.2012;0.00062
5.10.2012;0.00062
6.10.2012;0.00062
7.10.2012;0.00062
8.10.2012;0.00062
9.10.2012;0.00062
10.10.2012;0.00062
11.10.2012;0.00062
12.10.2012;0.00062
13.10.2012;0.00062
14.10.2012;0.00062
15.10.2012;0.00062
16.10.2012;0.00062
17.10.2012;0.00062
18.10.2012;0.00062
19.10.2012;0.00062
20.10.2012;0.00062
21.10.2012;0.00062
22.10.2012;0.00062
23.10.2012;0.00062
24.10.2012;0.00062
25.10.2012;0.00062
26.10.2012;0.00062
27.10.2012;0.00062
28.10.2012;0.00062
29.10.2012;0.00062
30.10.2012;0.00062
31.10.2012;0.00062
1.11.2012;0.00062
2.11.2012;0.00062
3.11.2012;0.00062
4.11.2012;0.00062
5.11.2012;0.00062
6.11.2012;0.00062
7.11.2012;0.00062
8.11.2012;0.00062
9.11.2012;0.00062
10.11.2012;0.00062
11.11.2012;0.00062
12.11.2012;0.00062
13.11.2012;0.00062
14.11.2012;0.00062
15.11.2012;0.00062
16.11.2012;0.00062
17.11.2012;0.00062
18.11.2012;0.00062
19.11.2012;0.00062
20.11.2012;0.00062
21.11.2012;0.00062
22.11.2012;0.00062
23.11.2012;0.00062
24.11.2012;0.00062
25.11.2012;0.00062
26.11.2012;0.00062
27.11.2012;0.00062
28.11.2012;0.00062
29.11.2012;0.00062
30.11.2012;0.00062
1.12.2012;0.00062
2.12.2012;0.00062
3.12.2012;0.00062
4.12.2012;0.00062
5.12.2012;0.00062
6.12.2012;0.00062
7.12.2012;0.00062
8.12.2012;0.00062
9.12.2012;0.00062
10.12.2012;0.00062
11.12.2012;0.00062
12.12.2012;0.00062
13.12.2012;0.00062
14.12.2012;0.00062
15.12.2012;0.00062
16.12.2012;0.00062
17.12.2012;0.00062
18.12.2012;0.00062
19.12.2012;0.00062
20.12.2012;0.00062
21.12.2012;0.00062
22.12.2012;0.00062
23.12.2012;0.00062
24.12.2012;0.00062
25.12.2012;0.00062
26.12.2012;0.00062
27.12.2012;0.00062
28.12.2012;0.00062
29.12.2012;0.00062
30.12.2012;0.00062
31.12.2012;0.00062
1.01.2013;0.001
2.01.2013;0.001
3.01.2013;0.001
4.01.2013;0.001
5.01.2013;0.001
6.01.2013;0.001
7.01.2013;0.001
8.01.2013;0.001
9.01.2013;0.001
10.01.2013;0.001
11.01.2013;0.001
12.01.2013;0.001
13.01.2013;0.001
14.01.2013;0.001
15.01.2013;0.001
16.01.2013;0.001
17.01.2013;0.001
18.01.2013;0.001
19.01.2013;0.001
20.01.2013;0.001
21.01.2013;0.001
22.01.2013;0.002
23.01.2013;0.014
24.01.2013;0.014
25.01.2013;0.014
26.01.2013;0.02
27.01.2013;0.002
28.01.2013;0.037
29.01.2013;0.002
30.01.2013;0.002
31.01.2013;0.002
1.02.2013;0.002
2.02.2013;0.004
3.02.2013;0.003
4.02.2013;0.003
5.02.2013;0.079
6.02.2013;0.007
7.02.2013;0.022
8.02.2013;0.012
9.02.2013;0.002
10.02.2013;0.007
11.02.2013;0.002
12.02.2013;0.002
13.02.2013;0.002
14.02.2013;0.031
15.02.2013;0.022
16.02.2013;0.003
17.02.2013;0.005
18.02.2013;0.012
19.02.2013;0.003
20.02.2013;0.009
21.02.2013;0.012
22.02.2013;0.022
23.02.2013;0.003
24.02.2013;0.031
25.02.2013;0.005
26.02.2013;0.064
27.02.2013;0.061
28.02.2013;0.064
1.03.2013;0.064
2.03.2013;0.055
3.03.2013;0.052
4.03.2013;0.048
5.03.2013;0.012
6.03.2013;0.034
7.03.2013;0.028
8.03.2013;0.048
9.03.2013;0.079
10.03.2013;0.101
11.03.2013;0.088
12.03.2013;0.098
13.03.2013;0.082
14.03.2013;0.07
15.03.2013;0.064
16.03.2013;0.048
17.03.2013;0.045
18.03.2013;0.033
19.03.2013;0.031
20.03.2013;0.028
21.03.2013;0.003
22.03.2013;0.043
23.03.2013;0.037
24.03.2013;0.033
25.03.2013;0.033
26.03.2013;0.028
27.03.2013;0.033
28.03.2013;0.022
29.03.2013;0.017
30.03.2013;0.025
31.03.2013;0.007
1.04.2013;0.037
2.04.2013;0.052
3.04.2013;0.043
4.04.2013;0.04
5.04.2013;0.073
6.04.2013;0.067
7.04.2013;0.058
8.04.2013;0.045
9.04.2013;0.055
10.04.2013;0.037
11.04.2013;0.033
12.04.2013;0.037
13.04.2013;0.022
14.04.2013;0.058
15.04.2013;0.003
16.04.2013;0.028
17.04.2013;0.018
18.04.2013;0.037
19.04.2013;0.02
20.04.2013;0.012
21.04.2013;0.003
22.04.2013;0.017
23.04.2013;0.003
24.04.2013;0.014
25.04.2013;0.002
26.04.2013;0.012
27.04.2013;0.012
28.04.2013;0.009
29.04.2013;0.012
30.04.2013;0.007
1.05.2013;0.00933
2.05.2013;0.003
3.05.2013;0.007
4.05.2013;0.002
5.05.2013;0.002
6.05.2013;0.007
7.05.2013;0.002
8.05.2013;0.005
9.05.2013;0.009
10.05.2013;0.011
11.05.2013;0.002
12.05.2013;0.007
13.05.2013;0.002
14.05.2013;0.007
15.05.2013;0.017
16.05.2013;0.02
17.05.2013;0.025
18.05.2013;0.022
19.05.2013;0.017
20.05.2013;0.009
21.05.2013;0.012
22.05.2013;0.014
23.05.2013;0.012
24.05.2013;0.009
25.05.2013;0.009
26.05.2013;0.012
27.05.2013;0.002
28.05.2013;0.014
29.05.2013;0.02
30.05.2013;0.009
31.05.2013;0.045
1.06.2013;0.052
2.06.2013;0.044
3.06.2013;0.036
4.06.2013;0.035
5.06.2013;0.03
6.06.2013;0.027
7.06.2013;0.025
8.06.2013;0.023
9.06.2013;0.021
10.06.2013;0.021
11.06.2013;0.021
12.06.2013;0.017
13.06.2013;0.018
14.06.2013;0.017
15.06.2013;0.014
16.06.2013;0.015
17.06.2013;0.014
18.06.2013;0.013
19.06.2013;0.012
20.06.2013;0.011
21.06.2013;0.01
22.06.2013;0.01
23.06.2013;0.01
24.06.2013;0.007
25.06.2013;0.01
26.06.2013;0.007
27.06.2013;0.024
28.06.2013;0.029
29.06.2013;0.024
30.06.2013;0.02
1.07.2013;0.02
2.07.2013;0.016
3.07.2013;0.015
4.07.2013;0.014
5.07.2013;0.011
6.07.2013;0.011
7.07.2013;0.011
8.07.2013;0.01
9.07.2013;0.008
10.07.2013;0.007
11.07.2013;0.008
12.07.2013;0.007
13.07.2013;0.006
14.07.2013;0.006
15.07.2013;0.005
16.07.2013;0.005
17.07.2013;0.005
18.07.2013;0.005
19.07.2013;0.004
20.07.2013;0.004
21.07.2013;0.004
22.07.2013;0.004
23.07.2013;0.003
24.07.2013;0.004
25.07.2013;0.003
26.07.2013;0.003
27.07.2013;0.004
28.07.2013;0.003
29.07.2013;0.003
30.07.2013;0.003
31.07.2013;0.003
1.08.2013;0.003
2.08.2013;0.003
3.08.2013;0.002
4.08.2013;0.003
5.08.2013;0.002
6.08.2013;0.002
7.08.2013;0.002
8.08.2013;0.002
9.08.2013;0.002
10.08.2013;0.002
11.08.2013;0.002
12.08.2013;0.002
13.08.2013;0.002
14.08.2013;0.002
15.08.2013;0.002
16.08.2013;0.002
17.08.2013;0.001
18.08.2013;0.001
19.08.2013;0.002
20.08.2013;0.002
21.08.2013;0.001
22.08.2013;0.001
23.08.2013;0.002
24.08.2013;0.002
25.08.2013;0.001
26.08.2013;0.001
27.08.2013;0.001
28.08.2013;0.001
29.08.2013;0.001
30.08.2013;0.001
31.08.2013;0.002
1.09.2013;0.001
2.09.2013;0.001
3.09.2013;0.001
4.09.2013;0.001
5.09.2013;0.001
6.09.2013;0.001
7.09.2013;0.001
8.09.2013;0.001
9.09.2013;0.001
10.09.2013;0.001
11.09.2013;0.001
12.09.2013;0.001
13.09.2013;0.001
14.09.2013;0.001
15.09.2013;0.001
16.09.2013;0.001
17.09.2013;0.001
18.09.2013;0.001
19.09.2013;0.001
20.09.2013;0.001
21.09.2013;0.001
22.09.2013;0.001
23.09.2013;0.001
24.09.2013;0.001
25.09.2013;0.001
26.09.2013;0.001
27.09.2013;0.001
28.09.2013;0.001
29.09.2013;0.001
30.09.2013;0.001
1.10.2013;0.001
2.10.2013;0.001
3.10.2013;0.001
4.10.2013;0.001
5.10.2013;0.001
6.10.2013;0.001
7.10.2013;0.001
8.10.2013;0.001
9.10.2013;0.001
10.10.2013;0.001
11.10.2013;0.001
12.10.2013;0.004
13.10.2013;0.002
14.10.2013;0.002
15.10.2013;0.002
16.10.2013;0.002
17.10.2013;0.002
18.10.2013;0.001
19.10.2013;0.001
20.10.2013;0.001
21.10.2013;0.001
22.10.2013;0.001
23.10.2013;0.002
24.10.2013;0.001
25.10.2013;0.002
26.10.2013;0.002
27.10.2013;0.002
28.10.2013;0.002
29.10.2013;0.002
30.10.2013;0.002
31.10.2013;0.002
1.11.2013;0.002
2.11.2013;0.002
3.11.2013;0.002
4.11.2013;0.002
5.11.2013;0.001
6.11.2013;0.001
7.11.2013;0.001
8.11.2013;0.001
9.11.2013;0.001
10.11.2013;0.001
11.11.2013;0.001
12.11.2013;0.002
13.11.2013;0.001
14.11.2013;0.001
15.11.2013;0.001
16.11.2013;0.001
17.11.2013;0.001
18.11.2013;0.001
19.11.2013;0.001
20.11.2013;0.001
21.11.2013;0.001
22.11.2013;0.001
23.11.2013;0.001
24.11.2013;0.001
25.11.2013;0.001
26.11.2013;0.001
27.11.2013;0.001
28.11.2013;0.001
29.11.2013;0.001
30.11.2013;0.001
1.12.2013;0.001
2.12.2013;0.001
3.12.2013;0.001
4.12.2013;0.001
5.12.2013;0.001
6.12.2013;0.001
7.12.2013;0.001
8.12.2013;0.001
9.12.2013;0.001
10.12.2013;0.001
11.12.2013;0.001
12.12.2013;0.001
13.12.2013;0.001
14.12.2013;0.001
15.12.2013;0.001
16.12.2013;0.001
17.12.2013;0.001
18.12.2013;0.001
19.12.2013;0.001
20.12.2013;0.001
21.12.2013;0.001
22.12.2013;0.001
23.12.2013;0.001
24.12.2013;0.001
25.12.2013;0.001
26.12.2013;0.001
27.12.2013;0.001
28.12.2013;0.001
29.12.2013;0.001
30.12.2013;0.001
31.12.2013;0.001
1.01.2014;0
2.01.2014;0
3.01.2014;0
4.01.2014;0
5.01.2014;0
6.01.2014;0
7.01.2014;0
8.01.2014;0
9.01.2014;0
10.01.2014;0
11.01.2014;0
12.01.2014;0
13.01.2014;0
14.01.2014;0
15.01.2014;0
16.01.2014;0
17.01.2014;0
18.01.2014;0
19.01.2014;0
20.01.2014;0
21.01.2014;0
22.01.2014;0
23.01.2014;0
24.01.2014;0
25.01.2014;0
26.01.2014;0
27.01.2014;0
28.01.2014;0
29.01.2014;0
30.01.2014;0
31.01.2014;0
1.02.2014;0
2.02.2014;0
3.02.2014;0
4.02.2014;0
5.02.2014;0
6.02.2014;0
7.02.2014;0
8.02.2014;0
9.02.2014;0
10.02.2014;0
11.02.2014;0
12.02.2014;0
13.02.2014;0
14.02.2014;0
15.02.2014;0
16.02.2014;0
17.02.2014;0
18.02.2014;0
19.02.2014;0
20.02.2014;0
21.02.2014;0
22.02.2014;0
23.02.2014;0
24.02.2014;0
25.02.2014;0
26.02.2014;0
27.02.2014;0
28.02.2014;0
1.03.2014;0
2.03.2014;0
3.03.2014;0
4.03.2014;0
5.03.2014;0
6.03.2014;0
7.03.2014;0
8.03.2014;0
9.03.2014;0
10.03.2014;0
11.03.2014;0
12.03.2014;0
13.03.2014;0
14.03.2014;0
15.03.2014;0
16.03.2014;0
17.03.2014;0
18.03.2014;0.002
19.03.2014;0.003
20.03.2014;0.003
21.03.2014;0.003
22.03.2014;0.002
23.03.2014;0.003
24.03.2014;0.002
25.03.2014;0.003
26.03.2014;0.002
27.03.2014;0.003
28.03.2014;0.002
29.03.2014;0.002
30.03.2014;0.003
31.03.2014;0.003
1.04.2014;0.002
2.04.2014;0.001
3.04.2014;0.005
4.04.2014;0.003
5.04.2014;0.003
6.04.2014;0.003
7.04.2014;0.002
8.04.2014;0.003
9.04.2014;0.003
10.04.2014;0.003
11.04.2014;0.002
12.04.2014;0.003
13.04.2014;0.003
14.04.2014;0.003
15.04.2014;0.003
16.04.2014;0.003
17.04.2014;0.003
18.04.2014;0.003
19.04.2014;0.003
20.04.2014;0.003
21.04.2014;0.003
22.04.2014;0.003
23.04.2014;0.002
24.04.2014;0.003
25.04.2014;0.003
26.04.2014;0.002
27.04.2014;0.002
28.04.2014;0.003
29.04.2014;0.002
30.04.2014;0.002
1.05.2014;0.002
2.05.2014;0.002
3.05.2014;0.002
4.05.2014;0.002
5.05.2014;0.002
6.05.2014;0.002
7.05.2014;0.002
8.05.2014;0.002
9.05.2014;0.002
10.05.2014;0.002
11.05.2014;0.002
12.05.2014;0.002
13.05.2014;0.003
14.05.2014;0.002
15.05.2014;0.003
16.05.2014;0.002
17.05.2014;0.002
18.05.2014;0.002
19.05.2014;0.006
20.05.2014;0.003
21.05.2014;0.004
22.05.2014;0.003
23.05.2014;0.004
24.05.2014;0.003
25.05.2014;0.003
26.05.2014;0.003
27.05.2014;0.003
28.05.2014;0.002
29.05.2014;0.003
30.05.2014;0.003
31.05.2014;0.002
1.06.2014;0.002
2.06.2014;0.003
3.06.2014;0.002
4.06.2014;0.002
5.06.2014;0.002
6.06.2014;0.002
7.06.2014;0.002
8.06.2014;0.002
9.06.2014;0.001
10.06.2014;0.002
11.06.2014;0.002
12.06.2014;0.002
13.06.2014;0.002
14.06.2014;0.002
15.06.2014;0.001
16.06.2014;0.002
17.06.2014;0.001
18.06.2014;0.002
19.06.2014;0.001
20.06.2014;0.002
21.06.2014;0.001
22.06.2014;0.001
23.06.2014;0.001
24.06.2014;0.001
25.06.2014;0.001
26.06.2014;0.001
27.06.2014;0.001
28.06.2014;0.001
29.06.2014;0.001
30.06.2014;0.001
1.07.2014;0.001
2.07.2014;0.001
3.07.2014;0.001
4.07.2014;0.001
5.07.2014;0.001
6.07.2014;0.001
7.07.2014;0.001
8.07.2014;0.001
9.07.2014;0.001
10.07.2014;0.001
11.07.2014;0.001
12.07.2014;0.001
13.07.2014;0.001
14.07.2014;0.001
15.07.2014;0.001
16.07.2014;0.001
17.07.2014;0.001
18.07.2014;0.001
19.07.2014;0.001
20.07.2014;0.001
21.07.2014;0.001
22.07.2014;0.001
23.07.2014;0.001
24.07.2014;0.001
25.07.2014;0.001
26.07.2014;0.001
27.07.2014;0.001
28.07.2014;0.001
29.07.2014;0.001
30.07.2014;0.001
31.07.2014;0.001
1.08.2014;0.001
2.08.2014;0.001
3.08.2014;0.001
4.08.2014;0.001
5.08.2014;0.001
6.08.2014;0.001
7.08.2014;0.001
8.08.2014;0.001
9.08.2014;0.001
10.08.2014;0.001
11.08.2014;0.001
12.08.2014;0.001
13.08.2014;0.001
14.08.2014;0.001
15.08.2014;0.001
16.08.2014;0.001
17.08.2014;0.001
18.08.2014;0.001
19.08.2014;0.001
20.08.2014;0.001
21.08.2014;0.001
22.08.2014;0.001
23.08.2014;0.001
24.08.2014;0.001
25.08.2014;0.001
26.08.2014;0.001
27.08.2014;0.001
28.08.2014;0.001
29.08.2014;0.001
30.08.2014;0.001
31.08.2014;0.001
1.09.2014;0.002
2.09.2014;0.002
3.09.2014;0.002
4.09.2014;0.002
5.09.2014;0.002
6.09.2014;0.002
7.09.2014;0.002
8.09.2014;0.002
9.09.2014;0.002
10.09.2014;0.002
11.09.2014;0.002
12.09.2014;0.002
13.09.2014;0.002
14.09.2014;0.002
15.09.2014;0.002
16.09.2014;0.002
17.09.2014;0.002
18.09.2014;0.002
19.09.2014;0.002
20.09.2014;0.002
21.09.2014;0.002
22.09.2014;0.002
23.09.2014;0.002
24.09.2014;0.002
25.09.2014;0.002
26.09.2014;0.002
27.09.2014;0.002
28.09.2014;0.002
29.09.2014;0.002
30.09.2014;0.002
1.10.2014;0.002
2.10.2014;0.002
3.10.2014;0.002
4.10.2014;0.002
5.10.2014;0.002
6.10.2014;0.002
7.10.2014;0.002
8.10.2014;0.002
9.10.2014;0.002
10.10.2014;0.001
11.10.2014;0.001
12.10.2014;0.002
13.10.2014;0.002
14.10.2014;0.002
15.10.2014;0.002
16.10.2014;0.002
17.10.2014;0.002
18.10.2014;0.002
19.10.2014;0.002
20.10.2014;0.002
21.10.2014;0.002
22.10.2014;0.002
23.10.2014;0.001
24.10.2014;0.002
25.10.2014;0.001
26.10.2014;0.002
27.10.2014;0.002
28.10.2014;0.002
29.10.2014;0.002
30.10.2014;0.002
31.10.2014;0.002
1.11.2014;0.002
2.11.2014;0.003
3.11.2014;0.002
4.11.2014;0.002
5.11.2014;0.002
6.11.2014;0.002
7.11.2014;0.002
8.11.2014;0.002
9.11.2014;0.002
10.11.2014;0.002
11.11.2014;0.002
12.11.2014;0.002
13.11.2014;0.002
14.11.2014;0.002
15.11.2014;0.002
16.11.2014;0.002
17.11.2014;0.002
18.11.2014;0.001
19.11.2014;0.001
20.11.2014;0.001
21.11.2014;0.001
22.11.2014;0.001
23.11.2014;0.001
24.11.2014;0.001
25.11.2014;0.001
26.11.2014;0.001
27.11.2014;0.001
28.11.2014;0.001
29.11.2014;0.001
30.11.2014;0.001
1.12.2014;0.001
2.12.2014;0.001
3.12.2014;0.001
4.12.2014;0.001
5.12.2014;0.001
6.12.2014;0.001
7.12.2014;0.001
8.12.2014;0.001
9.12.2014;0.001
10.12.2014;0.001
11.12.2014;0.001
12.12.2014;0.002
13.12.2014;0.003
14.12.2014;0.002
15.12.2014;0.003
16.12.2014;0.002
17.12.2014;0.002
18.12.2014;0.002
19.12.2014;0.002
20.12.2014;0.002
21.12.2014;0.002
22.12.2014;0.002
23.12.2014;0.002
24.12.2014;0.002
25.12.2014;0.002
26.12.2014;0.002
27.12.2014;0.002
28.12.2014;0.002
29.12.2014;0.002
30.12.2014;0.002
31.12.2014;0.002
1.01.2015;0.002
2.01.2015;0.002
3.01.2015;0.002
4.01.2015;0.001
5.01.2015;0.001
6.01.2015;0.002
7.01.2015;0.001
8.01.2015;0.002
9.01.2015;0.001
10.01.2015;0.001
11.01.2015;0.002
12.01.2015;0.003
13.01.2015;0.002
14.01.2015;0.001
15.01.2015;0.001
16.01.2015;0.001
17.01.2015;0.001
18.01.2015;0.001
19.01.2015;0.001
20.01.2015;0.001
21.01.2015;0.001
22.01.2015;0.001
23.01.2015;0.001
24.01.2015;0.001
25.01.2015;0.001
26.01.2015;0.001
27.01.2015;0.002
28.01.2015;0.002
29.01.2015;0.009
30.01.2015;0.005
31.01.2015;0.017
1.02.2015;0.016
2.02.2015;0.014
3.02.2015;0.013
4.02.2015;0.012
5.02.2015;0.01
6.02.2015;0.011
7.02.2015;0.009
8.02.2015;0.007
9.02.2015;0.008
10.02.2015;0.007
11.02.2015;0.007
12.02.2015;0.005
13.02.2015;0.008
14.02.2015;0.005
15.02.2015;0.009
16.02.2015;0.007
17.02.2015;0.009
18.02.2015;0.005
19.02.2015;0.011
20.02.2015;0.007
21.02.2015;0.004
22.02.2015;0.004
23.02.2015;0.002
24.02.2015;0.011
25.02.2015;0.008
26.02.2015;0.007
27.02.2015;0.015
28.02.2015;0.01
1.03.2015;0.01
2.03.2015;0.01
3.03.2015;0.008
4.03.2015;0.01
5.03.2015;0.007
6.03.2015;0.008
7.03.2015;0.007
8.03.2015;0.007
9.03.2015;0.006
10.03.2015;0.005
11.03.2015;0.008
12.03.2015;0.006
13.03.2015;0.005
14.03.2015;0.005
15.03.2015;0.005
16.03.2015;0.005
17.03.2015;0.004
18.03.2015;0.004
19.03.2015;0.004
20.03.2015;0.005
21.03.2015;0.004
22.03.2015;0.004
23.03.2015;0.004
24.03.2015;0.004
25.03.2015;0.004
26.03.2015;0.003
27.03.2015;0.004
28.03.2015;0.003
29.03.2015;0.003
30.03.2015;0.004
31.03.2015;0.003
1.04.2015;0.003
2.04.2015;0.003
3.04.2015;0.003
4.04.2015;0.003
5.04.2015;0.002
6.04.2015;0.002
7.04.2015;0.001
8.04.2015;0.006
9.04.2015;0.002
10.04.2015;0.003
11.04.2015;0.005
12.04.2015;0.001
13.04.2015;0.001
14.04.2015;0.003
15.04.2015;0.001
16.04.2015;0.003
17.04.2015;0.002
18.04.2015;0.005
19.04.2015;0.001
20.04.2015;0.001
21.04.2015;0.002
22.04.2015;0.003
23.04.2015;0.001
24.04.2015;0.005
25.04.2015;0.003
26.04.2015;0.001
27.04.2015;0.001
28.04.2015;0.002
29.04.2015;0.002
30.04.2015;0.003
1.05.2015;0.003
2.05.2015;0.001
3.05.2015;0.002
4.05.2015;0.009
5.05.2015;0.005
6.05.2015;0.001
7.05.2015;0.005
8.05.2015;0.002
9.05.2015;0.004
10.05.2015;0.002
11.05.2015;0.001
12.05.2015;0.001
13.05.2015;0.001
14.05.2015;0.001
15.05.2015;0.007
16.05.2015;0.002
17.05.2015;0.001
18.05.2015;0.002
19.05.2015;0.005
20.05.2015;0.004
21.05.2015;0.001
22.05.2015;0.001
23.05.2015;0.001
24.05.2015;0.003
25.05.2015;0.001
26.05.2015;0.001
27.05.2015;0.001
28.05.2015;0.002
29.05.2015;0.002
30.05.2015;0.001
31.05.2015;0.001
1.06.2015;0.001
2.06.2015;0.002
3.06.2015;0.002
4.06.2015;0.001
5.06.2015;0.001
6.06.2015;0.001
7.06.2015;0.001
8.06.2015;0.001
9.06.2015;0.001
10.06.2015;0.001
11.06.2015;0.001
12.06.2015;0.001
13.06.2015;0.001
14.06.2015;0.001
15.06.2015;0.001
16.06.2015;0.001
17.06.2015;0.001
18.06.2015;0.001
19.06.2015;0.001
20.06.2015;0.001
21.06.2015;0.001
22.06.2015;0.001
23.06.2015;0.001
24.06.2015;0.001
25.06.2015;0.001
26.06.2015;0.001
27.06.2015;0.001
28.06.2015;0.001
29.06.2015;0.001
30.06.2015;0.001
1.07.2015;0.001
2.07.2015;0.001
3.07.2015;0.001
4.07.2015;0.001
5.07.2015;0.001
6.07.2015;0.001
7.07.2015;0.001
8.07.2015;0.001
9.07.2015;0.001
10.07.2015;0.001
11.07.2015;0.001
12.07.2015;0.001
13.07.2015;0.001
14.07.2015;0.001
15.07.2015;0.001
16.07.2015;0.001
17.07.2015;0.001
18.07.2015;0.001
19.07.2015;0.001
20.07.2015;0.001
21.07.2015;0.001
22.07.2015;0.001
23.07.2015;0.001
24.07.2015;0.001
25.07.2015;0.001
26.07.2015;0.001
27.07.2015;0.001
28.07.2015;0.001
29.07.2015;0.001
30.07.2015;0.001
31.07.2015;0.001
1.08.2015;0.001
2.08.2015;0.001
3.08.2015;0.001
4.08.2015;0.001
5.08.2015;0.001
6.08.2015;0.001
7.08.2015;0.001
8.08.2015;0.001
9.08.2015;0.001
10.08.2015;0.001
11.08.2015;0.001
12.08.2015;0.001
13.08.2015;0.001
14.08.2015;0.001
15.08.2015;0.001
16.08.2015;0.001
17.08.2015;0.001
18.08.2015;0.001
19.08.2015;0.001
20.08.2015;0
21.08.2015;0.001
22.08.2015;0
23.08.2015;0
24.08.2015;0.001
25.08.2015;0.001
26.08.2015;0
27.08.2015;0
28.08.2015;0.001
29.08.2015;0.001
30.08.2015;0.001
31.08.2015;0.001
1.09.2015;0.001
2.09.2015;0.001
3.09.2015;0.001
4.09.2015;0.001
5.09.2015;0.001
6.09.2015;0.001
7.09.2015;0.001
8.09.2015;0.001
9.09.2015;0.001
10.09.2015;0.001
11.09.2015;0.001
12.09.2015;0.001
13.09.2015;0.001
14.09.2015;0.001
15.09.2015;0.001
16.09.2015;0.001
17.09.2015;0.001
18.09.2015;0.001
19.09.2015;0.001
20.09.2015;0.001
21.09.2015;0.001
22.09.2015;0.001
23.09.2015;0.001
24.09.2015;0.001
25.09.2015;0.001
26.09.2015;0.001
27.09.2015;0.001
28.09.2015;0.001
29.09.2015;0.001
30.09.2015;0.001
1.10.2015;0.001
2.10.2015;0.001
3.10.2015;0.001
4.10.2015;0.001
5.10.2015;0.001
6.10.2015;0.001
7.10.2015;0
8.10.2015;0
9.10.2015;0
10.10.2015;0
11.10.2015;0
12.10.2015;0
13.10.2015;0
14.10.2015;0
15.10.2015;0
16.10.2015;0.001
17.10.2015;0.001
18.10.2015;0.001
19.10.2015;0.001
20.10.2015;0.001
21.10.2015;0.001
22.10.2015;0.001
23.10.2015;0.002
24.10.2015;0.002
25.10.2015;0.002
26.10.2015;0.002
27.10.2015;0.002
28.10.2015;0.002
29.10.2015;0.002
30.10.2015;0.002
31.10.2015;0.002
1.11.2015;0.002
2.11.2015;0.002
3.11.2015;0.002
4.11.2015;0.002
5.11.2015;0.002
6.11.2015;0.002
7.11.2015;0.002
8.11.2015;0.002
9.11.2015;0.002
10.11.2015;0.002
11.11.2015;0.002
12.11.2015;0.002
13.11.2015;0.002
14.11.2015;0.002
15.11.2015;0.002
16.11.2015;0.002
17.11.2015;0.001
18.11.2015;0.001
19.11.2015;0.001
20.11.2015;0.001
21.11.2015;0.001
22.11.2015;0.001
23.11.2015;0.001
24.11.2015;0.001
25.11.2015;0.001
26.11.2015;0.001
27.11.2015;0.001
28.11.2015;0.001
29.11.2015;0.001
30.11.2015;0.001
1.12.2015;0.001
2.12.2015;0.001
3.12.2015;0.001
4.12.2015;0.001
5.12.2015;0.001
6.12.2015;0.001
7.12.2015;0.001
8.12.2015;0.001
9.12.2015;0.001
10.12.2015;0.001
11.12.2015;0.001
12.12.2015;0.001
13.12.2015;0.001
14.12.2015;0.001
15.12.2015;0.001
16.12.2015;0.001
17.12.2015;0.001
18.12.2015;0.001
19.12.2015;0.001
20.12.2015;0.001
21.12.2015;0.001
22.12.2015;0.001
23.12.2015;0.001
24.12.2015;0.001
25.12.2015;0.001
26.12.2015;0.001
27.12.2015;0.001
28.12.2015;0.001
29.12.2015;0.001
30.12.2015;0.001
31.12.2015;0
1.01.2016;0
2.01.2016;0
3.01.2016;0
4.01.2016;0
5.01.2016;0
6.01.2016;0
7.01.2016;0
8.01.2016;0
9.01.2016;0
10.01.2016;0
11.01.2016;0
12.01.2016;0
13.01.2016;0
14.01.2016;0
15.01.2016;0
16.01.2016;0
17.01.2016;0
18.01.2016;0.001
19.01.2016;0.001
20.01.2016;0.048
21.01.2016;0.001
22.01.2016;0.001
23.01.2016;0
24.01.2016;0.001
25.01.2016;0
26.01.2016;0
27.01.2016;0
28.01.2016;0
29.01.2016;0
30.01.2016;0
31.01.2016;0
1.02.2016;0
2.02.2016;0
3.02.2016;0.001
4.02.2016;0
5.02.2016;0
6.02.2016;0
7.02.2016;0
8.02.2016;0.001
9.02.2016;0.001
10.02.2016;0
11.02.2016;0.092
12.02.2016;0.033
13.02.2016;0.025
14.02.2016;0.043
15.02.2016;0.045
16.02.2016;0.067
17.02.2016;0.067
18.02.2016;0.055
19.02.2016;0.043
20.02.2016;0.048
21.02.2016;0.073
22.02.2016;0.064
23.02.2016;0.052
24.02.2016;0.045
25.02.2016;0.037
26.02.2016;0.025
27.02.2016;0.02
28.02.2016;0.012
29.02.2016;0.007
1.03.2016;0.012
2.03.2016;0.017
3.03.2016;0.025
4.03.2016;0.009
5.03.2016;0.012
6.03.2016;0.022
7.03.2016;0.022
8.03.2016;0.017
9.03.2016;0.025
10.03.2016;0.017
11.03.2016;0.017
12.03.2016;0.022
13.03.2016;0.02
14.03.2016;0.02
15.03.2016;0.017
16.03.2016;0.02
17.03.2016;0.007
18.03.2016;0.014
19.03.2016;0.012
20.03.2016;0.014
21.03.2016;0.025
22.03.2016;0.005
23.03.2016;0.009
24.03.2016;0.009
25.03.2016;0.017
26.03.2016;0.037
27.03.2016;0.002
28.03.2016;0.007
29.03.2016;0.007
30.03.2016;0.002
31.03.2016;0.085
1.04.2016;0.002
2.04.2016;0.002
3.04.2016;0.002
4.04.2016;0.002
5.04.2016;0.005
6.04.2016;0.005
7.04.2016;0.005
8.04.2016;0.005
9.04.2016;0.005
10.04.2016;0.009
11.04.2016;0.005
12.04.2016;0.005
13.04.2016;0.005
14.04.2016;0.005
15.04.2016;0.005
16.04.2016;0.003
17.04.2016;0.007
18.04.2016;0.005
19.04.2016;0.003
20.04.2016;0.003
21.04.2016;0.009
22.04.2016;0.003
23.04.2016;0.003
24.04.2016;0.003
25.04.2016;0.002
26.04.2016;0.002
27.04.2016;0.003
28.04.2016;0.002
29.04.2016;0.002
30.04.2016;0.002
1.05.2016;0.002
2.05.2016;0.005
3.05.2016;0.002
4.05.2016;0.002
5.05.2016;0.002
6.05.2016;0.001
7.05.2016;0.001
8.05.2016;0.002
9.05.2016;0.002
10.05.2016;0.002
11.05.2016;0.002
12.05.2016;0.002
13.05.2016;0.003
14.05.2016;0.003
15.05.2016;0.001
16.05.2016;0.002
17.05.2016;0.002
18.05.2016;0.005
19.05.2016;0.001
20.05.2016;0.002
21.05.2016;0.001
22.05.2016;0.002
23.05.2016;0.001
24.05.2016;0.002
25.05.2016;0.001
26.05.2016;0.002
27.05.2016;0.001
28.05.2016;0.005
29.05.2016;0.003
30.05.2016;0.003
31.05.2016;0.001
1.06.2016;0.001
2.06.2016;0.002
3.06.2016;0.001
4.06.2016;0.003
5.06.2016;0.001
6.06.2016;0.001
7.06.2016;0.001
8.06.2016;0.001
9.06.2016;0.001
10.06.2016;0.004
11.06.2016;0.001
12.06.2016;0.001
13.06.2016;0.001
14.06.2016;0.001
15.06.2016;0.001
16.06.2016;0.007
17.06.2016;0.001
18.06.2016;0.001
19.06.2016;0.001
20.06.2016;0.001
21.06.2016;0.001
22.06.2016;0.001
23.06.2016;0.001
24.06.2016;0.001
25.06.2016;0.001
26.06.2016;0.001
27.06.2016;0.001
28.06.2016;0.001
29.06.2016;0.001
30.06.2016;0.001
1.07.2016;0.001
2.07.2016;0.001
3.07.2016;0.001
4.07.2016;0.001
5.07.2016;0.001
6.07.2016;0.001
7.07.2016;0.001
8.07.2016;0.001
9.07.2016;0.001
10.07.2016;0.001
11.07.2016;0.001
12.07.2016;0.001
13.07.2016;0.001
14.07.2016;0.001
15.07.2016;0.001
16.07.2016;0.001
17.07.2016;0.001
18.07.2016;0.001
19.07.2016;0.001
20.07.2016;0.001
21.07.2016;0.001
22.07.2016;0.001
23.07.2016;0.001
24.07.2016;0.001
25.07.2016;0.001
26.07.2016;0.001
27.07.2016;0.001
28.07.2016;0.001
29.07.2016;0.001
30.07.2016;0.001
31.07.2016;0.001
1.08.2016;0.001
2.08.2016;0.001
3.08.2016;0.001
4.08.2016;0.001
5.08.2016;0.001
6.08.2016;0.001
7.08.2016;0.001
8.08.2016;0.001
9.08.2016;0.001
10.08.2016;0.001
11.08.2016;0.001
12.08.2016;0.001
13.08.2016;0.001
14.08.2016;0.001
15.08.2016;0.001
16.08.2016;0.001
17.08.2016;0.001
18.08.2016;0.001
19.08.2016;0.001
20.08.2016;0.001
21.08.2016;0.001
22.08.2016;0.001
23.08.2016;0.001
24.08.2016;0.001
25.08.2016;0.001
26.08.2016;0.001
27.08.2016;0.001
28.08.2016;0.001
29.08.2016;0.001
30.08.2016;0.001
31.08.2016;0.001
1.09.2016;0.001
2.09.2016;0.001
3.09.2016;0.001
4.09.2016;0.001
5.09.2016;0.001
6.09.2016;0.001
7.09.2016;0.001
8.09.2016;0.001
9.09.2016;0.001
10.09.2016;0.001
11.09.2016;0.001
12.09.2016;0.001
13.09.2016;0.001
14.09.2016;0.001
15.09.2016;0.001
16.09.2016;0.001
17.09.2016;0.001
18.09.2016;0.001
19.09.2016;0.001
20.09.2016;0.001
21.09.2016;0.001
22.09.2016;0.001
23.09.2016;0.001
24.09.2016;0.001
25.09.2016;0.001
26.09.2016;0.001
27.09.2016;0.001
28.09.2016;0.001
29.09.2016;0.001
30.09.2016;0.001
1.10.2016;0.001
2.10.2016;0.001
3.10.2016;0.001
4.10.2016;0.001
5.10.2016;0.001
6.10.2016;0.001
7.10.2016;0.001
8.10.2016;0.001
9.10.2016;0.001
10.10.2016;0.001
11.10.2016;0.001
12.10.2016;0.001
13.10.2016;0.001
14.10.2016;0.001
15.10.2016;0.001
16.10.2016;0.001
17.10.2016;0.001
18.10.2016;0.001
19.10.2016;0.001
20.10.2016;0.001
21.10.2016;0.001
22.10.2016;0.001
23.10.2016;0.001
24.10.2016;0.001
25.10.2016;0.001
26.10.2016;0.001
27.10.2016;0.001
28.10.2016;0.001
29.10.2016;0.001
30.10.2016;0.001
31.10.2016;0.001
1.11.2016;0.001
2.11.2016;0.001
3.11.2016;0.001
4.11.2016;0.001
5.11.2016;0.001
6.11.2016;0.001
7.11.2016;0.001
8.11.2016;0.001
9.11.2016;0.001
10.11.2016;0.001
11.11.2016;0.001
12.11.2016;0.001
13.11.2016;0.001
14.11.2016;0.001
15.11.2016;0.001
16.11.2016;0.001
17.11.2016;0.001
18.11.2016;0.001
19.11.2016;0.001
20.11.2016;0.001
21.11.2016;0.001
22.11.2016;0.001
23.11.2016;0.001
24.11.2016;0.001
25.11.2016;0.001
26.11.2016;0.001
27.11.2016;0.001
28.11.2016;0.001
29.11.2016;0.001
30.11.2016;0.001
1.12.2016;0.001
2.12.2016;0.001
3.12.2016;0.001
4.12.2016;0.001
5.12.2016;0.001
6.12.2016;0.001
7.12.2016;0.001
8.12.2016;0.001
9.12.2016;0.001
10.12.2016;0.001
11.12.2016;0.001
12.12.2016;0.001
13.12.2016;0.001
14.12.2016;0.001
15.12.2016;0.001
16.12.2016;0.001
17.12.2016;0.001
18.12.2016;0.001
19.12.2016;0.001
20.12.2016;0.001
21.12.2016;0.001
22.12.2016;0.001
23.12.2016;0.001
24.12.2016;0.001
25.12.2016;0.001
26.12.2016;0.001
27.12.2016;0.001
28.12.2016;0.001
29.12.2016;0.001
30.12.2016;0.001
31.12.2016;0.001
1.01.2017;0.001
2.01.2017;0.001
3.01.2017;0.001
4.01.2017;0.001
5.01.2017;0.001
6.01.2017;0.001
7.01.2017;0.001
8.01.2017;0.001
9.01.2017;0.001
10.01.2017;0.001
11.01.2017;0.001
12.01.2017;0.001
13.01.2017;0
14.01.2017;0
15.01.2017;0
16.01.2017;0
17.01.2017;0
18.01.2017;0
19.01.2017;0
20.01.2017;0
21.01.2017;0
22.01.2017;0
23.01.2017;0
24.01.2017;0
25.01.2017;0
26.01.2017;0
27.01.2017;0
28.01.2017;0
29.01.2017;0
30.01.2017;0
31.01.2017;0
1.02.2017;0
2.02.2017;0
3.02.2017;0
4.02.2017;0
5.02.2017;0
6.02.2017;0
7.02.2017;0
8.02.2017;0
9.02.2017;0
10.02.2017;0
11.02.2017;0
12.02.2017;0
13.02.2017;0
14.02.2017;0
15.02.2017;0
16.02.2017;0
17.02.2017;0
18.02.2017;0
19.02.2017;0
20.02.2017;0
21.02.2017;0
22.02.2017;0
23.02.2017;0
24.02.2017;0.001
25.02.2017;0.002
26.02.2017;0.002
27.02.2017;0.001
28.02.2017;0.001
1.03.2017;0.001
2.03.2017;0.101
3.03.2017;0.005
4.03.2017;0.07
5.03.2017;0.079
6.03.2017;0.007
7.03.2017;0.061
8.03.2017;0.073
9.03.2017;0.009
10.03.2017;0.012
11.03.2017;0.007
12.03.2017;0.02
13.03.2017;0.028
14.03.2017;0.005
15.03.2017;0.012
16.03.2017;0.025
17.03.2017;0.033
18.03.2017;0.003
19.03.2017;0.061
20.03.2017;0.003
21.03.2017;0.003
22.03.2017;0.012
23.03.2017;0.003
24.03.2017;0.012
25.03.2017;0.025
26.03.2017;0.017
27.03.2017;0.02
28.03.2017;0.003
29.03.2017;0.003
30.03.2017;0.007
31.03.2017;0.003
1.04.2017;0.002
2.04.2017;0.022
3.04.2017;0.002
4.04.2017;0.003
5.04.2017;0.002
6.04.2017;0.007
7.04.2017;0.002
8.04.2017;0.009
9.04.2017;0.02
10.04.2017;0.003
11.04.2017;0.001
12.04.2017;0.001
13.04.2017;0.001
14.04.2017;0.067
15.04.2017;0.001
16.04.2017;0.001
17.04.2017;0.001
18.04.2017;0.001
19.04.2017;0.001
20.04.2017;0.001
21.04.2017;0.002
22.04.2017;0.001
23.04.2017;0.001
24.04.2017;0.001
25.04.2017;0.001
26.04.2017;0.001
27.04.2017;0.001
28.04.2017;0.001
29.04.2017;0.001
30.04.2017;0.001
1.05.2017;0.001
2.05.2017;0.001
3.05.2017;0.001
4.05.2017;0.092
5.05.2017;0.022
6.05.2017;0.025
7.05.2017;0.003
8.05.2017;0.003
9.05.2017;0.061
10.05.2017;0.031
11.05.2017;0.028
12.05.2017;0.025
13.05.2017;0.043
14.05.2017;0.025
15.05.2017;0.012
16.05.2017;0.022
17.05.2017;0.048
18.05.2017;0.022
19.05.2017;0.012
20.05.2017;0.017
21.05.2017;0.014
22.05.2017;0.022
23.05.2017;0.002
24.05.2017;0.009
25.05.2017;0.007
26.05.2017;0.009
27.05.2017;0.009
28.05.2017;0.031
29.05.2017;0.003
30.05.2017;0.005
31.05.2017;0.002
1.06.2017;0.005
2.06.2017;0.001
3.06.2017;0.003
4.06.2017;0.003
5.06.2017;0.001
6.06.2017;0.003
7.06.2017;0.003
8.06.2017;0.001
9.06.2017;0.003
10.06.2017;0.003
11.06.2017;0.002
12.06.2017;0.001
13.06.2017;0.003
14.06.2017;0.002
15.06.2017;0.002
16.06.2017;0.002
17.06.2017;0.002
18.06.2017;0.002
19.06.2017;0.002
20.06.2017;0.002
21.06.2017;0.002
22.06.2017;0.002
23.06.2017;0.002
24.06.2017;0.002
25.06.2017;0.002
26.06.2017;0.003
27.06.2017;0.001
28.06.2017;0.001
29.06.2017;0.003
30.06.2017;0.001
1.07.2017;0.001
2.07.2017;0.002
3.07.2017;0.001
4.07.2017;0.001
5.07.2017;0.001
6.07.2017;0.001
7.07.2017;0.001
8.07.2017;0.001
9.07.2017;0.001
10.07.2017;0.001
11.07.2017;0.001
12.07.2017;0.001
13.07.2017;0.001
14.07.2017;0.001
15.07.2017;0.001
16.07.2017;0.001
17.07.2017;0.001
18.07.2017;0.001
19.07.2017;0.001
20.07.2017;0.001
21.07.2017;0.001
22.07.2017;0.001
23.07.2017;0.001
24.07.2017;0.001
25.07.2017;0.001
26.07.2017;0.001
27.07.2017;0.001
28.07.2017;0.001
29.07.2017;0.001
30.07.2017;0.001
31.07.2017;0.001
1.08.2017;0.001
2.08.2017;0.001
3.08.2017;0.001
4.08.2017;0.001
5.08.2017;0.001
6.08.2017;0.001
7.08.2017;0.001
8.08.2017;0.001
9.08.2017;0.001
10.08.2017;0.001
11.08.2017;0.001
12.08.2017;0.001
13.08.2017;0.001
14.08.2017;0.001
15.08.2017;0.001
16.08.2017;0.001
17.08.2017;0.001
18.08.2017;0.001
19.08.2017;0.001
20.08.2017;0.001
21.08.2017;0.001
22.08.2017;0.001
23.08.2017;0.001
24.08.2017;0.001
25.08.2017;0.001
26.08.2017;0.001
27.08.2017;0.001
28.08.2017;0.001
29.08.2017;0.001
30.08.2017;0.001
31.08.2017;0.001
1.09.2017;0.001
2.09.2017;0.001
3.09.2017;0.001
4.09.2017;0.001
5.09.2017;0.001
6.09.2017;0.001
7.09.2017;0.001
8.09.2017;0.001
9.09.2017;0.001
10.09.2017;0.001
11.09.2017;0.001
12.09.2017;0.001
13.09.2017;0.001
14.09.2017;0.001
15.09.2017;0.001
16.09.2017;0.001
17.09.2017;0.001
18.09.2017;0.001
19.09.2017;0.001
20.09.2017;0.001
21.09.2017;0.001
22.09.2017;0.001
23.09.2017;0.001
24.09.2017;0.001
25.09.2017;0.001
26.09.2017;0.001
27.09.2017;0.001
28.09.2017;0.001
29.09.2017;0.001
30.09.2017;0.001
1.10.2017;0.001
2.10.2017;0.001
3.10.2017;0.001
4.10.2017;0.001
5.10.2017;0.001
6.10.2017;0.001
7.10.2017;0.001
8.10.2017;0.001
9.10.2017;0.001
10.10.2017;0.001
11.10.2017;0.001
12.10.2017;0.001
13.10.2017;0.001
14.10.2017;0.001
15.10.2017;0.001
16.10.2017;0.001
17.10.2017;0.001
18.10.2017;0.001
19.10.2017;0.001
20.10.2017;0.001
21.10.2017;0.001
22.10.2017;0.001
23.10.2017;0.001
24.10.2017;0.001
25.10.2017;0.001
26.10.2017;0.001
27.10.2017;0.001
28.10.2017;0.001
29.10.2017;0.001
30.10.2017;0.001
31.10.2017;0.001
1.11.2017;0.001
2.11.2017;0.001
3.11.2017;0.001
4.11.2017;0.001
5.11.2017;0.001
6.11.2017;0.001
7.11.2017;0.001
8.11.2017;0.001
9.11.2017;0.001
10.11.2017;0.001
11.11.2017;0.001
12.11.2017;0.001
13.11.2017;0.001
14.11.2017;0.001
15.11.2017;0.001
16.11.2017;0.001
17.11.2017;0.001
18.11.2017;0.001
19.11.2017;0.001
20.11.2017;0.001
21.11.2017;0.001
22.11.2017;0.001
23.11.2017;0.001
24.11.2017;0.001
25.11.2017;0.001
26.11.2017;0.001
27.11.2017;0.001
28.11.2017;0.001
29.11.2017;0.001
30.11.2017;0.001
1.12.2017;0.001
2.12.2017;0.001
3.12.2017;0.001
4.12.2017;0.001
5.12.2017;0.001
6.12.2017;0.001
7.12.2017;0.001
8.12.2017;0.001
9.12.2017;0.001
10.12.2017;0.001
11.12.2017;0.001
12.12.2017;0.001
13.12.2017;0.001
14.12.2017;0.001
15.12.2017;0.001
16.12.2017;0.001
17.12.2017;0.001
18.12.2017;0.001
19.12.2017;0.001
20.12.2017;0.001
21.12.2017;0.001
22.12.2017;0.001
23.12.2017;0.001
24.12.2017;0.001
25.12.2017;0.001
26.12.2017;0.001
27.12.2017;0.001
28.12.2017;0.001
29.12.2017;0.001
30.12.2017;0.001
31.12.2017;0.001
1.01.2018;0.007
2.01.2018;0.001
3.01.2018;0.001
4.01.2018;0.001
5.01.2018;0.001
6.01.2018;0.001
7.01.2018;0.001
8.01.2018;0.082
9.01.2018;0.001
10.01.2018;0.001
11.01.2018;0.001
12.01.2018;0.001
13.01.2018;0.001
14.01.2018;0.001
15.01.2018;0.001
16.01.2018;0.001
17.01.2018;0
18.01.2018;0
19.01.2018;0
20.01.2018;0
21.01.2018;0
22.01.2018;0
23.01.2018;0
24.01.2018;0
25.01.2018;0
26.01.2018;0
27.01.2018;0
28.01.2018;0
29.01.2018;0
30.01.2018;0
31.01.2018;0
1.02.2018;0
2.02.2018;0
3.02.2018;0
4.02.2018;0
5.02.2018;0
6.02.2018;0
7.02.2018;0
8.02.2018;0
9.02.2018;0
10.02.2018;0
11.02.2018;0
12.02.2018;0
13.02.2018;0
14.02.2018;0
15.02.2018;0
16.02.2018;0
17.02.2018;0
18.02.2018;0
19.02.2018;0
20.02.2018;0
21.02.2018;0
22.02.2018;0
23.02.2018;0
24.02.2018;0
25.02.2018;0
26.02.2018;0
27.02.2018;0
28.02.2018;0
1.03.2018;0
2.03.2018;0
3.03.2018;0
4.03.2018;0
5.03.2018;0
6.03.2018;0
7.03.2018;0
8.03.2018;0
9.03.2018;0
10.03.2018;0
11.03.2018;0
12.03.2018;0
13.03.2018;0
14.03.2018;0
15.03.2018;0
16.03.2018;0
17.03.2018;0
18.03.2018;0
19.03.2018;0
20.03.2018;0
21.03.2018;0
22.03.2018;0
23.03.2018;0
24.03.2018;0
25.03.2018;0
26.03.2018;0
27.03.2018;0
28.03.2018;0
29.03.2018;0
30.03.2018;0
31.03.2018;0
1.04.2018;0
2.04.2018;0
3.04.2018;0
4.04.2018;0
5.04.2018;0
6.04.2018;0
7.04.2018;0
8.04.2018;0
9.04.2018;0
10.04.2018;0
11.04.2018;0
12.04.2018;0
13.04.2018;0
14.04.2018;0
15.04.2018;0
16.04.2018;0
17.04.2018;0
18.04.2018;0
19.04.2018;0
20.04.2018;0
21.04.2018;0
22.04.2018;0
23.04.2018;0
24.04.2018;0
25.04.2018;0
26.04.2018;0
27.04.2018;0
28.04.2018;0
29.04.2018;0
30.04.2018;0
1.05.2018;0
2.05.2018;0
3.05.2018;0
4.05.2018;0
5.05.2018;0
6.05.2018;0
7.05.2018;0
8.05.2018;0
9.05.2018;0
10.05.2018;0
11.05.2018;0
12.05.2018;0
13.05.2018;0
14.05.2018;0
15.05.2018;0
16.05.2018;0
17.05.2018;0
18.05.2018;0
19.05.2018;0
20.05.2018;0
21.05.2018;0
22.05.2018;0
23.05.2018;0
24.05.2018;0
25.05.2018;0
26.05.2018;0
27.05.2018;0
28.05.2018;0
29.05.2018;0
30.05.2018;0
31.05.2018;0
1.06.2018;0
2.06.2018;0
3.06.2018;0
4.06.2018;0
5.06.2018;0
6.06.2018;0
7.06.2018;0
8.06.2018;0
9.06.2018;0
10.06.2018;0
11.06.2018;0
12.06.2018;0
13.06.2018;0
14.06.2018;0
15.06.2018;0
16.06.2018;0
17.06.2018;0
18.06.2018;0
19.06.2018;0
20.06.2018;0
21.06.2018;0
22.06.2018;0
23.06.2018;0
24.06.2018;0
25.06.2018;0
26.06.2018;0
27.06.2018;0
28.06.2018;0
29.06.2018;0
30.06.2018;0
1.07.2018;0
2.07.2018;0
3.07.2018;0
4.07.2018;0
5.07.2018;0
6.07.2018;0
7.07.2018;0
8.07.2018;0
9.07.2018;0
10.07.2018;0
11.07.2018;0
12.07.2018;0
13.07.2018;0
14.07.2018;0
15.07.2018;0
16.07.2018;0
17.07.2018;0
18.07.2018;0
19.07.2018;0
20.07.2018;0.001
21.07.2018;0.001
22.07.2018;0.001
23.07.2018;0.001
24.07.2018;0.001
25.07.2018;0.001
26.07.2018;0.001
27.07.2018;0.001
28.07.2018;0.001
29.07.2018;0.001
30.07.2018;0.001
31.07.2018;0.001
1.08.2018;0.001
2.08.2018;0.001
3.08.2018;0.001
4.08.2018;0.001
5.08.2018;0.001
6.08.2018;0.001
7.08.2018;0.001
8.08.2018;0.001
9.08.2018;0.001
10.08.2018;0.001
11.08.2018;0.001
12.08.2018;0.001
13.08.2018;0.001
14.08.2018;0.001
15.08.2018;0.001
16.08.2018;0.001
17.08.2018;0.001
18.08.2018;0.001
19.08.2018;0.001
20.08.2018;0.001
21.08.2018;0.001
22.08.2018;0.001
23.08.2018;0.001
24.08.2018;0.001
25.08.2018;0.001
26.08.2018;0.001
27.08.2018;0.001
28.08.2018;0.001
29.08.2018;0.001
30.08.2018;0.001
31.08.2018;0.001
1.09.2018;0.001
2.09.2018;0.001
3.09.2018;0.001
4.09.2018;0.001
5.09.2018;0.001
6.09.2018;0.001
7.09.2018;0.001
8.09.2018;0.001
9.09.2018;0.001
10.09.2018;0.001
11.09.2018;0.001
12.09.2018;0.001
13.09.2018;0.001
14.09.2018;0.001
15.09.2018;0.001
16.09.2018;0.001
17.09.2018;0.001
18.09.2018;0.001
19.09.2018;0.001
20.09.2018;0.001
21.09.2018;0.001
22.09.2018;0.001
23.09.2018;0.001
24.09.2018;0.001
25.09.2018;0.001
26.09.2018;0.001
27.09.2018;0.001
28.09.2018;0
29.09.2018;0
30.09.2018;0
1.10.2018;0
2.10.2018;0
3.10.2018;0
4.10.2018;0.001
5.10.2018;0.001
6.10.2018;0.001
7.10.2018;0.001
8.10.2018;0.001
9.10.2018;0.001
10.10.2018;0.001
11.10.2018;0.001
12.10.2018;0.001
13.10.2018;0.001
14.10.2018;0.001
15.10.2018;0.001
16.10.2018;0.001
17.10.2018;0.001
18.10.2018;0.001
19.10.2018;0
20.10.2018;0
21.10.2018;0
22.10.2018;0
23.10.2018;0
24.10.2018;0
25.10.2018;0
26.10.2018;0
27.10.2018;0
28.10.2018;0
29.10.2018;0
30.10.2018;0
31.10.2018;0
1.11.2018;0
2.11.2018;0
3.11.2018;0
4.11.2018;0
5.11.2018;0
6.11.2018;0
7.11.2018;0
8.11.2018;0
9.11.2018;0
10.11.2018;0
11.11.2018;0
12.11.2018;0
13.11.2018;0
14.11.2018;0
15.11.2018;0
16.11.2018;0
17.11.2018;0
18.11.2018;0
19.11.2018;0
20.11.2018;0
21.11.2018;0
22.11.2018;0
23.11.2018;0
24.11.2018;0
25.11.2018;0
26.11.2018;0
27.11.2018;0
28.11.2018;0
29.11.2018;0
30.11.2018;0
1.12.2018;0
2.12.2018;0
3.12.2018;0
4.12.2018;0
5.12.2018;0
6.12.2018;0
7.12.2018;0
8.12.2018;0
9.12.2018;0
10.12.2018;0
11.12.2018;0
12.12.2018;0
13.12.2018;0
14.12.2018;0
15.12.2018;0
16.12.2018;0
17.12.2018;0
18.12.2018;0
19.12.2018;0
20.12.2018;0
21.12.2018;0
22.12.2018;0
23.12.2018;0
24.12.2018;0
25.12.2018;0
26.12.2018;0
27.12.2018;0
28.12.2018;0
29.12.2018;0
30.12.2018;0
31.12.2018;0
1.01.2019;0
2.01.2019;0
3.01.2019;0
4.01.2019;0
5.01.2019;0
6.01.2019;0
7.01.2019;0
8.01.2019;0
9.01.2019;0
10.01.2019;0
11.01.2019;0
12.01.2019;0
13.01.2019;0
14.01.2019;0.001
15.01.2019;0.001
16.01.2019;0.001
17.01.2019;0.001
18.01.2019;0.001
19.01.2019;0.001
20.01.2019;0.001
21.01.2019;0.001
22.01.2019;0.001
23.01.2019;0.001
24.01.2019;0.001
25.01.2019;0.001
26.01.2019;0
27.01.2019;0
28.01.2019;0.001
29.01.2019;0.002
30.01.2019;0.002
31.01.2019;0.001
1.02.2019;0.001
2.02.2019;0.002
3.02.2019;0.003
4.02.2019;0.005
5.02.2019;0.003
6.02.2019;0.001
7.02.2019;0
8.02.2019;0
9.02.2019;0.001
10.02.2019;0.002
11.02.2019;0.003
12.02.2019;0.002
13.02.2019;0.001
14.02.2019;0.001
15.02.2019;0.002
16.02.2019;0.002
17.02.2019;0.003
18.02.2019;0.002
19.02.2019;0.002
20.02.2019;0.002
21.02.2019;0.002
22.02.2019;0.005
23.02.2019;0
24.02.2019;0.001
25.02.2019;0.002
26.02.2019;0.002
27.02.2019;0.002
28.02.2019;0.002
1.03.2019;0.003
2.03.2019;0.002
3.03.2019;0.002
4.03.2019;0.003
5.03.2019;0.005
6.03.2019;0.002
7.03.2019;0.003
8.03.2019;0.003
9.03.2019;0.003
10.03.2019;0.003
11.03.2019;0.003
12.03.2019;0.002
13.03.2019;0.002
14.03.2019;0.002
15.03.2019;0.002
16.03.2019;0.003
17.03.2019;0.003
18.03.2019;0.005
19.03.2019;0.002
20.03.2019;0.002
21.03.2019;0.001
22.03.2019;0.002
23.03.2019;0.003
24.03.2019;0.005
25.03.2019;0.003
26.03.2019;0.002
27.03.2019;0.002
28.03.2019;0
29.03.2019;0
30.03.2019;0.001
31.03.2019;0.001
1.04.2019;0.003
2.04.2019;0.001
3.04.2019;0.002
4.04.2019;0.002
5.04.2019;0.002
6.04.2019;0.003
7.04.2019;0.003
8.04.2019;0.003
9.04.2019;0.003
10.04.2019;0.002
11.04.2019;0.002
12.04.2019;0.001
13.04.2019;0.001
14.04.2019;0.001
15.04.2019;0.001
16.04.2019;0
17.04.2019;0.001
18.04.2019;0.002
19.04.2019;0.001
20.04.2019;0.002
21.04.2019;0.003
22.04.2019;0.003
23.04.2019;0.003
24.04.2019;0.003
25.04.2019;0.003
26.04.2019;0.003
27.04.2019;0.003
28.04.2019;0.002
29.04.2019;0.002
30.04.2019;0.002
1.05.2019;0.002
2.05.2019;0.002
3.05.2019;0.002
4.05.2019;0.002
5.05.2019;0.002
6.05.2019;0.002
7.05.2019;0.002
8.05.2019;0.002
9.05.2019;0.002
10.05.2019;0.002
11.05.2019;0.002
12.05.2019;0.002
13.05.2019;0.002
14.05.2019;0.002
15.05.2019;0.002
16.05.2019;0.002
17.05.2019;0.002
18.05.2019;0.002
19.05.2019;0.003
20.05.2019;0.003
21.05.2019;0.003
22.05.2019;0.003
23.05.2019;0.003
24.05.2019;0.003
25.05.2019;0.003
26.05.2019;0.005
27.05.2019;0.007
28.05.2019;0.007
29.05.2019;0.009
30.05.2019;0.014
31.05.2019;0.033
1.06.2019;0.025
2.06.2019;0.012
3.06.2019;0.02
4.06.2019;0.009
5.06.2019;0.017
6.06.2019;0.014
7.06.2019;0.014
8.06.2019;0.012
9.06.2019;0.007
10.06.2019;0.007
11.06.2019;0.007
12.06.2019;0.007
13.06.2019;0.007
14.06.2019;0.055
15.06.2019;0.007
16.06.2019;0.007
17.06.2019;0.009
18.06.2019;0.009
19.06.2019;0.005
20.06.2019;0.005
21.06.2019;0.005
22.06.2019;0.005
23.06.2019;0.005
24.06.2019;0.005
25.06.2019;0.005
26.06.2019;0.017
27.06.2019;0.005
28.06.2019;0.005
29.06.2019;0.005
30.06.2019;0.005
1.07.2019;0.007
2.07.2019;0.007
3.07.2019;0.003
4.07.2019;0.003
5.07.2019;0.003
6.07.2019;0.002
7.07.2019;0.003
8.07.2019;0.002
9.07.2019;0.002
10.07.2019;0.002
11.07.2019;0.002
12.07.2019;0.002
13.07.2019;0.002
14.07.2019;0.002
15.07.2019;0.002
16.07.2019;0.002
17.07.2019;0.002
18.07.2019;0.002
19.07.2019;0.002
20.07.2019;0.002
21.07.2019;0.002
22.07.2019;0.002
23.07.2019;0.002
24.07.2019;0.002
25.07.2019;0.002
26.07.2019;0.002
27.07.2019;0.002
28.07.2019;0.002
29.07.2019;0.002
30.07.2019;0.002
31.07.2019;0.002
1.08.2019;0.002
2.08.2019;0.002
3.08.2019;0.002
4.08.2019;0.002
5.08.2019;0.002
6.08.2019;0.002
7.08.2019;0.002
8.08.2019;0.003
9.08.2019;0.003
10.08.2019;0.003
11.08.2019;0.003
12.08.2019;0.003
13.08.2019;0.003
14.08.2019;0.003
15.08.2019;0.002
16.08.2019;0.002
17.08.2019;0.002
18.08.2019;0.002
19.08.2019;0.002
20.08.2019;0.002
21.08.2019;0.003
22.08.2019;0.003
23.08.2019;0.003
24.08.2019;0.003
25.08.2019;0.003
26.08.2019;0.003
27.08.2019;0.003
28.08.2019;0.003
29.08.2019;0.003
30.08.2019;0.003
31.08.2019;0.003
1.09.2019;0.003
2.09.2019;0.003
3.09.2019;0.003
4.09.2019;0.003
5.09.2019;0.003
6.09.2019;0.003
7.09.2019;0.003
8.09.2019;0.003
9.09.2019;0.003
10.09.2019;0.002
11.09.2019;0.002
12.09.2019;0.002
13.09.2019;0.002
14.09.2019;0.003
15.09.2019;0.002
16.09.2019;0.002
17.09.2019;0.002
18.09.2019;0.002
19.09.2019;0.001
20.09.2019;0.001
21.09.2019;0.001
22.09.2019;0.001
23.09.2019;0.001
24.09.2019;0.002
25.09.2019;0.002
26.09.2019;0.002
27.09.2019;0.002
28.09.2019;0.002
29.09.2019;0.002
30.09.2019;0.002
1.10.2019;0.002
2.10.2019;0.001
3.10.2019;0.001
4.10.2019;0
5.10.2019;0
6.10.2019;0
7.10.2019;0
8.10.2019;0
9.10.2019;0
10.10.2019;0
11.10.2019;0
12.10.2019;0
13.10.2019;0
14.10.2019;0.001
15.10.2019;0.001
16.10.2019;0.001
17.10.2019;0.001
18.10.2019;0.001
19.10.2019;0.001
20.10.2019;0.001
21.10.2019;0.002
22.10.2019;0.002
23.10.2019;0.002
24.10.2019;0.002
25.10.2019;0.002
26.10.2019;0.001
27.10.2019;0.001
28.10.2019;0.001
29.10.2019;0
30.10.2019;0
31.10.2019;0
1.11.2019;0
2.11.2019;0
3.11.2019;0
4.11.2019;0
5.11.2019;0
6.11.2019;0
7.11.2019;0
8.11.2019;0
9.11.2019;0.001
10.11.2019;0.001
11.11.2019;0.001
12.11.2019;0.001
13.11.2019;0.001
14.11.2019;0.001
15.11.2019;0.001
16.11.2019;0.003
17.11.2019;0.012
18.11.2019;0.012
19.11.2019;0.014
20.11.2019;0.014
21.11.2019;0.014
22.11.2019;0.017
23.11.2019;0.02
24.11.2019;0.017
25.11.2019;0.132
26.11.2019;0.012
27.11.2019;0.017
28.11.2019;0.022
29.11.2019;0.037
30.11.2019;0.025
1.12.2019;0.022
2.12.2019;0.031
3.12.2019;0.025
4.12.2019;0.14
5.12.2019;0.001
6.12.2019;0.009
7.12.2019;0.005
8.12.2019;0
9.12.2019;0
10.12.2019;0.014
11.12.2019;0.045
12.12.2019;0.014
13.12.2019;0.028
14.12.2019;0.028
15.12.2019;0.04
16.12.2019;0.04
17.12.2019;0.028
18.12.2019;0.043
19.12.2019;0.037
20.12.2019;0.037
21.12.2019;0.037
22.12.2019;0.031
23.12.2019;0.02
24.12.2019;0.045
25.12.2019;0.033
26.12.2019;0.031
27.12.2019;0.045
28.12.2019;0.028
29.12.2019;0.031
30.12.2019;0.033
31.12.2019;0.028
1.01.2020;0.017
2.01.2020;0.004
3.01.2020;0.003
4.01.2020;0.002
5.01.2020;0.003
6.01.2020;0.001
7.01.2020;0
8.01.2020;0
9.01.2020;0.001
10.01.2020;0.001
11.01.2020;0
12.01.2020;0
13.01.2020;0.004
14.01.2020;0.001
15.01.2020;0.007
16.01.2020;0.002
17.01.2020;0.002
18.01.2020;0.002
19.01.2020;0.002
20.01.2020;0.002
21.01.2020;0.002
22.01.2020;0.001
23.01.2020;0.002
24.01.2020;0.001
25.01.2020;0.001
26.01.2020;0.001
27.01.2020;0.001
28.01.2020;0.001
29.01.2020;0.001
30.01.2020;0
31.01.2020;0
1.02.2020;0
2.02.2020;0
3.02.2020;0
4.02.2020;0
5.02.2020;0.014
6.02.2020;0.003
7.02.2020;0.003
8.02.2020;0.003
9.02.2020;0.004
10.02.2020;0.005
11.02.2020;0.005
12.02.2020;0.005
13.02.2020;0.004
14.02.2020;0.005
15.02.2020;0.005
16.02.2020;0.005
17.02.2020;0.006
18.02.2020;0.005
19.02.2020;0.002
20.02.2020;0.01
21.02.2020;0.001
22.02.2020;0.008
23.02.2020;0.004
24.02.2020;0.004
25.02.2020;0.005
26.02.2020;0.005
27.02.2020;0.003
28.02.2020;0.002
29.02.2020;0.006
1.03.2020;0.003
2.03.2020;0.005
3.03.2020;0.01
4.03.2020;0.011
5.03.2020;0.012
6.03.2020;0.013
7.03.2020;0.014
8.03.2020;0.013
9.03.2020;0.012
10.03.2020;0.013
11.03.2020;0.014
12.03.2020;0.011
13.03.2020;0.012
14.03.2020;0.01
15.03.2020;0.008
16.03.2020;0.008
17.03.2020;0.009
18.03.2020;0.008
19.03.2020;0.009
20.03.2020;0.01
21.03.2020;0.009
22.03.2020;0.006
23.03.2020;0.006
24.03.2020;0.005
25.03.2020;0.005
26.03.2020;0.006
27.03.2020;0.003
28.03.2020;0.01
29.03.2020;0.007
30.03.2020;0.004
31.03.2020;0.006
1.04.2020;0.004
2.04.2020;0.004
3.04.2020;0.004
4.04.2020;0.005
5.04.2020;0.005
6.04.2020;0.005
7.04.2020;0.006
8.04.2020;0.003
9.04.2020;0.007
10.04.2020;0.006
11.04.2020;0.006
12.04.2020;0.005
13.04.2020;0.006
14.04.2020;0.004
15.04.2020;0.004
16.04.2020;0.003
17.04.2020;0.005
18.04.2020;0.004
19.04.2020;0.003
20.04.2020;0.003
21.04.2020;0.004
22.04.2020;0.004
23.04.2020;0.004
24.04.2020;0.004
25.04.2020;0.004
26.04.2020;0.003
27.04.2020;0.003
28.04.2020;0.005
29.04.2020;0.005
30.04.2020;0.003
1.05.2020;0.004
2.05.2020;0.004
3.05.2020;0.004
4.05.2020;0.003
5.05.2020;0.004
6.05.2020;0.002
7.05.2020;0.003
8.05.2020;0.003
9.05.2020;0.003
10.05.2020;0.004
11.05.2020;0.003
12.05.2020;0.004
13.05.2020;0.002
14.05.2020;0.003
15.05.2020;0.002
16.05.2020;0.003
17.05.2020;0.002
18.05.2020;0.003
19.05.2020;0.003
20.05.2020;0.003
21.05.2020;0.004
22.05.2020;0.002
23.05.2020;0.004
24.05.2020;0.003
25.05.2020;0.002
26.05.2020;0.002
27.05.2020;0.004
28.05.2020;0.003
29.05.2020;0.003
30.05.2020;0.003
31.05.2020;0.002
1.06.2020;0.003
2.06.2020;0.003
3.06.2020;0.002
4.06.2020;0.003
5.06.2020;0.003
6.06.2020;0.003
7.06.2020;0.003
8.06.2020;0.003
9.06.2020;0.004
10.06.2020;0.005
11.06.2020;0.005
12.06.2020;0.005
13.06.2020;0.005
14.06.2020;0.005
15.06.2020;0.005
16.06.2020;0.005
17.06.2020;0.005
18.06.2020;0.006
19.06.2020;0.005
20.06.2020;0.005
21.06.2020;0.005
22.06.2020;0.005
23.06.2020;0.005
24.06.2020;0.005
25.06.2020;0.005
26.06.2020;0.005
27.06.2020;0.005
28.06.2020;0.005
29.06.2020;0.006
30.06.2020;0.005
1.07.2020;0.006
2.07.2020;0.006
3.07.2020;0.005
4.07.2020;0.006
5.07.2020;0.005
6.07.2020;0.006
7.07.2020;0.005
8.07.2020;0.003
9.07.2020;0.005
10.07.2020;0.005
11.07.2020;0.005
12.07.2020;0.004
13.07.2020;0.003
14.07.2020;0.002
15.07.2020;0.002
16.07.2020;0.002
17.07.2020;0.003
18.07.2020;0.003
19.07.2020;0.004
20.07.2020;0.005
21.07.2020;0.005
22.07.2020;0.005
23.07.2020;0.005
24.07.2020;0.003
25.07.2020;0.003
26.07.2020;0.004
27.07.2020;0.005
28.07.2020;0.005
29.07.2020;0.005
30.07.2020;0.005
31.07.2020;0.005
1.08.2020;0.005
2.08.2020;0.003
3.08.2020;0.004
4.08.2020;0.005
5.08.2020;0.005
6.08.2020;0.005
7.08.2020;0.005
8.08.2020;0.005
9.08.2020;0.005
10.08.2020;0.005
11.08.2020;0.005
12.08.2020;0.005
13.08.2020;0.005
14.08.2020;0.005
15.08.2020;0.005
16.08.2020;0.005
17.08.2020;0.005
18.08.2020;0.005
19.08.2020;0.005
20.08.2020;0.005
21.08.2020;0.005
22.08.2020;0.005
23.08.2020;0.005
24.08.2020;0.005
25.08.2020;0.005
26.08.2020;0.005
27.08.2020;0.005
28.08.2020;0.005
29.08.2020;0.005
30.08.2020;0.005
31.08.2020;0.005
1.09.2020;0.005
2.09.2020;0.005
3.09.2020;0.003
4.09.2020;0.003
5.09.2020;0.004
6.09.2020;0.005
7.09.2020;0.005
8.09.2020;0.005
9.09.2020;0.003
10.09.2020;0.004
11.09.2020;0.005
12.09.2020;0.005
13.09.2020;0.005
14.09.2020;0.005
15.09.2020;0.005
16.09.2020;0.005
17.09.2020;0.005
18.09.2020;0.005
19.09.2020;0.003
20.09.2020;0.003
21.09.2020;0.004
22.09.2020;0.005
23.09.2020;0.005
24.09.2020;0.005
25.09.2020;0.006
26.09.2020;0.006
27.09.2020;0.003
28.09.2020;0.003
29.09.2020;0.003
30.09.2020;0.003
1.10.2020;0.003
2.10.2020;0.003
3.10.2020;0.004
4.10.2020;0.005
5.10.2020;0.005
6.10.2020;0.003
7.10.2020;0.001
8.10.2020;0.001
9.10.2020;0
10.10.2020;0
11.10.2020;0
12.10.2020;0.001
13.10.2020;0.001
14.10.2020;0.002
15.10.2020;0.031
16.10.2020;0.009
17.10.2020;0.01
18.10.2020;0.007
19.10.2020;0.003
20.10.2020;0.012
21.10.2020;0.005
22.10.2020;0.003
23.10.2020;0.005
24.10.2020;0.006
25.10.2020;0.002
26.10.2020;0.007
27.10.2020;0.008
28.10.2020;0.004
29.10.2020;0.008
30.10.2020;0.006
31.10.2020;0.004
1.11.2020;0.006
2.11.2020;0.005
3.11.2020;0.004
4.11.2020;0.005
5.11.2020;0.001
6.11.2020;0.007
7.11.2020;0.005
8.11.2020;0.002
9.11.2020;0.006
10.11.2020;0.005
11.11.2020;0.001
12.11.2020;0.005
13.11.2020;0.003
14.11.2020;0.002
15.11.2020;0.002
16.11.2020;0.003
17.11.2020;0.002
18.11.2020;0.002
19.11.2020;0.001
20.11.2020;0.001
21.11.2020;0.004
22.11.2020;0
23.11.2020;0
24.11.2020;0
25.11.2020;0
26.11.2020;0
27.11.2020;0
28.11.2020;0
29.11.2020;0
30.11.2020;0
1.12.2020;0
2.12.2020;0
3.12.2020;0
4.12.2020;0
5.12.2020;0
6.12.2020;0
7.12.2020;0
8.12.2020;0
9.12.2020;0
10.12.2020;0
11.12.2020;0
12.12.2020;0
13.12.2020;0
14.12.2020;0.001
15.12.2020;0
16.12.2020;0.001
17.12.2020;0.001
18.12.2020;0
19.12.2020;0.001
20.12.2020;0
21.12.2020;0.001
22.12.2020;0.001
23.12.2020;0
24.12.2020;0.001
25.12.2020;0.001
26.12.2020;0
27.12.2020;0
28.12.2020;0
29.12.2020;0.004
30.12.2020;0.002
31.12.2020;0.008
1.01.2021;0.0101
2.01.2021;0.008
3.01.2021;0.0115
4.01.2021;0.0078
5.01.2021;0.0082
6.01.2021;0.0062
7.01.2021;0.0073
8.01.2021;0.0091
9.01.2021;0.0084
10.01.2021;0.0121
11.01.2021;0.0091
12.01.2021;0.0075
13.01.2021;0.0085
14.01.2021;0.0062
15.01.2021;0.0057
16.01.2021;0.0051
17.01.2021;0.0093
18.01.2021;0.0042
19.01.2021;0.0015
20.01.2021;0.0026
21.01.2021;0.0012
22.01.2021;0.0063
23.01.2021;0.0018
24.01.2021;0.0043
25.01.2021;0.0021
26.01.2021;0.0053
27.01.2021;0.0028
28.01.2021;0.0015
29.01.2021;0.0026
30.01.2021;0.003
31.01.2021;0.0028
1.02.2021;0.0037
2.02.2021;0.0028
3.02.2021;0.0032
4.02.2021;0.003
5.02.2021;0.0045
6.02.2021;0.0057
7.02.2021;0.0074
8.02.2021;0.0156
9.02.2021;0.0412
10.02.2021;0.0397
11.02.2021;0.0308
12.02.2021;0.0239
13.02.2021;0.02
14.02.2021;0.0193
15.02.2021;0.0162
16.02.2021;0.0164
17.02.2021;0.0164
18.02.2021;0.0144
19.02.2021;0.0136
20.02.2021;0.0128
21.02.2021;0.0084
22.02.2021;0.0081
23.02.2021;0.0083
24.02.2021;0.0094
25.02.2021;0.0163
26.02.2021;0.0138
27.02.2021;0.0148
28.02.2021;0.0185
1.03.2021;0.0171
2.03.2021;0.0125
3.03.2021;0.0085
4.03.2021;0.0106
5.03.2021;0.0089
6.03.2021;0.0073
7.03.2021;0.0058
8.03.2021;0.0053
9.03.2021;0.0057
10.03.2021;0.0036
11.03.2021;0.005
12.03.2021;0.007
13.03.2021;0.003
14.03.2021;0.0054
15.03.2021;0.0021
16.03.2021;0.0053
17.03.2021;0.0055
18.03.2021;0.0014
19.03.2021;0.0028
20.03.2021;0.0005
21.03.2021;0.0013
22.03.2021;0.0025
23.03.2021;0.0013
24.03.2021;0.0043
25.03.2021;0.0009
26.03.2021;0
27.03.2021;0.0056
28.03.2021;0.0015
29.03.2021;0.0015
30.03.2021;0.0013
31.03.2021;0.0055
1.04.2021;0.0023
2.04.2021;0.0018
3.04.2021;0.0016
4.04.2021;0.0008
5.04.2021;0.001
6.04.2021;0.0009
7.04.2021;0.0002
8.04.2021;0.0002
9.04.2021;0.0002
10.04.2021;0.001
11.04.2021;0.0009
12.04.2021;0.0014
13.04.2021;0.0012
14.04.2021;0.0007
15.04.2021;0
16.04.2021;0.0022
17.04.2021;0.0009
18.04.2021;0.0009
19.04.2021;0.0015
20.04.2021;0.0009
21.04.2021;0.0054
22.04.2021;0.0013
23.04.2021;0.0038
24.04.2021;0.002
25.04.2021;0.0025
26.04.2021;0.0043
27.04.2021;0.0019
28.04.2021;0.0039
29.04.2021;0.0032
30.04.2021;0.0041
1.05.2021;0.0016
2.05.2021;0.0074
3.05.2021;0.0038
4.05.2021;0.0021
5.05.2021;0.0019
6.05.2021;0.0062
7.05.2021;0.0045
8.05.2021;0.0006
9.05.2021;0.0061
10.05.2021;0.0027
11.05.2021;0.0018
12.05.2021;0.0071
13.05.2021;0.0035
14.05.2021;0.004
15.05.2021;0.0015
16.05.2021;0.0058
17.05.2021;0.0049
18.05.2021;0.0366
19.05.2021;0.0432
20.05.2021;0.0381
21.05.2021;0.0325
22.05.2021;0.0266
23.05.2021;0.0218
24.05.2021;0.0189
25.05.2021;0.0186
26.05.2021;0.0143
27.05.2021;0.0153
28.05.2021;0.0117
29.05.2021;0.012
30.05.2021;0.0095
31.05.2021;0.009
1.06.2021;0.0082
2.06.2021;0.0069
3.06.2021;0.0078
4.06.2021;0.0054
5.06.2021;0.0061
6.06.2021;0.0052
7.06.2021;0.0056
8.06.2021;0.0068
9.06.2021;0.0042
10.06.2021;0.0039
11.06.2021;0.0056
12.06.2021;0.0031
13.06.2021;0.003
14.06.2021;0.0036
15.06.2021;0.0023
16.06.2021;0.0054
17.06.2021;0.0021
18.06.2021;0.0062
19.06.2021;0.0031
20.06.2021;0.0034
21.06.2021;0.0032
22.06.2021;0.0032
23.06.2021;0.0034
24.06.2021;0.0036
25.06.2021;0.003
26.06.2021;0.0041
27.06.2021;0.0024
28.06.2021;0.0028
29.06.2021;0.0029
30.06.2021;0.0029
1.07.2021;0.003
2.07.2021;0.0017
3.07.2021;0.0019
4.07.2021;0.0022
5.07.2021;0.0017
6.07.2021;0.0024
7.07.2021;0.0024
8.07.2021;0.0025
9.07.2021;0.0026
10.07.2021;0.0023
11.07.2021;0.0024
12.07.2021;0.002
13.07.2021;0.0028
14.07.2021;0.002
15.07.2021;0.0021
16.07.2021;0.0031
17.07.2021;0.0023
18.07.2021;0.0021
19.07.2021;0.0028
20.07.2021;0.002
21.07.2021;0.001
22.07.2021;0.0015
23.07.2021;0.001
24.07.2021;0.001
25.07.2021;0.001
26.07.2021;0.0022
27.07.2021;0.002
28.07.2021;0.002
29.07.2021;0.002
30.07.2021;0.002
31.07.2021;0.002
1.08.2021;0.002
2.08.2021;0.0019
3.08.2021;0.001
4.08.2021;0.0015
5.08.2021;0.0014
6.08.2021;0.0015
7.08.2021;0.001
8.08.2021;0.0014
9.08.2021;0.002
10.08.2021;0.002
11.08.2021;0.0017
12.08.2021;0.0015
13.08.2021;0.001
14.08.2021;0.0014
15.08.2021;0.0015
16.08.2021;0.002
17.08.2021;0.002
18.08.2021;0.001
19.08.2021;0.001
20.08.2021;0.001
21.08.2021;0.001
22.08.2021;0.001
23.08.2021;0.001
24.08.2021;0.001
25.08.2021;0.001
26.08.2021;0.001
27.08.2021;0.001
28.08.2021;0
29.08.2021;0
30.08.2021;0
31.08.2021;0
1.09.2021;0
2.09.2021;0
3.09.2021;0
4.09.2021;0
5.09.2021;0
6.09.2021;0
7.09.2021;0
8.09.2021;0
9.09.2021;0
10.09.2021;0.0004
11.09.2021;0.001
12.09.2021;0.001
13.09.2021;0.001
14.09.2021;0.001
15.09.2021;0.001
16.09.2021;0.001
17.09.2021;0.001
18.09.2021;0.001
19.09.2021;0.001
20.09.2021;0.001
21.09.2021;0.001
22.09.2021;0.001
23.09.2021;0.001
24.09.2021;0.001
25.09.2021;0.001
26.09.2021;0.001
27.09.2021;0.001
28.09.2021;0.001
29.09.2021;0.001
30.09.2021;0.001
1.10.2021;0.001
2.10.2021;0.001
3.10.2021;0.001
4.10.2021;0.001
5.10.2021;0.001
6.10.2021;0.001
7.10.2021;0.001
8.10.2021;0.001
9.10.2021;0.001
10.10.2021;0.001
11.10.2021;0.001
12.10.2021;0.001
13.10.2021;0.0007
14.10.2021;0
15.10.2021;0
16.10.2021;0
17.10.2021;0
18.10.2021;0
19.10.2021;0
20.10.2021;0
21.10.2021;0
22.10.2021;0
23.10.2021;0
24.10.2021;0
25.10.2021;0
26.10.2021;0
27.10.2021;0
28.10.2021;0
29.10.2021;0
30.10.2021;0
31.10.2021;0
1.11.2021;0
2.11.2021;0
3.11.2021;0
4.11.2021;0
5.11.2021;0
6.11.2021;0
7.11.2021;0
8.11.2021;0
9.11.2021;0
10.11.2021;0
11.11.2021;0
12.11.2021;0
13.11.2021;0
14.11.2021;0
15.11.2021;0
16.11.2021;0
17.11.2021;0
18.11.2021;0
19.11.2021;0
20.11.2021;0
21.11.2021;0
22.11.2021;0
23.11.2021;0
24.11.2021;0
25.11.2021;0
26.11.2021;0
27.11.2021;0
28.11.2021;0
29.11.2021;0
30.11.2021;0
1.12.2021;0
2.12.2021;0
3.12.2021;0
4.12.2021;0
5.12.2021;0
6.12.2021;0
7.12.2021;0
8.12.2021;0
9.12.2021;0
10.12.2021;0
11.12.2021;0
12.12.2021;0
13.12.2021;0
14.12.2021;0
15.12.2021;0
16.12.2021;0
17.12.2021;0
18.12.2021;0
19.12.2021;0
20.12.2021;0
21.12.2021;0
22.12.2021;0
23.12.2021;0
24.12.2021;0
25.12.2021;0
26.12.2021;0
27.12.2021;0
28.12.2021;0
29.12.2021;0
30.12.2021;0
31.12.2021;0
1.01.2022;0
2.01.2022;0
3.01.2022;0
4.01.2022;0
5.01.2022;0.0004
6.01.2022;0.001
7.01.2022;0.001
8.01.2022;0.001
9.01.2022;0.001
10.01.2022;0.001
11.01.2022;0.001
12.01.2022;0.0009
13.01.2022;0
14.01.2022;0
15.01.2022;0
16.01.2022;0
17.01.2022;0
18.01.2022;0
19.01.2022;0
20.01.2022;0
21.01.2022;0
22.01.2022;0
23.01.2022;0
24.01.2022;0
25.01.2022;0
26.01.2022;0
27.01.2022;0
28.01.2022;0
29.01.2022;0
30.01.2022;0
31.01.2022;0
1.02.2022;0
2.02.2022;0
3.02.2022;0
4.02.2022;0
5.02.2022;0
6.02.2022;0
7.02.2022;0
8.02.2022;0
9.02.2022;0
10.02.2022;0
11.02.2022;0
12.02.2022;0
13.02.2022;0
14.02.2022;0
15.02.2022;0
16.02.2022;0
17.02.2022;0
18.02.2022;0
19.02.2022;0
20.02.2022;0
21.02.2022;0
22.02.2022;0
23.02.2022;0
24.02.2022;0
25.02.2022;0
26.02.2022;0
27.02.2022;0
28.02.2022;0
1.03.2022;0
2.03.2022;0
3.03.2022;0
4.03.2022;0
5.03.2022;0
6.03.2022;0
7.03.2022;0
8.03.2022;0
9.03.2022;0
10.03.2022;0
11.03.2022;0
12.03.2022;0
13.03.2022;0
14.03.2022;0
15.03.2022;0
16.03.2022;0
17.03.2022;0
18.03.2022;0
19.03.2022;0
20.03.2022;0
21.03.2022;0
22.03.2022;0
23.03.2022;0
24.03.2022;0
25.03.2022;0
26.03.2022;0
27.03.2022;0
28.03.2022;0
29.03.2022;0
30.03.2022;0
31.03.2022;0
1.04.2022;0
2.04.2022;0
3.04.2022;0
4.04.2022;0
5.04.2022;0
6.04.2022;0
7.04.2022;0
8.04.2022;0
9.04.2022;0
10.04.2022;0
11.04.2022;0
12.04.2022;0
13.04.2022;0.0025
14.04.2022;0.0008
15.04.2022;0.0043
16.04.2022;0.005
17.04.2022;0.003
18.04.2022;0.003
19.04.2022;0.0032
20.04.2022;0
21.04.2022;0
22.04.2022;0
23.04.2022;0
24.04.2022;0
25.04.2022;0
26.04.2022;0
27.04.2022;0
28.04.2022;0
29.04.2022;0
30.04.2022;0
1.05.2022;0
2.05.2022;0
3.05.2022;0
4.05.2022;0
5.05.2022;0
6.05.2022;0
7.05.2022;0
8.05.2022;0
9.05.2022;0
10.05.2022;0
11.05.2022;0.0005
12.05.2022;0.001
13.05.2022;0.001
14.05.2022;0.001
15.05.2022;0.001
16.05.2022;0.001
17.05.2022;0.001
18.05.2022;0.001
19.05.2022;0.001
20.05.2022;0.001
21.05.2022;0.001
22.05.2022;0.001
23.05.2022;0.001
24.05.2022;0.001
25.05.2022;0.001
26.05.2022;0.001
27.05.2022;0.001
28.05.2022;0.0009
29.05.2022;0
30.05.2022;0
31.05.2022;0
1.06.2022;0.0004
2.06.2022;0.001
3.06.2022;0.001
4.06.2022;0.001
5.06.2022;0.001
6.06.2022;0.001
7.06.2022;0.001
8.06.2022;0.001
9.06.2022;0.0014
10.06.2022;0.002
11.06.2022;0.002
12.06.2022;0.002
13.06.2022;0.002
14.06.2022;0.002
15.06.2022;0.002
16.06.2022;0.002
17.06.2022;0.002
18.06.2022;0.002
19.06.2022;0.002
20.06.2022;0.002
21.06.2022;0.002
22.06.2022;0.002
23.06.2022;0.002
24.06.2022;0.002
25.06.2022;0.002
26.06.2022;0.002
27.06.2022;0.002
28.06.2022;0.002
29.06.2022;0.002
30.06.2022;0.002
1.07.2022;0.002
2.07.2022;0.002
3.07.2022;0.002
4.07.2022;0.002
5.07.2022;0.002
6.07.2022;0.002
7.07.2022;0.0012
8.07.2022;0.001
9.07.2022;0.001
10.07.2022;0.001
11.07.2022;0.001
12.07.2022;0.001
13.07.2022;0.001
14.07.2022;0.001
15.07.2022;0.001
16.07.2022;0.001
17.07.2022;0.001
18.07.2022;0.001
19.07.2022;0.001
20.07.2022;0.0015
21.07.2022;0.002
22.07.2022;0.002
23.07.2022;0.002
24.07.2022;0.002
25.07.2022;0.002
26.07.2022;0.002
27.07.2022;0.002
28.07.2022;0.002
29.07.2022;0.002
30.07.2022;0.002
31.07.2022;0.002
1.08.2022;0.002
2.08.2022;0.002
3.08.2022;0.002
4.08.2022;0.002
5.08.2022;0.0026
6.08.2022;0.003
7.08.2022;0.003
8.08.2022;0.003
9.08.2022;0.003
10.08.2022;0.003
11.08.2022;0.003
12.08.2022;0.003
13.08.2022;0.003
14.08.2022;0.003
15.08.2022;0.003
16.08.2022;0.003
17.08.2022;0.003
18.08.2022;0.003
19.08.2022;0.003
20.08.2022;0.003
21.08.2022;0.003
22.08.2022;0.003
23.08.2022;0.003
24.08.2022;0.003
25.08.2022;0.003
26.08.2022;0.003
27.08.2022;0.003
28.08.2022;0.003
29.08.2022;0.003
30.08.2022;0.003
31.08.2022;0.003
1.09.2022;0.0021
2.09.2022;0.002
3.09.2022;0.002
4.09.2022;0.002
5.09.2022;0.002
6.09.2022;0.002
7.09.2022;0.002
8.09.2022;0.0025
9.09.2022;0.003
10.09.2022;0.0029
11.09.2022;0.002
12.09.2022;0.002
13.09.2022;0.001
14.09.2022;0.001
15.09.2022;0.0015
16.09.2022;0.002
17.09.2022;0.0013
18.09.2022;0.0003
19.09.2022;0
20.09.2022;0
21.09.2022;0
22.09.2022;0
23.09.2022;0
24.09.2022;0
25.09.2022;0
26.09.2022;0
27.09.2022;0
28.09.2022;0
29.09.2022;0
30.09.2022;0.0007
1.10.2022;0.001
2.10.2022;0.0001
3.10.2022;0
4.10.2022;0
5.10.2022;0
6.10.2022;0
7.10.2022;0
8.10.2022;0
9.10.2022;0
10.10.2022;0
11.10.2022;0
12.10.2022;0
13.10.2022;0
14.10.2022;0
15.10.2022;0
16.10.2022;0
17.10.2022;0
18.10.2022;0
19.10.2022;0
20.10.2022;0
21.10.2022;0
22.10.2022;0
23.10.2022;0
24.10.2022;0
25.10.2022;0
26.10.2022;0
27.10.2022;0
28.10.2022;0
29.10.2022;0
30.10.2022;0
31.10.2022;0
1.11.2022;0
2.11.2022;0
3.11.2022;0
4.11.2022;0
5.11.2022;0
6.11.2022;0
7.11.2022;0
8.11.2022;0
9.11.2022;0
10.11.2022;0
11.11.2022;0
12.11.2022;0
13.11.2022;0
14.11.2022;0
15.11.2022;0
16.11.2022;0
17.11.2022;0
18.11.2022;0
19.11.2022;0
20.11.2022;0
21.11.2022;0
22.11.2022;0
23.11.2022;0
24.11.2022;0
25.11.2022;0
26.11.2022;0
27.11.2022;0
28.11.2022;0
29.11.2022;0
30.11.2022;0
1.12.2022;0
2.12.2022;0
3.12.2022;0
4.12.2022;0
5.12.2022;0
6.12.2022;0
7.12.2022;0
8.12.2022;0
9.12.2022;0
10.12.2022;0
11.12.2022;0
12.12.2022;0
13.12.2022;0
14.12.2022;0
15.12.2022;0
16.12.2022;0
17.12.2022;0
18.12.2022;0
19.12.2022;0
20.12.2022;0
21.12.2022;0
22.12.2022;0
23.12.2022;0
24.12.2022;0
25.12.2022;0
26.12.2022;0
27.12.2022;0
28.12.2022;0
29.12.2022;0
30.12.2022;0
31.12.2022;0
1.01.2023;0.013
2.01.2023;0.0215
3.01.2023;0.0058
4.01.2023;0.0095
5.01.2023;0.0387
6.01.2023;0.0275
7.01.2023;0.0369
8.01.2023;0.0087
9.01.2023;0.0317
10.01.2023;0.0525
11.01.2023;0.0182
12.01.2023;0.0245
13.01.2023;0.0084
14.01.2023;0.0116
15.01.2023;0.0134
16.01.2023;0.0111
17.01.2023;0.0226
18.01.2023;0.0645
19.01.2023;0.1081
20.01.2023;0.1089
21.01.2023;0.0754
22.01.2023;0.0583
23.01.2023;0.0414
24.01.2023;0.0323
25.01.2023;0.0281
26.01.2023;0.0239
27.01.2023;0.0191
28.01.2023;0.0246
29.01.2023;0.0198
30.01.2023;0.0231
31.01.2023;0.017
1.02.2023;0.0199
2.02.2023;0.025
3.02.2023;0.0171
4.02.2023;0.0274
5.02.2023;0.0219
6.02.2023;0.0143
7.02.2023;0.0082
8.02.2023;0.0052
9.02.2023;0.0111
10.02.2023;0.0285
11.02.2023;0.0213
12.02.2023;0.0034
13.02.2023;0.0251
14.02.2023;0
15.02.2023;0.007
16.02.2023;0.007
17.02.2023;0.021
18.02.2023;0.0058
19.02.2023;0.0331
20.02.2023;0.0045
21.02.2023;0
22.02.2023;0.0532
23.02.2023;0.0116
24.02.2023;0.0111
25.02.2023;0.0047
26.02.2023;0.005
27.02.2023;0
28.02.2023;0.0171
1.03.2023;0
2.03.2023;0.0084
3.03.2023;0
4.03.2023;0
5.03.2023;0.0328
6.03.2023;0.0092
7.03.2023;0.0255
8.03.2023;0.0011
9.03.2023;0.0007
10.03.2023;0.0001
11.03.2023;0.0048
12.03.2023;0.0003
13.03.2023;0.0008
14.03.2023;0.0003
15.03.2023;0.0176
16.03.2023;0
17.03.2023;0
18.03.2023;0.0419
19.03.2023;0.0007
20.03.2023;0.0002
21.03.2023;0.0004
22.03.2023;0.0013
23.03.2023;0.0003
24.03.2023;0.0011
25.03.2023;0.0013
26.03.2023;0.0012
27.03.2023;0.0008
28.03.2023;0.0004
29.03.2023;0
30.03.2023;0.0002
31.03.2023;0.0052
1.04.2023;0.0003
2.04.2023;0.0056
3.04.2023;0.0027
4.04.2023;0.0238
5.04.2023;0.0011
6.04.2023;0.0014
7.04.2023;0.0074
8.04.2023;0.0015
9.04.2023;0.0022
10.04.2023;0.0028
11.04.2023;0.0039
12.04.2023;0.0035
13.04.2023;0.0071
14.04.2023;0.0085
15.04.2023;0.0085
16.04.2023;0.0076
17.04.2023;0.0098
18.04.2023;0.0117
19.04.2023;0.014
20.04.2023;0.0134
21.04.2023;0.012
22.04.2023;0.0122
23.04.2023;0.0127
24.04.2023;0.0112
25.04.2023;0.0098
26.04.2023;0.0094
27.04.2023;0.0122
28.04.2023;0.0117
29.04.2023;0.0117
30.04.2023;0.0132
1.05.2023;0.012
2.05.2023;0.0128
3.05.2023;0.0102
4.05.2023;0.0113
5.05.2023;0.0096
6.05.2023;0.0078
7.05.2023;0.015
8.05.2023;0.0098
9.05.2023;0.0107
10.05.2023;0.0092
11.05.2023;0.0091
12.05.2023;0.0144
13.05.2023;0.0058
14.05.2023;0.0113
15.05.2023;0.0126
16.05.2023;0.012
17.05.2023;0.0314
18.05.2023;0.0511
19.05.2023;0.0453
20.05.2023;0.0459
21.05.2023;0.0416
22.05.2023;0.037
23.05.2023;0.0372
24.05.2023;0.0309
25.05.2023;0.0309
26.05.2023;0.0255
27.05.2023;0.0224
28.05.2023;0.0213
29.05.2023;0.0206
30.05.2023;0.0156
31.05.2023;0.0197
1.06.2023;0.0169
2.06.2023;0.0171
3.06.2023;0.0169
4.06.2023;0.014
5.06.2023;0.0102
6.06.2023;0.0135
7.06.2023;0.0273
8.06.2023;0.0309
9.06.2023;0.0376
10.06.2023;0.0607
11.06.2023;0.0756
12.06.2023;0.0641
13.06.2023;0.0552
14.06.2023;0.0448
15.06.2023;0.0404
16.06.2023;0.035
17.06.2023;0.0318
18.06.2023;0.0269
19.06.2023;0.0269
20.06.2023;0.0244
21.06.2023;0.0226
22.06.2023;0.0193
23.06.2023;0.02
24.06.2023;0.0206
25.06.2023;0.0345
26.06.2023;0.0316
27.06.2023;0.0286
28.06.2023;0.025
29.06.2023;0.0235
30.06.2023;0.0247
1.07.2023;0.0212
2.07.2023;0.0208
3.07.2023;0.0188
4.07.2023;0.0169
5.07.2023;0.0164
6.07.2023;0.0172
7.07.2023;0.0113
8.07.2023;0.0133
9.07.2023;0.0055
10.07.2023;0.0046
11.07.2023;0.0055
12.07.2023;0.0044
13.07.2023;0.0033
14.07.2023;0.0082
15.07.2023;0.0037
16.07.2023;0.0039
17.07.2023;0.0035
18.07.2023;0.0026
19.07.2023;0.0069
20.07.2023;0.0032
21.07.2023;0.0024
22.07.2023;0.0034
23.07.2023;0.0036
24.07.2023;0.003
25.07.2023;0.0033
26.07.2023;0.0024
27.07.2023;0.002
28.07.2023;0.0023
29.07.2023;0.0022
30.07.2023;0.0018
31.07.2023;0.0016
1.08.2023;0.0021
2.08.2023;0.003
3.08.2023;0.0021
4.08.2023;0.0021
5.08.2023;0.0038
6.08.2023;0.0363
7.08.2023;0.0309
8.08.2023;0.0261
9.08.2023;0.0221
10.08.2023;0.023
11.08.2023;0.0208
12.08.2023;0.0152
13.08.2023;0.0189
14.08.2023;0.0153
15.08.2023;0.0059
16.08.2023;0.021
17.08.2023;0.0132
18.08.2023;0.0071
19.08.2023;0.0088
20.08.2023;0.0092
21.08.2023;0.0101
22.08.2023;0.0087
23.08.2023;0.0071
24.08.2023;0.0024
25.08.2023;0.0094
26.08.2023;0.0029
27.08.2023;0.0083
28.08.2023;0.0018
29.08.2023;0.011
30.08.2023;0.0043
31.08.2023;0.0032
1.09.2023;0.002
2.09.2023;0.0012
3.09.2023;0.0011
4.09.2023;0.007
5.09.2023;0.0022
6.09.2023;0.0013
7.09.2023;0.0015
8.09.2023;0.002
9.09.2023;0.0094
10.09.2023;0.0015
11.09.2023;0.0016
12.09.2023;0.0032
13.09.2023;0.0019
14.09.2023;0.0016
15.09.2023;0.002
16.09.2023;0.0018
17.09.2023;0.002
18.09.2023;0.002
19.09.2023;0.0066
20.09.2023;0.0024
21.09.2023;0.001
22.09.2023;0.0015
23.09.2023;0.0028
24.09.2023;0.0016
25.09.2023;0.0013
26.09.2023;0.0016
27.09.2023;0.0014
28.09.2023;0.0015
29.09.2023;0.0013
30.09.2023;0.0016
1.10.2023;0.001
2.10.2023;0.0015
3.10.2023;0.0022
4.10.2023;0.0013
5.10.2023;0.0012
6.10.2023;0.001
7.10.2023;0.0013
8.10.2023;0.0009
9.10.2023;0
10.10.2023;0.0007
11.10.2023;0.0015
12.10.2023;0.002
13.10.2023;0.0025
14.10.2023;0.0026
15.10.2023;0.0024
16.10.2023;0.0011
17.10.2023;0.0006
18.10.2023;0.0005
19.10.2023;0.0009
20.10.2023;0.0016
21.10.2023;0.0024
22.10.2023;0.003
23.10.2023;0.0025
24.10.2023;0.003
25.10.2023;0.003
26.10.2023;0.0022
27.10.2023;0.0025
28.10.2023;0.002
29.10.2023;0.002
30.10.2023;0.003
31.10.2023;0.002
1.11.2023;0.002
2.11.2023;0.0061
3.11.2023;0.0054
4.11.2023;0.0019
5.11.2023;0.0116
6.11.2023;0.0154
7.11.2023;0.0233
8.11.2023;0.0115
9.11.2023;0.0169
10.11.2023;0.0161
11.11.2023;0.011
12.11.2023;0.0261
13.11.2023;0.0265
14.11.2023;0.0279
15.11.2023;0.0334
16.11.2023;0.0255
17.11.2023;0.0284
18.11.2023;0.0531
19.11.2023;0.0456
20.11.2023;0.0489
21.11.2023;0.0422
22.11.2023;0.0391
23.11.2023;0.0331
24.11.2023;0.0342
25.11.2023;0.0291
26.11.2023;0.0281
27.11.2023;0.0249
28.11.2023;0.0251
29.11.2023;0.0225
30.11.2023;0.0211
1.12.2023;0.0215
2.12.2023;0.0222
3.12.2023;0.032
4.12.2023;0.0429
5.12.2023;0.0437
6.12.2023;0.0402
7.12.2023;0.0381
8.12.2023;0.0362
9.12.2023;0.0303
10.12.2023;0.0348
11.12.2023;0.0302
12.12.2023;0.0303
13.12.2023;0.0382
14.12.2023;0.0588
15.12.2023;0.0621
16.12.2023;0.061
17.12.2023;0.0552
18.12.2023;0.0537
19.12.2023;0.0482
20.12.2023;0.0485
21.12.2023;0.0454
22.12.2023;0.0414
23.12.2023;0.0434
24.12.2023;0.0419
25.12.2023;0.0451
26.12.2023;0.046
27.12.2023;0.0484
28.12.2023;0.0492
29.12.2023;0.0419
30.12.2023;0.0424
31.12.2023;0.0393
1.01.2024;0.0408
2.01.2024;0.0281
3.01.2024;0.0222
4.01.2024;0.0201
5.01.2024;0.0221
6.01.2024;0.0194
7.01.2024;0.0185
8.01.2024;0.0233
9.01.2024;0.0235
10.01.2024;0.0236
11.01.2024;0.0214
12.01.2024;0.0201
13.01.2024;0.0175
14.01.2024;0.0198