Region;Carpathians
Country;Hungary
#;9
Spring Name/Station Name;Pasnyag
Literature;Yes
Lat;48.557
Lon;20.764
Elev;173
Start Date;1.01.1969
End Date;11.04.2024
Resolution;Daily
Data Source;
Data License;Open data
Contact Person;Istvan Gabor Hatvani
Spring ID;CAR_09_HU
Date;Discharge m^3/s
1.01.1969;0.09167
2.01.1969;0.09
3.01.1969;0.09
4.01.1969;0.09
5.01.1969;0.09
6.01.1969;0.09
7.01.1969;0.08667
8.01.1969;0.08167
9.01.1969;0.07667
10.01.1969;0.07333
11.01.1969;0.07333
12.01.1969;0.07167
13.01.1969;0.07167
14.01.1969;0.07167
15.01.1969;0.07167
16.01.1969;0.07
17.01.1969;0.06667
18.01.1969;0.06
19.01.1969;0.05833
20.01.1969;0.05667
21.01.1969;0.055
22.01.1969;0.05333
23.01.1969;0.05333
24.01.1969;0.05333
25.01.1969;0.05333
26.01.1969;0.05167
27.01.1969;0.05167
28.01.1969;0.05
29.01.1969;0.05
30.01.1969;0.05
31.01.1969;0.04833
1.02.1969;0.04667
2.02.1969;0.04583
3.02.1969;0.045
4.02.1969;0.04417
5.02.1969;0.04333
6.02.1969;0.0425
7.02.1969;0.04167
8.02.1969;0.04083
9.02.1969;0.04
10.02.1969;0.03917
11.02.1969;0.03833
12.02.1969;0.0375
13.02.1969;0.03667
14.02.1969;0.03667
15.02.1969;0.03833
16.02.1969;0.04
17.02.1969;0.0425
18.02.1969;0.04667
19.02.1969;0.055
20.02.1969;0.06667
21.02.1969;0.13333
22.02.1969;0.31667
23.02.1969;0.325
24.02.1969;0.3
25.02.1969;0.26667
26.02.1969;0.23333
27.02.1969;0.2
28.02.1969;0.175
1.03.1969;0.16
2.03.1969;0.14
3.03.1969;0.12
4.03.1969;0.10333
5.03.1969;0.09333
6.03.1969;0.08333
7.03.1969;0.07833
8.03.1969;0.075
9.03.1969;0.07167
10.03.1969;0.06833
11.03.1969;0.065
12.03.1969;0.06333
13.03.1969;0.06667
14.03.1969;0.13667
15.03.1969;0.14667
16.03.1969;0.15
17.03.1969;0.15
18.03.1969;0.15
19.03.1969;0.15
20.03.1969;0.13333
21.03.1969;0.12
22.03.1969;0.11
23.03.1969;0.1
24.03.1969;0.09333
25.03.1969;0.08667
26.03.1969;0.08333
27.03.1969;0.07833
28.03.1969;0.075
29.03.1969;0.07167
30.03.1969;0.06833
31.03.1969;0.06667
1.04.1969;0.065
2.04.1969;0.06333
3.04.1969;0.06333
4.04.1969;0.06333
5.04.1969;0.06333
6.04.1969;0.06167
7.04.1969;0.06167
8.04.1969;0.06167
9.04.1969;0.06
10.04.1969;0.06
11.04.1969;0.05833
12.04.1969;0.05833
13.04.1969;0.05333
14.04.1969;0.05333
15.04.1969;0.05333
16.04.1969;0.05167
17.04.1969;0.05167
18.04.1969;0.05
19.04.1969;0.05
20.04.1969;0.05
21.04.1969;0.05
22.04.1969;0.05
23.04.1969;0.05167
24.04.1969;0.05333
25.04.1969;0.05333
26.04.1969;0.055
27.04.1969;0.055
28.04.1969;0.055
29.04.1969;0.055
30.04.1969;0.055
1.05.1969;0.055
2.05.1969;0.055
3.05.1969;0.05333
4.05.1969;0.05167
5.05.1969;0.05167
6.05.1969;0.05
7.05.1969;0.04833
8.05.1969;0.04667
9.05.1969;0.04583
10.05.1969;0.045
11.05.1969;0.04417
12.05.1969;0.04333
13.05.1969;0.0425
14.05.1969;0.04167
15.05.1969;0.04167
16.05.1969;0.04083
17.05.1969;0.04
18.05.1969;0.03917
19.05.1969;0.03833
20.05.1969;0.03833
21.05.1969;0.0375
22.05.1969;0.03667
23.05.1969;0.03667
24.05.1969;0.03583
25.05.1969;0.035
26.05.1969;0.035
27.05.1969;0.03417
28.05.1969;0.03383
29.05.1969;0.03333
30.05.1969;0.0325
31.05.1969;0.03167
1.06.1969;0.03167
2.06.1969;0.03133
3.06.1969;0.0305
4.06.1969;0.03
5.06.1969;0.02967
6.06.1969;0.02917
7.06.1969;0.02883
8.06.1969;0.02833
9.06.1969;0.028
10.06.1969;0.0275
11.06.1969;0.02717
12.06.1969;0.02667
13.06.1969;0.02633
14.06.1969;0.02583
15.06.1969;0.0255
16.06.1969;0.02517
17.06.1969;0.025
18.06.1969;0.025
19.06.1969;0.02467
20.06.1969;0.02417
21.06.1969;0.02383
22.06.1969;0.02333
23.06.1969;0.02333
24.06.1969;0.02333
25.06.1969;0.023
26.06.1969;0.0225
27.06.1969;0.02233
28.06.1969;0.02217
29.06.1969;0.02217
30.06.1969;0.02217
1.07.1969;0.02217
2.07.1969;0.02233
3.07.1969;0.02283
4.07.1969;0.02333
5.07.1969;0.025
6.07.1969;0.03
7.07.1969;0.03667
8.07.1969;0.05
9.07.1969;0.05333
10.07.1969;0.05167
11.07.1969;0.05
12.07.1969;0.04667
13.07.1969;0.04333
14.07.1969;0.04167
15.07.1969;0.04
16.07.1969;0.03833
17.07.1969;0.03667
18.07.1969;0.035
19.07.1969;0.03333
20.07.1969;0.03167
21.07.1969;0.03
22.07.1969;0.02833
23.07.1969;0.02667
24.07.1969;0.02583
25.07.1969;0.025
26.07.1969;0.02417
27.07.1969;0.02333
28.07.1969;0.02267
29.07.1969;0.02167
30.07.1969;0.02083
31.07.1969;0.02
1.08.1969;0.01917
2.08.1969;0.019
3.08.1969;0.02033
4.08.1969;0.02
5.08.1969;0.01967
6.08.1969;0.01967
7.08.1969;0.01917
8.08.1969;0.01833
9.08.1969;0.0175
10.08.1969;0.01633
11.08.1969;0.016
12.08.1969;0.016
13.08.1969;0.017
14.08.1969;0.0165
15.08.1969;0.0165
16.08.1969;0.0175
17.08.1969;0.01617
18.08.1969;0.01633
19.08.1969;0.01583
20.08.1969;0.01617
21.08.1969;0.017
22.08.1969;0.0175
23.08.1969;0.0175
24.08.1969;0.0175
25.08.1969;0.0175
26.08.1969;0.0175
27.08.1969;0.0175
28.08.1969;0.01733
29.08.1969;0.01683
30.08.1969;0.01733
31.08.1969;0.01683
1.09.1969;0.01667
2.09.1969;0.01633
3.09.1969;0.016
4.09.1969;0.01583
5.09.1969;0.01533
6.09.1969;0.01495
7.09.1969;0.01467
8.09.1969;0.01433
9.09.1969;0.014
10.09.1969;0.01367
11.09.1969;0.01317
12.09.1969;0.01267
13.09.1969;0.0125
14.09.1969;0.01217
15.09.1969;0.01183
16.09.1969;0.0115
17.09.1969;0.01133
18.09.1969;0.011
19.09.1969;0.01067
20.09.1969;0.0105
21.09.1969;0.01017
22.09.1969;0.00983
23.09.1969;0.0095
24.09.1969;0.00933
25.09.1969;0.009
26.09.1969;0.00883
27.09.1969;0.00867
28.09.1969;0.0085
29.09.1969;0.00833
30.09.1969;0.008
1.10.1969;0.00783
2.10.1969;0.00767
3.10.1969;0.0075
4.10.1969;0.00733
5.10.1969;0.00717
6.10.1969;0.007
7.10.1969;0.00683
8.10.1969;0.00667
9.10.1969;0.0065
10.10.1969;0.00633
11.10.1969;0.00617
12.10.1969;0.006
13.10.1969;0.00583
14.10.1969;0.00583
15.10.1969;0.00567
16.10.1969;0.0055
17.10.1969;0.00533
18.10.1969;0.00517
19.10.1969;0.005
20.10.1969;0.005
21.10.1969;0.00483
22.10.1969;0.00467
23.10.1969;0.00467
24.10.1969;0.00467
25.10.1969;0.00467
26.10.1969;0.0045
27.10.1969;0.00442
28.10.1969;0.00433
29.10.1969;0.00417
30.10.1969;0.004
31.10.1969;0.00383
1.11.1969;0.00367
2.11.1969;0.0035
3.11.1969;0.00333
4.11.1969;0.0035
5.11.1969;0.0035
6.11.1969;0.00367
7.11.1969;0.00383
8.11.1969;0.00417
9.11.1969;0.00433
10.11.1969;0.0045
11.11.1969;0.00467
12.11.1969;0.005
13.11.1969;0.00517
14.11.1969;0.00533
15.11.1969;0.00583
16.11.1969;0.00617
17.11.1969;0.0067
18.11.1969;0.00667
19.11.1969;0.00667
20.11.1969;0.00667
21.11.1969;0.00667
22.11.1969;0.00667
23.11.1969;0.00667
24.11.1969;0.00667
25.11.1969;0.00667
26.11.1969;0.00667
27.11.1969;0.00717
28.11.1969;0.00767
29.11.1969;0.008
30.11.1969;0.008
1.12.1969;0.008
2.12.1969;0.01
3.12.1969;0.011
4.12.1969;0.01167
5.12.1969;0.011
6.12.1969;0.01
7.12.1969;0.06667
8.12.1969;0.045
9.12.1969;0.03667
10.12.1969;0.035
11.12.1969;0.05
12.12.1969;0.05667
13.12.1969;0.04333
14.12.1969;0.04
15.12.1969;0.03667
16.12.1969;0.03333
17.12.1969;0.02833
18.12.1969;0.02667
19.12.1969;0.025
20.12.1969;0.02333
21.12.1969;0.02083
22.12.1969;0.01917
23.12.1969;0.0175
24.12.1969;0.0175
25.12.1969;0.01733
26.12.1969;0.01717
27.12.1969;0.017
28.12.1969;0.017
29.12.1969;0.01667
30.12.1969;0.015
31.12.1969;0.01417
1.01.1970;0.015
2.01.1970;0.015
3.01.1970;0.015
4.01.1970;0.0145
5.01.1970;0.01417
6.01.1970;0.01333
7.01.1970;0.015
8.01.1970;0.05333
9.01.1970;0.045
10.01.1970;0.03667
11.01.1970;0.035
12.01.1970;0.03333
13.01.1970;0.035
14.01.1970;0.05
15.01.1970;0.09333
16.01.1970;0.12667
17.01.1970;0.35
18.01.1970;0.21667
19.01.1970;0.10667
20.01.1970;0.10167
21.01.1970;0.085
22.01.1970;0.06833
23.01.1970;0.065
24.01.1970;0.06
25.01.1970;0.05417
26.01.1970;0.05667
27.01.1970;0.055
28.01.1970;0.05333
29.01.1970;0.04917
30.01.1970;0.04667
31.01.1970;0.035
1.02.1970;0.015
2.02.1970;0.0125
3.02.1970;0.01333
4.02.1970;0.03333
5.02.1970;0.07
6.02.1970;0.06833
7.02.1970;0.065
8.02.1970;0.06167
9.02.1970;0.06083
10.02.1970;0.05833
11.02.1970;0.05583
12.02.1970;0.05083
13.02.1970;0.0425
14.02.1970;0.03417
15.02.1970;0.025
16.02.1970;0.02333
17.02.1970;0.025
18.02.1970;0.02667
19.02.1970;0.02833
20.02.1970;0.03
21.02.1970;0.03167
22.02.1970;0.03333
23.02.1970;0.035
24.02.1970;0.035
25.02.1970;0.03417
26.02.1970;0.035
27.02.1970;0.035
28.02.1970;0.035
1.03.1970;0.035
2.03.1970;0.03833
3.03.1970;0.04
4.03.1970;0.03667
5.03.1970;0.05167
6.03.1970;0.08
7.03.1970;0.08333
8.03.1970;0.07333
9.03.1970;0.06917
10.03.1970;0.07833
11.03.1970;0.07583
12.03.1970;0.07833
13.03.1970;0.08833
14.03.1970;0.07667
15.03.1970;0.07333
16.03.1970;0.075
17.03.1970;0.08667
18.03.1970;0.09917
19.03.1970;0.09833
20.03.1970;0.10667
21.03.1970;0.11333
22.03.1970;0.125
23.03.1970;0.15833
24.03.1970;0.19167
25.03.1970;0.24
26.03.1970;0.25833
27.03.1970;0.25833
28.03.1970;0.21167
29.03.1970;0.18667
30.03.1970;0.175
31.03.1970;0.145
1.04.1970;0.12833
2.04.1970;0.115
3.04.1970;0.10667
4.04.1970;0.10417
5.04.1970;0.11
6.04.1970;0.11083
7.04.1970;0.105
8.04.1970;0.1
9.04.1970;0.1
10.04.1970;0.16667
11.04.1970;0.18
12.04.1970;0.16167
13.04.1970;0.13667
14.04.1970;0.12
15.04.1970;0.1025
16.04.1970;0.085
17.04.1970;0.08167
18.04.1970;0.07833
19.04.1970;0.07167
20.04.1970;0.07167
21.04.1970;0.0625
22.04.1970;0.055
23.04.1970;0.0525
24.04.1970;0.05
25.04.1970;0.045
26.04.1970;0.04
27.04.1970;0.03833
28.04.1970;0.0375
29.04.1970;0.03833
30.04.1970;0.03583
1.05.1970;0.03917
2.05.1970;0.0425
3.05.1970;0.04167
4.05.1970;0.04167
5.05.1970;0.045
6.05.1970;0.04333
7.05.1970;0.04167
8.05.1970;0.10167
9.05.1970;0.11167
10.05.1970;0.12333
11.05.1970;0.15833
12.05.1970;0.17
13.05.1970;0.145
14.05.1970;0.11417
15.05.1970;0.10333
16.05.1970;0.0925
17.05.1970;0.07667
18.05.1970;0.065
19.05.1970;0.06
20.05.1970;0.05333
21.05.1970;0.04833
22.05.1970;0.04833
23.05.1970;0.04333
24.05.1970;0.03833
25.05.1970;0.03833
26.05.1970;0.035
27.05.1970;0.03167
28.05.1970;0.03167
29.05.1970;0.03
30.05.1970;0.02833
31.05.1970;0.02833
1.06.1970;0.02583
2.06.1970;0.02667
3.06.1970;0.02667
4.06.1970;0.02833
5.06.1970;0.03833
6.06.1970;0.0625
7.06.1970;0.0475
8.06.1970;0.06167
9.06.1970;0.0575
10.06.1970;0.0525
11.06.1970;0.06333
12.06.1970;0.12833
13.06.1970;0.12667
14.06.1970;0.11667
15.06.1970;0.105
16.06.1970;0.08833
17.06.1970;0.0775
18.06.1970;0.0775
19.06.1970;0.07667
20.06.1970;0.07
21.06.1970;0.06667
22.06.1970;0.06167
23.06.1970;0.05917
24.06.1970;0.055
25.06.1970;0.05
26.06.1970;0.04583
27.06.1970;0.04365
28.06.1970;0.04167
29.06.1970;0.04
30.06.1970;0.03833
1.07.1970;0.09667
2.07.1970;0.10167
3.07.1970;0.13333
4.07.1970;0.20833
5.07.1970;0.13333
6.07.1970;0.11167
7.07.1970;0.10167
8.07.1970;0.08667
9.07.1970;0.075
10.07.1970;0.06833
11.07.1970;0.06917
12.07.1970;0.065
13.07.1970;0.05833
14.07.1970;0.05833
15.07.1970;0.055
16.07.1970;0.05083
17.07.1970;0.05
18.07.1970;0.06167
19.07.1970;0.09667
20.07.1970;0.105
21.07.1970;0.09167
22.07.1970;0.0775
23.07.1970;0.06667
24.07.1970;0.05833
25.07.1970;0.05417
26.07.1970;0.1
27.07.1970;0.15833
28.07.1970;0.13333
29.07.1970;0.11167
30.07.1970;0.09167
31.07.1970;0.07667
1.08.1970;0.06667
2.08.1970;0.05833
3.08.1970;0.05167
4.08.1970;0.04667
5.08.1970;0.04167
6.08.1970;0.03833
7.08.1970;0.0375
8.08.1970;0.035
9.08.1970;0.03333
10.08.1970;0.03
11.08.1970;0.03083
12.08.1970;0.05167
13.08.1970;0.04667
14.08.1970;0.04
15.08.1970;0.03333
16.08.1970;0.03417
17.08.1970;0.03083
18.08.1970;0.045
19.08.1970;0.06083
20.08.1970;0.05583
21.08.1970;0.05083
22.08.1970;0.04667
23.08.1970;0.04167
24.08.1970;0.04
25.08.1970;0.04
26.08.1970;0.04
27.08.1970;0.03833
28.08.1970;0.03833
29.08.1970;0.03833
30.08.1970;0.03667
31.08.1970;0.035
1.09.1970;0.03417
2.09.1970;0.0425
3.09.1970;0.0325
4.09.1970;0.03167
5.09.1970;0.03083
6.09.1970;0.03083
7.09.1970;0.03
8.09.1970;0.02917
9.09.1970;0.02833
10.09.1970;0.02833
11.09.1970;0.0275
12.09.1970;0.0275
13.09.1970;0.02667
14.09.1970;0.025
15.09.1970;0.025
16.09.1970;0.025
17.09.1970;0.025
18.09.1970;0.025
19.09.1970;0.025
20.09.1970;0.025
21.09.1970;0.025
22.09.1970;0.02417
23.09.1970;0.02333
24.09.1970;0.02333
25.09.1970;0.0225
26.09.1970;0.02167
27.09.1970;0.02
28.09.1970;0.01833
29.09.1970;0.01833
30.09.1970;0.01833
1.10.1970;0.01833
2.10.1970;0.01833
3.10.1970;0.01833
4.10.1970;0.01833
5.10.1970;0.01833
6.10.1970;0.01833
7.10.1970;0.0175
8.10.1970;0.0175
9.10.1970;0.0175
10.10.1970;0.01667
11.10.1970;0.01667
12.10.1970;0.015
13.10.1970;0.015
14.10.1970;0.01417
15.10.1970;0.01417
16.10.1970;0.01333
17.10.1970;0.01333
18.10.1970;0.013
19.10.1970;0.01167
20.10.1970;0.012
21.10.1970;0.01167
22.10.1970;0.01167
23.10.1970;0.01167
24.10.1970;0.01167
25.10.1970;0.01167
26.10.1970;0.01083
27.10.1970;0.01
28.10.1970;0.01
29.10.1970;0.01
30.10.1970;0.01083
31.10.1970;0.01083
1.11.1970;0.01083
2.11.1970;0.01083
3.11.1970;0.01083
4.11.1970;0.01
5.11.1970;0.01
6.11.1970;0.00967
7.11.1970;0.00883
8.11.1970;0.00833
9.11.1970;0.00667
10.11.1970;0.00667
11.11.1970;0.00667
12.11.1970;0.00667
13.11.1970;0.00667
14.11.1970;0.00667
15.11.1970;0.00667
16.11.1970;0.00667
17.11.1970;0.00667
18.11.1970;0.00667
19.11.1970;0.00667
20.11.1970;0.00667
21.11.1970;0.00667
22.11.1970;0.01083
23.11.1970;0.02583
24.11.1970;0.02833
25.11.1970;0.02917
26.11.1970;0.03
27.11.1970;0.03
28.11.1970;0.03083
29.11.1970;0.0325
30.11.1970;0.03333
1.12.1970;0.035
2.12.1970;0.035
3.12.1970;0.03667
4.12.1970;0.03833
5.12.1970;0.03833
6.12.1970;0.03833
7.12.1970;0.03833
8.12.1970;0.03833
9.12.1970;0.04
10.12.1970;0.04
11.12.1970;0.04
12.12.1970;0.03917
13.12.1970;0.03833
14.12.1970;0.03833
15.12.1970;0.04167
16.12.1970;0.04167
17.12.1970;0.04167
18.12.1970;0.04167
19.12.1970;0.04167
20.12.1970;0.04
21.12.1970;0.04
22.12.1970;0.04167
23.12.1970;0.0425
24.12.1970;0.04333
25.12.1970;0.04417
26.12.1970;0.045
27.12.1970;0.04667
28.12.1970;0.04667
29.12.1970;0.07667
30.12.1970;0.11
31.12.1970;0.275
1.01.1971;0.225
2.01.1971;0.17167
3.01.1971;0.13
4.01.1971;0.10833
5.01.1971;0.09833
6.01.1971;0.08833
7.01.1971;0.08333
8.01.1971;0.0775
9.01.1971;0.07167
10.01.1971;0.065
11.01.1971;0.05833
12.01.1971;0.05833
13.01.1971;0.05833
14.01.1971;0.0575
15.01.1971;0.05667
16.01.1971;0.05667
17.01.1971;0.05667
18.01.1971;0.05667
19.01.1971;0.055
20.01.1971;0.05333
21.01.1971;0.053
22.01.1971;0.05083
23.01.1971;0.05
24.01.1971;0.04833
25.01.1971;0.04667
26.01.1971;0.04833
27.01.1971;0.05167
28.01.1971;0.05833
29.01.1971;0.14833
30.01.1971;0.14167
31.01.1971;0.135
1.02.1971;0.125
2.02.1971;0.12
3.02.1971;0.14167
4.02.1971;0.14167
5.02.1971;0.11833
6.02.1971;0.105
7.02.1971;0.095
8.02.1971;0.085
9.02.1971;0.07667
10.02.1971;0.06833
11.02.1971;0.06167
12.02.1971;0.0575
13.02.1971;0.05167
14.02.1971;0.05
15.02.1971;0.04667
16.02.1971;0.045
17.02.1971;0.04333
18.02.1971;0.04333
19.02.1971;0.04667
20.02.1971;0.05833
21.02.1971;0.065
22.02.1971;0.065
23.02.1971;0.065
24.02.1971;0.06417
25.02.1971;0.06083
26.02.1971;0.06
27.02.1971;0.05667
28.02.1971;0.05333
1.03.1971;0.05
2.03.1971;0.04667
3.03.1971;0.045
4.03.1971;0.0425
5.03.1971;0.04
6.03.1971;0.03917
7.03.1971;0.03667
8.03.1971;0.03333
9.03.1971;0.033
10.03.1971;0.033
11.03.1971;0.03167
12.03.1971;0.03
13.03.1971;0.02917
14.03.1971;0.02917
15.03.1971;0.02833
16.03.1971;0.02917
17.03.1971;0.03
18.03.1971;0.03
19.03.1971;0.03
20.03.1971;0.03657
21.03.1971;0.04667
22.03.1971;0.055
23.03.1971;0.055
24.03.1971;0.04833
25.03.1971;0.04907
26.03.1971;0.04917
27.03.1971;0.045
28.03.1971;0.04583
29.03.1971;0.04417
30.03.1971;0.04417
31.03.1971;0.04417
1.04.1971;0.04417
2.04.1971;0.045
3.04.1971;0.04583
4.04.1971;0.04583
5.04.1971;0.04833
6.04.1971;0.04833
7.04.1971;0.05
8.04.1971;0.05167
9.04.1971;0.0525
10.04.1971;0.05167
11.04.1971;0.05
12.04.1971;0.05
13.04.1971;0.05
14.04.1971;0.05
15.04.1971;0.05167
16.04.1971;0.0521
17.04.1971;0.0525
18.04.1971;0.05083
19.04.1971;0.05
20.04.1971;0.04833
21.04.1971;0.04667
22.04.1971;0.04583
23.04.1971;0.04583
24.04.1971;0.04583
25.04.1971;0.04667
26.04.1971;0.04667
27.04.1971;0.045
28.04.1971;0.04417
29.04.1971;0.0425
30.04.1971;0.04
1.05.1971;0.04
2.05.1971;0.04833
3.05.1971;0.06833
4.05.1971;0.08333
5.05.1971;0.13333
6.05.1971;0.14167
7.05.1971;0.12667
8.05.1971;0.11333
9.05.1971;0.10667
10.05.1971;0.1
11.05.1971;0.095
12.05.1971;0.08667
13.05.1971;0.08
14.05.1971;0.075
15.05.1971;0.07167
16.05.1971;0.07167
17.05.1971;0.06167
18.05.1971;0.05833
19.05.1971;0.05833
20.05.1971;0.0575
21.05.1971;0.05667
22.05.1971;0.05667
23.05.1971;0.05417
24.05.1971;0.05167
25.05.1971;0.05
26.05.1971;0.05
27.05.1971;0.04967
28.05.1971;0.04967
29.05.1971;0.0495
30.05.1971;0.04927
31.05.1971;0.04833
1.06.1971;0.045
2.06.1971;0.04367
3.06.1971;0.04333
4.06.1971;0.04078
5.06.1971;0.04078
6.06.1971;0.04
7.06.1971;0.03917
8.06.1971;0.03833
9.06.1971;0.0375
10.06.1971;0.03667
11.06.1971;0.03667
12.06.1971;0.03667
13.06.1971;0.03667
14.06.1971;0.03667
15.06.1971;0.0375
16.06.1971;0.03667
17.06.1971;0.035
18.06.1971;0.03417
19.06.1971;0.03333
20.06.1971;0.0325
21.06.1971;0.03167
22.06.1971;0.03167
23.06.1971;0.03167
24.06.1971;0.03083
25.06.1971;0.03
26.06.1971;0.03
27.06.1971;0.03
28.06.1971;0.03
29.06.1971;0.02917
30.06.1971;0.02917
1.07.1971;0.02833
2.07.1971;0.02833
3.07.1971;0.02833
4.07.1971;0.02833
5.07.1971;0.0275
6.07.1971;0.025
7.07.1971;0.02333
8.07.1971;0.02167
9.07.1971;0.02083
10.07.1971;0.02
11.07.1971;0.01833
12.07.1971;0.0175
13.07.1971;0.0175
14.07.1971;0.0175
15.07.1971;0.0175
16.07.1971;0.0175
17.07.1971;0.0175
18.07.1971;0.0175
19.07.1971;0.0175
20.07.1971;0.0175
21.07.1971;0.0175
22.07.1971;0.0175
23.07.1971;0.0175
24.07.1971;0.0175
25.07.1971;0.01667
26.07.1971;0.01667
27.07.1971;0.015
28.07.1971;0.01667
29.07.1971;0.01667
30.07.1971;0.01667
31.07.1971;0.01667
1.08.1971;0.01667
2.08.1971;0.01667
3.08.1971;0.01667
4.08.1971;0.01667
5.08.1971;0.01667
6.08.1971;0.01667
7.08.1971;0.01667
8.08.1971;0.01583
9.08.1971;0.015
10.08.1971;0.01417
11.08.1971;0.01333
12.08.1971;0.01217
13.08.1971;0.01167
14.08.1971;0.01117
15.08.1971;0.01083
16.08.1971;0.01083
17.08.1971;0.01117
18.08.1971;0.01167
19.08.1971;0.01267
20.08.1971;0.01167
21.08.1971;0.011
22.08.1971;0.0105
23.08.1971;0.01
24.08.1971;0.0095
25.08.1971;0.00917
26.08.1971;0.00883
27.08.1971;0.00867
28.08.1971;0.00833
29.08.1971;0.00817
30.08.1971;0.008
31.08.1971;0.00783
1.09.1971;0.0075
2.09.1971;0.0075
3.09.1971;0.0075
4.09.1971;0.0075
5.09.1971;0.0075
6.09.1971;0.0075
7.09.1971;0.0075
8.09.1971;0.0075
9.09.1971;0.0075
10.09.1971;0.0075
11.09.1971;0.008
12.09.1971;0.00833
13.09.1971;0.01
14.09.1971;0.00967
15.09.1971;0.00933
16.09.1971;0.009
17.09.1971;0.00883
18.09.1971;0.00867
19.09.1971;0.0085
20.09.1971;0.0085
21.09.1971;0.0085
22.09.1971;0.0085
23.09.1971;0.01
24.09.1971;0.01167
25.09.1971;0.01133
26.09.1971;0.01033
27.09.1971;0.01
28.09.1971;0.01
29.09.1971;0.01
30.09.1971;0.00967
1.10.1971;0.00867
2.10.1971;0.00833
3.10.1971;0.008
4.10.1971;0.00733
5.10.1971;0.00733
6.10.1971;0.00733
7.10.1971;0.00733
8.10.1971;0.00733
9.10.1971;0.00767
10.10.1971;0.00833
11.10.1971;0.008
12.10.1971;0.0075
13.10.1971;0.007
14.10.1971;0.00667
15.10.1971;0.0065
16.10.1971;0.00617
17.10.1971;0.00617
18.10.1971;0.00617
19.10.1971;0.00617
20.10.1971;0.006
21.10.1971;0.00583
22.10.1971;0.00583
23.10.1971;0.00567
24.10.1971;0.00567
25.10.1971;0.0055
26.10.1971;0.00533
27.10.1971;0.00533
28.10.1971;0.00517
29.10.1971;0.005
30.10.1971;0.00483
31.10.1971;0.00483
1.11.1971;0.00467
2.11.1971;0.00467
3.11.1971;0.0045
4.11.1971;0.0045
5.11.1971;0.00442
6.11.1971;0.00433
7.11.1971;0.00433
8.11.1971;0.00433
9.11.1971;0.00433
10.11.1971;0.00433
11.11.1971;0.00433
12.11.1971;0.00433
13.11.1971;0.00433
14.11.1971;0.00425
15.11.1971;0.00425
16.11.1971;0.00425
17.11.1971;0.005
18.11.1971;0.00583
19.11.1971;0.0055
20.11.1971;0.00533
21.11.1971;0.005
22.11.1971;0.00483
23.11.1971;0.00458
24.11.1971;0.0045
25.11.1971;0.00433
26.11.1971;0.00425
27.11.1971;0.00417
28.11.1971;0.00408
29.11.1971;0.00408
30.11.1971;0.00408
1.12.1971;0.004
2.12.1971;0.004
3.12.1971;0.004
4.12.1971;0.004
5.12.1971;0.004
6.12.1971;0.00392
7.12.1971;0.00392
8.12.1971;0.00392
9.12.1971;0.00392
10.12.1971;0.00392
11.12.1971;0.00392
12.12.1971;0.00392
13.12.1971;0.00392
14.12.1971;0.00392
15.12.1971;0.00392
16.12.1971;0.00392
17.12.1971;0.00392
18.12.1971;0.004
19.12.1971;0.00417
20.12.1971;0.00433
21.12.1971;0.00417
22.12.1971;0.00408
23.12.1971;0.004
24.12.1971;0.004
25.12.1971;0.004
26.12.1971;0.004
27.12.1971;0.004
28.12.1971;0.004
29.12.1971;0.004
30.12.1971;0.00392
31.12.1971;0.00392
1.01.1972;0.00533
2.01.1972;0.0055
3.01.1972;0.00583
4.01.1972;0.00567
5.01.1972;0.00567
6.01.1972;0.0055
7.01.1972;0.0055
8.01.1972;0.00533
9.01.1972;0.00533
10.01.1972;0.00517
11.01.1972;0.00517
12.01.1972;0.00533
13.01.1972;0.00533
14.01.1972;0.0055
15.01.1972;0.0055
16.01.1972;0.00567
17.01.1972;0.00583
18.01.1972;0.005
19.01.1972;0.00483
20.01.1972;0.00483
21.01.1972;0.00467
22.01.1972;0.00433
23.01.1972;0.00417
24.01.1972;0.00383
25.01.1972;0.0035
26.01.1972;0.00333
27.01.1972;0.00317
28.01.1972;0.003
29.01.1972;0.00283
30.01.1972;0.00267
31.01.1972;0.00267
1.02.1972;0.00267
2.02.1972;0.00317
3.02.1972;0.005
4.02.1972;0.00667
5.02.1972;0.00583
6.02.1972;0.005
7.02.1972;0.005
8.02.1972;0.005
9.02.1972;0.005
10.02.1972;0.00483
11.02.1972;0.0045
12.02.1972;0.005
13.02.1972;0.00533
14.02.1972;0.00633
15.02.1972;0.00633
16.02.1972;0.00633
17.02.1972;0.00633
18.02.1972;0.0065
19.02.1972;0.0065
20.02.1972;0.0065
21.02.1972;0.0065
22.02.1972;0.00633
23.02.1972;0.00633
24.02.1972;0.00633
25.02.1972;0.0065
26.02.1972;0.007
27.02.1972;0.00717
28.02.1972;0.00733
29.02.1972;0.0075
1.03.1972;0.00767
2.03.1972;0.00767
3.03.1972;0.00783
4.03.1972;0.00783
5.03.1972;0.008
6.03.1972;0.00817
7.03.1972;0.00817
8.03.1972;0.00867
9.03.1972;0.01167
10.03.1972;0.01083
11.03.1972;0.00817
12.03.1972;0.00698
13.03.1972;0.00717
14.03.1972;0.00717
15.03.1972;0.00717
16.03.1972;0.0095
17.03.1972;0.0105
18.03.1972;0.01017
19.03.1972;0.00983
20.03.1972;0.00933
21.03.1972;0.00917
22.03.1972;0.00917
23.03.1972;0.00917
24.03.1972;0.00883
25.03.1972;0.00867
26.03.1972;0.0085
27.03.1972;0.00667
28.03.1972;0.00567
29.03.1972;0.00533
30.03.1972;0.00517
31.03.1972;0.006
1.04.1972;0.00617
2.04.1972;0.00583
3.04.1972;0.00733
4.04.1972;0.0075
5.04.1972;0.00767
6.04.1972;0.00783
7.04.1972;0.00783
8.04.1972;0.008
9.04.1972;0.00817
10.04.1972;0.00833
11.04.1972;0.00833
12.04.1972;0.00833
13.04.1972;0.00833
14.04.1972;0.00833
15.04.1972;0.00833
16.04.1972;0.00833
17.04.1972;0.00833
18.04.1972;0.01083
19.04.1972;0.02
20.04.1972;0.02667
21.04.1972;0.03
22.04.1972;0.03
23.04.1972;0.03167
24.04.1972;0.075
25.04.1972;0.09167
26.04.1972;0.08167
27.04.1972;0.06917
28.04.1972;0.05667
29.04.1972;0.05
30.04.1972;0.04333
1.05.1972;0.04167
2.05.1972;0.04083
3.05.1972;0.03833
4.05.1972;0.03667
5.05.1972;0.03167
6.05.1972;0.02833
7.05.1972;0.025
8.05.1972;0.02333
9.05.1972;0.0225
10.05.1972;0.02333
11.05.1972;0.02135
12.05.1972;0.02333
13.05.1972;0.03333
14.05.1972;0.035
15.05.1972;0.04
16.05.1972;0.05833
17.05.1972;0.28333
18.05.1972;0.45
19.05.1972;0.25
20.05.1972;0.17667
21.05.1972;0.18333
22.05.1972;0.17833
23.05.1972;0.15833
24.05.1972;0.12667
25.05.1972;0.10417
26.05.1972;0.09167
27.05.1972;0.08333
28.05.1972;0.0725
29.05.1972;0.06167
30.05.1972;0.05917
31.05.1972;0.04833
1.06.1972;0.04333
2.06.1972;0.04333
3.06.1972;0.04167
4.06.1972;0.04333
5.06.1972;0.05
6.06.1972;0.05333
7.06.1972;0.05083
8.06.1972;0.0475
9.06.1972;0.045
10.06.1972;0.0425
11.06.1972;0.04167
12.06.1972;0.04167
13.06.1972;0.03917
14.06.1972;0.03667
15.06.1972;0.035
16.06.1972;0.03083
17.06.1972;0.02833
18.06.1972;0.02667
19.06.1972;0.02667
20.06.1972;0.025
21.06.1972;0.02417
22.06.1972;0.02333
23.06.1972;0.02333
24.06.1972;0.02333
25.06.1972;0.0225
26.06.1972;0.02167
27.06.1972;0.02167
28.06.1972;0.02167
29.06.1972;0.02167
30.06.1972;0.02167
1.07.1972;0.02167
2.07.1972;0.02167
3.07.1972;0.02167
4.07.1972;0.02
5.07.1972;0.01833
6.07.1972;0.01667
7.07.1972;0.015
8.07.1972;0.01333
9.07.1972;0.0125
10.07.1972;0.01167
11.07.1972;0.01167
12.07.1972;0.01167
13.07.1972;0.01167
14.07.1972;0.01167
15.07.1972;0.01167
16.07.1972;0.01167
17.07.1972;0.01
18.07.1972;0.00983
19.07.1972;0.00983
20.07.1972;0.00967
21.07.1972;0.00967
22.07.1972;0.00967
23.07.1972;0.00967
24.07.1972;0.0095
25.07.1972;0.00833
26.07.1972;0.00767
27.07.1972;0.007
28.07.1972;0.007
29.07.1972;0.007
30.07.1972;0.007
31.07.1972;0.007
1.08.1972;0.007
2.08.1972;0.00717
3.08.1972;0.00717
4.08.1972;0.00733
5.08.1972;0.00733
6.08.1972;0.0075
7.08.1972;0.00767
8.08.1972;0.00733
9.08.1972;0.007
10.08.1972;0.00667
11.08.1972;0.006
12.08.1972;0.00567
13.08.1972;0.005
14.08.1972;0.005
15.08.1972;0.005
16.08.1972;0.005
17.08.1972;0.00533
18.08.1972;0.0055
19.08.1972;0.00567
20.08.1972;0.00583
21.08.1972;0.006
22.08.1972;0.00617
23.08.1972;0.00617
24.08.1972;0.00633
25.08.1972;0.00633
26.08.1972;0.0065
27.08.1972;0.00667
28.08.1972;0.00683
29.08.1972;0.0065
30.08.1972;0.00617
31.08.1972;0.00583
1.09.1972;0.0055
2.09.1972;0.00517
3.09.1972;0.00483
4.09.1972;0.00467
5.09.1972;0.00467
6.09.1972;0.00467
7.09.1972;0.00467
8.09.1972;0.00517
9.09.1972;0.00867
10.09.1972;0.00867
11.09.1972;0.015
12.09.1972;0.03833
13.09.1972;0.02667
14.09.1972;0.02167
15.09.1972;0.01917
16.09.1972;0.01333
17.09.1972;0.00917
18.09.1972;0.0075
19.09.1972;0.00533
20.09.1972;0.00517
21.09.1972;0.00517
22.09.1972;0.00517
23.09.1972;0.005
24.09.1972;0.005
25.09.1972;0.005
26.09.1972;0.00567
27.09.1972;0.00633
28.09.1972;0.007
29.09.1972;0.00767
30.09.1972;0.00867
1.10.1972;0.00967
2.10.1972;0.01017
3.10.1972;0.01017
4.10.1972;0.01017
5.10.1972;0.00983
6.10.1972;0.00933
7.10.1972;0.00883
8.10.1972;0.00833
9.10.1972;0.008
10.10.1972;0.008
11.10.1972;0.008
12.10.1972;0.00833
13.10.1972;0.0085
14.10.1972;0.00883
15.10.1972;0.00917
16.10.1972;0.00933
17.10.1972;0.00917
18.10.1972;0.00917
19.10.1972;0.00833
20.10.1972;0.00917
21.10.1972;0.00867
22.10.1972;0.00833
23.10.1972;0.008
24.10.1972;0.0075
25.10.1972;0.007
26.10.1972;0.0065
27.10.1972;0.00617
28.10.1972;0.00583
29.10.1972;0.00533
30.10.1972;0.005
31.10.1972;0.005
1.11.1972;0.0055
2.11.1972;0.006
3.11.1972;0.0065
4.11.1972;0.00683
5.11.1972;0.00683
6.11.1972;0.00683
7.11.1972;0.00683
8.11.1972;0.00667
9.11.1972;0.0065
10.11.1972;0.00633
11.11.1972;0.00617
12.11.1972;0.006
13.11.1972;0.00567
14.11.1972;0.00483
15.11.1972;0.00417
16.11.1972;0.00417
17.11.1972;0.00417
18.11.1972;0.00417
19.11.1972;0.00417
20.11.1972;0.00417
21.11.1972;0.00417
22.11.1972;0.00417
23.11.1972;0.00417
24.11.1972;0.00417
25.11.1972;0.00417
26.11.1972;0.00433
27.11.1972;0.00433
28.11.1972;0.00433
29.11.1972;0.00433
30.11.1972;0.00433
1.12.1972;0.00433
2.12.1972;0.00433
3.12.1972;0.00433
4.12.1972;0.004
5.12.1972;0.00367
6.12.1972;0.00367
7.12.1972;0.00367
8.12.1972;0.004
9.12.1972;0.004
10.12.1972;0.00417
11.12.1972;0.00433
12.12.1972;0.00467
13.12.1972;0.005
14.12.1972;0.00517
15.12.1972;0.0055
16.12.1972;0.00583
17.12.1972;0.006
18.12.1972;0.00633
19.12.1972;0.00633
20.12.1972;0.00667
21.12.1972;0.00717
22.12.1972;0.007
23.12.1972;0.00683
24.12.1972;0.00683
25.12.1972;0.00667
26.12.1972;0.00667
27.12.1972;0.00667
28.12.1972;0.00667
29.12.1972;0.00667
30.12.1972;0.00667
31.12.1972;0.00667
1.01.1973;0.00667
2.01.1973;0.00667
3.01.1973;0.00667
4.01.1973;0.00667
5.01.1973;0.00667
6.01.1973;0.00667
7.01.1973;0.00667
8.01.1973;0.0065
9.01.1973;0.00667
10.01.1973;0.00667
11.01.1973;0.00683
12.01.1973;0.00683
13.01.1973;0.007
14.01.1973;0.007
15.01.1973;0.00717
16.01.1973;0.00717
17.01.1973;0.00717
18.01.1973;0.0075
19.01.1973;0.0075
20.01.1973;0.0075
21.01.1973;0.0075
22.01.1973;0.0075
23.01.1973;0.0075
24.01.1973;0.0075
25.01.1973;0.0075
26.01.1973;0.0075
27.01.1973;0.0075
28.01.1973;0.0075
29.01.1973;0.00767
30.01.1973;0.00775
31.01.1973;0.00775
1.02.1973;0.00783
2.02.1973;0.00783
3.02.1973;0.00792
4.02.1973;0.00792
5.02.1973;0.008
6.02.1973;0.008
7.02.1973;0.00808
8.02.1973;0.00817
9.02.1973;0.00825
10.02.1973;0.00833
11.02.1973;0.00842
12.02.1973;0.0085
13.02.1973;0.0085
14.02.1973;0.0085
15.02.1973;0.0085
16.02.1973;0.02
17.02.1973;0.03833
18.02.1973;0.04
19.02.1973;0.04
20.02.1973;0.03967
21.02.1973;0.03833
22.02.1973;0.03667
23.02.1973;0.035
24.02.1973;0.03333
25.02.1973;0.03167
26.02.1973;0.03
27.02.1973;0.02917
28.02.1973;0.02833
1.03.1973;0.02667
2.03.1973;0.02667
3.03.1973;0.02583
4.03.1973;0.025
5.03.1973;0.02417
6.03.1973;0.02417
7.03.1973;0.02417
8.03.1973;0.02367
9.03.1973;0.02333
10.03.1973;0.023
11.03.1973;0.02283
12.03.1973;0.02283
13.03.1973;0.02
14.03.1973;0.02033
15.03.1973;0.02
16.03.1973;0.02297
17.03.1973;0.01867
18.03.1973;0.018
19.03.1973;0.01683
20.03.1973;0.01583
21.03.1973;0.01417
22.03.1973;0.01417
23.03.1973;0.01417
24.03.1973;0.01417
25.03.1973;0.01417
26.03.1973;0.01417
27.03.1973;0.01417
28.03.1973;0.014
29.03.1973;0.01383
30.03.1973;0.01367
31.03.1973;0.0135
1.04.1973;0.0135
2.04.1973;0.01333
3.04.1973;0.01333
4.04.1973;0.01283
5.04.1973;0.01217
6.04.1973;0.01167
7.04.1973;0.01133
8.04.1973;0.011
9.04.1973;0.01067
10.04.1973;0.01067
11.04.1973;0.01067
12.04.1973;0.01067
13.04.1973;0.01067
14.04.1973;0.01067
15.04.1973;0.01067
16.04.1973;0.01067
17.04.1973;0.01333
18.04.1973;0.01583
19.04.1973;0.01667
20.04.1973;0.0175
21.04.1973;0.01833
22.04.1973;0.0175
23.04.1973;0.01917
24.04.1973;0.01583
25.04.1973;0.01583
26.04.1973;0.01583
27.04.1973;0.01583
28.04.1973;0.01583
29.04.1973;0.01583
30.04.1973;0.01583
1.05.1973;0.015
2.05.1973;0.01667
3.05.1973;0.01833
4.05.1973;0.01583
5.05.1973;0.01333
6.05.1973;0.01333
7.05.1973;0.01283
8.05.1973;0.01233
9.05.1973;0.012
10.05.1973;0.01167
11.05.1973;0.01117
12.05.1973;0.01083
13.05.1973;0.0105
14.05.1973;0.01017
15.05.1973;0.00983
16.05.1973;0.00967
17.05.1973;0.00933
18.05.1973;0.009
19.05.1973;0.00867
20.05.1973;0.0085
21.05.1973;0.00833
22.05.1973;0.008
23.05.1973;0.00767
24.05.1973;0.00733
25.05.1973;0.007
26.05.1973;0.00667
27.05.1973;0.00633
28.05.1973;0.006
29.05.1973;0.00583
30.05.1973;0.00567
31.05.1973;0.0055
1.06.1973;0.00533
2.06.1973;0.005
3.06.1973;0.00483
4.06.1973;0.00483
5.06.1973;0.00483
6.06.1973;0.00483
7.06.1973;0.00533
8.06.1973;0.00683
9.06.1973;0.00683
10.06.1973;0.00683
11.06.1973;0.00683
12.06.1973;0.00683
13.06.1973;0.00633
14.06.1973;0.006
15.06.1973;0.00567
16.06.1973;0.00533
17.06.1973;0.005
18.06.1973;0.00467
19.06.1973;0.0045
20.06.1973;0.00417
21.06.1973;0.004
22.06.1973;0.00367
23.06.1973;0.00255
24.06.1973;0.01417
25.06.1973;0.0325
26.06.1973;0.03
27.06.1973;0.02667
28.06.1973;0.02333
29.06.1973;0.02
30.06.1973;0.0175
1.07.1973;0.01167
2.07.1973;0.01
3.07.1973;0.0095
4.07.1973;0.0095
5.07.1973;0.0095
6.07.1973;0.00967
7.07.1973;0.0105
8.07.1973;0.011
9.07.1973;0.011
10.07.1973;0.011
11.07.1973;0.011
12.07.1973;0.011
13.07.1973;0.011
14.07.1973;0.011
15.07.1973;0.011
16.07.1973;0.011
17.07.1973;0.011
18.07.1973;0.011
19.07.1973;0.011
20.07.1973;0.01833
21.07.1973;0.23333
22.07.1973;0.14667
23.07.1973;0.10167
24.07.1973;0.08
25.07.1973;0.065
26.07.1973;0.05333
27.07.1973;0.0425
28.07.1973;0.03917
29.07.1973;0.03583
30.07.1973;0.03333
31.07.1973;0.03083
1.08.1973;0.02917
2.08.1973;0.02667
3.08.1973;0.02417
4.08.1973;0.02167
5.08.1973;0.01917
6.08.1973;0.01667
7.08.1973;0.01583
8.08.1973;0.015
9.08.1973;0.01417
10.08.1973;0.01333
11.08.1973;0.0125
12.08.1973;0.01167
13.08.1973;0.01083
14.08.1973;0.0105
15.08.1973;0.01017
16.08.1973;0.00983
17.08.1973;0.0095
18.08.1973;0.009
19.08.1973;0.00867
20.08.1973;0.00833
21.08.1973;0.008
22.08.1973;0.0075
23.08.1973;0.007
24.08.1973;0.00667
25.08.1973;0.00617
26.08.1973;0.0055
27.08.1973;0.00483
28.08.1973;0.00483
29.08.1973;0.00483
30.08.1973;0.00483
31.08.1973;0.00483
1.09.1973;0.00467
2.09.1973;0.00467
3.09.1973;0.00467
4.09.1973;0.00467
5.09.1973;0.00467
6.09.1973;0.00467
7.09.1973;0.00467
8.09.1973;0.00467
9.09.1973;0.00467
10.09.1973;0.00467
11.09.1973;0.00467
12.09.1973;0.00467
13.09.1973;0.00467
14.09.1973;0.00467
15.09.1973;0.00467
16.09.1973;0.00467
17.09.1973;0.00467
18.09.1973;0.00467
19.09.1973;0.00483
20.09.1973;0.005
21.09.1973;0.00517
22.09.1973;0.00533
23.09.1973;0.0055
24.09.1973;0.00567
25.09.1973;0.00567
26.09.1973;0.00533
27.09.1973;0.005
28.09.1973;0.0045
29.09.1973;0.00417
30.09.1973;0.00383
1.10.1973;0.00333
2.10.1973;0.00333
3.10.1973;0.00333
4.10.1973;0.00333
5.10.1973;0.00333
6.10.1973;0.00333
7.10.1973;0.00333
8.10.1973;0.00333
9.10.1973;0.00333
10.10.1973;0.00333
11.10.1973;0.00333
12.10.1973;0.00333
13.10.1973;0.00333
14.10.1973;0.00333
15.10.1973;0.00333
16.10.1973;0.00333
17.10.1973;0.00333
18.10.1973;0.00333
19.10.1973;0.00333
20.10.1973;0.00333
21.10.1973;0.00333
22.10.1973;0.00333
23.10.1973;0.00333
24.10.1973;0.00333
25.10.1973;0.00333
26.10.1973;0.00317
27.10.1973;0.00317
28.10.1973;0.00317
29.10.1973;0.003
30.10.1973;0.003
31.10.1973;0.003
1.11.1973;0.003
2.11.1973;0.003
3.11.1973;0.003
4.11.1973;0.003
5.11.1973;0.003
6.11.1973;0.003
7.11.1973;0.003
8.11.1973;0.003
9.11.1973;0.00283
10.11.1973;0.00267
11.11.1973;0.00267
12.11.1973;0.00267
13.11.1973;0.00267
14.11.1973;0.0025
15.11.1973;0.0025
16.11.1973;0.0025
17.11.1973;0.0025
18.11.1973;0.0025
19.11.1973;0.00233
20.11.1973;0.00233
21.11.1973;0.00233
22.11.1973;0.00233
23.11.1973;0.00233
24.11.1973;0.00233
25.11.1973;0.00233
26.11.1973;0.00233
27.11.1973;0.00233
28.11.1973;0.00233
29.11.1973;0.0025
30.11.1973;0.0025
1.12.1973;0.00233
2.12.1973;0.002
3.12.1973;0.0015
4.12.1973;0.0015
5.12.1973;0.00167
6.12.1973;0.00167
7.12.1973;0.00183
8.12.1973;0.002
9.12.1973;0.002
10.12.1973;0.00183
11.12.1973;0.0015
12.12.1973;0.00167
13.12.1973;0.00183
14.12.1973;0.0025
15.12.1973;0.00233
16.12.1973;0.00217
17.12.1973;0.002
18.12.1973;0.002
19.12.1973;0.002
20.12.1973;0.00183
21.12.1973;0.00183
22.12.1973;0.00183
23.12.1973;0.00167
24.12.1973;0.00167
25.12.1973;0.00167
26.12.1973;0.00183
27.12.1973;0.00217
28.12.1973;0.0025
29.12.1973;0.00283
30.12.1973;0.003
31.12.1973;0.003
1.01.1974;0.0025
2.01.1974;0.00183
3.01.1974;0.00183
4.01.1974;0.00217
5.01.1974;0.00333
6.01.1974;0.00433
7.01.1974;0.0055
8.01.1974;0.00433
9.01.1974;0.00433
10.01.1974;0.00467
11.01.1974;0.005
12.01.1974;0.00517
13.01.1974;0.0055
14.01.1974;0.00583
15.01.1974;0.00583
16.01.1974;0.00583
17.01.1974;0.00583
18.01.1974;0.00583
19.01.1974;0.00583
20.01.1974;0.00583
21.01.1974;0.00583
22.01.1974;0.00583
23.01.1974;0.00583
24.01.1974;0.00683
25.01.1974;0.00683
26.01.1974;0.00683
27.01.1974;0.00683
28.01.1974;0.00683
29.01.1974;0.00683
30.01.1974;0.00683
31.01.1974;0.00683
1.02.1974;0.007
2.02.1974;0.007
3.02.1974;0.00717
4.02.1974;0.00733
5.02.1974;0.00733
6.02.1974;0.00733
7.02.1974;0.03
8.02.1974;0.13333
9.02.1974;0.08833
10.02.1974;0.06417
11.02.1974;0.04583
12.02.1974;0.04167
13.02.1974;0.04
14.02.1974;0.0375
15.02.1974;0.035
16.02.1974;0.03417
17.02.1974;0.0275
18.02.1974;0.023
19.02.1974;0.023
20.02.1974;0.023
21.02.1974;0.02083
22.02.1974;0.02
23.02.1974;0.01917
24.02.1974;0.01667
25.02.1974;0.01517
26.02.1974;0.01517
27.02.1974;0.01517
28.02.1974;0.01517
1.03.1974;0.01417
2.03.1974;0.01417
3.03.1974;0.01383
4.03.1974;0.01333
5.03.1974;0.01333
6.03.1974;0.01333
7.03.1974;0.01333
8.03.1974;0.01333
9.03.1974;0.01333
10.03.1974;0.01133
11.03.1974;0.0095
12.03.1974;0.009
13.03.1974;0.00867
14.03.1974;0.00833
15.03.1974;0.008
16.03.1974;0.00767
17.03.1974;0.00733
18.03.1974;0.007
19.03.1974;0.007
20.03.1974;0.00667
21.03.1974;0.00583
22.03.1974;0.00533
23.03.1974;0.005
24.03.1974;0.005
25.03.1974;0.00467
26.03.1974;0.00467
27.03.1974;0.00467
28.03.1974;0.00467
29.03.1974;0.00467
30.03.1974;0.00467
31.03.1974;0.00467
1.04.1974;0.00467
2.04.1974;0.00467
3.04.1974;0.00467
4.04.1974;0.00467
5.04.1974;0.00467
6.04.1974;0.00467
7.04.1974;0.00467
8.04.1974;0.00467
9.04.1974;0.00467
10.04.1974;0.00567
11.04.1974;0.00533
12.04.1974;0.005
13.04.1974;0.00533
14.04.1974;0.00633
15.04.1974;0.00583
16.04.1974;0.00533
17.04.1974;0.00467
18.04.1974;0.00467
19.04.1974;0.00467
20.04.1974;0.00467
21.04.1974;0.00467
22.04.1974;0.00467
23.04.1974;0.00467
24.04.1974;0.00467
25.04.1974;0.00467
26.04.1974;0.00467
27.04.1974;0.00667
28.04.1974;0.006
29.04.1974;0.00533
30.04.1974;0.00567
1.05.1974;0.00567
2.05.1974;0.00567
3.05.1974;0.00567
4.05.1974;0.00567
5.05.1974;0.00567
6.05.1974;0.00667
7.05.1974;0.00833
8.05.1974;0.01
9.05.1974;0.01
10.05.1974;0.01
11.05.1974;0.0105
12.05.1974;0.01667
13.05.1974;0.02667
14.05.1974;0.03333
15.05.1974;0.35
16.05.1974;0.35
17.05.1974;0.38333
18.05.1974;0.3
19.05.1974;0.20833
20.05.1974;0.15
21.05.1974;0.1
22.05.1974;0.08167
23.05.1974;0.07333
24.05.1974;0.06167
25.05.1974;0.05583
26.05.1974;0.05083
27.05.1974;0.045
28.05.1974;0.04
29.05.1974;0.03583
30.05.1974;0.035
31.05.1974;0.03167
1.06.1974;0.03
2.06.1974;0.02667
3.06.1974;0.025
4.06.1974;0.02333
5.06.1974;0.02167
6.06.1974;0.02
7.06.1974;0.02
8.06.1974;0.01917
9.06.1974;0.01833
10.06.1974;0.01833
11.06.1974;0.018
12.06.1974;0.01783
13.06.1974;0.01783
14.06.1974;0.01783
15.06.1974;0.01783
16.06.1974;0.01783
17.06.1974;0.01783
18.06.1974;0.01783
19.06.1974;0.02167
20.06.1974;0.04417
21.06.1974;0.04417
22.06.1974;0.04
23.06.1974;0.0375
24.06.1974;0.0375
25.06.1974;0.0375
26.06.1974;0.0375
27.06.1974;0.0375
28.06.1974;0.0375
29.06.1974;0.03833
30.06.1974;0.035
1.07.1974;0.03333
2.07.1974;0.03083
3.07.1974;0.02833
4.07.1974;0.02667
5.07.1974;0.02583
6.07.1974;0.02417
7.07.1974;0.02333
8.07.1974;0.02167
9.07.1974;0.02
10.07.1974;0.01833
11.07.1974;0.0175
12.07.1974;0.017
13.07.1974;0.01667
14.07.1974;0.01583
15.07.1974;0.01417
16.07.1974;0.01333
17.07.1974;0.01217
18.07.1974;0.01217
19.07.1974;0.01217
20.07.1974;0.01167
21.07.1974;0.01167
22.07.1974;0.01167
23.07.1974;0.01067
24.07.1974;0.0095
25.07.1974;0.0095
26.07.1974;0.0095
27.07.1974;0.00917
28.07.1974;0.008
29.07.1974;0.00733
30.07.1974;0.00717
31.07.1974;0.00683
1.08.1974;0.00683
2.08.1974;0.00683
3.08.1974;0.00683
4.08.1974;0.00683
5.08.1974;0.00683
6.08.1974;0.00683
7.08.1974;0.00683
8.08.1974;0.00683
9.08.1974;0.00683
10.08.1974;0.00683
11.08.1974;0.00683
12.08.1974;0.00683
13.08.1974;0.00683
14.08.1974;0.00683
15.08.1974;0.00683
16.08.1974;0.00683
17.08.1974;0.00667
18.08.1974;0.0065
19.08.1974;0.00633
20.08.1974;0.006
21.08.1974;0.00567
22.08.1974;0.00667
23.08.1974;0.01467
24.08.1974;0.09833
25.08.1974;0.075
26.08.1974;0.06
27.08.1974;0.04667
28.08.1974;0.035
29.08.1974;0.02917
30.08.1974;0.0275
31.08.1974;0.02333
1.09.1974;0.02
2.09.1974;0.01917
3.09.1974;0.01792
4.09.1974;0.01783
5.09.1974;0.01667
6.09.1974;0.0155
7.09.1974;0.01417
8.09.1974;0.013
9.09.1974;0.01183
10.09.1974;0.01067
11.09.1974;0.0095
12.09.1974;0.0095
13.09.1974;0.0095
14.09.1974;0.00917
15.09.1974;0.00867
16.09.1974;0.00833
17.09.1974;0.00767
18.09.1974;0.00683
19.09.1974;0.00683
20.09.1974;0.00683
21.09.1974;0.00683
22.09.1974;0.00683
23.09.1974;0.00683
24.09.1974;0.007
25.09.1974;0.007
26.09.1974;0.00767
27.09.1974;0.00733
28.09.1974;0.007
29.09.1974;0.007
30.09.1974;0.00683
1.10.1974;0.0065
2.10.1974;0.00633
3.10.1974;0.00617
4.10.1974;0.00833
5.10.1974;0.00967
6.10.1974;0.03
7.10.1974;0.11667
8.10.1974;0.095
9.10.1974;0.07667
10.10.1974;0.0725
11.10.1974;0.0675
12.10.1974;0.06083
13.10.1974;0.07
14.10.1974;0.20833
15.10.1974;0.25
16.10.1974;0.29167
17.10.1974;0.24167
18.10.1974;0.14167
19.10.1974;0.11
20.10.1974;0.10833
21.10.1974;0.6
22.10.1974;0.81667
23.10.1974;0.61667
24.10.1974;0.29167
25.10.1974;0.2
26.10.1974;0.16
27.10.1974;0.12833
28.10.1974;0.11167
29.10.1974;0.1
30.10.1974;0.09
31.10.1974;0.08917
1.11.1974;0.0875
2.11.1974;0.08583
3.11.1974;0.08083
4.11.1974;0.075
5.11.1974;0.0675
6.11.1974;0.06333
7.11.1974;0.06
8.11.1974;0.05667
9.11.1974;0.05352
10.11.1974;0.05
11.11.1974;0.04667
12.11.1974;0.04333
13.11.1974;0.04
14.11.1974;0.03833
15.11.1974;0.03667
16.11.1974;0.03333
17.11.1974;0.0325
18.11.1974;0.03
19.11.1974;0.03
20.11.1974;0.02967
21.11.1974;0.02917
22.11.1974;0.028
23.11.1974;0.02667
24.11.1974;0.025
25.11.1974;0.02333
26.11.1974;0.02333
27.11.1974;0.02667
28.11.1974;0.02667
29.11.1974;0.03083
30.11.1974;0.0425
1.12.1974;0.045
2.12.1974;0.04
3.12.1974;0.03833
4.12.1974;0.03583
5.12.1974;0.03583
6.12.1974;0.03583
7.12.1974;0.03633
8.12.1974;0.04
9.12.1974;0.04417
10.12.1974;0.04667
11.12.1974;0.04667
12.12.1974;0.04733
13.12.1974;0.04917
14.12.1974;0.04667
15.12.1974;0.04667
16.12.1974;0.04667
17.12.1974;0.04667
18.12.1974;0.04583
19.12.1974;0.04417
20.12.1974;0.04167
21.12.1974;0.04083
22.12.1974;0.04083
23.12.1974;0.04033
24.12.1974;0.04
25.12.1974;0.04
26.12.1974;0.04
27.12.1974;0.04
28.12.1974;0.04417
29.12.1974;0.06333
30.12.1974;0.11167
31.12.1974;0.11667
1.01.1975;0.11667
2.01.1975;0.10717
3.01.1975;0.09417
4.01.1975;0.08667
5.01.1975;0.08
6.01.1975;0.07333
7.01.1975;0.06917
8.01.1975;0.06667
9.01.1975;0.05667
10.01.1975;0.05167
11.01.1975;0.05
12.01.1975;0.04667
13.01.1975;0.04333
14.01.1975;0.04083
15.01.1975;0.03833
16.01.1975;0.0375
17.01.1975;0.03583
18.01.1975;0.03417
19.01.1975;0.0325
20.01.1975;0.03
21.01.1975;0.03
22.01.1975;0.02917
23.01.1975;0.02917
24.01.1975;0.02917
25.01.1975;0.02917
26.01.1975;0.02917
27.01.1975;0.02833
28.01.1975;0.02833
29.01.1975;0.02833
30.01.1975;0.02417
31.01.1975;0.02333
1.02.1975;0.02167
2.02.1975;0.02
3.02.1975;0.02
4.02.1975;0.02
5.02.1975;0.02
6.02.1975;0.01967
7.02.1975;0.01967
8.02.1975;0.01967
9.02.1975;0.01933
10.02.1975;0.01917
11.02.1975;0.01917
12.02.1975;0.019
13.02.1975;0.019
14.02.1975;0.019
15.02.1975;0.019
16.02.1975;0.0175
17.02.1975;0.01417
18.02.1975;0.01417
19.02.1975;0.01367
20.02.1975;0.01367
21.02.1975;0.01333
22.02.1975;0.013
23.02.1975;0.01267
24.02.1975;0.01233
25.02.1975;0.012
26.02.1975;0.01167
27.02.1975;0.01167
28.02.1975;0.01167
1.03.1975;0.01167
2.03.1975;0.01167
3.03.1975;0.01167
4.03.1975;0.01167
5.03.1975;0.01167
6.03.1975;0.01133
7.03.1975;0.011
8.03.1975;0.01067
9.03.1975;0.0105
10.03.1975;0.01033
11.03.1975;0.01
12.03.1975;0.00983
13.03.1975;0.00983
14.03.1975;0.01
15.03.1975;0.01033
16.03.1975;0.0175
17.03.1975;0.03
18.03.1975;0.08333
19.03.1975;0.1125
20.03.1975;0.11083
21.03.1975;0.09533
22.03.1975;0.085
23.03.1975;0.07917
24.03.1975;0.07167
25.03.1975;0.06667
26.03.1975;0.06
27.03.1975;0.05833
28.03.1975;0.05333
29.03.1975;0.05167
30.03.1975;0.05417
31.03.1975;0.07083
1.04.1975;0.08417
2.04.1975;0.085
3.04.1975;0.085
4.04.1975;0.07917
5.04.1975;0.07
6.04.1975;0.06667
7.04.1975;0.06333
8.04.1975;0.06
9.04.1975;0.05667
10.04.1975;0.05667
11.04.1975;0.22333
12.04.1975;0.29167
13.04.1975;0.225
14.04.1975;0.17
15.04.1975;0.14167
16.04.1975;0.12
17.04.1975;0.1
18.04.1975;0.085
19.04.1975;0.07333
20.04.1975;0.06833
21.04.1975;0.06
22.04.1975;0.05333
23.04.1975;0.05
24.04.1975;0.05
25.04.1975;0.05
26.04.1975;0.04833
27.04.1975;0.04333
28.04.1975;0.04
29.04.1975;0.03917
30.04.1975;0.0375
1.05.1975;0.03667
2.05.1975;0.03417
3.05.1975;0.03333
4.05.1975;0.03333
5.05.1975;0.03167
6.05.1975;0.02833
7.05.1975;0.02667
8.05.1975;0.02667
9.05.1975;0.02667
10.05.1975;0.02583
11.05.1975;0.025
12.05.1975;0.02417
13.05.1975;0.02417
14.05.1975;0.02333
15.05.1975;0.02333
16.05.1975;0.02333
17.05.1975;0.0225
18.05.1975;0.02167
19.05.1975;0.02
20.05.1975;0.01833
21.05.1975;0.01667
22.05.1975;0.01667
23.05.1975;0.01667
24.05.1975;0.016
25.05.1975;0.0155
26.05.1975;0.0145
27.05.1975;0.014
28.05.1975;0.014
29.05.1975;0.01383
30.05.1975;0.01367
31.05.1975;0.0135
1.06.1975;0.01333
2.06.1975;0.01283
3.06.1975;0.0125
4.06.1975;0.012
5.06.1975;0.01
6.06.1975;0.01
7.06.1975;0.01
8.06.1975;0.01083
9.06.1975;0.01167
10.06.1975;0.01333
11.06.1975;0.01667
12.06.1975;0.0175
13.06.1975;0.01833
14.06.1975;0.0175
15.06.1975;0.01667
16.06.1975;0.01667
17.06.1975;0.01667
18.06.1975;0.01667
19.06.1975;0.0175
20.06.1975;0.0175
21.06.1975;0.0175
22.06.1975;0.19167
23.06.1975;0.1375
24.06.1975;0.105
25.06.1975;0.08917
26.06.1975;0.14167
27.06.1975;0.13333
28.06.1975;0.10917
29.06.1975;0.09
30.06.1975;0.07583
1.07.1975;0.06667
2.07.1975;0.06
3.07.1975;0.05833
4.07.1975;0.055
5.07.1975;0.05167
6.07.1975;0.04667
7.07.1975;0.04333
8.07.1975;0.04
9.07.1975;0.03667
10.07.1975;0.035
11.07.1975;0.03333
12.07.1975;0.03083
13.07.1975;0.02917
14.07.1975;0.0275
15.07.1975;0.0275
16.07.1975;0.02667
17.07.1975;0.02667
18.07.1975;0.02583
19.07.1975;0.025
20.07.1975;0.02583
21.07.1975;0.025
22.07.1975;0.025
23.07.1975;0.02417
24.07.1975;0.02333
25.07.1975;0.02167
26.07.1975;0.02133
27.07.1975;0.02033
28.07.1975;0.01983
29.07.1975;0.01867
30.07.1975;0.0175
31.07.1975;0.017
1.08.1975;0.01667
2.08.1975;0.01583
3.08.1975;0.015
4.08.1975;0.01417
5.08.1975;0.0134
6.08.1975;0.0134
7.08.1975;0.0134
8.08.1975;0.0134
9.08.1975;0.0134
10.08.1975;0.0135
11.08.1975;0.01333
12.08.1975;0.013
13.08.1975;0.01283
14.08.1975;0.01268
15.08.1975;0.01233
16.08.1975;0.012
17.08.1975;0.0115
18.08.1975;0.011
19.08.1975;0.0105
20.08.1975;0.01017
21.08.1975;0.01
22.08.1975;0.01
23.08.1975;0.01
24.08.1975;0.01
25.08.1975;0.01
26.08.1975;0.01
27.08.1975;0.01
28.08.1975;0.01
29.08.1975;0.01
30.08.1975;0.01
31.08.1975;0.01
1.09.1975;0.01017
2.09.1975;0.01017
3.09.1975;0.01017
4.09.1975;0.01017
5.09.1975;0.01017
6.09.1975;0.01
7.09.1975;0.00983
8.09.1975;0.00983
9.09.1975;0.00967
10.09.1975;0.0095
11.09.1975;0.00933
12.09.1975;0.00917
13.09.1975;0.009
14.09.1975;0.00867
15.09.1975;0.00817
16.09.1975;0.008
17.09.1975;0.00783
18.09.1975;0.00783
19.09.1975;0.00783
20.09.1975;0.00783
21.09.1975;0.008
22.09.1975;0.008
23.09.1975;0.008
24.09.1975;0.008
25.09.1975;0.008
26.09.1975;0.008
27.09.1975;0.00783
28.09.1975;0.00767
29.09.1975;0.0075
30.09.1975;0.00717
1.10.1975;0.007
2.10.1975;0.007
3.10.1975;0.007
4.10.1975;0.00683
5.10.1975;0.00683
6.10.1975;0.00667
7.10.1975;0.00667
8.10.1975;0.00667
9.10.1975;0.00667
10.10.1975;0.00667
11.10.1975;0.00667
12.10.1975;0.00667
13.10.1975;0.00667
14.10.1975;0.00667
15.10.1975;0.00667
16.10.1975;0.00667
17.10.1975;0.00667
18.10.1975;0.01067
19.10.1975;0.02083
20.10.1975;0.02
21.10.1975;0.01833
22.10.1975;0.02
23.10.1975;0.02
24.10.1975;0.02
25.10.1975;0.01967
26.10.1975;0.01883
27.10.1975;0.01867
28.10.1975;0.01833
29.10.1975;0.01783
30.10.1975;0.01783
31.10.1975;0.01783
1.11.1975;0.01667
2.11.1975;0.01417
3.11.1975;0.01333
4.11.1975;0.01217
5.11.1975;0.01033
6.11.1975;0.01033
7.11.1975;0.01017
8.11.1975;0.01
9.11.1975;0.0095
10.11.1975;0.009
11.11.1975;0.00867
12.11.1975;0.00833
13.11.1975;0.00833
14.11.1975;0.00833
15.11.1975;0.00833
16.11.1975;0.00833
17.11.1975;0.00833
18.11.1975;0.00833
19.11.1975;0.00833
20.11.1975;0.00833
21.11.1975;0.00833
22.11.1975;0.008
23.11.1975;0.00767
24.11.1975;0.00733
25.11.1975;0.007
26.11.1975;0.00683
27.11.1975;0.00667
28.11.1975;0.0065
29.11.1975;0.00633
30.11.1975;0.00617
1.12.1975;0.006
2.12.1975;0.0065
3.12.1975;0.00567
4.12.1975;0.00583
5.12.1975;0.00617
6.12.1975;0.00633
7.12.1975;0.00667
8.12.1975;0.0065
9.12.1975;0.00683
10.12.1975;0.0075
11.12.1975;0.0075
12.12.1975;0.00733
13.12.1975;0.00733
14.12.1975;0.00733
15.12.1975;0.00717
16.12.1975;0.00717
17.12.1975;0.00717
18.12.1975;0.11167
19.12.1975;0.09
20.12.1975;0.06667
21.12.1975;0.04583
22.12.1975;0.03667
23.12.1975;0.03667
24.12.1975;0.03667
25.12.1975;0.035
26.12.1975;0.03167
27.12.1975;0.02917
28.12.1975;0.02583
29.12.1975;0.02333
30.12.1975;0.0225
31.12.1975;0.02117
1.01.1976;0.02
2.01.1976;0.01917
3.01.1976;0.0175
4.01.1976;0.01667
5.01.1976;0.01583
6.01.1976;0.015
7.01.1976;0.01467
8.01.1976;0.01483
9.01.1976;0.015
10.01.1976;0.0155
11.01.1976;0.01583
12.01.1976;0.01667
13.01.1976;0.01833
14.01.1976;0.02
15.01.1976;0.022
16.01.1976;0.0225
17.01.1976;0.0225
18.01.1976;0.02167
19.01.1976;0.02
20.01.1976;0.02
21.01.1976;0.01917
22.01.1976;0.0175
23.01.1976;0.017
24.01.1976;0.01667
25.01.1976;0.01667
26.01.1976;0.01667
27.01.1976;0.01667
28.01.1976;0.01667
29.01.1976;0.01583
30.01.1976;0.01417
31.01.1976;0.01333
1.02.1976;0.01333
2.02.1976;0.0125
3.02.1976;0.01167
4.02.1976;0.01167
5.02.1976;0.01167
6.02.1976;0.01167
7.02.1976;0.01083
8.02.1976;0.01067
9.02.1976;0.0105
10.02.1976;0.01033
11.02.1976;0.01017
12.02.1976;0.0105
13.02.1976;0.00967
14.02.1976;0.00967
15.02.1976;0.00933
16.02.1976;0.00867
17.02.1976;0.00833
18.02.1976;0.00833
19.02.1976;0.008
20.02.1976;0.00767
21.02.1976;0.00833
22.02.1976;0.00867
23.02.1976;0.00917
24.02.1976;0.009
25.02.1976;0.00883
26.02.1976;0.00883
27.02.1976;0.00883
28.02.1976;0.00933
29.02.1976;0.00983
1.03.1976;0.00983
2.03.1976;0.00983
3.03.1976;0.00983
4.03.1976;0.00983
5.03.1976;0.00983
6.03.1976;0.00983
7.03.1976;0.00983
8.03.1976;0.00983
9.03.1976;0.00983
10.03.1976;0.00983
11.03.1976;0.00983
12.03.1976;0.01033
13.03.1976;0.01033
14.03.1976;0.01033
15.03.1976;0.01033
16.03.1976;0.00833
17.03.1976;0.00833
18.03.1976;0.00833
19.03.1976;0.00833
20.03.1976;0.02
21.03.1976;0.0225
22.03.1976;0.0225
23.03.1976;0.02167
24.03.1976;0.01667
25.03.1976;0.0125
26.03.1976;0.01833
27.03.1976;0.02
28.03.1976;0.02083
29.03.1976;0.01833
30.03.1976;0.01917
31.03.1976;0.02083
1.04.1976;0.02
2.04.1976;0.02167
3.04.1976;0.02333
4.04.1976;0.02417
5.04.1976;0.02417
6.04.1976;0.02417
7.04.1976;0.02417
8.04.1976;0.025
9.04.1976;0.02333
10.04.1976;0.02167
11.04.1976;0.02333
12.04.1976;0.0225
13.04.1976;0.02167
14.04.1976;0.02083
15.04.1976;0.01917
16.04.1976;0.01667
17.04.1976;0.01583
18.04.1976;0.015
19.04.1976;0.015
20.04.1976;0.01417
21.04.1976;0.015
22.04.1976;0.01667
23.04.1976;0.01583
24.04.1976;0.015
25.04.1976;0.01583
26.04.1976;0.015
27.04.1976;0.01583
28.04.1976;0.01667
29.04.1976;0.01917
30.04.1976;0.02
1.05.1976;0.0225
2.05.1976;0.025
3.05.1976;0.025
4.05.1976;0.025
5.05.1976;0.025
6.05.1976;0.02417
7.05.1976;0.025
8.05.1976;0.025
9.05.1976;0.02367
10.05.1976;0.02367
11.05.1976;0.02333
12.05.1976;0.023
13.05.1976;0.02333
14.05.1976;0.023
15.05.1976;0.02
16.05.1976;0.01917
17.05.1976;0.0175
18.05.1976;0.01667
19.05.1976;0.017
20.05.1976;0.017
21.05.1976;0.01667
22.05.1976;0.01667
23.05.1976;0.01583
24.05.1976;0.01583
25.05.1976;0.01333
26.05.1976;0.015
27.05.1976;0.01333
28.05.1976;0.02373
29.05.1976;0.0725
30.05.1976;0.075
31.05.1976;0.07333
1.06.1976;0.07333
2.06.1976;0.06667
3.06.1976;0.065
4.06.1976;0.05833
5.06.1976;0.04917
6.06.1976;0.04667
7.06.1976;0.04333
8.06.1976;0.04167
9.06.1976;0.037
10.06.1976;0.03583
11.06.1976;0.03333
12.06.1976;0.03167
13.06.1976;0.03
14.06.1976;0.02833
15.06.1976;0.02583
16.06.1976;0.025
17.06.1976;0.025
18.06.1976;0.0225
19.06.1976;0.02167
20.06.1976;0.02
21.06.1976;0.0175
22.06.1976;0.017
23.06.1976;0.017
24.06.1976;0.01667
25.06.1976;0.01583
26.06.1976;0.015
27.06.1976;0.01417
28.06.1976;0.0125
29.06.1976;0.01217
30.06.1976;0.01167
1.07.1976;0.01083
2.07.1976;0.01
3.07.1976;0.009
4.07.1976;0.009
5.07.1976;0.00833
6.07.1976;0.0075
7.07.1976;0.00667
8.07.1976;0.00667
9.07.1976;0.00717
10.07.1976;0.0075
11.07.1976;0.0075
12.07.1976;0.00767
13.07.1976;0.00767
14.07.1976;0.00783
15.07.1976;0.0075
16.07.1976;0.00717
17.07.1976;0.00667
18.07.1976;0.00667
19.07.1976;0.00667
20.07.1976;0.00667
21.07.1976;0.00667
22.07.1976;0.00667
23.07.1976;0.00533
24.07.1976;0.005
25.07.1976;0.005
26.07.1976;0.0055
27.07.1976;0.00583
28.07.1976;0.00633
29.07.1976;0.00633
30.07.1976;0.00667
31.07.1976;0.00667
1.08.1976;0.00667
2.08.1976;0.00633
3.08.1976;0.00583
4.08.1976;0.0055
5.08.1976;0.005
6.08.1976;0.00433
7.08.1976;0.00433
8.08.1976;0.00433
9.08.1976;0.00433
10.08.1976;0.00467
11.08.1976;0.005
12.08.1976;0.00467
13.08.1976;0.00467
14.08.1976;0.00467
15.08.1976;0.00467
16.08.1976;0.00433
17.08.1976;0.00433
18.08.1976;0.00433
19.08.1976;0.00433
20.08.1976;0.00433
21.08.1976;0.004
22.08.1976;0.004
23.08.1976;0.00367
24.08.1976;0.00367
25.08.1976;0.00367
26.08.1976;0.00367
27.08.1976;0.00333
28.08.1976;0.00333
29.08.1976;0.00383
30.08.1976;0.00383
31.08.1976;0.00383
1.09.1976;0.00383
2.09.1976;0.00383
3.09.1976;0.00383
4.09.1976;0.00383
5.09.1976;0.00383
6.09.1976;0.00383
7.09.1976;0.00383
8.09.1976;0.00383
9.09.1976;0.0035
10.09.1976;0.00367
11.09.1976;0.00333
12.09.1976;0.00317
13.09.1976;0.003
14.09.1976;0.00283
15.09.1976;0.00367
16.09.1976;0.00383
17.09.1976;0.0045
18.09.1976;0.00667
19.09.1976;0.00833
20.09.1976;0.00833
21.09.1976;0.008
22.09.1976;0.008
23.09.1976;0.008
24.09.1976;0.008
25.09.1976;0.007
26.09.1976;0.00583
27.09.1976;0.005
28.09.1976;0.00467
29.09.1976;0.00433
30.09.1976;0.00467
1.10.1976;0.00417
2.10.1976;0.00417
3.10.1976;0.00417
4.10.1976;0.00417
5.10.1976;0.00417
6.10.1976;0.00367
7.10.1976;0.004
8.10.1976;0.00433
9.10.1976;0.005
10.10.1976;0.005
11.10.1976;0.00533
12.10.1976;0.00567
13.10.1976;0.006
14.10.1976;0.006
15.10.1976;0.005
16.10.1976;0.00433
17.10.1976;0.005
18.10.1976;0.04833
19.10.1976;0.04917
20.10.1976;0.03833
21.10.1976;0.0325
22.10.1976;0.02867
23.10.1976;0.025
24.10.1976;0.0225
25.10.1976;0.01833
26.10.1976;0.01667
27.10.1976;0.018
28.10.1976;0.01667
29.10.1976;0.01667
30.10.1976;0.015
31.10.1976;0.03333
1.11.1976;0.05667
2.11.1976;0.05167
3.11.1976;0.04917
4.11.1976;0.04167
5.11.1976;0.03667
6.11.1976;0.03167
7.11.1976;0.03
8.11.1976;0.025
9.11.1976;0.025
10.11.1976;0.02333
11.11.1976;0.02333
12.11.1976;0.025
13.11.1976;0.02533
14.11.1976;0.026
15.11.1976;0.03833
16.11.1976;0.0775
17.11.1976;0.15833
18.11.1976;0.145
19.11.1976;0.12333
20.11.1976;0.10333
21.11.1976;0.08633
22.11.1976;0.07667
23.11.1976;0.06833
24.11.1976;0.05917
25.11.1976;0.055
26.11.1976;0.04833
27.11.1976;0.045
28.11.1976;0.0425
29.11.1976;0.03833
30.11.1976;0.03583
1.12.1976;0.0355
2.12.1976;0.16667
3.12.1976;0.64167
4.12.1976;0.49167
5.12.1976;0.25833
6.12.1976;0.21667
7.12.1976;0.18333
8.12.1976;0.33333
9.12.1976;0.375
10.12.1976;0.25833
11.12.1976;0.195
12.12.1976;0.15333
13.12.1976;0.12167
14.12.1976;0.10167
15.12.1976;0.0875
16.12.1976;0.08333
17.12.1976;0.07583
18.12.1976;0.06833
19.12.1976;0.065
20.12.1976;0.06583
21.12.1976;0.06833
22.12.1976;0.069
23.12.1976;0.069
24.12.1976;0.06867
25.12.1976;0.06867
26.12.1976;0.06583
27.12.1976;0.06
28.12.1976;0.05583
29.12.1976;0.055
30.12.1976;0.05167
31.12.1976;0.0475
1.01.1977;0.04417
2.01.1977;0.0425
3.01.1977;0.03833
4.01.1977;0.035
5.01.1977;0.033
6.01.1977;0.033
7.01.1977;0.033
8.01.1977;0.033
9.01.1977;0.0325
10.01.1977;0.03167
11.01.1977;0.03
12.01.1977;0.02917
13.01.1977;0.07
14.01.1977;0.18333
15.01.1977;0.15333
16.01.1977;0.13333
17.01.1977;0.11833
18.01.1977;0.11333
19.01.1977;0.11083
20.01.1977;0.10333
21.01.1977;0.095
22.01.1977;0.08667
23.01.1977;0.07667
24.01.1977;0.07167
25.01.1977;0.06533
26.01.1977;0.06333
27.01.1977;0.11083
28.01.1977;0.13667
29.01.1977;0.15
30.01.1977;0.15
31.01.1977;0.18
1.02.1977;0.17167
2.02.1977;0.14833
3.02.1977;0.13333
4.02.1977;0.11333
5.02.1977;0.09917
6.02.1977;0.08917
7.02.1977;0.07917
8.02.1977;0.07367
9.02.1977;0.0675
10.02.1977;0.065
11.02.1977;0.06667
12.02.1977;0.09083
13.02.1977;0.19167
14.02.1977;0.25
15.02.1977;0.24512
16.02.1977;0.24512
17.02.1977;0.23667
18.02.1977;0.19667
19.02.1977;0.16333
20.02.1977;0.14167
21.02.1977;0.14
22.02.1977;0.36667
23.02.1977;0.51667
24.02.1977;0.55833
25.02.1977;0.31667
26.02.1977;0.24
27.02.1977;0.18333
28.02.1977;0.15
1.03.1977;0.125
2.03.1977;0.11
3.03.1977;0.10083
4.03.1977;0.09333
5.03.1977;0.08167
6.03.1977;0.07333
7.03.1977;0.065
8.03.1977;0.05917
9.03.1977;0.055
10.03.1977;0.055
11.03.1977;0.0525
12.03.1977;0.05083
13.03.1977;0.04917
14.03.1977;0.04583
15.03.1977;0.04167
16.03.1977;0.03833
17.03.1977;0.03917
18.03.1977;0.03833
19.03.1977;0.03833
20.03.1977;0.0375
21.03.1977;0.0375
22.03.1977;0.03333
23.03.1977;0.03083
24.03.1977;0.03167
25.03.1977;0.033
26.03.1977;0.0325
27.03.1977;0.0325
28.03.1977;0.03167
29.03.1977;0.03
30.03.1977;0.03
31.03.1977;0.07
1.04.1977;0.11667
2.04.1977;0.12167
3.04.1977;0.115
4.04.1977;0.1075
5.04.1977;0.095
6.04.1977;0.08917
7.04.1977;0.08417
8.04.1977;0.0775
9.04.1977;0.11333
10.04.1977;0.30333
11.04.1977;0.27167
12.04.1977;0.20333
13.04.1977;0.15917
14.04.1977;0.13667
15.04.1977;0.115
16.04.1977;0.09917
17.04.1977;0.08667
18.04.1977;0.07833
19.04.1977;0.07167
20.04.1977;0.06417
21.04.1977;0.06083
22.04.1977;0.05833
23.04.1977;0.055
24.04.1977;0.0525
25.04.1977;0.05
26.04.1977;0.04633
27.04.1977;0.04167
28.04.1977;0.03967
29.04.1977;0.0375
30.04.1977;0.03667
1.05.1977;0.035
2.05.1977;0.03333
3.05.1977;0.03333
4.05.1977;0.03083
5.05.1977;0.02917
6.05.1977;0.02833
7.05.1977;0.02833
8.05.1977;0.02667
9.05.1977;0.02583
10.05.1977;0.02583
11.05.1977;0.02583
12.05.1977;0.02583
13.05.1977;0.025
14.05.1977;0.02667
15.05.1977;0.025
16.05.1977;0.02333
17.05.1977;0.02333
18.05.1977;0.02167
19.05.1977;0.02083
20.05.1977;0.02083
21.05.1977;0.02
22.05.1977;0.02
23.05.1977;0.01967
24.05.1977;0.01967
25.05.1977;0.01917
26.05.1977;0.01917
27.05.1977;0.01667
28.05.1977;0.01667
29.05.1977;0.01667
30.05.1977;0.01583
31.05.1977;0.015
1.06.1977;0.01417
2.06.1977;0.01333
3.06.1977;0.01333
4.06.1977;0.01333
5.06.1977;0.01333
6.06.1977;0.01333
7.06.1977;0.013
8.06.1977;0.013
9.06.1977;0.013
10.06.1977;0.013
11.06.1977;0.013
12.06.1977;0.013
13.06.1977;0.013
14.06.1977;0.013
15.06.1977;0.013
16.06.1977;0.013
17.06.1977;0.013
18.06.1977;0.01267
19.06.1977;0.01233
20.06.1977;0.012
21.06.1977;0.012
22.06.1977;0.01177
23.06.1977;0.0115
24.06.1977;0.01133
25.06.1977;0.01117
26.06.1977;0.011
27.06.1977;0.01083
28.06.1977;0.01067
29.06.1977;0.0105
30.06.1977;0.01033
1.07.1977;0.01033
2.07.1977;0.01033
3.07.1977;0.01033
4.07.1977;0.01033
5.07.1977;0.01033
6.07.1977;0.01033
7.07.1977;0.00967
8.07.1977;0.00917
9.07.1977;0.00917
10.07.1977;0.00917
11.07.1977;0.00917
12.07.1977;0.00917
13.07.1977;0.00917
14.07.1977;0.00917
15.07.1977;0.00883
16.07.1977;0.0085
17.07.1977;0.00817
18.07.1977;0.00783
19.07.1977;0.0075
20.07.1977;0.00717
21.07.1977;0.00717
22.07.1977;0.00717
23.07.1977;0.00717
24.07.1977;0.00717
25.07.1977;0.00717
26.07.1977;0.00717
27.07.1977;0.00717
28.07.1977;0.00717
29.07.1977;0.00683
30.07.1977;0.00667
31.07.1977;0.00658
1.08.1977;0.0065
2.08.1977;0.00633
3.08.1977;0.01167
4.08.1977;0.013
5.08.1977;0.013
6.08.1977;0.013
7.08.1977;0.01267
8.08.1977;0.01233
9.08.1977;0.012
10.08.1977;0.01217
11.08.1977;0.01167
12.08.1977;0.01133
13.08.1977;0.01083
14.08.1977;0.01083
15.08.1977;0.01
16.08.1977;0.01333
17.08.1977;0.01667
18.08.1977;0.01667
19.08.1977;0.01667
20.08.1977;0.015
21.08.1977;0.01333
22.08.1977;0.03583
23.08.1977;0.04667
24.08.1977;0.03917
25.08.1977;0.03333
26.08.1977;0.02917
27.08.1977;0.02583
28.08.1977;0.02333
29.08.1977;0.02
30.08.1977;0.0175
31.08.1977;0.016
1.09.1977;0.016
2.09.1977;0.01333
3.09.1977;0.01167
4.09.1977;0.01167
5.09.1977;0.01083
6.09.1977;0.01
7.09.1977;0.01
8.09.1977;0.01
9.09.1977;0.00983
10.09.1977;0.00967
11.09.1977;0.0095
12.09.1977;0.00933
13.09.1977;0.00917
14.09.1977;0.009
15.09.1977;0.009
16.09.1977;0.009
17.09.1977;0.009
18.09.1977;0.009
19.09.1977;0.009
20.09.1977;0.009
21.09.1977;0.009
22.09.1977;0.00867
23.09.1977;0.00867
24.09.1977;0.00833
25.09.1977;0.008
26.09.1977;0.00767
27.09.1977;0.00733
28.09.1977;0.007
29.09.1977;0.007
30.09.1977;0.007
1.10.1977;0.007
2.10.1977;0.007
3.10.1977;0.007
4.10.1977;0.007
5.10.1977;0.007
6.10.1977;0.007
7.10.1977;0.007
8.10.1977;0.007
9.10.1977;0.007
10.10.1977;0.007
11.10.1977;0.007
12.10.1977;0.007
13.10.1977;0.00683
14.10.1977;0.00667
15.10.1977;0.0065
16.10.1977;0.00633
17.10.1977;0.00617
18.10.1977;0.00617
19.10.1977;0.00617
20.10.1977;0.00617
21.10.1977;0.00617
22.10.1977;0.00617
23.10.1977;0.00617
24.10.1977;0.006
25.10.1977;0.006
26.10.1977;0.006
27.10.1977;0.00583
28.10.1977;0.00583
29.10.1977;0.00567
30.10.1977;0.0055
31.10.1977;0.00533
1.11.1977;0.00533
2.11.1977;0.00533
3.11.1977;0.00533
4.11.1977;0.00533
5.11.1977;0.00517
6.11.1977;0.00517
7.11.1977;0.00517
8.11.1977;0.005
9.11.1977;0.005
10.11.1977;0.00417
11.11.1977;0.00333
12.11.1977;0.003
13.11.1977;0.002
14.11.1977;0.002
15.11.1977;0.00167
16.11.1977;0.0015
17.11.1977;0.002
18.11.1977;0.0025
19.11.1977;0.003
20.11.1977;0.00333
21.11.1977;0.00367
22.11.1977;0.00417
23.11.1977;0.005
24.11.1977;0.005
25.11.1977;0.005
26.11.1977;0.00533
27.11.1977;0.00583
28.11.1977;0.00583
29.11.1977;0.00583
30.11.1977;0.00583
1.12.1977;0.00583
2.12.1977;0.00583
3.12.1977;0.00583
4.12.1977;0.00583
5.12.1977;0.00583
6.12.1977;0.00583
7.12.1977;0.00583
8.12.1977;0.00583
9.12.1977;0.00583
10.12.1977;0.01667
11.12.1977;0.01967
12.12.1977;0.017
13.12.1977;0.015
14.12.1977;0.015
15.12.1977;0.0125
16.12.1977;0.01167
17.12.1977;0.01083
18.12.1977;0.01
19.12.1977;0.00917
20.12.1977;0.00917
21.12.1977;0.00833
22.12.1977;0.00833
23.12.1977;0.00833
24.12.1977;0.008
25.12.1977;0.008
26.12.1977;0.008
27.12.1977;0.00767
28.12.1977;0.00767
29.12.1977;0.00733
30.12.1977;0.00733
31.12.1977;0.00717
1.01.1978;0.00717
2.01.1978;0.007
3.01.1978;0.00683
4.01.1978;0.00683
5.01.1978;0.00683
6.01.1978;0.00683
7.01.1978;0.00683
8.01.1978;0.00683
9.01.1978;0.00683
10.01.1978;0.00683
11.01.1978;0.00683
12.01.1978;0.00683
13.01.1978;0.00683
14.01.1978;0.00683
15.01.1978;0.00683
16.01.1978;0.00683
17.01.1978;0.00683
18.01.1978;0.00683
19.01.1978;0.00667
20.01.1978;0.00983
21.01.1978;0.00967
22.01.1978;0.00933
23.01.1978;0.009
24.01.1978;0.00867
25.01.1978;0.0085
26.01.1978;0.0085
27.01.1978;0.0085
28.01.1978;0.0085
29.01.1978;0.01167
30.01.1978;0.03417
31.01.1978;0.035
1.02.1978;0.03667
2.02.1978;0.03833
3.02.1978;0.03333
4.02.1978;0.02917
5.02.1978;0.02583
6.02.1978;0.025
7.02.1978;0.02333
8.02.1978;0.01985
9.02.1978;0.01833
10.02.1978;0.015
11.02.1978;0.01333
12.02.1978;0.013
13.02.1978;0.01833
14.02.1978;0.025
15.02.1978;0.02583
16.02.1978;0.025
17.02.1978;0.02333
18.02.1978;0.02167
19.02.1978;0.02
20.02.1978;0.01958
21.02.1978;0.01917
22.02.1978;0.01917
23.02.1978;0.0175
24.02.1978;0.01667
25.02.1978;0.01667
26.02.1978;0.015
27.02.1978;0.01417
28.02.1978;0.015
1.03.1978;0.025
2.03.1978;0.05917
3.03.1978;0.0675
4.03.1978;0.09
5.03.1978;0.08667
6.03.1978;0.0775
7.03.1978;0.07167
8.03.1978;0.06333
9.03.1978;0.05583
10.03.1978;0.05167
11.03.1978;0.05
12.03.1978;0.04583
13.03.1978;0.04167
14.03.1978;0.03833
15.03.1978;0.035
16.03.1978;0.0325
17.03.1978;0.0325
18.03.1978;0.03
19.03.1978;0.02667
20.03.1978;0.025
21.03.1978;0.025
22.03.1978;0.025
23.03.1978;0.02333
24.03.1978;0.02333
25.03.1978;0.02167
26.03.1978;0.02167
27.03.1978;0.02167
28.03.1978;0.02
29.03.1978;0.01917
30.03.1978;0.02
31.03.1978;0.02083
1.04.1978;0.02167
2.04.1978;0.02083
3.04.1978;0.022
4.04.1978;0.022
5.04.1978;0.022
6.04.1978;0.022
7.04.1978;0.022
8.04.1978;0.022
9.04.1978;0.022
10.04.1978;0.022
11.04.1978;0.022
12.04.1978;0.022
13.04.1978;0.022
14.04.1978;0.06167
15.04.1978;0.13333
16.04.1978;0.12
17.04.1978;0.1075
18.04.1978;0.09333
19.04.1978;0.08333
20.04.1978;0.08333
21.04.1978;0.125
22.04.1978;0.13
23.04.1978;0.11833
24.04.1978;0.1125
25.04.1978;0.09833
26.04.1978;0.08917
27.04.1978;0.09083
28.04.1978;0.20833
29.04.1978;0.19167
30.04.1978;0.23667
1.05.1978;0.195
2.05.1978;0.25667
3.05.1978;0.23333
4.05.1978;0.21333
5.05.1978;0.18
6.05.1978;0.15
7.05.1978;0.24167
8.05.1978;0.63333
9.05.1978;0.55
10.05.1978;0.4
11.05.1978;0.325
12.05.1978;0.275
13.05.1978;0.23333
14.05.1978;0.18
15.05.1978;0.15
16.05.1978;0.125
17.05.1978;0.10583
18.05.1978;0.105
19.05.1978;0.10917
20.05.1978;0.11
21.05.1978;0.10667
22.05.1978;0.097
23.05.1978;0.14167
24.05.1978;0.221
25.05.1978;0.2
26.05.1978;0.16333
27.05.1978;0.135
28.05.1978;0.115
29.05.1978;0.1
30.05.1978;0.095
31.05.1978;0.0825
1.06.1978;0.075
2.06.1978;0.07
3.06.1978;0.065
4.06.1978;0.06083
5.06.1978;0.05583
6.06.1978;0.05083
7.06.1978;0.04583
8.06.1978;0.04417
9.06.1978;0.04167
10.06.1978;0.04
11.06.1978;0.0375
12.06.1978;0.03583
13.06.1978;0.035
14.06.1978;0.033
15.06.1978;0.033
16.06.1978;0.03167
17.06.1978;0.02883
18.06.1978;0.02833
19.06.1978;0.02667
20.06.1978;0.02583
21.06.1978;0.025
22.06.1978;0.025
23.06.1978;0.02417
24.06.1978;0.02333
25.06.1978;0.0225
26.06.1978;0.0225
27.06.1978;0.02167
28.06.1978;0.02133
29.06.1978;0.02
30.06.1978;0.01917
1.07.1978;0.0175
2.07.1978;0.01667
3.07.1978;0.01633
4.07.1978;0.016
5.07.1978;0.0175
6.07.1978;0.017
7.07.1978;0.01717
8.07.1978;0.02033
9.07.1978;0.02333
10.07.1978;0.025
11.07.1978;0.02333
12.07.1978;0.02333
13.07.1978;0.025
14.07.1978;0.02833
15.07.1978;0.03
16.07.1978;0.03
17.07.1978;0.03
18.07.1978;0.02833
19.07.1978;0.02833
20.07.1978;0.08417
21.07.1978;0.07833
22.07.1978;0.063
23.07.1978;0.05583
24.07.1978;0.05333
25.07.1978;0.04667
26.07.1978;0.03833
27.07.1978;0.0275
28.07.1978;0.02667
29.07.1978;0.025
30.07.1978;0.02333
31.07.1978;0.023
1.08.1978;0.02133
2.08.1978;0.01967
3.08.1978;0.01917
4.08.1978;0.01833
5.08.1978;0.0175
6.08.1978;0.017
7.08.1978;0.01833
8.08.1978;0.018
9.08.1978;0.018
10.08.1978;0.01667
11.08.1978;0.01667
12.08.1978;0.015
13.08.1978;0.01333
14.08.1978;0.0125
15.08.1978;0.0125
16.08.1978;0.0125
17.08.1978;0.01167
18.08.1978;0.01167
19.08.1978;0.01083
20.08.1978;0.01083
21.08.1978;0.01033
22.08.1978;0.01
23.08.1978;0.01
24.08.1978;0.01
25.08.1978;0.01
26.08.1978;0.01
27.08.1978;0.00917
28.08.1978;0.00883
29.08.1978;0.00833
30.08.1978;0.00833
31.08.1978;0.01083
1.09.1978;0.00967
2.09.1978;0.00833
3.09.1978;0.00833
4.09.1978;0.00833
5.09.1978;0.00833
6.09.1978;0.00833
7.09.1978;0.00833
8.09.1978;0.00817
9.09.1978;0.00817
10.09.1978;0.00817
11.09.1978;0.00817
12.09.1978;0.00817
13.09.1978;0.008
14.09.1978;0.008
15.09.1978;0.00767
16.09.1978;0.00767
17.09.1978;0.00733
18.09.1978;0.00733
19.09.1978;0.00733
20.09.1978;0.007
21.09.1978;0.007
22.09.1978;0.007
23.09.1978;0.007
24.09.1978;0.007
25.09.1978;0.007
26.09.1978;0.007
27.09.1978;0.007
28.09.1978;0.007
29.09.1978;0.007
30.09.1978;0.007
1.10.1978;0.007
2.10.1978;0.007
3.10.1978;0.007
4.10.1978;0.007
5.10.1978;0.007
6.10.1978;0.00667
7.10.1978;0.00633
8.10.1978;0.006
9.10.1978;0.00567
10.10.1978;0.00533
11.10.1978;0.005
12.10.1978;0.00533
13.10.1978;0.00567
14.10.1978;0.006
15.10.1978;0.00633
16.10.1978;0.00667
17.10.1978;0.00667
18.10.1978;0.00683
19.10.1978;0.00667
20.10.1978;0.00667
21.10.1978;0.00667
22.10.1978;0.00633
23.10.1978;0.00617
24.10.1978;0.006
25.10.1978;0.006
26.10.1978;0.006
27.10.1978;0.006
28.10.1978;0.006
29.10.1978;0.006
30.10.1978;0.006
31.10.1978;0.006
1.11.1978;0.006
2.11.1978;0.006
3.11.1978;0.00583
4.11.1978;0.00567
5.11.1978;0.0055
6.11.1978;0.00533
7.11.1978;0.00517
8.11.1978;0.005
9.11.1978;0.005
10.11.1978;0.005
11.11.1978;0.005
12.11.1978;0.005
13.11.1978;0.005
14.11.1978;0.005
15.11.1978;0.005
16.11.1978;0.00483
17.11.1978;0.00467
18.11.1978;0.0045
19.11.1978;0.00433
20.11.1978;0.00417
21.11.1978;0.004
22.11.1978;0.00383
23.11.1978;0.00383
24.11.1978;0.00383
25.11.1978;0.005
26.11.1978;0.00483
27.11.1978;0.00483
28.11.1978;0.00483
29.11.1978;0.00483
30.11.1978;0.00483
1.12.1978;0.00383
2.12.1978;0.0035
3.12.1978;0.00317
4.12.1978;0.00283
5.12.1978;0.0025
6.12.1978;0.00217
7.12.1978;0.00217
8.12.1978;0.00217
9.12.1978;0.00217
10.12.1978;0.00217
11.12.1978;0.00217
12.12.1978;0.00217
13.12.1978;0.00217
14.12.1978;0.00233
15.12.1978;0.0025
16.12.1978;0.00267
17.12.1978;0.00317
18.12.1978;0.00333
19.12.1978;0.00367
20.12.1978;0.00417
21.12.1978;0.00417
22.12.1978;0.00433
23.12.1978;0.00433
24.12.1978;0.0045
25.12.1978;0.00467
26.12.1978;0.00483
27.12.1978;0.005
28.12.1978;0.005
29.12.1978;0.005
30.12.1978;0.005
31.12.1978;0.005
1.01.1979;0.005
2.01.1979;0.005
3.01.1979;0.00717
4.01.1979;0.00833
5.01.1979;0.0075
6.01.1979;0.00667
7.01.1979;0.006
8.01.1979;0.006
9.01.1979;0.006
10.01.1979;0.006
11.01.1979;0.00567
12.01.1979;0.00567
13.01.1979;0.00567
14.01.1979;0.005
15.01.1979;0.00467
16.01.1979;0.00467
17.01.1979;0.00467
18.01.1979;0.0045
19.01.1979;0.0045
20.01.1979;0.0045
21.01.1979;0.0045
22.01.1979;0.00433
23.01.1979;0.00433
24.01.1979;0.00417
25.01.1979;0.005
26.01.1979;0.00833
27.01.1979;0.007
28.01.1979;0.02417
29.01.1979;0.20333
30.01.1979;0.39665
31.01.1979;0.25
1.02.1979;0.18333
2.02.1979;0.13333
3.02.1979;0.11
4.02.1979;0.08583
5.02.1979;0.07167
6.02.1979;0.06083
7.02.1979;0.05417
8.02.1979;0.0525
9.02.1979;0.04917
10.02.1979;0.04583
11.02.1979;0.04083
12.02.1979;0.03833
13.02.1979;0.07833
14.02.1979;0.11167
15.02.1979;0.09333
16.02.1979;0.0975
17.02.1979;0.135
18.02.1979;0.165
19.02.1979;0.14333
20.02.1979;0.115
21.02.1979;0.105
22.02.1979;0.09333
23.02.1979;0.085
24.02.1979;0.075
25.02.1979;0.06667
26.02.1979;0.06
27.02.1979;0.05583
28.02.1979;0.05333
1.03.1979;0.05167
2.03.1979;0.04667
3.03.1979;0.04083
4.03.1979;0.03833
5.03.1979;0.03667
6.03.1979;0.035
7.03.1979;0.03583
8.03.1979;0.0375
9.03.1979;0.03667
10.03.1979;0.035
11.03.1979;0.03333
12.03.1979;0.03417
13.03.1979;0.03333
14.03.1979;0.03333
15.03.1979;0.03333
16.03.1979;0.03333
17.03.1979;0.03667
18.03.1979;0.0375
19.03.1979;0.0375
20.03.1979;0.03833
21.03.1979;0.03833
22.03.1979;0.03917
23.03.1979;0.03917
24.03.1979;0.03917
25.03.1979;0.03833
26.03.1979;0.03833
27.03.1979;0.03833
28.03.1979;0.0375
29.03.1979;0.06333
30.03.1979;0.19167
31.03.1979;0.21333
1.04.1979;0.205
2.04.1979;0.16667
3.04.1979;0.13833
4.04.1979;0.11833
5.04.1979;0.105
6.04.1979;0.09417
7.04.1979;0.09333
8.04.1979;0.1
9.04.1979;0.10167
10.04.1979;0.095
11.04.1979;0.0925
12.04.1979;0.085
13.04.1979;0.07917
14.04.1979;0.07333
15.04.1979;0.065
16.04.1979;0.06
17.04.1979;0.05917
18.04.1979;0.05417
19.04.1979;0.0525
20.04.1979;0.04667
21.04.1979;0.045
22.04.1979;0.04333
23.04.1979;0.03833
24.04.1979;0.0375
25.04.1979;0.0345
26.04.1979;0.03583
27.04.1979;0.06167
28.04.1979;0.155
29.04.1979;0.16667
30.04.1979;0.15333
1.05.1979;0.13667
2.05.1979;0.12333
3.05.1979;0.11
4.05.1979;0.09667
5.05.1979;0.08667
6.05.1979;0.07917
7.05.1979;0.07167
8.05.1979;0.065
9.05.1979;0.06167
10.05.1979;0.05667
11.05.1979;0.05333
12.05.1979;0.05
13.05.1979;0.04833
14.05.1979;0.04833
15.05.1979;0.04417
16.05.1979;0.04083
17.05.1979;0.04083
18.05.1979;0.03833
19.05.1979;0.03667
20.05.1979;0.03633
21.05.1979;0.035
22.05.1979;0.03333
23.05.1979;0.033
24.05.1979;0.03167
25.05.1979;0.03
26.05.1979;0.02917
27.05.1979;0.02667
28.05.1979;0.02633
29.05.1979;0.02467
30.05.1979;0.02417
31.05.1979;0.02333
1.06.1979;0.0225
2.06.1979;0.02167
3.06.1979;0.02
4.06.1979;0.02133
5.06.1979;0.01917
6.06.1979;0.01917
7.06.1979;0.01833
8.06.1979;0.018
9.06.1979;0.0175
10.06.1979;0.01717
11.06.1979;0.01667
12.06.1979;0.01633
13.06.1979;0.016
14.06.1979;0.0155
15.06.1979;0.015
16.06.1979;0.0145
17.06.1979;0.014
18.06.1979;0.01333
19.06.1979;0.01267
20.06.1979;0.01217
21.06.1979;0.015
22.06.1979;0.01833
23.06.1979;0.0175
24.06.1979;0.01667
25.06.1979;0.01667
26.06.1979;0.01583
27.06.1979;0.01583
28.06.1979;0.015
29.06.1979;0.01417
30.06.1979;0.01333
1.07.1979;0.0125
2.07.1979;0.01167
3.07.1979;0.01083
4.07.1979;0.01
5.07.1979;0.00967
6.07.1979;0.00917
7.07.1979;0.00867
8.07.1979;0.00833
9.07.1979;0.008
10.07.1979;0.0075
11.07.1979;0.007
12.07.1979;0.007
13.07.1979;0.00683
14.07.1979;0.00683
15.07.1979;0.00667
16.07.1979;0.00667
17.07.1979;0.00667
18.07.1979;0.00667
19.07.1979;0.0065
20.07.1979;0.00633
21.07.1979;0.00633
22.07.1979;0.00617
23.07.1979;0.006
24.07.1979;0.00583
25.07.1979;0.00567
26.07.1979;0.00567
27.07.1979;0.00533
28.07.1979;0.005
29.07.1979;0.005
30.07.1979;0.005
31.07.1979;0.005
1.08.1979;0.005
2.08.1979;0.00583
3.08.1979;0.00542
4.08.1979;0.005
5.08.1979;0.00483
6.08.1979;0.00483
7.08.1979;0.00483
8.08.1979;0.00483
9.08.1979;0.005
10.08.1979;0.0075
11.08.1979;0.00533
12.08.1979;0.00567
13.08.1979;0.00583
14.08.1979;0.006
15.08.1979;0.00633
16.08.1979;0.00633
17.08.1979;0.00617
18.08.1979;0.00617
19.08.1979;0.006
20.08.1979;0.00583
21.08.1979;0.00583
22.08.1979;0.00567
23.08.1979;0.00567
24.08.1979;0.006
25.08.1979;0.01167
26.08.1979;0.015
27.08.1979;0.0125
28.08.1979;0.01
29.08.1979;0.00967
30.08.1979;0.0095
31.08.1979;0.00917
1.09.1979;0.00833
2.09.1979;0.00833
3.09.1979;0.008
4.09.1979;0.0075
5.09.1979;0.007
6.09.1979;0.007
7.09.1979;0.007
8.09.1979;0.00667
9.09.1979;0.0065
10.09.1979;0.00633
11.09.1979;0.00617
12.09.1979;0.006
13.09.1979;0.006
14.09.1979;0.00583
15.09.1979;0.00567
16.09.1979;0.0055
17.09.1979;0.00533
18.09.1979;0.00517
19.09.1979;0.005
20.09.1979;0.005
21.09.1979;0.005
22.09.1979;0.005
23.09.1979;0.00483
24.09.1979;0.00483
25.09.1979;0.00483
26.09.1979;0.00483
27.09.1979;0.00483
28.09.1979;0.00483
29.09.1979;0.00483
30.09.1979;0.00483
1.10.1979;0.00483
2.10.1979;0.00483
3.10.1979;0.00483
4.10.1979;0.00483
5.10.1979;0.00483
6.10.1979;0.00483
7.10.1979;0.00483
8.10.1979;0.00483
9.10.1979;0.00483
10.10.1979;0.00483
11.10.1979;0.00483
12.10.1979;0.00483
13.10.1979;0.00467
14.10.1979;0.00467
15.10.1979;0.00467
16.10.1979;0.0045
17.10.1979;0.0045
18.10.1979;0.00467
19.10.1979;0.0045
20.10.1979;0.00433
21.10.1979;0.004
22.10.1979;0.00383
23.10.1979;0.00367
24.10.1979;0.0035
25.10.1979;0.0035
26.10.1979;0.0035
27.10.1979;0.0035
28.10.1979;0.0035
29.10.1979;0.00383
30.10.1979;0.00367
31.10.1979;0.0035
1.11.1979;0.0035
2.11.1979;0.0035
3.11.1979;0.0035
4.11.1979;0.0035
5.11.1979;0.0035
6.11.1979;0.0035
7.11.1979;0.0035
8.11.1979;0.0035
9.11.1979;0.0035
10.11.1979;0.0035
11.11.1979;0.00383
12.11.1979;0.00533
13.11.1979;0.00583
14.11.1979;0.00617
15.11.1979;0.00633
16.11.1979;0.00917
17.11.1979;0.01917
18.11.1979;0.03167
19.11.1979;0.03
20.11.1979;0.025
21.11.1979;0.02167
22.11.1979;0.03667
23.11.1979;0.03333
24.11.1979;0.03
25.11.1979;0.025
26.11.1979;0.02083
27.11.1979;0.02
28.11.1979;0.01833
29.11.1979;0.01667
30.11.1979;0.01633
1.12.1979;0.015
2.12.1979;0.01333
3.12.1979;0.01167
4.12.1979;0.01
5.12.1979;0.015
6.12.1979;0.01333
7.12.1979;0.01167
8.12.1979;0.01
9.12.1979;0.00833
10.12.1979;0.00667
11.12.1979;0.005
12.12.1979;0.00867
13.12.1979;0.00833
14.12.1979;0.008
15.12.1979;0.00767
16.12.1979;0.00733
17.12.1979;0.007
18.12.1979;0.00667
19.12.1979;0.00617
20.12.1979;0.00617
21.12.1979;0.01
22.12.1979;0.0425
23.12.1979;0.045
24.12.1979;0.04
25.12.1979;0.03833
26.12.1979;0.03583
27.12.1979;0.03333
28.12.1979;0.03167
29.12.1979;0.03083
30.12.1979;0.02917
31.12.1979;0.02667
1.01.1980;0.02333
2.01.1980;0.02188
3.01.1980;0.02183
4.01.1980;0.02108
5.01.1980;0.02025
6.01.1980;0.02047
7.01.1980;0.02058
8.01.1980;0.01992
9.01.1980;0.01792
10.01.1980;0.01708
11.01.1980;0.01542
12.01.1980;0.01338
13.01.1980;0.01167
14.01.1980;0.01147
15.01.1980;0.01133
16.01.1980;0.0137
17.01.1980;0.01517
18.01.1980;0.0148
19.01.1980;0.01408
20.01.1980;0.01347
21.01.1980;0.01278
22.01.1980;0.01167
23.01.1980;0.01167
24.01.1980;0.01167
25.01.1980;0.01172
26.01.1980;0.01147
27.01.1980;0.01067
28.01.1980;0.00938
29.01.1980;0.0088
30.01.1980;0.00908
31.01.1980;0.00908
1.02.1980;0.00883
2.02.1980;0.00855
3.02.1980;0.01542
4.02.1980;0.01842
5.02.1980;0.01933
6.02.1980;0.01958
7.02.1980;0.02
8.02.1980;0.04125
9.02.1980;0.0648
10.02.1980;0.05938
11.02.1980;0.05397
12.02.1980;0.06042
13.02.1980;0.07355
14.02.1980;0.07292
15.02.1980;0.06625
16.02.1980;0.06333
17.02.1980;0.06208
18.02.1980;0.05583
19.02.1980;0.0498
20.02.1980;0.04708
21.02.1980;0.04208
22.02.1980;0.0398
23.02.1980;0.03792
24.02.1980;0.03692
25.02.1980;0.03692
26.02.1980;0.03583
27.02.1980;0.03375
28.02.1980;0.0325
29.02.1980;0.03208
1.03.1980;0.03092
2.03.1980;0.02983
3.03.1980;0.02867
4.03.1980;0.02813
5.03.1980;0.02688
6.03.1980;0.0257
7.03.1980;0.0263
8.03.1980;0.0265
9.03.1980;0.026
10.03.1980;0.0243
11.03.1980;0.02458
12.03.1980;0.0248
13.03.1980;0.02633
14.03.1980;0.02838
15.03.1980;0.03192
16.03.1980;0.03778
17.03.1980;0.04917
18.03.1980;0.05542
19.03.1980;0.05647
20.03.1980;0.05667
21.03.1980;0.05667
22.03.1980;0.05147
23.03.1980;0.05333
24.03.1980;0.09
25.03.1980;0.12333
26.03.1980;0.13
27.03.1980;0.13583
28.03.1980;0.13938
29.03.1980;0.13708
30.03.1980;0.12708
31.03.1980;0.10875
1.04.1980;0.09083
2.04.1980;0.08458
3.04.1980;0.07855
4.04.1980;0.07333
5.04.1980;0.06958
6.04.1980;0.06625
7.04.1980;0.0673
8.04.1980;0.0725
9.04.1980;0.07542
10.04.1980;0.07
11.04.1980;0.06542
12.04.1980;0.06083
13.04.1980;0.05567
14.04.1980;0.05063
15.04.1980;0.04833
16.04.1980;0.0475
17.04.1980;0.04647
18.04.1980;0.04375
19.04.1980;0.04272
20.04.1980;0.04063
21.04.1980;0.0377
22.04.1980;0.03713
23.04.1980;0.03333
24.04.1980;0.03325
25.04.1980;0.03167
26.04.1980;0.03022
27.04.1980;0.02842
28.04.1980;0.03042
29.04.1980;0.031
30.04.1980;0.03625
1.05.1980;0.05042
2.05.1980;0.05875
3.05.1980;0.06355
4.05.1980;0.0623
5.05.1980;0.06167
6.05.1980;0.06083
7.05.1980;0.06167
8.05.1980;0.06542
9.05.1980;0.06688
10.05.1980;0.06875
11.05.1980;0.07042
12.05.1980;0.0725
13.05.1980;0.07417
14.05.1980;0.07542
15.05.1980;0.06917
16.05.1980;0.06417
17.05.1980;0.06147
18.05.1980;0.055
19.05.1980;0.05083
20.05.1980;0.04833
21.05.1980;0.04542
22.05.1980;0.04208
23.05.1980;0.03888
24.05.1980;0.03888
25.05.1980;0.03625
26.05.1980;0.03355
27.05.1980;0.03208
28.05.1980;0.03167
29.05.1980;0.03083
30.05.1980;0.02958
31.05.1980;0.02833
1.06.1980;0.02897
2.06.1980;0.027
3.06.1980;0.02667
4.06.1980;0.02708
5.06.1980;0.02792
6.06.1980;0.02325
7.06.1980;0.02333
8.06.1980;0.023
9.06.1980;0.02153
10.06.1980;0.02153
11.06.1980;0.04388
12.06.1980;0.047
13.06.1980;0.047
14.06.1980;0.047
15.06.1980;0.047
16.06.1980;0.047
17.06.1980;0.047
18.06.1980;0.047
19.06.1980;0.036
20.06.1980;0.03375
21.06.1980;0.03188
22.06.1980;0.03105
23.06.1980;0.02983
24.06.1980;0.02942
25.06.1980;0.02737
26.06.1980;0.02708
27.06.1980;0.02667
28.06.1980;0.02667
29.06.1980;0.02633
30.06.1980;0.0245
1.07.1980;0.02592
2.07.1980;0.03042
3.07.1980;0.03958
4.07.1980;0.04333
5.07.1980;0.05292
6.07.1980;0.05813
7.07.1980;0.05647
8.07.1980;0.05292
9.07.1980;0.05208
10.07.1980;0.04688
11.07.1980;0.0398
12.07.1980;0.03522
13.07.1980;0.03272
14.07.1980;0.02875
15.07.1980;0.02583
16.07.1980;0.0248
17.07.1980;0.025
18.07.1980;0.025
19.07.1980;0.02167
20.07.1980;0.02188
21.07.1980;0.02125
22.07.1980;0.02022
23.07.1980;0.02105
24.07.1980;0.02042
25.07.1980;0.02
26.07.1980;0.02063
27.07.1980;0.02333
28.07.1980;0.02272
29.07.1980;0.02147
30.07.1980;0.02022
31.07.1980;0.01813
1.08.1980;0.08333
2.08.1980;0.06125
3.08.1980;0.04938
4.08.1980;0.04292
5.08.1980;0.03958
6.08.1980;0.03522
7.08.1980;0.0323
8.08.1980;0.03083
9.08.1980;0.02855
10.08.1980;0.02605
11.08.1980;0.025
12.08.1980;0.02355
13.08.1980;0.02375
14.08.1980;0.025
15.08.1980;0.02647
16.08.1980;0.02792
17.08.1980;0.03327
18.08.1980;0.03083
19.08.1980;0.03272
20.08.1980;0.03397
21.08.1980;0.03292
22.08.1980;0.03167
23.08.1980;0.02897
24.08.1980;0.02708
25.08.1980;0.02563
26.08.1980;0.02333
27.08.1980;0.02313
28.08.1980;0.02292
29.08.1980;0.02147
30.08.1980;0.02083
31.08.1980;0.02022
1.09.1980;0.0179
2.09.1980;0.01708
3.09.1980;0.01542
4.09.1980;0.01583
5.09.1980;0.0148
6.09.1980;0.01417
7.09.1980;0.01272
8.09.1980;0.01167
9.09.1980;0.01167
10.09.1980;0.01208
11.09.1980;0.01167
12.09.1980;0.01167
13.09.1980;0.01167
14.09.1980;0.01
15.09.1980;0.01
16.09.1980;0.00938
17.09.1980;0.00995
18.09.1980;0.01
19.09.1980;0.00995
20.09.1980;0.00958
21.09.1980;0.00922
22.09.1980;0.00862
23.09.1980;0.00837
24.09.1980;0.00833
25.09.1980;0.00833
26.09.1980;0.00842
27.09.1980;0.0088
28.09.1980;0.00862
29.09.1980;0.00833
30.09.1980;0.00833
1.10.1980;0.00813
2.10.1980;0.00713
3.10.1980;0.0068
4.10.1980;0.00675
5.10.1980;0.00668
6.10.1980;0.00667
7.10.1980;0.00667
8.10.1980;0.00688
9.10.1980;0.0075
10.10.1980;0.00813
11.10.1980;0.01625
12.10.1980;0.02542
13.10.1980;0.02625
14.10.1980;0.065
15.10.1980;0.04855
16.10.1980;0.04188
17.10.1980;0.03563
18.10.1980;0.03125
19.10.1980;0.02772
20.10.1980;0.04355
21.10.1980;0.05063
22.10.1980;0.05
23.10.1980;0.04625
24.10.1980;0.04458
25.10.1980;0.03792
26.10.1980;0.03272
27.10.1980;0.02855
28.10.1980;0.02647
29.10.1980;0.02625
30.10.1980;0.02605
31.10.1980;0.02355
1.11.1980;0.02105
2.11.1980;0.02
3.11.1980;0.02
4.11.1980;0.01917
5.11.1980;0.02
6.11.1980;0.02583
7.11.1980;0.28792
8.11.1980;0.21625
9.11.1980;0.1625
10.11.1980;0.13125
11.11.1980;0.10625
12.11.1980;0.08897
13.11.1980;0.07917
14.11.1980;0.06897
15.11.1980;0.06292
16.11.1980;0.05958
17.11.1980;0.05167
18.11.1980;0.04667
19.11.1980;0.04667
20.11.1980;0.04333
21.11.1980;0.04
22.11.1980;0.03875
23.11.1980;0.03667
24.11.1980;0.03667
25.11.1980;0.035
26.11.1980;0.035
27.11.1980;0.035
28.11.1980;0.04563
29.11.1980;0.07958
30.11.1980;0.08417
1.12.1980;0.08458
2.12.1980;0.08
3.12.1980;0.07792
4.12.1980;0.07167
5.12.1980;0.06333
6.12.1980;0.06
7.12.1980;0.05
8.12.1980;0.045
9.12.1980;0.04333
10.12.1980;0.04167
11.12.1980;0.04083
12.12.1980;0.04147
13.12.1980;0.03833
14.12.1980;0.03667
15.12.1980;0.03583
16.12.1980;0.03417
17.12.1980;0.03333
18.12.1980;0.03333
19.12.1980;0.03417
20.12.1980;0.03367
21.12.1980;0.035
22.12.1980;0.03833
23.12.1980;0.04
24.12.1980;0.04083
25.12.1980;0.04
26.12.1980;0.04
27.12.1980;0.04
28.12.1980;0.0375
29.12.1980;0.035
30.12.1980;0.03583
31.12.1980;0.03667
1.01.1981;0.03875
2.01.1981;0.03667
3.01.1981;0.0375
4.01.1981;0.03683
5.01.1981;0.03583
6.01.1981;0.03333
7.01.1981;0.03083
8.01.1981;0.02917
9.01.1981;0.02792
10.01.1981;0.02833
11.01.1981;0.0275
12.01.1981;0.0285
13.01.1981;0.02717
14.01.1981;0.02667
15.01.1981;0.027
16.01.1981;0.02633
17.01.1981;0.025
18.01.1981;0.02333
19.01.1981;0.0225
20.01.1981;0.02167
21.01.1981;0.02167
22.01.1981;0.021
23.01.1981;0.02017
24.01.1981;0.02
25.01.1981;0.01983
26.01.1981;0.01983
27.01.1981;0.01917
28.01.1981;0.01833
29.01.1981;0.01917
30.01.1981;0.01867
31.01.1981;0.01833
1.02.1981;0.01817
2.02.1981;0.018
3.02.1981;0.018
4.02.1981;0.01783
5.02.1981;0.01767
6.02.1981;0.0165
7.02.1981;0.01483
8.02.1981;0.01367
9.02.1981;0.01333
10.02.1981;0.01317
11.02.1981;0.01317
12.02.1981;0.01333
13.02.1981;0.01333
14.02.1981;0.01283
15.02.1981;0.0125
16.02.1981;0.012
17.02.1981;0.01267
18.02.1981;0.013
19.02.1981;0.01217
20.02.1981;0.01167
21.02.1981;0.01167
22.02.1981;0.0115
23.02.1981;0.01133
24.02.1981;0.01083
25.02.1981;0.01033
26.02.1981;0.01328
27.02.1981;0.0115
28.02.1981;0.01133
1.03.1981;0.01117
2.03.1981;0.0115
3.03.1981;0.01183
4.03.1981;0.01267
5.03.1981;0.01067
6.03.1981;0.01
7.03.1981;0.00967
8.03.1981;0.00983
9.03.1981;0.01
10.03.1981;0.01067
11.03.1981;0.01283
12.03.1981;0.01517
13.03.1981;0.018
14.03.1981;0.0215
15.03.1981;0.02183
16.03.1981;0.0235
17.03.1981;0.03233
18.03.1981;0.08792
19.03.1981;0.10283
20.03.1981;0.09833
21.03.1981;0.083
22.03.1981;0.07283
23.03.1981;0.0695
24.03.1981;0.063
25.03.1981;0.054
26.03.1981;0.052
27.03.1981;0.04733
28.03.1981;0.04367
29.03.1981;0.04117
30.03.1981;0.03933
31.03.1981;0.0375
1.04.1981;0.0345
2.04.1981;0.03683
3.04.1981;0.03483
4.04.1981;0.03267
5.04.1981;0.033
6.04.1981;0.034
7.04.1981;0.03033
8.04.1981;0.02883
9.04.1981;0.02817
10.04.1981;0.02717
11.04.1981;0.02683
12.04.1981;0.02617
13.04.1981;0.02517
14.04.1981;0.025
15.04.1981;0.024
16.04.1981;0.02367
17.04.1981;0.02317
18.04.1981;0.023
19.04.1981;0.02233
20.04.1981;0.0205
21.04.1981;0.02
22.04.1981;0.02
23.04.1981;0.02
24.04.1981;0.01983
25.04.1981;0.01933
26.04.1981;0.01883
27.04.1981;0.01917
28.04.1981;0.01833
29.04.1981;0.01783
30.04.1981;0.0175
1.05.1981;0.01717
2.05.1981;0.01717
3.05.1981;0.017
4.05.1981;0.017
5.05.1981;0.017
6.05.1981;0.01683
7.05.1981;0.01667
8.05.1981;0.01667
9.05.1981;0.01667
10.05.1981;0.01633
11.05.1981;0.016
12.05.1981;0.01633
13.05.1981;0.01617
14.05.1981;0.01517
15.05.1981;0.015
16.05.1981;0.015
17.05.1981;0.01483
18.05.1981;0.01467
19.05.1981;0.01367
20.05.1981;0.01317
21.05.1981;0.01317
22.05.1981;0.01267
23.05.1981;0.0125
24.05.1981;0.01217
25.05.1981;0.01167
26.05.1981;0.0125
27.05.1981;0.013
28.05.1981;0.01333
29.05.1981;0.01333
30.05.1981;0.01317
31.05.1981;0.01333
1.06.1981;0.01333
2.06.1981;0.01333
3.06.1981;0.01333
4.06.1981;0.01317
5.06.1981;0.02067
6.06.1981;0.02833
7.06.1981;0.08733
8.06.1981;0.10833
9.06.1981;0.08083
10.06.1981;0.06567
11.06.1981;0.055
12.06.1981;0.048
13.06.1981;0.04367
14.06.1981;0.039
15.06.1981;0.03667
16.06.1981;0.03317
17.06.1981;0.03083
18.06.1981;0.03017
19.06.1981;0.029
20.06.1981;0.02833
21.06.1981;0.02783
22.06.1981;0.027
23.06.1981;0.0265
24.06.1981;0.02617
25.06.1981;0.02367
26.06.1981;0.02317
27.06.1981;0.02183
28.06.1981;0.0205
29.06.1981;0.02017
30.06.1981;0.0205
1.07.1981;0.02033
2.07.1981;0.01967
3.07.1981;0.01933
4.07.1981;0.01967
5.07.1981;0.01983
6.07.1981;0.01967
7.07.1981;0.01983
8.07.1981;0.01967
9.07.1981;0.02
10.07.1981;0.01983
11.07.1981;0.01883
12.07.1981;0.01883
13.07.1981;0.01833
14.07.1981;0.01833
15.07.1981;0.018
16.07.1981;0.0175
17.07.1981;0.01717
18.07.1981;0.01767
19.07.1981;0.01583
20.07.1981;0.01533
21.07.1981;0.01433
22.07.1981;0.013
23.07.1981;0.0125
24.07.1981;0.0115
25.07.1981;0.011
26.07.1981;0.01
27.07.1981;0.00967
28.07.1981;0.00883
29.07.1981;0.00817
30.07.1981;0.00767
31.07.1981;0.00767
1.08.1981;0.00767
2.08.1981;0.00717
3.08.1981;0.00667
4.08.1981;0.00733
5.08.1981;0.00767
6.08.1981;0.00717
7.08.1981;0.0065
8.08.1981;0.00617
9.08.1981;0.00633
10.08.1981;0.00667
11.08.1981;0.00667
12.08.1981;0.007
13.08.1981;0.007
14.08.1981;0.00717
15.08.1981;0.00717
16.08.1981;0.00733
17.08.1981;0.00767
18.08.1981;0.00783
19.08.1981;0.008
20.08.1981;0.00767
21.08.1981;0.00733
22.08.1981;0.007
23.08.1981;0.00717
24.08.1981;0.007
25.08.1981;0.007
26.08.1981;0.00667
27.08.1981;0.00667
28.08.1981;0.00667
29.08.1981;0.00667
30.08.1981;0.00667
31.08.1981;0.00667
1.09.1981;0.00667
2.09.1981;0.00667
3.09.1981;0.0065
4.09.1981;0.0065
5.09.1981;0.0065
6.09.1981;0.0065
7.09.1981;0.0065
8.09.1981;0.0065
9.09.1981;0.0065
10.09.1981;0.0065
11.09.1981;0.00633
12.09.1981;0.00633
13.09.1981;0.00633
14.09.1981;0.00617
15.09.1981;0.00617
16.09.1981;0.00633
17.09.1981;0.00617
18.09.1981;0.0055
19.09.1981;0.0055
20.09.1981;0.00533
21.09.1981;0.00517
22.09.1981;0.00517
23.09.1981;0.00533
24.09.1981;0.00517
25.09.1981;0.00508
26.09.1981;0.00508
27.09.1981;0.005
28.09.1981;0.005
29.09.1981;0.005
30.09.1981;0.00508
1.10.1981;0.00517
2.10.1981;0.00517
3.10.1981;0.00517
4.10.1981;0.00517
5.10.1981;0.0055
6.10.1981;0.00517
7.10.1981;0.00517
8.10.1981;0.005
9.10.1981;0.00542
10.10.1981;0.00517
11.10.1981;0.00517
12.10.1981;0.005
13.10.1981;0.005
14.10.1981;0.005
15.10.1981;0.005
16.10.1981;0.005
17.10.1981;0.005
18.10.1981;0.00417
19.10.1981;0.00383
20.10.1981;0.00467
21.10.1981;0.00433
22.10.1981;0.00433
23.10.1981;0.00433
24.10.1981;0.00417
25.10.1981;0.00417
26.10.1981;0.00417
27.10.1981;0.00417
28.10.1981;0.00417
29.10.1981;0.00433
30.10.1981;0.00483
31.10.1981;0.00483
1.11.1981;0.00467
2.11.1981;0.00417
3.11.1981;0.00367
4.11.1981;0.00367
5.11.1981;0.00433
6.11.1981;0.00433
7.11.1981;0.00417
8.11.1981;0.0045
9.11.1981;0.00417
10.11.1981;0.00417
11.11.1981;0.00417
12.11.1981;0.00417
13.11.1981;0.00417
14.11.1981;0.00467
15.11.1981;0.005
16.11.1981;0.005
17.11.1981;0.005
18.11.1981;0.005
19.11.1981;0.00467
20.11.1981;0.00417
21.11.1981;0.00417
22.11.1981;0.00417
23.11.1981;0.00417
24.11.1981;0.00417
25.11.1981;0.00417
26.11.1981;0.00417
27.11.1981;0.004
28.11.1981;0.00383
29.11.1981;0.00367
30.11.1981;0.0035
1.12.1981;0.0035
2.12.1981;0.00333
3.12.1981;0.00333
4.12.1981;0.0035
5.12.1981;0.00417
6.12.1981;0.00383
7.12.1981;0.004
8.12.1981;0.00417
9.12.1981;0.00417
10.12.1981;0.00417
11.12.1981;0.00417
12.12.1981;0.00517
13.12.1981;0.01037
14.12.1981;0.011
15.12.1981;0.00972
16.12.1981;0.007
17.12.1981;0.00642
18.12.1981;0.00583
19.12.1981;0.006
20.12.1981;0.0082
21.12.1981;0.01313
22.12.1981;0.01367
23.12.1981;0.013
24.12.1981;0.012
25.12.1981;0.01167
26.12.1981;0.01563
27.12.1981;0.0223
28.12.1981;0.02722
29.12.1981;0.02533
30.12.1981;0.03325
31.12.1981;0.08195
1.01.1982;0.075
2.01.1982;0.17417
3.01.1982;0.15875
4.01.1982;0.0998
5.01.1982;0.0745
6.01.1982;0.06407
7.01.1982;0.07338
8.01.1982;0.0818
9.01.1982;0.07167
10.01.1982;0.06458
11.01.1982;0.05408
12.01.1982;0.04742
13.01.1982;0.04022
14.01.1982;0.03692
15.01.1982;0.03333
16.01.1982;0.03108
17.01.1982;0.02917
18.01.1982;0.02598
19.01.1982;0.02433
20.01.1982;0.0232
21.01.1982;0.023
22.01.1982;0.02283
23.01.1982;0.02217
24.01.1982;0.0215
25.01.1982;0.021
26.01.1982;0.02067
27.01.1982;0.02042
28.01.1982;0.01892
29.01.1982;0.01817
30.01.1982;0.0175
31.01.1982;0.01722
1.02.1982;0.01558
2.02.1982;0.01383
3.02.1982;0.0135
4.02.1982;0.01267
5.02.1982;0.012
6.02.1982;0.01167
7.02.1982;0.01133
8.02.1982;0.01133
9.02.1982;0.01117
10.02.1982;0.01033
11.02.1982;0.01
12.02.1982;0.00983
13.02.1982;0.00967
14.02.1982;0.00933
15.02.1982;0.00933
16.02.1982;0.00933
17.02.1982;0.00933
18.02.1982;0.00883
19.02.1982;0.0085
20.02.1982;0.00812
21.02.1982;0.00783
22.02.1982;0.00767
23.02.1982;0.00767
24.02.1982;0.00783
25.02.1982;0.00833
26.02.1982;0.0085
27.02.1982;0.0085
28.02.1982;0.00812
1.03.1982;0.00812
2.03.1982;0.00812
3.03.1982;0.00812
4.03.1982;0.009
5.03.1982;0.01
6.03.1982;0.01117
7.03.1982;0.01167
8.03.1982;0.01333
9.03.1982;0.01433
10.03.1982;0.01633
11.03.1982;0.01802
12.03.1982;0.01833
13.03.1982;0.02008
14.03.1982;0.02263
15.03.1982;0.02292
16.03.1982;0.02528
17.03.1982;0.02967
18.03.1982;0.03472
19.03.1982;0.04305
20.03.1982;0.04
21.03.1982;0.04275
22.03.1982;0.0488
23.03.1982;0.05108
24.03.1982;0.05183
25.03.1982;0.05233
26.03.1982;0.05138
27.03.1982;0.05772
28.03.1982;0.06472
29.03.1982;0.0565
30.03.1982;0.05367
31.03.1982;0.05005
1.04.1982;0.04472
2.04.1982;0.04063
3.04.1982;0.03953
4.04.1982;0.03708
5.04.1982;0.03375
6.04.1982;0.03292
7.04.1982;0.03147
8.04.1982;0.03055
9.04.1982;0.03
10.04.1982;0.02858
11.04.1982;0.02658
12.04.1982;0.02588
13.04.1982;0.02445
14.04.1982;0.0238
15.04.1982;0.02397
16.04.1982;0.02237
17.04.1982;0.02183
18.04.1982;0.0215
19.04.1982;0.02008
20.04.1982;0.01908
21.04.1982;0.0187
22.04.1982;0.01853
23.04.1982;0.01833
24.04.1982;0.01817
25.04.1982;0.01767
26.04.1982;0.01717
27.04.1982;0.01758
28.04.1982;0.0175
29.04.1982;0.01747
30.04.1982;0.01703
1.05.1982;0.01583
2.05.1982;0.01567
3.05.1982;0.0145
4.05.1982;0.01383
5.05.1982;0.01367
6.05.1982;0.0135
7.05.1982;0.01333
8.05.1982;0.013
9.05.1982;0.01263
10.05.1982;0.012
11.05.1982;0.0115
12.05.1982;0.01117
13.05.1982;0.011
14.05.1982;0.0115
15.05.1982;0.0115
16.05.1982;0.0115
17.05.1982;0.01158
18.05.1982;0.01192
19.05.1982;0.01217
20.05.1982;0.0125
21.05.1982;0.01233
22.05.1982;0.012
23.05.1982;0.012
24.05.1982;0.012
25.05.1982;0.0125
26.05.1982;0.01783
27.05.1982;0.01912
28.05.1982;0.0185
29.05.1982;0.01783
30.05.1982;0.01687
31.05.1982;0.01565
1.06.1982;0.01588
2.06.1982;0.0165
3.06.1982;0.01667
4.06.1982;0.01513
5.06.1982;0.01383
6.06.1982;0.01522
7.06.1982;0.01317
8.06.1982;0.01317
9.06.1982;0.01278
10.06.1982;0.01233
11.06.1982;0.01225
12.06.1982;0.01297
13.06.1982;0.01767
14.06.1982;0.01708
15.06.1982;0.0165
16.06.1982;0.01567
17.06.1982;0.015
18.06.1982;0.01333
19.06.1982;0.0115
20.06.1982;0.011
21.06.1982;0.01067
22.06.1982;0.0105
23.06.1982;0.0105
24.06.1982;0.011
25.06.1982;0.01117
26.06.1982;0.0115
27.06.1982;0.01117
28.06.1982;0.01375
29.06.1982;0.01733
30.06.1982;0.01767
1.07.1982;0.01767
2.07.1982;0.01667
3.07.1982;0.01542
4.07.1982;0.02975
5.07.1982;0.03772
6.07.1982;0.03367
7.07.1982;0.03283
8.07.1982;0.02933
9.07.1982;0.02517
10.07.1982;0.0225
11.07.1982;0.02025
12.07.1982;0.01903
13.07.1982;0.01833
14.07.1982;0.01792
15.07.1982;0.01775
16.07.1982;0.01692
17.07.1982;0.01567
18.07.1982;0.01417
19.07.1982;0.01442
20.07.1982;0.01453
21.07.1982;0.01317
22.07.1982;0.01283
23.07.1982;0.01217
24.07.1982;0.01183
25.07.1982;0.0115
26.07.1982;0.01117
27.07.1982;0.02797
28.07.1982;0.03658
29.07.1982;0.0325
30.07.1982;0.02795
31.07.1982;0.02508
1.08.1982;0.02233
2.08.1982;0.02017
3.08.1982;0.01875
4.08.1982;0.01767
5.08.1982;0.01733
6.08.1982;0.017
7.08.1982;0.016
8.08.1982;0.01383
9.08.1982;0.01242
10.08.1982;0.01183
11.08.1982;0.01167
12.08.1982;0.01117
13.08.1982;0.01033
14.08.1982;0.01
15.08.1982;0.00942
16.08.1982;0.00892
17.08.1982;0.0085
18.08.1982;0.00825
19.08.1982;0.00792
20.08.1982;0.00783
21.08.1982;0.00783
22.08.1982;0.00775
23.08.1982;0.00767
24.08.1982;0.00767
25.08.1982;0.00767
26.08.1982;0.0075
27.08.1982;0.007
28.08.1982;0.00683
29.08.1982;0.0065
30.08.1982;0.006
31.08.1982;0.006
1.09.1982;0.006
2.09.1982;0.006
3.09.1982;0.006
4.09.1982;0.00592
5.09.1982;0.00583
6.09.1982;0.00583
7.09.1982;0.00583
8.09.1982;0.00575
9.09.1982;0.0055
10.09.1982;0.00525
11.09.1982;0.0055
12.09.1982;0.00517
13.09.1982;0.00508
14.09.1982;0.00492
15.09.1982;0.00483
16.09.1982;0.005
17.09.1982;0.005
18.09.1982;0.00508
19.09.1982;0.00508
20.09.1982;0.00508
21.09.1982;0.00517
22.09.1982;0.00525
23.09.1982;0.00517
24.09.1982;0.00533
25.09.1982;0.00533
26.09.1982;0.005
27.09.1982;0.005
28.09.1982;0.005
29.09.1982;0.005
30.09.1982;0.005
1.10.1982;0.00483
2.10.1982;0.00467
3.10.1982;0.00458
4.10.1982;0.0045
5.10.1982;0.0045
6.10.1982;0.0045
7.10.1982;0.00433
8.10.1982;0.00417
9.10.1982;0.00417
10.10.1982;0.00408
11.10.1982;0.0035
12.10.1982;0.00342
13.10.1982;0.00333
14.10.1982;0.00408
15.10.1982;0.01467
16.10.1982;0.01133
17.10.1982;0.00833
18.10.1982;0.00758
19.10.1982;0.00633
20.10.1982;0.00575
21.10.1982;0.00567
22.10.1982;0.0055
23.10.1982;0.00542
24.10.1982;0.00533
25.10.1982;0.00517
26.10.1982;0.00508
27.10.1982;0.005
28.10.1982;0.005
29.10.1982;0.005
30.10.1982;0.005
31.10.1982;0.005
1.11.1982;0.005
2.11.1982;0.005
3.11.1982;0.005
4.11.1982;0.005
5.11.1982;0.0055
6.11.1982;0.00492
7.11.1982;0.00483
8.11.1982;0.00483
9.11.1982;0.00475
10.11.1982;0.00475
11.11.1982;0.00467
12.11.1982;0.00458
13.11.1982;0.00417
14.11.1982;0.0037
15.11.1982;0.00642
16.11.1982;0.05292
17.11.1982;0.03833
18.11.1982;0.03433
19.11.1982;0.02942
20.11.1982;0.02808
21.11.1982;0.02692
22.11.1982;0.02392
23.11.1982;0.02242
24.11.1982;0.022
25.11.1982;0.02167
26.11.1982;0.02047
27.11.1982;0.01983
28.11.1982;0.01933
29.11.1982;0.01833
30.11.1982;0.01742
1.12.1982;0.0165
2.12.1982;0.01617
3.12.1982;0.01533
4.12.1982;0.01508
5.12.1982;0.01492
6.12.1982;0.0145
7.12.1982;0.01425
8.12.1982;0.014
9.12.1982;0.0135
10.12.1982;0.01317
11.12.1982;0.01283
12.12.1982;0.01235
13.12.1982;0.012
14.12.1982;0.01183
15.12.1982;0.01167
16.12.1982;0.012
17.12.1982;0.01217
18.12.1982;0.0125
19.12.1982;0.01333
20.12.1982;0.01892
21.12.1982;0.02658
22.12.1982;0.06658
23.12.1982;0.23017
24.12.1982;0.27458
25.12.1982;0.23042
26.12.1982;0.16125
27.12.1982;0.125
28.12.1982;0.10392
29.12.1982;0.08725
30.12.1982;0.07408
31.12.1982;0.06558
1.01.1983;0.06033
2.01.1983;0.056
3.01.1983;0.04925
4.01.1983;0.04658
5.01.1983;0.04533
6.01.1983;0.04125
7.01.1983;0.03933
8.01.1983;0.03683
9.01.1983;0.03563
10.01.1983;0.03333
11.01.1983;0.0325
12.01.1983;0.03167
13.01.1983;0.03083
14.01.1983;0.03033
15.01.1983;0.03125
16.01.1983;0.03167
17.01.1983;0.02917
18.01.1983;0.028
19.01.1983;0.02725
20.01.1983;0.02592
21.01.1983;0.02367
22.01.1983;0.02333
23.01.1983;0.02217
24.01.1983;0.02125
25.01.1983;0.02033
26.01.1983;0.02017
27.01.1983;0.02
28.01.1983;0.02125
29.01.1983;0.0205
30.01.1983;0.02017
31.01.1983;0.0205
1.02.1983;0.01983
2.02.1983;0.01967
3.02.1983;0.01917
4.02.1983;0.01833
5.02.1983;0.018
6.02.1983;0.018
7.02.1983;0.01833
8.02.1983;0.01833
9.02.1983;0.01833
10.02.1983;0.03563
11.02.1983;0.06813
12.02.1983;0.07917
13.02.1983;0.11897
14.02.1983;0.10917
15.02.1983;0.0948
16.02.1983;0.0848
17.02.1983;0.07647
18.02.1983;0.06938
19.02.1983;0.06313
20.02.1983;0.05792
21.02.1983;0.05458
22.02.1983;0.05
23.02.1983;0.04542
24.02.1983;0.04
25.02.1983;0.03792
26.02.1983;0.03647
27.02.1983;0.035
28.02.1983;0.03333
1.03.1983;0.0325
2.03.1983;0.032
3.03.1983;0.03075
4.03.1983;0.02917
5.03.1983;0.03
6.03.1983;0.03183
7.03.1983;0.03458
8.03.1983;0.03875
9.03.1983;0.04522
10.03.1983;0.05292
11.03.1983;0.05333
12.03.1983;0.05042
13.03.1983;0.03942
14.03.1983;0.03833
15.03.1983;0.03667
16.03.1983;0.03667
17.03.1983;0.035
18.03.1983;0.0325
19.03.1983;0.03017
20.03.1983;0.02867
21.03.1983;0.0275
22.03.1983;0.02667
23.03.1983;0.02708
24.03.1983;0.02417
25.03.1983;0.02333
26.03.1983;0.08292
27.03.1983;0.29875
28.03.1983;0.22708
29.03.1983;0.16542
30.03.1983;0.13042
31.03.1983;0.11
1.04.1983;0.09938
2.04.1983;0.08708
3.04.1983;0.08708
4.04.1983;0.10542
5.04.1983;0.12542
6.04.1983;0.12167
7.04.1983;0.10833
8.04.1983;0.09458
9.04.1983;0.08625
10.04.1983;0.07667
11.04.1983;0.07083
12.04.1983;0.06792
13.04.1983;0.0625
14.04.1983;0.0575
15.04.1983;0.05438
16.04.1983;0.04917
17.04.1983;0.04542
18.04.1983;0.04313
19.04.1983;0.04167
20.04.1983;0.04147
21.04.1983;0.03938
22.04.1983;0.03855
23.04.1983;0.03688
24.04.1983;0.03522
25.04.1983;0.03375
26.04.1983;0.03125
27.04.1983;0.03063
28.04.1983;0.03042
29.04.1983;0.03
30.04.1983;0.02917
1.05.1983;0.02917
2.05.1983;0.03397
3.05.1983;0.04355
4.05.1983;0.04355
5.05.1983;0.04833
6.05.1983;0.06813
7.05.1983;0.07897
8.05.1983;0.0825
9.05.1983;0.0825
10.05.1983;0.34
11.05.1983;0.66667
12.05.1983;0.34375
13.05.1983;0.22583
14.05.1983;0.175
15.05.1983;0.1375
16.05.1983;0.11292
17.05.1983;0.09583
18.05.1983;0.08417
19.05.1983;0.07625
20.05.1983;0.06958
21.05.1983;0.06375
22.05.1983;0.05625
23.05.1983;0.05145
24.05.1983;0.04917
25.05.1983;0.045
26.05.1983;0.04333
27.05.1983;0.04
28.05.1983;0.03792
29.05.1983;0.03667
30.05.1983;0.03417
31.05.1983;0.0323
1.06.1983;0.03
2.06.1983;0.03
3.06.1983;0.02958
4.06.1983;0.02833
5.06.1983;0.02667
6.06.1983;0.02667
7.06.1983;0.02583
8.06.1983;0.025
9.06.1983;0.02417
10.06.1983;0.02333
11.06.1983;0.02333
12.06.1983;0.02167
13.06.1983;0.02083
14.06.1983;0.02
15.06.1983;0.01967
16.06.1983;0.01917
17.06.1983;0.01833
18.06.1983;0.01817
19.06.1983;0.0175
20.06.1983;0.01717
21.06.1983;0.01667
22.06.1983;0.01667
23.06.1983;0.01667
24.06.1983;0.01583
25.06.1983;0.01533
26.06.1983;0.015
27.06.1983;0.01417
28.06.1983;0.01367
29.06.1983;0.01367
30.06.1983;0.01367
1.07.1983;0.01333
2.07.1983;0.01317
3.07.1983;0.01167
4.07.1983;0.01133
5.07.1983;0.01133
6.07.1983;0.01083
7.07.1983;0.0105
8.07.1983;0.0105
9.07.1983;0.01033
10.07.1983;0.01017
11.07.1983;0.01017
12.07.1983;0.01
13.07.1983;0.01033
14.07.1983;0.01083
15.07.1983;0.01
16.07.1983;0.00917
17.07.1983;0.00917
18.07.1983;0.00917
19.07.1983;0.00917
20.07.1983;0.00917
21.07.1983;0.009
22.07.1983;0.00867
23.07.1983;0.0085
24.07.1983;0.00833
25.07.1983;0.00817
26.07.1983;0.00833
27.07.1983;0.00867
28.07.1983;0.00833
29.07.1983;0.00833
30.07.1983;0.00833
31.07.1983;0.00817
1.08.1983;0.00817
2.08.1983;0.00817
3.08.1983;0.00817
4.08.1983;0.00883
5.08.1983;0.01083
6.08.1983;0.01133
7.08.1983;0.01033
8.08.1983;0.00983
9.08.1983;0.00942
10.08.1983;0.00917
11.08.1983;0.00917
12.08.1983;0.00883
13.08.1983;0.0085
14.08.1983;0.00833
15.08.1983;0.0075
16.08.1983;0.00817
17.08.1983;0.0085
18.08.1983;0.00833
19.08.1983;0.00817
20.08.1983;0.00717
21.08.1983;0.00717
22.08.1983;0.00683
23.08.1983;0.00683
24.08.1983;0.00683
25.08.1983;0.00833
26.08.1983;0.00833
27.08.1983;0.00767
28.08.1983;0.0075
29.08.1983;0.00767
30.08.1983;0.008
31.08.1983;0.00683
1.09.1983;0.00667
2.09.1983;0.00667
3.09.1983;0.00667
4.09.1983;0.0073
5.09.1983;0.00667
6.09.1983;0.00667
7.09.1983;0.00667
8.09.1983;0.0065
9.09.1983;0.006
10.09.1983;0.006
11.09.1983;0.00625
12.09.1983;0.00583
13.09.1983;0.0055
14.09.1983;0.005
15.09.1983;0.00533
16.09.1983;0.0055
17.09.1983;0.00583
18.09.1983;0.00583
19.09.1983;0.006
20.09.1983;0.00633
21.09.1983;0.0065
22.09.1983;0.00633
23.09.1983;0.00617
24.09.1983;0.00583
25.09.1983;0.00667
26.09.1983;0.0055
27.09.1983;0.00583
28.09.1983;0.00583
29.09.1983;0.00617
30.09.1983;0.00617
1.10.1983;0.006
2.10.1983;0.0055
3.10.1983;0.00617
4.10.1983;0.00633
5.10.1983;0.0055
6.10.1983;0.00533
7.10.1983;0.005
8.10.1983;0.00483
9.10.1983;0.00483
10.10.1983;0.00483
11.10.1983;0.005
12.10.1983;0.00533
13.10.1983;0.00533
14.10.1983;0.005
15.10.1983;0.00533
16.10.1983;0.00567
17.10.1983;0.006
18.10.1983;0.00633
19.10.1983;0.0065
20.10.1983;0.0065
21.10.1983;0.0065
22.10.1983;0.0065
23.10.1983;0.0065
24.10.1983;0.0065
25.10.1983;0.00633
26.10.1983;0.00633
27.10.1983;0.00633
28.10.1983;0.00633
29.10.1983;0.00633
30.10.1983;0.00633
31.10.1983;0.0065
1.11.1983;0.0065
2.11.1983;0.0065
3.11.1983;0.00655
4.11.1983;0.00583
5.11.1983;0.00583
6.11.1983;0.00567
7.11.1983;0.0055
8.11.1983;0.00533
9.11.1983;0.00533
10.11.1983;0.0055
11.11.1983;0.0055
12.11.1983;0.0055
13.11.1983;0.00583
14.11.1983;0.006
15.11.1983;0.00617
16.11.1983;0.00633
17.11.1983;0.00617
18.11.1983;0.006
19.11.1983;0.00583
20.11.1983;0.00583
21.11.1983;0.0055
22.11.1983;0.0055
23.11.1983;0.00533
24.11.1983;0.00533
25.11.1983;0.00533
26.11.1983;0.00533
27.11.1983;0.00517
28.11.1983;0.00517
29.11.1983;0.00517
30.11.1983;0.005
1.12.1983;0.005
2.12.1983;0.00583
3.12.1983;0.006
4.12.1983;0.00617
5.12.1983;0.00633
6.12.1983;0.0065
7.12.1983;0.0065
8.12.1983;0.0065
9.12.1983;0.0065
10.12.1983;0.0065
11.12.1983;0.0065
12.12.1983;0.00633
13.12.1983;0.00633
14.12.1983;0.00633
15.12.1983;0.00617
16.12.1983;0.00583
17.12.1983;0.0055
18.12.1983;0.00533
19.12.1983;0.005
20.12.1983;0.00483
21.12.1983;0.00467
22.12.1983;0.00417
23.12.1983;0.00383
24.12.1983;0.00333
25.12.1983;0.003
26.12.1983;0.00267
27.12.1983;0.00233
28.12.1983;0.002
29.12.1983;0.00217
30.12.1983;0.0025
31.12.1983;0.003
1.01.1984;0.0033
2.01.1984;0.00358
3.01.1984;0.00408
4.01.1984;0.00442
5.01.1984;0.00392
6.01.1984;0.00408
7.01.1984;0.00482
8.01.1984;0.00497
9.01.1984;0.00455
10.01.1984;0.00477
11.01.1984;0.00463
12.01.1984;0.00492
13.01.1984;0.00505
14.01.1984;0.005
15.01.1984;0.00492
16.01.1984;0.00467
17.01.1984;0.00452
18.01.1984;0.00505
19.01.1984;0.005
20.01.1984;0.005
21.01.1984;0.00497
22.01.1984;0.00492
23.01.1984;0.00503
24.01.1984;0.00517
25.01.1984;0.00563
26.01.1984;0.00535
27.01.1984;0.0054
28.01.1984;0.00625
29.01.1984;0.00615
30.01.1984;0.00617
31.01.1984;0.00617
1.02.1984;0.00652
2.02.1984;0.00613
3.02.1984;0.00677
4.02.1984;0.02558
5.02.1984;0.03147
6.02.1984;0.023
7.02.1984;0.02158
8.02.1984;0.01855
9.02.1984;0.01975
10.02.1984;0.02158
11.02.1984;0.02002
12.02.1984;0.01872
13.02.1984;0.0173
14.02.1984;0.01667
15.02.1984;0
16.02.1984;0
17.02.1984;0
18.02.1984;0
19.02.1984;0
20.02.1984;0
21.02.1984;0
22.02.1984;0.00833
23.02.1984;0.00883
24.02.1984;0.0095
25.02.1984;0.00963
26.02.1984;0.01088
27.02.1984;0.0158
28.02.1984;0.01838
29.02.1984;0.01738
1.03.1984;0.0183
2.03.1984;0.01997
3.03.1984;0.02205
4.03.1984;0.02372
5.03.1984;0.02558
6.03.1984;0.0273
7.03.1984;0.02838
8.03.1984;0
9.03.1984;0
10.03.1984;0
11.03.1984;0
12.03.1984;0
13.03.1984;0
14.03.1984;0
15.03.1984;0
16.03.1984;0
17.03.1984;0
18.03.1984;0
19.03.1984;0
20.03.1984;0
21.03.1984;0
22.03.1984;0
23.03.1984;0
24.03.1984;0
25.03.1984;0
26.03.1984;0
27.03.1984;0
28.03.1984;0
29.03.1984;0
30.03.1984;0
31.03.1984;0
1.04.1984;0
2.04.1984;0
3.04.1984;0
4.04.1984;0
5.04.1984;0
6.04.1984;0
7.04.1984;0
8.04.1984;0
9.04.1984;0
10.04.1984;0
11.04.1984;0
12.04.1984;0
13.04.1984;0
14.04.1984;0
15.04.1984;0
16.04.1984;0
17.04.1984;0
18.04.1984;0
19.04.1984;0
20.04.1984;0
21.04.1984;0
22.04.1984;0
23.04.1984;0
24.04.1984;0
25.04.1984;0
26.04.1984;0
27.04.1984;0
28.04.1984;0
29.04.1984;0
30.04.1984;0
1.05.1984;0
2.05.1984;0
3.05.1984;0
4.05.1984;0
5.05.1984;0
6.05.1984;0
7.05.1984;0
8.05.1984;0
9.05.1984;0
10.05.1984;0
11.05.1984;0
12.05.1984;0
13.05.1984;0
14.05.1984;0
15.05.1984;0
16.05.1984;0
17.05.1984;0
18.05.1984;0
19.05.1984;0
20.05.1984;0
21.05.1984;0
22.05.1984;0
23.05.1984;0
24.05.1984;0
25.05.1984;0
26.05.1984;0
27.05.1984;0
28.05.1984;0
29.05.1984;0
30.05.1984;0
31.05.1984;0
1.06.1984;0
2.06.1984;0
3.06.1984;0
4.06.1984;0
5.06.1984;0
6.06.1984;0
7.06.1984;0
8.06.1984;0
9.06.1984;0
10.06.1984;0
11.06.1984;0
12.06.1984;0
13.06.1984;0
14.06.1984;0
15.06.1984;0
16.06.1984;0
17.06.1984;0
18.06.1984;0
19.06.1984;0
20.06.1984;0
21.06.1984;0
22.06.1984;0
23.06.1984;0
24.06.1984;0
25.06.1984;0
26.06.1984;0
27.06.1984;0
28.06.1984;0
29.06.1984;0
30.06.1984;0
1.07.1984;0
2.07.1984;0
3.07.1984;0
4.07.1984;0
5.07.1984;0
6.07.1984;0
7.07.1984;0
8.07.1984;0
9.07.1984;0
10.07.1984;0
11.07.1984;0
12.07.1984;0
13.07.1984;0
14.07.1984;0
15.07.1984;0
16.07.1984;0
17.07.1984;0
18.07.1984;0
19.07.1984;0
20.07.1984;0
21.07.1984;0
22.07.1984;0
23.07.1984;0
24.07.1984;0
25.07.1984;0
26.07.1984;0
27.07.1984;0
28.07.1984;0
29.07.1984;0
30.07.1984;0
31.07.1984;0
1.08.1984;0
2.08.1984;0
3.08.1984;0
4.08.1984;0
5.08.1984;0
6.08.1984;0
7.08.1984;0
8.08.1984;0
9.08.1984;0
10.08.1984;0
11.08.1984;0
12.08.1984;0
13.08.1984;0
14.08.1984;0
15.08.1984;0
16.08.1984;0
17.08.1984;0
18.08.1984;0
19.08.1984;0
20.08.1984;0
21.08.1984;0
22.08.1984;0
23.08.1984;0
24.08.1984;0
25.08.1984;0
26.08.1984;0
27.08.1984;0
28.08.1984;0
29.08.1984;0
30.08.1984;0
31.08.1984;0
1.09.1984;0
2.09.1984;0
3.09.1984;0
4.09.1984;0
5.09.1984;0
6.09.1984;0
7.09.1984;0
8.09.1984;0
9.09.1984;0
10.09.1984;0
11.09.1984;0
12.09.1984;0
13.09.1984;0
14.09.1984;0
15.09.1984;0
16.09.1984;0
17.09.1984;0
18.09.1984;0
19.09.1984;0
20.09.1984;0
21.09.1984;0
22.09.1984;0
23.09.1984;0
24.09.1984;0
25.09.1984;0
26.09.1984;0
27.09.1984;0
28.09.1984;0
29.09.1984;0
30.09.1984;0
1.10.1984;0
2.10.1984;0
3.10.1984;0
4.10.1984;0.02647
5.10.1984;0.06333
6.10.1984;0.05583
7.10.1984;0.05525
8.10.1984;0.12717
9.10.1984;0.11883
10.10.1984;0.0925
11.10.1984;0.07167
12.10.1984;0.065
13.10.1984;0.05667
14.10.1984;0.05083
15.10.1984;0.04417
16.10.1984;0.03917
17.10.1984;0.03375
18.10.1984;0.03167
19.10.1984;0.03
20.10.1984;0.0275
21.10.1984;0.025
22.10.1984;0.02313
23.10.1984;0.02275
24.10.1984;0.02147
25.10.1984;0.02067
26.10.1984;0.02042
27.10.1984;0.01897
28.10.1984;0.01813
29.10.1984;0.0175
30.10.1984;0.01647
31.10.1984;0.01667
1.11.1984;0.01533
2.11.1984;0.01517
3.11.1984;0.015
4.11.1984;0.015
5.11.1984;0.015
6.11.1984;0.01367
7.11.1984;0.01333
8.11.1984;0.01317
9.11.1984;0.01217
10.11.1984;0.0115
11.11.1984;0.01083
12.11.1984;0.01058
13.11.1984;0.01033
14.11.1984;0.01033
15.11.1984;0.01017
16.11.1984;0.01
17.11.1984;0.01
18.11.1984;0.01
19.11.1984;0.01
20.11.1984;0.01017
21.11.1984;0.0105
22.11.1984;0.01358
23.11.1984;0.02083
24.11.1984;0.07167
25.11.1984;0.07458
26.11.1984;0.0725
27.11.1984;0.0675
28.11.1984;0.0573
29.11.1984;0.05063
30.11.1984;0.04833
1.12.1984;0.04333
2.12.1984;0.04083
3.12.1984;0.03833
4.12.1984;0.03667
5.12.1984;0.03417
6.12.1984;0.03167
7.12.1984;0.03233
8.12.1984;0.02917
9.12.1984;0.02833
10.12.1984;0.0275
11.12.1984;0.02667
12.12.1984;0.02667
13.12.1984;0.02608
14.12.1984;0.02417
15.12.1984;0.02333
16.12.1984;0.0225
17.12.1984;0.02167
18.12.1984;0.02083
19.12.1984;0.01967
20.12.1984;0.01917
21.12.1984;0.01867
22.12.1984;0.01833
23.12.1984;0.01833
24.12.1984;0.018
25.12.1984;0.0175
26.12.1984;0.01733
27.12.1984;0.01667
28.12.1984;0.01667
29.12.1984;0.01667
30.12.1984;0.01633
31.12.1984;0.01583
1.01.1985;0.0155
2.01.1985;0.01583
3.01.1985;0.015
4.01.1985;0.01467
5.01.1985;0.01367
6.01.1985;0.01333
7.01.1985;0.013
8.01.1985;0.01167
9.01.1985;0.01167
10.01.1985;0.01167
11.01.1985;0.01063
12.01.1985;0.01
13.01.1985;0.01
14.01.1985;0.00983
15.01.1985;0.00967
16.01.1985;0.0095
17.01.1985;0.0095
18.01.1985;0.01
19.01.1985;0.01
20.01.1985;0.00967
21.01.1985;0.00867
22.01.1985;0.00917
23.01.1985;0.0095
24.01.1985;0.01
25.01.1985;0.00833
26.01.1985;0.0085
27.01.1985;0.0085
28.01.1985;0.00833
29.01.1985;0.00817
30.01.1985;0.00938
31.01.1985;0.01033
1.02.1985;0.01147
2.02.1985;0.01208
3.02.1985;0.02092
4.02.1985;0.02183
5.02.1985;0.02183
6.02.1985;0.02105
7.02.1985;0.01933
8.02.1985;0.0175
9.02.1985;0.0175
10.02.1985;0.01733
11.02.1985;0.01667
12.02.1985;0.01533
13.02.1985;0.015
14.02.1985;0.012
15.02.1985;0.01167
16.02.1985;0.01133
17.02.1985;0.01083
18.02.1985;0.0105
19.02.1985;0.01017
20.02.1985;0.00967
21.02.1985;0.00917
22.02.1985;0.00867
23.02.1985;0.0085
24.02.1985;0.00833
25.02.1985;0.008
26.02.1985;0.008
27.02.1985;0.008
28.02.1985;0.00817
1.03.1985;0.00833
2.03.1985;0.00833
3.03.1985;0.00833
4.03.1985;0.01292
5.03.1985;0.01767
6.03.1985;0.01967
7.03.1985;0.02717
8.03.1985;0.03542
9.03.1985;0.03917
10.03.1985;0.05292
11.03.1985;0.05958
12.03.1985;0.05958
13.03.1985;0.07907
14.03.1985;0.07375
15.03.1985;0.08105
16.03.1985;0.08042
17.03.1985;0.07563
18.03.1985;0.07917
19.03.1985;0.13958
20.03.1985;0.17208
21.03.1985;0.18833
22.03.1985;0.17208
23.03.1985;0.15042
24.03.1985;0.12917
25.03.1985;0.11042
26.03.1985;0.09792
27.03.1985;0.09083
28.03.1985;0.08647
29.03.1985;0.07708
30.03.1985;0.07313
31.03.1985;0.07083
1.04.1985;0.06897
2.04.1985;0.065
3.04.1985;0.06397
4.04.1985;0.05917
5.04.1985;0.05667
6.04.1985;0.05495
7.04.1985;0.05208
8.04.1985;0.04833
9.04.1985;0.04725
10.04.1985;0.04792
11.04.1985;0.05292
12.04.1985;0.06387
13.04.1985;0.07042
14.04.1985;0.07187
15.04.1985;0.06792
16.04.1985;0.06562
17.04.1985;0.0607
18.04.1985;0.05925
19.04.1985;0.05667
20.04.1985;0.055
21.04.1985;0.0512
22.04.1985;0.0497
23.04.1985;0.04758
24.04.1985;0.04667
25.04.1985;0.04492
26.04.1985;0.04167
27.04.1985;0.04042
28.04.1985;0.04
29.04.1985;0.03875
30.04.1985;0.03708
1.05.1985;0.03728
2.05.1985;0.0375
3.05.1985;0.03875
4.05.1985;0.04083
5.05.1985;0.04375
6.05.1985;0.04917
7.05.1985;0.05145
8.05.1985;0.05228
9.05.1985;0.05458
10.05.1985;0.06167
11.05.1985;0.13958
12.05.1985;0.14562
13.05.1985;0.12437
14.05.1985;0.1027
15.05.1985;0.09103
16.05.1985;0.08167
17.05.1985;0.07417
18.05.1985;0.06667
19.05.1985;0.179
20.05.1985;0.24792
21.05.1985;0.20542
22.05.1985;0.16792
23.05.1985;0.25042
24.05.1985;0.23875
25.05.1985;0.19625
26.05.1985;0.16958
27.05.1985;0.1427
28.05.1985;0.11395
29.05.1985;0.10083
30.05.1985;0.08833
31.05.1985;0.07853
1.06.1985;0.07292
2.06.1985;0.07742
3.06.1985;0.08312
4.06.1985;0.08228
5.06.1985;0.07645
6.06.1985;0.07228
7.06.1985;0.06728
8.06.1985;0.06145
9.06.1985;0.05792
10.06.1985;0.10812
11.06.1985;0.12375
12.06.1985;0.10917
13.06.1985;0.10312
14.06.1985;0.0952
15.06.1985;0.12583
16.06.1985;0.255
17.06.1985;0.21875
18.06.1985;0.17417
19.06.1985;0.1425
20.06.1985;0.11042
21.06.1985;0.09395
22.06.1985;0.0825
23.06.1985;0.07417
24.06.1985;0.06762
25.06.1985;0.06417
26.06.1985;0.06167
27.06.1985;0.06417
28.06.1985;0.07062
29.06.1985;0.07333
30.06.1985;0.07167
1.07.1985;0.06792
2.07.1985;0.19708
3.07.1985;0.18333
4.07.1985;0.15625
5.07.1985;0.12667
6.07.1985;0.10228
7.07.1985;0.08875
8.07.1985;0.08167
9.07.1985;0.07292
10.07.1985;0.06478
11.07.1985;0.05853
12.07.1985;0.05
13.07.1985;0.04417
14.07.1985;0.03833
15.07.1985;0.03478
16.07.1985;0.03292
17.07.1985;0.02708
18.07.1985;0.02542
19.07.1985;0.02437
20.07.1985;0.0227
21.07.1985;0.02167
22.07.1985;0.02042
23.07.1985;0.01937
24.07.1985;0.01842
25.07.1985;0.01833
26.07.1985;0.0175
27.07.1985;0.01742
28.07.1985;0.0152
29.07.1985;0.01437
30.07.1985;0.01417
31.07.1985;0.01333
1.08.1985;0.01603
2.08.1985;0.01583
3.08.1985;0.01478
4.08.1985;0.01625
5.08.1985;0.01583
6.08.1985;0.01675
7.08.1985;0.0177
8.08.1985;0.01833
9.08.1985;0.01937
10.08.1985;0.01875
11.08.1985;0.01762
12.08.1985;0.01687
13.08.1985;0.01583
14.08.1985;0.015
15.08.1985;0.015
16.08.1985;0.015
17.08.1985;0.015
18.08.1985;0.01437
19.08.1985;0.01353
20.08.1985;0.01333
21.08.1985;0.01333
22.08.1985;0.01208
23.08.1985;0.01167
24.08.1985;0.01167
25.08.1985;0.01125
26.08.1985;0.01083
27.08.1985;0.01017
28.08.1985;0.0095
29.08.1985;0.00958
30.08.1985;0.0097
31.08.1985;0.00917
1.09.1985;0.00962
2.09.1985;0.00992
3.09.1985;0.01
4.09.1985;0.0105
5.09.1985;0.00942
6.09.1985;0.00962
7.09.1985;0.00903
8.09.1985;0.00867
9.09.1985;0.00833
10.09.1985;0.00833
11.09.1985;0.00833
12.09.1985;0.00792
13.09.1985;0.00792
14.09.1985;0.00812
15.09.1985;0.0075
16.09.1985;0.0075
17.09.1985;0.0075
18.09.1985;0.0075
19.09.1985;0.0075
20.09.1985;0.00787
21.09.1985;0.008
22.09.1985;0.00795
23.09.1985;0.00762
24.09.1985;0.00737
25.09.1985;0.00737
26.09.1985;0.00683
27.09.1985;0.00633
28.09.1985;0.00633
29.09.1985;0.00633
30.09.1985;0.00542
1.10.1985;0.005
2.10.1985;0.0052
3.10.1985;0.00558
4.10.1985;0.00583
5.10.1985;0.00603
6.10.1985;0.00562
7.10.1985;0.00533
8.10.1985;0.00533
9.10.1985;0.00517
10.10.1985;0.00533
11.10.1985;0.00533
12.10.1985;0.00533
13.10.1985;0.005
14.10.1985;0.005
15.10.1985;0.00508
16.10.1985;0.005
17.10.1985;0.00483
18.10.1985;0.00475
19.10.1985;0.005
20.10.1985;0.00492
21.10.1985;0.00428
22.10.1985;0.00442
23.10.1985;0.00442
24.10.1985;0.00537
25.10.1985;0.00542
26.10.1985;0.005
27.10.1985;0.00508
28.10.1985;0.00562
29.10.1985;0.0055
30.10.1985;0.005
31.10.1985;0.005
1.11.1985;0.00483
2.11.1985;0.00483
3.11.1985;0.00453
4.11.1985;0.00428
5.11.1985;0.005
6.11.1985;0.00542
7.11.1985;0.00583
8.11.1985;0.00583
9.11.1985;0.00583
10.11.1985;0.00525
11.11.1985;0.005
12.11.1985;0.005
13.11.1985;0.00492
14.11.1985;0.005
15.11.1985;0.00517
16.11.1985;0.00583
17.11.1985;0.00583
18.11.1985;0.00583
19.11.1985;0.00583
20.11.1985;0.00483
21.11.1985;0.0052
22.11.1985;0.00742
23.11.1985;0.01
24.11.1985;0.01
25.11.1985;0.01
26.11.1985;0.0095
27.11.1985;0.00917
28.11.1985;0.00842
29.11.1985;0.00775
30.11.1985;0.0075
1.12.1985;0.00695
2.12.1985;0.00667
3.12.1985;0.00667
4.12.1985;0.00667
5.12.1985;0.00667
6.12.1985;0.00667
7.12.1985;0.00642
8.12.1985;0.00633
9.12.1985;0.00583
10.12.1985;0.0055
11.12.1985;0.005
12.12.1985;0.005
13.12.1985;0.005
14.12.1985;0.005
15.12.1985;0.005
16.12.1985;0.005
17.12.1985;0.005
18.12.1985;0.00475
19.12.1985;0.00417
20.12.1985;0.00417
21.12.1985;0.00378
22.12.1985;0.00333
23.12.1985;0.00333
24.12.1985;0.00333
25.12.1985;0.00383
26.12.1985;0.00417
27.12.1985;0.00417
28.12.1985;0.00453
29.12.1985;0.00467
30.12.1985;0.00467
31.12.1985;0.00533
1.01.1986;0
2.01.1986;0
3.01.1986;0
4.01.1986;0
5.01.1986;0
6.01.1986;0
7.01.1986;0
8.01.1986;0
9.01.1986;0
10.01.1986;0
11.01.1986;0
12.01.1986;0
13.01.1986;0
14.01.1986;0
15.01.1986;0
16.01.1986;0
17.01.1986;0
18.01.1986;0
19.01.1986;0
20.01.1986;0
21.01.1986;0
22.01.1986;0
23.01.1986;0
24.01.1986;0
25.01.1986;0
26.01.1986;0
27.01.1986;0
28.01.1986;0
29.01.1986;0
30.01.1986;0
31.01.1986;0
1.02.1986;0
2.02.1986;0
3.02.1986;0
4.02.1986;0
5.02.1986;0
6.02.1986;0
7.02.1986;0
8.02.1986;0
9.02.1986;0
10.02.1986;0
11.02.1986;0
12.02.1986;0
13.02.1986;0
14.02.1986;0
15.02.1986;0
16.02.1986;0
17.02.1986;0
18.02.1986;0
19.02.1986;0
20.02.1986;0
21.02.1986;0
22.02.1986;0
23.02.1986;0
24.02.1986;0
25.02.1986;0
26.02.1986;0
27.02.1986;0
28.02.1986;0
1.03.1986;0
2.03.1986;0
3.03.1986;0
4.03.1986;0
5.03.1986;0
6.03.1986;0
7.03.1986;0
8.03.1986;0
9.03.1986;0
10.03.1986;0
11.03.1986;0
12.03.1986;0
13.03.1986;0
14.03.1986;0
15.03.1986;0
16.03.1986;0
17.03.1986;0
18.03.1986;0
19.03.1986;0
20.03.1986;0
21.03.1986;0
22.03.1986;0
23.03.1986;0
24.03.1986;0
25.03.1986;0
26.03.1986;0
27.03.1986;0
28.03.1986;0
29.03.1986;0
30.03.1986;0
31.03.1986;0
1.04.1986;0
2.04.1986;0
3.04.1986;0
4.04.1986;0
5.04.1986;0
6.04.1986;0
7.04.1986;0
8.04.1986;0
9.04.1986;0
10.04.1986;0
11.04.1986;0
12.04.1986;0
13.04.1986;0
14.04.1986;0
15.04.1986;0
16.04.1986;0
17.04.1986;0
18.04.1986;0
19.04.1986;0
20.04.1986;0
21.04.1986;0
22.04.1986;0
23.04.1986;0
24.04.1986;0
25.04.1986;0
26.04.1986;0
27.04.1986;0
28.04.1986;0
29.04.1986;0
30.04.1986;0
1.05.1986;0
2.05.1986;0
3.05.1986;0
4.05.1986;0
5.05.1986;0
6.05.1986;0
7.05.1986;0
8.05.1986;0
9.05.1986;0
10.05.1986;0
11.05.1986;0
12.05.1986;0
13.05.1986;0
14.05.1986;0
15.05.1986;0
16.05.1986;0
17.05.1986;0
18.05.1986;0
19.05.1986;0
20.05.1986;0
21.05.1986;0
22.05.1986;0
23.05.1986;0
24.05.1986;0
25.05.1986;0
26.05.1986;0
27.05.1986;0
28.05.1986;0
29.05.1986;0
30.05.1986;0
31.05.1986;0
1.06.1986;0
2.06.1986;0
3.06.1986;0
4.06.1986;0
5.06.1986;0
6.06.1986;0
7.06.1986;0
8.06.1986;0
9.06.1986;0
10.06.1986;0
11.06.1986;0
12.06.1986;0
13.06.1986;0
14.06.1986;0
15.06.1986;0
16.06.1986;0
17.06.1986;0
18.06.1986;0
19.06.1986;0
20.06.1986;0
21.06.1986;0
22.06.1986;0
23.06.1986;0
24.06.1986;0
25.06.1986;0
26.06.1986;0
27.06.1986;0
28.06.1986;0
29.06.1986;0
30.06.1986;0
1.07.1986;0
2.07.1986;0
3.07.1986;0
4.07.1986;0
5.07.1986;0
6.07.1986;0
7.07.1986;0
8.07.1986;0
9.07.1986;0
10.07.1986;0
11.07.1986;0
12.07.1986;0
13.07.1986;0
14.07.1986;0
15.07.1986;0
16.07.1986;0
17.07.1986;0
18.07.1986;0
19.07.1986;0
20.07.1986;0
21.07.1986;0
22.07.1986;0
23.07.1986;0
24.07.1986;0
25.07.1986;0
26.07.1986;0
27.07.1986;0
28.07.1986;0
29.07.1986;0
30.07.1986;0
31.07.1986;0
1.08.1986;0
2.08.1986;0
3.08.1986;0
4.08.1986;0
5.08.1986;0
6.08.1986;0
7.08.1986;0
8.08.1986;0
9.08.1986;0
10.08.1986;0
11.08.1986;0
12.08.1986;0
13.08.1986;0
14.08.1986;0
15.08.1986;0
16.08.1986;0
17.08.1986;0
18.08.1986;0
19.08.1986;0
20.08.1986;0
21.08.1986;0
22.08.1986;0
23.08.1986;0
24.08.1986;0
25.08.1986;0
26.08.1986;0
27.08.1986;0
28.08.1986;0
29.08.1986;0
30.08.1986;0
31.08.1986;0
1.09.1986;0
2.09.1986;0
3.09.1986;0
4.09.1986;0
5.09.1986;0
6.09.1986;0
7.09.1986;0
8.09.1986;0
9.09.1986;0
10.09.1986;0
11.09.1986;0
12.09.1986;0
13.09.1986;0
14.09.1986;0
15.09.1986;0
16.09.1986;0
17.09.1986;0
18.09.1986;0
19.09.1986;0
20.09.1986;0
21.09.1986;0
22.09.1986;0
23.09.1986;0
24.09.1986;0
25.09.1986;0
26.09.1986;0
27.09.1986;0
28.09.1986;0
29.09.1986;0
30.09.1986;0
1.10.1986;0
2.10.1986;0
3.10.1986;0
4.10.1986;0
5.10.1986;0
6.10.1986;0
7.10.1986;0
8.10.1986;0
9.10.1986;0
10.10.1986;0
11.10.1986;0
12.10.1986;0
13.10.1986;0
14.10.1986;0
15.10.1986;0
16.10.1986;0
17.10.1986;0
18.10.1986;0
19.10.1986;0
20.10.1986;0
21.10.1986;0
22.10.1986;0
23.10.1986;0
24.10.1986;0
25.10.1986;0
26.10.1986;0
27.10.1986;0
28.10.1986;0
29.10.1986;0
30.10.1986;0
31.10.1986;0
1.11.1986;0
2.11.1986;0
3.11.1986;0
4.11.1986;0
5.11.1986;0
6.11.1986;0
7.11.1986;0
8.11.1986;0
9.11.1986;0
10.11.1986;0
11.11.1986;0
12.11.1986;0
13.11.1986;0
14.11.1986;0
15.11.1986;0
16.11.1986;0
17.11.1986;0
18.11.1986;0
19.11.1986;0
20.11.1986;0
21.11.1986;0
22.11.1986;0
23.11.1986;0
24.11.1986;0
25.11.1986;0
26.11.1986;0
27.11.1986;0
28.11.1986;0
29.11.1986;0
30.11.1986;0
1.12.1986;0
2.12.1986;0
3.12.1986;0
4.12.1986;0
5.12.1986;0
6.12.1986;0
7.12.1986;0
8.12.1986;0
9.12.1986;0
10.12.1986;0
11.12.1986;0
12.12.1986;0
13.12.1986;0
14.12.1986;0
15.12.1986;0
16.12.1986;0
17.12.1986;0
18.12.1986;0
19.12.1986;0
20.12.1986;0
21.12.1986;0
22.12.1986;0
23.12.1986;0
24.12.1986;0
25.12.1986;0
26.12.1986;0
27.12.1986;0
28.12.1986;0
29.12.1986;0
30.12.1986;0
31.12.1986;0
1.01.1987;0
2.01.1987;0
3.01.1987;0
4.01.1987;0
5.01.1987;0
6.01.1987;0
7.01.1987;0
8.01.1987;0
9.01.1987;0
10.01.1987;0
11.01.1987;0
12.01.1987;0
13.01.1987;0
14.01.1987;0
15.01.1987;0
16.01.1987;0
17.01.1987;0
18.01.1987;0
19.01.1987;0
20.01.1987;0
21.01.1987;0
22.01.1987;0
23.01.1987;0
24.01.1987;0
25.01.1987;0
26.01.1987;0
27.01.1987;0
28.01.1987;0
29.01.1987;0
30.01.1987;0
31.01.1987;0
1.02.1987;0
2.02.1987;0
3.02.1987;0
4.02.1987;0
5.02.1987;0
6.02.1987;0
7.02.1987;0
8.02.1987;0
9.02.1987;0
10.02.1987;0
11.02.1987;0
12.02.1987;0
13.02.1987;0
14.02.1987;0
15.02.1987;0
16.02.1987;0
17.02.1987;0
18.02.1987;0
19.02.1987;0
20.02.1987;0
21.02.1987;0
22.02.1987;0
23.02.1987;0
24.02.1987;0
25.02.1987;0
26.02.1987;0
27.02.1987;0
28.02.1987;0
1.03.1987;0
2.03.1987;0
3.03.1987;0
4.03.1987;0
5.03.1987;0
6.03.1987;0
7.03.1987;0
8.03.1987;0
9.03.1987;0
10.03.1987;0
11.03.1987;0
12.03.1987;0
13.03.1987;0
14.03.1987;0
15.03.1987;0
16.03.1987;0
17.03.1987;0
18.03.1987;0
19.03.1987;0
20.03.1987;0
21.03.1987;0
22.03.1987;0
23.03.1987;0
24.03.1987;0
25.03.1987;0
26.03.1987;0
27.03.1987;0
28.03.1987;0
29.03.1987;0
30.03.1987;0
31.03.1987;0
1.04.1987;0
2.04.1987;0
3.04.1987;0
4.04.1987;0
5.04.1987;0
6.04.1987;0
7.04.1987;0
8.04.1987;0
9.04.1987;0
10.04.1987;0
11.04.1987;0
12.04.1987;0
13.04.1987;0
14.04.1987;0
15.04.1987;0
16.04.1987;0
17.04.1987;0
18.04.1987;0
19.04.1987;0
20.04.1987;0
21.04.1987;0
22.04.1987;0
23.04.1987;0
24.04.1987;0
25.04.1987;0
26.04.1987;0
27.04.1987;0
28.04.1987;0
29.04.1987;0
30.04.1987;0
1.05.1987;0
2.05.1987;0
3.05.1987;0
4.05.1987;0
5.05.1987;0
6.05.1987;0
7.05.1987;0
8.05.1987;0
9.05.1987;0
10.05.1987;0
11.05.1987;0
12.05.1987;0
13.05.1987;0
14.05.1987;0
15.05.1987;0
16.05.1987;0
17.05.1987;0
18.05.1987;0
19.05.1987;0
20.05.1987;0
21.05.1987;0
22.05.1987;0
23.05.1987;0
24.05.1987;0
25.05.1987;0
26.05.1987;0
27.05.1987;0
28.05.1987;0
29.05.1987;0
30.05.1987;0
31.05.1987;0
1.06.1987;0
2.06.1987;0
3.06.1987;0
4.06.1987;0
5.06.1987;0
6.06.1987;0
7.06.1987;0
8.06.1987;0
9.06.1987;0
10.06.1987;0
11.06.1987;0
12.06.1987;0
13.06.1987;0
14.06.1987;0
15.06.1987;0
16.06.1987;0
17.06.1987;0
18.06.1987;0
19.06.1987;0
20.06.1987;0
21.06.1987;0
22.06.1987;0
23.06.1987;0
24.06.1987;0
25.06.1987;0
26.06.1987;0
27.06.1987;0
28.06.1987;0
29.06.1987;0
30.06.1987;0
1.07.1987;0
2.07.1987;0
3.07.1987;0
4.07.1987;0
5.07.1987;0
6.07.1987;0
7.07.1987;0
8.07.1987;0
9.07.1987;0
10.07.1987;0
11.07.1987;0
12.07.1987;0
13.07.1987;0
14.07.1987;0
15.07.1987;0
16.07.1987;0
17.07.1987;0
18.07.1987;0
19.07.1987;0
20.07.1987;0
21.07.1987;0
22.07.1987;0
23.07.1987;0
24.07.1987;0
25.07.1987;0
26.07.1987;0
27.07.1987;0
28.07.1987;0
29.07.1987;0
30.07.1987;0
31.07.1987;0
1.08.1987;0
2.08.1987;0
3.08.1987;0
4.08.1987;0
5.08.1987;0
6.08.1987;0
7.08.1987;0
8.08.1987;0
9.08.1987;0
10.08.1987;0
11.08.1987;0
12.08.1987;0
13.08.1987;0
14.08.1987;0
15.08.1987;0
16.08.1987;0
17.08.1987;0
18.08.1987;0
19.08.1987;0
20.08.1987;0
21.08.1987;0
22.08.1987;0
23.08.1987;0
24.08.1987;0
25.08.1987;0
26.08.1987;0
27.08.1987;0
28.08.1987;0
29.08.1987;0
30.08.1987;0
31.08.1987;0
1.09.1987;0
2.09.1987;0
3.09.1987;0
4.09.1987;0
5.09.1987;0
6.09.1987;0
7.09.1987;0
8.09.1987;0
9.09.1987;0
10.09.1987;0
11.09.1987;0
12.09.1987;0
13.09.1987;0
14.09.1987;0
15.09.1987;0
16.09.1987;0
17.09.1987;0
18.09.1987;0
19.09.1987;0
20.09.1987;0
21.09.1987;0
22.09.1987;0
23.09.1987;0
24.09.1987;0
25.09.1987;0
26.09.1987;0
27.09.1987;0
28.09.1987;0
29.09.1987;0
30.09.1987;0
1.10.1987;0
2.10.1987;0
3.10.1987;0
4.10.1987;0
5.10.1987;0
6.10.1987;0
7.10.1987;0
8.10.1987;0
9.10.1987;0
10.10.1987;0
11.10.1987;0
12.10.1987;0
13.10.1987;0
14.10.1987;0
15.10.1987;0
16.10.1987;0
17.10.1987;0
18.10.1987;0
19.10.1987;0
20.10.1987;0
21.10.1987;0
22.10.1987;0
23.10.1987;0
24.10.1987;0
25.10.1987;0
26.10.1987;0
27.10.1987;0
28.10.1987;0
29.10.1987;0
30.10.1987;0
31.10.1987;0
1.11.1987;0
2.11.1987;0
3.11.1987;0
4.11.1987;0
5.11.1987;0
6.11.1987;0
7.11.1987;0
8.11.1987;0
9.11.1987;0
10.11.1987;0
11.11.1987;0
12.11.1987;0
13.11.1987;0
14.11.1987;0
15.11.1987;0
16.11.1987;0
17.11.1987;0
18.11.1987;0
19.11.1987;0
20.11.1987;0
21.11.1987;0
22.11.1987;0
23.11.1987;0
24.11.1987;0
25.11.1987;0
26.11.1987;0
27.11.1987;0
28.11.1987;0
29.11.1987;0
30.11.1987;0
1.12.1987;0
2.12.1987;0
3.12.1987;0
4.12.1987;0
5.12.1987;0
6.12.1987;0
7.12.1987;0
8.12.1987;0
9.12.1987;0
10.12.1987;0
11.12.1987;0
12.12.1987;0
13.12.1987;0
14.12.1987;0
15.12.1987;0
16.12.1987;0
17.12.1987;0
18.12.1987;0
19.12.1987;0
20.12.1987;0
21.12.1987;0
22.12.1987;0
23.12.1987;0
24.12.1987;0
25.12.1987;0
26.12.1987;0
27.12.1987;0
28.12.1987;0
29.12.1987;0
30.12.1987;0
31.12.1987;0
1.01.1988;0
2.01.1988;0
3.01.1988;0
4.01.1988;0
5.01.1988;0
6.01.1988;0
7.01.1988;0
8.01.1988;0
9.01.1988;0
10.01.1988;0
11.01.1988;0
12.01.1988;0
13.01.1988;0
14.01.1988;0
15.01.1988;0
16.01.1988;0
17.01.1988;0
18.01.1988;0
19.01.1988;0
20.01.1988;0
21.01.1988;0
22.01.1988;0
23.01.1988;0
24.01.1988;0
25.01.1988;0
26.01.1988;0
27.01.1988;0
28.01.1988;0
29.01.1988;0
30.01.1988;0
31.01.1988;0
1.02.1988;0
2.02.1988;0
3.02.1988;0
4.02.1988;0
5.02.1988;0
6.02.1988;0
7.02.1988;0
8.02.1988;0
9.02.1988;0
10.02.1988;0
11.02.1988;0
12.02.1988;0
13.02.1988;0
14.02.1988;0
15.02.1988;0
16.02.1988;0
17.02.1988;0
18.02.1988;0
19.02.1988;0
20.02.1988;0
21.02.1988;0
22.02.1988;0
23.02.1988;0
24.02.1988;0
25.02.1988;0
26.02.1988;0
27.02.1988;0
28.02.1988;0
29.02.1988;0
1.03.1988;0
2.03.1988;0
3.03.1988;0
4.03.1988;0
5.03.1988;0
6.03.1988;0
7.03.1988;0
8.03.1988;0
9.03.1988;0
10.03.1988;0
11.03.1988;0
12.03.1988;0
13.03.1988;0
14.03.1988;0
15.03.1988;0
16.03.1988;0
17.03.1988;0
18.03.1988;0
19.03.1988;0
20.03.1988;0
21.03.1988;0
22.03.1988;0
23.03.1988;0
24.03.1988;0
25.03.1988;0
26.03.1988;0
27.03.1988;0
28.03.1988;0
29.03.1988;0
30.03.1988;0
31.03.1988;0
1.04.1988;0
2.04.1988;0
3.04.1988;0
4.04.1988;0
5.04.1988;0
6.04.1988;0
7.04.1988;0
8.04.1988;0
9.04.1988;0
10.04.1988;0
11.04.1988;0
12.04.1988;0
13.04.1988;0
14.04.1988;0
15.04.1988;0
16.04.1988;0
17.04.1988;0
18.04.1988;0
19.04.1988;0
20.04.1988;0
21.04.1988;0
22.04.1988;0
23.04.1988;0
24.04.1988;0
25.04.1988;0
26.04.1988;0
27.04.1988;0
28.04.1988;0
29.04.1988;0
30.04.1988;0
1.05.1988;0
2.05.1988;0
3.05.1988;0
4.05.1988;0
5.05.1988;0
6.05.1988;0
7.05.1988;0
8.05.1988;0
9.05.1988;0
10.05.1988;0
11.05.1988;0
12.05.1988;0
13.05.1988;0
14.05.1988;0
15.05.1988;0
16.05.1988;0
17.05.1988;0
18.05.1988;0
19.05.1988;0
20.05.1988;0
21.05.1988;0
22.05.1988;0
23.05.1988;0
24.05.1988;0
25.05.1988;0
26.05.1988;0
27.05.1988;0
28.05.1988;0
29.05.1988;0
30.05.1988;0
31.05.1988;0
1.06.1988;0
2.06.1988;0
3.06.1988;0
4.06.1988;0
5.06.1988;0
6.06.1988;0
7.06.1988;0
8.06.1988;0
9.06.1988;0
10.06.1988;0
11.06.1988;0
12.06.1988;0
13.06.1988;0
14.06.1988;0
15.06.1988;0
16.06.1988;0
17.06.1988;0
18.06.1988;0
19.06.1988;0
20.06.1988;0
21.06.1988;0
22.06.1988;0
23.06.1988;0
24.06.1988;0
25.06.1988;0
26.06.1988;0
27.06.1988;0
28.06.1988;0
29.06.1988;0
30.06.1988;0
1.07.1988;0
2.07.1988;0
3.07.1988;0
4.07.1988;0
5.07.1988;0
6.07.1988;0
7.07.1988;0
8.07.1988;0
9.07.1988;0
10.07.1988;0
11.07.1988;0
12.07.1988;0
13.07.1988;0
14.07.1988;0
15.07.1988;0
16.07.1988;0
17.07.1988;0
18.07.1988;0
19.07.1988;0
20.07.1988;0
21.07.1988;0
22.07.1988;0
23.07.1988;0
24.07.1988;0
25.07.1988;0
26.07.1988;0
27.07.1988;0
28.07.1988;0
29.07.1988;0
30.07.1988;0
31.07.1988;0
1.08.1988;0
2.08.1988;0
3.08.1988;0
4.08.1988;0
5.08.1988;0
6.08.1988;0
7.08.1988;0
8.08.1988;0
9.08.1988;0
10.08.1988;0
11.08.1988;0
12.08.1988;0
13.08.1988;0
14.08.1988;0
15.08.1988;0
16.08.1988;0
17.08.1988;0
18.08.1988;0
19.08.1988;0
20.08.1988;0
21.08.1988;0
22.08.1988;0
23.08.1988;0
24.08.1988;0
25.08.1988;0
26.08.1988;0
27.08.1988;0
28.08.1988;0
29.08.1988;0
30.08.1988;0
31.08.1988;0
1.09.1988;0
2.09.1988;0
3.09.1988;0
4.09.1988;0
5.09.1988;0
6.09.1988;0
7.09.1988;0
8.09.1988;0
9.09.1988;0
10.09.1988;0
11.09.1988;0
12.09.1988;0
13.09.1988;0
14.09.1988;0
15.09.1988;0
16.09.1988;0
17.09.1988;0
18.09.1988;0
19.09.1988;0
20.09.1988;0
21.09.1988;0
22.09.1988;0
23.09.1988;0
24.09.1988;0
25.09.1988;0
26.09.1988;0
27.09.1988;0
28.09.1988;0
29.09.1988;0
30.09.1988;0
1.10.1988;0
2.10.1988;0
3.10.1988;0
4.10.1988;0
5.10.1988;0
6.10.1988;0
7.10.1988;0
8.10.1988;0
9.10.1988;0
10.10.1988;0
11.10.1988;0
12.10.1988;0
13.10.1988;0
14.10.1988;0
15.10.1988;0
16.10.1988;0
17.10.1988;0
18.10.1988;0
19.10.1988;0
20.10.1988;0
21.10.1988;0
22.10.1988;0
23.10.1988;0
24.10.1988;0
25.10.1988;0
26.10.1988;0
27.10.1988;0
28.10.1988;0
29.10.1988;0
30.10.1988;0
31.10.1988;0
1.11.1988;0
2.11.1988;0
3.11.1988;0
4.11.1988;0
5.11.1988;0
6.11.1988;0
7.11.1988;0
8.11.1988;0
9.11.1988;0
10.11.1988;0
11.11.1988;0
12.11.1988;0
13.11.1988;0
14.11.1988;0
15.11.1988;0
16.11.1988;0
17.11.1988;0
18.11.1988;0
19.11.1988;0
20.11.1988;0
21.11.1988;0
22.11.1988;0
23.11.1988;0
24.11.1988;0
25.11.1988;0
26.11.1988;0
27.11.1988;0
28.11.1988;0
29.11.1988;0
30.11.1988;0
1.12.1988;0
2.12.1988;0
3.12.1988;0
4.12.1988;0
5.12.1988;0
6.12.1988;0
7.12.1988;0
8.12.1988;0
9.12.1988;0
10.12.1988;0
11.12.1988;0
12.12.1988;0
13.12.1988;0
14.12.1988;0
15.12.1988;0
16.12.1988;0
17.12.1988;0
18.12.1988;0
19.12.1988;0
20.12.1988;0
21.12.1988;0
22.12.1988;0
23.12.1988;0
24.12.1988;0
25.12.1988;0
26.12.1988;0
27.12.1988;0
28.12.1988;0
29.12.1988;0
30.12.1988;0
31.12.1988;0
1.01.1989;0
2.01.1989;0
3.01.1989;0
4.01.1989;0
5.01.1989;0
6.01.1989;0
7.01.1989;0
8.01.1989;0
9.01.1989;0
10.01.1989;0
11.01.1989;0
12.01.1989;0
13.01.1989;0
14.01.1989;0
15.01.1989;0
16.01.1989;0
17.01.1989;0
18.01.1989;0
19.01.1989;0
20.01.1989;0
21.01.1989;0
22.01.1989;0
23.01.1989;0
24.01.1989;0
25.01.1989;0
26.01.1989;0
27.01.1989;0
28.01.1989;0
29.01.1989;0
30.01.1989;0
31.01.1989;0
1.02.1989;0
2.02.1989;0
3.02.1989;0
4.02.1989;0
5.02.1989;0
6.02.1989;0
7.02.1989;0
8.02.1989;0
9.02.1989;0
10.02.1989;0
11.02.1989;0
12.02.1989;0
13.02.1989;0
14.02.1989;0
15.02.1989;0
16.02.1989;0
17.02.1989;0
18.02.1989;0
19.02.1989;0
20.02.1989;0
21.02.1989;0
22.02.1989;0
23.02.1989;0
24.02.1989;0
25.02.1989;0
26.02.1989;0
27.02.1989;0
28.02.1989;0
1.03.1989;0
2.03.1989;0
3.03.1989;0
4.03.1989;0
5.03.1989;0
6.03.1989;0
7.03.1989;0
8.03.1989;0
9.03.1989;0
10.03.1989;0
11.03.1989;0
12.03.1989;0
13.03.1989;0
14.03.1989;0
15.03.1989;0
16.03.1989;0
17.03.1989;0
18.03.1989;0
19.03.1989;0
20.03.1989;0
21.03.1989;0
22.03.1989;0
23.03.1989;0
24.03.1989;0
25.03.1989;0
26.03.1989;0
27.03.1989;0
28.03.1989;0
29.03.1989;0
30.03.1989;0
31.03.1989;0
1.04.1989;0
2.04.1989;0
3.04.1989;0
4.04.1989;0
5.04.1989;0
6.04.1989;0
7.04.1989;0
8.04.1989;0
9.04.1989;0
10.04.1989;0
11.04.1989;0
12.04.1989;0
13.04.1989;0
14.04.1989;0
15.04.1989;0
16.04.1989;0
17.04.1989;0
18.04.1989;0
19.04.1989;0
20.04.1989;0
21.04.1989;0
22.04.1989;0
23.04.1989;0
24.04.1989;0
25.04.1989;0
26.04.1989;0
27.04.1989;0
28.04.1989;0
29.04.1989;0
30.04.1989;0
1.05.1989;0
2.05.1989;0
3.05.1989;0
4.05.1989;0
5.05.1989;0
6.05.1989;0
7.05.1989;0
8.05.1989;0
9.05.1989;0
10.05.1989;0
11.05.1989;0
12.05.1989;0
13.05.1989;0
14.05.1989;0
15.05.1989;0
16.05.1989;0
17.05.1989;0
18.05.1989;0
19.05.1989;0
20.05.1989;0
21.05.1989;0
22.05.1989;0
23.05.1989;0
24.05.1989;0
25.05.1989;0
26.05.1989;0
27.05.1989;0
28.05.1989;0
29.05.1989;0
30.05.1989;0
31.05.1989;0
1.06.1989;0
2.06.1989;0
3.06.1989;0
4.06.1989;0
5.06.1989;0
6.06.1989;0
7.06.1989;0
8.06.1989;0
9.06.1989;0
10.06.1989;0
11.06.1989;0
12.06.1989;0
13.06.1989;0
14.06.1989;0
15.06.1989;0
16.06.1989;0
17.06.1989;0
18.06.1989;0
19.06.1989;0
20.06.1989;0
21.06.1989;0
22.06.1989;0
23.06.1989;0
24.06.1989;0
25.06.1989;0
26.06.1989;0
27.06.1989;0
28.06.1989;0
29.06.1989;0
30.06.1989;0
1.07.1989;0
2.07.1989;0
3.07.1989;0
4.07.1989;0
5.07.1989;0
6.07.1989;0
7.07.1989;0
8.07.1989;0
9.07.1989;0
10.07.1989;0
11.07.1989;0
12.07.1989;0
13.07.1989;0
14.07.1989;0
15.07.1989;0
16.07.1989;0
17.07.1989;0
18.07.1989;0
19.07.1989;0
20.07.1989;0
21.07.1989;0
22.07.1989;0
23.07.1989;0
24.07.1989;0
25.07.1989;0
26.07.1989;0
27.07.1989;0
28.07.1989;0
29.07.1989;0
30.07.1989;0
31.07.1989;0
1.08.1989;0
2.08.1989;0
3.08.1989;0
4.08.1989;0
5.08.1989;0
6.08.1989;0
7.08.1989;0
8.08.1989;0
9.08.1989;0
10.08.1989;0
11.08.1989;0
12.08.1989;0
13.08.1989;0
14.08.1989;0
15.08.1989;0
16.08.1989;0
17.08.1989;0
18.08.1989;0
19.08.1989;0
20.08.1989;0
21.08.1989;0
22.08.1989;0
23.08.1989;0
24.08.1989;0
25.08.1989;0
26.08.1989;0
27.08.1989;0
28.08.1989;0
29.08.1989;0
30.08.1989;0
31.08.1989;0
1.09.1989;0
2.09.1989;0
3.09.1989;0
4.09.1989;0
5.09.1989;0
6.09.1989;0
7.09.1989;0
8.09.1989;0
9.09.1989;0
10.09.1989;0
11.09.1989;0
12.09.1989;0
13.09.1989;0
14.09.1989;0
15.09.1989;0
16.09.1989;0
17.09.1989;0
18.09.1989;0
19.09.1989;0
20.09.1989;0
21.09.1989;0
22.09.1989;0
23.09.1989;0
24.09.1989;0
25.09.1989;0
26.09.1989;0
27.09.1989;0
28.09.1989;0
29.09.1989;0
30.09.1989;0
1.10.1989;0
2.10.1989;0
3.10.1989;0
4.10.1989;0
5.10.1989;0
6.10.1989;0
7.10.1989;0
8.10.1989;0
9.10.1989;0
10.10.1989;0
11.10.1989;0
12.10.1989;0
13.10.1989;0
14.10.1989;0
15.10.1989;0
16.10.1989;0
17.10.1989;0
18.10.1989;0
19.10.1989;0
20.10.1989;0
21.10.1989;0
22.10.1989;0
23.10.1989;0
24.10.1989;0
25.10.1989;0
26.10.1989;0
27.10.1989;0
28.10.1989;0
29.10.1989;0
30.10.1989;0
31.10.1989;0
1.11.1989;0
2.11.1989;0
3.11.1989;0
4.11.1989;0
5.11.1989;0
6.11.1989;0
7.11.1989;0
8.11.1989;0
9.11.1989;0
10.11.1989;0
11.11.1989;0
12.11.1989;0
13.11.1989;0
14.11.1989;0
15.11.1989;0
16.11.1989;0
17.11.1989;0
18.11.1989;0
19.11.1989;0
20.11.1989;0
21.11.1989;0
22.11.1989;0
23.11.1989;0
24.11.1989;0
25.11.1989;0
26.11.1989;0
27.11.1989;0
28.11.1989;0
29.11.1989;0
30.11.1989;0
1.12.1989;0
2.12.1989;0
3.12.1989;0
4.12.1989;0
5.12.1989;0
6.12.1989;0
7.12.1989;0
8.12.1989;0
9.12.1989;0
10.12.1989;0
11.12.1989;0
12.12.1989;0
13.12.1989;0
14.12.1989;0
15.12.1989;0
16.12.1989;0
17.12.1989;0
18.12.1989;0
19.12.1989;0
20.12.1989;0
21.12.1989;0
22.12.1989;0
23.12.1989;0
24.12.1989;0
25.12.1989;0
26.12.1989;0
27.12.1989;0
28.12.1989;0
29.12.1989;0
30.12.1989;0
31.12.1989;0
1.01.1990;0
2.01.1990;0
3.01.1990;0
4.01.1990;0
5.01.1990;0
6.01.1990;0
7.01.1990;0
8.01.1990;0
9.01.1990;0
10.01.1990;0
11.01.1990;0
12.01.1990;0
13.01.1990;0
14.01.1990;0
15.01.1990;0
16.01.1990;0
17.01.1990;0
18.01.1990;0
19.01.1990;0
20.01.1990;0
21.01.1990;0
22.01.1990;0
23.01.1990;0
24.01.1990;0
25.01.1990;0
26.01.1990;0
27.01.1990;0
28.01.1990;0
29.01.1990;0
30.01.1990;0
31.01.1990;0
1.02.1990;0
2.02.1990;0
3.02.1990;0
4.02.1990;0
5.02.1990;0
6.02.1990;0
7.02.1990;0
8.02.1990;0
9.02.1990;0
10.02.1990;0
11.02.1990;0
12.02.1990;0
13.02.1990;0
14.02.1990;0
15.02.1990;0
16.02.1990;0
17.02.1990;0
18.02.1990;0
19.02.1990;0
20.02.1990;0
21.02.1990;0
22.02.1990;0
23.02.1990;0
24.02.1990;0
25.02.1990;0
26.02.1990;0
27.02.1990;0
28.02.1990;0
1.03.1990;0
2.03.1990;0
3.03.1990;0
4.03.1990;0
5.03.1990;0
6.03.1990;0
7.03.1990;0
8.03.1990;0
9.03.1990;0
10.03.1990;0
11.03.1990;0
12.03.1990;0
13.03.1990;0
14.03.1990;0
15.03.1990;0
16.03.1990;0
17.03.1990;0
18.03.1990;0
19.03.1990;0
20.03.1990;0
21.03.1990;0
22.03.1990;0
23.03.1990;0
24.03.1990;0
25.03.1990;0
26.03.1990;0
27.03.1990;0
28.03.1990;0
29.03.1990;0
30.03.1990;0
31.03.1990;0
1.04.1990;0
2.04.1990;0
3.04.1990;0
4.04.1990;0
5.04.1990;0
6.04.1990;0
7.04.1990;0
8.04.1990;0
9.04.1990;0
10.04.1990;0
11.04.1990;0
12.04.1990;0
13.04.1990;0
14.04.1990;0
15.04.1990;0
16.04.1990;0
17.04.1990;0
18.04.1990;0
19.04.1990;0
20.04.1990;0
21.04.1990;0
22.04.1990;0
23.04.1990;0
24.04.1990;0
25.04.1990;0
26.04.1990;0
27.04.1990;0
28.04.1990;0
29.04.1990;0
30.04.1990;0
1.05.1990;0
2.05.1990;0
3.05.1990;0
4.05.1990;0
5.05.1990;0
6.05.1990;0
7.05.1990;0
8.05.1990;0
9.05.1990;0
10.05.1990;0
11.05.1990;0
12.05.1990;0
13.05.1990;0
14.05.1990;0
15.05.1990;0
16.05.1990;0
17.05.1990;0
18.05.1990;0
19.05.1990;0
20.05.1990;0
21.05.1990;0
22.05.1990;0
23.05.1990;0
24.05.1990;0
25.05.1990;0
26.05.1990;0
27.05.1990;0
28.05.1990;0
29.05.1990;0
30.05.1990;0
31.05.1990;0
1.06.1990;0
2.06.1990;0
3.06.1990;0
4.06.1990;0
5.06.1990;0
6.06.1990;0
7.06.1990;0
8.06.1990;0
9.06.1990;0
10.06.1990;0
11.06.1990;0
12.06.1990;0
13.06.1990;0
14.06.1990;0
15.06.1990;0
16.06.1990;0
17.06.1990;0
18.06.1990;0
19.06.1990;0
20.06.1990;0
21.06.1990;0
22.06.1990;0
23.06.1990;0
24.06.1990;0
25.06.1990;0
26.06.1990;0
27.06.1990;0
28.06.1990;0
29.06.1990;0
30.06.1990;0
1.07.1990;0
2.07.1990;0
3.07.1990;0
4.07.1990;0
5.07.1990;0
6.07.1990;0
7.07.1990;0
8.07.1990;0
9.07.1990;0
10.07.1990;0
11.07.1990;0
12.07.1990;0
13.07.1990;0
14.07.1990;0
15.07.1990;0
16.07.1990;0
17.07.1990;0
18.07.1990;0
19.07.1990;0
20.07.1990;0
21.07.1990;0
22.07.1990;0
23.07.1990;0
24.07.1990;0
25.07.1990;0
26.07.1990;0
27.07.1990;0
28.07.1990;0
29.07.1990;0
30.07.1990;0
31.07.1990;0
1.08.1990;0
2.08.1990;0
3.08.1990;0
4.08.1990;0
5.08.1990;0
6.08.1990;0
7.08.1990;0
8.08.1990;0
9.08.1990;0
10.08.1990;0
11.08.1990;0
12.08.1990;0
13.08.1990;0
14.08.1990;0
15.08.1990;0
16.08.1990;0
17.08.1990;0
18.08.1990;0
19.08.1990;0
20.08.1990;0
21.08.1990;0
22.08.1990;0
23.08.1990;0
24.08.1990;0
25.08.1990;0
26.08.1990;0
27.08.1990;0
28.08.1990;0
29.08.1990;0
30.08.1990;0
31.08.1990;0
1.09.1990;0
2.09.1990;0
3.09.1990;0
4.09.1990;0
5.09.1990;0
6.09.1990;0
7.09.1990;0
8.09.1990;0
9.09.1990;0
10.09.1990;0
11.09.1990;0
12.09.1990;0
13.09.1990;0
14.09.1990;0
15.09.1990;0
16.09.1990;0
17.09.1990;0
18.09.1990;0
19.09.1990;0
20.09.1990;0
21.09.1990;0
22.09.1990;0
23.09.1990;0
24.09.1990;0
25.09.1990;0
26.09.1990;0
27.09.1990;0
28.09.1990;0
29.09.1990;0
30.09.1990;0
1.10.1990;0
2.10.1990;0
3.10.1990;0
4.10.1990;0
5.10.1990;0
6.10.1990;0
7.10.1990;0
8.10.1990;0
9.10.1990;0
10.10.1990;0
11.10.1990;0
12.10.1990;0
13.10.1990;0
14.10.1990;0
15.10.1990;0
16.10.1990;0
17.10.1990;0
18.10.1990;0
19.10.1990;0
20.10.1990;0
21.10.1990;0
22.10.1990;0
23.10.1990;0
24.10.1990;0
25.10.1990;0
26.10.1990;0
27.10.1990;0
28.10.1990;0
29.10.1990;0
30.10.1990;0
31.10.1990;0
1.11.1990;0
2.11.1990;0
3.11.1990;0
4.11.1990;0
5.11.1990;0
6.11.1990;0
7.11.1990;0
8.11.1990;0
9.11.1990;0
10.11.1990;0
11.11.1990;0
12.11.1990;0
13.11.1990;0
14.11.1990;0
15.11.1990;0
16.11.1990;0
17.11.1990;0
18.11.1990;0
19.11.1990;0
20.11.1990;0
21.11.1990;0
22.11.1990;0
23.11.1990;0
24.11.1990;0
25.11.1990;0
26.11.1990;0
27.11.1990;0
28.11.1990;0
29.11.1990;0
30.11.1990;0
1.12.1990;0
2.12.1990;0
3.12.1990;0
4.12.1990;0
5.12.1990;0
6.12.1990;0
7.12.1990;0
8.12.1990;0
9.12.1990;0
10.12.1990;0
11.12.1990;0
12.12.1990;0
13.12.1990;0
14.12.1990;0
15.12.1990;0
16.12.1990;0
17.12.1990;0
18.12.1990;0
19.12.1990;0
20.12.1990;0
21.12.1990;0
22.12.1990;0
23.12.1990;0
24.12.1990;0
25.12.1990;0
26.12.1990;0
27.12.1990;0
28.12.1990;0
29.12.1990;0
30.12.1990;0
31.12.1990;0
1.01.1991;0
2.01.1991;0
3.01.1991;0
4.01.1991;0
5.01.1991;0
6.01.1991;0
7.01.1991;0
8.01.1991;0
9.01.1991;0
10.01.1991;0
11.01.1991;0
12.01.1991;0
13.01.1991;0
14.01.1991;0
15.01.1991;0
16.01.1991;0
17.01.1991;0
18.01.1991;0
19.01.1991;0
20.01.1991;0
21.01.1991;0
22.01.1991;0
23.01.1991;0
24.01.1991;0
25.01.1991;0
26.01.1991;0
27.01.1991;0
28.01.1991;0
29.01.1991;0
30.01.1991;0
31.01.1991;0
1.02.1991;0
2.02.1991;0
3.02.1991;0
4.02.1991;0
5.02.1991;0
6.02.1991;0
7.02.1991;0
8.02.1991;0
9.02.1991;0
10.02.1991;0
11.02.1991;0
12.02.1991;0
13.02.1991;0
14.02.1991;0
15.02.1991;0
16.02.1991;0
17.02.1991;0
18.02.1991;0
19.02.1991;0
20.02.1991;0
21.02.1991;0
22.02.1991;0
23.02.1991;0
24.02.1991;0
25.02.1991;0
26.02.1991;0
27.02.1991;0
28.02.1991;0
1.03.1991;0
2.03.1991;0
3.03.1991;0
4.03.1991;0
5.03.1991;0
6.03.1991;0
7.03.1991;0
8.03.1991;0
9.03.1991;0
10.03.1991;0
11.03.1991;0
12.03.1991;0
13.03.1991;0
14.03.1991;0
15.03.1991;0
16.03.1991;0
17.03.1991;0
18.03.1991;0
19.03.1991;0
20.03.1991;0
21.03.1991;0
22.03.1991;0
23.03.1991;0
24.03.1991;0
25.03.1991;0
26.03.1991;0
27.03.1991;0
28.03.1991;0
29.03.1991;0
30.03.1991;0
31.03.1991;0
1.04.1991;0
2.04.1991;0
3.04.1991;0
4.04.1991;0
5.04.1991;0
6.04.1991;0
7.04.1991;0
8.04.1991;0
9.04.1991;0
10.04.1991;0
11.04.1991;0
12.04.1991;0
13.04.1991;0
14.04.1991;0
15.04.1991;0
16.04.1991;0
17.04.1991;0
18.04.1991;0
19.04.1991;0
20.04.1991;0
21.04.1991;0
22.04.1991;0
23.04.1991;0
24.04.1991;0
25.04.1991;0
26.04.1991;0
27.04.1991;0
28.04.1991;0
29.04.1991;0
30.04.1991;0
1.05.1991;0
2.05.1991;0
3.05.1991;0
4.05.1991;0
5.05.1991;0
6.05.1991;0
7.05.1991;0
8.05.1991;0
9.05.1991;0
10.05.1991;0
11.05.1991;0
12.05.1991;0
13.05.1991;0
14.05.1991;0
15.05.1991;0
16.05.1991;0
17.05.1991;0
18.05.1991;0
19.05.1991;0
20.05.1991;0
21.05.1991;0
22.05.1991;0
23.05.1991;0
24.05.1991;0
25.05.1991;0
26.05.1991;0
27.05.1991;0
28.05.1991;0
29.05.1991;0
30.05.1991;0
31.05.1991;0
1.06.1991;0
2.06.1991;0
3.06.1991;0
4.06.1991;0
5.06.1991;0
6.06.1991;0
7.06.1991;0
8.06.1991;0
9.06.1991;0
10.06.1991;0
11.06.1991;0
12.06.1991;0
13.06.1991;0
14.06.1991;0
15.06.1991;0
16.06.1991;0
17.06.1991;0
18.06.1991;0
19.06.1991;0
20.06.1991;0
21.06.1991;0
22.06.1991;0
23.06.1991;0
24.06.1991;0
25.06.1991;0
26.06.1991;0
27.06.1991;0
28.06.1991;0
29.06.1991;0
30.06.1991;0
1.07.1991;0
2.07.1991;0
3.07.1991;0
4.07.1991;0
5.07.1991;0
6.07.1991;0
7.07.1991;0
8.07.1991;0
9.07.1991;0
10.07.1991;0
11.07.1991;0
12.07.1991;0
13.07.1991;0
14.07.1991;0
15.07.1991;0
16.07.1991;0
17.07.1991;0
18.07.1991;0
19.07.1991;0
20.07.1991;0
21.07.1991;0
22.07.1991;0
23.07.1991;0
24.07.1991;0
25.07.1991;0
26.07.1991;0
27.07.1991;0
28.07.1991;0
29.07.1991;0
30.07.1991;0
31.07.1991;0
1.08.1991;0
2.08.1991;0
3.08.1991;0
4.08.1991;0
5.08.1991;0
6.08.1991;0
7.08.1991;0
8.08.1991;0
9.08.1991;0
10.08.1991;0
11.08.1991;0
12.08.1991;0
13.08.1991;0
14.08.1991;0
15.08.1991;0
16.08.1991;0
17.08.1991;0
18.08.1991;0
19.08.1991;0
20.08.1991;0
21.08.1991;0
22.08.1991;0
23.08.1991;0
24.08.1991;0
25.08.1991;0
26.08.1991;0
27.08.1991;0
28.08.1991;0
29.08.1991;0
30.08.1991;0
31.08.1991;0
1.09.1991;0
2.09.1991;0
3.09.1991;0
4.09.1991;0
5.09.1991;0
6.09.1991;0
7.09.1991;0
8.09.1991;0
9.09.1991;0
10.09.1991;0
11.09.1991;0
12.09.1991;0
13.09.1991;0
14.09.1991;0
15.09.1991;0
16.09.1991;0
17.09.1991;0
18.09.1991;0
19.09.1991;0
20.09.1991;0
21.09.1991;0
22.09.1991;0
23.09.1991;0
24.09.1991;0
25.09.1991;0
26.09.1991;0
27.09.1991;0
28.09.1991;0
29.09.1991;0
30.09.1991;0
1.10.1991;0
2.10.1991;0
3.10.1991;0
4.10.1991;0
5.10.1991;0
6.10.1991;0
7.10.1991;0
8.10.1991;0
9.10.1991;0
10.10.1991;0
11.10.1991;0
12.10.1991;0
13.10.1991;0
14.10.1991;0
15.10.1991;0
16.10.1991;0
17.10.1991;0
18.10.1991;0
19.10.1991;0
20.10.1991;0
21.10.1991;0
22.10.1991;0
23.10.1991;0
24.10.1991;0
25.10.1991;0
26.10.1991;0
27.10.1991;0
28.10.1991;0
29.10.1991;0
30.10.1991;0
31.10.1991;0
1.11.1991;0
2.11.1991;0
3.11.1991;0
4.11.1991;0
5.11.1991;0
6.11.1991;0
7.11.1991;0
8.11.1991;0
9.11.1991;0
10.11.1991;0
11.11.1991;0
12.11.1991;0
13.11.1991;0
14.11.1991;0
15.11.1991;0
16.11.1991;0
17.11.1991;0
18.11.1991;0
19.11.1991;0
20.11.1991;0
21.11.1991;0
22.11.1991;0
23.11.1991;0
24.11.1991;0
25.11.1991;0
26.11.1991;0
27.11.1991;0
28.11.1991;0
29.11.1991;0
30.11.1991;0
1.12.1991;0
2.12.1991;0
3.12.1991;0
4.12.1991;0
5.12.1991;0
6.12.1991;0
7.12.1991;0
8.12.1991;0
9.12.1991;0
10.12.1991;0
11.12.1991;0
12.12.1991;0
13.12.1991;0
14.12.1991;0
15.12.1991;0
16.12.1991;0
17.12.1991;0
18.12.1991;0
19.12.1991;0
20.12.1991;0
21.12.1991;0
22.12.1991;0
23.12.1991;0
24.12.1991;0
25.12.1991;0
26.12.1991;0
27.12.1991;0
28.12.1991;0
29.12.1991;0
30.12.1991;0
31.12.1991;0
1.01.1992;0
2.01.1992;0
3.01.1992;0
4.01.1992;0
5.01.1992;0
6.01.1992;0
7.01.1992;0
8.01.1992;0
9.01.1992;0
10.01.1992;0
11.01.1992;0
12.01.1992;0
13.01.1992;0
14.01.1992;0
15.01.1992;0
16.01.1992;0
17.01.1992;0
18.01.1992;0
19.01.1992;0
20.01.1992;0
21.01.1992;0
22.01.1992;0
23.01.1992;0
24.01.1992;0
25.01.1992;0
26.01.1992;0
27.01.1992;0
28.01.1992;0
29.01.1992;0
30.01.1992;0
31.01.1992;0
1.02.1992;0
2.02.1992;0
3.02.1992;0
4.02.1992;0
5.02.1992;0
6.02.1992;0
7.02.1992;0
8.02.1992;0
9.02.1992;0
10.02.1992;0
11.02.1992;0
12.02.1992;0
13.02.1992;0
14.02.1992;0
15.02.1992;0
16.02.1992;0
17.02.1992;0
18.02.1992;0
19.02.1992;0
20.02.1992;0
21.02.1992;0
22.02.1992;0
23.02.1992;0
24.02.1992;0
25.02.1992;0
26.02.1992;0
27.02.1992;0
28.02.1992;0
29.02.1992;0
1.03.1992;0
2.03.1992;0
3.03.1992;0
4.03.1992;0
5.03.1992;0
6.03.1992;0
7.03.1992;0
8.03.1992;0
9.03.1992;0
10.03.1992;0
11.03.1992;0
12.03.1992;0
13.03.1992;0
14.03.1992;0
15.03.1992;0
16.03.1992;0
17.03.1992;0
18.03.1992;0
19.03.1992;0
20.03.1992;0
21.03.1992;0
22.03.1992;0
23.03.1992;0
24.03.1992;0
25.03.1992;0
26.03.1992;0
27.03.1992;0
28.03.1992;0
29.03.1992;0
30.03.1992;0
31.03.1992;0
1.04.1992;0
2.04.1992;0
3.04.1992;0
4.04.1992;0
5.04.1992;0
6.04.1992;0
7.04.1992;0
8.04.1992;0
9.04.1992;0
10.04.1992;0
11.04.1992;0
12.04.1992;0
13.04.1992;0
14.04.1992;0
15.04.1992;0
16.04.1992;0
17.04.1992;0
18.04.1992;0
19.04.1992;0
20.04.1992;0
21.04.1992;0
22.04.1992;0
23.04.1992;0
24.04.1992;0
25.04.1992;0
26.04.1992;0
27.04.1992;0
28.04.1992;0
29.04.1992;0
30.04.1992;0
1.05.1992;0
2.05.1992;0
3.05.1992;0
4.05.1992;0
5.05.1992;0
6.05.1992;0
7.05.1992;0
8.05.1992;0
9.05.1992;0
10.05.1992;0
11.05.1992;0
12.05.1992;0
13.05.1992;0
14.05.1992;0
15.05.1992;0
16.05.1992;0
17.05.1992;0
18.05.1992;0
19.05.1992;0
20.05.1992;0
21.05.1992;0
22.05.1992;0
23.05.1992;0
24.05.1992;0
25.05.1992;0
26.05.1992;0
27.05.1992;0
28.05.1992;0
29.05.1992;0
30.05.1992;0
31.05.1992;0
1.06.1992;0
2.06.1992;0
3.06.1992;0
4.06.1992;0
5.06.1992;0
6.06.1992;0
7.06.1992;0
8.06.1992;0
9.06.1992;0
10.06.1992;0
11.06.1992;0
12.06.1992;0
13.06.1992;0
14.06.1992;0
15.06.1992;0
16.06.1992;0
17.06.1992;0
18.06.1992;0
19.06.1992;0
20.06.1992;0
21.06.1992;0
22.06.1992;0
23.06.1992;0
24.06.1992;0
25.06.1992;0
26.06.1992;0
27.06.1992;0
28.06.1992;0
29.06.1992;0
30.06.1992;0
1.07.1992;0
2.07.1992;0
3.07.1992;0
4.07.1992;0
5.07.1992;0
6.07.1992;0
7.07.1992;0
8.07.1992;0
9.07.1992;0
10.07.1992;0
11.07.1992;0
12.07.1992;0
13.07.1992;0
14.07.1992;0
15.07.1992;0
16.07.1992;0
17.07.1992;0
18.07.1992;0
19.07.1992;0
20.07.1992;0
21.07.1992;0
22.07.1992;0
23.07.1992;0
24.07.1992;0
25.07.1992;0
26.07.1992;0
27.07.1992;0
28.07.1992;0
29.07.1992;0
30.07.1992;0
31.07.1992;0
1.08.1992;0
2.08.1992;0
3.08.1992;0
4.08.1992;0
5.08.1992;0
6.08.1992;0
7.08.1992;0
8.08.1992;0
9.08.1992;0
10.08.1992;0
11.08.1992;0
12.08.1992;0
13.08.1992;0
14.08.1992;0
15.08.1992;0
16.08.1992;0
17.08.1992;0
18.08.1992;0
19.08.1992;0
20.08.1992;0
21.08.1992;0
22.08.1992;0
23.08.1992;0
24.08.1992;0
25.08.1992;0
26.08.1992;0
27.08.1992;0
28.08.1992;0
29.08.1992;0
30.08.1992;0
31.08.1992;0
1.09.1992;0
2.09.1992;0
3.09.1992;0
4.09.1992;0
5.09.1992;0
6.09.1992;0
7.09.1992;0
8.09.1992;0
9.09.1992;0
10.09.1992;0
11.09.1992;0
12.09.1992;0
13.09.1992;0
14.09.1992;0
15.09.1992;0
16.09.1992;0
17.09.1992;0
18.09.1992;0
19.09.1992;0
20.09.1992;0
21.09.1992;0
22.09.1992;0
23.09.1992;0
24.09.1992;0
25.09.1992;0
26.09.1992;0
27.09.1992;0
28.09.1992;0
29.09.1992;0
30.09.1992;0
1.10.1992;0
2.10.1992;0
3.10.1992;0
4.10.1992;0
5.10.1992;0
6.10.1992;0
7.10.1992;0
8.10.1992;0
9.10.1992;0
10.10.1992;0
11.10.1992;0
12.10.1992;0
13.10.1992;0
14.10.1992;0
15.10.1992;0
16.10.1992;0
17.10.1992;0
18.10.1992;0
19.10.1992;0
20.10.1992;0
21.10.1992;0
22.10.1992;0
23.10.1992;0
24.10.1992;0
25.10.1992;0
26.10.1992;0
27.10.1992;0
28.10.1992;0
29.10.1992;0
30.10.1992;0
31.10.1992;0
1.11.1992;0
2.11.1992;0
3.11.1992;0
4.11.1992;0
5.11.1992;0
6.11.1992;0
7.11.1992;0
8.11.1992;0
9.11.1992;0
10.11.1992;0
11.11.1992;0
12.11.1992;0
13.11.1992;0
14.11.1992;0
15.11.1992;0
16.11.1992;0
17.11.1992;0
18.11.1992;0
19.11.1992;0
20.11.1992;0
21.11.1992;0
22.11.1992;0
23.11.1992;0
24.11.1992;0
25.11.1992;0
26.11.1992;0
27.11.1992;0
28.11.1992;0
29.11.1992;0
30.11.1992;0
1.12.1992;0
2.12.1992;0
3.12.1992;0
4.12.1992;0
5.12.1992;0
6.12.1992;0
7.12.1992;0
8.12.1992;0
9.12.1992;0
10.12.1992;0
11.12.1992;0
12.12.1992;0
13.12.1992;0
14.12.1992;0
15.12.1992;0
16.12.1992;0
17.12.1992;0
18.12.1992;0
19.12.1992;0
20.12.1992;0
21.12.1992;0
22.12.1992;0
23.12.1992;0
24.12.1992;0
25.12.1992;0
26.12.1992;0
27.12.1992;0
28.12.1992;0
29.12.1992;0
30.12.1992;0
31.12.1992;0
1.01.1993;0
2.01.1993;0
3.01.1993;0
4.01.1993;0
5.01.1993;0
6.01.1993;0
7.01.1993;0
8.01.1993;0
9.01.1993;0
10.01.1993;0
11.01.1993;0
12.01.1993;0
13.01.1993;0
14.01.1993;0
15.01.1993;0
16.01.1993;0
17.01.1993;0
18.01.1993;0
19.01.1993;0
20.01.1993;0
21.01.1993;0
22.01.1993;0
23.01.1993;0
24.01.1993;0
25.01.1993;0
26.01.1993;0
27.01.1993;0
28.01.1993;0
29.01.1993;0
30.01.1993;0
31.01.1993;0
1.02.1993;0
2.02.1993;0
3.02.1993;0
4.02.1993;0
5.02.1993;0
6.02.1993;0
7.02.1993;0
8.02.1993;0
9.02.1993;0
10.02.1993;0
11.02.1993;0
12.02.1993;0
13.02.1993;0
14.02.1993;0
15.02.1993;0
16.02.1993;0
17.02.1993;0
18.02.1993;0
19.02.1993;0
20.02.1993;0
21.02.1993;0
22.02.1993;0
23.02.1993;0
24.02.1993;0
25.02.1993;0
26.02.1993;0
27.02.1993;0
28.02.1993;0
1.03.1993;0
2.03.1993;0
3.03.1993;0
4.03.1993;0
5.03.1993;0
6.03.1993;0
7.03.1993;0
8.03.1993;0
9.03.1993;0
10.03.1993;0
11.03.1993;0
12.03.1993;0
13.03.1993;0
14.03.1993;0
15.03.1993;0
16.03.1993;0
17.03.1993;0
18.03.1993;0
19.03.1993;0
20.03.1993;0
21.03.1993;0
22.03.1993;0
23.03.1993;0
24.03.1993;0
25.03.1993;0
26.03.1993;0
27.03.1993;0
28.03.1993;0
29.03.1993;0
30.03.1993;0
31.03.1993;0
1.04.1993;0
2.04.1993;0
3.04.1993;0
4.04.1993;0
5.04.1993;0
6.04.1993;0
7.04.1993;0
8.04.1993;0
9.04.1993;0
10.04.1993;0
11.04.1993;0
12.04.1993;0
13.04.1993;0
14.04.1993;0
15.04.1993;0
16.04.1993;0
17.04.1993;0
18.04.1993;0
19.04.1993;0
20.04.1993;0
21.04.1993;0
22.04.1993;0
23.04.1993;0
24.04.1993;0
25.04.1993;0
26.04.1993;0
27.04.1993;0
28.04.1993;0
29.04.1993;0
30.04.1993;0
1.05.1993;0
2.05.1993;0
3.05.1993;0
4.05.1993;0
5.05.1993;0
6.05.1993;0
7.05.1993;0
8.05.1993;0
9.05.1993;0
10.05.1993;0
11.05.1993;0
12.05.1993;0
13.05.1993;0
14.05.1993;0
15.05.1993;0
16.05.1993;0
17.05.1993;0
18.05.1993;0
19.05.1993;0
20.05.1993;0
21.05.1993;0
22.05.1993;0
23.05.1993;0
24.05.1993;0
25.05.1993;0
26.05.1993;0
27.05.1993;0
28.05.1993;0
29.05.1993;0
30.05.1993;0
31.05.1993;0
1.06.1993;0
2.06.1993;0
3.06.1993;0
4.06.1993;0
5.06.1993;0
6.06.1993;0
7.06.1993;0
8.06.1993;0
9.06.1993;0
10.06.1993;0
11.06.1993;0
12.06.1993;0
13.06.1993;0
14.06.1993;0
15.06.1993;0
16.06.1993;0
17.06.1993;0
18.06.1993;0
19.06.1993;0
20.06.1993;0
21.06.1993;0
22.06.1993;0
23.06.1993;0
24.06.1993;0
25.06.1993;0
26.06.1993;0
27.06.1993;0
28.06.1993;0
29.06.1993;0
30.06.1993;0
1.07.1993;0
2.07.1993;0
3.07.1993;0
4.07.1993;0
5.07.1993;0
6.07.1993;0
7.07.1993;0
8.07.1993;0
9.07.1993;0
10.07.1993;0
11.07.1993;0
12.07.1993;0
13.07.1993;0
14.07.1993;0
15.07.1993;0
16.07.1993;0
17.07.1993;0
18.07.1993;0
19.07.1993;0
20.07.1993;0
21.07.1993;0
22.07.1993;0
23.07.1993;0
24.07.1993;0
25.07.1993;0
26.07.1993;0
27.07.1993;0
28.07.1993;0
29.07.1993;0
30.07.1993;0
31.07.1993;0
1.08.1993;0
2.08.1993;0
3.08.1993;0
4.08.1993;0
5.08.1993;0
6.08.1993;0
7.08.1993;0
8.08.1993;0
9.08.1993;0
10.08.1993;0
11.08.1993;0
12.08.1993;0
13.08.1993;0
14.08.1993;0
15.08.1993;0
16.08.1993;0
17.08.1993;0
18.08.1993;0
19.08.1993;0
20.08.1993;0
21.08.1993;0
22.08.1993;0
23.08.1993;0
24.08.1993;0
25.08.1993;0
26.08.1993;0
27.08.1993;0
28.08.1993;0
29.08.1993;0
30.08.1993;0
31.08.1993;0
1.09.1993;0
2.09.1993;0
3.09.1993;0
4.09.1993;0
5.09.1993;0
6.09.1993;0
7.09.1993;0
8.09.1993;0
9.09.1993;0
10.09.1993;0
11.09.1993;0
12.09.1993;0
13.09.1993;0
14.09.1993;0
15.09.1993;0
16.09.1993;0
17.09.1993;0
18.09.1993;0
19.09.1993;0
20.09.1993;0
21.09.1993;0
22.09.1993;0
23.09.1993;0
24.09.1993;0
25.09.1993;0
26.09.1993;0
27.09.1993;0
28.09.1993;0
29.09.1993;0
30.09.1993;0
1.10.1993;0
2.10.1993;0
3.10.1993;0
4.10.1993;0
5.10.1993;0
6.10.1993;0
7.10.1993;0
8.10.1993;0
9.10.1993;0
10.10.1993;0
11.10.1993;0
12.10.1993;0
13.10.1993;0
14.10.1993;0
15.10.1993;0
16.10.1993;0
17.10.1993;0
18.10.1993;0
19.10.1993;0
20.10.1993;0
21.10.1993;0
22.10.1993;0
23.10.1993;0
24.10.1993;0
25.10.1993;0
26.10.1993;0
27.10.1993;0
28.10.1993;0
29.10.1993;0
30.10.1993;0
31.10.1993;0
1.11.1993;0
2.11.1993;0
3.11.1993;0
4.11.1993;0
5.11.1993;0
6.11.1993;0
7.11.1993;0
8.11.1993;0
9.11.1993;0
10.11.1993;0
11.11.1993;0
12.11.1993;0
13.11.1993;0
14.11.1993;0
15.11.1993;0
16.11.1993;0
17.11.1993;0
18.11.1993;0
19.11.1993;0
20.11.1993;0
21.11.1993;0
22.11.1993;0
23.11.1993;0
24.11.1993;0
25.11.1993;0
26.11.1993;0
27.11.1993;0
28.11.1993;0
29.11.1993;0
30.11.1993;0
1.12.1993;0
2.12.1993;0
3.12.1993;0
4.12.1993;0
5.12.1993;0
6.12.1993;0
7.12.1993;0
8.12.1993;0
9.12.1993;0
10.12.1993;0
11.12.1993;0
12.12.1993;0
13.12.1993;0
14.12.1993;0
15.12.1993;0
16.12.1993;0
17.12.1993;0
18.12.1993;0
19.12.1993;0
20.12.1993;0
21.12.1993;0
22.12.1993;0
23.12.1993;0
24.12.1993;0
25.12.1993;0
26.12.1993;0
27.12.1993;0
28.12.1993;0
29.12.1993;0
30.12.1993;0
31.12.1993;0
1.01.1994;0.04272
2.01.1994;0.0398
3.01.1994;0.03897
4.01.1994;0.03933
5.01.1994;0.10333
6.01.1994;0.13583
7.01.1994;0.11105
8.01.1994;0.0925
9.01.1994;0.08022
10.01.1994;0.07438
11.01.1994;0.06792
12.01.1994;0.05813
13.01.1994;0.0538
14.01.1994;0.0525
15.01.1994;0.04958
16.01.1994;0.04897
17.01.1994;0.04605
18.01.1994;0.03647
19.01.1994;0.03542
20.01.1994;0.03292
21.01.1994;0.03208
22.01.1994;0.02833
23.01.1994;0.027
24.01.1994;0.02667
25.01.1994;0.02633
26.01.1994;0.02542
27.01.1994;0.0223
28.01.1994;0.02333
29.01.1994;0.02147
30.01.1994;0.01855
31.01.1994;0.02
1.02.1994;0.01792
2.02.1994;0.0175
3.02.1994;0.01813
4.02.1994;0.0175
5.02.1994;0.01583
6.02.1994;0.01458
7.02.1994;0.01522
8.02.1994;0.01333
9.02.1994;0.01208
10.02.1994;0.01
11.02.1994;0.01
12.02.1994;0.01075
13.02.1994;0.01192
14.02.1994;0.01472
15.02.1994;0.01542
16.02.1994;0.01617
17.02.1994;0.01725
18.02.1994;0.01792
19.02.1994;0.01897
20.02.1994;0.0198
21.02.1994;0.01867
22.02.1994;0.01917
23.02.1994;0.01833
24.02.1994;0.01813
25.02.1994;0.0175
26.02.1994;0.0173
27.02.1994;0.01792
28.02.1994;0.01792
1.03.1994;0.01838
2.03.1994;0.01833
3.03.1994;0.015
4.03.1994;0.01417
5.03.1994;0.01375
6.03.1994;0.0148
7.03.1994;0.01417
8.03.1994;0.01333
9.03.1994;0.01333
10.03.1994;0.01167
11.03.1994;0.01083
12.03.1994;0.01063
13.03.1994;0.01208
14.03.1994;0.0148
15.03.1994;0.01063
16.03.1994;0.0125
17.03.1994;0.01167
18.03.1994;0.01017
19.03.1994;0.01047
20.03.1994;0.0102
21.03.1994;0.01
22.03.1994;0.0093
23.03.1994;0.00833
24.03.1994;0.00958
25.03.1994;0.01125
26.03.1994;0.0102
27.03.1994;0.00883
28.03.1994;0.00792
29.03.1994;0.0075
30.03.1994;0.00792
31.03.1994;0.00833
1.04.1994;0.00853
2.04.1994;0.00983
3.04.1994;0.01063
4.04.1994;0.00937
5.04.1994;0.01313
6.04.1994;0.01708
7.04.1994;0.02353
8.04.1994;0.03917
9.04.1994;0.04792
10.04.1994;0.04775
11.04.1994;0.0523
12.04.1994;0.07333
13.04.1994;0.16375
14.04.1994;0.20167
15.04.1994;0.18125
16.04.1994;0.1475
17.04.1994;0.12208
18.04.1994;0.10458
19.04.1994;0.12917
20.04.1994;0.14042
21.04.1994;0.12958
22.04.1994;0.11042
23.04.1994;0.095
24.04.1994;0.08083
25.04.1994;0.07083
26.04.1994;0.06042
27.04.1994;0.05375
28.04.1994;0.04667
29.04.1994;0.04417
30.04.1994;0.03958
1.05.1994;0.03958
2.05.1994;0.0352
3.05.1994;0.0325
4.05.1994;0.03
5.05.1994;0.03042
6.05.1994;0.03
7.05.1994;0.02813
8.05.1994;0.0275
9.05.1994;0.02458
10.05.1994;0.02458
11.05.1994;0.02333
12.05.1994;0.02272
13.05.1994;0.02
14.05.1994;0.02042
15.05.1994;0.02333
16.05.1994;0.01792
17.05.1994;0.01813
18.05.1994;0.01833
19.05.1994;0.01708
20.05.1994;0.01958
21.05.1994;0.01917
22.05.1994;0.01772
23.05.1994;0.01708
24.05.1994;0.0173
25.05.1994;0.01833
26.05.1994;0.01833
27.05.1994;0.01833
28.05.1994;0.01833
29.05.1994;0.01833
30.05.1994;0.01833
31.05.1994;0.01833
1.06.1994;0
2.06.1994;0
3.06.1994;0
4.06.1994;0
5.06.1994;0
6.06.1994;0
7.06.1994;0
8.06.1994;0.01583
9.06.1994;0.01333
10.06.1994;0.01333
11.06.1994;0.01313
12.06.1994;0.01438
13.06.1994;0.01417
14.06.1994;0.01167
15.06.1994;0.0125
16.06.1994;0
17.06.1994;0
18.06.1994;0
19.06.1994;0
20.06.1994;0
21.06.1994;0
22.06.1994;0.00333
23.06.1994;0.00417
24.06.1994;0.00317
25.06.1994;0.00283
26.06.1994;0.00275
27.06.1994;0.00217
28.06.1994;0.00258
29.06.1994;0.00355
30.06.1994;0
1.07.1994;0
2.07.1994;0
3.07.1994;0
4.07.1994;0
5.07.1994;0
6.07.1994;0.00355
7.07.1994;0.00275
8.07.1994;0.00363
9.07.1994;0.003
10.07.1994;0.00303
11.07.1994;0.00333
12.07.1994;0.00272
13.07.1994;0.00205
14.07.1994;0.002
15.07.1994;0.002
16.07.1994;0.002
17.07.1994;0.002
18.07.1994;0.002
19.07.1994;0.002
20.07.1994;0.00192
21.07.1994;0.00108
22.07.1994;0.00113
23.07.1994;0.00092
24.07.1994;0.00083
25.07.1994;0.00058
26.07.1994;0.00058
27.07.1994;0.00072
28.07.1994;0
29.07.1994;0
30.07.1994;0
31.07.1994;0
1.08.1994;0
2.08.1994;0
3.08.1994;0.00072
4.08.1994;0.00075
5.08.1994;0.00022
6.08.1994;0.00025
7.08.1994;0.00063
8.08.1994;0.00058
9.08.1994;0.00058
10.08.1994;0.0008
11.08.1994;0.00097
12.08.1994;0.001
13.08.1994;0.0008
14.08.1994;0.00025
15.08.1994;0.00022
16.08.1994;0
17.08.1994;0
18.08.1994;0
19.08.1994;0
20.08.1994;0
21.08.1994;0
22.08.1994;0
23.08.1994;0.00017
24.08.1994;0.00047
25.08.1994;0.00013
26.08.1994;0.00105
27.08.1994;0.00113
28.08.1994;0.00158
29.08.1994;0.0003
30.08.1994;0.00092
31.08.1994;0.00075
1.09.1994;0.00075
2.09.1994;0.001
3.09.1994;0.00042
4.09.1994;0.0003
5.09.1994;0.00083
6.09.1994;0.001
7.09.1994;0.00097
8.09.1994;0.00092
9.09.1994;0.00117
10.09.1994;0.0008
11.09.1994;0.00025
12.09.1994;0.00105
13.09.1994;0.00108
14.09.1994;0.00125
15.09.1994;0.0008
16.09.1994;0.00105
17.09.1994;0.00063
18.09.1994;0.00058
19.09.1994;0.0003
20.09.1994;0.00113
21.09.1994;0.00105
22.09.1994;0.00055
23.09.1994;0.00042
24.09.1994;0.00055
25.09.1994;0.00075
26.09.1994;0.00117
27.09.1994;0.00017
28.09.1994;0.00017
29.09.1994;0
30.09.1994;0
1.10.1994;0
2.10.1994;0
3.10.1994;0
4.10.1994;0
5.10.1994;0
6.10.1994;0
7.10.1994;0
8.10.1994;0
9.10.1994;0
10.10.1994;0
11.10.1994;0
12.10.1994;0
13.10.1994;0
14.10.1994;0
15.10.1994;0
16.10.1994;0
17.10.1994;0
18.10.1994;0
19.10.1994;0
20.10.1994;0
21.10.1994;0
22.10.1994;0
23.10.1994;0
24.10.1994;0
25.10.1994;0
26.10.1994;0
27.10.1994;0
28.10.1994;0
29.10.1994;0
30.10.1994;0
31.10.1994;0
1.11.1994;0.00833
2.11.1994;0.01147
3.11.1994;0.01333
4.11.1994;0.01042
5.11.1994;0.00888
6.11.1994;0.00938
7.11.1994;0.00925
8.11.1994;0.00875
9.11.1994;0.00792
10.11.1994;0.00792
11.11.1994;0.00575
12.11.1994;0.00463
13.11.1994;0.00625
14.11.1994;0.01375
15.11.1994;0.01892
16.11.1994;0.01917
17.11.1994;0.01783
18.11.1994;0.01847
19.11.1994;0.01875
20.11.1994;0.01725
21.11.1994;0.01792
22.11.1994;0.0173
23.11.1994;0.015
24.11.1994;0.01625
25.11.1994;0.01625
26.11.1994;0.01522
27.11.1994;0.01208
28.11.1994;0.0123
29.11.1994;0.01022
30.11.1994;0.01
1.12.1994;0.00875
2.12.1994;0.00838
3.12.1994;0.00897
4.12.1994;0.0073
5.12.1994;0.00742
6.12.1994;0.00742
7.12.1994;0.00708
8.12.1994;0.0065
9.12.1994;0.00633
10.12.1994;0.00675
11.12.1994;0.00555
12.12.1994;0.0058
13.12.1994;0.00647
14.12.1994;0.00572
15.12.1994;0.00583
16.12.1994;0.005
17.12.1994;0.005
18.12.1994;0.00417
19.12.1994;0.005
20.12.1994;0.00417
21.12.1994;0.00408
22.12.1994;0.00355
23.12.1994;0.0037
24.12.1994;0.00333
25.12.1994;0.00333
26.12.1994;0.00405
27.12.1994;0.00333
28.12.1994;0.00333
29.12.1994;0.00333
30.12.1994;0.00333
31.12.1994;0.00333
1.01.1995;0.00467
2.01.1995;0.00467
3.01.1995;0.00467
4.01.1995;0.00292
5.01.1995;0.00317
6.01.1995;0.00267
7.01.1995;0.0025
8.01.1995;0.0015
9.01.1995;0.0015
10.01.1995;0.00158
11.01.1995;0.00317
12.01.1995;0.00333
13.01.1995;0.00333
14.01.1995;0.00183
15.01.1995;0.00097
16.01.1995;0.001
17.01.1995;0.001
18.01.1995;0.001
19.01.1995;0.001
20.01.1995;0.001
21.01.1995;0.001
22.01.1995;0.001
23.01.1995;0.001
24.01.1995;0.001
25.01.1995;0.001
26.01.1995;0.001
27.01.1995;0.001
28.01.1995;0.001
29.01.1995;0.001
30.01.1995;0.001
31.01.1995;0.001
1.02.1995;0.001
2.02.1995;0.00247
3.02.1995;0.00333
4.02.1995;0.00417
5.02.1995;0.00605
6.02.1995;0.00625
7.02.1995;0.0075
8.02.1995;0.0075
9.02.1995;0.00833
10.02.1995;0.0075
11.02.1995;0.00667
12.02.1995;0.00875
13.02.1995;0.005
14.02.1995;0.00583
15.02.1995;0.00583
16.02.1995;0.00667
17.02.1995;0.00853
18.02.1995;0.02333
19.02.1995;0.05042
20.02.1995;0.05833
21.02.1995;0.05583
22.02.1995;0.05792
23.02.1995;0.04667
24.02.1995;0.04583
25.02.1995;0.04458
26.02.1995;0.04375
27.02.1995;0.0575
28.02.1995;0.08083
1.03.1995;0.08708
2.03.1995;0.08187
3.03.1995;0.07375
4.03.1995;0.1125
5.03.1995;0.15
6.03.1995;0.13333
7.03.1995;0.10975
8.03.1995;0.10658
9.03.1995;0.10192
10.03.1995;0.09375
11.03.1995;0.08458
12.03.1995;0.07458
13.03.1995;0.06667
14.03.1995;0.06125
15.03.1995;0.05625
16.03.1995;0.04563
17.03.1995;0.04042
18.03.1995;0.05367
19.03.1995;0.0373
20.03.1995;0.03375
21.03.1995;0.03083
22.03.1995;0.02958
23.03.1995;0.02647
24.03.1995;0.02583
25.03.1995;0.02458
26.03.1995;0.02458
27.03.1995;0.02375
28.03.1995;0.025
29.03.1995;0.025
30.03.1995;0.02375
31.03.1995;0.02167
1.04.1995;0.02375
2.04.1995;0.02167
3.04.1995;0.02292
4.04.1995;0.01875
5.04.1995;0.01792
6.04.1995;0.01833
7.04.1995;0.01917
8.04.1995;0.01917
9.04.1995;0.0198
10.04.1995;0.01833
11.04.1995;0.01833
12.04.1995;0.01667
13.04.1995;0.0175
14.04.1995;0.01708
15.04.1995;0.0173
16.04.1995;0.01708
17.04.1995;0.01813
18.04.1995;0.01833
19.04.1995;0.01667
20.04.1995;0.01438
21.04.1995;0.0125
22.04.1995;0.0125
23.04.1995;0.01208
24.04.1995;0.0125
25.04.1995;0.01375
26.04.1995;0.02083
27.04.1995;0.34542
28.04.1995;0.47083
29.04.1995;0.22167
30.04.1995;0.15792
1.05.1995;0.11875
2.05.1995;0.1
3.05.1995;0.08333
4.05.1995;0.0725
5.05.1995;0.06542
6.05.1995;0.05917
7.05.1995;0.05208
8.05.1995;0.04792
9.05.1995;0.0398
10.05.1995;0.04042
11.05.1995;0.03875
12.05.1995;0.03708
13.05.1995;0.03333
14.05.1995;0.03208
15.05.1995;0.03083
16.05.1995;0.02667
17.05.1995;0.02583
18.05.1995;0.02308
19.05.1995;0.02542
20.05.1995;0.025
21.05.1995;0.02292
22.05.1995;0.02542
23.05.1995;0.02417
24.05.1995;0.02417
25.05.1995;0.0225
26.05.1995;0.02292
27.05.1995;0.02167
28.05.1995;0.02083
29.05.1995;0.02208
30.05.1995;0.02167
31.05.1995;0.02333
1.06.1995;0.02167
2.06.1995;0.02167
3.06.1995;0.02667
4.06.1995;0.06417
5.06.1995;0.0725
6.06.1995;0.06083
7.06.1995;0.05333
8.06.1995;0.04667
9.06.1995;0.04167
10.06.1995;0.03917
11.06.1995;0.0375
12.06.1995;0.11667
13.06.1995;0.29083
14.06.1995;0.225
15.06.1995;0.17333
16.06.1995;0.14583
17.06.1995;0.11958
18.06.1995;0.10208
19.06.1995;0.09042
20.06.1995;0.07917
21.06.1995;0.06083
22.06.1995;0.04708
23.06.1995;0.04083
24.06.1995;0.03875
25.06.1995;0.03583
26.06.1995;0.0275
27.06.1995;0.03208
28.06.1995;0.03417
29.06.1995;0.0375
30.06.1995;0.03417
1.07.1995;0.0325
2.07.1995;0.03167
3.07.1995;0.03167
4.07.1995;0.03083
5.07.1995;0.02667
6.07.1995;0.02417
7.07.1995;0.02167
8.07.1995;0.02
9.07.1995;0.02
10.07.1995;0.02
11.07.1995;0.02
12.07.1995;0.01667
13.07.1995;0.015
14.07.1995;0.015
15.07.1995;0.015
16.07.1995;0.015
17.07.1995;0.015
18.07.1995;0.01667
19.07.1995;0.01187
20.07.1995;0.01083
21.07.1995;0.0105
22.07.1995;0.01
23.07.1995;0.00917
24.07.1995;0.00833
25.07.1995;0.0075
26.07.1995;0.00667
27.07.1995;0.00633
28.07.1995;0.006
29.07.1995;0.00567
30.07.1995;0.0055
31.07.1995;0.00533
1.08.1995;0
2.08.1995;0
3.08.1995;0
4.08.1995;0
5.08.1995;0
6.08.1995;0
7.08.1995;0
8.08.1995;0
9.08.1995;0
10.08.1995;0
11.08.1995;0
12.08.1995;0
13.08.1995;0
14.08.1995;0
15.08.1995;0
16.08.1995;0
17.08.1995;0
18.08.1995;0
19.08.1995;0
20.08.1995;0
21.08.1995;0
22.08.1995;0
23.08.1995;0
24.08.1995;0
25.08.1995;0
26.08.1995;0
27.08.1995;0
28.08.1995;0
29.08.1995;0
30.08.1995;0.04083
31.08.1995;0.03333
1.09.1995;0.02542
2.09.1995;0.02083
3.09.1995;0.02
4.09.1995;0.02083
5.09.1995;0.07208
6.09.1995;0.0675
7.09.1995;0.04792
8.09.1995;0.03833
9.09.1995;0.03208
10.09.1995;0.03
11.09.1995;0.02333
12.09.1995;0.025
13.09.1995;0.025
14.09.1995;0.02208
15.09.1995;0.02458
16.09.1995;0.025
17.09.1995;0.02417
18.09.1995;0.01792
19.09.1995;0.01733
20.09.1995;0.01792
21.09.1995;0.01833
22.09.1995;0.0175
23.09.1995;0.01625
24.09.1995;0.013
25.09.1995;0.01292
26.09.1995;0.01292
27.09.1995;0.01208
28.09.1995;0.01083
29.09.1995;0.01125
30.09.1995;0.00917
1.10.1995;0.00875
2.10.1995;0.00875
3.10.1995;0.00897
4.10.1995;0.00625
5.10.1995;0.00583
6.10.1995;0.00708
7.10.1995;0.00583
8.10.1995;0.005
9.10.1995;0.00467
10.10.1995;0.00583
11.10.1995;0.0052
12.10.1995;0.00617
13.10.1995;0.00575
14.10.1995;0.00558
15.10.1995;0.00592
16.10.1995;0.00492
17.10.1995;0.00503
18.10.1995;0.00542
19.10.1995;0.005
20.10.1995;0.005
21.10.1995;0.005
22.10.1995;0.00483
23.10.1995;0.00467
24.10.1995;0.00467
25.10.1995;0.00353
26.10.1995;0.00317
27.10.1995;0.0042
28.10.1995;0.00317
29.10.1995;0.00317
30.10.1995;0.00292
31.10.1995;0.003
1.11.1995;0.00292
2.11.1995;0.0025
3.11.1995;0.0025
4.11.1995;0.0025
5.11.1995;0.0025
6.11.1995;0.0025
7.11.1995;0.0025
8.11.1995;0.0025
9.11.1995;0.00167
10.11.1995;0.00167
11.11.1995;0.00167
12.11.1995;0.00167
13.11.1995;0.00167
14.11.1995;0.00167
15.11.1995;0.0015
16.11.1995;0.0015
17.11.1995;0.0015
18.11.1995;0.0015
19.11.1995;0.0015
20.11.1995;0.0015
21.11.1995;0.00333
22.11.1995;0.00155
23.11.1995;0.0015
24.11.1995;0.0015
25.11.1995;0.0015
26.11.1995;0.0015
27.11.1995;0.0015
28.11.1995;0.0015
29.11.1995;0.0015
30.11.1995;0.0015
1.12.1995;0.0025
2.12.1995;0.00437
3.12.1995;0.00397
4.12.1995;0.00222
5.12.1995;0.0015
6.12.1995;0.00205
7.12.1995;0.00217
8.12.1995;0.00522
9.12.1995;0.00375
10.12.1995;0.00725
11.12.1995;0.0035
12.12.1995;0.00292
13.12.1995;0.00163
14.12.1995;0.00058
15.12.1995;0.00125
16.12.1995;0.00183
17.12.1995;0.00392
18.12.1995;0.00133
19.12.1995;0.00142
20.12.1995;0.00167
21.12.1995;0
22.12.1995;0
23.12.1995;0
24.12.1995;0
25.12.1995;0
26.12.1995;0
27.12.1995;0
28.12.1995;0
29.12.1995;0
30.12.1995;0
31.12.1995;0
1.01.1996;0.00133
2.01.1996;0.00142
3.01.1996;0.00317
4.01.1996;0.005
5.01.1996;0.00833
6.01.1996;0.01
7.01.1996;0.01083
8.01.1996;0.01167
9.01.1996;0.01167
10.01.1996;0.01
11.01.1996;0.03083
12.01.1996;0.0375
13.01.1996;0.035
14.01.1996;0.03417
15.01.1996;0.03333
16.01.1996;0.03167
17.01.1996;0.02667
18.01.1996;0.025
19.01.1996;0.02333
20.01.1996;0.02167
21.01.1996;0.02
22.01.1996;0.02
23.01.1996;0.02
24.01.1996;0.01833
25.01.1996;0.01667
26.01.1996;0.01667
27.01.1996;0.015
28.01.1996;0.01333
29.01.1996;0.01333
30.01.1996;0.0125
31.01.1996;0.01167
1.02.1996;0.01083
2.02.1996;0.01
3.02.1996;0.01
4.02.1996;0.00917
5.02.1996;0.00833
6.02.1996;0.0075
7.02.1996;0.00667
8.02.1996;0.00667
9.02.1996;0.00667
10.02.1996;0.00667
11.02.1996;0.00667
12.02.1996;0.00667
13.02.1996;0.00667
14.02.1996;0.00583
15.02.1996;0.00667
16.02.1996;0.00667
17.02.1996;0.00667
18.02.1996;0.00667
19.02.1996;0.00667
20.02.1996;0.00667
21.02.1996;0.0075
22.02.1996;0.0075
23.02.1996;0.01167
24.02.1996;0.0125
25.02.1996;0.0125
26.02.1996;0.01333
27.02.1996;0.01333
28.02.1996;0.01375
29.02.1996;0.01333
1.03.1996;0.01333
2.03.1996;0.01333
3.03.1996;0.01333
4.03.1996;0.01167
5.03.1996;0.01
6.03.1996;0.00833
7.03.1996;0.00833
8.03.1996;0.00833
9.03.1996;0.00833
10.03.1996;0.00833
11.03.1996;0.00833
12.03.1996;0.00833
13.03.1996;0.00917
14.03.1996;0.01333
15.03.1996;0.01667
16.03.1996;0.02
17.03.1996;0.02167
18.03.1996;0.02417
19.03.1996;0.0275
20.03.1996;0.03208
21.03.1996;0.03667
22.03.1996;0.04167
23.03.1996;0.05333
24.03.1996;0.06
25.03.1996;0.065
26.03.1996;0.07
27.03.1996;0.075
28.03.1996;0.07333
29.03.1996;0.07
30.03.1996;0.06833
31.03.1996;0.06333
1.04.1996;0.06
2.04.1996;0.05667
3.04.1996;0.05583
4.04.1996;0.06
5.04.1996;0.06333
6.04.1996;0.06833
7.04.1996;0.07333
8.04.1996;0.07667
9.04.1996;0.08167
10.04.1996;0.085
11.04.1996;0.07
12.04.1996;0.06333
13.04.1996;0.055
14.04.1996;0.05
15.04.1996;0.045
16.04.1996;0.04
17.04.1996;0.0375
18.04.1996;0.03667
19.04.1996;0.03333
20.04.1996;0.03167
21.04.1996;0.03
22.04.1996;0.02667
23.04.1996;0.025
24.04.1996;0.025
25.04.1996;0.025
26.04.1996;0.02417
27.04.1996;0.02333
28.04.1996;0.025
29.04.1996;0.02333
30.04.1996;0.02333
1.05.1996;0
2.05.1996;0
3.05.1996;0
4.05.1996;0
5.05.1996;0
6.05.1996;0
7.05.1996;0
8.05.1996;0.03417
9.05.1996;0.04833
10.05.1996;0.05
11.05.1996;0.055
12.05.1996;0.07
13.05.1996;0.08333
14.05.1996;0.095
15.05.1996;0.10667
16.05.1996;0.09833
17.05.1996;0.08667
18.05.1996;0.07667
19.05.1996;0.06833
20.05.1996;0.06
21.05.1996;0.04667
22.05.1996;0.04167
23.05.1996;0.04333
24.05.1996;0.04
25.05.1996;0.03833
26.05.1996;0.0375
27.05.1996;0.03667
28.05.1996;0.03667
29.05.1996;0.03667
30.05.1996;0.035
31.05.1996;0.03333
1.06.1996;0.03
2.06.1996;0.02667
3.06.1996;0.02333
4.06.1996;0.02167
5.06.1996;0.01917
6.06.1996;0.01833
7.06.1996;0.0175
8.06.1996;0.0175
9.06.1996;0.01667
10.06.1996;0.01667
11.06.1996;0.01833
12.06.1996;0.015
13.06.1996;0.015
14.06.1996;0.01417
15.06.1996;0.01333
16.06.1996;0.0125
17.06.1996;0.0125
18.06.1996;0.01167
19.06.1996;0.01167
20.06.1996;0.01083
21.06.1996;0.01
22.06.1996;0.01
23.06.1996;0.01
24.06.1996;0.01
25.06.1996;0.01
26.06.1996;0.01
27.06.1996;0.01
28.06.1996;0.00967
29.06.1996;0.0095
30.06.1996;0.00933
1.07.1996;0.00917
2.07.1996;0.00917
3.07.1996;0.00917
4.07.1996;0.00917
5.07.1996;0.008
6.07.1996;0.00767
7.07.1996;0.00733
8.07.1996;0.007
9.07.1996;0.00683
10.07.1996;0.00667
11.07.1996;0.00667
12.07.1996;0.00667
13.07.1996;0.00667
14.07.1996;0.00667
15.07.1996;0.00667
16.07.1996;0.00667
17.07.1996;0.00667
18.07.1996;0.00667
19.07.1996;0.00667
20.07.1996;0.00667
21.07.1996;0.00667
22.07.1996;0.00667
23.07.1996;0.00667
24.07.1996;0.00667
25.07.1996;0.00667
26.07.1996;0.00667
27.07.1996;0.00667
28.07.1996;0.00667
29.07.1996;0.00667
30.07.1996;0.00667
31.07.1996;0.00667
1.08.1996;0.00667
2.08.1996;0.00667
3.08.1996;0.00667
4.08.1996;0.0075
5.08.1996;0.00833
6.08.1996;0.00833
7.08.1996;0.00833
8.08.1996;0.0075
9.08.1996;0.0075
10.08.1996;0.0075
11.08.1996;0.0075
12.08.1996;0.0075
13.08.1996;0.0075
14.08.1996;0.0075
15.08.1996;0.00667
16.08.1996;0.00667
17.08.1996;0.00633
18.08.1996;0.00617
19.08.1996;0.006
20.08.1996;0.00583
21.08.1996;0.005
22.08.1996;0.005
23.08.1996;0.005
24.08.1996;0.005
25.08.1996;0.005
26.08.1996;0.005
27.08.1996;0.005
28.08.1996;0.005
29.08.1996;0.005
30.08.1996;0.005
31.08.1996;0.005
1.09.1996;0.005
2.09.1996;0.005
3.09.1996;0.005
4.09.1996;0.005
5.09.1996;0.005
6.09.1996;0.005
7.09.1996;0.005
8.09.1996;0.005
9.09.1996;0.005
10.09.1996;0.005
11.09.1996;0.00417
12.09.1996;0.00317
13.09.1996;0.00317
14.09.1996;0.00317
15.09.1996;0.00317
16.09.1996;0.00317
17.09.1996;0.00317
18.09.1996;0.00283
19.09.1996;0.00267
20.09.1996;0.00267
21.09.1996;0.00267
22.09.1996;0.00267
23.09.1996;0.00283
24.09.1996;0.00853
25.09.1996;0.03
26.09.1996;0.04583
27.09.1996;0.03125
28.09.1996;0.02167
29.09.1996;0.01417
30.09.1996;0.01
1.10.1996;0.00833
2.10.1996;0.00792
3.10.1996;0.0075
4.10.1996;0.0075
5.10.1996;0.00717
6.10.1996;0.00667
7.10.1996;0.00667
8.10.1996;0.00583
9.10.1996;0.00667
10.10.1996;0.00667
11.10.1996;0.00667
12.10.1996;0.00667
13.10.1996;0.00667
14.10.1996;0.00667
15.10.1996;0.00667
16.10.1996;0.00667
17.10.1996;0
18.10.1996;0
19.10.1996;0
20.10.1996;0
21.10.1996;0
22.10.1996;0
23.10.1996;0
24.10.1996;0
25.10.1996;0
26.10.1996;0
27.10.1996;0
28.10.1996;0
29.10.1996;0
30.10.1996;0
31.10.1996;0
1.11.1996;0
2.11.1996;0
3.11.1996;0
4.11.1996;0
5.11.1996;0
6.11.1996;0
7.11.1996;0
8.11.1996;0
9.11.1996;0
10.11.1996;0
11.11.1996;0
12.11.1996;0
13.11.1996;0
14.11.1996;0
15.11.1996;0
16.11.1996;0
17.11.1996;0
18.11.1996;0
19.11.1996;0
20.11.1996;0
21.11.1996;0
22.11.1996;0
23.11.1996;0
24.11.1996;0
25.11.1996;0
26.11.1996;0
27.11.1996;0
28.11.1996;0
29.11.1996;0
30.11.1996;0
1.12.1996;0
2.12.1996;0
3.12.1996;0
4.12.1996;0.01833
5.12.1996;0.01833
6.12.1996;0.01833
7.12.1996;0.01833
8.12.1996;0.01833
9.12.1996;0.01833
10.12.1996;0.01833
11.12.1996;0.01833
12.12.1996;0.01917
13.12.1996;0.02
14.12.1996;0.02
15.12.1996;0.03667
16.12.1996;0.05
17.12.1996;0.05333
18.12.1996;0.05333
19.12.1996;0
20.12.1996;0
21.12.1996;0
22.12.1996;0
23.12.1996;0
24.12.1996;0
25.12.1996;0
26.12.1996;0
27.12.1996;0
28.12.1996;0
29.12.1996;0
30.12.1996;0
31.12.1996;0
1.01.1997;0
2.01.1997;0
3.01.1997;0
4.01.1997;0
5.01.1997;0
6.01.1997;0
7.01.1997;0
8.01.1997;0.02067
9.01.1997;0.02333
10.01.1997;0.024
11.01.1997;0.02217
12.01.1997;0.02217
13.01.1997;0.02267
14.01.1997;0.02283
15.01.1997;0.02267
16.01.1997;0.023
17.01.1997;0.02333
18.01.1997;0.02233
19.01.1997;0.02217
20.01.1997;0.02117
21.01.1997;0.01983
22.01.1997;0.0185
23.01.1997;0.019
24.01.1997;0.01883
25.01.1997;0.01833
26.01.1997;0.01817
27.01.1997;0.01933
28.01.1997;0.02133
29.01.1997;0.02
30.01.1997;0.02017
31.01.1997;0.02067
1.02.1997;0.0205
2.02.1997;0.02067
3.02.1997;0.02033
4.02.1997;0.01833
5.02.1997;0.01625
6.02.1997;0
7.02.1997;0
8.02.1997;0
9.02.1997;0
10.02.1997;0
11.02.1997;0
12.02.1997;0.01575
13.02.1997;0.01468
14.02.1997;0.01485
15.02.1997;0.01353
16.02.1997;0.01215
17.02.1997;0.01198
18.02.1997;0.01425
19.02.1997;0.01433
20.02.1997;0.01418
21.02.1997;0.01388
22.02.1997;0.01338
23.02.1997;0.01353
24.02.1997;0.014
25.02.1997;0.01717
26.02.1997;0.02217
27.02.1997;0.02967
28.02.1997;0.03917
1.03.1997;0.04317
2.03.1997;0.043
3.03.1997;0
4.03.1997;0
5.03.1997;0
6.03.1997;0
7.03.1997;0
8.03.1997;0
9.03.1997;0
10.03.1997;0
11.03.1997;0
12.03.1997;0.0275
13.03.1997;0.0315
14.03.1997;0.031
15.03.1997;0.03083
16.03.1997;0.02917
17.03.1997;0.02817
18.03.1997;0.027
19.03.1997;0.02517
20.03.1997;0
21.03.1997;0
22.03.1997;0
23.03.1997;0
24.03.1997;0
25.03.1997;0
26.03.1997;0.02183
27.03.1997;0.01983
28.03.1997;0.02067
29.03.1997;0.02117
30.03.1997;0.019
31.03.1997;0.0175
1.04.1997;0.0158
2.04.1997;0.01783
3.04.1997;0.01817
4.04.1997;0.01767
5.04.1997;0.01767
6.04.1997;0.01683
7.04.1997;0.01683
8.04.1997;0.01497
9.04.1997;0.0126
10.04.1997;0.0134
11.04.1997;0.01683
12.04.1997;0.01473
13.04.1997;0.01343
14.04.1997;0.01468
15.04.1997;0.01425
16.04.1997;0.01527
17.04.1997;0.01515
18.04.1997;0.01597
19.04.1997;0.015
20.04.1997;0.01487
21.04.1997;0.01447
22.04.1997;0.01552
23.04.1997;0.01297
24.04.1997;0.01133
25.04.1997;0.01218
26.04.1997;0.0131
27.04.1997;0.01287
28.04.1997;0.0114
29.04.1997;0.01323
30.04.1997;0.0117
1.05.1997;0.0141
2.05.1997;0.01248
3.05.1997;0.01488
4.05.1997;0.0133
5.05.1997;0.01477
6.05.1997;0.01333
7.05.1997;0.01232
8.05.1997;0.01152
9.05.1997;0.01283
10.05.1997;0.01067
11.05.1997;0.00958
12.05.1997;0.00935
13.05.1997;0.00968
14.05.1997;0.0079
15.05.1997;0.00802
16.05.1997;0.00853
17.05.1997;0.00945
18.05.1997;0.01005
19.05.1997;0.01057
20.05.1997;0.00945
21.05.1997;0.01053
22.05.1997;0.01
23.05.1997;0.01015
24.05.1997;0.01097
25.05.1997;0.01158
26.05.1997;0.01082
27.05.1997;0.0137
28.05.1997;0.00918
29.05.1997;0.00758
30.05.1997;0.00733
31.05.1997;0.00787
1.06.1997;0.00737
2.06.1997;0.00798
3.06.1997;0.00765
4.06.1997;0.00597
5.06.1997;0.0057
6.06.1997;0.00513
7.06.1997;0.00692
8.06.1997;0.01002
9.06.1997;0.0148
10.06.1997;0.01645
11.06.1997;0.01412
12.06.1997;0.01297
13.06.1997;0.01382
14.06.1997;0.0118
15.06.1997;0.0148
16.06.1997;0.01023
17.06.1997;0.01283
18.06.1997;0.01192
19.06.1997;0.01003
20.06.1997;0.00892
21.06.1997;0.0087
22.06.1997;0.00827
23.06.1997;0.00863
24.06.1997;0.00642
25.06.1997;0.0068
26.06.1997;0
27.06.1997;0
28.06.1997;0
29.06.1997;0
30.06.1997;0
1.07.1997;0
2.07.1997;0.00352
3.07.1997;0.00535
4.07.1997;0.00495
5.07.1997;0.00483
6.07.1997;0.00422
7.07.1997;0.00573
8.07.1997;0.00453
9.07.1997;0.0049
10.07.1997;0.00373
11.07.1997;0.00272
12.07.1997;0.0038
13.07.1997;0.0026
14.07.1997;0.00272
15.07.1997;0.0029
16.07.1997;0.00262
17.07.1997;0.00173
18.07.1997;0.00127
19.07.1997;0.05683
20.07.1997;0.05933
21.07.1997;0.04283
22.07.1997;0.03417
23.07.1997;0.0345
24.07.1997;0
25.07.1997;0
26.07.1997;0
27.07.1997;0
28.07.1997;0
29.07.1997;0
30.07.1997;0.04667
31.07.1997;0.04617
1.08.1997;0.04267
2.08.1997;0.04083
3.08.1997;0.05617
4.08.1997;0.061
5.08.1997;0.05767
6.08.1997;0.0585
7.08.1997;0.067
8.08.1997;0.072
9.08.1997;0.06733
10.08.1997;0.05917
11.08.1997;0.05467
12.08.1997;0.04517
13.08.1997;0.04
14.08.1997;0.038
15.08.1997;0.03483
16.08.1997;0.03383
17.08.1997;0.0285
18.08.1997;0.02533
19.08.1997;0.02617
20.08.1997;0.02267
21.08.1997;0
22.08.1997;0
23.08.1997;0
24.08.1997;0
25.08.1997;0
26.08.1997;0
27.08.1997;0.0185
28.08.1997;0.01477
29.08.1997;0.01303
30.08.1997;0.0132
31.08.1997;0.01282
1.09.1997;0.01032
2.09.1997;0.00952
3.09.1997;0.01025
4.09.1997;0
5.09.1997;0
6.09.1997;0
7.09.1997;0
8.09.1997;0
9.09.1997;0
10.09.1997;0
11.09.1997;0.01817
12.09.1997;0.01667
13.09.1997;0.01767
14.09.1997;0.01495
15.09.1997;0.0135
16.09.1997;0.0132
17.09.1997;0.01097
18.09.1997;0.01032
19.09.1997;0.01165
20.09.1997;0.01035
21.09.1997;0.0091
22.09.1997;0.00823
23.09.1997;0.0083
24.09.1997;0.00825
25.09.1997;0
26.09.1997;0
27.09.1997;0
28.09.1997;0
29.09.1997;0
30.09.1997;0
1.10.1997;0
2.10.1997;0.00687
3.10.1997;0.00588
4.10.1997;0.00518
5.10.1997;0.0047
6.10.1997;0.00508
7.10.1997;0.0048
8.10.1997;0.00418
9.10.1997;0.00462
10.10.1997;0.00473
11.10.1997;0.0053
12.10.1997;0.00603
13.10.1997;0.00533
14.10.1997;0.00333
15.10.1997;0.00437
16.10.1997;0.00492
17.10.1997;0.00392
18.10.1997;0.00353
19.10.1997;0.00378
20.10.1997;0.00385
21.10.1997;0.0031
22.10.1997;0.00147
23.10.1997;0.00083
24.10.1997;0.00095
25.10.1997;0.00173
26.10.1997;0.00203
27.10.1997;0.00143
28.10.1997;0.0011
29.10.1997;0.0012
30.10.1997;0.00083
31.10.1997;0.00083
1.11.1997;0.00083
2.11.1997;0.00083
3.11.1997;0.00138
4.11.1997;0
5.11.1997;0
6.11.1997;0
7.11.1997;0
8.11.1997;0
9.11.1997;0
10.11.1997;0
11.11.1997;0
12.11.1997;0
13.11.1997;0
14.11.1997;0
15.11.1997;0
16.11.1997;0
17.11.1997;0
18.11.1997;0
19.11.1997;0
20.11.1997;0
21.11.1997;0
22.11.1997;0
23.11.1997;0
24.11.1997;0
25.11.1997;0
26.11.1997;0
27.11.1997;0
28.11.1997;0
29.11.1997;0
30.11.1997;0
1.12.1997;0
2.12.1997;0
3.12.1997;0
4.12.1997;0
5.12.1997;0
6.12.1997;0
7.12.1997;0
8.12.1997;0
9.12.1997;0
10.12.1997;0
11.12.1997;0
12.12.1997;0
13.12.1997;0
14.12.1997;0
15.12.1997;0
16.12.1997;0
17.12.1997;0
18.12.1997;0
19.12.1997;0
20.12.1997;0
21.12.1997;0
22.12.1997;0
23.12.1997;0
24.12.1997;0
25.12.1997;0
26.12.1997;0
27.12.1997;0
28.12.1997;0
29.12.1997;0
30.12.1997;0
31.12.1997;0
1.01.1998;0
2.01.1998;0
3.01.1998;0
4.01.1998;0
5.01.1998;0
6.01.1998;0
7.01.1998;0.0185
8.01.1998;0.01817
9.01.1998;0.0175
10.01.1998;0.01767
11.01.1998;0.01733
12.01.1998;0.01767
13.01.1998;0.01867
14.01.1998;0.021
15.01.1998;0.02333
16.01.1998;0.02383
17.01.1998;0.02417
18.01.1998;0.02433
19.01.1998;0.02433
20.01.1998;0.0255
21.01.1998;0.02117
22.01.1998;0
23.01.1998;0
24.01.1998;0
25.01.1998;0
26.01.1998;0
27.01.1998;0
28.01.1998;0.023
29.01.1998;0.02367
30.01.1998;0.02317
31.01.1998;0.02383
1.02.1998;0.02267
2.02.1998;0.02383
3.02.1998;0.02417
4.02.1998;0.0215
5.02.1998;0.021
6.02.1998;0.0205
7.02.1998;0.01917
8.02.1998;0.0185
9.02.1998;0.019
10.02.1998;0.01867
11.02.1998;0.01817
12.02.1998;0.01983
13.02.1998;0.0185
14.02.1998;0.01717
15.02.1998;0.01667
16.02.1998;0.01767
17.02.1998;0.017
18.02.1998;0.01302
19.02.1998;0
20.02.1998;0
21.02.1998;0
22.02.1998;0
23.02.1998;0
24.02.1998;0
25.02.1998;0
26.02.1998;0
27.02.1998;0
28.02.1998;0
1.03.1998;0
2.03.1998;0
3.03.1998;0
4.03.1998;0.005
5.03.1998;0.00723
6.03.1998;0.0057
7.03.1998;0.00623
8.03.1998;0.00563
9.03.1998;0.00645
10.03.1998;0.00593
11.03.1998;0.005
12.03.1998;0
13.03.1998;0
14.03.1998;0
15.03.1998;0
16.03.1998;0
17.03.1998;0
18.03.1998;0.005
19.03.1998;0.005
20.03.1998;0.005
21.03.1998;0.005
22.03.1998;0.005
23.03.1998;0.005
24.03.1998;0.005
25.03.1998;0.005
26.03.1998;0.005
27.03.1998;0.005
28.03.1998;0.005
29.03.1998;0.005
30.03.1998;0.005
31.03.1998;0.005
1.04.1998;0.005
2.04.1998;0.00558
3.04.1998;0.00607
4.04.1998;0.00538
5.04.1998;0.005
6.04.1998;0.00542
7.04.1998;0.00537
8.04.1998;0.00417
9.04.1998;0.005
10.04.1998;0.005
11.04.1998;0.0049
12.04.1998;0.00447
13.04.1998;0.0049
14.04.1998;0.00497
15.04.1998;0.00473
16.04.1998;0.00462
17.04.1998;0.00542
18.04.1998;0.0051
19.04.1998;0.00553
20.04.1998;0.00512
21.04.1998;0.005
22.04.1998;0.00543
23.04.1998;0.005
24.04.1998;0.00625
25.04.1998;0.00613
26.04.1998;0.0063
27.04.1998;0.00765
28.04.1998;0.00853
29.04.1998;0.00865
30.04.1998;0.0101
1.05.1998;0.00965
2.05.1998;0.01093
3.05.1998;0.01068
4.05.1998;0.01195
5.05.1998;0.02117
6.05.1998;0.03033
7.05.1998;0.036
8.05.1998;0.035
9.05.1998;0.03267
10.05.1998;0.033
11.05.1998;0.03233
12.05.1998;0.03183
13.05.1998;0.02983
14.05.1998;0.02683
15.05.1998;0.02733
16.05.1998;0.02517
17.05.1998;0.02333
18.05.1998;0.0225
19.05.1998;0.02017
20.05.1998;0.01833
21.05.1998;0.01867
22.05.1998;0.01867
23.05.1998;0.01605
24.05.1998;0.01415
25.05.1998;0.01385
26.05.1998;0.01537
27.05.1998;0.0132
28.05.1998;0.01275
29.05.1998;0.01158
30.05.1998;0.01043
31.05.1998;0.01032
1.06.1998;0.0091
2.06.1998;0.00965
3.06.1998;0.00807
4.06.1998;0.0082
5.06.1998;0.00833
6.06.1998;0.0073
7.06.1998;0.00712
8.06.1998;0.00723
9.06.1998;0.00743
10.06.1998;0.00628
11.06.1998;0.00662
12.06.1998;0.00665
13.06.1998;0.00595
14.06.1998;0.00562
15.06.1998;0.00567
16.06.1998;0.00645
17.06.1998;0.00472
18.06.1998;0.00432
19.06.1998;0.00395
20.06.1998;0.00403
21.06.1998;0.00383
22.06.1998;0.0039
23.06.1998;0.00377
24.06.1998;0.00365
25.06.1998;0.00317
26.06.1998;0.0029
27.06.1998;0.00333
28.06.1998;0.00278
29.06.1998;0.00267
30.06.1998;0.00403
1.07.1998;0.00415
2.07.1998;0.00492
3.07.1998;0.005
4.07.1998;0.00485
5.07.1998;0.00457
6.07.1998;0.0052
7.07.1998;0.00613
8.07.1998;0.02
9.07.1998;0.01983
10.07.1998;0.01867
11.07.1998;0.01507
12.07.1998;0.0149
13.07.1998;0.01213
14.07.1998;0.01135
15.07.1998;0.01067
16.07.1998;0.0089
17.07.1998;0.00833
18.07.1998;0.00717
19.07.1998;0.00672
20.07.1998;0.00637
21.07.1998;0.00563
22.07.1998;0.00572
23.07.1998;0.0056
24.07.1998;0.0058
25.07.1998;0.00495
26.07.1998;0.00517
27.07.1998;0.00607
28.07.1998;0.0064
29.07.1998;0.00892
30.07.1998;0.01383
31.07.1998;0.01282
1.08.1998;0.01043
2.08.1998;0.0105
3.08.1998;0.00885
4.08.1998;0.00848
5.08.1998;0.00918
6.08.1998;0.01077
7.08.1998;0.01098
8.08.1998;0.01097
9.08.1998;0.0104
10.08.1998;0.008
11.08.1998;0.00878
12.08.1998;0.00728
13.08.1998;0.00667
14.08.1998;0.00622
15.08.1998;0.0058
16.08.1998;0.00528
17.08.1998;0.00513
18.08.1998;0.0052
19.08.1998;0.00437
20.08.1998;0.0037
21.08.1998;0.00395
22.08.1998;0.00383
23.08.1998;0.00353
24.08.1998;0.00393
25.08.1998;0.00398
26.08.1998;0.00325
27.08.1998;0.00252
28.08.1998;0.00322
29.08.1998;0.00333
30.08.1998;0.00333
31.08.1998;0.00272
1.09.1998;0.00333
2.09.1998;0.00277
3.09.1998;0.00167
4.09.1998;0.00167
5.09.1998;0.00167
6.09.1998;0.00177
7.09.1998;0.00313
8.09.1998;0.00262
9.09.1998;0.01367
10.09.1998;0
11.09.1998;0
12.09.1998;0
13.09.1998;0
14.09.1998;0
15.09.1998;0
16.09.1998;0
17.09.1998;0.00382
18.09.1998;0.00333
19.09.1998;0.00323
20.09.1998;0.00293
21.09.1998;0.00333
22.09.1998;0.00492
23.09.1998;0.00432
24.09.1998;0.00382
25.09.1998;0.00385
26.09.1998;0.00452
27.09.1998;0.0048
28.09.1998;0.00878
29.09.1998;0.031
30.09.1998;0.04633
1.10.1998;0.0355
2.10.1998;0.047
3.10.1998;0.24833
4.10.1998;0.14567
5.10.1998;0.09667
6.10.1998;0.07567
7.10.1998;0.05983
8.10.1998;0.05083
9.10.1998;0.06433
10.10.1998;0.08033
11.10.1998;0.0775
12.10.1998;0.07183
13.10.1998;0.06217
14.10.1998;0.053
15.10.1998;0.0465
16.10.1998;0.045
17.10.1998;0.04267
18.10.1998;0.047
19.10.1998;0.04333
20.10.1998;0.0345
21.10.1998;0.03333
22.10.1998;0.03733
23.10.1998;0.04
24.10.1998;0.0405
25.10.1998;0.04267
26.10.1998;0.04217
27.10.1998;0.03883
28.10.1998;0.0355
29.10.1998;0.03617
30.10.1998;0.03267
31.10.1998;0.03083
1.11.1998;0.03267
2.11.1998;0.02983
3.11.1998;0.02917
4.11.1998;0.02717
5.11.1998;0
6.11.1998;0
7.11.1998;0
8.11.1998;0
9.11.1998;0
10.11.1998;0
11.11.1998;0
12.11.1998;0
13.11.1998;0
14.11.1998;0
15.11.1998;0
16.11.1998;0
17.11.1998;0
18.11.1998;0
19.11.1998;0
20.11.1998;0
21.11.1998;0
22.11.1998;0
23.11.1998;0
24.11.1998;0
25.11.1998;0
26.11.1998;0
27.11.1998;0
28.11.1998;0
29.11.1998;0
30.11.1998;0
1.12.1998;0
2.12.1998;0
3.12.1998;0
4.12.1998;0
5.12.1998;0
6.12.1998;0
7.12.1998;0
8.12.1998;0
9.12.1998;0
10.12.1998;0
11.12.1998;0
12.12.1998;0
13.12.1998;0
14.12.1998;0
15.12.1998;0
16.12.1998;0
17.12.1998;0
18.12.1998;0
19.12.1998;0
20.12.1998;0
21.12.1998;0
22.12.1998;0
23.12.1998;0
24.12.1998;0
25.12.1998;0
26.12.1998;0
27.12.1998;0
28.12.1998;0
29.12.1998;0
30.12.1998;0
31.12.1998;0
1.01.1999;0
2.01.1999;0
3.01.1999;0
4.01.1999;0
5.01.1999;0
6.01.1999;0.015
7.01.1999;0.01638
8.01.1999;0.01813
9.01.1999;0.01825
10.01.1999;0.01758
11.01.1999;0.01772
12.01.1999;0.01988
13.01.1999;0.02625
14.01.1999;0.0323
15.01.1999;0.02888
16.01.1999;0.02708
17.01.1999;0.02313
18.01.1999;0.02355
19.01.1999;0.02175
20.01.1999;0.021
21.01.1999;0.02208
22.01.1999;0.02147
23.01.1999;0.02092
24.01.1999;0.02063
25.01.1999;0.02117
26.01.1999;0.02242
27.01.1999;0.02005
28.01.1999;0.02072
29.01.1999;0.02075
30.01.1999;0.01813
31.01.1999;0.0183
1.02.1999;0.0175
2.02.1999;0.01813
3.02.1999;0.01647
4.02.1999;0.02847
5.02.1999;0.01897
6.02.1999;0.01688
7.02.1999;0.01747
8.02.1999;0.019
9.02.1999;0.02442
10.02.1999;0.01933
11.02.1999;0.01975
12.02.1999;0.01875
13.02.1999;0.01842
14.02.1999;0.01708
15.02.1999;0.01708
16.02.1999;0.01655
17.02.1999;0.0198
18.02.1999;0.02025
19.02.1999;0.01892
20.02.1999;0.01883
21.02.1999;0.01983
22.02.1999;0.02167
23.02.1999;0.02492
24.02.1999;0.04917
25.02.1999;0.0528
26.02.1999;0.05063
27.02.1999;0.04833
28.02.1999;0.05817
1.03.1999;0.0625
2.03.1999;0.0675
3.03.1999;0.09125
4.03.1999;0.16875
5.03.1999;0.235
6.03.1999;0.40417
7.03.1999;0.29667
8.03.1999;0.32
9.03.1999;0.31708
10.03.1999;0.22917
11.03.1999;0.17083
12.03.1999;0.13375
13.03.1999;0.11042
14.03.1999;0.09792
15.03.1999;0.08458
16.03.1999;0.07575
17.03.1999;0.068
18.03.1999;0.06125
19.03.1999;0.05947
20.03.1999;0.05333
21.03.1999;0.04675
22.03.1999;0.045
23.03.1999;0.04158
24.03.1999;0.04125
25.03.1999;0.03658
26.03.1999;0.0355
27.03.1999;0.03333
28.03.1999;0.03358
29.03.1999;0.03055
30.03.1999;0.02863
31.03.1999;0.03005
1.04.1999;0.03017
2.04.1999;0.03672
3.04.1999;0.02772
4.04.1999;0.02683
5.04.1999;0.02633
6.04.1999;0.02458
7.04.1999;0.02562
8.04.1999;0.0253
9.04.1999;0.02342
10.04.1999;0.02167
11.04.1999;0.01667
12.04.1999;0.00417
13.04.1999;0.00417
14.04.1999;0.00417
15.04.1999;0.00417
16.04.1999;0.00417
17.04.1999;0
18.04.1999;0
19.04.1999;0
20.04.1999;0
21.04.1999;0
22.04.1999;0
23.04.1999;0
24.04.1999;0
25.04.1999;0
26.04.1999;0
27.04.1999;0
28.04.1999;0
29.04.1999;0
30.04.1999;0
1.05.1999;0
2.05.1999;0
3.05.1999;0
4.05.1999;0
5.05.1999;0
6.05.1999;0
7.05.1999;0
8.05.1999;0
9.05.1999;0
10.05.1999;0
11.05.1999;0
12.05.1999;0
13.05.1999;0
14.05.1999;0
15.05.1999;0
16.05.1999;0
17.05.1999;0
18.05.1999;0
19.05.1999;0
20.05.1999;0
21.05.1999;0
22.05.1999;0
23.05.1999;0
24.05.1999;0
25.05.1999;0
26.05.1999;0
27.05.1999;0
28.05.1999;0
29.05.1999;0
30.05.1999;0
31.05.1999;0
1.06.1999;0
2.06.1999;0
3.06.1999;0
4.06.1999;0
5.06.1999;0
6.06.1999;0
7.06.1999;0
8.06.1999;0
9.06.1999;0.011
10.06.1999;0.0098
11.06.1999;0.01
12.06.1999;0.00958
13.06.1999;0.00867
14.06.1999;0.00958
15.06.1999;0.03322
16.06.1999;0.03958
17.06.1999;0.04625
18.06.1999;0.04167
19.06.1999;0.03897
20.06.1999;0.09045
21.06.1999;0.07883
22.06.1999;0.06725
23.06.1999;0.05625
24.06.1999;0.0445
25.06.1999;0.03855
26.06.1999;0.03783
27.06.1999;0.0325
28.06.1999;0.02863
29.06.1999;0.02508
30.06.1999;0.02355
1.07.1999;0.02458
2.07.1999;0.02083
3.07.1999;0.01972
4.07.1999;0.01833
5.07.1999;0.01742
6.07.1999;0.01625
7.07.1999;0.01605
8.07.1999;0.01633
9.07.1999;0.01613
10.07.1999;0.01658
11.07.1999;0.0148
12.07.1999;0.01417
13.07.1999;0.01458
14.07.1999;0.01258
15.07.1999;0.0125
16.07.1999;0.01292
17.07.1999;0.0085
18.07.1999;0.0093
19.07.1999;0.00863
20.07.1999;0.00797
21.07.1999;0.00897
22.07.1999;0.00813
23.07.1999;0.0105
24.07.1999;0.011
25.07.1999;0.01422
26.07.1999;0.01063
27.07.1999;0.00938
28.07.1999;0.01083
29.07.1999;0.00917
30.07.1999;0.01033
31.07.1999;0.09133
1.08.1999;0.00783
2.08.1999;0.00717
3.08.1999;0.00753
4.08.1999;0.0078
5.08.1999;0.00647
6.08.1999;0.00605
7.08.1999;0.00725
8.08.1999;0.01338
9.08.1999;0.01458
10.08.1999;0.01022
11.08.1999;0.00833
12.08.1999;0.00792
13.08.1999;0.00792
14.08.1999;0.00822
15.08.1999;0.00772
16.08.1999;0.00772
17.08.1999;0.01922
18.08.1999;0.02388
19.08.1999;0.01875
20.08.1999;0.01592
21.08.1999;0.00142
22.08.1999;0.01092
23.08.1999;0.01125
24.08.1999;0.01217
25.08.1999;0.012
26.08.1999;0.01125
27.08.1999;0.01063
28.08.1999;0.01008
29.08.1999;0.00908
30.08.1999;0.008
31.08.1999;0.00855
1.09.1999;0.008
2.09.1999;0.00813
3.09.1999;0.00747
4.09.1999;0.00772
5.09.1999;0.00622
6.09.1999;0.00613
7.09.1999;0.00625
8.09.1999;0.00633
9.09.1999;0.00508
10.09.1999;0.00542
11.09.1999;0.00555
12.09.1999;0.00325
13.09.1999;0.00258
14.09.1999;0.00417
15.09.1999;0.00375
16.09.1999;0.00405
17.09.1999;0.00333
18.09.1999;0.00338
19.09.1999;0.00308
20.09.1999;0.003
21.09.1999;0.003
22.09.1999;0.00355
23.09.1999;0.00392
24.09.1999;0.00333
25.09.1999;0.00325
26.09.1999;0.00292
27.09.1999;0.00208
28.09.1999;0.00292
29.09.1999;0.0025
30.09.1999;0.00305
1.10.1999;0.00255
2.10.1999;0.00205
3.10.1999;0.00172
4.10.1999;0.00175
5.10.1999;0.00167
6.10.1999;0.0018
7.10.1999;0.00167
8.10.1999;0.00175
9.10.1999;0.00158
10.10.1999;0.00147
11.10.1999;0.00117
12.10.1999;0.001
13.10.1999;0.00092
14.10.1999;0.0013
15.10.1999;0.00142
16.10.1999;0.00133
17.10.1999;0.00092
18.10.1999;0.00083
19.10.1999;0.00107
20.10.1999;0.00108
21.10.1999;0.00113
22.10.1999;0.00163
23.10.1999;0.00155
24.10.1999;0.00108
25.10.1999;0.00105
26.10.1999;0.00097
27.10.1999;0.0015
28.10.1999;0.00088
29.10.1999;0.00205
30.10.1999;0.00158
31.10.1999;0.00142
1.11.1999;0.0013
2.11.1999;0.00163
3.11.1999;0.00217
4.11.1999;0.00233
5.11.1999;0.00233
6.11.1999;0.00147
7.11.1999;0.0025
8.11.1999;0.00238
9.11.1999;0.00775
10.11.1999;0.0013
11.11.1999;0.00172
12.11.1999;0.00275
13.11.1999;0.002
14.11.1999;0.0015
15.11.1999;0.00205
16.11.1999;0.00167
17.11.1999;0.00588
18.11.1999;0.00083
19.11.1999;0.00133
20.11.1999;0
21.11.1999;0
22.11.1999;0
23.11.1999;0
24.11.1999;0
25.11.1999;0
26.11.1999;0
27.11.1999;0
28.11.1999;0
29.11.1999;0
30.11.1999;0
1.12.1999;0
2.12.1999;0
3.12.1999;0
4.12.1999;0
5.12.1999;0
6.12.1999;0
7.12.1999;0
8.12.1999;0
9.12.1999;0
10.12.1999;0
11.12.1999;0
12.12.1999;0
13.12.1999;0
14.12.1999;0
15.12.1999;0
16.12.1999;0
17.12.1999;0
18.12.1999;0
19.12.1999;0
20.12.1999;0
21.12.1999;0
22.12.1999;0
23.12.1999;0
24.12.1999;0
25.12.1999;0
26.12.1999;0
27.12.1999;0
28.12.1999;0
29.12.1999;0
30.12.1999;0
31.12.1999;0
1.01.2000;0
2.01.2000;0
3.01.2000;0
4.01.2000;0.00208
5.01.2000;0.002
6.01.2000;0.00279
7.01.2000;0.00383
8.01.2000;0.00317
9.01.2000;0.00317
10.01.2000;0.00333
11.01.2000;0.00237
12.01.2000;0.00167
13.01.2000;0.00217
14.01.2000;0.00325
15.01.2000;0.00325
16.01.2000;0.00137
17.01.2000;0.0015
18.01.2000;0.00167
19.01.2000;0.00179
20.01.2000;0.00142
21.01.2000;0.00071
22.01.2000;0.00071
23.01.2000;0.00083
24.01.2000;0.0025
25.01.2000;0
26.01.2000;0.00475
27.01.2000;0
28.01.2000;0
29.01.2000;0
30.01.2000;0
31.01.2000;0
1.02.2000;0.00083
2.02.2000;0.00083
3.02.2000;0.00221
4.02.2000;0.01108
5.02.2000;0.01617
6.02.2000;0.01479
7.02.2000;0.01229
8.02.2000;0.01167
9.02.2000;0.02262
10.02.2000;0.02542
11.02.2000;0.02813
12.02.2000;0.02479
13.02.2000;0.025
14.02.2000;0.02437
15.02.2000;0.02396
16.02.2000;0.0225
17.02.2000;0.02625
18.02.2000;0.02708
19.02.2000;0.03375
20.02.2000;0.035
21.02.2000;0.04708
22.02.2000;0.05583
23.02.2000;0.04729
24.02.2000;0.04208
25.02.2000;0.03938
26.02.2000;0.03229
27.02.2000;0.03229
28.02.2000;0.03375
29.02.2000;0.03771
1.03.2000;0.03958
2.03.2000;0.04625
3.03.2000;0.09125
4.03.2000;0.08417
5.03.2000;0.06958
6.03.2000;0.06542
7.03.2000;0.06167
8.03.2000;0.05688
9.03.2000;0.07
10.03.2000;0.10417
11.03.2000;0.09125
12.03.2000;0.07896
13.03.2000;0.06542
14.03.2000;0.06625
15.03.2000;0.05792
16.03.2000;0.055
17.03.2000;0
18.03.2000;0
19.03.2000;0
20.03.2000;0
21.03.2000;0
22.03.2000;0.05208
23.03.2000;0.04667
24.03.2000;0.04708
25.03.2000;0.04522
26.03.2000;0.04438
27.03.2000;0.04355
28.03.2000;0.04542
29.03.2000;0.045
30.03.2000;0.05167
31.03.2000;0
1.04.2000;0
2.04.2000;0
3.04.2000;0
4.04.2000;0
5.04.2000;0.13125
6.04.2000;0.25333
7.04.2000;0.2375
8.04.2000;0.18333
9.04.2000;0.1425
10.04.2000;0.11042
11.04.2000;0.1023
12.04.2000;0.08875
13.04.2000;0.08105
14.04.2000;0.0748
15.04.2000;0.06583
16.04.2000;0.05938
17.04.2000;0.0548
18.04.2000;0.0525
19.04.2000;0.0473
20.04.2000;0.04688
21.04.2000;0.04147
22.04.2000;0.04042
23.04.2000;0.04083
24.04.2000;0.03958
25.04.2000;0.04063
26.04.2000;0.03583
27.04.2000;0.03438
28.04.2000;0.03583
29.04.2000;0.03667
30.04.2000;0.03292
1.05.2000;0.03333
2.05.2000;0.03333
3.05.2000;0.02855
4.05.2000;0.02897
5.05.2000;0.02855
6.05.2000;0.02688
7.05.2000;0.02458
8.05.2000;0.02563
9.05.2000;0.02458
10.05.2000;0.022
11.05.2000;0.02458
12.05.2000;0.02542
13.05.2000;0.02367
14.05.2000;0.02397
15.05.2000;0.0225
16.05.2000;0.0225
17.05.2000;0.01875
18.05.2000;0.02063
19.05.2000;0.02105
20.05.2000;0.02083
21.05.2000;0.02042
22.05.2000;0.02063
23.05.2000;0.02105
24.05.2000;0.01667
25.05.2000;0.01875
26.05.2000;0.01875
27.05.2000;0.01833
28.05.2000;0.01958
29.05.2000;0.01897
30.05.2000;0.01897
31.05.2000;0.015
1.06.2000;0.01313
2.06.2000;0.01063
3.06.2000;0.00855
4.06.2000;0.0075
5.06.2000;0.00605
6.06.2000;0.00397
7.06.2000;0.0025
8.06.2000;0.00275
9.06.2000;0.00283
10.06.2000;0.00225
11.06.2000;0.00133
12.06.2000;0.00147
13.06.2000;0.00097
14.06.2000;0.00083
15.06.2000;0.002
16.06.2000;0.0023
17.06.2000;0.00222
18.06.2000;0.00188
19.06.2000;0.00175
20.06.2000;0.0018
21.06.2000;0.0013
22.06.2000;0.00092
23.06.2000;0.00075
24.06.2000;0.00108
25.06.2000;0.00105
26.06.2000;0.00122
27.06.2000;0.00105
28.06.2000;0.00108
29.06.2000;0.0015
30.06.2000;0.00133
1.07.2000;0
2.07.2000;0
3.07.2000;0
4.07.2000;0
5.07.2000;0
6.07.2000;0
7.07.2000;0
8.07.2000;0
9.07.2000;0
10.07.2000;0
11.07.2000;0
12.07.2000;0
13.07.2000;0
14.07.2000;0
15.07.2000;0
16.07.2000;0
17.07.2000;0
18.07.2000;0
19.07.2000;0
20.07.2000;0
21.07.2000;0
22.07.2000;0
23.07.2000;0
24.07.2000;0
25.07.2000;0
26.07.2000;0
27.07.2000;0
28.07.2000;0
29.07.2000;0
30.07.2000;0
31.07.2000;0
1.08.2000;0
2.08.2000;0
3.08.2000;0
4.08.2000;0
5.08.2000;0
6.08.2000;0
7.08.2000;0
8.08.2000;0
9.08.2000;0
10.08.2000;0
11.08.2000;0
12.08.2000;0
13.08.2000;0
14.08.2000;0
15.08.2000;0
16.08.2000;0
17.08.2000;0
18.08.2000;0
19.08.2000;0
20.08.2000;0
21.08.2000;0
22.08.2000;0
23.08.2000;0.00417
24.08.2000;0.00458
25.08.2000;0.00417
26.08.2000;0.004
27.08.2000;0.004
28.08.2000;0.00408
29.08.2000;0.00417
30.08.2000;0
31.08.2000;0.00317
1.09.2000;0.00383
2.09.2000;0.00338
3.09.2000;0.00363
4.09.2000;0.00388
5.09.2000;0
6.09.2000;0.00305
7.09.2000;0.00213
8.09.2000;0.00225
9.09.2000;0.00183
10.09.2000;0.00175
11.09.2000;0.00233
12.09.2000;0.00217
13.09.2000;0.00233
14.09.2000;0.00263
15.09.2000;0.00163
16.09.2000;0.00172
17.09.2000;0
18.09.2000;0
19.09.2000;0
20.09.2000;0
21.09.2000;0
22.09.2000;0
23.09.2000;0
24.09.2000;0
25.09.2000;0
26.09.2000;0
27.09.2000;0
28.09.2000;0
29.09.2000;0
30.09.2000;0
1.10.2000;0
2.10.2000;0
3.10.2000;0
4.10.2000;0
5.10.2000;0
6.10.2000;0
7.10.2000;0
8.10.2000;0
9.10.2000;0
10.10.2000;0
11.10.2000;0
12.10.2000;0
13.10.2000;0
14.10.2000;0
15.10.2000;0
16.10.2000;0
17.10.2000;0
18.10.2000;0
19.10.2000;0
20.10.2000;0
21.10.2000;0
22.10.2000;0
23.10.2000;0
24.10.2000;0
25.10.2000;0.003
26.10.2000;0.004
27.10.2000;0.00687
28.10.2000;0
29.10.2000;0
30.10.2000;0
31.10.2000;0
1.11.2000;0
2.11.2000;0
3.11.2000;0
4.11.2000;0
5.11.2000;0
6.11.2000;0
7.11.2000;0.00092
8.11.2000;0.00313
9.11.2000;0.00388
10.11.2000;0.0043
11.11.2000;0.00533
12.11.2000;0.00413
13.11.2000;0.003
14.11.2000;0.00133
15.11.2000;0.00205
16.11.2000;0.00117
17.11.2000;0.00105
18.11.2000;0.0005
19.11.2000;0.00092
20.11.2000;0.00083
21.11.2000;0
22.11.2000;0
23.11.2000;0
24.11.2000;0
25.11.2000;0
26.11.2000;0
27.11.2000;0
28.11.2000;0
29.11.2000;0
30.11.2000;0
1.12.2000;0
2.12.2000;0
3.12.2000;0
4.12.2000;0
5.12.2000;0
6.12.2000;0
7.12.2000;0
8.12.2000;0
9.12.2000;0
10.12.2000;0
11.12.2000;0
12.12.2000;0
13.12.2000;0
14.12.2000;0
15.12.2000;0
16.12.2000;0
17.12.2000;0
18.12.2000;0
19.12.2000;0
20.12.2000;0
21.12.2000;0
22.12.2000;0
23.12.2000;0
24.12.2000;0
25.12.2000;0
26.12.2000;0
27.12.2000;0
28.12.2000;0
29.12.2000;0
30.12.2000;0
31.12.2000;0
1.01.2001;0
2.01.2001;0
3.01.2001;0
4.01.2001;0
5.01.2001;0
6.01.2001;0
7.01.2001;0
8.01.2001;0
9.01.2001;0
10.01.2001;0.03667
11.01.2001;0.03875
12.01.2001;0.028
13.01.2001;0.02667
14.01.2001;0.02667
15.01.2001;0.02583
16.01.2001;0.025
17.01.2001;0.02437
18.01.2001;0.02437
19.01.2001;0.02063
20.01.2001;0.01833
21.01.2001;0.01833
22.01.2001;0.01833
23.01.2001;0.01833
24.01.2001;0.01875
25.01.2001;0.01937
26.01.2001;0.04833
27.01.2001;0.13583
28.01.2001;0.1425
29.01.2001;0.13833
30.01.2001;0.12375
31.01.2001;0.10917
1.02.2001;0
2.02.2001;0
3.02.2001;0
4.02.2001;0
5.02.2001;0
6.02.2001;0
7.02.2001;0.045
8.02.2001;0.045
9.02.2001;0.05458
10.02.2001;0.07
11.02.2001;0.07708
12.02.2001;0.08208
13.02.2001;0.08125
14.02.2001;0.07333
15.02.2001;0.065
16.02.2001;0.05875
17.02.2001;0.05792
18.02.2001;0.05083
19.02.2001;0.04667
20.02.2001;0.04375
21.02.2001;0.04375
22.02.2001;0.04125
23.02.2001;0.03833
24.02.2001;0.03875
25.02.2001;0.03208
26.02.2001;0.03208
27.02.2001;0.03042
28.02.2001;0.02708
1.03.2001;0.0275
2.03.2001;0.02708
3.03.2001;0.02667
4.03.2001;0.04333
5.03.2001;0.10875
6.03.2001;0.18167
7.03.2001;0.1625
8.03.2001;0.145
9.03.2001;0.1225
10.03.2001;0.1075
11.03.2001;0.10458
12.03.2001;0.0975
13.03.2001;0.08833
14.03.2001;0.08417
15.03.2001;0.08958
16.03.2001;0.10167
17.03.2001;0.09333
18.03.2001;0.08667
19.03.2001;0.08
20.03.2001;0.07333
21.03.2001;0.06833
22.03.2001;0.07833
23.03.2001;0.08833
24.03.2001;0.1
25.03.2001;0.11333
26.03.2001;0.14167
27.03.2001;0.18333
28.03.2001;0.21875
29.03.2001;0.17917
30.03.2001;0.14583
31.03.2001;0.11333
1.04.2001;0.09708
2.04.2001;0.08417
3.04.2001;0.0775
4.04.2001;0.06917
5.04.2001;0.06458
6.04.2001;0.06083
7.04.2001;0.05583
8.04.2001;0.05042
9.04.2001;0.04667
10.04.2001;0.045
11.04.2001;0.04417
12.04.2001;0.045
13.04.2001;0.0425
14.04.2001;0.04333
15.04.2001;0.04333
16.04.2001;0.04333
17.04.2001;0.04333
18.04.2001;0.04167
19.04.2001;0.04167
20.04.2001;0.04167
21.04.2001;0.04167
22.04.2001;0.04167
23.04.2001;0.06417
24.04.2001;0.05542
25.04.2001;0.10833
26.04.2001;0.11
27.04.2001;0.10292
28.04.2001;0.09542
29.04.2001;0.08792
30.04.2001;0.07583
1.05.2001;0.06458
2.05.2001;0.05542
3.05.2001;0.0475
4.05.2001;0.04625
5.05.2001;0.045
6.05.2001;0.04292
7.05.2001;0.03625
8.05.2001;0.03458
9.05.2001;0.03167
10.05.2001;0.02833
11.05.2001;0.0275
12.05.2001;0.02667
13.05.2001;0.025
14.05.2001;0.02333
15.05.2001;0.0225
16.05.2001;0.02147
17.05.2001;0.02167
18.05.2001;0.01917
19.05.2001;0.01875
20.05.2001;0.01625
21.05.2001;0.01583
22.05.2001;0.01542
23.05.2001;0.01417
24.05.2001;0.01333
25.05.2001;0.01458
26.05.2001;0.01292
27.05.2001;0.01125
28.05.2001;0.01
29.05.2001;0.01063
30.05.2001;0.01042
31.05.2001;0.01125
1.06.2001;0.01458
2.06.2001;0.00958
3.06.2001;0.00853
4.06.2001;0.00813
5.06.2001;0.00708
6.06.2001;0.00853
7.06.2001;0.00647
8.06.2001;0.00563
9.06.2001;0.00667
10.06.2001;0.00583
11.06.2001;0.00563
12.06.2001;0.00667
13.06.2001;0.00458
14.06.2001;0.005
15.06.2001;0.00417
16.06.2001;0.00417
17.06.2001;0.00417
18.06.2001;0.00417
19.06.2001;0.00375
20.06.2001;0.00333
21.06.2001;0.00353
22.06.2001;0.00333
23.06.2001;0.00333
24.06.2001;0.00317
25.06.2001;0.003
26.06.2001;0.00283
27.06.2001;0.003
28.06.2001;0.003
29.06.2001;0.003
30.06.2001;0.003
1.07.2001;0.00275
2.07.2001;0.0025
3.07.2001;0.0025
4.07.2001;0.0025
5.07.2001;0.00167
6.07.2001;0.00167
7.07.2001;0.00167
8.07.2001;0.00133
9.07.2001;0.00108
10.07.2001;0.00137
11.07.2001;0.00133
12.07.2001;0.00108
13.07.2001;0.0012
14.07.2001;0.00083
15.07.2001;0.00083
16.07.2001;0.00083
17.07.2001;0.00083
18.07.2001;0.00147
19.07.2001;0.00147
20.07.2001;0.00147
21.07.2001;0.00167
22.07.2001;0.00167
23.07.2001;0.00147
24.07.2001;0.00083
25.07.2001;0.00083
26.07.2001;0.00083
27.07.2001;0.00083
28.07.2001;0.00083
29.07.2001;0.00083
30.07.2001;0.00083
31.07.2001;0.00083
1.08.2001;0.00083
2.08.2001;0.00083
3.08.2001;0.00083
4.08.2001;0.00083
5.08.2001;0.00083
6.08.2001;0.00083
7.08.2001;0.00083
8.08.2001;0.00083
9.08.2001;0.00083
10.08.2001;0.00083
11.08.2001;0.00083
12.08.2001;0.00083
13.08.2001;0.00103
14.08.2001;0.00042
15.08.2001;0.00042
16.08.2001;0.00042
17.08.2001;0.00042
18.08.2001;0.00042
19.08.2001;0.00083
20.08.2001;0.00052
21.08.2001;0.00042
22.08.2001;0.00042
23.08.2001;0.00042
24.08.2001;0.00042
25.08.2001;0.00052
26.08.2001;0.00083
27.08.2001;0.0005
28.08.2001;0.00042
29.08.2001;0.00042
30.08.2001;0.00042
31.08.2001;0.00063
1.09.2001;0.00042
2.09.2001;0.00052
3.09.2001;0.00042
4.09.2001;0.00052
5.09.2001;0.00042
6.09.2001;0.00042
7.09.2001;0.00052
8.09.2001;0.00052
9.09.2001;0.00042
10.09.2001;0.00042
11.09.2001;0.00042
12.09.2001;0.00042
13.09.2001;0.00105
14.09.2001;0.00105
15.09.2001;0.00105
16.09.2001;0.00105
17.09.2001;0.00052
18.09.2001;0.00042
19.09.2001;0.00073
20.09.2001;0.00063
21.09.2001;0.00083
22.09.2001;0.0002
23.09.2001;0.00083
24.09.2001;0.00075
25.09.2001;0.0002
26.09.2001;0.00052
27.09.2001;0.00052
28.09.2001;0.00083
29.09.2001;0.0018
30.09.2001;0.00103
1.10.2001;0
2.10.2001;0
3.10.2001;0
4.10.2001;0
5.10.2001;0
6.10.2001;0
7.10.2001;0
8.10.2001;0
9.10.2001;0
10.10.2001;0
11.10.2001;0
12.10.2001;0
13.10.2001;0
14.10.2001;0
15.10.2001;0
16.10.2001;0
17.10.2001;0
18.10.2001;0
19.10.2001;0
20.10.2001;0
21.10.2001;0
22.10.2001;0
23.10.2001;0
24.10.2001;0
25.10.2001;0
26.10.2001;0
27.10.2001;0
28.10.2001;0
29.10.2001;0
30.10.2001;0
31.10.2001;0
1.11.2001;0
2.11.2001;0
3.11.2001;0
4.11.2001;0
5.11.2001;0
6.11.2001;0
7.11.2001;0
8.11.2001;0
9.11.2001;0
10.11.2001;0
11.11.2001;0
12.11.2001;0
13.11.2001;0
14.11.2001;0
15.11.2001;0
16.11.2001;0
17.11.2001;0
18.11.2001;0
19.11.2001;0
20.11.2001;0
21.11.2001;0
22.11.2001;0
23.11.2001;0
24.11.2001;0
25.11.2001;0
26.11.2001;0
27.11.2001;0
28.11.2001;0
29.11.2001;0
30.11.2001;0
1.12.2001;0
2.12.2001;0
3.12.2001;0
4.12.2001;0
5.12.2001;0
6.12.2001;0
7.12.2001;0
8.12.2001;0
9.12.2001;0
10.12.2001;0
11.12.2001;0
12.12.2001;0
13.12.2001;0
14.12.2001;0
15.12.2001;0
16.12.2001;0
17.12.2001;0
18.12.2001;0
19.12.2001;0
20.12.2001;0
21.12.2001;0
22.12.2001;0
23.12.2001;0
24.12.2001;0
25.12.2001;0
26.12.2001;0
27.12.2001;0
28.12.2001;0
29.12.2001;0
30.12.2001;0
31.12.2001;0
1.01.2002;0
2.01.2002;0
3.01.2002;0
4.01.2002;0
5.01.2002;0
6.01.2002;0
7.01.2002;0
8.01.2002;0
9.01.2002;0
10.01.2002;0
11.01.2002;0
12.01.2002;0
13.01.2002;0
14.01.2002;0
15.01.2002;0
16.01.2002;0
17.01.2002;0
18.01.2002;0
19.01.2002;0
20.01.2002;0
21.01.2002;0
22.01.2002;0
23.01.2002;0
24.01.2002;0
25.01.2002;0
26.01.2002;0
27.01.2002;0
28.01.2002;0
29.01.2002;0
30.01.2002;0
31.01.2002;0
1.02.2002;0
2.02.2002;0
3.02.2002;0
4.02.2002;0
5.02.2002;0
6.02.2002;0
7.02.2002;0
8.02.2002;0
9.02.2002;0
10.02.2002;0
11.02.2002;0
12.02.2002;0
13.02.2002;0
14.02.2002;0
15.02.2002;0
16.02.2002;0
17.02.2002;0
18.02.2002;0
19.02.2002;0
20.02.2002;0
21.02.2002;0
22.02.2002;0
23.02.2002;0
24.02.2002;0
25.02.2002;0
26.02.2002;0
27.02.2002;0
28.02.2002;0
1.03.2002;0
2.03.2002;0
3.03.2002;0
4.03.2002;0
5.03.2002;0
6.03.2002;0
7.03.2002;0
8.03.2002;0
9.03.2002;0
10.03.2002;0
11.03.2002;0
12.03.2002;0
13.03.2002;0
14.03.2002;0
15.03.2002;0
16.03.2002;0
17.03.2002;0
18.03.2002;0
19.03.2002;0
20.03.2002;0
21.03.2002;0
22.03.2002;0
23.03.2002;0
24.03.2002;0
25.03.2002;0
26.03.2002;0
27.03.2002;0
28.03.2002;0
29.03.2002;0
30.03.2002;0
31.03.2002;0
1.04.2002;0
2.04.2002;0
3.04.2002;0
4.04.2002;0
5.04.2002;0
6.04.2002;0
7.04.2002;0
8.04.2002;0
9.04.2002;0
10.04.2002;0
11.04.2002;0
12.04.2002;0
13.04.2002;0
14.04.2002;0
15.04.2002;0
16.04.2002;0
17.04.2002;0
18.04.2002;0
19.04.2002;0.00167
20.04.2002;0.00208
21.04.2002;0.00147
22.04.2002;0.00367
23.04.2002;0.00467
24.04.2002;0.00343
25.04.2002;0.0014
26.04.2002;0.0015
27.04.2002;0.0015
28.04.2002;0.00137
29.04.2002;0.00157
30.04.2002;0.00077
1.05.2002;0.00042
2.05.2002;0.00142
3.05.2002;0
4.05.2002;0
5.05.2002;0
6.05.2002;0
7.05.2002;0
8.05.2002;0
9.05.2002;0.00025
10.05.2002;0.00067
11.05.2002;0.00058
12.05.2002;0.00033
13.05.2002;0.00017
14.05.2002;0.00033
15.05.2002;0.00025
16.05.2002;0.0005
17.05.2002;0.00008
18.05.2002;0.00003
19.05.2002;0
20.05.2002;0
21.05.2002;0
22.05.2002;0
23.05.2002;0
24.05.2002;0
25.05.2002;0
26.05.2002;0
27.05.2002;0
28.05.2002;0
29.05.2002;0
30.05.2002;0
31.05.2002;0
1.06.2002;0
2.06.2002;0
3.06.2002;0
4.06.2002;0
5.06.2002;0
6.06.2002;0
7.06.2002;0
8.06.2002;0
9.06.2002;0
10.06.2002;0
11.06.2002;0
12.06.2002;0.00083
13.06.2002;0.00063
14.06.2002;0.00033
15.06.2002;0.00033
16.06.2002;0.00017
17.06.2002;0.00017
18.06.2002;0.00017
19.06.2002;0.00008
20.06.2002;0.00013
21.06.2002;0.00002
22.06.2002;0
23.06.2002;0
24.06.2002;0
25.06.2002;0
26.06.2002;0
27.06.2002;0
28.06.2002;0
29.06.2002;0
30.06.2002;0
1.07.2002;0
2.07.2002;0
3.07.2002;0
4.07.2002;0
5.07.2002;0
6.07.2002;0
7.07.2002;0
8.07.2002;0
9.07.2002;0
10.07.2002;0
11.07.2002;0
12.07.2002;0
13.07.2002;0
14.07.2002;0
15.07.2002;0
16.07.2002;0
17.07.2002;0
18.07.2002;0
19.07.2002;0.01
20.07.2002;0.095
21.07.2002;0.1452
22.07.2002;0.07875
23.07.2002;0.11917
24.07.2002;0.10042
25.07.2002;0.07625
26.07.2002;0.05958
27.07.2002;0.04708
28.07.2002;0.04125
29.07.2002;0.03625
30.07.2002;0.03417
31.07.2002;0.03458
1.08.2002;0.0275
2.08.2002;0.02708
3.08.2002;0.02292
4.08.2002;0.02167
5.08.2002;0.02042
6.08.2002;0.02042
7.08.2002;0.22333
8.08.2002;0.375
9.08.2002;0.36167
10.08.2002;122.917
11.08.2002;0.8
12.08.2002;0.3
13.08.2002;0.23125
14.08.2002;0.21667
15.08.2002;0.19167
16.08.2002;0.1475
17.08.2002;0.11542
18.08.2002;0.09417
19.08.2002;0.08167
20.08.2002;0.0725
21.08.2002;0.06542
22.08.2002;0.06125
23.08.2002;0.0525
24.08.2002;0.04417
25.08.2002;0.04042
26.08.2002;0.03958
27.08.2002;0.03667
28.08.2002;0.03687
29.08.2002;0.035
30.08.2002;0.03333
31.08.2002;0.03042
1.09.2002;0.02958
2.09.2002;0.02563
3.09.2002;0.02167
4.09.2002;0.02437
5.09.2002;0.0225
6.09.2002;0.02375
7.09.2002;0.02103
8.09.2002;0.01897
9.09.2002;0.0175
10.09.2002;0.01583
11.09.2002;0.01397
12.09.2002;0.01667
13.09.2002;0.01292
14.09.2002;0.01458
15.09.2002;0.01583
16.09.2002;0.01417
17.09.2002;0.01333
18.09.2002;0.01292
19.09.2002;0.015
20.09.2002;0.0175
21.09.2002;0.01687
22.09.2002;0.01667
23.09.2002;0.01625
24.09.2002;0.015
25.09.2002;0.0123
26.09.2002;0.01208
27.09.2002;0.01125
28.09.2002;0.01
29.09.2002;0.00958
30.09.2002;0.00833
1.10.2002;0.00833
2.10.2002;0.00833
3.10.2002;0.00833
4.10.2002;0.00833
5.10.2002;0.00833
6.10.2002;0.00833
7.10.2002;0.00853
8.10.2002;0.00833
9.10.2002;0.00813
10.10.2002;0.0075
11.10.2002;0.0075
12.10.2002;0.0075
13.10.2002;0.00813
14.10.2002;0.01583
15.10.2002;0.01667
16.10.2002;0.01667
17.10.2002;0.01833
18.10.2002;0.0173
19.10.2002;0.015
20.10.2002;0.01333
21.10.2002;0.01417
22.10.2002;0.01458
23.10.2002;0.01458
24.10.2002;0.015
25.10.2002;0.015
26.10.2002;0.0175
27.10.2002;0.01853
28.10.2002;0.02292
29.10.2002;0.0225
30.10.2002;0.02125
31.10.2002;0.01897
1.11.2002;0.0175
2.11.2002;0.01813
3.11.2002;0.01708
4.11.2002;0.01708
5.11.2002;0.01667
6.11.2002;0.01583
7.11.2002;0.01583
8.11.2002;0.01583
9.11.2002;0.01625
10.11.2002;0
11.11.2002;0
12.11.2002;0
13.11.2002;0
14.11.2002;0
15.11.2002;0
16.11.2002;0
17.11.2002;0
18.11.2002;0
19.11.2002;0
20.11.2002;0
21.11.2002;0
22.11.2002;0
23.11.2002;0
24.11.2002;0
25.11.2002;0
26.11.2002;0
27.11.2002;0
28.11.2002;0
29.11.2002;0
30.11.2002;0
1.12.2002;0
2.12.2002;0
3.12.2002;0
4.12.2002;0
5.12.2002;0
6.12.2002;0
7.12.2002;0
8.12.2002;0
9.12.2002;0
10.12.2002;0
11.12.2002;0
12.12.2002;0
13.12.2002;0
14.12.2002;0
15.12.2002;0
16.12.2002;0
17.12.2002;0
18.12.2002;0
19.12.2002;0
20.12.2002;0
21.12.2002;0
22.12.2002;0
23.12.2002;0
24.12.2002;0
25.12.2002;0
26.12.2002;0
27.12.2002;0
28.12.2002;0
29.12.2002;0
30.12.2002;0
31.12.2002;0
1.01.2003;0
2.01.2003;0
3.01.2003;0
4.01.2003;0
5.01.2003;0
6.01.2003;0
7.01.2003;0
8.01.2003;0.02667
9.01.2003;0.02667
10.01.2003;0.02833
11.01.2003;0.02667
12.01.2003;0.02667
13.01.2003;0.02542
14.01.2003;0.025
15.01.2003;0.02333
16.01.2003;0.02375
17.01.2003;0.02353
18.01.2003;0.02292
19.01.2003;0.0225
20.01.2003;0.02147
21.01.2003;0.0198
22.01.2003;0.0198
23.01.2003;0.01958
24.01.2003;0.01833
25.01.2003;0.02083
26.01.2003;0.02333
27.01.2003;0.02667
28.01.2003;0.02833
29.01.2003;0.0302
30.01.2003;0.0298
31.01.2003;0.0275
1.02.2003;0.02542
2.02.2003;0.025
3.02.2003;0.02687
4.02.2003;0.02792
5.02.2003;0.02833
6.02.2003;0.0275
7.02.2003;0.025
8.02.2003;0.0225
9.02.2003;0.02167
10.02.2003;0.02167
11.02.2003;0.02042
12.02.2003;0.01917
13.02.2003;0.01833
14.02.2003;0.01833
15.02.2003;0.01833
16.02.2003;0.01792
17.02.2003;0.01667
18.02.2003;0.01917
19.02.2003;0.0198
20.02.2003;0.02
21.02.2003;0.02125
22.02.2003;0.0202
23.02.2003;0.02042
24.02.2003;0.02125
25.02.2003;0.02208
26.02.2003;0.0223
27.02.2003;0.02208
28.02.2003;0.0225
1.03.2003;0.0225
2.03.2003;0.0225
3.03.2003;0.0225
4.03.2003;0.02167
5.03.2003;0.02042
6.03.2003;0.02042
7.03.2003;0.02167
8.03.2003;0.02208
9.03.2003;0.0225
10.03.2003;0.0225
11.03.2003;0.02458
12.03.2003;0.02917
13.03.2003;0.0398
14.03.2003;0.04375
15.03.2003;0.045
16.03.2003;0.04583
17.03.2003;0.04583
18.03.2003;0.0475
19.03.2003;0.0498
20.03.2003;0.05458
21.03.2003;0.0575
22.03.2003;0.0525
23.03.2003;0.05167
24.03.2003;0.0475
25.03.2003;0.04625
26.03.2003;0.04208
27.03.2003;0.04208
28.03.2003;0.04125
29.03.2003;0.03833
30.03.2003;0.0375
31.03.2003;0.03792
1.04.2003;0.03437
2.04.2003;0.03417
3.04.2003;0.03625
4.04.2003;0.03667
5.04.2003;0.035
6.04.2003;0.0325
7.04.2003;0.03
8.04.2003;0.02833
9.04.2003;0.02813
10.04.2003;0.02792
11.04.2003;0.02813
12.04.2003;0.02708
13.04.2003;0.02687
14.04.2003;0.02875
15.04.2003;0.0302
16.04.2003;0.03
17.04.2003;0.0325
18.04.2003;0.03458
19.04.2003;0.03375
20.04.2003;0.03333
21.04.2003;0.0325
22.04.2003;0.03458
23.04.2003;0.03375
24.04.2003;0.03292
25.04.2003;0.0325
26.04.2003;0.03042
27.04.2003;0.03103
28.04.2003;0.03033
29.04.2003;0.02958
30.04.2003;0.02833
1.05.2003;0.0275
2.05.2003;0.02708
3.05.2003;0.02667
4.05.2003;0.025
5.05.2003;0.02417
6.05.2003;0.02292
7.05.2003;0.02333
8.05.2003;0.02417
9.05.2003;0.02167
10.05.2003;0.02292
11.05.2003;0.02167
12.05.2003;0.02208
13.05.2003;0.0225
14.05.2003;0.0225
15.05.2003;0.0227
16.05.2003;0.02083
17.05.2003;0.02
18.05.2003;0.0198
19.05.2003;0.01917
20.05.2003;0.01958
21.05.2003;0.01937
22.05.2003;0.01833
23.05.2003;0.01603
24.05.2003;0.01417
25.05.2003;0.01103
26.05.2003;0.00917
27.05.2003;0.00687
28.05.2003;0.0048
29.05.2003;0.00333
30.05.2003;0.00333
31.05.2003;0.00353
1.06.2003;0.00353
2.06.2003;0.00313
3.06.2003;0.0025
4.06.2003;0.0025
5.06.2003;0.0025
6.06.2003;0.0025
7.06.2003;0.0025
8.06.2003;0.00217
9.06.2003;0.0015
10.06.2003;0.00313
11.06.2003;0.00113
12.06.2003;0.00083
13.06.2003;0.00113
14.06.2003;0.0013
15.06.2003;0.00083
16.06.2003;0.00083
17.06.2003;0.00083
18.06.2003;0.00083
19.06.2003;0.00083
20.06.2003;0.00083
21.06.2003;0.00083
22.06.2003;0.00083
23.06.2003;0.00083
24.06.2003;0.00083
25.06.2003;0.00083
26.06.2003;0.00083
27.06.2003;0.00117
28.06.2003;0.00108
29.06.2003;0.00083
30.06.2003;0.00083
1.07.2003;0.001
2.07.2003;0.0005
3.07.2003;0.0015
4.07.2003;0.0005
5.07.2003;0.00147
6.07.2003;0.00167
7.07.2003;0.00208
8.07.2003;0.00187
9.07.2003;0.00167
10.07.2003;0.00142
11.07.2003;0.0015
12.07.2003;0.00137
13.07.2003;0.00167
14.07.2003;0.00103
15.07.2003;0.00117
16.07.2003;0.0013
17.07.2003;0.00167
18.07.2003;0.00183
19.07.2003;0.00158
20.07.2003;0.00133
21.07.2003;0.00147
22.07.2003;0.00117
23.07.2003;0.00117
24.07.2003;0.0008
25.07.2003;0.00092
26.07.2003;0.00125
27.07.2003;0
28.07.2003;0.00163
29.07.2003;0.0017
30.07.2003;0.00137
31.07.2003;0.00058
1.08.2003;0.00075
2.08.2003;0.0002
3.08.2003;0
4.08.2003;0
5.08.2003;0
6.08.2003;0
7.08.2003;0
8.08.2003;0
9.08.2003;0
10.08.2003;0
11.08.2003;0
12.08.2003;0
13.08.2003;0
14.08.2003;0
15.08.2003;0
16.08.2003;0
17.08.2003;0
18.08.2003;0
19.08.2003;0
20.08.2003;0
21.08.2003;0
22.08.2003;0
23.08.2003;0
24.08.2003;0
25.08.2003;0
26.08.2003;0
27.08.2003;0
28.08.2003;0
29.08.2003;0
30.08.2003;0
31.08.2003;0
1.09.2003;0
2.09.2003;0
3.09.2003;0
4.09.2003;0
5.09.2003;0
6.09.2003;0
7.09.2003;0
8.09.2003;0
9.09.2003;0
10.09.2003;0
11.09.2003;0
12.09.2003;0
13.09.2003;0
14.09.2003;0
15.09.2003;0
16.09.2003;0
17.09.2003;0
18.09.2003;0
19.09.2003;0
20.09.2003;0
21.09.2003;0
22.09.2003;0
23.09.2003;0
24.09.2003;0
25.09.2003;0
26.09.2003;0
27.09.2003;0
28.09.2003;0
29.09.2003;0
30.09.2003;0
1.10.2003;0
2.10.2003;0
3.10.2003;0
4.10.2003;0
5.10.2003;0
6.10.2003;0
7.10.2003;0
8.10.2003;0
9.10.2003;0
10.10.2003;0
11.10.2003;0
12.10.2003;0
13.10.2003;0
14.10.2003;0
15.10.2003;0
16.10.2003;0
17.10.2003;0
18.10.2003;0
19.10.2003;0
20.10.2003;0
21.10.2003;0
22.10.2003;0
23.10.2003;0
24.10.2003;0
25.10.2003;0
26.10.2003;0
27.10.2003;0
28.10.2003;0
29.10.2003;0
30.10.2003;0
31.10.2003;0
1.11.2003;0
2.11.2003;0
3.11.2003;0
4.11.2003;0
5.11.2003;0
6.11.2003;0
7.11.2003;0
8.11.2003;0
9.11.2003;0
10.11.2003;0
11.11.2003;0
12.11.2003;0
13.11.2003;0
14.11.2003;0
15.11.2003;0
16.11.2003;0
17.11.2003;0
18.11.2003;0
19.11.2003;0
20.11.2003;0
21.11.2003;0
22.11.2003;0
23.11.2003;0
24.11.2003;0
25.11.2003;0
26.11.2003;0
27.11.2003;0
28.11.2003;0
29.11.2003;0
30.11.2003;0
1.12.2003;0
2.12.2003;0
3.12.2003;0
4.12.2003;0
5.12.2003;0
6.12.2003;0
7.12.2003;0
8.12.2003;0
9.12.2003;0
10.12.2003;0
11.12.2003;0
12.12.2003;0
13.12.2003;0
14.12.2003;0
15.12.2003;0
16.12.2003;0
17.12.2003;0
18.12.2003;0
19.12.2003;0
20.12.2003;0
21.12.2003;0
22.12.2003;0
23.12.2003;0
24.12.2003;0
25.12.2003;0
26.12.2003;0
27.12.2003;0
28.12.2003;0
29.12.2003;0
30.12.2003;0
31.12.2003;0
1.01.2004;0
2.01.2004;0
3.01.2004;0
4.01.2004;0
5.01.2004;0
6.01.2004;0
7.01.2004;0
8.01.2004;0
9.01.2004;0
10.01.2004;0
11.01.2004;0
12.01.2004;0
13.01.2004;0
14.01.2004;0
15.01.2004;0
16.01.2004;0
17.01.2004;0
18.01.2004;0
19.01.2004;0
20.01.2004;0
21.01.2004;0
22.01.2004;0
23.01.2004;0
24.01.2004;0
25.01.2004;0
26.01.2004;0
27.01.2004;0
28.01.2004;0
29.01.2004;0
30.01.2004;0
31.01.2004;0
1.02.2004;0
2.02.2004;0
3.02.2004;0
4.02.2004;0
5.02.2004;0
6.02.2004;0
7.02.2004;0
8.02.2004;0
9.02.2004;0
10.02.2004;0
11.02.2004;0
12.02.2004;0
13.02.2004;0
14.02.2004;0
15.02.2004;0
16.02.2004;0
17.02.2004;0
18.02.2004;0
19.02.2004;0
20.02.2004;0
21.02.2004;0
22.02.2004;0
23.02.2004;0
24.02.2004;0
25.02.2004;0
26.02.2004;0
27.02.2004;0
28.02.2004;0
29.02.2004;0
1.03.2004;0
2.03.2004;0
3.03.2004;0
4.03.2004;0
5.03.2004;0
6.03.2004;0
7.03.2004;0
8.03.2004;0
9.03.2004;0
10.03.2004;0
11.03.2004;0
12.03.2004;0
13.03.2004;0
14.03.2004;0
15.03.2004;0
16.03.2004;0
17.03.2004;0
18.03.2004;0
19.03.2004;0
20.03.2004;0
21.03.2004;0
22.03.2004;0
23.03.2004;0
24.03.2004;0
25.03.2004;0
26.03.2004;0
27.03.2004;0
28.03.2004;0
29.03.2004;0
30.03.2004;0
31.03.2004;0
1.04.2004;0
2.04.2004;0
3.04.2004;0
4.04.2004;0
5.04.2004;0
6.04.2004;0
7.04.2004;0
8.04.2004;0
9.04.2004;0
10.04.2004;0
11.04.2004;0
12.04.2004;0
13.04.2004;0
14.04.2004;0
15.04.2004;0
16.04.2004;0
17.04.2004;0
18.04.2004;0
19.04.2004;0
20.04.2004;0
21.04.2004;0
22.04.2004;0
23.04.2004;0
24.04.2004;0
25.04.2004;0
26.04.2004;0
27.04.2004;0
28.04.2004;0
29.04.2004;0
30.04.2004;0
1.05.2004;0
2.05.2004;0
3.05.2004;0
4.05.2004;0
5.05.2004;0
6.05.2004;0
7.05.2004;0
8.05.2004;0
9.05.2004;0
10.05.2004;0
11.05.2004;0
12.05.2004;0
13.05.2004;0
14.05.2004;0
15.05.2004;0
16.05.2004;0
17.05.2004;0
18.05.2004;0
19.05.2004;0
20.05.2004;0
21.05.2004;0
22.05.2004;0
23.05.2004;0
24.05.2004;0
25.05.2004;0
26.05.2004;0
27.05.2004;0
28.05.2004;0
29.05.2004;0
30.05.2004;0
31.05.2004;0
1.06.2004;0
2.06.2004;0
3.06.2004;0
4.06.2004;0
5.06.2004;0
6.06.2004;0
7.06.2004;0
8.06.2004;0
9.06.2004;0
10.06.2004;0
11.06.2004;0
12.06.2004;0
13.06.2004;0
14.06.2004;0
15.06.2004;0
16.06.2004;0
17.06.2004;0
18.06.2004;0
19.06.2004;0
20.06.2004;0
21.06.2004;0
22.06.2004;0
23.06.2004;0
24.06.2004;0
25.06.2004;0
26.06.2004;0
27.06.2004;0
28.06.2004;0
29.06.2004;0
30.06.2004;0
1.07.2004;0
2.07.2004;0
3.07.2004;0
4.07.2004;0
5.07.2004;0
6.07.2004;0
7.07.2004;0
8.07.2004;0
9.07.2004;0
10.07.2004;0
11.07.2004;0
12.07.2004;0
13.07.2004;0.01
14.07.2004;0.00875
15.07.2004;0.0075
16.07.2004;0.0075
17.07.2004;0.0075
18.07.2004;0.00667
19.07.2004;0.00667
20.07.2004;0.00667
21.07.2004;0.00667
22.07.2004;0.00667
23.07.2004;0.00667
24.07.2004;0.00667
25.07.2004;0.00667
26.07.2004;0.00583
27.07.2004;0.005
28.07.2004;0.0075
29.07.2004;0.01853
30.07.2004;0.01917
31.07.2004;0.01967
1.08.2004;0.01992
2.08.2004;0.02033
3.08.2004;0.02033
4.08.2004;0.01437
5.08.2004;0.00667
6.08.2004;0.00667
7.08.2004;0.00667
8.08.2004;0.00667
9.08.2004;0.00667
10.08.2004;0.00667
11.08.2004;0.00542
12.08.2004;0.00142
13.08.2004;0.00133
14.08.2004;0.00133
15.08.2004;0.00133
16.08.2004;0.00133
17.08.2004;0.00133
18.08.2004;0.00133
19.08.2004;0.00133
20.08.2004;0.00133
21.08.2004;0.00133
22.08.2004;0.00133
23.08.2004;0.00133
24.08.2004;0.00133
25.08.2004;0.00133
26.08.2004;0.00067
27.08.2004;0
28.08.2004;0
29.08.2004;0
30.08.2004;0
31.08.2004;0
1.09.2004;0.0002
2.09.2004;0.00158
3.09.2004;0.00167
4.09.2004;0.00167
5.09.2004;0.00167
6.09.2004;0.00167
7.09.2004;0.00167
8.09.2004;0.00167
9.09.2004;0.00167
10.09.2004;0.00167
11.09.2004;0.00167
12.09.2004;0.00167
13.09.2004;0.00167
14.09.2004;0.00167
15.09.2004;0.00042
16.09.2004;0
17.09.2004;0
18.09.2004;0.00033
19.09.2004;0.00167
20.09.2004;0.00167
21.09.2004;0.00167
22.09.2004;0.00167
23.09.2004;0.00167
24.09.2004;0.00167
25.09.2004;0.00167
26.09.2004;0.00167
27.09.2004;0.00167
28.09.2004;0.00167
29.09.2004;0.00042
30.09.2004;0
1.10.2004;0.00033
2.10.2004;0.00133
3.10.2004;0.00133
4.10.2004;0.00133
5.10.2004;0.00133
6.10.2004;0.00142
7.10.2004;0.0015
8.10.2004;0.00167
9.10.2004;0.0015
10.10.2004;0.00153
11.10.2004;0.00083
12.10.2004;0
13.10.2004;0
14.10.2004;0
15.10.2004;0
16.10.2004;0
17.10.2004;0
18.10.2004;0
19.10.2004;0.00063
20.10.2004;0.00083
21.10.2004;0.00083
22.10.2004;0.00083
23.10.2004;0.0013
24.10.2004;0.00017
25.10.2004;0
26.10.2004;0.00042
27.10.2004;0.00083
28.10.2004;0.00063
29.10.2004;0
30.10.2004;0
31.10.2004;0
1.11.2004;0
2.11.2004;0
3.11.2004;0
4.11.2004;0
5.11.2004;0
6.11.2004;0
7.11.2004;0
8.11.2004;0
9.11.2004;0
10.11.2004;0
11.11.2004;0
12.11.2004;0
13.11.2004;0
14.11.2004;0
15.11.2004;0
16.11.2004;0
17.11.2004;0
18.11.2004;0
19.11.2004;0
20.11.2004;0
21.11.2004;0
22.11.2004;0
23.11.2004;0
24.11.2004;0
25.11.2004;0
26.11.2004;0
27.11.2004;0
28.11.2004;0
29.11.2004;0
30.11.2004;0
1.12.2004;0
2.12.2004;0
3.12.2004;0
4.12.2004;0
5.12.2004;0
6.12.2004;0
7.12.2004;0
8.12.2004;0
9.12.2004;0
10.12.2004;0
11.12.2004;0
12.12.2004;0
13.12.2004;0
14.12.2004;0
15.12.2004;0
16.12.2004;0
17.12.2004;0
18.12.2004;0
19.12.2004;0
20.12.2004;0
21.12.2004;0
22.12.2004;0
23.12.2004;0
24.12.2004;0.0002
25.12.2004;0.00458
26.12.2004;0.00667
27.12.2004;0.00667
28.12.2004;0.01542
29.12.2004;0.01542
30.12.2004;0.01458
31.12.2004;0.01492
1.01.2005;0.01542
2.01.2005;0.00833
3.01.2005;0.01147
4.01.2005;0.01
5.01.2005;0.00625
6.01.2005;0.0025
7.01.2005;0.0025
8.01.2005;0.0025
9.01.2005;0.0025
10.01.2005;0.0025
11.01.2005;0.0025
12.01.2005;0.0025
13.01.2005;0.0025
14.01.2005;0.0025
15.01.2005;0.0025
16.01.2005;0.0025
17.01.2005;0.0025
18.01.2005;0.0025
19.01.2005;0.0025
20.01.2005;0.0025
21.01.2005;0.0025
22.01.2005;0.0025
23.01.2005;0.0025
24.01.2005;0.00142
25.01.2005;0.00033
26.01.2005;0.00033
27.01.2005;0.00033
28.01.2005;0.00033
29.01.2005;0.00033
30.01.2005;0.00033
31.01.2005;0.00033
1.02.2005;0.00033
2.02.2005;0.00033
3.02.2005;0.00025
4.02.2005;0
5.02.2005;0
6.02.2005;0
7.02.2005;0
8.02.2005;0
9.02.2005;0
10.02.2005;0
11.02.2005;0.0002
12.02.2005;0.00033
13.02.2005;0.0005
14.02.2005;0.00067
15.02.2005;0.00117
16.02.2005;0.00133
17.02.2005;0.00133
18.02.2005;0.00333
19.02.2005;0.00833
20.02.2005;0.01333
21.02.2005;0.02
22.02.2005;0.02667
23.02.2005;0.02208
24.02.2005;0.03167
25.02.2005;0.03167
26.02.2005;0.03333
27.02.2005;0.03333
28.02.2005;0.03333
1.03.2005;0.03333
2.03.2005;0.03333
3.03.2005;0.03167
4.03.2005;0.02917
5.03.2005;0.02833
6.03.2005;0.0275
7.03.2005;0.02667
8.03.2005;0.025
9.03.2005;0.025
10.03.2005;0.025
11.03.2005;0.025
12.03.2005;0.025
13.03.2005;0.025
14.03.2005;0.025
15.03.2005;0.025
16.03.2005;0.0275
17.03.2005;0.03208
18.03.2005;0.04833
19.03.2005;0.04042
20.03.2005;0.0475
21.03.2005;0.05417
22.03.2005;0.06292
23.03.2005;0.04458
24.03.2005;0.05208
25.03.2005;0.04603
26.03.2005;0.04542
27.03.2005;0.0425
28.03.2005;0.04083
29.03.2005;0.03583
30.03.2005;0.02458
31.03.2005;0.02
1.04.2005;0.02
2.04.2005;0.02
3.04.2005;0.02
4.04.2005;0.02
5.04.2005;0.02
6.04.2005;0.02083
7.04.2005;0.02083
8.04.2005;0.02083
9.04.2005;0.02042
10.04.2005;0.0202
11.04.2005;0.01937
12.04.2005;0.01958
13.04.2005;0.01937
14.04.2005;0.0177
15.04.2005;0.01833
16.04.2005;0.01708
17.04.2005;0.01792
18.04.2005;0.0175
19.04.2005;0.0175
20.04.2005;0.0177
21.04.2005;0.02833
22.04.2005;0.04667
23.04.2005;0.06167
24.04.2005;0.07667
25.04.2005;0.09167
26.04.2005;0.10833
27.04.2005;0.13542
28.04.2005;0.10875
29.04.2005;0.09167
30.04.2005;0.09167
1.05.2005;0.08417
2.05.2005;0.07458
3.05.2005;0.05458
4.05.2005;0.03792
5.05.2005;0.04167
6.05.2005;0.03667
7.05.2005;0.03333
8.05.2005;0.02625
9.05.2005;0.0252
10.05.2005;0.02292
11.05.2005;0.02125
12.05.2005;0.01917
13.05.2005;0.01792
14.05.2005;0.01687
15.05.2005;0.01458
16.05.2005;0.01333
17.05.2005;0.01333
18.05.2005;0.00775
19.05.2005;0.01042
20.05.2005;0.01167
21.05.2005;0.01333
22.05.2005;0.015
23.05.2005;0.015
24.05.2005;0.01667
25.05.2005;0.01458
26.05.2005;0.015
27.05.2005;0.01583
28.05.2005;0.01667
29.05.2005;0.01667
30.05.2005;0.0175
31.05.2005;0.01833
1.06.2005;0.01875
2.06.2005;0.01625
3.06.2005;0.015
4.06.2005;0.0125
5.06.2005;0.01208
6.06.2005;0.01125
7.06.2005;0.01125
8.06.2005;0.01
9.06.2005;0.01
10.06.2005;0.01
11.06.2005;0.01
12.06.2005;0.01
13.06.2005;0.01
14.06.2005;0.01
15.06.2005;0.01
16.06.2005;0.01
17.06.2005;0.01042
18.06.2005;0.00833
19.06.2005;0.00833
20.06.2005;0.00833
21.06.2005;0.00833
22.06.2005;0.00833
23.06.2005;0.00667
24.06.2005;0.005
25.06.2005;0.005
26.06.2005;0.005
27.06.2005;0.005
28.06.2005;0.005
29.06.2005;0.005
30.06.2005;0.005
1.07.2005;0.005
2.07.2005;0.005
3.07.2005;0.005
4.07.2005;0.005
5.07.2005;0.005
6.07.2005;0
7.07.2005;0
8.07.2005;0
9.07.2005;0
10.07.2005;0
11.07.2005;0
12.07.2005;0
13.07.2005;0
14.07.2005;0
15.07.2005;0
16.07.2005;0
17.07.2005;0
18.07.2005;0
19.07.2005;0
20.07.2005;0
21.07.2005;0
22.07.2005;0
23.07.2005;0
24.07.2005;0
25.07.2005;0
26.07.2005;0
27.07.2005;0
28.07.2005;0
29.07.2005;0
30.07.2005;0
31.07.2005;0
1.08.2005;0
2.08.2005;0
3.08.2005;0
4.08.2005;0
5.08.2005;0
6.08.2005;0
7.08.2005;0
8.08.2005;0
9.08.2005;0
10.08.2005;0
11.08.2005;0
12.08.2005;0
13.08.2005;0
14.08.2005;0
15.08.2005;0
16.08.2005;0
17.08.2005;0
18.08.2005;0
19.08.2005;0
20.08.2005;0
21.08.2005;0
22.08.2005;0
23.08.2005;0
24.08.2005;0
25.08.2005;0
26.08.2005;0
27.08.2005;0
28.08.2005;0
29.08.2005;0
30.08.2005;0
31.08.2005;0
1.09.2005;0
2.09.2005;0
3.09.2005;0
4.09.2005;0
5.09.2005;0
6.09.2005;0
7.09.2005;0
8.09.2005;0
9.09.2005;0
10.09.2005;0
11.09.2005;0
12.09.2005;0
13.09.2005;0
14.09.2005;0
15.09.2005;0
16.09.2005;0
17.09.2005;0
18.09.2005;0
19.09.2005;0
20.09.2005;0
21.09.2005;0
22.09.2005;0
23.09.2005;0.0075
24.09.2005;0.0075
25.09.2005;0.00667
26.09.2005;0.00667
27.09.2005;0.00667
28.09.2005;0.00667
29.09.2005;0.00667
30.09.2005;0.00667
1.10.2005;0.00417
2.10.2005;0.0025
3.10.2005;0.0025
4.10.2005;0.0025
5.10.2005;0.0025
6.10.2005;0.002
7.10.2005;0.00125
8.10.2005;0.0003
9.10.2005;0
10.10.2005;0
11.10.2005;0
12.10.2005;0
13.10.2005;0
14.10.2005;0
15.10.2005;0
16.10.2005;0
17.10.2005;0
18.10.2005;0
19.10.2005;0
20.10.2005;0
21.10.2005;0
22.10.2005;0
23.10.2005;0
24.10.2005;0
25.10.2005;0
26.10.2005;0
27.10.2005;0
28.10.2005;0
29.10.2005;0.00583
30.10.2005;0.00583
31.10.2005;0
1.11.2005;0
2.11.2005;0
3.11.2005;0
4.11.2005;0
5.11.2005;0
6.11.2005;0
7.11.2005;0
8.11.2005;0
9.11.2005;0
10.11.2005;0
11.11.2005;0
12.11.2005;0
13.11.2005;0
14.11.2005;0
15.11.2005;0
16.11.2005;0
17.11.2005;0
18.11.2005;0
19.11.2005;0
20.11.2005;0
21.11.2005;0
22.11.2005;0
23.11.2005;0
24.11.2005;0
25.11.2005;0
26.11.2005;0
27.11.2005;0
28.11.2005;0
29.11.2005;0
30.11.2005;0
1.12.2005;0
2.12.2005;0
3.12.2005;0
4.12.2005;0
5.12.2005;0
6.12.2005;0
7.12.2005;0
8.12.2005;0
9.12.2005;0
10.12.2005;0
11.12.2005;0
12.12.2005;0
13.12.2005;0
14.12.2005;0
15.12.2005;0
16.12.2005;0
17.12.2005;0
18.12.2005;0
19.12.2005;0
20.12.2005;0
21.12.2005;0
22.12.2005;0
23.12.2005;0
24.12.2005;0
25.12.2005;0
26.12.2005;0
27.12.2005;0
28.12.2005;0
29.12.2005;0
30.12.2005;0
31.12.2005;0
1.01.2006;0
2.01.2006;0
3.01.2006;0.11333
4.01.2006;0.10833
5.01.2006;0.09833
6.01.2006;0.08833
7.01.2006;0.08
8.01.2006;0.07167
9.01.2006;0.065
10.01.2006;0.06125
11.01.2006;0.05292
12.01.2006;0.04708
13.01.2006;0.03958
14.01.2006;0.03458
15.01.2006;0.03083
16.01.2006;0.02958
17.01.2006;0.02958
18.01.2006;0.02292
19.01.2006;0.02333
20.01.2006;0.0202
21.01.2006;0.01937
22.01.2006;0.0152
23.01.2006;0.01
24.01.2006;0.01
25.01.2006;0.01
26.01.2006;0.01
27.01.2006;0.01
28.01.2006;0.01
29.01.2006;0.01
30.01.2006;0.01
31.01.2006;0.01
1.02.2006;0.0075
2.02.2006;0.00583
3.02.2006;0.00583
4.02.2006;0.00603
5.02.2006;0.00417
6.02.2006;0.00353
7.02.2006;0.00333
8.02.2006;0.00333
9.02.2006;0.00333
10.02.2006;0.00367
11.02.2006;0.004
12.02.2006;0.00417
13.02.2006;0.00397
14.02.2006;0.0025
15.02.2006;0.0025
16.02.2006;0.0025
17.02.2006;0.0025
18.02.2006;0.0025
19.02.2006;0.0025
20.02.2006;0.0025
21.02.2006;0.00813
22.02.2006;0.01333
23.02.2006;0.01333
24.02.2006;0.01333
25.02.2006;0.01333
26.02.2006;0.0125
27.02.2006;0.01083
28.02.2006;0.00937
1.03.2006;0.00833
2.03.2006;0.00833
3.03.2006;0.00833
4.03.2006;0.00667
5.03.2006;0.00583
6.03.2006;0.00397
7.03.2006;0.0025
8.03.2006;0.00133
9.03.2006;0.00275
10.03.2006;0.00417
11.03.2006;0.00417
12.03.2006;0.00417
13.03.2006;0.00417
14.03.2006;0.005
15.03.2006;0.00583
16.03.2006;0.00583
17.03.2006;0.0075
18.03.2006;0.00833
19.03.2006;0.01042
20.03.2006;0.01167
21.03.2006;0.01458
22.03.2006;0.01897
23.03.2006;0.02833
24.03.2006;0.03167
25.03.2006;0.04
26.03.2006;0.05167
27.03.2006;0.06
28.03.2006;0.07167
29.03.2006;0.08
30.03.2006;0.085
31.03.2006;0.09
1.04.2006;0.095
2.04.2006;0.1
3.04.2006;0.09708
4.04.2006;0.065
5.04.2006;0.05417
6.04.2006;0
7.04.2006;0
8.04.2006;0
9.04.2006;0
10.04.2006;0
11.04.2006;0
12.04.2006;0
13.04.2006;0
14.04.2006;0
15.04.2006;0
16.04.2006;0
17.04.2006;0
18.04.2006;0
19.04.2006;0.04
20.04.2006;0.04083
21.04.2006;0.05
22.04.2006;0
23.04.2006;0
24.04.2006;0
25.04.2006;0
26.04.2006;0
27.04.2006;0
28.04.2006;0
29.04.2006;0
30.04.2006;0
1.05.2006;0
2.05.2006;0.065
3.05.2006;0.0425
4.05.2006;0.02917
5.05.2006;0.03
6.05.2006;0.03333
7.05.2006;0.035
8.05.2006;0.03583
9.05.2006;0.03667
10.05.2006;0.04333
11.05.2006;0.0475
12.05.2006;0.05103
13.05.2006;0.05167
14.05.2006;0.05167
15.05.2006;0.06208
16.05.2006;0.0575
17.05.2006;0.06208
18.05.2006;0.07208
19.05.2006;0.08292
20.05.2006;0.11292
21.05.2006;0.09833
22.05.2006;0.09083
23.05.2006;0.08417
24.05.2006;0.0925
25.05.2006;0.09667
26.05.2006;0.09875
27.05.2006;0.1
28.05.2006;0.10417
29.05.2006;0.12667
30.05.2006;0.1425
31.05.2006;0.15417
1.06.2006;0.16333
2.06.2006;0.16417
3.06.2006;0.16583
4.06.2006;0.18417
5.06.2006;0.18792
6.06.2006;0.1875
7.06.2006;0.16875
8.06.2006;0.14042
9.06.2006;0.11375
10.06.2006;0.1
11.06.2006;0.07875
12.06.2006;0.06375
13.06.2006;0.0575
14.06.2006;0.05167
15.06.2006;0.0475
16.06.2006;0.04083
17.06.2006;0.03583
18.06.2006;0.03333
19.06.2006;0.03208
20.06.2006;0.03083
21.06.2006;0.02583
22.06.2006;0.02875
23.06.2006;0.0275
24.06.2006;0.02708
25.06.2006;0.02042
26.06.2006;0.01875
27.06.2006;0.01875
28.06.2006;0.01958
29.06.2006;0.02083
30.06.2006;0.02167
1.07.2006;0.02167
2.07.2006;0.02167
3.07.2006;0.02125
4.07.2006;0.02083
5.07.2006;0.02083
6.07.2006;0.02208
7.07.2006;0.01958
8.07.2006;0.02
9.07.2006;0.01875
10.07.2006;0.01667
11.07.2006;0.01625
12.07.2006;0.01583
13.07.2006;0.015
14.07.2006;0.0152
15.07.2006;0.015
16.07.2006;0.01708
17.07.2006;0.01458
18.07.2006;0.01347
19.07.2006;0.01417
20.07.2006;0.0125
21.07.2006;0.01333
22.07.2006;0.01333
23.07.2006;0.01063
24.07.2006;0.005
25.07.2006;0.005
26.07.2006;0.005
27.07.2006;0.005
28.07.2006;0.005
29.07.2006;0.005
30.07.2006;0.005
31.07.2006;0.005
1.08.2006;0.00667
2.08.2006;0.00833
3.08.2006;0.00583
4.08.2006;0.01103
5.08.2006;0.01
6.08.2006;0.01
7.08.2006;0.01
8.08.2006;0.00853
9.08.2006;0.00333
10.08.2006;0.00167
11.08.2006;0.00167
12.08.2006;0.00167
13.08.2006;0.00167
14.08.2006;0.00167
15.08.2006;0.00167
16.08.2006;0.00167
17.08.2006;0.00167
18.08.2006;0.00417
19.08.2006;0.0025
20.08.2006;0.0025
21.08.2006;0.0025
22.08.2006;0.0025
23.08.2006;0.0025
24.08.2006;0.0025
25.08.2006;0.00167
26.08.2006;0.00133
27.08.2006;0.00133
28.08.2006;0.0012
29.08.2006;0.00083
30.08.2006;0.00008
31.08.2006;0
1.09.2006;0
2.09.2006;0
3.09.2006;0
4.09.2006;0
5.09.2006;0
6.09.2006;0
7.09.2006;0
8.09.2006;0
9.09.2006;0
10.09.2006;0
11.09.2006;0
12.09.2006;0
13.09.2006;0
14.09.2006;0
15.09.2006;0
16.09.2006;0
17.09.2006;0
18.09.2006;0
19.09.2006;0
20.09.2006;0
21.09.2006;0
22.09.2006;0
23.09.2006;0
24.09.2006;0
25.09.2006;0
26.09.2006;0
27.09.2006;0
28.09.2006;0
29.09.2006;0
30.09.2006;0
1.10.2006;0
2.10.2006;0
3.10.2006;0
4.10.2006;0
5.10.2006;0
6.10.2006;0
7.10.2006;0
8.10.2006;0
9.10.2006;0
10.10.2006;0
11.10.2006;0
12.10.2006;0
13.10.2006;0
14.10.2006;0
15.10.2006;0
16.10.2006;0
17.10.2006;0
18.10.2006;0
19.10.2006;0
20.10.2006;0
21.10.2006;0
22.10.2006;0
23.10.2006;0
24.10.2006;0
25.10.2006;0
26.10.2006;0
27.10.2006;0
28.10.2006;0
29.10.2006;0
30.10.2006;0
31.10.2006;0
1.11.2006;0
2.11.2006;0
3.11.2006;0
4.11.2006;0
5.11.2006;0
6.11.2006;0
7.11.2006;0
8.11.2006;0
9.11.2006;0
10.11.2006;0
11.11.2006;0
12.11.2006;0
13.11.2006;0
14.11.2006;0
15.11.2006;0
16.11.2006;0
17.11.2006;0
18.11.2006;0
19.11.2006;0
20.11.2006;0
21.11.2006;0
22.11.2006;0
23.11.2006;0
24.11.2006;0
25.11.2006;0
26.11.2006;0
27.11.2006;0
28.11.2006;0
29.11.2006;0
30.11.2006;0
1.12.2006;0
2.12.2006;0
3.12.2006;0
4.12.2006;0
5.12.2006;0
6.12.2006;0
7.12.2006;0
8.12.2006;0
9.12.2006;0
10.12.2006;0
11.12.2006;0
12.12.2006;0
13.12.2006;0
14.12.2006;0
15.12.2006;0
16.12.2006;0
17.12.2006;0
18.12.2006;0
19.12.2006;0
20.12.2006;0
21.12.2006;0
22.12.2006;0
23.12.2006;0
24.12.2006;0
25.12.2006;0
26.12.2006;0
27.12.2006;0
28.12.2006;0
29.12.2006;0
30.12.2006;0
31.12.2006;0
1.01.2007;0
2.01.2007;0
3.01.2007;0
4.01.2007;0
5.01.2007;0
6.01.2007;0
7.01.2007;0
8.01.2007;0
9.01.2007;0
10.01.2007;0
11.01.2007;0
12.01.2007;0
13.01.2007;0
14.01.2007;0
15.01.2007;0
16.01.2007;0
17.01.2007;0
18.01.2007;0
19.01.2007;0
20.01.2007;0
21.01.2007;0
22.01.2007;0
23.01.2007;0
24.01.2007;0
25.01.2007;0
26.01.2007;0
27.01.2007;0
28.01.2007;0
29.01.2007;0
30.01.2007;0
31.01.2007;0
1.02.2007;0
2.02.2007;0
3.02.2007;0
4.02.2007;0
5.02.2007;0
6.02.2007;0
7.02.2007;0
8.02.2007;0
9.02.2007;0
10.02.2007;0
11.02.2007;0
12.02.2007;0.00008
13.02.2007;0.0005
14.02.2007;0.0075
15.02.2007;0.01813
16.02.2007;0.03042
17.02.2007;0.02917
18.02.2007;0.0225
19.02.2007;0.02
20.02.2007;0.02083
21.02.2007;0.02083
22.02.2007;0.02
23.02.2007;0.01833
24.02.2007;0.0177
25.02.2007;0.01583
26.02.2007;0.0147
27.02.2007;0.0175
28.02.2007;0.01833
1.03.2007;0.01833
2.03.2007;0.01833
3.03.2007;0.00647
4.03.2007;0.00437
5.03.2007;0.00375
6.03.2007;0
7.03.2007;0
8.03.2007;0
9.03.2007;0
10.03.2007;0
11.03.2007;0
12.03.2007;0.00083
13.03.2007;0.00083
14.03.2007;0.00083
15.03.2007;0.00083
16.03.2007;0.00083
17.03.2007;0.00083
18.03.2007;0.00083
19.03.2007;0.00083
20.03.2007;0.0127
21.03.2007;0.04083
22.03.2007;0.025
23.03.2007;0.02333
24.03.2007;0.025
25.03.2007;0.02147
26.03.2007;0.01917
27.03.2007;0.01875
28.03.2007;0.01667
29.03.2007;0.01667
30.03.2007;0.01292
31.03.2007;0.01167
1.04.2007;0.00958
2.04.2007;0.00917
3.04.2007;0.00833
4.04.2007;0.00667
5.04.2007;0.00667
6.04.2007;0.00583
7.04.2007;0.0052
8.04.2007;0.005
9.04.2007;0.00458
10.04.2007;0.00333
11.04.2007;0.00317
12.04.2007;0.0025
13.04.2007;0.00167
14.04.2007;0.00167
15.04.2007;0.00167
16.04.2007;0.00167
17.04.2007;0.00167
18.04.2007;0.0015
19.04.2007;0.00133
20.04.2007;0.00133
21.04.2007;0.00133
22.04.2007;0.00133
23.04.2007;0.00133
24.04.2007;0.00133
25.04.2007;0.00133
26.04.2007;0.00133
27.04.2007;0.00133
28.04.2007;0.00133
29.04.2007;0.00133
30.04.2007;0.00133
1.05.2007;0.00083
2.05.2007;0.0005
3.05.2007;0.00017
4.05.2007;0
5.05.2007;0
6.05.2007;0
7.05.2007;0
8.05.2007;0
9.05.2007;0
10.05.2007;0
11.05.2007;0
12.05.2007;0
13.05.2007;0
14.05.2007;0
15.05.2007;0
16.05.2007;0
17.05.2007;0
18.05.2007;0
19.05.2007;0
20.05.2007;0
21.05.2007;0
22.05.2007;0
23.05.2007;0
24.05.2007;0
25.05.2007;0
26.05.2007;0
27.05.2007;0
28.05.2007;0
29.05.2007;0
30.05.2007;0
31.05.2007;0
1.06.2007;0
2.06.2007;0
3.06.2007;0
4.06.2007;0
5.06.2007;0
6.06.2007;0
7.06.2007;0
8.06.2007;0
9.06.2007;0
10.06.2007;0
11.06.2007;0
12.06.2007;0
13.06.2007;0
14.06.2007;0
15.06.2007;0
16.06.2007;0
17.06.2007;0
18.06.2007;0
19.06.2007;0
20.06.2007;0
21.06.2007;0
22.06.2007;0
23.06.2007;0
24.06.2007;0
25.06.2007;0
26.06.2007;0
27.06.2007;0
28.06.2007;0
29.06.2007;0
30.06.2007;0
1.07.2007;0
2.07.2007;0
3.07.2007;0
4.07.2007;0
5.07.2007;0
6.07.2007;0
7.07.2007;0
8.07.2007;0
9.07.2007;0
10.07.2007;0
11.07.2007;0
12.07.2007;0
13.07.2007;0
14.07.2007;0
15.07.2007;0
16.07.2007;0
17.07.2007;0
18.07.2007;0
19.07.2007;0
20.07.2007;0
21.07.2007;0
22.07.2007;0
23.07.2007;0
24.07.2007;0
25.07.2007;0
26.07.2007;0
27.07.2007;0
28.07.2007;0
29.07.2007;0
30.07.2007;0
31.07.2007;0
1.08.2007;0
2.08.2007;0
3.08.2007;0
4.08.2007;0
5.08.2007;0
6.08.2007;0
7.08.2007;0
8.08.2007;0
9.08.2007;0
10.08.2007;0
11.08.2007;0
12.08.2007;0
13.08.2007;0
14.08.2007;0
15.08.2007;0
16.08.2007;0
17.08.2007;0
18.08.2007;0
19.08.2007;0
20.08.2007;0
21.08.2007;0
22.08.2007;0
23.08.2007;0
24.08.2007;0
25.08.2007;0
26.08.2007;0
27.08.2007;0
28.08.2007;0
29.08.2007;0
30.08.2007;0
31.08.2007;0
1.09.2007;0
2.09.2007;0
3.09.2007;0
4.09.2007;0
5.09.2007;0
6.09.2007;0
7.09.2007;0
8.09.2007;0
9.09.2007;0
10.09.2007;0
11.09.2007;0
12.09.2007;0
13.09.2007;0
14.09.2007;0
15.09.2007;0
16.09.2007;0
17.09.2007;0
18.09.2007;0
19.09.2007;0
20.09.2007;0
21.09.2007;0
22.09.2007;0
23.09.2007;0
24.09.2007;0
25.09.2007;0
26.09.2007;0
27.09.2007;0
28.09.2007;0
29.09.2007;0
30.09.2007;0
1.10.2007;0
2.10.2007;0
3.10.2007;0
4.10.2007;0
5.10.2007;0
6.10.2007;0
7.10.2007;0
8.10.2007;0
9.10.2007;0
10.10.2007;0
11.10.2007;0
12.10.2007;0
13.10.2007;0
14.10.2007;0
15.10.2007;0
16.10.2007;0
17.10.2007;0
18.10.2007;0
19.10.2007;0
20.10.2007;0
21.10.2007;0
22.10.2007;0
23.10.2007;0
24.10.2007;0
25.10.2007;0
26.10.2007;0
27.10.2007;0
28.10.2007;0
29.10.2007;0
30.10.2007;0
31.10.2007;0
1.11.2007;0
2.11.2007;0
3.11.2007;0
4.11.2007;0
5.11.2007;0
6.11.2007;0
7.11.2007;0
8.11.2007;0
9.11.2007;0
10.11.2007;0
11.11.2007;0
12.11.2007;0
13.11.2007;0
14.11.2007;0
15.11.2007;0
16.11.2007;0
17.11.2007;0
18.11.2007;0
19.11.2007;0
20.11.2007;0
21.11.2007;0
22.11.2007;0
23.11.2007;0
24.11.2007;0
25.11.2007;0
26.11.2007;0
27.11.2007;0
28.11.2007;0
29.11.2007;0
30.11.2007;0
1.12.2007;0
2.12.2007;0
3.12.2007;0
4.12.2007;0
5.12.2007;0
6.12.2007;0
7.12.2007;0
8.12.2007;0
9.12.2007;0
10.12.2007;0
11.12.2007;0.00133
12.12.2007;0.0125
13.12.2007;0.04333
14.12.2007;0.03625
15.12.2007;0.02667
16.12.2007;0.02917
17.12.2007;0.02833
18.12.2007;0.02533
19.12.2007;0.025
20.12.2007;0.025
21.12.2007;0.025
22.12.2007;0.025
23.12.2007;0.025
24.12.2007;0.02458
25.12.2007;0.02333
26.12.2007;0.02333
27.12.2007;0.02333
28.12.2007;0.02333
29.12.2007;0.02333
30.12.2007;0.0225
31.12.2007;0.02167
1.01.2008;0.03167
2.01.2008;0.03583
3.01.2008;0.03667
4.01.2008;0.03667
5.01.2008;0.03667
6.01.2008;0.03583
7.01.2008;0.02667
8.01.2008;0.02417
9.01.2008;0.02167
10.01.2008;0.02167
11.01.2008;0.02167
12.01.2008;0.02167
13.01.2008;0.02167
14.01.2008;0.01
15.01.2008;0.01
16.01.2008;0.01
17.01.2008;0.01833
18.01.2008;0.02333
19.01.2008;0.02417
20.01.2008;0.03583
21.01.2008;0.06292
22.01.2008;0.06875
23.01.2008;0.06708
24.01.2008;0.06667
25.01.2008;0.06125
26.01.2008;0.05875
27.01.2008;0.055
28.01.2008;0.04125
29.01.2008;0.04417
30.01.2008;0.04667
31.01.2008;0.04208
1.02.2008;0.03583
2.02.2008;0.03
3.02.2008;0.0225
4.02.2008;0.02042
5.02.2008;0.01833
6.02.2008;0.01667
7.02.2008;0.015
8.02.2008;0.01625
9.02.2008;0.01625
10.02.2008;0.01667
11.02.2008;0.01542
12.02.2008;0.01458
13.02.2008;0.01333
14.02.2008;0.01333
15.02.2008;0.01375
16.02.2008;0.01687
17.02.2008;0.017
18.02.2008;0.01675
19.02.2008;0.01667
20.02.2008;0.015
21.02.2008;0.01208
22.02.2008;0.01167
23.02.2008;0.01167
24.02.2008;0.01167
25.02.2008;0.01167
26.02.2008;0.01
27.02.2008;0.01
28.02.2008;0.01
29.02.2008;0.00917
1.03.2008;0.0077
2.03.2008;0.01417
3.03.2008;0.027
4.03.2008;0.025
5.03.2008;0.02667
6.03.2008;0.02792
7.03.2008;0.02833
8.03.2008;0.02833
9.03.2008;0.02917
10.03.2008;0.0275
11.03.2008;0.02667
12.03.2008;0.025
13.03.2008;0.025
14.03.2008;0.025
15.03.2008;0.02667
16.03.2008;0.02667
17.03.2008;0.02667
18.03.2008;0.02583
19.03.2008;0.02583
20.03.2008;0.02833
21.03.2008;0.03167
22.03.2008;0.03417
23.03.2008;0.03542
24.03.2008;0.03875
25.03.2008;0.04708
26.03.2008;0.04667
27.03.2008;0.04292
28.03.2008;0.05
29.03.2008;0.04103
30.03.2008;0.03792
31.03.2008;0.03417
1.04.2008;0.03417
2.04.2008;0.03083
3.04.2008;0.025
4.04.2008;0.0275
5.04.2008;0.02083
6.04.2008;0.02
7.04.2008;0.02
8.04.2008;0.02167
9.04.2008;0.02167
10.04.2008;0.02
11.04.2008;0.02
12.04.2008;0.02
13.04.2008;0.01458
14.04.2008;0.01167
15.04.2008;0.01167
16.04.2008;0.01
17.04.2008;0.01
18.04.2008;0.01083
19.04.2008;0.01
20.04.2008;0.01
21.04.2008;0.01125
22.04.2008;0.00853
23.04.2008;0.00833
24.04.2008;0.00833
25.04.2008;0.00842
26.04.2008;0.00833
27.04.2008;0.00792
28.04.2008;0.00728
29.04.2008;0.00728
30.04.2008;0.0075
1.05.2008;0.00833
2.05.2008;0.00833
3.05.2008;0.00833
4.05.2008;0.01083
5.05.2008;0.01167
6.05.2008;0.0102
7.05.2008;0.00875
8.05.2008;0.00833
9.05.2008;0.00833
10.05.2008;0.00708
11.05.2008;0.00708
12.05.2008;0.00812
13.05.2008;0.00833
14.05.2008;0.0077
15.05.2008;0.0075
16.05.2008;0.00667
17.05.2008;0.00603
18.05.2008;0.005
19.05.2008;0.00208
20.05.2008;0.00158
21.05.2008;0.00058
22.05.2008;0.00021
23.05.2008;0.00017
24.05.2008;0.00058
25.05.2008;0.00083
26.05.2008;0.00133
27.05.2008;0.00104
28.05.2008;0.00033
29.05.2008;0.00008
30.05.2008;0
31.05.2008;0
1.06.2008;0.00013
2.06.2008;0.00017
3.06.2008;0.00006
4.06.2008;0
5.06.2008;0
6.06.2008;0
7.06.2008;0
8.06.2008;0
9.06.2008;0
10.06.2008;0
11.06.2008;0
12.06.2008;0
13.06.2008;0
14.06.2008;0
15.06.2008;0
16.06.2008;0
17.06.2008;0
18.06.2008;0
19.06.2008;0
20.06.2008;0
21.06.2008;0
22.06.2008;0
23.06.2008;0
24.06.2008;0
25.06.2008;0
26.06.2008;0
27.06.2008;0
28.06.2008;0
29.06.2008;0
30.06.2008;0
1.07.2008;0
2.07.2008;0
3.07.2008;0
4.07.2008;0
5.07.2008;0
6.07.2008;0
7.07.2008;0
8.07.2008;0
9.07.2008;0
10.07.2008;0
11.07.2008;0
12.07.2008;0
13.07.2008;0
14.07.2008;0
15.07.2008;0
16.07.2008;0
17.07.2008;0
18.07.2008;0
19.07.2008;0
20.07.2008;0
21.07.2008;0
22.07.2008;0
23.07.2008;0
24.07.2008;0
25.07.2008;0
26.07.2008;0
27.07.2008;0
28.07.2008;0
29.07.2008;0
30.07.2008;0
31.07.2008;0
1.08.2008;0
2.08.2008;0
3.08.2008;0
4.08.2008;0
5.08.2008;0
6.08.2008;0
7.08.2008;0
8.08.2008;0
9.08.2008;0
10.08.2008;0
11.08.2008;0
12.08.2008;0
13.08.2008;0
14.08.2008;0
15.08.2008;0
16.08.2008;0
17.08.2008;0
18.08.2008;0
19.08.2008;0
20.08.2008;0
21.08.2008;0
22.08.2008;0
23.08.2008;0
24.08.2008;0
25.08.2008;0
26.08.2008;0
27.08.2008;0
28.08.2008;0
29.08.2008;0
30.08.2008;0
31.08.2008;0
1.09.2008;0
2.09.2008;0
3.09.2008;0
4.09.2008;0
5.09.2008;0
6.09.2008;0
7.09.2008;0
8.09.2008;0
9.09.2008;0
10.09.2008;0
11.09.2008;0
12.09.2008;0
13.09.2008;0
14.09.2008;0
15.09.2008;0
16.09.2008;0
17.09.2008;0
18.09.2008;0
19.09.2008;0
20.09.2008;0
21.09.2008;0
22.09.2008;0
23.09.2008;0
24.09.2008;0
25.09.2008;0
26.09.2008;0
27.09.2008;0
28.09.2008;0
29.09.2008;0
30.09.2008;0
1.10.2008;0
2.10.2008;0
3.10.2008;0
4.10.2008;0
5.10.2008;0
6.10.2008;0
7.10.2008;0
8.10.2008;0
9.10.2008;0
10.10.2008;0
11.10.2008;0
12.10.2008;0
13.10.2008;0
14.10.2008;0
15.10.2008;0
16.10.2008;0
17.10.2008;0
18.10.2008;0
19.10.2008;0
20.10.2008;0
21.10.2008;0
22.10.2008;0
23.10.2008;0
24.10.2008;0
25.10.2008;0
26.10.2008;0
27.10.2008;0
28.10.2008;0
29.10.2008;0
30.10.2008;0
31.10.2008;0
1.11.2008;0
2.11.2008;0
3.11.2008;0
4.11.2008;0
5.11.2008;0
6.11.2008;0
7.11.2008;0
8.11.2008;0
9.11.2008;0
10.11.2008;0
11.11.2008;0
12.11.2008;0
13.11.2008;0
14.11.2008;0
15.11.2008;0
16.11.2008;0
17.11.2008;0
18.11.2008;0
19.11.2008;0
20.11.2008;0
21.11.2008;0
22.11.2008;0
23.11.2008;0
24.11.2008;0
25.11.2008;0
26.11.2008;0
27.11.2008;0
28.11.2008;0
29.11.2008;0
30.11.2008;0
1.12.2008;0.03
2.12.2008;0.0395
3.12.2008;0.0375
4.12.2008;0.0375
5.12.2008;0.0375
6.12.2008;0.0375
7.12.2008;0.0375
8.12.2008;0.03603
9.12.2008;0.03542
10.12.2008;0.02667
11.12.2008;0.02917
12.12.2008;0.02417
13.12.2008;0.02
14.12.2008;0.0177
15.12.2008;0.01625
16.12.2008;0.00208
17.12.2008;0.01728
18.12.2008;0.01833
19.12.2008;0.03
20.12.2008;0.0375
21.12.2008;0.0425
22.12.2008;0.04167
23.12.2008;0.04
24.12.2008;0.03708
25.12.2008;0.03417
26.12.2008;0.03083
27.12.2008;0.02667
28.12.2008;0.02917
29.12.2008;0.02958
30.12.2008;0.02833
31.12.2008;0.02708
1.01.2009;0.02542
2.01.2009;0.02333
3.01.2009;0.02333
4.01.2009;0.02167
5.01.2009;0.02
6.01.2009;0.02
7.01.2009;0.02
8.01.2009;0.01875
9.01.2009;0.01833
10.01.2009;0.01667
11.01.2009;0.015
12.01.2009;0.01208
13.01.2009;0.01167
14.01.2009;0.01167
15.01.2009;0.01083
16.01.2009;0.00917
17.01.2009;0.0075
18.01.2009;0.00603
19.01.2009;0.0077
20.01.2009;0.00833
21.01.2009;0.00833
22.01.2009;0.03958
23.01.2009;0.09875
24.01.2009;0.0975
25.01.2009;0.07542
26.01.2009;0.08125
27.01.2009;0.07833
28.01.2009;0.07542
29.01.2009;0.06708
30.01.2009;0.07667
31.01.2009;0.05417
1.02.2009;0.04792
2.02.2009;0.04167
3.02.2009;0.04417
4.02.2009;0.04417
5.02.2009;0.0425
6.02.2009;0.04
7.02.2009;0.0425
8.02.2009;0.0425
9.02.2009;0.0425
10.02.2009;0.04958
11.02.2009;0.0602
12.02.2009;0.06042
13.02.2009;0.05917
14.02.2009;0.06
15.02.2009;0.0575
16.02.2009;0.04917
17.02.2009;0.04667
18.02.2009;0.045
19.02.2009;0.04167
20.02.2009;0.03917
21.02.2009;0.03417
22.02.2009;0.03417
23.02.2009;0.03583
24.02.2009;0.03333
25.02.2009;0.03042
26.02.2009;0.03
27.02.2009;0.02375
28.02.2009;0.02875
1.03.2009;0.01833
2.03.2009;0.02042
3.03.2009;0.02083
4.03.2009;0.02167
5.03.2009;0.02375
6.03.2009;0.02875
7.03.2009;0.07
8.03.2009;0.09667
9.03.2009;0.09
10.03.2009;0.10375
11.03.2009;0.025
12.03.2009;0.02167
13.03.2009;0.02167
14.03.2009;0.02167
15.03.2009;0.0225
16.03.2009;0.03417
17.03.2009;0.04083
18.03.2009;0.03917
19.03.2009;0.04
20.03.2009;0.03792
21.03.2009;0.03417
22.03.2009;0.03333
23.03.2009;0.03417
24.03.2009;0.03333
25.03.2009;0.03333
26.03.2009;0.03333
27.03.2009;0.03333
28.03.2009;0.03333
29.03.2009;0.03333
30.03.2009;0.03875
31.03.2009;0.03875
1.04.2009;0.04
2.04.2009;0.04
3.04.2009;0.04333
4.04.2009;0.04333
5.04.2009;0.04333
6.04.2009;0.04333
7.04.2009;0.04292
8.04.2009;0.04
9.04.2009;0.03083
10.04.2009;0.03292
11.04.2009;0.035
12.04.2009;0.035
13.04.2009;0.035
14.04.2009;0.03375
15.04.2009;0.03333
16.04.2009;0.0325
17.04.2009;0.03125
18.04.2009;0.03042
19.04.2009;0.02917
20.04.2009;0.02708
21.04.2009;0.02833
22.04.2009;0.02833
23.04.2009;0.02667
24.04.2009;0.02667
25.04.2009;0.025
26.04.2009;0.02
27.04.2009;0.02042
28.04.2009;0.02
29.04.2009;0.01667
30.04.2009;0.01875
1.05.2009;0.01875
2.05.2009;0.02
3.05.2009;0.01125
4.05.2009;0.01
5.05.2009;0.00813
6.05.2009;0.00771
7.05.2009;0.00833
8.05.2009;0.00833
9.05.2009;0.0075
10.05.2009;0.0075
11.05.2009;0.00833
12.05.2009;0.00833
13.05.2009;0.00729
14.05.2009;0.00708
15.05.2009;0.00813
16.05.2009;0.00833
17.05.2009;0.00833
18.05.2009;0.00792
19.05.2009;0.0075
20.05.2009;0.00625
21.05.2009;0.00604
22.05.2009;0.00603
23.05.2009;0.00583
24.05.2009;0.00583
25.05.2009;0.00792
26.05.2009;0.00833
27.05.2009;0.00833
28.05.2009;0.00833
29.05.2009;0.00833
30.05.2009;0.00833
31.05.2009;0.00833
1.06.2009;0.01
2.06.2009;0.01
3.06.2009;0.00937
4.06.2009;0.0075
5.06.2009;0.0075
6.06.2009;0.0075
7.06.2009;0.00771
8.06.2009;0.00833
9.06.2009;0.00667
10.06.2009;0.005
11.06.2009;0.005
12.06.2009;0.005
13.06.2009;0.005
14.06.2009;0.005
15.06.2009;0.00583
16.06.2009;0.00542
17.06.2009;0.005
18.06.2009;0.005
19.06.2009;0.00583
20.06.2009;0.00583
21.06.2009;0.00583
22.06.2009;0.00625
23.06.2009;0.005
24.06.2009;0.00625
25.06.2009;0.00667
26.06.2009;0.00667
27.06.2009;0.00667
28.06.2009;0.00708
29.06.2009;0.01208
30.06.2009;0.01167
1.07.2009;0.01
2.07.2009;0.00833
3.07.2009;0.00833
4.07.2009;0.0075
5.07.2009;0.00688
6.07.2009;0.00667
7.07.2009;0.00667
8.07.2009;0.00604
9.07.2009;0.00625
10.07.2009;0.00521
11.07.2009;0.005
12.07.2009;0.00479
13.07.2009;0.00458
14.07.2009;0.005
15.07.2009;0.005
16.07.2009;0.005
17.07.2009;0.005
18.07.2009;0.00729
19.07.2009;0.02333
20.07.2009;0.06542
21.07.2009;0.03833
22.07.2009;0.02458
23.07.2009;0.01792
24.07.2009;0.01833
25.07.2009;0.01667
26.07.2009;0.01583
27.07.2009;0.01583
28.07.2009;0.015
29.07.2009;0.01417
30.07.2009;0.01333
31.07.2009;0.01167
1.08.2009;0.01167
2.08.2009;0.01167
3.08.2009;0.01167
4.08.2009;0.01167
5.08.2009;0.00667
6.08.2009;0.00667
7.08.2009;0.00667
8.08.2009;0.00667
9.08.2009;0.00667
10.08.2009;0.00667
11.08.2009;0.00583
12.08.2009;0.005
13.08.2009;0.005
14.08.2009;0.005
15.08.2009;0.005
16.08.2009;0.005
17.08.2009;0.005
18.08.2009;0.005
19.08.2009;0.00583
20.08.2009;0.00583
21.08.2009;0.00542
22.08.2009;0.00396
23.08.2009;0.00292
24.08.2009;0.00158
25.08.2009;0.00083
26.08.2009;0.00083
27.08.2009;0.00129
28.08.2009;0.00425
29.08.2009;0.00325
30.08.2009;0.00521
31.08.2009;0.00542
1.09.2009;0.00229
2.09.2009;0.01937
3.09.2009;0.00333
4.09.2009;0.00333
5.09.2009;0.005
6.09.2009;0.00187
7.09.2009;0.00154
8.09.2009;0.00167
9.09.2009;0.00158
10.09.2009;0.00133
11.09.2009;0.00129
12.09.2009;0.00083
13.09.2009;0.00075
14.09.2009;0
15.09.2009;0
16.09.2009;0
17.09.2009;0
18.09.2009;0
19.09.2009;0
20.09.2009;0
21.09.2009;0
22.09.2009;0
23.09.2009;0
24.09.2009;0
25.09.2009;0
26.09.2009;0
27.09.2009;0
28.09.2009;0
29.09.2009;0
30.09.2009;0
1.10.2009;0
2.10.2009;0
3.10.2009;0
4.10.2009;0
5.10.2009;0
6.10.2009;0
7.10.2009;0
8.10.2009;0
9.10.2009;0
10.10.2009;0
11.10.2009;0
12.10.2009;0
13.10.2009;0
14.10.2009;0
15.10.2009;0
16.10.2009;0
17.10.2009;0
18.10.2009;0
19.10.2009;0
20.10.2009;0
21.10.2009;0
22.10.2009;0
23.10.2009;0
24.10.2009;0
25.10.2009;0
26.10.2009;0
27.10.2009;0
28.10.2009;0
29.10.2009;0
30.10.2009;0
31.10.2009;0
1.11.2009;0
2.11.2009;0
3.11.2009;0
4.11.2009;0
5.11.2009;0
6.11.2009;0
7.11.2009;0
8.11.2009;0
9.11.2009;0.00229
10.11.2009;0.00625
11.11.2009;0.01021
12.11.2009;0.01542
13.11.2009;0.01937
14.11.2009;0.02271
15.11.2009;0.0275
16.11.2009;0.03
17.11.2009;0.03
18.11.2009;0.03
19.11.2009;0.03
20.11.2009;0.02771
21.11.2009;0.02729
22.11.2009;0.02667
23.11.2009;0.02271
24.11.2009;0.0225
25.11.2009;0.02125
26.11.2009;0.01958
27.11.2009;0.01833
28.11.2009;0.01792
29.11.2009;0.01583
30.11.2009;0.01333
1.12.2009;0.01333
2.12.2009;0.01333
3.12.2009;0.01167
4.12.2009;0.01167
5.12.2009;0.01042
6.12.2009;0.01
7.12.2009;0.01087
8.12.2009;0.00833
9.12.2009;0.0075
10.12.2009;0.0075
11.12.2009;0.00667
12.12.2009;0.00625
13.12.2009;0.00542
14.12.2009;0.00417
15.12.2009;0.00479
16.12.2009;0.00583
17.12.2009;0.00583
18.12.2009;0.00583
19.12.2009;0.005
20.12.2009;0.00375
21.12.2009;0.00292
22.12.2009;0.0025
23.12.2009;0.0025
24.12.2009;0.01229
25.12.2009;0.04042
26.12.2009;0.07292
27.12.2009;0.10812
28.12.2009;0.15833
29.12.2009;0.10938
30.12.2009;0.0875
31.12.2009;0.07917
1.01.2010;0.07083
2.01.2010;0.06292
3.01.2010;0.05375
4.01.2010;0.04625
5.01.2010;0.055
6.01.2010;0.06833
7.01.2010;0.07958
8.01.2010;0.09208
9.01.2010;0.10542
10.01.2010;0.1225
11.01.2010;0.15417
12.01.2010;0.12917
13.01.2010;0.10542
14.01.2010;0.09208
15.01.2010;0.08
16.01.2010;0.06833
17.01.2010;0.055
18.01.2010;0.04229
19.01.2010;0.03792
20.01.2010;0.03542
21.01.2010;0.03167
22.01.2010;0.02833
23.01.2010;0.02458
24.01.2010;0.02042
25.01.2010;0.01729
26.01.2010;0.01667
27.01.2010;0.01667
28.01.2010;0.01667
29.01.2010;0.015
30.01.2010;0.01333
31.01.2010;0.01167
1.02.2010;0.00833
2.02.2010;0.00833
3.02.2010;0.00833
4.02.2010;0.00833
5.02.2010;0.00833
6.02.2010;0.00833
7.02.2010;0.00667
8.02.2010;0.00667
9.02.2010;0.0075
10.02.2010;0.00833
11.02.2010;0.00917
12.02.2010;0.01083
13.02.2010;0.01167
14.02.2010;0.01333
15.02.2010;0.015
16.02.2010;0.02063
17.02.2010;0.02604
18.02.2010;0.03208
19.02.2010;0.0375
20.02.2010;0.04292
21.02.2010;0.04792
22.02.2010;0.05208
23.02.2010;0.05125
24.02.2010;0.0475
25.02.2010;0.04479
26.02.2010;0.04
27.02.2010;0.03542
28.02.2010;0.02958
1.03.2010;0.02458
2.03.2010;0.02771
3.03.2010;0.03146
4.03.2010;0.03604
5.03.2010;0.03812
6.03.2010;0.04083
7.03.2010;0.04312
8.03.2010;0.045
9.03.2010;0.04417
10.03.2010;0.04333
11.03.2010;0.04333
12.03.2010;0.04276
13.03.2010;0.04125
14.03.2010;0.04
15.03.2010;0.03833
16.03.2010;0.03833
17.03.2010;0.03833
18.03.2010;0.03792
19.03.2010;0.035
20.03.2010;0.0325
21.03.2010;0.03
22.03.2010;0.02708
23.03.2010;0.025
24.03.2010;0.025
25.03.2010;0.025
26.03.2010;0.02458
27.03.2010;0.02333
28.03.2010;0.02333
29.03.2010;0.02167
30.03.2010;0.02083
31.03.2010;0.02083
1.04.2010;0.02083
2.04.2010;0.02083
3.04.2010;0.02
4.04.2010;0.02
5.04.2010;0.02
6.04.2010;0.02
7.04.2010;0.02
8.04.2010;0.02
9.04.2010;0.02229
10.04.2010;0.02917
11.04.2010;0.02438
12.04.2010;0.01833
13.04.2010;0.02958
14.04.2010;0.045
15.04.2010;0.05958
16.04.2010;0.07333
17.04.2010;0.08708
18.04.2010;0.10042
19.04.2010;0.11792
20.04.2010;0.12292
21.04.2010;0.11729
22.04.2010;0.11167
23.04.2010;0.10833
24.04.2010;0.10583
25.04.2010;0.10292
26.04.2010;0.09917
27.04.2010;0.09833
28.04.2010;0.09792
29.04.2010;0.09458
30.04.2010;0.09146
1.05.2010;0.0899
2.05.2010;0.0875
3.05.2010;0.085
4.05.2010;0.08917
5.05.2010;0.09458
6.05.2010;0.10083
7.05.2010;0.10708
8.05.2010;0.11375
9.05.2010;0.12646
10.05.2010;0.14062
11.05.2010;0.14167
12.05.2010;0.13812
13.05.2010;0.13333
14.05.2010;0.1325
15.05.2010;0.12604
16.05.2010;0.12312
17.05.2010;0.11771
18.05.2010;0.11625
19.05.2010;0.11458
20.05.2010;0.11083
21.05.2010;0.10958
22.05.2010;0.10708
23.05.2010;0.10542
24.05.2010;0.10333
25.05.2010;0.09667
26.05.2010;0.08792
27.05.2010;0.07917
28.05.2010;0.06958
29.05.2010;0.06
30.05.2010;0.04958
31.05.2010;0.04167
1.06.2010;0.04333
2.06.2010;0.04729
3.06.2010;0.05042
4.06.2010;0.05417
5.06.2010;0.0575
6.06.2010;0.05958
7.06.2010;0.0625
8.06.2010;0.06042
9.06.2010;0.0575
10.06.2010;0.05625
11.06.2010;0.05375
12.06.2010;0.05063
13.06.2010;0.04875
14.06.2010;0.04458
15.06.2010;0.04333
16.06.2010;0.04167
17.06.2010;0.04
18.06.2010;0.03917
19.06.2010;0.0375
20.06.2010;0.03667
21.06.2010;0.03333
22.06.2010;0.03062
23.06.2010;0.03
24.06.2010;0.02667
25.06.2010;0.02333
26.06.2010;0.02029
27.06.2010;0.01729
28.06.2010;0.01375
29.06.2010;0.01333
30.06.2010;0.01333
1.07.2010;0.01333
2.07.2010;0.01333
3.07.2010;0.01333
4.07.2010;0.01333
5.07.2010;0.01333
6.07.2010;0.01333
7.07.2010;0.01333
8.07.2010;0.01333
9.07.2010;0.01333
10.07.2010;0.01333
11.07.2010;0.01417
12.07.2010;0.015
13.07.2010;0.01562
14.07.2010;0.0175
15.07.2010;0.01833
16.07.2010;0.01833
17.07.2010;0.01917
18.07.2010;0.02
19.07.2010;0.02
20.07.2010;0.02
21.07.2010;0.02
22.07.2010;0.02
23.07.2010;0.02
24.07.2010;0.02
25.07.2010;0.02
26.07.2010;0.02042
27.07.2010;0.02104
28.07.2010;0.02333
29.07.2010;0.02333
30.07.2010;0.02333
31.07.2010;0.02333
1.08.2010;0.02333
2.08.2010;0.02333
3.08.2010;0.02333
4.08.2010;0.02333
5.08.2010;0.02333
6.08.2010;0.02333
7.08.2010;0.0225
8.08.2010;0.02125
9.08.2010;0.02125
10.08.2010;0.03167
11.08.2010;0.04208
12.08.2010;0.0525
13.08.2010;0.06458
14.08.2010;0.07458
15.08.2010;0.085
16.08.2010;0.09375
17.08.2010;0.09333
18.08.2010;0.08917
19.08.2010;0.065
20.08.2010;0.04708
21.08.2010;0.03917
22.08.2010;0.03125
23.08.2010;0.02333
24.08.2010;0.02167
25.08.2010;0.02125
26.08.2010;0.02
27.08.2010;0.01833
28.08.2010;0.01583
29.08.2010;0.01333
30.08.2010;0.01333
31.08.2010;0.01333
1.09.2010;0.01333
2.09.2010;0.01333
3.09.2010;0.01354
4.09.2010;0.01479
5.09.2010;0.01583
6.09.2010;0.0175
7.09.2010;0.0225
8.09.2010;0.02875
9.09.2010;0.03417
10.09.2010;0.04
11.09.2010;0.04583
12.09.2010;0.05208
13.09.2010;0.05708
14.09.2010;0.05583
15.09.2010;0.0525
16.09.2010;0.04958
17.09.2010;0.04729
18.09.2010;0.04292
19.09.2010;0.04
20.09.2010;0.03708
21.09.2010;0.03667
22.09.2010;0.03667
23.09.2010;0.03667
24.09.2010;0.0375
25.09.2010;0.0375
26.09.2010;0.0375
27.09.2010;0.03771
28.09.2010;0.04083
29.09.2010;0.04458
30.09.2010;0.04875
1.10.2010;0.05167
2.10.2010;0.05063
3.10.2010;0.04854
4.10.2010;0.04667
5.10.2010;0.04396
6.10.2010;0.04312
7.10.2010;0.04063
8.10.2010;0.03667
9.10.2010;0.03333
10.10.2010;0.02875
11.10.2010;0.02542
12.10.2010;0.02417
13.10.2010;0.02417
14.10.2010;0.02333
15.10.2010;0.02187
16.10.2010;0.02167
17.10.2010;0.02042
18.10.2010;0.02
19.10.2010;0.01917
20.10.2010;0.01875
21.10.2010;0.01833
22.10.2010;0.01708
23.10.2010;0.01458
24.10.2010;0.01229
25.10.2010;0.01042
26.10.2010;0.01
27.10.2010;0.01
28.10.2010;0.01
29.10.2010;0.01
30.10.2010;0.01
31.10.2010;0.00896
1.11.2010;0.00833
2.11.2010;0.00833
3.11.2010;0.00833
4.11.2010;0.00833
5.11.2010;0.00833
6.11.2010;0.00833
7.11.2010;0.00833
8.11.2010;0.00875
9.11.2010;0.01104
10.11.2010;0.01417
11.11.2010;0.01688
12.11.2010;0.01937
13.11.2010;0.02083
14.11.2010;0.02271
15.11.2010;0.02458
16.11.2010;0.02667
17.11.2010;0.02792
18.11.2010;0.03
19.11.2010;0.03
20.11.2010;0.03
21.11.2010;0.03
22.11.2010;0.03083
23.11.2010;0.0375
24.11.2010;0.04542
25.11.2010;0.0525
26.11.2010;0.06042
27.11.2010;0.06875
28.11.2010;0.07562
29.11.2010;0.08417
30.11.2010;0.08708
1.12.2010;0.08917
2.12.2010;0.09083
3.12.2010;0.09333
4.12.2010;0.09542
5.12.2010;0.0975
6.12.2010;0.1
7.12.2010;0.09667
8.12.2010;0.09333
9.12.2010;0.09125
10.12.2010;0.08937
11.12.2010;0.08708
12.12.2010;0.08375
13.12.2010;0.08208
14.12.2010;0.07625
15.12.2010;0.07208
16.12.2010;0.06583
17.12.2010;0.05917
18.12.2010;0.05375
19.12.2010;0.04792
20.12.2010;0.04208
21.12.2010;0.04958
22.12.2010;0.05833
23.12.2010;0.06708
24.12.2010;0.075
25.12.2010;0.08375
26.12.2010;0.09125
27.12.2010;0.09917
28.12.2010;0.095
29.12.2010;0.08833
30.12.2010;0.0825
31.12.2010;0.07708
1.01.2011;0.06917
2.01.2011;0.06125
3.01.2011;0.0525
4.01.2011;0.05
5.01.2011;0.05
6.01.2011;0.05
7.01.2011;0.04958
8.01.2011;0.04833
9.01.2011;0.04833
10.01.2011;0.04833
11.01.2011;0.04833
12.01.2011;0.04792
13.01.2011;0.04667
14.01.2011;0.04583
15.01.2011;0.04417
16.01.2011;0.04292
17.01.2011;0.04167
18.01.2011;0.04167
19.01.2011;0.04
20.01.2011;0.04
21.01.2011;0.03958
22.01.2011;0.03833
23.01.2011;0.03792
24.01.2011;0.03667
25.01.2011;0.03667
26.01.2011;0.03625
27.01.2011;0.035
28.01.2011;0.03375
29.01.2011;0.03292
30.01.2011;0.03125
31.01.2011;0.02917
1.02.2011;0.02833
2.02.2011;0.02833
3.02.2011;0.02708
4.02.2011;0.02583
5.02.2011;0.02375
6.02.2011;0.02167
7.02.2011;0.02
8.02.2011;0.02
9.02.2011;0.02
10.02.2011;0.01937
11.02.2011;0.01833
12.02.2011;0.01833
13.02.2011;0.01792
14.02.2011;0.01667
15.02.2011;0.01667
16.02.2011;0.01667
17.02.2011;0.01667
18.02.2011;0.01667
19.02.2011;0.01667
20.02.2011;0.015
21.02.2011;0.015
22.02.2011;0.015
23.02.2011;0.015
24.02.2011;0.015
25.02.2011;0.01417
26.02.2011;0.01333
27.02.2011;0.01333
28.02.2011;0.01167
1.03.2011;0.01167
2.03.2011;0.01167
3.03.2011;0.01104
4.03.2011;0.00958
5.03.2011;0.00917
6.03.2011;0.00792
7.03.2011;0.00667
8.03.2011;0.00667
9.03.2011;0.00667
10.03.2011;0.00667
11.03.2011;0.00667
12.03.2011;0.00625
13.03.2011;0.00542
14.03.2011;0.00583
15.03.2011;0.01562
16.03.2011;0.02833
17.03.2011;0.04167
18.03.2011;0.05708
19.03.2011;0.07375
20.03.2011;0.08917
21.03.2011;0.10417
22.03.2011;0.10458
23.03.2011;0.10042
24.03.2011;0.0975
25.03.2011;0.09375
26.03.2011;0.09
27.03.2011;0.0875
28.03.2011;0.08375
29.03.2011;0.0775
30.03.2011;0.06979
31.03.2011;0.0625
1.04.2011;0.05417
2.04.2011;0.04583
3.04.2011;0.04042
4.04.2011;0.03375
5.04.2011;0.03167
6.04.2011;0.03167
7.04.2011;0.03083
8.04.2011;0.03
9.04.2011;0.03
10.04.2011;0.02917
11.04.2011;0.02833
12.04.2011;0.02833
13.04.2011;0.02833
14.04.2011;0.02833
15.04.2011;0.02833
16.04.2011;0.02833
17.04.2011;0.02667
18.04.2011;0.02583
19.04.2011;0.025
20.04.2011;0.025
21.04.2011;0.025
22.04.2011;0.02333
23.04.2011;0.02333
24.04.2011;0.02083
25.04.2011;0.02
26.04.2011;0.02
27.04.2011;0.02
28.04.2011;0.01979
29.04.2011;0.01917
30.04.2011;0.01917
1.05.2011;0
2.05.2011;0
3.05.2011;0
4.05.2011;0
5.05.2011;0
6.05.2011;0
7.05.2011;0
8.05.2011;0
9.05.2011;0
10.05.2011;0
11.05.2011;0
12.05.2011;0
13.05.2011;0
14.05.2011;0
15.05.2011;0
16.05.2011;0
17.05.2011;0
18.05.2011;0
19.05.2011;0
20.05.2011;0
21.05.2011;0
22.05.2011;0
23.05.2011;0
24.05.2011;0
25.05.2011;0
26.05.2011;0
27.05.2011;0
28.05.2011;0
29.05.2011;0
30.05.2011;0
31.05.2011;0
1.06.2011;0
2.06.2011;0
3.06.2011;0
4.06.2011;0
5.06.2011;0
6.06.2011;0
7.06.2011;0
8.06.2011;0
9.06.2011;0
10.06.2011;0
11.06.2011;0
12.06.2011;0
13.06.2011;0
14.06.2011;0
15.06.2011;0
16.06.2011;0
17.06.2011;0
18.06.2011;0
19.06.2011;0
20.06.2011;0
21.06.2011;0
22.06.2011;0
23.06.2011;0
24.06.2011;0
25.06.2011;0
26.06.2011;0
27.06.2011;0
28.06.2011;0
29.06.2011;0
30.06.2011;0
1.07.2011;0
2.07.2011;0
3.07.2011;0
4.07.2011;0
5.07.2011;0
6.07.2011;0
7.07.2011;0
8.07.2011;0
9.07.2011;0
10.07.2011;0
11.07.2011;0
12.07.2011;0
13.07.2011;0
14.07.2011;0
15.07.2011;0
16.07.2011;0
17.07.2011;0
18.07.2011;0
19.07.2011;0
20.07.2011;0
21.07.2011;0
22.07.2011;0
23.07.2011;0
24.07.2011;0
25.07.2011;0
26.07.2011;0
27.07.2011;0
28.07.2011;0
29.07.2011;0
30.07.2011;0
31.07.2011;0
1.08.2011;0
2.08.2011;0
3.08.2011;0
4.08.2011;0
5.08.2011;0
6.08.2011;0
7.08.2011;0
8.08.2011;0
9.08.2011;0
10.08.2011;0
11.08.2011;0
12.08.2011;0
13.08.2011;0
14.08.2011;0
15.08.2011;0
16.08.2011;0
17.08.2011;0
18.08.2011;0
19.08.2011;0
20.08.2011;0
21.08.2011;0
22.08.2011;0
23.08.2011;0
24.08.2011;0
25.08.2011;0
26.08.2011;0
27.08.2011;0
28.08.2011;0
29.08.2011;0
30.08.2011;0
31.08.2011;0
1.09.2011;0
2.09.2011;0
3.09.2011;0
4.09.2011;0
5.09.2011;0
6.09.2011;0
7.09.2011;0
8.09.2011;0
9.09.2011;0
10.09.2011;0
11.09.2011;0
12.09.2011;0
13.09.2011;0
14.09.2011;0
15.09.2011;0
16.09.2011;0
17.09.2011;0
18.09.2011;0
19.09.2011;0
20.09.2011;0
21.09.2011;0
22.09.2011;0
23.09.2011;0
24.09.2011;0
25.09.2011;0
26.09.2011;0
27.09.2011;0
28.09.2011;0
29.09.2011;0
30.09.2011;0
1.10.2011;0
2.10.2011;0
3.10.2011;0
4.10.2011;0
5.10.2011;0.0016
6.10.2011;0.00142
7.10.2011;0.0016
8.10.2011;0.0016
9.10.2011;0.00142
10.10.2011;0.00108
11.10.2011;0.00108
12.10.2011;0.00054
13.10.2011;0.00015
14.10.2011;0.0001
15.10.2011;0.0001
16.10.2011;0
17.10.2011;0
18.10.2011;0.00015
19.10.2011;0.00025
20.10.2011;0.00032
21.10.2011;0.00047
22.10.2011;0.00032
23.10.2011;0.0004
24.10.2011;0.00062
25.10.2011;0.0004
26.10.2011;0.00025
27.10.2011;0.0002
28.10.2011;0.0002
29.10.2011;0.0002
30.10.2011;0.00043
31.10.2011;0.0002
1.11.2011;0.00015
2.11.2011;0.00015
3.11.2011;0.0002
4.11.2011;0.00015
5.11.2011;0.0002
6.11.2011;0.00015
7.11.2011;0.00013
8.11.2011;0.00005
9.11.2011;0.0001
10.11.2011;0.0001
11.11.2011;0
12.11.2011;0
13.11.2011;0
14.11.2011;0
15.11.2011;0.00005
16.11.2011;0
17.11.2011;0
18.11.2011;0
19.11.2011;0
20.11.2011;0
21.11.2011;0
22.11.2011;0
23.11.2011;0
24.11.2011;0
25.11.2011;0
26.11.2011;0
27.11.2011;0
28.11.2011;0
29.11.2011;0
30.11.2011;0
1.12.2011;0
2.12.2011;0
3.12.2011;0
4.12.2011;0
5.12.2011;0
6.12.2011;0
7.12.2011;0
8.12.2011;0
9.12.2011;0
10.12.2011;0
11.12.2011;0
12.12.2011;0
13.12.2011;0
14.12.2011;0
15.12.2011;0
16.12.2011;0
17.12.2011;0
18.12.2011;0.00062
19.12.2011;0.00062
20.12.2011;0.00054
21.12.2011;0.00032
22.12.2011;0.00013
23.12.2011;0.00005
24.12.2011;0.00015
25.12.2011;0
26.12.2011;0
27.12.2011;0
28.12.2011;0
29.12.2011;0
30.12.2011;0
31.12.2011;0
1.01.2012;0
2.01.2012;0
3.01.2012;0
4.01.2012;0
5.01.2012;0
6.01.2012;0
7.01.2012;0
8.01.2012;0.00025
9.01.2012;0.00062
10.01.2012;0.00062
11.01.2012;0.00062
12.01.2012;0.00062
13.01.2012;0.00175
14.01.2012;0.00108
15.01.2012;0.00108
16.01.2012;0.00108
17.01.2012;0.00062
18.01.2012;0.00062
19.01.2012;0.00062
20.01.2012;0.00108
21.01.2012;0.00062
22.01.2012;0.00108
23.01.2012;0.00062
24.01.2012;0.00025
25.01.2012;0.00025
26.01.2012;0.00062
27.01.2012;0.00025
28.01.2012;0.00025
29.01.2012;0.00062
30.01.2012;0.00062
31.01.2012;0.00062
1.02.2012;0.00108
2.02.2012;0.00062
3.02.2012;0.00062
4.02.2012;0.00062
5.02.2012;0.00108
6.02.2012;0.00062
7.02.2012;0.00108
8.02.2012;0.00062
9.02.2012;0.00025
10.02.2012;0
11.02.2012;0.00062
12.02.2012;0.00062
13.02.2012;0.00025
14.02.2012;0.00062
15.02.2012;0.00108
16.02.2012;0.00062
17.02.2012;0.00062
18.02.2012;0.00025
19.02.2012;0
20.02.2012;0
21.02.2012;0
22.02.2012;0
23.02.2012;0
24.02.2012;0
25.02.2012;0
26.02.2012;0
27.02.2012;0
28.02.2012;0
29.02.2012;0
1.03.2012;0
2.03.2012;0
3.03.2012;0
4.03.2012;0
5.03.2012;0
6.03.2012;0
7.03.2012;0
8.03.2012;0
9.03.2012;0
10.03.2012;0
11.03.2012;0
12.03.2012;0
13.03.2012;0
14.03.2012;0
15.03.2012;0
16.03.2012;0
17.03.2012;0
18.03.2012;0
19.03.2012;0
20.03.2012;0
21.03.2012;0
22.03.2012;0
23.03.2012;0
24.03.2012;0
25.03.2012;0.00025
26.03.2012;0.00025
27.03.2012;0.00025
28.03.2012;0.00025
29.03.2012;0
30.03.2012;0.00025
31.03.2012;0.00025
1.04.2012;0.00025
2.04.2012;0.00025
3.04.2012;0.00025
4.04.2012;0.00025
5.04.2012;0.00025
6.04.2012;0
7.04.2012;0.00062
8.04.2012;0.0025
9.04.2012;0.00603
10.04.2012;0.00817
11.04.2012;0.01167
12.04.2012;0.01292
13.04.2012;0.01417
14.04.2012;0.01417
15.04.2012;0.01417
16.04.2012;0.00933
17.04.2012;0.00717
18.04.2012;0.00717
19.04.2012;0.00717
20.04.2012;0.00603
21.04.2012;0.00603
22.04.2012;0.00603
23.04.2012;0.00508
24.04.2012;0.00508
25.04.2012;0.00417
26.04.2012;0.00417
27.04.2012;0.00333
28.04.2012;0.00333
29.04.2012;0.00333
30.04.2012;0.00333
1.05.2012;0.00333
2.05.2012;0.00417
3.05.2012;0.00508
4.05.2012;0.00508
5.05.2012;0.00417
6.05.2012;0.00333
7.05.2012;0.00333
8.05.2012;0.00333
9.05.2012;0.0025
10.05.2012;0.0025
11.05.2012;0.00333
12.05.2012;0.00333
13.05.2012;0.00333
14.05.2012;0.00333
15.05.2012;0.00333
16.05.2012;0.00333
17.05.2012;0.00333
18.05.2012;0.00333
19.05.2012;0.0025
20.05.2012;0.00175
21.05.2012;0.00175
22.05.2012;0.00175
23.05.2012;0.00175
24.05.2012;0.00108
25.05.2012;0.00108
26.05.2012;0.00108
27.05.2012;0.00062
28.05.2012;0
29.05.2012;0.00025
30.05.2012;0.00025
31.05.2012;0.00025
1.06.2012;0.00025
2.06.2012;0.00025
3.06.2012;0.00025
4.06.2012;0.00025
5.06.2012;0
6.06.2012;0.00025
7.06.2012;0.00025
8.06.2012;0.00025
9.06.2012;0.00025
10.06.2012;0.00025
11.06.2012;0
12.06.2012;0
13.06.2012;0.00025
14.06.2012;0.00025
15.06.2012;0
16.06.2012;0
17.06.2012;0
18.06.2012;0
19.06.2012;0
20.06.2012;0
21.06.2012;0
22.06.2012;0.00025
23.06.2012;0
24.06.2012;0
25.06.2012;0
26.06.2012;0
27.06.2012;0
28.06.2012;0
29.06.2012;0
30.06.2012;0
1.07.2012;0
2.07.2012;0
3.07.2012;0
4.07.2012;0
5.07.2012;0
6.07.2012;0
7.07.2012;0
8.07.2012;0
9.07.2012;0
10.07.2012;0
11.07.2012;0
12.07.2012;0.00062
13.07.2012;0.00333
14.07.2012;0.00417
15.07.2012;0.00333
16.07.2012;0.00333
17.07.2012;0.00508
18.07.2012;0.00603
19.07.2012;0.00333
20.07.2012;0.00333
21.07.2012;0.00333
22.07.2012;0.01417
23.07.2012;0.01292
24.07.2012;0.0105
25.07.2012;0.00817
26.07.2012;0.00717
27.07.2012;0.00603
28.07.2012;0.00508
29.07.2012;0.00508
30.07.2012;0.00417
31.07.2012;0.00333
1.08.2012;0.00333
2.08.2012;0.0025
3.08.2012;0.0025
4.08.2012;0.00175
5.08.2012;0.00175
6.08.2012;0.00108
7.08.2012;0.00062
8.08.2012;0.00062
9.08.2012;0.00025
10.08.2012;0.00025
11.08.2012;0.00025
12.08.2012;0.00025
13.08.2012;0.00025
14.08.2012;0.00025
15.08.2012;0.00025
16.08.2012;0
17.08.2012;0
18.08.2012;0
19.08.2012;0
20.08.2012;0
21.08.2012;0
22.08.2012;0
23.08.2012;0
24.08.2012;0
25.08.2012;0
26.08.2012;0
27.08.2012;0
28.08.2012;0
29.08.2012;0
30.08.2012;0
31.08.2012;0
1.09.2012;0
2.09.2012;0
3.09.2012;0
4.09.2012;0
5.09.2012;0
6.09.2012;0
7.09.2012;0
8.09.2012;0
9.09.2012;0
10.09.2012;0
11.09.2012;0
12.09.2012;0
13.09.2012;0
14.09.2012;0
15.09.2012;0
16.09.2012;0
17.09.2012;0
18.09.2012;0
19.09.2012;0
20.09.2012;0
21.09.2012;0
22.09.2012;0
23.09.2012;0
24.09.2012;0
25.09.2012;0
26.09.2012;0
27.09.2012;0
28.09.2012;0
29.09.2012;0
30.09.2012;0
1.10.2012;0
2.10.2012;0
3.10.2012;0
4.10.2012;0
5.10.2012;0
6.10.2012;0
7.10.2012;0
8.10.2012;0
9.10.2012;0
10.10.2012;0
11.10.2012;0
12.10.2012;0
13.10.2012;0
14.10.2012;0
15.10.2012;0
16.10.2012;0
17.10.2012;0
18.10.2012;0
19.10.2012;0
20.10.2012;0
21.10.2012;0
22.10.2012;0
23.10.2012;0
24.10.2012;0
25.10.2012;0
26.10.2012;0
27.10.2012;0
28.10.2012;0
29.10.2012;0
30.10.2012;0
31.10.2012;0
1.11.2012;0
2.11.2012;0
3.11.2012;0
4.11.2012;0
5.11.2012;0.00062
6.11.2012;0.02358
7.11.2012;0.0155
8.11.2012;0.01167
9.11.2012;0.00933
10.11.2012;0.00717
11.11.2012;0.00603
12.11.2012;0.00508
13.11.2012;0.00417
14.11.2012;0.00333
15.11.2012;0.00333
16.11.2012;0.0025
17.11.2012;0.00175
18.11.2012;0.00175
19.11.2012;0.00175
20.11.2012;0.00175
21.11.2012;0.00175
22.11.2012;0.00108
23.11.2012;0.00108
24.11.2012;0.00108
25.11.2012;0.00062
26.11.2012;0.00062
27.11.2012;0.00062
28.11.2012;0.00108
29.11.2012;0.00108
30.11.2012;0.00108
1.12.2012;0.00025
2.12.2012;0.00025
3.12.2012;0.00025
4.12.2012;0.00025
5.12.2012;0.00108
6.12.2012;0.00108
7.12.2012;0.00062
8.12.2012;0.00062
9.12.2012;0.00062
10.12.2012;0.00062
11.12.2012;0.00175
12.12.2012;0.00175
13.12.2012;0.00175
14.12.2012;0.00175
15.12.2012;0.00108
16.12.2012;0.00175
17.12.2012;0.0025
18.12.2012;0.03667
19.12.2012;0.06212
20.12.2012;0.04667
21.12.2012;0.04
22.12.2012;0.03188
23.12.2012;0.02912
24.12.2012;0.02635
25.12.2012;0.02497
26.12.2012;0.02082
27.12.2012;0.01967
28.12.2012;0.02358
29.12.2012;0.02912
30.12.2012;0.0305
31.12.2012;0.02912
1.01.2013;0.031
2.01.2013;0.028
3.01.2013;0.025
4.01.2013;0.022
5.01.2013;0.025
6.01.2013;0.022
7.01.2013;0.02
8.01.2013;0.02
9.01.2013;0.02
10.01.2013;0.012
11.01.2013;0.017
12.01.2013;0.017
13.01.2013;0.017
14.01.2013;0.017
15.01.2013;0.011
16.01.2013;0.012
17.01.2013;0.148
18.01.2013;0.138
19.01.2013;0.108
20.01.2013;0.09
21.01.2013;0.076
22.01.2013;0.073
23.01.2013;0.247
24.01.2013;0.233
25.01.2013;0.193
26.01.2013;0.138
27.01.2013;0.105
28.01.2013;0.097
29.01.2013;0.082
30.01.2013;0.073
31.01.2013;0.07
1.02.2013;0.067
2.02.2013;0.061
3.02.2013;0.129
4.02.2013;0.167
5.02.2013;0.112
6.02.2013;0.105
7.02.2013;0.095
8.02.2013;0.26
9.02.2013;0.18
10.02.2013;0.157
11.02.2013;0.129
12.02.2013;0.102
13.02.2013;0.102
14.02.2013;0.09
15.02.2013;0.09
16.02.2013;0.095
17.02.2013;0.095
18.02.2013;0.108
19.02.2013;0.108
20.02.2013;0.108
21.02.2013;0.105
22.02.2013;0.097
23.02.2013;0.095
24.02.2013;0.09
25.02.2013;0.18
26.02.2013;0.233
27.02.2013;0.289
28.02.2013;0.289
1.03.2013;0.26
2.03.2013;0.247
3.03.2013;0.22
4.03.2013;0.193
5.03.2013;0.167
6.03.2013;0.167
7.03.2013;0.167
8.03.2013;0.167
9.03.2013;0.289
10.03.2013;0.333
11.03.2013;0.319
12.03.2013;0.37
13.03.2013;0.352
14.03.2013;0.319
15.03.2013;0.289
16.03.2013;0.233
17.03.2013;0.207
18.03.2013;0.207
19.03.2013;0.193
20.03.2013;0.193
21.03.2013;0.207
22.03.2013;0.193
23.03.2013;0.207
24.03.2013;0.22
25.03.2013;0.22
26.03.2013;0.22
27.03.2013;0.207
28.03.2013;0.18
29.03.2013;0.167
30.03.2013;0.157
31.03.2013;0.193
1.04.2013;0.26
2.04.2013;0.304
3.04.2013;0.289
4.04.2013;0.319
5.04.2013;0.433
6.04.2013;0.407
7.04.2013;0.333
8.04.2013;0.304
9.04.2013;0.274
10.04.2013;0.247
11.04.2013;0.22
12.04.2013;0.207
13.04.2013;0.193
14.04.2013;0.167
15.04.2013;0.148
16.04.2013;0.121
17.04.2013;0.129
18.04.2013;0.115
19.04.2013;0.121
20.04.2013;0.102
21.04.2013;0.088
22.04.2013;0.073
23.04.2013;0.067
24.04.2013;0.064
25.04.2013;0.052
26.04.2013;0.052
27.04.2013;0.058
28.04.2013;0.058
29.04.2013;0.055
30.04.2013;0.052
1.05.2013;0.052
2.05.2013;0.049
3.05.2013;0.045
4.05.2013;0.045
5.05.2013;0.048
6.05.2013;0.045
7.05.2013;0.04
8.05.2013;0.045
9.05.2013;0.045
10.05.2013;0.043
11.05.2013;0.043
12.05.2013;0.04
13.05.2013;0.037
14.05.2013;0.037
15.05.2013;0.04
16.05.2013;0.04
17.05.2013;0.045
18.05.2013;0.037
19.05.2013;0.033
20.05.2013;0.037
21.05.2013;0.04
22.05.2013;0.037
23.05.2013;0.04
24.05.2013;0.04
25.05.2013;0.037
26.05.2013;0.037
27.05.2013;0.033
28.05.2013;0.04
29.05.2013;0.045
30.05.2013;0.048
31.05.2013;0.157
1.06.2013;0.193
2.06.2013;0.129
3.06.2013;0.102
4.06.2013;0.09
5.06.2013;0.082
6.06.2013;0.076
7.06.2013;0.082
8.06.2013;0.085
9.06.2013;0.088
10.06.2013;0.079
11.06.2013;0.076
12.06.2013;0.076
13.06.2013;0.07
14.06.2013;0.07
15.06.2013;0.061
16.06.2013;0.061
17.06.2013;0.061
18.06.2013;0.058
19.06.2013;0.058
20.06.2013;0.055
21.06.2013;0.052
22.06.2013;0.052
23.06.2013;0.048
24.06.2013;0.045
25.06.2013;0.048
26.06.2013;0.042
27.06.2013;0.043
28.06.2013;0.037
29.06.2013;0.043
30.06.2013;0.04
1.07.2013;0.04
2.07.2013;0.04
3.07.2013;0.037
4.07.2013;0.037
5.07.2013;0.037
6.07.2013;0.031
7.07.2013;0.033
8.07.2013;0.033
9.07.2013;0.033
10.07.2013;0.031
11.07.2013;0.028
12.07.2013;0.037
13.07.2013;0.04
14.07.2013;0.037
15.07.2013;0.037
16.07.2013;0.043
17.07.2013;0.04
18.07.2013;0.04
19.07.2013;0.04
20.07.2013;0.037
21.07.2013;0.037
22.07.2013;0.033
23.07.2013;0.033
24.07.2013;0.033
25.07.2013;0.033
26.07.2013;0.033
27.07.2013;0.031
28.07.2013;0.028
29.07.2013;0.028
30.07.2013;0.028
31.07.2013;0.028
1.08.2013;0.028
2.08.2013;0.025
3.08.2013;0.028
4.08.2013;0.028
5.08.2013;0.025
6.08.2013;0.025
7.08.2013;0.025
8.08.2013;0.022
9.08.2013;0.022
10.08.2013;0.022
11.08.2013;0.02
12.08.2013;0.02
13.08.2013;0.02
14.08.2013;0.022
15.08.2013;0.02
16.08.2013;0.02
17.08.2013;0.022
18.08.2013;0.017
19.08.2013;0.02
20.08.2013;0.02
21.08.2013;0.02
22.08.2013;0.02
23.08.2013;0.02
24.08.2013;0.02
25.08.2013;0.02
26.08.2013;0.02
27.08.2013;0.02
28.08.2013;0.02
29.08.2013;0.02
30.08.2013;0.017
31.08.2013;0.017
1.09.2013;0.017
2.09.2013;0.017
3.09.2013;0.017
4.09.2013;0.017
5.09.2013;0.017
6.09.2013;0.017
7.09.2013;0.017
8.09.2013;0.017
9.09.2013;0.017
10.09.2013;0.017
11.09.2013;0.017
12.09.2013;0.017
13.09.2013;0.017
14.09.2013;0.017
15.09.2013;0.017
16.09.2013;0.017
17.09.2013;0.017
18.09.2013;0.02
19.09.2013;0.017
20.09.2013;0.017
21.09.2013;0.017
22.09.2013;0.017
23.09.2013;0.017
24.09.2013;0.017
25.09.2013;0.017
26.09.2013;0.007
27.09.2013;0.002
28.09.2013;0.002
29.09.2013;0.002
30.09.2013;0.002
1.10.2013;0.001
2.10.2013;0.001
3.10.2013;0.001
4.10.2013;0.001
5.10.2013;0.001
6.10.2013;0.001
7.10.2013;0.001
8.10.2013;0.001
9.10.2013;0.001
10.10.2013;0.001
11.10.2013;0.001
12.10.2013;0.001
13.10.2013;0.001
14.10.2013;0.001
15.10.2013;0.001
16.10.2013;0.001
17.10.2013;0.001
18.10.2013;0.001
19.10.2013;0.001
20.10.2013;0.001
21.10.2013;0.001
22.10.2013;0.001
23.10.2013;0.001
24.10.2013;0.001
25.10.2013;0.001
26.10.2013;0.001
27.10.2013;0.001
28.10.2013;0.001
29.10.2013;0.001
30.10.2013;0.001
31.10.2013;0.001
1.11.2013;0.001
2.11.2013;0.001
3.11.2013;0.001
4.11.2013;0.001
5.11.2013;0.001
6.11.2013;0.001
7.11.2013;0.001
8.11.2013;0.001
9.11.2013;0.001
10.11.2013;0.001
11.11.2013;0.001
12.11.2013;0.001
13.11.2013;0.001
14.11.2013;0.001
15.11.2013;0.001
16.11.2013;0.001
17.11.2013;0.001
18.11.2013;0.001
19.11.2013;0.001
20.11.2013;0.001
21.11.2013;0.001
22.11.2013;0.001
23.11.2013;0.001
24.11.2013;0.001
25.11.2013;0.001
26.11.2013;0.001
27.11.2013;0.001
28.11.2013;0.001
29.11.2013;0.001
30.11.2013;0.001
1.12.2013;0.001
2.12.2013;0.001
3.12.2013;0.001
4.12.2013;0.001
5.12.2013;0.001
6.12.2013;0.001
7.12.2013;0.001
8.12.2013;0.001
9.12.2013;0.001
10.12.2013;0.001
11.12.2013;0.001
12.12.2013;0.001
13.12.2013;0.001
14.12.2013;0.001
15.12.2013;0.001
16.12.2013;0.001
17.12.2013;0.001
18.12.2013;0.001
19.12.2013;0.001
20.12.2013;0.001
21.12.2013;0.001
22.12.2013;0.001
23.12.2013;0.001
24.12.2013;0.001
25.12.2013;0.001
26.12.2013;0.001
27.12.2013;0.001
28.12.2013;0.001
29.12.2013;0.001
30.12.2013;0.001
31.12.2013;0.001
1.01.2014;0.001
2.01.2014;0.001
3.01.2014;0.001
4.01.2014;0.001
5.01.2014;0.001
6.01.2014;0.001
7.01.2014;0.001
8.01.2014;0.001
9.01.2014;0.001
10.01.2014;0.001
11.01.2014;0.001
12.01.2014;0.001
13.01.2014;0.001
14.01.2014;0.001
15.01.2014;0.001
16.01.2014;0.001
17.01.2014;0.001
18.01.2014;0.001
19.01.2014;0.001
20.01.2014;0.001
21.01.2014;0.073
22.01.2014;0.088
23.01.2014;0.073
24.01.2014;0.064
25.01.2014;0.048
26.01.2014;0.031
27.01.2014;0.025
28.01.2014;0.017
29.01.2014;0.009
30.01.2014;0.003
31.01.2014;0.001
1.02.2014;0.001
2.02.2014;0.001
3.02.2014;0.001
4.02.2014;0.001
5.02.2014;0.001
6.02.2014;0.001
7.02.2014;0.001
8.02.2014;0.001
9.02.2014;0.001
10.02.2014;0.001
11.02.2014;0.001
12.02.2014;0.001
13.02.2014;0.061
14.02.2014;0.061
15.02.2014;0.061
16.02.2014;0.06
17.02.2014;0.059
18.02.2014;0.058
19.02.2014;0.057
20.02.2014;0.056
21.02.2014;0.055
22.02.2014;0.052
23.02.2014;0.048
24.02.2014;0.045
25.02.2014;0.045
26.02.2014;0.045
27.02.2014;0.043
28.02.2014;0.041
1.03.2014;0.037
2.03.2014;0.04
3.03.2014;0.04
4.03.2014;0.033
5.03.2014;0.028
6.03.2014;0.031
7.03.2014;0.028
8.03.2014;0.028
9.03.2014;0.028
10.03.2014;0.025
11.03.2014;0.025
12.03.2014;0.022
13.03.2014;0.022
14.03.2014;0.022
15.03.2014;0.022
16.03.2014;0.025
17.03.2014;0.022
18.03.2014;0.022
19.03.2014;0.022
20.03.2014;0.02
21.03.2014;0.02
22.03.2014;0.015
23.03.2014;0.017
24.03.2014;0.02
25.03.2014;0.02
26.03.2014;0.014
27.03.2014;0.014
28.03.2014;0.019
29.03.2014;0.02
30.03.2014;0.014
31.03.2014;0.02
1.04.2014;0.017
2.04.2014;0.02
3.04.2014;0.017
4.04.2014;0.017
5.04.2014;0.014
6.04.2014;0.012
7.04.2014;0.012
8.04.2014;0.007
9.04.2014;0.012
10.04.2014;0.012
11.04.2014;0.012
12.04.2014;0.012
13.04.2014;0.014
14.04.2014;0.014
15.04.2014;0.014
16.04.2014;0.014
17.04.2014;0.017
18.04.2014;0.017
19.04.2014;0.017
20.04.2014;0.012
21.04.2014;0.015
22.04.2014;0.017
23.04.2014;0.014
24.04.2014;0.014
25.04.2014;0.014
26.04.2014;0.017
27.04.2014;0.014
28.04.2014;0.017
29.04.2014;0.017
30.04.2014;0.017
1.05.2014;0.014
2.05.2014;0.017
3.05.2014;0.014
4.05.2014;0.014
5.05.2014;0.012
6.05.2014;0.012
7.05.2014;0.013
8.05.2014;0.014
9.05.2014;0.014
10.05.2014;0.014
11.05.2014;0.012
12.05.2014;0.012
13.05.2014;0.012
14.05.2014;0.012
15.05.2014;0.012
16.05.2014;0.014
17.05.2014;0.02
18.05.2014;0.022
19.05.2014;0.037
20.05.2014;0.037
21.05.2014;0.033
22.05.2014;0.037
23.05.2014;0.031
24.05.2014;0.025
25.05.2014;0.02
26.05.2014;0.02
27.05.2014;0.022
28.05.2014;0.02
29.05.2014;0.021
30.05.2014;0.02
31.05.2014;0.017
1.06.2014;0.017
2.06.2014;0.014
3.06.2014;0.014
4.06.2014;0.012
5.06.2014;0.007
6.06.2014;0.009
7.06.2014;0.009
8.06.2014;0.009
9.06.2014;0.007
10.06.2014;0.007
11.06.2014;0.007
12.06.2014;0.007
13.06.2014;0.007
14.06.2014;0.007
15.06.2014;0.007
16.06.2014;0.007
17.06.2014;0.007
18.06.2014;0.007
19.06.2014;0.005
20.06.2014;0.007
21.06.2014;0.007
22.06.2014;0.005
23.06.2014;0.005
24.06.2014;0.007
25.06.2014;0.007
26.06.2014;0.007
27.06.2014;0.007
28.06.2014;0.003
29.06.2014;0.002
30.06.2014;0.003
1.07.2014;0.003
2.07.2014;0.003
3.07.2014;0.002
4.07.2014;0.003
5.07.2014;0.003
6.07.2014;0.003
7.07.2014;0.003
8.07.2014;0.003
9.07.2014;0.003
10.07.2014;0.003
11.07.2014;0.005
12.07.2014;0.005
13.07.2014;0.009
14.07.2014;0.017
15.07.2014;0.012
16.07.2014;0.009
17.07.2014;0.011
18.07.2014;0.009
19.07.2014;0.007
20.07.2014;0.007
21.07.2014;0.007
22.07.2014;0.005
23.07.2014;0.007
24.07.2014;0.005
25.07.2014;0.005
26.07.2014;0.005
27.07.2014;0.003
28.07.2014;0.005
29.07.2014;0.012
30.07.2014;0.043
31.07.2014;0.03
1.08.2014;0.112
2.08.2014;0.076
3.08.2014;0.055
4.08.2014;0.045
5.08.2014;0.045
6.08.2014;0.26
7.08.2014;0.247
8.08.2014;0.157
9.08.2014;0.129
10.08.2014;0.116
11.08.2014;0.112
12.08.2014;0.102
13.08.2014;0.09
14.08.2014;0.082
15.08.2014;0.079
16.08.2014;0.073
17.08.2014;0.076
18.08.2014;0.085
19.08.2014;0.095
20.08.2014;0.088
21.08.2014;0.095
22.08.2014;0.095
23.08.2014;0.097
24.08.2014;0.095
25.08.2014;0.129
26.08.2014;0.129
27.08.2014;0.129
28.08.2014;0.129
29.08.2014;0.121
30.08.2014;0.105
31.08.2014;0.115
1.09.2014;0.112
2.09.2014;0.102
3.09.2014;0.105
4.09.2014;0.097
5.09.2014;0.079
6.09.2014;0.095
7.09.2014;0.088
8.09.2014;0.085
9.09.2014;0.085
10.09.2014;0.085
11.09.2014;0.085
12.09.2014;0.076
13.09.2014;0.076
14.09.2014;0.067
15.09.2014;0.076
16.09.2014;0.07
17.09.2014;0.067
18.09.2014;0.076
19.09.2014;0.07
20.09.2014;0.061
21.09.2014;0.073
22.09.2014;0.061
23.09.2014;0.07
24.09.2014;0.07
25.09.2014;0.07
26.09.2014;0.07
27.09.2014;0.061
28.09.2014;0.07
29.09.2014;0.073
30.09.2014;0.058
1.10.2014;0.067
2.10.2014;0.07
3.10.2014;0.061
4.10.2014;0.07
5.10.2014;0.058
6.10.2014;0.067
7.10.2014;0.067
8.10.2014;0.055
9.10.2014;0.064
10.10.2014;0.007
11.10.2014;0.005
12.10.2014;0.007
13.10.2014;0.005
14.10.2014;0.007
15.10.2014;0.005
16.10.2014;0.007
17.10.2014;0.007
18.10.2014;0.005
19.10.2014;0.005
20.10.2014;0.005
21.10.2014;0.007
22.10.2014;0.005
23.10.2014;0.012
24.10.2014;0.02
25.10.2014;0.028
26.10.2014;0.025
27.10.2014;0.022
28.10.2014;0.025
29.10.2014;0.022
30.10.2014;0.025
31.10.2014;0.022
1.11.2014;0.02
2.11.2014;0.02
3.11.2014;0.02
4.11.2014;0.014
5.11.2014;0.02
6.11.2014;0.012
7.11.2014;0.017
8.11.2014;0.017
9.11.2014;0.011
10.11.2014;0.009
11.11.2014;0.009
12.11.2014;0.012
13.11.2014;0.014
14.11.2014;0.012
15.11.2014;0.007
16.11.2014;0.007
17.11.2014;0.012
18.11.2014;0.012
19.11.2014;0.009
20.11.2014;0.007
21.11.2014;0.005
22.11.2014;0.005
23.11.2014;0.007
24.11.2014;0.007
25.11.2014;0.005
26.11.2014;0.007
27.11.2014;0.005
28.11.2014;0.005
29.11.2014;0.009
30.11.2014;0.009
1.12.2014;0.007
2.12.2014;0.007
3.12.2014;0.009
4.12.2014;0.005
5.12.2014;0.007
6.12.2014;0.009
7.12.2014;0.009
8.12.2014;0.007
9.12.2014;0.005
10.12.2014;0.005
11.12.2014;0.012
12.12.2014;0.012
13.12.2014;0.007
14.12.2014;0.012
15.12.2014;0.012
16.12.2014;0.009
17.12.2014;0.014
18.12.2014;0.014
19.12.2014;0.014
20.12.2014;0.009
21.12.2014;0.014
22.12.2014;0.017
23.12.2014;0.014
24.12.2014;0.014
25.12.2014;0.012
26.12.2014;0.009
27.12.2014;0.012
28.12.2014;0.009
29.12.2014;0.014
30.12.2014;0.009
31.12.2014;0.009
1.01.2015;0.012
2.01.2015;0.012
3.01.2015;0.012
4.01.2015;0.012
5.01.2015;0.007
6.01.2015;0.012
7.01.2015;0.007
8.01.2015;0.009
9.01.2015;0.009
10.01.2015;0.012
11.01.2015;0.012
12.01.2015;0.007
13.01.2015;0.009
14.01.2015;0.009
15.01.2015;0.005
16.01.2015;0.009
17.01.2015;0.007
18.01.2015;0.005
19.01.2015;0.007
20.01.2015;0.005
21.01.2015;0.009
22.01.2015;0.007
23.01.2015;0.009
24.01.2015;0.028
25.01.2015;0.033
26.01.2015;0.033
27.01.2015;0.033
28.01.2015;0.033
29.01.2015;0.033
30.01.2015;0.031
31.01.2015;0.07
1.02.2015;0.26
2.02.2015;0.193
3.02.2015;0.138
4.02.2015;0.112
5.02.2015;0.088
6.02.2015;0.082
7.02.2015;0.076
8.02.2015;0.073
9.02.2015;0.07
10.02.2015;0.055
11.02.2015;0.055
12.02.2015;0.048
13.02.2015;0.045
14.02.2015;0.037
15.02.2015;0.043
16.02.2015;0.04
17.02.2015;0.028
18.02.2015;0.033
19.02.2015;0.033
20.02.2015;0.037
21.02.2015;0.037
22.02.2015;0.037
23.02.2015;0.028
24.02.2015;0.033
25.02.2015;0.031
26.02.2015;0.025
27.02.2015;0.033
28.02.2015;0.037
1.03.2015;0.037
2.03.2015;0.04
3.03.2015;0.043
4.03.2015;0.037
5.03.2015;0.031
6.03.2015;0.037
7.03.2015;0.037
8.03.2015;0.025
9.03.2015;0.033
10.03.2015;0.031
11.03.2015;0.033
12.03.2015;0.028
13.03.2015;0.025
14.03.2015;0.031
15.03.2015;0.028
16.03.2015;0.025
17.03.2015;0.025
18.03.2015;0.02
19.03.2015;0.025
20.03.2015;0.022
21.03.2015;0.02
22.03.2015;0.025
23.03.2015;0.02
24.03.2015;0.014
25.03.2015;0.017
26.03.2015;0.022
27.03.2015;0.02
28.03.2015;0.02
29.03.2015;0.014
30.03.2015;0.02
31.03.2015;0.02
1.04.2015;0.02
2.04.2015;0.017
3.04.2015;0.012
4.04.2015;0.017
5.04.2015;0.014
6.04.2015;0.014
7.04.2015;0.014
8.04.2015;0.014
9.04.2015;0.012
10.04.2015;0.007
11.04.2015;0.009
12.04.2015;0.014
13.04.2015;0.012
14.04.2015;0.014
15.04.2015;0.009
16.04.2015;0.009
17.04.2015;0.012
18.04.2015;0.014
19.04.2015;0.012
20.04.2015;0.009
21.04.2015;0.007
22.04.2015;0.009
23.04.2015;0.009
24.04.2015;0.009
25.04.2015;0.007
26.04.2015;0.007
27.04.2015;0.009
28.04.2015;0.009
29.04.2015;0.007
30.04.2015;0.009
1.05.2015;0.009
2.05.2015;0.009
3.05.2015;0.005
4.05.2015;0.009
5.05.2015;0.007
6.05.2015;0.007
7.05.2015;0.005
8.05.2015;0.005
9.05.2015;0.007
10.05.2015;0.005
11.05.2015;0.005
12.05.2015;0.005
13.05.2015;0.005
14.05.2015;0.005
15.05.2015;0.005
16.05.2015;0.005
17.05.2015;0.003
18.05.2015;0.003
19.05.2015;0.003
20.05.2015;0.005
21.05.2015;0.003
22.05.2015;0.003
23.05.2015;0.003
24.05.2015;0.003
25.05.2015;0.003
26.05.2015;0.003
27.05.2015;0.003
28.05.2015;0.003
29.05.2015;0.003
30.05.2015;0.003
31.05.2015;0.003
1.06.2015;0.002
2.06.2015;0.002
3.06.2015;0.002
4.06.2015;0.002
5.06.2015;0.002
6.06.2015;0.003
7.06.2015;0.002
8.06.2015;0.002
9.06.2015;0.002
10.06.2015;0.002
11.06.2015;0.001
12.06.2015;0.001
13.06.2015;0.001
14.06.2015;0
15.06.2015;0
16.06.2015;0.002
17.06.2015;0.002
18.06.2015;0.002
19.06.2015;0.002
20.06.2015;0.003
21.06.2015;0.002
22.06.2015;0.002
23.06.2015;0.003
24.06.2015;0.002
25.06.2015;0.002
26.06.2015;0.003
27.06.2015;0.003
28.06.2015;0.003
29.06.2015;0.003
30.06.2015;0.003
1.07.2015;0.002
2.07.2015;0.003
3.07.2015;0.001
4.07.2015;0.003
5.07.2015;0.002
6.07.2015;0.002
7.07.2015;0.017
8.07.2015;0.017
9.07.2015;0.014
10.07.2015;0.012
11.07.2015;0.014
12.07.2015;0.017
13.07.2015;0.014
14.07.2015;0.009
15.07.2015;0.017
16.07.2015;0.005
17.07.2015;0.012
18.07.2015;0.012
19.07.2015;0.012
20.07.2015;0.001
21.07.2015;0.008
22.07.2015;0.014
23.07.2015;0.014
24.07.2015;0.005
25.07.2015;0
26.07.2015;0.014
27.07.2015;0.017
28.07.2015;0.014
29.07.2015;0
30.07.2015;0
31.07.2015;0.012
1.08.2015;0.001
2.08.2015;0
3.08.2015;0
4.08.2015;0
5.08.2015;0
6.08.2015;0
7.08.2015;0
8.08.2015;0
9.08.2015;0
10.08.2015;0
11.08.2015;0
12.08.2015;0
13.08.2015;0
14.08.2015;0
15.08.2015;0
16.08.2015;0
17.08.2015;0
18.08.2015;0
19.08.2015;0
20.08.2015;0
21.08.2015;0
22.08.2015;0
23.08.2015;0
24.08.2015;0
25.08.2015;0
26.08.2015;0
27.08.2015;0
28.08.2015;0
29.08.2015;0
30.08.2015;0
31.08.2015;0
1.09.2015;0
2.09.2015;0
3.09.2015;0
4.09.2015;0
5.09.2015;0
6.09.2015;0
7.09.2015;0
8.09.2015;0
9.09.2015;0
10.09.2015;0
11.09.2015;0
12.09.2015;0
13.09.2015;0
14.09.2015;0
15.09.2015;0
16.09.2015;0
17.09.2015;0
18.09.2015;0
19.09.2015;0
20.09.2015;0
21.09.2015;0
22.09.2015;0
23.09.2015;0
24.09.2015;0
25.09.2015;0
26.09.2015;0
27.09.2015;0
28.09.2015;0
29.09.2015;0
30.09.2015;0
1.10.2015;0
2.10.2015;0
3.10.2015;0
4.10.2015;0
5.10.2015;0
6.10.2015;0
7.10.2015;0
8.10.2015;0
9.10.2015;0
10.10.2015;0
11.10.2015;0
12.10.2015;0
13.10.2015;0
14.10.2015;0
15.10.2015;0
16.10.2015;0
17.10.2015;0
18.10.2015;0.058
19.10.2015;0.028
20.10.2015;0.017
21.10.2015;0.052
22.10.2015;0.031
23.10.2015;0.025
24.10.2015;0.02
25.10.2015;0.014
26.10.2015;0.012
27.10.2015;0.012
28.10.2015;0.012
29.10.2015;0.012
30.10.2015;0.012
31.10.2015;0.009
1.11.2015;0.007
2.11.2015;0.007
3.11.2015;0.009
4.11.2015;0.009
5.11.2015;0.007
6.11.2015;0.007
7.11.2015;0.007
8.11.2015;0.007
9.11.2015;0.005
10.11.2015;0.005
11.11.2015;0.005
12.11.2015;0.005
13.11.2015;0.005
14.11.2015;0.005
15.11.2015;0.005
16.11.2015;0.005
17.11.2015;0.005
18.11.2015;0.005
19.11.2015;0.005
20.11.2015;0.005
21.11.2015;0.005
22.11.2015;0.003
23.11.2015;0.003
24.11.2015;0.003
25.11.2015;0.003
26.11.2015;0.003
27.11.2015;0.003
28.11.2015;0.003
29.11.2015;0.003
30.11.2015;0.003
1.12.2015;0.007
2.12.2015;0.009
3.12.2015;0.009
4.12.2015;0.009
5.12.2015;0.012
6.12.2015;0.012
7.12.2015;0.009
8.12.2015;0.009
9.12.2015;0.009
10.12.2015;0.009
11.12.2015;0.009
12.12.2015;0.009
13.12.2015;0.009
14.12.2015;0.009
15.12.2015;0.009
16.12.2015;0.009
17.12.2015;0.007
18.12.2015;0.007
19.12.2015;0.007
20.12.2015;0.007
21.12.2015;0.007
22.12.2015;0
23.12.2015;0
24.12.2015;0.003
25.12.2015;0.005
26.12.2015;0.005
27.12.2015;0.005
28.12.2015;0.005
29.12.2015;0.003
30.12.2015;0.003
31.12.2015;0.003
1.01.2016;0.005
2.01.2016;0.005
3.01.2016;0.005
4.01.2016;0.005
5.01.2016;0.007
6.01.2016;0.007
7.01.2016;0.005
8.01.2016;0.005
9.01.2016;0.005
10.01.2016;0.003
11.01.2016;0.003
12.01.2016;0.007
13.01.2016;0.066
14.01.2016;0.063
15.01.2016;0.06
16.01.2016;0.057
17.01.2016;0.054
18.01.2016;0.051
19.01.2016;0.048
20.01.2016;0.045
21.01.2016;0.043
22.01.2016;0.043
23.01.2016;0.037
24.01.2016;0.033
25.01.2016;0.033
26.01.2016;0.031
27.01.2016;0.028
28.01.2016;0.028
29.01.2016;0.025
30.01.2016;0.025
31.01.2016;0.025
1.02.2016;0.025
2.02.2016;0.025
3.02.2016;0.025
4.02.2016;0.025
5.02.2016;0.025
6.02.2016;0.025
7.02.2016;0.028
8.02.2016;0.033
9.02.2016;0.037
10.02.2016;0.037
11.02.2016;0.378
12.02.2016;0.304
13.02.2016;0.207
14.02.2016;0.167
15.02.2016;0.167
16.02.2016;0.247
17.02.2016;0.274
18.02.2016;0.22
19.02.2016;0.167
20.02.2016;0.167
21.02.2016;0.233
22.02.2016;0.22
23.02.2016;0.18
24.02.2016;0.148
25.02.2016;0.115
26.02.2016;0.097
27.02.2016;0.09
28.02.2016;0.082
29.02.2016;0.073
1.03.2016;0.07
2.03.2016;0.105
3.03.2016;0.138
4.03.2016;0.138
5.03.2016;0.121
6.03.2016;0.108
7.03.2016;0.097
8.03.2016;0.088
9.03.2016;0.088
10.03.2016;0.088
11.03.2016;0.088
12.03.2016;0.082
13.03.2016;0.079
14.03.2016;0.073
15.03.2016;0.07
16.03.2016;0.067
17.03.2016;0.058
18.03.2016;0.055
19.03.2016;0.055
20.03.2016;0.052
21.03.2016;0.048
22.03.2016;0.045
23.03.2016;0.045
24.03.2016;0.043
25.03.2016;0.04
26.03.2016;0.04
27.03.2016;0.037
28.03.2016;0.037
29.03.2016;0.037
30.03.2016;0.033
31.03.2016;0.033
1.04.2016;0.033
2.04.2016;0.031
3.04.2016;0.031
4.04.2016;0.031
5.04.2016;0.031
6.04.2016;0.031
7.04.2016;0.028
8.04.2016;0.028
9.04.2016;0.028
10.04.2016;0.028
11.04.2016;0.028
12.04.2016;0.028
13.04.2016;0.028
14.04.2016;0.025
15.04.2016;0.022
16.04.2016;0.022
17.04.2016;0.022
18.04.2016;0.022
19.04.2016;0.022
20.04.2016;0.022
21.04.2016;0.02
22.04.2016;0.02
23.04.2016;0.02
24.04.2016;0.02
25.04.2016;0.017
26.04.2016;0.017
27.04.2016;0.014
28.04.2016;0.014
29.04.2016;0.014
30.04.2016;0.014
1.05.2016;0.012
2.05.2016;0.012
3.05.2016;0.012
4.05.2016;0.012
5.05.2016;0.009
6.05.2016;0.009
7.05.2016;0.009
8.05.2016;0.009
9.05.2016;0.009
10.05.2016;0.009
11.05.2016;0.009
12.05.2016;0.009
13.05.2016;0.009
14.05.2016;0.009
15.05.2016;0.009
16.05.2016;0.007
17.05.2016;0.007
18.05.2016;0.007
19.05.2016;0.007
20.05.2016;0.007
21.05.2016;0.007
22.05.2016;0.007
23.05.2016;0.007
24.05.2016;0.007
25.05.2016;0.007
26.05.2016;0.007
27.05.2016;0.007
28.05.2016;0.007
29.05.2016;0.007
30.05.2016;0.007
31.05.2016;0.007
1.06.2016;0.007
2.06.2016;0.007
3.06.2016;0.007
4.06.2016;0.007
5.06.2016;0.005
6.06.2016;0.003
7.06.2016;0.003
8.06.2016;0.003
9.06.2016;0.003
10.06.2016;0.003
11.06.2016;0.003
12.06.2016;0.003
13.06.2016;0.003
14.06.2016;0.003
15.06.2016;0.003
16.06.2016;0.003
17.06.2016;0.002
18.06.2016;0.002
19.06.2016;0.002
20.06.2016;0.002
21.06.2016;0.002
22.06.2016;0.002
23.06.2016;0.002
24.06.2016;0.002
25.06.2016;0.002
26.06.2016;0.002
27.06.2016;0.002
28.06.2016;0.002
29.06.2016;0.002
30.06.2016;0.002
1.07.2016;0.002
2.07.2016;0.002
3.07.2016;0.002
4.07.2016;0.002
5.07.2016;0.002
6.07.2016;0.002
7.07.2016;0.002
8.07.2016;0.002
9.07.2016;0.002
10.07.2016;0.002
11.07.2016;0.002
12.07.2016;0.002
13.07.2016;0.002
14.07.2016;0.002
15.07.2016;0.002
16.07.2016;0.002
17.07.2016;0.002
18.07.2016;0.002
19.07.2016;0.002
20.07.2016;0.002
21.07.2016;0.002
22.07.2016;0.002
23.07.2016;0.002
24.07.2016;0.002
25.07.2016;0.002
26.07.2016;0.002
27.07.2016;0.002
28.07.2016;0.002
29.07.2016;0.002
30.07.2016;0.002
31.07.2016;0.002
1.08.2016;0.002
2.08.2016;0.002
3.08.2016;0.002
4.08.2016;0.002
5.08.2016;0.002
6.08.2016;0.002
7.08.2016;0.002
8.08.2016;0.002
9.08.2016;0.002
10.08.2016;0.002
11.08.2016;0.002
12.08.2016;0.002
13.08.2016;0.002
14.08.2016;0.002
15.08.2016;0.002
16.08.2016;0.002
17.08.2016;0.002
18.08.2016;0.002
19.08.2016;0.002
20.08.2016;0.002
21.08.2016;0.002
22.08.2016;0.002
23.08.2016;0.002
24.08.2016;0.002
25.08.2016;0.002
26.08.2016;0.002
27.08.2016;0.002
28.08.2016;0.002
29.08.2016;0.002
30.08.2016;0.002
31.08.2016;0.002
1.09.2016;0.002
2.09.2016;0.002
3.09.2016;0.002
4.09.2016;0.002
5.09.2016;0.002
6.09.2016;0.002
7.09.2016;0.002
8.09.2016;0.002
9.09.2016;0.001
10.09.2016;0.001
11.09.2016;0.001
12.09.2016;0.001
13.09.2016;0.001
14.09.2016;0.001
15.09.2016;0.001
16.09.2016;0.001
17.09.2016;0.001
18.09.2016;0.001
19.09.2016;0.001
20.09.2016;0
21.09.2016;0
22.09.2016;0
23.09.2016;0
24.09.2016;0
25.09.2016;0
26.09.2016;0
27.09.2016;0
28.09.2016;0
29.09.2016;0
30.09.2016;0
1.10.2016;0
2.10.2016;0
3.10.2016;0
4.10.2016;0
5.10.2016;0
6.10.2016;0
7.10.2016;0
8.10.2016;0
9.10.2016;0
10.10.2016;0
11.10.2016;0
12.10.2016;0
13.10.2016;0
14.10.2016;0
15.10.2016;0
16.10.2016;0
17.10.2016;0
18.10.2016;0
19.10.2016;0.003
20.10.2016;0.003
21.10.2016;0.019
22.10.2016;0.133
23.10.2016;0.118
24.10.2016;0.108
25.10.2016;0.102
26.10.2016;0.093
27.10.2016;0.087
28.10.2016;0.084
29.10.2016;0.081
30.10.2016;0.078
31.10.2016;0.072
1.11.2016;0.07
2.11.2016;0.039
3.11.2016;0.017
4.11.2016;0.017
5.11.2016;0.017
6.11.2016;0.024
7.11.2016;0.173
8.11.2016;0.148
9.11.2016;0.114
10.11.2016;0.089
11.11.2016;0.071
12.11.2016;0.058
13.11.2016;0.049
14.11.2016;0.04
15.11.2016;0.036
16.11.2016;0.033
17.11.2016;0.031
18.11.2016;0.028
19.11.2016;0.027
20.11.2016;0.025
21.11.2016;0.023
22.11.2016;0.021
23.11.2016;0.02
24.11.2016;0.02
25.11.2016;0.02
26.11.2016;0.02
27.11.2016;0.02
28.11.2016;0.017
29.11.2016;0.017
30.11.2016;0.015
1.12.2016;0.014
2.12.2016;0.014
3.12.2016;0.014
4.12.2016;0.014
5.12.2016;0.014
6.12.2016;0.014
7.12.2016;0.013
8.12.2016;0.012
9.12.2016;0.012
10.12.2016;0.012
11.12.2016;0.012
12.12.2016;0.012
13.12.2016;0.01
14.12.2016;0.009
15.12.2016;0.009
16.12.2016;0.009
17.12.2016;0.009
18.12.2016;0.009
19.12.2016;0.009
20.12.2016;0.009
21.12.2016;0.009
22.12.2016;0.007
23.12.2016;0.007
24.12.2016;0.007
25.12.2016;0.007
26.12.2016;0.007
27.12.2016;0.007
28.12.2016;0.007
29.12.2016;0.007
30.12.2016;0.007
31.12.2016;0.007
1.01.2017;0.007
2.01.2017;0.007
3.01.2017;0.007
4.01.2017;0.007
5.01.2017;0.007
6.01.2017;0.005
7.01.2017;0.005
8.01.2017;0.005
9.01.2017;0.005
10.01.2017;0.005
11.01.2017;0.005
12.01.2017;0.005
13.01.2017;0.005
14.01.2017;0.005
15.01.2017;0.005
16.01.2017;0.003
17.01.2017;0.003
18.01.2017;0.003
19.01.2017;0.003
20.01.2017;0.003
21.01.2017;0.003
22.01.2017;0.003
23.01.2017;0.003
24.01.2017;0.003
25.01.2017;0.003
26.01.2017;0.003
27.01.2017;0.003
28.01.2017;0.003
29.01.2017;0.003
30.01.2017;0.003
31.01.2017;0.003
1.02.2017;0.003
2.02.2017;0.003
3.02.2017;0.003
4.02.2017;0.003
5.02.2017;0.003
6.02.2017;0.007
7.02.2017;0.025
8.02.2017;0.028
9.02.2017;0.025
10.02.2017;0.022
11.02.2017;0.02
12.02.2017;0.017
13.02.2017;0.017
14.02.2017;0.017
15.02.2017;0.017
16.02.2017;0.017
17.02.2017;0.014
18.02.2017;0.014
19.02.2017;0.012
20.02.2017;0.012
21.02.2017;0.012
22.02.2017;0.012
23.02.2017;0.012
24.02.2017;0.025
25.02.2017;0.045
26.02.2017;0.052
27.02.2017;0.055
28.02.2017;0.055
1.03.2017;0.055
2.03.2017;0.061
3.03.2017;0.061
4.03.2017;0.061
5.03.2017;0.061
6.03.2017;0.055
7.03.2017;0.052
8.03.2017;0.045
9.03.2017;0.045
10.03.2017;0.045
11.03.2017;0.04
12.03.2017;0.037
13.03.2017;0.037
14.03.2017;0.033
15.03.2017;0.033
16.03.2017;0.031
17.03.2017;0.031
18.03.2017;0.031
19.03.2017;0.028
20.03.2017;0.025
21.03.2017;0.025
22.03.2017;0.025
23.03.2017;0.022
24.03.2017;0.02
25.03.2017;0.02
26.03.2017;0.02
27.03.2017;0.017
28.03.2017;0.017
29.03.2017;0.017
30.03.2017;0.014
31.03.2017;0.014
1.04.2017;0.014
2.04.2017;0.014
3.04.2017;0.014
4.04.2017;0.014
5.04.2017;0.014
6.04.2017;0.012
7.04.2017;0.012
8.04.2017;0.012
9.04.2017;0.009
10.04.2017;0.009
11.04.2017;0.009
12.04.2017;0.009
13.04.2017;0.009
14.04.2017;0.009
15.04.2017;0.007
16.04.2017;0.007
17.04.2017;0.007
18.04.2017;0.007
19.04.2017;0.007
20.04.2017;0.007
21.04.2017;0.007
22.04.2017;0.007
23.04.2017;0.007
24.04.2017;0.005
25.04.2017;0.005
26.04.2017;0.005
27.04.2017;0.005
28.04.2017;0.005
29.04.2017;0.005
30.04.2017;0.005
1.05.2017;0.005
2.05.2017;0.005
3.05.2017;0.005
4.05.2017;0.005
5.05.2017;0.005
6.05.2017;0.005
7.05.2017;0.005
8.05.2017;0.007
9.05.2017;0.007
10.05.2017;0.007
11.05.2017;0.007
12.05.2017;0.007
13.05.2017;0.007
14.05.2017;0.007
15.05.2017;0.007
16.05.2017;0.007
17.05.2017;0.007
18.05.2017;0.007
19.05.2017;0.007
20.05.2017;0.007
21.05.2017;0.007
22.05.2017;0.007
23.05.2017;0.007
24.05.2017;0.007
25.05.2017;0.007
26.05.2017;0.007
27.05.2017;0.007
28.05.2017;0.007
29.05.2017;0.007
30.05.2017;0.005
31.05.2017;0.005
1.06.2017;0.005
2.06.2017;0.005
3.06.2017;0.005
4.06.2017;0.005
5.06.2017;0.003
6.06.2017;0.003
7.06.2017;0.003
8.06.2017;0.003
9.06.2017;0.003
10.06.2017;0.003
11.06.2017;0.003
12.06.2017;0.003
13.06.2017;0.003
14.06.2017;0.003
15.06.2017;0.003
16.06.2017;0.003
17.06.2017;0.003
18.06.2017;0.003
19.06.2017;0.002
20.06.2017;0.002
21.06.2017;0.002
22.06.2017;0.002
23.06.2017;0.002
24.06.2017;0.002
25.06.2017;0.002
26.06.2017;0.002
27.06.2017;0.002
28.06.2017;0.002
29.06.2017;0.002
30.06.2017;0.002
1.07.2017;0.002
2.07.2017;0.002
3.07.2017;0.002
4.07.2017;0.002
5.07.2017;0.002
6.07.2017;0.002
7.07.2017;0.002
8.07.2017;0.002
9.07.2017;0.002
10.07.2017;0.002
11.07.2017;0.002
12.07.2017;0.002
13.07.2017;0.002
14.07.2017;0.002
15.07.2017;0.002
16.07.2017;0.001
17.07.2017;0.001
18.07.2017;0.001
19.07.2017;0.001
20.07.2017;0.001
21.07.2017;0.001
22.07.2017;0.001
23.07.2017;0.001
24.07.2017;0.001
25.07.2017;0.001
26.07.2017;0.001
27.07.2017;0.001
28.07.2017;0.001
29.07.2017;0.001
30.07.2017;0.001
31.07.2017;0.001
1.08.2017;0.001
2.08.2017;0.001
3.08.2017;0.001
4.08.2017;0.001
5.08.2017;0
6.08.2017;0
7.08.2017;0
8.08.2017;0
9.08.2017;0
10.08.2017;0
11.08.2017;0
12.08.2017;0
13.08.2017;0
14.08.2017;0
15.08.2017;0
16.08.2017;0
17.08.2017;0
18.08.2017;0
19.08.2017;0
20.08.2017;0
21.08.2017;0
22.08.2017;0
23.08.2017;0
24.08.2017;0
25.08.2017;0
26.08.2017;0
27.08.2017;0
28.08.2017;0
29.08.2017;0
30.08.2017;0
31.08.2017;0
1.09.2017;0
2.09.2017;0
3.09.2017;0
4.09.2017;0
5.09.2017;0
6.09.2017;0
7.09.2017;0
8.09.2017;0
9.09.2017;0
10.09.2017;0
11.09.2017;0
12.09.2017;0
13.09.2017;0
14.09.2017;0
15.09.2017;0
16.09.2017;0
17.09.2017;0
18.09.2017;0
19.09.2017;0
20.09.2017;0
21.09.2017;0
22.09.2017;0
23.09.2017;0.002
24.09.2017;0
25.09.2017;0
26.09.2017;0
27.09.2017;0
28.09.2017;0
29.09.2017;0
30.09.2017;0
1.10.2017;0
2.10.2017;0
3.10.2017;0
4.10.2017;0
5.10.2017;0
6.10.2017;0
7.10.2017;0
8.10.2017;0
9.10.2017;0
10.10.2017;0
11.10.2017;0
12.10.2017;0.001
13.10.2017;0.001
14.10.2017;0.001
15.10.2017;0
16.10.2017;0
17.10.2017;0
18.10.2017;0
19.10.2017;0
20.10.2017;0
21.10.2017;0
22.10.2017;0
23.10.2017;0
24.10.2017;0.001
25.10.2017;0
26.10.2017;0
27.10.2017;0
28.10.2017;0.001
29.10.2017;0.001
30.10.2017;0
31.10.2017;0
1.11.2017;0
2.11.2017;0
3.11.2017;0
4.11.2017;0
5.11.2017;0
6.11.2017;0
7.11.2017;0
8.11.2017;0
9.11.2017;0
10.11.2017;0
11.11.2017;0
12.11.2017;0
13.11.2017;0
14.11.2017;0
15.11.2017;0
16.11.2017;0
17.11.2017;0
18.11.2017;0
19.11.2017;0
20.11.2017;0
21.11.2017;0
22.11.2017;0
23.11.2017;0
24.11.2017;0
25.11.2017;0
26.11.2017;0
27.11.2017;0.003
28.11.2017;0.007
29.11.2017;0.007
30.11.2017;0.007
1.12.2017;0.007
2.12.2017;0.012
3.12.2017;0.009
4.12.2017;0.007
5.12.2017;0.007
6.12.2017;0.005
7.12.2017;0.005
8.12.2017;0.005
9.12.2017;0.005
10.12.2017;0.005
11.12.2017;0.007
12.12.2017;0.009
13.12.2017;0.02
14.12.2017;0.045
15.12.2017;0.037
16.12.2017;0.033
17.12.2017;0.052
18.12.2017;0.052
19.12.2017;0.043
20.12.2017;0.037
21.12.2017;0.033
22.12.2017;0.031
23.12.2017;0.028
24.12.2017;0.025
25.12.2017;0.025
26.12.2017;0.022
27.12.2017;0.022
28.12.2017;0.02
29.12.2017;0.02
30.12.2017;0.02
31.12.2017;0.02
1.01.2018;0.022
2.01.2018;0.022
3.01.2018;0.025
4.01.2018;0.025
5.01.2018;0.025
6.01.2018;0.025
7.01.2018;0.025
8.01.2018;0.025
9.01.2018;0.025
10.01.2018;0.025
11.01.2018;0.025
12.01.2018;0.025
13.01.2018;0.025
14.01.2018;0.022
15.01.2018;0.022
16.01.2018;0.022
17.01.2018;0.022
18.01.2018;0.02
19.01.2018;0.02
20.01.2018;0.02
21.01.2018;0.017
22.01.2018;0.017
23.01.2018;0.014
24.01.2018;0.012
25.01.2018;0.012
26.01.2018;0.012
27.01.2018;0.012
28.01.2018;0.014
29.01.2018;0.014
30.01.2018;0.014
31.01.2018;0.014
1.02.2018;0.017
2.02.2018;0.017
3.02.2018;0.064
4.02.2018;0.09
5.02.2018;0.09
6.02.2018;0.085
7.02.2018;0.076
8.02.2018;0.067
9.02.2018;0.076
10.02.2018;0.076
11.02.2018;0.073
12.02.2018;0.064
13.02.2018;0.058
14.02.2018;0.055
15.02.2018;0.048
16.02.2018;0.048
17.02.2018;0.045
18.02.2018;0.043
19.02.2018;0.04
20.02.2018;0.04
21.02.2018;0.04
22.02.2018;0.037
23.02.2018;0.033
24.02.2018;0.031
25.02.2018;0.031
26.02.2018;0.028
27.02.2018;0.028
28.02.2018;0.028
1.03.2018;0.028
2.03.2018;0.028
3.03.2018;0.028
4.03.2018;0.028
5.03.2018;0.025
6.03.2018;0.025
7.03.2018;0.025
8.03.2018;0.022
9.03.2018;0.022
10.03.2018;0.02
11.03.2018;0.02
12.03.2018;0.025
13.03.2018;0.033
14.03.2018;0.048
15.03.2018;0.048
16.03.2018;0.055
17.03.2018;0.058
18.03.2018;0.061
19.03.2018;0.058
20.03.2018;0.058
21.03.2018;0.055
22.03.2018;0.052
23.03.2018;0.048
24.03.2018;0.043
25.03.2018;0.04
26.03.2018;0.037
27.03.2018;0.033
28.03.2018;0.031
29.03.2018;0.028
30.03.2018;0.025
31.03.2018;0.025
1.04.2018;0.028
2.04.2018;0.108
3.04.2018;0.108
4.04.2018;0.102
5.04.2018;0.09
6.04.2018;0.079
7.04.2018;0.067
8.04.2018;0.058
9.04.2018;0.055
10.04.2018;0.048
11.04.2018;0.045
12.04.2018;0.04
13.04.2018;0.037
14.04.2018;0.037
15.04.2018;0.033
16.04.2018;0.031
17.04.2018;0.028
18.04.2018;0.025
19.04.2018;0.025
20.04.2018;0.022
21.04.2018;0.022
22.04.2018;0.022
23.04.2018;0.022
24.04.2018;0.022
25.04.2018;0.02
26.04.2018;0.02
27.04.2018;0.017
28.04.2018;0.017
29.04.2018;0.017
30.04.2018;0.014
1.05.2018;0.014
2.05.2018;0.014
3.05.2018;0.012
4.05.2018;0.012
5.05.2018;0.012
6.05.2018;0.012
7.05.2018;0.009
8.05.2018;0.009
9.05.2018;0.009
10.05.2018;0.009
11.05.2018;0.009
12.05.2018;0.007
13.05.2018;0.007
14.05.2018;0.007
15.05.2018;0.007
16.05.2018;0.007
17.05.2018;0.007
18.05.2018;0.007
19.05.2018;0.003
20.05.2018;0.003
21.05.2018;0.003
22.05.2018;0.003
23.05.2018;0.003
24.05.2018;0.003
25.05.2018;0.003
26.05.2018;0.003
27.05.2018;0.003
28.05.2018;0.003
29.05.2018;0.003
30.05.2018;0.003
31.05.2018;0.002
1.06.2018;0.002
2.06.2018;0.002
3.06.2018;0.002
4.06.2018;0.002
5.06.2018;0.002
6.06.2018;0.002
7.06.2018;0.002
8.06.2018;0.002
9.06.2018;0.002
10.06.2018;0.002
11.06.2018;0.002
12.06.2018;0.002
13.06.2018;0.002
14.06.2018;0.002
15.06.2018;0.002
16.06.2018;0.002
17.06.2018;0.002
18.06.2018;0.002
19.06.2018;0.002
20.06.2018;0.012
21.06.2018;0.014
22.06.2018;0.001
23.06.2018;0.001
24.06.2018;0.001
25.06.2018;0.002
26.06.2018;0.002
27.06.2018;0.002
28.06.2018;0.002
29.06.2018;0.002
30.06.2018;0.002
1.07.2018;0.002
2.07.2018;0.002
3.07.2018;0.002
4.07.2018;0.002
5.07.2018;0.002
6.07.2018;0.002
7.07.2018;0.002
8.07.2018;0.002
9.07.2018;0.002
10.07.2018;0.002
11.07.2018;0.002
12.07.2018;0.002
13.07.2018;0.002
14.07.2018;0.002
15.07.2018;0.002
16.07.2018;0.002
17.07.2018;0.002
18.07.2018;0.002
19.07.2018;0.001
20.07.2018;0.001
21.07.2018;0.001
22.07.2018;0.001
23.07.2018;0.001
24.07.2018;0.001
25.07.2018;0.001
26.07.2018;0.001
27.07.2018;0.001
28.07.2018;0.001
29.07.2018;0
30.07.2018;0
31.07.2018;0
1.08.2018;0
2.08.2018;0
3.08.2018;0
4.08.2018;0
5.08.2018;0
6.08.2018;0
7.08.2018;0
8.08.2018;0
9.08.2018;0
10.08.2018;0
11.08.2018;0
12.08.2018;0
13.08.2018;0
14.08.2018;0
15.08.2018;0
16.08.2018;0
17.08.2018;0
18.08.2018;0
19.08.2018;0
20.08.2018;0
21.08.2018;0
22.08.2018;0
23.08.2018;0
24.08.2018;0
25.08.2018;0
26.08.2018;0
27.08.2018;0
28.08.2018;0
29.08.2018;0
30.08.2018;0
31.08.2018;0
1.09.2018;0
2.09.2018;0
3.09.2018;0
4.09.2018;0
5.09.2018;0
6.09.2018;0
7.09.2018;0
8.09.2018;0
9.09.2018;0
10.09.2018;0
11.09.2018;0
12.09.2018;0
13.09.2018;0
14.09.2018;0
15.09.2018;0
16.09.2018;0
17.09.2018;0
18.09.2018;0
19.09.2018;0
20.09.2018;0
21.09.2018;0
22.09.2018;0
23.09.2018;0
24.09.2018;0
25.09.2018;0
26.09.2018;0
27.09.2018;0
28.09.2018;0
29.09.2018;0
30.09.2018;0
1.10.2018;0
2.10.2018;0
3.10.2018;0
4.10.2018;0
5.10.2018;0
6.10.2018;0
7.10.2018;0
8.10.2018;0
9.10.2018;0
10.10.2018;0
11.10.2018;0
12.10.2018;0
13.10.2018;0
14.10.2018;0
15.10.2018;0
16.10.2018;0
17.10.2018;0
18.10.2018;0
19.10.2018;0
20.10.2018;0
21.10.2018;0
22.10.2018;0
23.10.2018;0
24.10.2018;0
25.10.2018;0
26.10.2018;0
27.10.2018;0
28.10.2018;0
29.10.2018;0
30.10.2018;0
31.10.2018;0
1.11.2018;0
2.11.2018;0
3.11.2018;0
4.11.2018;0
5.11.2018;0
6.11.2018;0
7.11.2018;0
8.11.2018;0
9.11.2018;0
10.11.2018;0
11.11.2018;0
12.11.2018;0
13.11.2018;0
14.11.2018;0
15.11.2018;0
16.11.2018;0
17.11.2018;0
18.11.2018;0
19.11.2018;0
20.11.2018;0
21.11.2018;0
22.11.2018;0
23.11.2018;0
24.11.2018;0
25.11.2018;0
26.11.2018;0
27.11.2018;0
28.11.2018;0
29.11.2018;0
30.11.2018;0
1.12.2018;0
2.12.2018;0
3.12.2018;0
4.12.2018;0
5.12.2018;0
6.12.2018;0
7.12.2018;0
8.12.2018;0
9.12.2018;0
10.12.2018;0
11.12.2018;0
12.12.2018;0
13.12.2018;0
14.12.2018;0
15.12.2018;0
16.12.2018;0
17.12.2018;0
18.12.2018;0
19.12.2018;0
20.12.2018;0
21.12.2018;0
22.12.2018;0
23.12.2018;0
24.12.2018;0
25.12.2018;0
26.12.2018;0
27.12.2018;0
28.12.2018;0
29.12.2018;0
30.12.2018;0
31.12.2018;0
1.01.2019;0
2.01.2019;0
3.01.2019;0
4.01.2019;0
5.01.2019;0
6.01.2019;0
7.01.2019;0
8.01.2019;0
9.01.2019;0
10.01.2019;0
11.01.2019;0
12.01.2019;0
13.01.2019;0
14.01.2019;0
15.01.2019;0
16.01.2019;0
17.01.2019;0
18.01.2019;0
19.01.2019;0
20.01.2019;0
21.01.2019;0
22.01.2019;0
23.01.2019;0
24.01.2019;0
25.01.2019;0
26.01.2019;0
27.01.2019;0
28.01.2019;0
29.01.2019;0
30.01.2019;0
31.01.2019;0
1.02.2019;0
2.02.2019;0
3.02.2019;0
4.02.2019;0
5.02.2019;0
6.02.2019;0
7.02.2019;0
8.02.2019;0
9.02.2019;0
10.02.2019;0
11.02.2019;0
12.02.2019;0
13.02.2019;0
14.02.2019;0
15.02.2019;0
16.02.2019;0
17.02.2019;0
18.02.2019;0
19.02.2019;0
20.02.2019;0
21.02.2019;0
22.02.2019;0
23.02.2019;0
24.02.2019;0
25.02.2019;0
26.02.2019;0
27.02.2019;0
28.02.2019;0
1.03.2019;0
2.03.2019;0
3.03.2019;0
4.03.2019;0
5.03.2019;0
6.03.2019;0
7.03.2019;0
8.03.2019;0
9.03.2019;0
10.03.2019;0
11.03.2019;0
12.03.2019;0
13.03.2019;0
14.03.2019;0
15.03.2019;0
16.03.2019;0
17.03.2019;0
18.03.2019;0
19.03.2019;0
20.03.2019;0
21.03.2019;0
22.03.2019;0
23.03.2019;0
24.03.2019;0
25.03.2019;0
26.03.2019;0
27.03.2019;0
28.03.2019;0
29.03.2019;0
30.03.2019;0
31.03.2019;0
1.04.2019;0
2.04.2019;0
3.04.2019;0
4.04.2019;0
5.04.2019;0
6.04.2019;0
7.04.2019;0
8.04.2019;0
9.04.2019;0
10.04.2019;0
11.04.2019;0
12.04.2019;0
13.04.2019;0
14.04.2019;0
15.04.2019;0
16.04.2019;0
17.04.2019;0
18.04.2019;0
19.04.2019;0
20.04.2019;0
21.04.2019;0
22.04.2019;0
23.04.2019;0
24.04.2019;0
25.04.2019;0
26.04.2019;0
27.04.2019;0
28.04.2019;0
29.04.2019;0
30.04.2019;0
1.05.2019;0
2.05.2019;0
3.05.2019;0
4.05.2019;0
5.05.2019;0
6.05.2019;0
7.05.2019;0
8.05.2019;0
9.05.2019;0
10.05.2019;0
11.05.2019;0
12.05.2019;0
13.05.2019;0
14.05.2019;0
15.05.2019;0
16.05.2019;0
17.05.2019;0
18.05.2019;0
19.05.2019;0
20.05.2019;0
21.05.2019;0
22.05.2019;0
23.05.2019;0.001
24.05.2019;0.001
25.05.2019;0.001
26.05.2019;0.001
27.05.2019;0.001
28.05.2019;0.002
29.05.2019;0.002
30.05.2019;0.04
31.05.2019;0.079
1.06.2019;0.064
2.06.2019;0.048
3.06.2019;0.037
4.06.2019;0.031
5.06.2019;0.025
6.06.2019;0.02
7.06.2019;0.02
8.06.2019;0.017
9.06.2019;0.012
10.06.2019;0.012
11.06.2019;0.012
12.06.2019;0.012
13.06.2019;0.009
14.06.2019;0.007
15.06.2019;0.007
16.06.2019;0.005
17.06.2019;0.005
18.06.2019;0.005
19.06.2019;0.014
20.06.2019;0.014
21.06.2019;0.012
22.06.2019;0.009
23.06.2019;0.009
24.06.2019;0.025
25.06.2019;0.031
26.06.2019;0.025
27.06.2019;0.022
28.06.2019;0.02
29.06.2019;0.014
30.06.2019;0.014
1.07.2019;0.012
2.07.2019;0.012
3.07.2019;0.009
4.07.2019;0.009
5.07.2019;0.007
6.07.2019;0.005
7.07.2019;0.003
8.07.2019;0.003
9.07.2019;0.003
10.07.2019;0.003
11.07.2019;0.003
12.07.2019;0.003
13.07.2019;0.002
14.07.2019;0.002
15.07.2019;0.002
16.07.2019;0.002
17.07.2019;0.002
18.07.2019;0.002
19.07.2019;0.001
20.07.2019;0.001
21.07.2019;0.001
22.07.2019;0.001
23.07.2019;0.001
24.07.2019;0.001
25.07.2019;0.001
26.07.2019;0.001
27.07.2019;0.001
28.07.2019;0.001
29.07.2019;0.001
30.07.2019;0.001
31.07.2019;0.001
1.08.2019;0
2.08.2019;0
3.08.2019;0
4.08.2019;0
5.08.2019;0
6.08.2019;0
7.08.2019;0
8.08.2019;0
9.08.2019;0
10.08.2019;0
11.08.2019;0
12.08.2019;0
13.08.2019;0
14.08.2019;0
15.08.2019;0.009
16.08.2019;0.007
17.08.2019;0.005
18.08.2019;0.003
19.08.2019;0.003
20.08.2019;0.003
21.08.2019;0.003
22.08.2019;0.002
23.08.2019;0.002
24.08.2019;0.002
25.08.2019;0.001
26.08.2019;0.001
27.08.2019;0.001
28.08.2019;0.001
29.08.2019;0
30.08.2019;0
31.08.2019;0
1.09.2019;0
2.09.2019;0
3.09.2019;0
4.09.2019;0
5.09.2019;0
6.09.2019;0
7.09.2019;0
8.09.2019;0
9.09.2019;0
10.09.2019;0
11.09.2019;0
12.09.2019;0
13.09.2019;0
14.09.2019;0
15.09.2019;0
16.09.2019;0
17.09.2019;0
18.09.2019;0
19.09.2019;0
20.09.2019;0
21.09.2019;0
22.09.2019;0
23.09.2019;0
24.09.2019;0
25.09.2019;0
26.09.2019;0
27.09.2019;0
28.09.2019;0
29.09.2019;0
30.09.2019;0
1.10.2019;0
2.10.2019;0
3.10.2019;0
4.10.2019;0
5.10.2019;0
6.10.2019;0
7.10.2019;0
8.10.2019;0
9.10.2019;0
10.10.2019;0
11.10.2019;0
12.10.2019;0
13.10.2019;0
14.10.2019;0
15.10.2019;0
16.10.2019;0
17.10.2019;0
18.10.2019;0
19.10.2019;0
20.10.2019;0
21.10.2019;0
22.10.2019;0
23.10.2019;0
24.10.2019;0
25.10.2019;0
26.10.2019;0
27.10.2019;0
28.10.2019;0
29.10.2019;0
30.10.2019;0
31.10.2019;0
1.11.2019;0
2.11.2019;0
3.11.2019;0
4.11.2019;0
5.11.2019;0
6.11.2019;0
7.11.2019;0
8.11.2019;0
9.11.2019;0.003
10.11.2019;0.005
11.11.2019;0.108
12.11.2019;0.115
13.11.2019;0.097
14.11.2019;0.085
15.11.2019;0.097
16.11.2019;0.061
17.11.2019;0.052
18.11.2019;0.045
19.11.2019;0.033
20.11.2019;0.028
21.11.2019;0.025
22.11.2019;0.025
23.11.2019;0.033
24.11.2019;0.04
25.11.2019;0.043
26.11.2019;0.04
27.11.2019;0.037
28.11.2019;0.037
29.11.2019;0.033
30.11.2019;0.04
1.12.2019;0.043
2.12.2019;0.043
3.12.2019;0.043
4.12.2019;0.04
5.12.2019;0.033
6.12.2019;0.033
7.12.2019;0.031
8.12.2019;0.028
9.12.2019;0.025
10.12.2019;0.025
11.12.2019;0.025
12.12.2019;0.025
13.12.2019;0.025
14.12.2019;0.031
15.12.2019;0.04
16.12.2019;0.052
17.12.2019;0.061
18.12.2019;0.052
19.12.2019;0.048
20.12.2019;0.045
21.12.2019;0.045
22.12.2019;0.043
23.12.2019;0.064
24.12.2019;0.115
25.12.2019;0.108
26.12.2019;0.102
27.12.2019;0.085
28.12.2019;0.073
29.12.2019;0.064
30.12.2019;0.055
31.12.2019;0.048
1.01.2020;0.0428
2.01.2020;0.0391
3.01.2020;0.0338
4.01.2020;0.0325
5.01.2020;0.0292
6.01.2020;0.0258
7.01.2020;0.025
8.01.2020;0.0226
9.01.2020;0.022
10.01.2020;0.0215
11.01.2020;0.02
12.01.2020;0.0182
13.01.2020;0.017
14.01.2020;0.017
15.01.2020;0.017
16.01.2020;0.017
17.01.2020;0.0153
18.01.2020;0.014
19.01.2020;0.014
20.01.2020;0.0125
21.01.2020;0.012
22.01.2020;0.012
23.01.2020;0.0094
24.01.2020;0.009
25.01.2020;0.009
26.01.2020;0.009
27.01.2020;0.009
28.01.2020;0.0094
29.01.2020;0.0111
30.01.2020;0.009
31.01.2020;0.009
1.02.2020;0.009
2.02.2020;0.0075
3.02.2020;0.007
4.02.2020;0.0073
5.02.2020;0.0148
6.02.2020;0.0209
7.02.2020;0.0249
8.02.2020;0.025
9.02.2020;0.0258
10.02.2020;0.028
11.02.2020;0.028
12.02.2020;0.028
13.02.2020;0.028
14.02.2020;0.028
15.02.2020;0.0225
16.02.2020;0.02
17.02.2020;0.02
18.02.2020;0.02
19.02.2020;0.02
20.02.2020;0.02
21.02.2020;0.02
22.02.2020;0.0176
23.02.2020;0.017
24.02.2020;0.017
25.02.2020;0.017
26.02.2020;0.017
27.02.2020;0.017
28.02.2020;0.0158
29.02.2020;0.014
1.03.2020;0.014
2.03.2020;0.0141
3.03.2020;0.0232
4.03.2020;0.0325
5.03.2020;0.039
6.03.2020;0.0469
7.03.2020;0.047
8.03.2020;0.045
9.03.2020;0.045
10.03.2020;0.045
11.03.2020;0.0436
12.03.2020;0.0408
13.03.2020;0.0399
14.03.2020;0.0344
15.03.2020;0.0316
16.03.2020;0.031
17.03.2020;0.0302
18.03.2020;0.028
19.03.2020;0.028
20.03.2020;0.0258
21.03.2020;0.025
22.03.2020;0.0236
23.03.2020;0.022
24.03.2020;0.022
25.03.2020;0.022
26.03.2020;0.022
27.03.2020;0.0206
28.03.2020;0.02
29.03.2020;0.02
30.03.2020;0.0194
31.03.2020;0.017
1.04.2020;0.017
2.04.2020;0.017
3.04.2020;0.017
4.04.2020;0.0148
5.04.2020;0.014
6.04.2020;0.014
7.04.2020;0.0125
8.04.2020;0.012
9.04.2020;0.012
10.04.2020;0.012
11.04.2020;0.012
12.04.2020;0.0098
13.04.2020;0.0076
14.04.2020;0.007
15.04.2020;0.007
16.04.2020;0.007
17.04.2020;0.007
18.04.2020;0.007
19.04.2020;0.007
20.04.2020;0.0055
21.04.2020;0.005
22.04.2020;0.005
23.04.2020;0.005
24.04.2020;0.005
25.04.2020;0.005
26.04.2020;0.005
27.04.2020;0.0038
28.04.2020;0.003
29.04.2020;0.003
30.04.2020;0.003
1.05.2020;0.003
2.05.2020;0.003
3.05.2020;0.003
4.05.2020;0.003
5.05.2020;0.003
6.05.2020;0.0024
7.05.2020;0.002
8.05.2020;0.002
9.05.2020;0.002
10.05.2020;0.002
11.05.2020;0.002
12.05.2020;0.002
13.05.2020;0.002
14.05.2020;0.002
15.05.2020;0.002
16.05.2020;0.0014
17.05.2020;0.001
18.05.2020;0.001
19.05.2020;0.001
20.05.2020;0.001
21.05.2020;0.001
22.05.2020;0.001
23.05.2020;0.001
24.05.2020;0.001
25.05.2020;0.001
26.05.2020;0.001
27.05.2020;0.001
28.05.2020;0.001
29.05.2020;0.001
30.05.2020;0.001
31.05.2020;0.001
1.06.2020;0.001
2.06.2020;0.001
3.06.2020;0.0004
4.06.2020;0
5.06.2020;0
6.06.2020;0
7.06.2020;0
8.06.2020;0
9.06.2020;0
10.06.2020;0
11.06.2020;0
12.06.2020;0
13.06.2020;0
14.06.2020;0
15.06.2020;0
16.06.2020;0
17.06.2020;0
18.06.2020;0.0001
19.06.2020;0.0044
20.06.2020;0.005
21.06.2020;0.007
22.06.2020;0.0057
23.06.2020;0.0036
24.06.2020;0.0025
25.06.2020;0.002
26.06.2020;0.002
27.06.2020;0.0229
28.06.2020;0.0348
29.06.2020;0.0769
30.06.2020;0.1262
1.07.2020;0.111
2.07.2020;0.0837
3.07.2020;0.0631
4.07.2020;0.0631
5.07.2020;0.0642
6.07.2020;0.0621
7.07.2020;0.0524
8.07.2020;0.0449
9.07.2020;0.0402
10.07.2020;0.0292
11.07.2020;0.028
12.07.2020;0.0259
13.07.2020;0.0233
14.07.2020;0.022
15.07.2020;0.0206
16.07.2020;0.02
17.07.2020;0.0186
18.07.2020;0.017
19.07.2020;0.0148
20.07.2020;0.0126
21.07.2020;0.012
22.07.2020;0.012
23.07.2020;0.012
24.07.2020;0.012
25.07.2020;0.0103
26.07.2020;0.009
27.07.2020;0.009
28.07.2020;0.009
29.07.2020;0.009
30.07.2020;0.009
31.07.2020;0.009
1.08.2020;0.009
2.08.2020;0.009
3.08.2020;0.0117
4.08.2020;0.012
5.08.2020;0.012
6.08.2020;0.0104
7.08.2020;0.008
8.08.2020;0.007
9.08.2020;0.007
10.08.2020;0.007
11.08.2020;0.007
12.08.2020;0.007
13.08.2020;0.007
14.08.2020;0.007
15.08.2020;0.007
16.08.2020;0.0061
17.08.2020;0.005
18.08.2020;0.005
19.08.2020;0.005
20.08.2020;0.0041
21.08.2020;0.0023
22.08.2020;0.001
23.08.2020;0.001
24.08.2020;0.0023
25.08.2020;0.0029
26.08.2020;0.002
27.08.2020;0.002
28.08.2020;0.002
29.08.2020;0.0014
30.08.2020;0.001
31.08.2020;0.001
1.09.2020;0.001
2.09.2020;0.001
3.09.2020;0.0004
4.09.2020;0
5.09.2020;0
6.09.2020;0
7.09.2020;0
8.09.2020;0
9.09.2020;0.0002
10.09.2020;0.0004
11.09.2020;0.0002
12.09.2020;0.0002
13.09.2020;0
14.09.2020;0
15.09.2020;0
16.09.2020;0
17.09.2020;0
18.09.2020;0
19.09.2020;0
20.09.2020;0
21.09.2020;0
22.09.2020;0
23.09.2020;0
24.09.2020;0
25.09.2020;0
26.09.2020;0
27.09.2020;0
28.09.2020;0
29.09.2020;0
13.10.2020;0.024
14.10.2020;0.2206
15.10.2020;0.2556
16.10.2020;0.1461
17.10.2020;0.1166
18.10.2020;0.1108
19.10.2020;0.1068
20.10.2020;0.0956
21.10.2020;0.0858
22.10.2020;0.0724
23.10.2020;0.0624
24.10.2020;0.0548
25.10.2020;0.0477
26.10.2020;0.0456
27.10.2020;0.0548
28.10.2020;0.052
29.10.2020;0.048
30.10.2020;0.0471
31.10.2020;0.0438
1.11.2020;0.0401
2.11.2020;0.0354
3.11.2020;0.0321
4.11.2020;0.0289
5.11.2020;0.0282
6.11.2020;0.0376
7.11.2020;0.04
8.11.2020;0.0427
9.11.2020;0.043
10.11.2020;0.041
11.11.2020;0.037
12.11.2020;0.0357
13.11.2020;0.0315
14.11.2020;0.0286
15.11.2020;0.028
16.11.2020;0.0258
17.11.2020;0.0242
18.11.2020;0.0204
19.11.2020;0.02
20.11.2020;0.0179
21.11.2020;0.017
22.11.2020;0.0151
23.11.2020;0.014
24.11.2020;0.014
25.11.2020;0.014
26.11.2020;0.014
27.11.2020;0.0125
28.11.2020;0.012
29.11.2020;0.012
30.11.2020;0.0097
1.12.2020;0.009
2.12.2020;0.009
3.12.2020;0.009
4.12.2020;0.009
5.12.2020;0.0076
6.12.2020;0.007
7.12.2020;0.007
8.12.2020;0.007
9.12.2020;0.007
10.12.2020;0.0058
11.12.2020;0.0052
12.12.2020;0.007
13.12.2020;0.007
14.12.2020;0.007
15.12.2020;0.009
16.12.2020;0.009
17.12.2020;0.009
18.12.2020;0.009
19.12.2020;0.0099
20.12.2020;0.012
21.12.2020;0.012
22.12.2020;0.012
23.12.2020;0.012
24.12.2020;0.012
25.12.2020;0.012
26.12.2020;0.012
27.12.2020;0.012
28.12.2020;0.012
29.12.2020;0.0131
30.12.2020;0.0236
31.12.2020;0.0543
1.01.2021;0.0639
2.01.2021;0.0646
3.01.2021;0.0592
4.01.2021;0.0571
5.01.2021;0.055
6.01.2021;0.0554
7.01.2021;0.0722
8.01.2021;0.0885
9.01.2021;0.0862
10.01.2021;0.0813
11.01.2021;0.0735
12.01.2021;0.0655
13.01.2021;0.0588
14.01.2021;0.0531
15.01.2021;0.0448
16.01.2021;0.0408
17.01.2021;0.0373
18.01.2021;0.0325
19.01.2021;0.0317
20.01.2021;0.0281
21.01.2021;0.0263
22.01.2021;0.025
23.01.2021;0.025
24.01.2021;0.0228
25.01.2021;0.0248
26.01.2021;0.0315
27.01.2021;0.0399
28.01.2021;0.0407
29.01.2021;0.043
30.01.2021;0.0409
31.01.2021;0.04
1.02.2021;0.04
2.02.2021;0.0377
3.02.2021;0.037
4.02.2021;0.0359
5.02.2021;0.033
6.02.2021;0.033
7.02.2021;0.0377
8.02.2021;0.0723
9.02.2021;0.1921
10.02.2021;0.1789
11.02.2021;0.1557
12.02.2021;0.1293
13.02.2021;0.1111
14.02.2021;0.1043
15.02.2021;0.0903
16.02.2021;0.0806
17.02.2021;0.0738
18.02.2021;0.0642
19.02.2021;0.0566
20.02.2021;0.0513
21.02.2021;0.0435
22.02.2021;0.0407
23.02.2021;0.0378
24.02.2021;0.037
25.02.2021;0.0349
26.02.2021;0.0336
27.02.2021;0.037
28.02.2021;0.0387
1.03.2021;0.04
2.03.2021;0.04
3.03.2021;0.04
4.03.2021;0.04
5.03.2021;0.0389
6.03.2021;0.0341
7.03.2021;0.033
8.03.2021;0.0317
9.03.2021;0.0301
10.03.2021;0.028
11.03.2021;0.0257
12.03.2021;0.025
13.03.2021;0.0229
14.03.2021;0.022
15.03.2021;0.022
16.03.2021;0.022
17.03.2021;0.0205
18.03.2021;0.0217
19.03.2021;0.0205
20.03.2021;0.02
21.03.2021;0.02
22.03.2021;0.0176
23.03.2021;0.014
24.03.2021;0.014
25.03.2021;0.0127
26.03.2021;0.012
27.03.2021;0.012
28.03.2021;0.012
29.03.2021;0.0099
30.03.2021;0.009
31.03.2021;0.009
1.04.2021;0.009
2.04.2021;0.009
3.04.2021;0.009
4.04.2021;0.009
5.04.2021;0.009
6.04.2021;0.009
7.04.2021;0.009
8.04.2021;0.0075
9.04.2021;0.007
10.04.2021;0.007
11.04.2021;0.007
12.04.2021;0.007
13.04.2021;0.007
14.04.2021;0.007
15.04.2021;0.007
16.04.2021;0.007
17.04.2021;0.007
18.04.2021;0.007
19.04.2021;0.008
20.04.2021;0.009
21.04.2021;0.009
22.04.2021;0.009
23.04.2021;0.009
24.04.2021;0.0091
25.04.2021;0.0165
26.04.2021;0.02
27.04.2021;0.02
28.04.2021;0.02
29.04.2021;0.0141
30.04.2021;0.014
1.05.2021;0.014
2.05.2021;0.014
3.05.2021;0.0125
4.05.2021;0.012
5.05.2021;0.0132
6.05.2021;0.0125
7.05.2021;0.012
8.05.2021;0.012
9.05.2021;0.012
10.05.2021;0.012
11.05.2021;0.012
12.05.2021;0.012
13.05.2021;0.012
14.05.2021;0.0126
15.05.2021;0.014
16.05.2021;0.0169
17.05.2021;0.0258
18.05.2021;0.1767
19.05.2021;0.208
20.05.2021;0.1499
21.05.2021;0.1165
22.05.2021;0.1043
23.05.2021;0.0867
24.05.2021;0.0721
25.05.2021;0.0631
26.05.2021;0.0557
27.05.2021;0.0469
28.05.2021;0.0429
29.05.2021;0.0389
30.05.2021;0.0356
31.05.2021;0.0322
1.06.2021;0.0291
2.06.2021;0.0257
3.06.2021;0.025
4.06.2021;0.0228
5.06.2021;0.022
6.06.2021;0.02
7.06.2021;0.02
8.06.2021;0.0178
9.06.2021;0.017
10.06.2021;0.0156
11.06.2021;0.014
12.06.2021;0.014
13.06.2021;0.0125
14.06.2021;0.012
15.06.2021;0.0106
16.06.2021;0.009
17.06.2021;0.009
18.06.2021;0.009
19.06.2021;0.0078
20.06.2021;0.007
21.06.2021;0.007
22.06.2021;0.0065
23.06.2021;0.005
24.06.2021;0.005
25.06.2021;0.005
26.06.2021;0.005
27.06.2021;0.005
28.06.2021;0.005
29.06.2021;0.005
30.06.2021;0.0038
1.07.2021;0.003
2.07.2021;0.003
3.07.2021;0.003
4.07.2021;0.003
5.07.2021;0.003
6.07.2021;0.003
7.07.2021;0.0024
8.07.2021;0.002
9.07.2021;0.002
10.07.2021;0.002
11.07.2021;0.002
12.07.2021;0.002
13.07.2021;0.002
14.07.2021;0.002
15.07.2021;0.002
16.07.2021;0.002
17.07.2021;0.002
18.07.2021;0.002
19.07.2021;0.0016
20.07.2021;0.001
21.07.2021;0.001
22.07.2021;0.001
23.07.2021;0.001
24.07.2021;0.001
25.07.2021;0.001
26.07.2021;0.001
27.07.2021;0.001
28.07.2021;0.001
29.07.2021;0.001
30.07.2021;0.001
31.07.2021;0.001
1.08.2021;0.0018
2.08.2021;0.002
3.08.2021;0.002
4.08.2021;0.002
5.08.2021;0.002
6.08.2021;0.002
7.08.2021;0.0014
8.08.2021;0.001
9.08.2021;0.001
10.08.2021;0.001
11.08.2021;0.001
12.08.2021;0.001
13.08.2021;0.0004
14.08.2021;0
15.08.2021;0
16.08.2021;0.001
17.08.2021;0.001
18.08.2021;0.001
19.08.2021;0.001
20.08.2021;0.0004
21.08.2021;0
22.08.2021;0
23.08.2021;0.001
24.08.2021;0.001
25.08.2021;0.001
26.08.2021;0.001
27.08.2021;0.001
28.08.2021;0.0004
29.08.2021;0
30.08.2021;0
31.08.2021;0
1.09.2021;0
2.09.2021;0
3.09.2021;0
4.09.2021;0
5.09.2021;0
6.09.2021;0
7.09.2021;0
8.09.2021;0
9.09.2021;0
10.09.2021;0
11.09.2021;0
12.09.2021;0
13.09.2021;0
14.09.2021;0
15.09.2021;0
16.09.2021;0
17.09.2021;0
18.09.2021;0
19.09.2021;0
20.09.2021;0
21.09.2021;0
22.09.2021;0
23.09.2021;0
24.09.2021;0
25.09.2021;0
26.09.2021;0
27.09.2021;0
28.09.2021;0
29.09.2021;0
30.09.2021;0
1.10.2021;0
2.10.2021;0
3.10.2021;0
4.10.2021;0
5.10.2021;0
6.10.2021;0
7.10.2021;0
30.11.2021;0.0004
1.12.2021;0.001
2.12.2021;0.001
3.12.2021;0.001
4.12.2021;0.0023
5.12.2021;0.003
6.12.2021;0.003
7.12.2021;0.003
8.12.2021;0.003
9.12.2021;0.003
10.12.2021;0.003
11.12.2021;0.0032
12.12.2021;0.0083
13.12.2021;0.009
14.12.2021;0.0078
15.12.2021;0.007
16.12.2021;0.007
17.12.2021;0.007
18.12.2021;0.007
19.12.2021;0.0087
20.12.2021;0.009
21.12.2021;0.0078
22.12.2021;0.007
23.12.2021;0.007
24.12.2021;0.007
25.12.2021;0.007
26.12.2021;0.0059
27.12.2021;0.005
28.12.2021;0.005
29.12.2021;0.005
30.12.2021;0.0037
31.12.2021;0.003
1.01.2022;0.003
2.01.2022;0.003
3.01.2022;0.003
4.01.2022;0.003
5.01.2022;0.003
6.01.2022;0.003
7.01.2022;0.003
8.01.2022;0.003
9.01.2022;0.003
10.01.2022;0.003
11.01.2022;0.0024
12.01.2022;0.0017
13.01.2022;0.001
14.01.2022;0.001
15.01.2022;0.001
16.01.2022;0.001
17.01.2022;0.001
18.01.2022;0.001
19.01.2022;0.001
20.01.2022;0.001
21.01.2022;0.001
22.01.2022;0.001
23.01.2022;0.001
24.01.2022;0.001
25.01.2022;0.001
26.01.2022;0.001
27.01.2022;0.001
28.01.2022;0.001
29.01.2022;0.001
30.01.2022;0.001
31.01.2022;0.001
1.02.2022;0.001
2.02.2022;0.001
3.02.2022;0.0004
4.02.2022;0
5.02.2022;0
6.02.2022;0
7.02.2022;0
8.02.2022;0
9.02.2022;0
10.02.2022;0
11.02.2022;0
12.02.2022;0
13.02.2022;0
14.02.2022;0
15.02.2022;0
16.02.2022;0
17.02.2022;0
18.02.2022;0
19.02.2022;0
20.02.2022;0
21.02.2022;0
22.02.2022;0
23.02.2022;0
24.02.2022;0
25.02.2022;0
26.02.2022;0
27.02.2022;0
28.02.2022;0
1.03.2022;0
2.03.2022;0
3.03.2022;0
4.03.2022;0
5.03.2022;0
6.03.2022;0
7.03.2022;0
8.03.2022;0
9.03.2022;0
10.03.2022;0
11.03.2022;0
12.03.2022;0
13.03.2022;0
14.03.2022;0
15.03.2022;0
16.03.2022;0
17.03.2022;0
18.03.2022;0
19.03.2022;0
20.03.2022;0
21.03.2022;0
22.03.2022;0
23.03.2022;0
24.03.2022;0
25.03.2022;0
26.03.2022;0
27.03.2022;0
28.03.2022;0
29.03.2022;0
30.03.2022;0
31.03.2022;0
1.04.2022;0.0041
2.04.2022;0.0586
3.04.2022;0.0481
4.04.2022;0.0409
5.04.2022;0.0371
6.04.2022;0.0316
7.04.2022;0.0293
8.04.2022;0.0259
9.04.2022;0.0231
10.04.2022;0.0241
11.04.2022;0.028
12.04.2022;0.028
13.04.2022;0.028
14.04.2022;0.0258
15.04.2022;0.025
16.04.2022;0.0228
17.04.2022;0.022
18.04.2022;0.022
19.04.2022;0.022
20.04.2022;0.0173
21.04.2022;0.017
22.04.2022;0.017
23.04.2022;0.017
24.04.2022;0.017
25.04.2022;0.017
26.04.2022;0.0148
27.04.2022;0.014
28.04.2022;0.011
29.04.2022;0.009
30.04.2022;0.0078
1.05.2022;0.007
2.05.2022;0.007
3.05.2022;0.007
4.05.2022;0.007
5.05.2022;0.007
6.05.2022;0.0056
7.05.2022;0.005
8.05.2022;0.005
9.05.2022;0.005
10.05.2022;0.005
11.05.2022;0.005
12.05.2022;0.0037
13.05.2022;0.003
14.05.2022;0.003
15.05.2022;0.003
16.05.2022;0.003
17.05.2022;0.003
18.05.2022;0.003
19.05.2022;0.003
20.05.2022;0.0024
21.05.2022;0.002
22.05.2022;0.002
23.05.2022;0.002
24.05.2022;0.002
25.05.2022;0.002
26.05.2022;0.002
27.05.2022;0.002
28.05.2022;0.002
29.05.2022;0.002
30.05.2022;0.002
31.05.2022;0.002
1.06.2022;0.002
2.06.2022;0.002
3.06.2022;0.002
4.06.2022;0.002
5.06.2022;0.0014
6.06.2022;0.001
7.06.2022;0.001
8.06.2022;0.001
9.06.2022;0.001
10.06.2022;0.001
11.06.2022;0.001
12.06.2022;0.001
13.06.2022;0.001
14.06.2022;0.001
15.06.2022;0.001
16.06.2022;0.001
17.06.2022;0.001
18.06.2022;0.001
19.06.2022;0.001
20.06.2022;0.001
21.06.2022;0.002
22.06.2022;0.0014
23.06.2022;0.001
24.06.2022;0.001
25.06.2022;0.001
26.06.2022;0.0005
27.06.2022;0
28.06.2022;0
29.06.2022;0
30.06.2022;0
1.07.2022;0
2.07.2022;0
3.07.2022;0
4.07.2022;0
5.07.2022;0
6.07.2022;0
7.07.2022;0
8.07.2022;0
9.07.2022;0
10.07.2022;0
11.07.2022;0
12.07.2022;0
13.07.2022;0
14.07.2022;0
15.07.2022;0
16.07.2022;0
17.07.2022;0
18.07.2022;0
19.07.2022;0
20.07.2022;0
21.07.2022;0
22.07.2022;0
23.07.2022;0
24.07.2022;0
25.07.2022;0
26.07.2022;0
27.07.2022;0
28.07.2022;0
29.07.2022;0
30.07.2022;0
31.07.2022;0
1.08.2022;0
2.08.2022;0
3.08.2022;0
4.08.2022;0
5.08.2022;0
6.08.2022;0
7.08.2022;0
8.08.2022;0
9.08.2022;0
10.08.2022;0
11.08.2022;0
12.08.2022;0
13.08.2022;0
14.08.2022;0
15.08.2022;0
16.08.2022;0
17.08.2022;0
18.08.2022;0
19.08.2022;0
20.08.2022;0
21.08.2022;0
22.08.2022;0
23.08.2022;0
24.08.2022;0
25.08.2022;0
26.08.2022;0
27.08.2022;0
28.08.2022;0
29.08.2022;0
30.08.2022;0
31.08.2022;0
1.09.2022;0
2.09.2022;0
3.09.2022;0
4.09.2022;0
5.09.2022;0
6.09.2022;0
7.09.2022;0
8.09.2022;0
9.09.2022;0
10.09.2022;0
11.09.2022;0
12.09.2022;0
13.09.2022;0
14.09.2022;0
15.09.2022;0
16.09.2022;0
17.09.2022;0
18.09.2022;0
19.09.2022;0
20.09.2022;0
21.09.2022;0
22.09.2022;0
23.09.2022;0
24.09.2022;0
25.09.2022;0
26.09.2022;0
27.09.2022;0
28.09.2022;0
29.09.2022;0.0001
30.09.2022;0.0385
1.10.2022;0.0775
2.10.2022;0.0819
3.10.2022;0.0595
4.10.2022;0.0419
5.10.2022;0.0329
6.10.2022;0.0264
7.10.2022;0.022
8.10.2022;0.0206
9.10.2022;0.0178
10.10.2022;0.0149
11.10.2022;0.014
12.10.2022;0.0127
13.10.2022;0.012
14.10.2022;0.0092
15.10.2022;0.009
16.10.2022;0.009
17.10.2022;0.009
18.10.2022;0.009
19.10.2022;0.0086
20.10.2022;0.007
21.10.2022;0.007
22.10.2022;0.007
23.10.2022;0.007
24.10.2022;0.007
25.10.2022;0.0055
26.10.2022;0.005
27.10.2022;0.005
28.10.2022;0.0037
29.10.2022;0.003
30.10.2022;0.0019
31.10.2022;0.001
1.11.2022;0.001
2.11.2022;0.001
3.11.2022;0.001
4.11.2022;0.002
5.11.2022;0.002
6.11.2022;0.0023
7.11.2022;0.0067
8.11.2022;0.0118
9.11.2022;0.014
10.11.2022;0.014
11.11.2022;0.0126
12.11.2022;0.012
13.11.2022;0.012
14.11.2022;0.014
15.11.2022;0.014
16.11.2022;0.014
17.11.2022;0.014
18.11.2022;0.0127
19.11.2022;0.0101
20.11.2022;0.009
21.11.2022;0.009
22.11.2022;0.009
23.11.2022;0.009
24.11.2022;0.0078
25.11.2022;0.007
26.11.2022;0.007
27.11.2022;0.007
28.11.2022;0.0088
29.11.2022;0.009
30.11.2022;0.009
1.12.2022;0.009
2.12.2022;0.0118
3.12.2022;0.012
4.12.2022;0.012
5.12.2022;0.014
6.12.2022;0.014
7.12.2022;0.0141
8.12.2022;0.017
9.12.2022;0.0171
10.12.2022;0.0941
11.12.2022;0.1538
12.12.2022;0.1537
13.12.2022;0.1199
14.12.2022;0.1074
15.12.2022;0.0968
16.12.2022;0.0963
17.12.2022;0.153
18.12.2022;0.1424
19.12.2022;0.1258
20.12.2022;0.1137
21.12.2022;0.1078
22.12.2022;0.095
23.12.2022;0.0829
24.12.2022;0.0714
25.12.2022;0.0631
26.12.2022;0.061
27.12.2022;0.061
28.12.2022;0.061
29.12.2022;0.061
30.12.2022;0.0575
31.12.2022;0.0537
1.01.2023;0.0496
2.01.2023;0.048
3.01.2023;0.0432
4.01.2023;0.04
5.01.2023;0.0316
6.01.2023;0.025
7.01.2023;0.0231
8.01.2023;0.022
9.01.2023;0.022
10.01.2023;0.0254
11.01.2023;0.0496
12.01.2023;0.0579
13.01.2023;0.0609
14.01.2023;0.0572
15.01.2023;0.055
16.01.2023;0.0534
17.01.2023;0.1182
18.01.2023;0.2958
19.01.2023;0.338
20.01.2023;0.332
21.01.2023;0.231
22.01.2023;0.1512
23.01.2023;0.1213
24.01.2023;0.1073
25.01.2023;0.0951
26.01.2023;0.0839
27.01.2023;0.0737
28.01.2023;0.0652
29.01.2023;0.0558
30.01.2023;0.052
31.01.2023;0.047
1.02.2023;0.0437
2.02.2023;0.045
3.02.2023;0
4.02.2023;0
5.02.2023;0
6.02.2023;0
7.02.2023;0
8.02.2023;0
9.02.2023;0
10.02.2023;0
11.02.2023;0
12.02.2023;0
13.02.2023;0
14.02.2023;0
15.02.2023;0
16.02.2023;0
17.02.2023;0
18.02.2023;0
19.02.2023;0
20.02.2023;0
21.02.2023;0
22.02.2023;0
23.02.2023;0
24.02.2023;0
25.02.2023;0
26.02.2023;0
27.02.2023;0
28.02.2023;0
1.03.2023;0
2.03.2023;0
3.03.2023;0
4.03.2023;0
5.03.2023;0
6.03.2023;0
7.03.2023;0
8.03.2023;0
9.03.2023;0
10.03.2023;0
11.03.2023;0
12.03.2023;0
13.03.2023;0
14.03.2023;0
15.03.2023;0
16.03.2023;0
17.03.2023;0
18.03.2023;0
19.03.2023;0
20.03.2023;0
21.03.2023;0
22.03.2023;0
23.03.2023;0
24.03.2023;0
25.03.2023;0
26.03.2023;0
27.03.2023;0
28.03.2023;0
29.03.2023;0
30.03.2023;0
31.03.2023;0
1.04.2023;0
2.04.2023;0
3.04.2023;0
4.04.2023;0
5.04.2023;0
6.04.2023;0
7.04.2023;0
8.04.2023;0
9.04.2023;0
10.04.2023;0
11.04.2023;0
12.04.2023;0
13.04.2023;0
14.04.2023;0
15.04.2023;0
16.04.2023;0
17.04.2023;0
18.04.2023;0
19.04.2023;0
20.04.2023;0
21.04.2023;0.0454
22.04.2023;0.0459
23.04.2023;0.0456
24.04.2023;0.0432
25.04.2023;0.0422
26.04.2023;0.0389
27.04.2023;0.0365
28.04.2023;0.0348
29.04.2023;0.0359
30.04.2023;0.0342
1.05.2023;0.0321
2.05.2023;0.033
3.05.2023;0.0347
4.05.2023;0.0312
5.05.2023;0.0309
6.05.2023;0.0303
7.05.2023;0.0288
8.05.2023;0.0264
9.05.2023;0.0252
10.05.2023;0.0261
11.05.2023;0.0264
12.05.2023;0.0259
13.05.2023;0.0251
14.05.2023;0.0232
15.05.2023;0.0283
16.05.2023;0.0392
17.05.2023;0.0962
18.05.2023;0.1965
19.05.2023;0.1776
20.05.2023;0.1472
21.05.2023;0.1255
22.05.2023;0.1123
23.05.2023;0.1009
24.05.2023;0.0875
25.05.2023;0.0754
26.05.2023;0.0691
27.05.2023;0.0626
28.05.2023;0.0553
29.05.2023;0.0464
30.05.2023;0.042
31.05.2023;0.0404
1.06.2023;0.0368
2.06.2023;0.0353
3.06.2023;0.0324
4.06.2023;0.0314
5.06.2023;0.0301
6.06.2023;0.0293
7.06.2023;0.0288
8.06.2023;0.0312
9.06.2023;0.0359
10.06.2023;0.0355
11.06.2023;0.0362
12.06.2023;0.0335
13.06.2023;0.033
14.06.2023;0.0395
15.06.2023;0.0327
16.06.2023;0.0331
17.06.2023;0.0345
18.06.2023;0.0324
19.06.2023;0.0256
20.06.2023;0.0233
21.06.2023;0.0221
22.06.2023;0.0211
23.06.2023;0.0196
24.06.2023;0.0191
25.06.2023;0.0183
26.06.2023;0.0185
27.06.2023;0.018
28.06.2023;0.0154
29.06.2023;0.0149
30.06.2023;0.0146
1.07.2023;0.0149
2.07.2023;0.0138
3.07.2023;0.0129
4.07.2023;0.0131
5.07.2023;0.0129
6.07.2023;0.0136
7.07.2023;0.0122
8.07.2023;0.0105
9.07.2023;0.0113
10.07.2023;0.0116
11.07.2023;0.01
12.07.2023;0.0104
13.07.2023;0.0118
14.07.2023;0.0103
15.07.2023;0.0096
16.07.2023;0.0085
17.07.2023;0.0094
18.07.2023;0.0095
19.07.2023;0.0104
20.07.2023;0.0074
21.07.2023;0.0078
22.07.2023;0.0078
23.07.2023;0.0074
24.07.2023;0.0073
25.07.2023;0.0076
26.07.2023;0.0078
27.07.2023;0.007
28.07.2023;0.007
29.07.2023;0.007
30.07.2023;0.0062
31.07.2023;0.0063
1.08.2023;0.0065
2.08.2023;0.0065
3.08.2023;0.0065
4.08.2023;0.0049
5.08.2023;0.0082
6.08.2023;0.1861
7.08.2023;0.1791
8.08.2023;0.1175
9.08.2023;0.0902
10.08.2023;0.0728
11.08.2023;0.0576
12.08.2023;0.0496
13.08.2023;0.0445
14.08.2023;0.0407
15.08.2023;0.0356
16.08.2023;0.0329
17.08.2023;0.0302
18.08.2023;0.0267
19.08.2023;0.0246
20.08.2023;0.0235
21.08.2023;0.0218
22.08.2023;0.0232
23.08.2023;0.021
24.08.2023;0.0203
25.08.2023;0.0189
26.08.2023;0.0183
27.08.2023;0.0177
28.08.2023;0.0169
29.08.2023;0.0166
30.08.2023;0.0161
31.08.2023;0.0144
1.09.2023;0.013
2.09.2023;0.012
3.09.2023;0.0115
4.09.2023;0.011
5.09.2023;0.0098
6.09.2023;0.0098
7.09.2023;0.0097
8.09.2023;0.0099
9.09.2023;0.0098
10.09.2023;0.009
11.09.2023;0.0097
12.09.2023;0.0092
13.09.2023;0.0078
14.09.2023;0.0084
15.09.2023;0.0076
16.09.2023;0.0075
17.09.2023;0.007
18.09.2023;0.007
19.09.2023;0.007
20.09.2023;0.007
21.09.2023;0.007
22.09.2023;0.0076
23.09.2023;0.007
24.09.2023;0.007
25.09.2023;0.007
26.09.2023;0.0075
27.09.2023;0.007
28.09.2023;0.007
29.09.2023;0.007
30.09.2023;0.007
1.10.2023;0.007
2.10.2023;0.007
3.10.2023;0.007
4.10.2023;0.0088
5.10.2023;0.0047
6.10.2023;0.0008
7.10.2023;0.001
8.10.2023;0.0007
9.10.2023;0.001
10.10.2023;0.0012
11.10.2023;0.001
12.10.2023;0.001
13.10.2023;0.001
14.10.2023;0.001
15.10.2023;0.001
16.10.2023;0.001
17.10.2023;0.001
18.10.2023;0.001
19.10.2023;0.001
20.10.2023;0.0011
21.10.2023;0.001
22.10.2023;0.001
23.10.2023;0.0005
24.10.2023;0.001
25.10.2023;0.001
26.10.2023;0.001
27.10.2023;0.0082
28.10.2023;0.022
29.10.2023;0.0133
30.10.2023;0.01
31.10.2023;0.009
1.11.2023;0.0062
2.11.2023;0.0073
3.11.2023;0.0084
4.11.2023;0.0107
5.11.2023;0.0895
6.11.2023;0.1801
7.11.2023;0.1092
8.11.2023;0.0898
9.11.2023;0.0719
10.11.2023;0.0639
11.11.2023;0.0545
12.11.2023;0.0564
13.11.2023;0.0651
14.11.2023;0.065
15.11.2023;0.0608
16.11.2023;0.0539
17.11.2023;0.069
18.11.2023;0.1273
19.11.2023;0.114
20.11.2023;0.1045
21.11.2023;0.0898
22.11.2023;0.0724
23.11.2023;0.0642
24.11.2023;0.0581
25.11.2023;0.052
26.11.2023;0.0444
27.11.2023;0.0422
28.11.2023;0.0356
29.11.2023;0.0322
30.11.2023;0.0278
1.12.2023;0.0264
2.12.2023;0.0504
3.12.2023;0.1109
4.12.2023;0.1079
5.12.2023;0.1044
6.12.2023;0.0967
7.12.2023;0.0818
8.12.2023;0.0854
9.12.2023;0.0827
10.12.2023;0.0778
11.12.2023;0.0704
12.12.2023;0.0674
13.12.2023;0.095
14.12.2023;0.1586
15.12.2023;0.134
16.12.2023;0.1167
17.12.2023;0.1114
18.12.2023;0.1046
19.12.2023;0.0969
20.12.2023;0.0839
21.12.2023;0.0741
22.12.2023;0.0767
23.12.2023;0.0679
24.12.2023;0.0686
25.12.2023;0.0686
26.12.2023;0.0684
27.12.2023;0.0658
28.12.2023;0.0671
29.12.2023;0.0651
30.12.2023;0.0618
31.12.2023;0.0588
1.01.2024;0.0556
2.01.2024;0.0546
3.01.2024;0.0603
4.01.2024;0.0637
5.01.2024;0.0614
6.01.2024;0.0594
7.01.2024;0.0686
8.01.2024;0.0972
9.01.2024;0.0935
10.01.2024;0.0911
11.01.2024;0.0864
12.01.2024;0.0767
13.01.2024;0.0691
14.01.2024;0.0626
15.01.2024;0.0591
16.01.2024;0.0515
17.01.2024;0.0448
18.01.2024;0.0466
19.01.2024;0.0496
20.01.2024;0.0488
21.01.2024;0.0502
22.01.2024;0.0475
23.01.2024;0.0466
24.01.2024;0.0439
25.01.2024;0.0418
26.01.2024;0.0398
27.01.2024;0.0364
28.01.2024;0.0339
29.01.2024;0.0325
30.01.2024;0.0323
31.01.2024;0.0316
1.02.2024;0.0326
2.02.2024;0.0318
3.02.2024;0.0312
4.02.2024;0.0311
5.02.2024;0.0327
6.02.2024;0.031
7.02.2024;0.031
8.02.2024;0.0302
9.02.2024;0.0321
10.02.2024;0.029
11.02.2024;0.0288
12.02.2024;0.0463
13.02.2024;0.0836
14.02.2024;0.0908
15.02.2024;0.0882
16.02.2024;0.0818
17.02.2024;0.0721
18.02.2024;0.0624
19.02.2024;0.0588
20.02.2024;0.0564
21.02.2024;0.0495
22.02.2024;0.0483
23.02.2024;0.0466
24.02.2024;0.0435
25.02.2024;0.041
26.02.2024;0.0414
27.02.2024;0.0472
28.02.2024;0.0563
29.02.2024;0.0562
1.03.2024;0.0576
2.03.2024;0.0571
3.03.2024;0.0536
4.03.2024;0.0508
5.03.2024;0.0503
6.03.2024;0.0481
7.03.2024;0.0511
8.03.2024;0.052
9.03.2024;0.0528
10.03.2024;0.0507
11.03.2024;0.0499
12.03.2024;0.0473
13.03.2024;0.0434
14.03.2024;0.0424
15.03.2024;0.0399
16.03.2024;0.0403
17.03.2024;0.0379
18.03.2024;0.0367
19.03.2024;0.0383
20.03.2024;0.0379
21.03.2024;0.0391
22.03.2024;0.0357
23.03.2024;0.0375
24.03.2024;0.0373
25.03.2024;0.0364
26.03.2024;0.0358
27.03.2024;0.0371
28.03.2024;0.0361
29.03.2024;0.0339
30.03.2024;0.0314
31.03.2024;0.0302
1.04.2024;0.031
2.04.2024;0.0311
3.04.2024;0.0308
4.04.2024;0.033
5.04.2024;0.0354
6.04.2024;0.0357
7.04.2024;0.0354
8.04.2024;0.0358
9.04.2024;0.037
10.04.2024;0.0365
11.04.2024;0.0319