Region;Carpathians
Country;Hungary
#;12
Spring Name/Station Name;Kistohonya
Literature;Yes
Lat;48.495
Lon;20.538
Elev;262
Start Date;1.01.1960
End Date;11.04.2024
Resolution;Daily
Data Source;
Data License;Open data
Contact Person;Istvan Gabor Hatvani, Zoltan Kern
Spring ID;CAR_12_HU
Date;Discharge m^3/s
1.01.1960;0.0008
2.01.1960;0.0008
3.01.1960;0.00075
4.01.1960;0.0007
5.01.1960;0.0007
6.01.1960;0.0007
7.01.1960;0.0007
8.01.1960;0.00075
9.01.1960;0.00075
10.01.1960;0.00075
11.01.1960;0.00075
12.01.1960;0.00075
13.01.1960;0.00075
14.01.1960;0.00075
15.01.1960;0.00075
16.01.1960;0.0007
17.01.1960;0.0007
18.01.1960;0.00067
19.01.1960;0.00063
20.01.1960;0.00063
21.01.1960;0.00063
22.01.1960;0.00063
23.01.1960;0.0006
24.01.1960;0.00058
25.01.1960;0.00055
26.01.1960;0.00055
27.01.1960;0.00053
28.01.1960;0.00053
29.01.1960;0.00053
30.01.1960;0.00053
31.01.1960;0.00055
1.02.1960;0.0007
2.02.1960;0.00067
3.02.1960;0.00067
4.02.1960;0.00067
5.02.1960;0.00063
6.02.1960;0.00063
7.02.1960;0.00058
8.02.1960;0.00058
9.02.1960;0.00058
10.02.1960;0.0006
11.02.1960;0.00058
12.02.1960;0.00058
13.02.1960;0.00055
14.02.1960;0.00058
15.02.1960;0.00055
16.02.1960;0.00058
17.02.1960;0.00058
18.02.1960;0.00058
19.02.1960;0.0006
20.02.1960;0.0006
21.02.1960;0.00063
22.02.1960;0.0007
23.02.1960;0.0008
24.02.1960;0.00105
25.02.1960;0.0014
26.02.1960;0.00158
27.02.1960;0.00167
28.02.1960;0.00167
29.02.1960;0.00167
1.03.1960;0.0025
2.03.1960;0.00275
3.03.1960;0.00275
4.03.1960;0.00275
5.03.1960;0.00275
6.03.1960;0.00275
7.03.1960;0.003
8.03.1960;0.00317
9.03.1960;0.00408
10.03.1960;0.00408
11.03.1960;0.00408
12.03.1960;0.00375
13.03.1960;0.00375
14.03.1960;0.00375
15.03.1960;0.00375
16.03.1960;0.00375
17.03.1960;0.00375
18.03.1960;0
19.03.1960;0
20.03.1960;0
21.03.1960;0.006
22.03.1960;0.006
23.03.1960;0.006
24.03.1960;0.006
25.03.1960;0.0065
26.03.1960;0.0065
27.03.1960;0.0065
28.03.1960;0.0065
29.03.1960;0.0065
30.03.1960;0.0065
31.03.1960;0.0065
1.04.1960;0.0065
2.04.1960;0.0065
3.04.1960;0.00683
4.04.1960;0.01133
5.04.1960;0.01167
6.04.1960;0.012
7.04.1960;0.01167
8.04.1960;0.01183
9.04.1960;0.013
10.04.1960;0.0135
11.04.1960;0.01467
12.04.1960;0.01533
13.04.1960;0.01633
14.04.1960;0.01633
15.04.1960;0.017
16.04.1960;0.017
17.04.1960;0.017
18.04.1960;0.017
19.04.1960;0.017
20.04.1960;0.017
21.04.1960;0.017
22.04.1960;0.017
23.04.1960;0.017
24.04.1960;0.0155
25.04.1960;0.01483
26.04.1960;0.01433
27.04.1960;0.01433
28.04.1960;0.01383
29.04.1960;0.01383
30.04.1960;0.0125
1.05.1960;0.01083
2.05.1960;0.01083
3.05.1960;0.01083
4.05.1960;0.01083
5.05.1960;0.01083
6.05.1960;0.01083
7.05.1960;0.01117
8.05.1960;0.01083
9.05.1960;0.01083
10.05.1960;0.01217
11.05.1960;0.01217
12.05.1960;0.01333
13.05.1960;0.01467
14.05.1960;0.01467
15.05.1960;0.01467
16.05.1960;0.015
17.05.1960;0.015
18.05.1960;0.015
19.05.1960;0.015
20.05.1960;0.015
21.05.1960;0.015
22.05.1960;0.01833
23.05.1960;0.035
24.05.1960;0.10667
25.05.1960;0.09
26.05.1960;0.08333
27.05.1960;0.075
28.05.1960;0.075
29.05.1960;0.06667
30.05.1960;0.06667
31.05.1960;0.06
1.06.1960;0.03933
2.06.1960;0.03487
3.06.1960;0.0305
4.06.1960;0.0276
5.06.1960;0.02353
6.06.1960;0.0225
7.06.1960;0.02075
8.06.1960;0.02
9.06.1960;0.02
10.06.1960;0.10578
11.06.1960;0.11953
12.06.1960;0.09413
13.06.1960;0
14.06.1960;0
15.06.1960;0.066
16.06.1960;0.05702
17.06.1960;0.05555
18.06.1960;0.04662
19.06.1960;0.04515
20.06.1960;0.03782
21.06.1960;0.0363
22.06.1960;0.03343
23.06.1960;0.02635
24.06.1960;0.02635
25.06.1960;0.0238
26.06.1960;0.0225
27.06.1960;0.0251
28.06.1960;0.02
29.06.1960;0.1282
30.06.1960;0
1.07.1960;0
2.07.1960;0
3.07.1960;0
4.07.1960;0
5.07.1960;0
6.07.1960;0
7.07.1960;0
8.07.1960;0
9.07.1960;0
10.07.1960;0
11.07.1960;0
12.07.1960;0
13.07.1960;0
14.07.1960;0
15.07.1960;0
16.07.1960;0
17.07.1960;0
18.07.1960;0
19.07.1960;0
20.07.1960;0
21.07.1960;0
22.07.1960;0
23.07.1960;0
24.07.1960;0
25.07.1960;0
26.07.1960;0
27.07.1960;0
28.07.1960;0
29.07.1960;0
30.07.1960;0
31.07.1960;0
1.08.1960;0.1222
2.08.1960;0
3.08.1960;0
4.08.1960;0
5.08.1960;0.0713
6.08.1960;0.06093
7.08.1960;0.0594
8.08.1960;0.05643
9.08.1960;0
10.08.1960;0
11.08.1960;0
12.08.1960;0
13.08.1960;0
14.08.1960;0
15.08.1960;0
16.08.1960;0
17.08.1960;0.07752
18.08.1960;0.0559
19.08.1960;0.06542
20.08.1960;0.06832
21.08.1960;0.0683
22.08.1960;0.06208
23.08.1960;0.0433
24.08.1960;0.0929
25.08.1960;0.0929
26.08.1960;0.07922
27.08.1960;0.05643
28.08.1960;0.05497
29.08.1960;0.05333
30.08.1960;0.05018
31.08.1960;0.04898
1.09.1960;0.05
2.09.1960;0.05
3.09.1960;0.04333
4.09.1960;0.04333
5.09.1960;0.02905
6.09.1960;0.02735
7.09.1960;0.02635
8.09.1960;0.02075
9.09.1960;0.0225
10.09.1960;0.02
11.09.1960;0.02
12.09.1960;0.02
13.09.1960;0.02
14.09.1960;0.02
15.09.1960;0.01933
16.09.1960;0.01933
17.09.1960;0.01933
18.09.1960;0.01933
19.09.1960;0.01822
20.09.1960;0.01822
21.09.1960;0.01972
22.09.1960;0.0191
23.09.1960;0.01778
24.09.1960;0.01822
25.09.1960;0.01713
26.09.1960;0.01687
27.09.1960;0.01687
28.09.1960;0.01655
29.09.1960;0.01533
30.09.1960;0.01222
1.10.1960;0.01315
2.10.1960;0.01237
3.10.1960;0.01132
4.10.1960;0.0108
5.10.1960;0.01027
6.10.1960;0.01027
7.10.1960;0.01027
8.10.1960;0.01027
9.10.1960;0.01027
10.10.1960;0.01027
11.10.1960;0.01027
12.10.1960;0.00973
13.10.1960;0.01
14.10.1960;0.01
15.10.1960;0.00948
16.10.1960;0.00948
17.10.1960;0.00893
18.10.1960;0.00813
19.10.1960;0.00813
20.10.1960;0.00787
21.10.1960;0.00815
22.10.1960;0.00815
23.10.1960;0.00813
24.10.1960;0.00867
25.10.1960;0.00787
26.10.1960;0.00973
27.10.1960;0.00973
28.10.1960;0.00973
29.10.1960;0.01105
30.10.1960;0.01105
31.10.1960;0.01098
1.11.1960;0.01105
2.11.1960;0.01105
3.11.1960;0.01105
4.11.1960;0.0108
5.11.1960;0.01132
6.11.1960;0
7.11.1960;0
8.11.1960;0.00922
9.11.1960;0.01027
10.11.1960;0.01027
11.11.1960;0.01
12.11.1960;0.00948
13.11.1960;0.00948
14.11.1960;0.02125
15.11.1960;0.04988
16.11.1960;0.0793
17.11.1960;0.0735
18.11.1960;0.06308
19.11.1960;0.05583
20.11.1960;0.04807
21.11.1960;0.0428
22.11.1960;0.04222
23.11.1960;0.04222
24.11.1960;0.04222
25.11.1960;0.04163
26.11.1960;0.04105
27.11.1960;0.04018
28.11.1960;0.03903
29.11.1960;0.0363
30.11.1960;0.0277
1.12.1960;0.02992
2.12.1960;0.0271
3.12.1960;0.02847
4.12.1960;0.02875
5.12.1960;0.02875
6.12.1960;0.02875
7.12.1960;0.02875
8.12.1960;0.02933
9.12.1960;0.02727
10.12.1960;0.02707
11.12.1960;0.03812
12.12.1960;0.03933
13.12.1960;0.0399
14.12.1960;0
15.12.1960;0
16.12.1960;0
17.12.1960;0
18.12.1960;0.1144
19.12.1960;0.10702
20.12.1960;0.10643
21.12.1960;0.10207
22.12.1960;0.09818
23.12.1960;0.09173
24.12.1960;0.08257
25.12.1960;0.07692
26.12.1960;0.0701
27.12.1960;0.03465
28.12.1960;0.06628
29.12.1960;0.05613
30.12.1960;0.05672
31.12.1960;0.04867
1.01.1961;0.04557
2.01.1961;0.04368
3.01.1961;0.04158
4.01.1961;0.0399
5.01.1961;0.0399
6.01.1961;0.04515
7.01.1961;0.04777
8.01.1961;0.0422
9.01.1961;0.0363
10.01.1961;0.05713
11.01.1961;0.05535
12.01.1961;0.05483
13.01.1961;0.05348
14.01.1961;0.05228
15.01.1961;0.05088
16.01.1961;0.04732
17.01.1961;0.04485
18.01.1961;0.04392
19.01.1961;0.04368
20.01.1961;0.03872
21.01.1961;0.0363
22.01.1961;0.03515
23.01.1961;0.03443
24.01.1961;0.03283
25.01.1961;0.02883
26.01.1961;0.02817
27.01.1961;0.02453
28.01.1961;0.02657
29.01.1961;0.02555
30.01.1961;0.02555
31.01.1961;0.02352
1.02.1961;0.0225
2.02.1961;0.02133
3.02.1961;0.02
4.02.1961;0.01977
5.02.1961;0.01843
6.02.1961;0.01888
7.02.1961;0.01778
8.02.1961;0.01843
9.02.1961;0.01883
10.02.1961;0.01822
11.02.1961;0.01778
12.02.1961;0.0195
13.02.1961;0.02083
14.02.1961;0.02
15.02.1961;0.01983
16.02.1961;0.01955
17.02.1961;0.01743
18.02.1961;0.01867
19.02.1961;0.01533
20.02.1961;0.01625
21.02.1961;0.01503
22.02.1961;0.01503
23.02.1961;0.01473
24.02.1961;0.01447
25.02.1961;0.01843
26.02.1961;0.01867
27.02.1961;0.0142
28.02.1961;0.0142
1.03.1961;0.0142
2.03.1961;0.01473
3.03.1961;0.01533
4.03.1961;0.01385
5.03.1961;0.01657
6.03.1961;0.01717
7.03.1961;0.01717
8.03.1961;0.01778
9.03.1961;0.01822
10.03.1961;0.01933
11.03.1961;0.01933
12.03.1961;0.01955
13.03.1961;0.02075
14.03.1961;0.02075
15.03.1961;0.02125
16.03.1961;0.0215
17.03.1961;0.02175
18.03.1961;0.022
19.03.1961;0.022
20.03.1961;0.021
21.03.1961;0.02075
22.03.1961;0.01955
23.03.1961;0.01955
24.03.1961;0.0191
25.03.1961;0.01822
26.03.1961;0.01822
27.03.1961;0.01822
28.03.1961;0.01822
29.03.1961;0.02
30.03.1961;0.02
31.03.1961;0.021
1.04.1961;0.0205
2.04.1961;0.02025
3.04.1961;0.01977
4.04.1961;0.0197
5.04.1961;0.01963
6.04.1961;0.01957
7.04.1961;0.0195
8.04.1961;0.01943
9.04.1961;0.01938
10.04.1961;0.01933
11.04.1961;0.0191
12.04.1961;0.0191
13.04.1961;0.01933
14.04.1961;0.01822
15.04.1961;0.01822
16.04.1961;0.01788
17.04.1961;0.01778
18.04.1961;0.01747
19.04.1961;0.01655
20.04.1961;0.01533
21.04.1961;0.01473
22.04.1961;0.01393
23.04.1961;0.01368
24.04.1961;0.01353
25.04.1961;0.01263
26.04.1961;0.01212
27.04.1961;0.01185
28.04.1961;0.01185
29.04.1961;0.01158
30.04.1961;0.01185
1.05.1961;0.01185
2.05.1961;0.01155
3.05.1961;0.01132
4.05.1961;0.01132
5.05.1961;0.01105
6.05.1961;0.01132
7.05.1961;0.01155
8.05.1961;0.01212
9.05.1961;0.01132
10.05.1961;0.01105
11.05.1961;0.01105
12.05.1961;0.01132
13.05.1961;0.01027
14.05.1961;0.01027
15.05.1961;0.01
16.05.1961;0.0112
17.05.1961;0.01132
18.05.1961;0.01132
19.05.1961;0.01212
20.05.1961;0.01272
21.05.1961;0.0137
22.05.1961;0.01473
23.05.1961;0.01602
24.05.1961;0.01788
25.05.1961;0.022
26.05.1961;0.0256
27.05.1961;0.0276
28.05.1961;0.02788
29.05.1961;0.02442
30.05.1961;0.02107
31.05.1961;0.0176
1.06.1961;0.01303
2.06.1961;0.0142
3.06.1961;0.0142
4.06.1961;0.01282
5.06.1961;0.01282
6.06.1961;0.01535
7.06.1961;0.01422
8.06.1961;0.01422
9.06.1961;0.01422
10.06.1961;0.01395
11.06.1961;0.01368
12.06.1961;0.01263
13.06.1961;0.01263
14.06.1961;0.01263
15.06.1961;0.01263
16.06.1961;0.0125
17.06.1961;0.01237
18.06.1961;0.01223
19.06.1961;0.0121
20.06.1961;0.01027
21.06.1961;0.01
22.06.1961;0.00973
23.06.1961;0.0095
24.06.1961;0.00933
25.06.1961;0.009
26.06.1961;0.00883
27.06.1961;0.0087
28.06.1961;0.00693
29.06.1961;0.00847
30.06.1961;0.00833
1.07.1961;0.00817
2.07.1961;0.00903
3.07.1961;0.0076
4.07.1961;0.00787
5.07.1961;0.00733
6.07.1961;0.00707
7.07.1961;0.00707
8.07.1961;0.00707
9.07.1961;0.00658
10.07.1961;0.0075
11.07.1961;0.0084
12.07.1961;0.00787
13.07.1961;0.00638
14.07.1961;0.00658
15.07.1961;0.00658
16.07.1961;0.00637
17.07.1961;0.00593
18.07.1961;0.00615
19.07.1961;0.00507
20.07.1961;0.00607
21.07.1961;0.0055
22.07.1961;0.00507
23.07.1961;0.00463
24.07.1961;0.00485
25.07.1961;0.00507
26.07.1961;0.00507
27.07.1961;0.00507
28.07.1961;0.00507
29.07.1961;0.00507
30.07.1961;0.00463
31.07.1961;0.00447
1.08.1961;0.00507
2.08.1961;0.00463
3.08.1961;0.00463
4.08.1961;0.00463
5.08.1961;0.00463
6.08.1961;0.00428
7.08.1961;0.00447
8.08.1961;0.00445
9.08.1961;0.00428
10.08.1961;0.00428
11.08.1961;0.00428
12.08.1961;0.00412
13.08.1961;0.00395
14.08.1961;0.00412
15.08.1961;0.00395
16.08.1961;0.00395
17.08.1961;0.00395
18.08.1961;0.00395
19.08.1961;0.00395
20.08.1961;0.00395
21.08.1961;0.00395
22.08.1961;0.00395
23.08.1961;0.00395
24.08.1961;0.00395
25.08.1961;0.00377
26.08.1961;0.00328
27.08.1961;0.00328
28.08.1961;0.00292
29.08.1961;0.00292
30.08.1961;0.00292
31.08.1961;0.00268
1.09.1961;0.00268
2.09.1961;0.00268
3.09.1961;0.00268
4.09.1961;0.00268
5.09.1961;0.00268
6.09.1961;0.00268
7.09.1961;0.0042
8.09.1961;0.00362
9.09.1961;0.005
10.09.1961;0.00292
11.09.1961;0.00292
12.09.1961;0.0028
13.09.1961;0.00237
14.09.1961;0.00213
15.09.1961;0.00368
16.09.1961;0.0037
17.09.1961;0.00182
18.09.1961;0.00182
19.09.1961;0.00203
20.09.1961;0.00203
21.09.1961;0.00155
22.09.1961;0.00155
23.09.1961;0.00152
24.09.1961;0.00152
25.09.1961;0.00152
26.09.1961;0.00155
27.09.1961;0.00155
28.09.1961;0.00155
29.09.1961;0.00155
30.09.1961;0.00155
1.10.1961;0.00157
2.10.1961;0.00157
3.10.1961;0.00165
4.10.1961;0.00165
5.10.1961;0.00172
6.10.1961;0.00172
7.10.1961;0.0018
8.10.1961;0.00173
9.10.1961;0.0017
10.10.1961;0.0017
11.10.1961;0.0017
12.10.1961;0.00163
13.10.1961;0.00158
14.10.1961;0.00147
15.10.1961;0.00137
16.10.1961;0.00135
17.10.1961;0.00137
18.10.1961;0.00137
19.10.1961;0.00137
20.10.1961;0.00125
21.10.1961;0.00125
22.10.1961;0.00125
23.10.1961;0.0013
24.10.1961;0.0013
25.10.1961;0.00123
26.10.1961;0.00123
27.10.1961;0.00123
28.10.1961;0.00123
29.10.1961;0.00122
30.10.1961;0.00122
31.10.1961;0.00122
1.11.1961;0.00105
2.11.1961;0.00105
3.11.1961;0.00105
4.11.1961;0.00105
5.11.1961;0.00105
6.11.1961;0.00103
7.11.1961;0.00102
8.11.1961;0.00102
9.11.1961;0.001
10.11.1961;0.00098
11.11.1961;0.00098
12.11.1961;0.00098
13.11.1961;0.00098
14.11.1961;0.00105
15.11.1961;0.0011
16.11.1961;0.00105
17.11.1961;0.00098
18.11.1961;0.00095
19.11.1961;0.00092
20.11.1961;0.00087
21.11.1961;0.00085
22.11.1961;0.00082
23.11.1961;0.00082
24.11.1961;0.00082
25.11.1961;0.00082
26.11.1961;0.00082
27.11.1961;0.00082
28.11.1961;0.00078
29.11.1961;0.00077
30.11.1961;0.00077
1.12.1961;0.0008
2.12.1961;0.0008
3.12.1961;0.0008
4.12.1961;0.00077
5.12.1961;0.00075
6.12.1961;0.00085
7.12.1961;0.00083
8.12.1961;0.00092
9.12.1961;0.0009
10.12.1961;0.0009
11.12.1961;0.0009
12.12.1961;0.0009
13.12.1961;0.0009
14.12.1961;0.0008
15.12.1961;0.00062
16.12.1961;0.00062
17.12.1961;0.00062
18.12.1961;0.00062
19.12.1961;0.0006
20.12.1961;0.00062
21.12.1961;0.0006
22.12.1961;0.0006
23.12.1961;0.0006
24.12.1961;0.00058
25.12.1961;0.00058
26.12.1961;0.00058
27.12.1961;0.00058
28.12.1961;0.00058
29.12.1961;0.00058
30.12.1961;0.00058
31.12.1961;0.00058
1.01.1962;0.0006
2.01.1962;0.0006
3.01.1962;0.00078
4.01.1962;0.00095
5.01.1962;0.00083
6.01.1962;0.00087
7.01.1962;0.00077
8.01.1962;0.00072
9.01.1962;0.0007
10.01.1962;0.00068
11.01.1962;0.00068
12.01.1962;0.00068
13.01.1962;0.00067
14.01.1962;0.00063
15.01.1962;0.00062
16.01.1962;0.0006
17.01.1962;0.0006
18.01.1962;0.0006
19.01.1962;0.00058
20.01.1962;0.0006
21.01.1962;0.0006
22.01.1962;0.0006
23.01.1962;0.00065
24.01.1962;0.00067
25.01.1962;0.00067
26.01.1962;0.0007
27.01.1962;0.0007
28.01.1962;0.0007
29.01.1962;0.0007
30.01.1962;0.0007
31.01.1962;0.0007
1.02.1962;0.00062
2.02.1962;0.00063
3.02.1962;0.00067
4.02.1962;0.0007
5.02.1962;0.0007
6.02.1962;0.00067
7.02.1962;0.00063
8.02.1962;0.0006
9.02.1962;0.0006
10.02.1962;0.0006
11.02.1962;0.00058
12.02.1962;0.00058
13.02.1962;0.00053
14.02.1962;0.0005
15.02.1962;0.0005
16.02.1962;0.00058
17.02.1962;0.00063
18.02.1962;0.00063
19.02.1962;0.0007
20.02.1962;0.00083
21.02.1962;0.0009
22.02.1962;0.00095
23.02.1962;0.00132
24.02.1962;0.00135
25.02.1962;0.00133
26.02.1962;0.00135
27.02.1962;0.00135
28.02.1962;0.00135
1.03.1962;0.00135
2.03.1962;0.00135
3.03.1962;0.00135
4.03.1962;0.00135
5.03.1962;0.00135
6.03.1962;0.00858
7.03.1962;0.06837
8.03.1962;0.0603
9.03.1962;0.05705
10.03.1962;0.05042
11.03.1962;0.04482
12.03.1962;0.03685
13.03.1962;0.03065
14.03.1962;0.02627
15.03.1962;0.02718
16.03.1962;0.0232
17.03.1962;0.0215
18.03.1962;0.02083
19.03.1962;0.0204
20.03.1962;0.02018
21.03.1962;0.01973
22.03.1962;0.01943
23.03.1962;0.0188
24.03.1962;0.01822
25.03.1962;0.01778
26.03.1962;0.01795
27.03.1962;0.01735
28.03.1962;0.01742
29.03.1962;0.01678
30.03.1962;0.02117
31.03.1962;0.02455
1.04.1962;0.02455
2.04.1962;0.03872
3.04.1962;0.05378
4.04.1962;0.05603
5.04.1962;0.05868
6.04.1962;0.125
7.04.1962;0.10833
8.04.1962;0.095
9.04.1962;0.08667
10.04.1962;0.08
11.04.1962;0.07333
12.04.1962;0.07013
13.04.1962;0.06542
14.04.1962;0.0645
15.04.1962;0.06167
16.04.1962;0.05
17.04.1962;0.04722
18.04.1962;0.03875
19.04.1962;0.03733
20.04.1962;0.03688
21.04.1962;0.03655
22.04.1962;0.03623
23.04.1962;0.03552
24.04.1962;0.03353
25.04.1962;0.03313
26.04.1962;0.02412
27.04.1962;0.02073
28.04.1962;0.01902
29.04.1962;0.01888
30.04.1962;0.01405
1.05.1962;0.01823
2.05.1962;0.01823
3.05.1962;0.01823
4.05.1962;0.01823
5.05.1962;0.01823
6.05.1962;0.01823
7.05.1962;0.01823
8.05.1962;0.01535
9.05.1962;0.01535
10.05.1962;0.01597
11.05.1962;0.01597
12.05.1962;0.01597
13.05.1962;0.01597
14.05.1962;0.01535
15.05.1962;0.01395
16.05.1962;0.01317
17.05.1962;0.01317
18.05.1962;0.01212
19.05.1962;0.01212
20.05.1962;0.01212
21.05.1962;0.01212
22.05.1962;0.01212
23.05.1962;0.01002
24.05.1962;0.01002
25.05.1962;0.01212
26.05.1962;0.01212
27.05.1962;0.01212
28.05.1962;0.01212
29.05.1962;0.01212
30.05.1962;0.01212
31.05.1962;0.01212
1.06.1962;0.01212
2.06.1962;0.01212
3.06.1962;0.01183
4.06.1962;0.01183
5.06.1962;0.01183
6.06.1962;0.01183
7.06.1962;0.01158
8.06.1962;0.01158
9.06.1962;0.01158
10.06.1962;0.01132
11.06.1962;0.01132
12.06.1962;0.01105
13.06.1962;0.01105
14.06.1962;0.01105
15.06.1962;0.01053
16.06.1962;0.01053
17.06.1962;0.01053
18.06.1962;0.01002
19.06.1962;0.01002
20.06.1962;0.01002
21.06.1962;0.00948
22.06.1962;0.00842
23.06.1962;0.00842
24.06.1962;0.00787
25.06.1962;0.0073
26.06.1962;0.0073
27.06.1962;0.0073
28.06.1962;0.0073
29.06.1962;0.0073
30.06.1962;0.0073
1.07.1962;0.00787
2.07.1962;0.00787
3.07.1962;0.006
4.07.1962;0.006
5.07.1962;0.00637
6.07.1962;0.00593
7.07.1962;0.00593
8.07.1962;0.00593
9.07.1962;0.0055
10.07.1962;0.00528
11.07.1962;0.00507
12.07.1962;0.00528
13.07.1962;0.00485
14.07.1962;0.00507
15.07.1962;0.00485
16.07.1962;0.00507
17.07.1962;0.00485
18.07.1962;0.00463
19.07.1962;0.00463
20.07.1962;0.00408
21.07.1962;0.00408
22.07.1962;0.00425
23.07.1962;0.00425
24.07.1962;0.00375
25.07.1962;0.00358
26.07.1962;0.00358
27.07.1962;0.00358
28.07.1962;0.00392
29.07.1962;0.00392
30.07.1962;0.00358
31.07.1962;0.00358
1.08.1962;0.00358
2.08.1962;0.00367
3.08.1962;0.00392
4.08.1962;0.00392
5.08.1962;0.00358
6.08.1962;0.00358
7.08.1962;0.00383
8.08.1962;0.00383
9.08.1962;0.00383
10.08.1962;0.00375
11.08.1962;0.00375
12.08.1962;0.00375
13.08.1962;0.004
14.08.1962;0.004
15.08.1962;0.00408
16.08.1962;0.00408
17.08.1962;0.00425
18.08.1962;0.00425
19.08.1962;0.00425
20.08.1962;0.0045
21.08.1962;0.0047
22.08.1962;0.0047
23.08.1962;0.00463
24.08.1962;0.00463
25.08.1962;0.0055
26.08.1962;0.00593
27.08.1962;0.00528
28.08.1962;0.00507
29.08.1962;0.00485
30.08.1962;0.00483
31.08.1962;0.00485
1.09.1962;0.00463
2.09.1962;0.00442
3.09.1962;0.00367
4.09.1962;0.00358
5.09.1962;0.00335
6.09.1962;0.00328
7.09.1962;0.00237
8.09.1962;0.00202
9.09.1962;0.0022
10.09.1962;0.00168
11.09.1962;0.00168
12.09.1962;0.00202
13.09.1962;0.00168
14.09.1962;0.00168
15.09.1962;0.00168
16.09.1962;0.00168
17.09.1962;0.00168
18.09.1962;0.00168
19.09.1962;0.00168
20.09.1962;0.0015
21.09.1962;0.0015
22.09.1962;0.0015
23.09.1962;0.0015
24.09.1962;0.0015
25.09.1962;0.0015
26.09.1962;0.0015
27.09.1962;0.0015
28.09.1962;0.0015
29.09.1962;0.0015
30.09.1962;0.0015
1.10.1962;0.00115
2.10.1962;0.00115
3.10.1962;0.00115
4.10.1962;0.0011
5.10.1962;0.0011
6.10.1962;0.0011
7.10.1962;0.00103
8.10.1962;0.00103
9.10.1962;0.00103
10.10.1962;0.001
11.10.1962;0.00098
12.10.1962;0.00098
13.10.1962;0.00095
14.10.1962;0.00095
15.10.1962;0.00087
16.10.1962;0.00087
17.10.1962;0.00082
18.10.1962;0.00082
19.10.1962;0.00078
20.10.1962;0.00078
21.10.1962;0.00072
22.10.1962;0.00072
23.10.1962;0.00063
24.10.1962;0.00063
25.10.1962;0.0006
26.10.1962;0.0006
27.10.1962;0.0006
28.10.1962;0.0006
29.10.1962;0.0006
30.10.1962;0.0006
31.10.1962;0.0006
1.11.1962;0.0006
2.11.1962;0.0006
3.11.1962;0.0006
4.11.1962;0.0006
5.11.1962;0.00053
6.11.1962;0.00053
7.11.1962;0.00053
8.11.1962;0.00053
9.11.1962;0.00053
10.11.1962;0.00053
11.11.1962;0.00053
12.11.1962;0.00053
13.11.1962;0.00053
14.11.1962;0.00053
15.11.1962;0.00053
16.11.1962;0.00053
17.11.1962;0.00053
18.11.1962;0.00053
19.11.1962;0.00053
20.11.1962;0.00053
21.11.1962;0.00053
22.11.1962;0.00053
23.11.1962;0.0007
24.11.1962;0.00175
25.11.1962;0.0045
26.11.1962;0.0067
27.11.1962;0.00857
28.11.1962;0.01317
29.11.1962;0.01275
30.11.1962;0.01222
1.12.1962;0.01075
2.12.1962;0.01
3.12.1962;0.00983
4.12.1962;0.0092
5.12.1962;0.00837
6.12.1962;0.00795
7.12.1962;0.00777
8.12.1962;0.00733
9.12.1962;0.007
10.12.1962;0.0066
11.12.1962;0.0065
12.12.1962;0.0064
13.12.1962;0.0059
14.12.1962;0.0059
15.12.1962;0.0058
16.12.1962;0.0058
17.12.1962;0.0056
18.12.1962;0.0054
19.12.1962;0.0054
20.12.1962;0.0054
21.12.1962;0.005
22.12.1962;0.005
23.12.1962;0.005
24.12.1962;0.005
25.12.1962;0.005
26.12.1962;0.005
27.12.1962;0.005
28.12.1962;0.005
29.12.1962;0.005
30.12.1962;0.0048
31.12.1962;0.0048
1.01.1963;0.005
2.01.1963;0.0055
3.01.1963;0.0065
4.01.1963;0.00867
5.01.1963;0.01083
6.01.1963;0.013
7.01.1963;0.01453
8.01.1963;0.0183
9.01.1963;0.01895
10.01.1963;0.0199
11.01.1963;0.0199
12.01.1963;0.0199
13.01.1963;0.0199
14.01.1963;0.0199
15.01.1963;0.0199
16.01.1963;0.01918
17.01.1963;0.01885
18.01.1963;0.01793
19.01.1963;0.01725
20.01.1963;0.01692
21.01.1963;0.01627
22.01.1963;0.01578
23.01.1963;0.01568
24.01.1963;0.01518
25.01.1963;0.01582
26.01.1963;0.01392
27.01.1963;0.01375
28.01.1963;0.01358
29.01.1963;0.01358
30.01.1963;0.01332
31.01.1963;0.01277
1.02.1963;0.01143
2.02.1963;0.01087
3.02.1963;0.01065
4.02.1963;0.0101
5.02.1963;0.0096
6.02.1963;0.0096
7.02.1963;0.0096
8.02.1963;0.00942
9.02.1963;0.0093
10.02.1963;0.0091
11.02.1963;0.00878
12.02.1963;0.00878
13.02.1963;0.00868
14.02.1963;0.00847
15.02.1963;0.00843
16.02.1963;0.0084
17.02.1963;0.00837
18.02.1963;0.00837
19.02.1963;0.00837
20.02.1963;0.00837
21.02.1963;0.0079
22.02.1963;0.00722
23.02.1963;0.0071
24.02.1963;0.007
25.02.1963;0.00688
26.02.1963;0.00677
27.02.1963;0.00665
28.02.1963;0.00655
1.03.1963;0.0055
2.03.1963;0.00477
3.03.1963;0.00368
4.03.1963;0.00368
5.03.1963;0.00368
6.03.1963;0.00368
7.03.1963;0.0038
8.03.1963;0.0044
9.03.1963;0.0047
10.03.1963;0.0054
11.03.1963;0.00602
12.03.1963;0.01547
13.03.1963;0.042
14.03.1963;0.10467
15.03.1963;0.10333
16.03.1963;0.09383
17.03.1963;0.08433
18.03.1963;0.0785
19.03.1963;0.07033
20.03.1963;0.0615
21.03.1963;0.05983
22.03.1963;0.06667
23.03.1963;0.10367
24.03.1963;0.1185
25.03.1963;0.12157
26.03.1963;0.12167
27.03.1963;0.12273
28.03.1963;0.13527
29.03.1963;0.15338
30.03.1963;0.15673
31.03.1963;0.16483
1.04.1963;0.16407
2.04.1963;0.16018
3.04.1963;0.14002
4.04.1963;0.13013
5.04.1963;0.1045
6.04.1963;0.0995
7.04.1963;0.089
8.04.1963;0.07933
9.04.1963;0.07333
10.04.1963;0.06483
11.04.1963;0.06333
12.04.1963;0.0585
13.04.1963;0.05583
14.04.1963;0.05833
15.04.1963;0.05983
16.04.1963;0.062
17.04.1963;0.05767
18.04.1963;0.05433
19.04.1963;0.05433
20.04.1963;0.05017
21.04.1963;0.074
22.04.1963;0.07433
23.04.1963;0.07467
24.04.1963;0.07217
25.04.1963;0.06867
26.04.1963;0.06483
27.04.1963;0.057
28.04.1963;0.05467
29.04.1963;0.0525
30.04.1963;0.05083
1.05.1963;0.04783
2.05.1963;0.04617
3.05.1963;0.04317
4.05.1963;0.042
5.05.1963;0.03883
6.05.1963;0.03617
7.05.1963;0.031
8.05.1963;0.0272
9.05.1963;0.0283
10.05.1963;0.0273
11.05.1963;0.0261
12.05.1963;0.02463
13.05.1963;0.02347
14.05.1963;0.023
15.05.1963;0.0215
16.05.1963;0.0221
17.05.1963;0.0201
18.05.1963;0.0204
19.05.1963;0.0181
20.05.1963;0.0176
21.05.1963;0.0184
22.05.1963;0.01685
23.05.1963;0.01663
24.05.1963;0.01663
25.05.1963;0.0163
26.05.1963;0.01577
27.05.1963;0.0163
28.05.1963;0.01697
29.05.1963;0.0162
30.05.1963;0.01557
31.05.1963;0.01535
1.06.1963;0.01515
2.06.1963;0.01488
3.06.1963;0.01578
4.06.1963;0.01418
5.06.1963;0.01368
6.06.1963;0.01308
7.06.1963;0.01275
8.06.1963;0.0126
9.06.1963;0.0121
10.06.1963;0.0118
11.06.1963;0.01075
12.06.1963;0.0115
13.06.1963;0.0115
14.06.1963;0.01138
15.06.1963;0.01138
16.06.1963;0.01128
17.06.1963;0.01128
18.06.1963;0.01128
19.06.1963;0.0115
20.06.1963;0.0115
21.06.1963;0.01118
22.06.1963;0.01108
23.06.1963;0.01103
24.06.1963;0.01098
25.06.1963;0.01032
26.06.1963;0.0101
27.06.1963;0.0099
28.06.1963;0.00963
29.06.1963;0.00942
30.06.1963;0.00942
1.07.1963;0.0092
2.07.1963;0.0091
3.07.1963;0.0088
4.07.1963;0.0087
5.07.1963;0.00848
6.07.1963;0.00817
7.07.1963;0.00805
8.07.1963;0.00773
9.07.1963;0.00763
10.07.1963;0.00743
11.07.1963;0.00785
12.07.1963;0.00827
13.07.1963;0.00743
14.07.1963;0.00658
15.07.1963;0.00647
16.07.1963;0.00635
17.07.1963;0.00613
18.07.1963;0.00613
19.07.1963;0.00603
20.07.1963;0.00592
21.07.1963;0.0057
22.07.1963;0.0057
23.07.1963;0.0055
24.07.1963;0.0053
25.07.1963;0.0052
26.07.1963;0.0051
27.07.1963;0.0051
28.07.1963;0.0049
29.07.1963;0.00485
30.07.1963;0.0048
31.07.1963;0.0048
1.08.1963;0.0046
2.08.1963;0.0046
3.08.1963;0.0045
4.08.1963;0.0046
5.08.1963;0.0043
6.08.1963;0.0042
7.08.1963;0.0041
8.08.1963;0.0038
9.08.1963;0.0039
10.08.1963;0.004
11.08.1963;0.0038
12.08.1963;0.0038
13.08.1963;0.0038
14.08.1963;0.0038
15.08.1963;0.0039
16.08.1963;0.00368
17.08.1963;0.00368
18.08.1963;0.00358
19.08.1963;0.00342
20.08.1963;0.00325
21.08.1963;0.00368
22.08.1963;0.00347
23.08.1963;0.00337
24.08.1963;0.00347
25.08.1963;0.00368
26.08.1963;0.00325
27.08.1963;0.00325
28.08.1963;0.00308
29.08.1963;0.00358
30.08.1963;0.00342
31.08.1963;0.00325
1.09.1963;0.0025
2.09.1963;0.0028
3.09.1963;0.0028
4.09.1963;0.0028
5.09.1963;0.0028
6.09.1963;0.0028
7.09.1963;0.0025
8.09.1963;0.0023
9.09.1963;0.0024
10.09.1963;0.0021
11.09.1963;0.0021
12.09.1963;0.0024
13.09.1963;0.002
14.09.1963;0.0018
15.09.1963;0.00192
16.09.1963;0.0017
17.09.1963;0.0017
18.09.1963;0.0017
19.09.1963;0.0017
20.09.1963;0.0017
21.09.1963;0.0016
22.09.1963;0.0019
23.09.1963;0.0017
24.09.1963;0.0016
25.09.1963;0.0016
26.09.1963;0.0016
27.09.1963;0.0016
28.09.1963;0.0016
29.09.1963;0.0017
30.09.1963;0.0014
1.10.1963;0.0017
2.10.1963;0.0015
3.10.1963;0.0015
4.10.1963;0.0014
5.10.1963;0.0016
6.10.1963;0.0015
7.10.1963;0.0015
8.10.1963;0.0015
9.10.1963;0.0014
10.10.1963;0.0014
11.10.1963;0.0013
12.10.1963;0.0013
13.10.1963;0.0013
14.10.1963;0.0013
15.10.1963;0.0013
16.10.1963;0.0013
17.10.1963;0.0013
18.10.1963;0.0011
19.10.1963;0.0011
20.10.1963;0.0011
21.10.1963;0.0011
22.10.1963;0.001
23.10.1963;0.001
24.10.1963;0.001
25.10.1963;0.001
26.10.1963;0.00083
27.10.1963;0.00083
28.10.1963;0.00083
29.10.1963;0.00083
30.10.1963;0.00083
31.10.1963;0.00083
1.11.1963;0.00092
2.11.1963;0.00092
3.11.1963;0.0009
4.11.1963;0.00088
5.11.1963;0.00088
6.11.1963;0.00085
7.11.1963;0.00085
8.11.1963;0.00083
9.11.1963;0.0008
10.11.1963;0.00078
11.11.1963;0.00077
12.11.1963;0.00078
13.11.1963;0.00077
14.11.1963;0.00077
15.11.1963;0.00077
16.11.1963;0.00077
17.11.1963;0.00077
18.11.1963;0.00077
19.11.1963;0.00075
20.11.1963;0.00072
21.11.1963;0.00068
22.11.1963;0.00065
23.11.1963;0.00065
24.11.1963;0.00058
25.11.1963;0.00052
26.11.1963;0.0005
27.11.1963;0.00052
28.11.1963;0.0005
29.11.1963;0.00048
30.11.1963;0.00048
1.12.1963;0.00047
2.12.1963;0.00047
3.12.1963;0.00047
4.12.1963;0.00047
5.12.1963;0.0005
6.12.1963;0.0005
7.12.1963;0.00045
8.12.1963;0.00045
9.12.1963;0.00045
10.12.1963;0.00043
11.12.1963;0.00043
12.12.1963;0.00043
13.12.1963;0.00043
14.12.1963;0.00043
15.12.1963;0.00043
16.12.1963;0.00043
17.12.1963;0.00043
18.12.1963;0.00042
19.12.1963;0.0004
20.12.1963;0.0004
21.12.1963;0.0004
22.12.1963;0.0004
23.12.1963;0.0004
24.12.1963;0.0004
25.12.1963;0.0004
26.12.1963;0.0004
27.12.1963;0.0004
28.12.1963;0.0004
29.12.1963;0.0004
30.12.1963;0.0004
31.12.1963;0.0004
1.01.1964;0.00038
2.01.1964;0.00037
3.01.1964;0.00037
4.01.1964;0.00037
5.01.1964;0.00037
6.01.1964;0.00037
7.01.1964;0.00037
8.01.1964;0.00035
9.01.1964;0.00037
10.01.1964;0.00035
11.01.1964;0.00035
12.01.1964;0.00035
13.01.1964;0.00035
14.01.1964;0.00035
15.01.1964;0.00035
16.01.1964;0.00035
17.01.1964;0.00035
18.01.1964;0.00033
19.01.1964;0.00033
20.01.1964;0.00032
21.01.1964;0.00032
22.01.1964;0.00032
23.01.1964;0.00032
24.01.1964;0.00032
25.01.1964;0.00032
26.01.1964;0.00032
27.01.1964;0.00032
28.01.1964;0.00032
29.01.1964;0.00032
30.01.1964;0.00032
31.01.1964;0.00032
1.02.1964;0.00032
2.02.1964;0.00032
3.02.1964;0.00032
4.02.1964;0.00032
5.02.1964;0.00032
6.02.1964;0.00032
7.02.1964;0.00032
8.02.1964;0.00032
9.02.1964;0.00032
10.02.1964;0.00032
11.02.1964;0.00032
12.02.1964;0.00032
13.02.1964;0.00032
14.02.1964;0.0003
15.02.1964;0.0003
16.02.1964;0.0003
17.02.1964;0.0003
18.02.1964;0.0003
19.02.1964;0.0003
20.02.1964;0.0003
21.02.1964;0.0003
22.02.1964;0.0003
23.02.1964;0.0003
24.02.1964;0.0003
25.02.1964;0.0003
26.02.1964;0.00028
27.02.1964;0.00028
28.02.1964;0.00028
29.02.1964;0.00047
1.03.1964;0.00067
2.03.1964;0.00053
3.03.1964;0.00043
4.03.1964;0.00037
5.03.1964;0.00033
6.03.1964;0.00032
7.03.1964;0.00032
8.03.1964;0.0003
9.03.1964;0.0003
10.03.1964;0.0003
11.03.1964;0.00028
12.03.1964;0.00028
13.03.1964;0.0003
14.03.1964;0.00033
15.03.1964;0.00032
16.03.1964;0.00028
17.03.1964;0.00028
18.03.1964;0.00028
19.03.1964;0.00028
20.03.1964;0.00028
21.03.1964;0.00028
22.03.1964;0.00105
23.03.1964;0.00978
24.03.1964;0.01483
25.03.1964;0.01483
26.03.1964;0.01463
27.03.1964;0.01418
28.03.1964;0.0193
29.03.1964;0.02638
30.03.1964;0.03347
31.03.1964;0.04055
1.04.1964;0.04055
2.04.1964;0.0334
3.04.1964;0.0329
4.04.1964;0.029
5.04.1964;0.0254
6.04.1964;0.0211
7.04.1964;0.0174
8.04.1964;0.0171
9.04.1964;0.01468
10.04.1964;0.01468
11.04.1964;0.01438
12.04.1964;0.01427
13.04.1964;0.0135
14.04.1964;0.01338
15.04.1964;0.0121
16.04.1964;0.01138
17.04.1964;0.01108
18.04.1964;0.01078
19.04.1964;0.01033
20.04.1964;0.0095
21.04.1964;0.0093
22.04.1964;0.0092
23.04.1964;0.00895
24.04.1964;0.00868
25.04.1964;0.00837
26.04.1964;0.00742
27.04.1964;0.00763
28.04.1964;0.00717
29.04.1964;0.00727
30.04.1964;0.007
1.05.1964;0.00663
2.05.1964;0.0066
3.05.1964;0.00657
4.05.1964;0.00657
5.05.1964;0.00647
6.05.1964;0.00615
7.05.1964;0.0056
8.05.1964;0.0053
9.05.1964;0.0051
10.05.1964;0.0052
11.05.1964;0.0051
12.05.1964;0.005
13.05.1964;0.0049
14.05.1964;0.0048
15.05.1964;0.00477
16.05.1964;0.00473
17.05.1964;0.00472
18.05.1964;0.0047
19.05.1964;0.0045
20.05.1964;0.0045
21.05.1964;0.0045
22.05.1964;0.0045
23.05.1964;0.0045
24.05.1964;0.0044
25.05.1964;0.0043
26.05.1964;0.0043
27.05.1964;0.0043
28.05.1964;0.0038
29.05.1964;0.0038
30.05.1964;0.0038
31.05.1964;0.00392
1.06.1964;0.00392
2.06.1964;0.00392
3.06.1964;0.00352
4.06.1964;0.00312
5.06.1964;0.0027
6.06.1964;0.00265
7.06.1964;0.00262
8.06.1964;0.00257
9.06.1964;0.0028
10.06.1964;0.00303
11.06.1964;0.00325
12.06.1964;0.00325
13.06.1964;0.00325
14.06.1964;0.00325
15.06.1964;0.00325
16.06.1964;0.00308
17.06.1964;0.00292
18.06.1964;0.0032
19.06.1964;0.00347
20.06.1964;0.00347
21.06.1964;0.00333
22.06.1964;0.0033
23.06.1964;0.00327
24.06.1964;0.00325
25.06.1964;0.00325
26.06.1964;0.00313
27.06.1964;0.00302
28.06.1964;0.00292
29.06.1964;0.00315
30.06.1964;0.00347
1.07.1964;0.00347
2.07.1964;0.00327
3.07.1964;0.0024
4.07.1964;0.002
5.07.1964;0.0018
6.07.1964;0.0017
7.07.1964;0.00183
8.07.1964;0.00185
9.07.1964;0.0019
10.07.1964;0.00193
11.07.1964;0.00197
12.07.1964;0.002
13.07.1964;0.002
14.07.1964;0.002
15.07.1964;0.002
16.07.1964;0.00203
17.07.1964;0.00203
18.07.1964;0.0021
19.07.1964;0.00215
20.07.1964;0.0022
21.07.1964;0.00225
22.07.1964;0.0023
23.07.1964;0.0023
24.07.1964;0.0023
25.07.1964;0.0023
26.07.1964;0.0023
27.07.1964;0.0023
28.07.1964;0.0023
29.07.1964;0.00235
30.07.1964;0.0024
31.07.1964;0.00153
1.08.1964;0.00068
2.08.1964;0.00065
3.08.1964;0.00062
4.08.1964;0.00058
5.08.1964;0.00053
6.08.1964;0.0005
7.08.1964;0.00047
8.08.1964;0.00043
9.08.1964;0.00042
10.08.1964;0.00038
11.08.1964;0.00038
12.08.1964;0.00037
13.08.1964;0.00037
14.08.1964;0.00035
15.08.1964;0.00035
16.08.1964;0.00035
17.08.1964;0.00033
18.08.1964;0.00123
19.08.1964;0.00213
20.08.1964;0.0021
21.08.1964;0.00207
22.08.1964;0.00203
23.08.1964;0.00202
24.08.1964;0.002
25.08.1964;0.00288
26.08.1964;0.00392
27.08.1964;0.004
28.08.1964;0.00408
29.08.1964;0.00417
30.08.1964;0.00425
31.08.1964;0.00422
1.09.1964;0.00417
2.09.1964;0.00227
3.09.1964;0.00227
4.09.1964;0.00203
5.09.1964;0.00193
6.09.1964;0.00172
7.09.1964;0.00172
8.09.1964;0.00172
9.09.1964;0.0016
10.09.1964;0.0016
11.09.1964;0.0016
12.09.1964;0.0016
13.09.1964;0.0016
14.09.1964;0.0014
15.09.1964;0.0014
16.09.1964;0.0014
17.09.1964;0.0014
18.09.1964;0.0009
19.09.1964;0.0009
20.09.1964;0.0009
21.09.1964;0.0009
22.09.1964;0.0009
23.09.1964;0.0007
24.09.1964;0.0007
25.09.1964;0.0008
26.09.1964;0.0008
27.09.1964;0.00067
28.09.1964;0.00063
29.09.1964;0.00063
30.09.1964;0.00063
1.10.1964;0.00058
2.10.1964;0.00052
3.10.1964;0.00045
4.10.1964;0.00028
5.10.1964;0.0001
6.10.1964;0
7.10.1964;0
8.10.1964;0
9.10.1964;0
10.10.1964;0
11.10.1964;0.00005
12.10.1964;0.00015
13.10.1964;0.0002
14.10.1964;0.0013
15.10.1964;0.00375
16.10.1964;0.0062
17.10.1964;0.00868
18.10.1964;0.01088
19.10.1964;0.01308
20.10.1964;0.01813
21.10.1964;0.02318
22.10.1964;0.0385
23.10.1964;0.04158
24.10.1964;0.04467
25.10.1964;0.0405
26.10.1964;0.03865
27.10.1964;0.03217
28.10.1964;0.03633
29.10.1964;0.03558
30.10.1964;0.03483
31.10.1964;0.03217
1.11.1964;0.03017
2.11.1964;0.0255
3.11.1964;0.02412
4.11.1964;0.02275
5.11.1964;0.02138
6.11.1964;0.02
7.11.1964;0.01983
8.11.1964;0.01967
9.11.1964;0.01817
10.11.1964;0.01667
11.11.1964;0.01667
12.11.1964;0.01667
13.11.1964;0.0162
14.11.1964;0.01567
15.11.1964;0.01567
16.11.1964;0.01533
17.11.1964;0.01533
18.11.1964;0.01533
19.11.1964;0.01533
20.11.1964;0.01533
21.11.1964;0.01533
22.11.1964;0.01533
23.11.1964;0.01517
24.11.1964;0.01517
25.11.1964;0.01515
26.11.1964;0.01515
27.11.1964;0.01483
28.11.1964;0.01367
29.11.1964;0.0125
30.11.1964;0.011
1.12.1964;0.01537
2.12.1964;0.00867
3.12.1964;0.00873
4.12.1964;0.0088
5.12.1964;0.00883
6.12.1964;0.00917
7.12.1964;0.01017
8.12.1964;0.01025
9.12.1964;0.01033
10.12.1964;0.01033
11.12.1964;0.01025
12.12.1964;0.01017
13.12.1964;0.01025
14.12.1964;0.01033
15.12.1964;0.01175
16.12.1964;0.01317
17.12.1964;0.01333
18.12.1964;0.0135
19.12.1964;0.04067
20.12.1964;0.06783
21.12.1964;0.095
22.12.1964;0.08083
23.12.1964;0.06733
24.12.1964;0.068
25.12.1964;0.068
26.12.1964;0.0695
27.12.1964;0.068
28.12.1964;0.06825
29.12.1964;0.0685
30.12.1964;0.05425
31.12.1964;0.04
1.01.1965;0.03778
2.01.1965;0.03558
3.01.1965;0.03333
4.01.1965;0.03217
5.01.1965;0.031
6.01.1965;0.03333
7.01.1965;0.03333
8.01.1965;0.03333
9.01.1965;0.03333
10.01.1965;0.02683
11.01.1965;0.026
12.01.1965;0.02383
13.01.1965;0.02433
14.01.1965;0.02347
15.01.1965;0.0226
16.01.1965;0.02173
17.01.1965;0.02087
18.01.1965;0.02
19.01.1965;0.01983
20.01.1965;0.02
21.01.1965;0.01978
22.01.1965;0.01957
23.01.1965;0.0228
24.01.1965;0.0185
25.01.1965;0.01797
26.01.1965;0.0175
27.01.1965;0.017
28.01.1965;0.01617
29.01.1965;0.01633
30.01.1965;0.01617
31.01.1965;0.01447
1.02.1965;0.01717
2.02.1965;0.01167
3.02.1965;0.0315
4.02.1965;0.03255
5.02.1965;0.03392
6.02.1965;0.045
7.02.1965;0.042
8.02.1965;0.04032
9.02.1965;0.03858
10.02.1965;0.03683
11.02.1965;0.03508
12.02.1965;0.03333
13.02.1965;0.03192
14.02.1965;0.0305
15.02.1965;0.02908
16.02.1965;0.02767
17.02.1965;0.026
18.02.1965;0.02433
19.02.1965;0.02242
20.02.1965;0.0205
21.02.1965;0.01983
22.02.1965;0.01983
23.02.1965;0.01983
24.02.1965;0.02117
25.02.1965;0.0205
26.02.1965;0.01983
27.02.1965;0.02117
28.02.1965;0.02117
1.03.1965;0.0195
2.03.1965;0.019
3.03.1965;0.01867
4.03.1965;0.0179
5.03.1965;0.01713
6.03.1965;0.01633
7.03.1965;0.01608
8.03.1965;0.01583
9.03.1965;0.01583
10.03.1965;0.01567
11.03.1965;0.01592
12.03.1965;0.01617
13.03.1965;0.01667
14.03.1965;0.02167
15.03.1965;0.02722
16.03.1965;0.03777
17.03.1965;0.04833
18.03.1965;0.09983
19.03.1965;0.15
20.03.1965;0.17333
21.03.1965;0.1675
22.03.1965;0.16167
23.03.1965;0.15333
24.03.1965;0.14773
25.03.1965;0.14213
26.03.1965;0.1365
27.03.1965;0.13433
28.03.1965;0.13033
29.03.1965;0.12532
30.03.1965;0.1045
31.03.1965;0.09283
1.04.1965;0.08115
2.04.1965;0.0695
3.04.1965;0.06365
4.04.1965;0.0625
5.04.1965;0.05038
6.04.1965;0.05572
7.04.1965;0.05527
8.04.1965;0.05482
9.04.1965;0.05433
10.04.1965;0.0455
11.04.1965;0.04233
12.04.1965;0.04
13.04.1965;0.0405
14.04.1965;0.037
15.04.1965;0.03462
16.04.1965;0.03223
17.04.1965;0.0289
18.04.1965;0.03192
19.04.1965;0.034
20.04.1965;0.03192
21.04.1965;0.0289
22.04.1965;0.05883
23.04.1965;0.08783
24.04.1965;0.09683
25.04.1965;0.09592
26.04.1965;0.09583
27.04.1965;0.08317
28.04.1965;0.08002
29.04.1965;0.07693
30.04.1965;0.07382
1.05.1965;0.0707
2.05.1965;0.06758
3.05.1965;0.06447
4.05.1965;0.06133
5.05.1965;0.06025
6.05.1965;0.05917
7.05.1965;0.05808
8.05.1965;0.057
9.05.1965;0.0575
10.05.1965;0.058
11.05.1965;0.06025
12.05.1965;0.0625
13.05.1965;0.05592
14.05.1965;0.04933
15.05.1965;0.0475
16.05.1965;0.04708
17.05.1965;0.04667
18.05.1965;0.04625
19.05.1965;0.04583
20.05.1965;0.04433
21.05.1965;0.04383
22.05.1965;0.04333
23.05.1965;0.04283
24.05.1965;0.04108
25.05.1965;0.03933
26.05.1965;0.03617
27.05.1965;0.03583
28.05.1965;0.037
29.05.1965;0.0425
30.05.1965;0.048
31.05.1965;0.05302
1.06.1965;0.058
2.06.1965;0.05862
3.06.1965;0.05917
4.06.1965;0.05983
5.06.1965;0.11212
6.06.1965;0.1644
7.06.1965;0.21667
8.06.1965;0.26667
9.06.1965;0.3
10.06.1965;0.28333
11.06.1965;0.26667
12.06.1965;0.24583
13.06.1965;0.225
14.06.1965;0.20417
15.06.1965;0.18333
16.06.1965;0.16667
17.06.1965;0.15
18.06.1965;0.14
19.06.1965;0.13
20.06.1965;0.12917
21.06.1965;0.112
22.06.1965;0.105
23.06.1965;0.0925
24.06.1965;0.08383
25.06.1965;0.08167
26.06.1965;0.0725
27.06.1965;0.06365
28.06.1965;0.05917
29.06.1965;0.05583
30.06.1965;0.0525
1.07.1965;0.05353
2.07.1965;0.0544
3.07.1965;0.0556
4.07.1965;0.05663
5.07.1965;0.05767
6.07.1965;0.058
7.07.1965;0.05767
8.07.1965;0.05733
9.07.1965;0.05567
10.07.1965;0.054
11.07.1965;0.05333
12.07.1965;0.05267
13.07.1965;0.052
14.07.1965;0.05133
15.07.1965;0.0475
16.07.1965;0.04217
17.07.1965;0.0395
18.07.1965;0.03683
19.07.1965;0.03417
20.07.1965;0.0325
21.07.1965;0.0305
22.07.1965;0.02947
23.07.1965;0.02843
24.07.1965;0.02762
25.07.1965;0.02637
26.07.1965;0.02533
27.07.1965;0.02433
28.07.1965;0.0225
29.07.1965;0.023
30.07.1965;0.02272
31.07.1965;0.02242
1.08.1965;0.02215
2.08.1965;0.02183
3.08.1965;0.021
4.08.1965;0.0205
5.08.1965;0.01983
6.08.1965;0.01973
7.08.1965;0.01963
8.08.1965;0.01953
9.08.1965;0.01943
10.08.1965;0.01933
11.08.1965;0.01922
12.08.1965;0.01912
13.08.1965;0.019
14.08.1965;0.017
15.08.1965;0.017
16.08.1965;0.017
17.08.1965;0.01723
18.08.1965;0.0175
19.08.1965;0.01783
20.08.1965;0.01533
21.08.1965;0.0149
22.08.1965;0.01447
23.08.1965;0.014
24.08.1965;0.01425
25.08.1965;0.0145
26.08.1965;0.01433
27.08.1965;0.01533
28.08.1965;0.01567
29.08.1965;0.01533
30.08.1965;0.01533
31.08.1965;0.01567
1.09.1965;0.01578
2.09.1965;0.0159
3.09.1965;0.01603
4.09.1965;0.01617
5.09.1965;0.01575
6.09.1965;0.01533
7.09.1965;0.015
8.09.1965;0.015
9.09.1965;0.015
10.09.1965;0.015
11.09.1965;0.015
12.09.1965;0.01488
13.09.1965;0.01483
14.09.1965;0.01433
15.09.1965;0.0145
16.09.1965;0.01425
17.09.1965;0.014
18.09.1965;0.01433
19.09.1965;0.01433
20.09.1965;0.0145
21.09.1965;0.01433
22.09.1965;0.01405
23.09.1965;0.01377
24.09.1965;0.01347
25.09.1965;0.01317
26.09.1965;0.01308
27.09.1965;0.013
28.09.1965;0.01282
29.09.1965;0.01282
30.09.1965;0.01282
1.10.1965;0.01267
2.10.1965;0.01258
3.10.1965;0.0125
4.10.1965;0.01217
5.10.1965;0.01183
6.10.1965;0.01167
7.10.1965;0.01117
8.10.1965;0.01058
9.10.1965;0.01
10.10.1965;0.00942
11.10.1965;0.00883
12.10.1965;0.00967
13.10.1965;0.00933
14.10.1965;0.00917
15.10.1965;0.009
16.10.1965;0.00883
17.10.1965;0.009
18.10.1965;0.00917
19.10.1965;0.0091
20.10.1965;0.00903
21.10.1965;0.00897
22.10.1965;0.0089
23.10.1965;0.00883
24.10.1965;0.0075
25.10.1965;0.00717
26.10.1965;0.0065
27.10.1965;0.00683
28.10.1965;0.0065
29.10.1965;0.00643
30.10.1965;0.00637
31.10.1965;0.00635
1.11.1965;0.00623
2.11.1965;0.00635
3.11.1965;0.00637
4.11.1965;0.0064
5.11.1965;0.00643
6.11.1965;0.0048
7.11.1965;0.00467
8.11.1965;0.0045
9.11.1965;0.00433
10.11.1965;0.0052
11.11.1965;0.00617
12.11.1965;0.0065
13.11.1965;0.00617
14.11.1965;0.006
15.11.1965;0.0058
16.11.1965;0.0069
17.11.1965;0.00693
18.11.1965;0.00697
19.11.1965;0.007
20.11.1965;0.00917
21.11.1965;0.01
22.11.1965;0.01083
23.11.1965;0.01392
24.11.1965;0.017
25.11.1965;0.01717
26.11.1965;0.01733
27.11.1965;0.0175
28.11.1965;0.01767
29.11.1965;0.018
30.11.1965;0.01767
1.12.1965;0.0255
2.12.1965;0.02667
3.12.1965;0.02783
4.12.1965;0.03183
5.12.1965;0.03433
6.12.1965;0.03683
7.12.1965;0.04
8.12.1965;0.04317
9.12.1965;0.04
10.12.1965;0.04167
11.12.1965;0.04833
12.12.1965;0.05833
13.12.1965;0.07933
14.12.1965;0.0755
15.12.1965;0.07407
16.12.1965;0.0725
17.12.1965;0.073
18.12.1965;0.07148
19.12.1965;0.066
20.12.1965;0.0605
21.12.1965;0.04817
22.12.1965;0.04778
23.12.1965;0.0474
24.12.1965;0.047
25.12.1965;0.04662
26.12.1965;0.04623
27.12.1965;0.04583
28.12.1965;0.04542
29.12.1965;0.045
30.12.1965;0.02733
31.12.1965;0.02583
1.01.1966;0.025
2.01.1966;0.03
3.01.1966;0.04933
4.01.1966;0.05117
5.01.1966;0.04782
6.01.1966;0.0445
7.01.1966;0.04117
8.01.1966;0.03783
9.01.1966;0.0345
10.01.1966;0.03108
11.01.1966;0.03067
12.01.1966;0.03025
13.01.1966;0.02983
14.01.1966;0.02942
15.01.1966;0.029
16.01.1966;0.02858
17.01.1966;0.02817
18.01.1966;0.02723
19.01.1966;0.02657
20.01.1966;0.02497
21.01.1966;0.0235
22.01.1966;0.023
23.01.1966;0.02292
24.01.1966;0.02283
25.01.1966;0.0225
26.01.1966;0.02242
27.01.1966;0.02233
28.01.1966;0.02083
29.01.1966;0.0205
30.01.1966;0.02083
31.01.1966;0.02033
1.02.1966;0.02033
2.02.1966;0.02033
3.02.1966;0.0175
4.02.1966;0.01725
5.02.1966;0.02033
6.02.1966;0.02033
7.02.1966;0.0255
8.02.1966;0.02693
9.02.1966;0.02837
10.02.1966;0.02983
11.02.1966;0.05333
12.02.1966;0.09667
13.02.1966;0.10833
14.02.1966;0.12933
15.02.1966;0.13365
16.02.1966;0.13817
17.02.1966;0.13657
18.02.1966;0.13448
19.02.1966;0.133
20.02.1966;0.14625
21.02.1966;0.14283
22.02.1966;0.1625
23.02.1966;0.15553
24.02.1966;0.14805
25.02.1966;0.14083
26.02.1966;0.13583
27.02.1966;0.13032
28.02.1966;0.11683
1.03.1966;0.10483
2.03.1966;0.10083
3.03.1966;0.0975
4.03.1966;0.0955
5.03.1966;0.09283
6.03.1966;0.08033
7.03.1966;0.06933
8.03.1966;0.06067
9.03.1966;0.05827
10.03.1966;0.05588
11.03.1966;0.0535
12.03.1966;0.05287
13.03.1966;0.05227
14.03.1966;0.05167
15.03.1966;0.04833
16.03.1966;0.05167
17.03.1966;0.05583
18.03.1966;0.06033
19.03.1966;0.06367
20.03.1966;0.06833
21.03.1966;0.0725
22.03.1966;0.06767
23.03.1966;0.06283
24.03.1966;0.058
25.03.1966;0.05317
26.03.1966;0.051
27.03.1966;0.0495
28.03.1966;0.04793
29.03.1966;0.04637
30.03.1966;0.0448
31.03.1966;0.04323
1.04.1966;0.04167
2.04.1966;0.0405
3.04.1966;0.03917
4.04.1966;0.03617
5.04.1966;0.03507
6.04.1966;0.03397
7.04.1966;0.03283
8.04.1966;0.03275
9.04.1966;0.03267
10.04.1966;0.03258
11.04.1966;0.0325
12.04.1966;0.03717
13.04.1966;0.04183
14.04.1966;0.0465
15.04.1966;0.04933
16.04.1966;0.04873
17.04.1966;0.04813
18.04.1966;0.0475
19.04.1966;0.04517
20.04.1966;0.04512
21.04.1966;0.04507
22.04.1966;0.04503
23.04.1966;0.045
24.04.1966;0.04617
25.04.1966;0.0475
26.04.1966;0.04867
27.04.1966;0.0499
28.04.1966;0.0478
29.04.1966;0.04733
30.04.1966;0.04673
1.05.1966;0.04613
2.05.1966;0.0455
3.05.1966;0.04
4.05.1966;0.03933
5.05.1966;0.04
6.05.1966;0.03933
7.05.1966;0.03867
8.05.1966;0.036
9.05.1966;0.03333
10.05.1966;0.035
11.05.1966;0.0395
12.05.1966;0.039
13.05.1966;0.0385
14.05.1966;0.03817
15.05.1966;0.03783
16.05.1966;0.0375
17.05.1966;0.03733
18.05.1966;0.037
19.05.1966;0.03683
20.05.1966;0.03667
21.05.1966;0.0361
22.05.1966;0.03555
23.05.1966;0.035
24.05.1966;0.0325
25.05.1966;0.03
26.05.1966;0.02635
27.05.1966;0.02733
28.05.1966;0.026
29.05.1966;0.02467
30.05.1966;0.02333
31.05.1966;0.02312
1.06.1966;0.0229
2.06.1966;0.02267
3.06.1966;0.02217
4.06.1966;0.02167
5.06.1966;0.02083
6.06.1966;0.02
7.06.1966;0.0195
8.06.1966;0.019
9.06.1966;0.01887
10.06.1966;0.01877
11.06.1966;0.01863
12.06.1966;0.01848
13.06.1966;0.01833
14.06.1966;0.01812
15.06.1966;0.0179
16.06.1966;0.01767
17.06.1966;0.01733
18.06.1966;0.017
19.06.1966;0.01675
20.06.1966;0.0165
21.06.1966;0.01625
22.06.1966;0.016
23.06.1966;0.01567
24.06.1966;0.01533
25.06.1966;0.01483
26.06.1966;0.01433
27.06.1966;0.01383
28.06.1966;0.01333
29.06.1966;0.0129
30.06.1966;0.01253
1.07.1966;0.012
2.07.1966;0.01172
3.07.1966;0.0115
4.07.1966;0.01133
5.07.1966;0.01117
6.07.1966;0.011
7.07.1966;0.01093
8.07.1966;0.01087
9.07.1966;0.0108
10.07.1966;0.01073
11.07.1966;0.01067
12.07.1966;0.01047
13.07.1966;0.01027
14.07.1966;0.01007
15.07.1966;0.00987
16.07.1966;0.00983
17.07.1966;0.00943
18.07.1966;0.00917
19.07.1966;0.00875
20.07.1966;0.00833
21.07.1966;0.00792
22.07.1966;0.0075
23.07.1966;0.0075
24.07.1966;0.0075
25.07.1966;0.00745
26.07.1966;0.00745
27.07.1966;0.00745
28.07.1966;0.0074
29.07.1966;0.0074
30.07.1966;0.0074
31.07.1966;0.00733
1.08.1966;0.00733
2.08.1966;0.00733
3.08.1966;0.00725
4.08.1966;0.00717
5.08.1966;0.00708
6.08.1966;0.007
7.08.1966;0.00692
8.08.1966;0.00683
9.08.1966;0.00683
10.08.1966;0.0068
11.08.1966;0.00677
12.08.1966;0.00673
13.08.1966;0.0067
14.08.1966;0.00667
15.08.1966;0.00667
16.08.1966;0.00667
17.08.1966;0.00667
18.08.1966;0.007
19.08.1966;0.00733
20.08.1966;0.00758
21.08.1966;0.00783
22.08.1966;0.0075
23.08.1966;0.007
24.08.1966;0.00667
25.08.1966;0.00627
26.08.1966;0.00587
27.08.1966;0.00547
28.08.1966;0.00503
29.08.1966;0.00467
30.08.1966;0.00445
31.08.1966;0.00423
1.09.1966;0.00403
2.09.1966;0.00383
3.09.1966;0.0036
4.09.1966;0.00357
5.09.1966;0.00353
6.09.1966;0.00345
7.09.1966;0.00337
8.09.1966;0.00375
9.09.1966;0.00325
10.09.1966;0.00327
11.09.1966;0.00328
12.09.1966;0.0033
13.09.1966;0.00302
14.09.1966;0.00278
15.09.1966;0.0029
16.09.1966;0.00287
17.09.1966;0.00283
18.09.1966;0.00282
19.09.1966;0.00278
20.09.1966;0.00273
21.09.1966;0.00268
22.09.1966;0.00262
23.09.1966;0.00257
24.09.1966;0.0025
25.09.1966;0.00247
26.09.1966;0.00308
27.09.1966;0.00292
28.09.1966;0.00275
29.09.1966;0.00257
30.09.1966;0.00257
1.10.1966;0.00255
2.10.1966;0.00255
3.10.1966;0.00257
4.10.1966;0.00245
5.10.1966;0.00232
6.10.1966;0.00228
7.10.1966;0.00227
8.10.1966;0.00223
9.10.1966;0.0022
10.10.1966;0.0024
11.10.1966;0.0024
12.10.1966;0.0024
13.10.1966;0.00238
14.10.1966;0.00238
15.10.1966;0.00237
16.10.1966;0.00237
17.10.1966;0.00235
18.10.1966;0.00242
19.10.1966;0.00303
20.10.1966;0.00303
21.10.1966;0.00298
22.10.1966;0.0029
23.10.1966;0.00282
24.10.1966;0.00277
25.10.1966;0.00277
26.10.1966;0.00277
27.10.1966;0.0031
28.10.1966;0.00293
29.10.1966;0.00277
30.10.1966;0.00252
31.10.1966;0.00247
1.11.1966;0.00248
2.11.1966;0.00252
3.11.1966;0.00252
4.11.1966;0.00252
5.11.1966;0.00242
6.11.1966;0.00235
7.11.1966;0.00235
8.11.1966;0.00235
9.11.1966;0.00235
10.11.1966;0.00232
11.11.1966;0.00232
12.11.1966;0.0023
13.11.1966;0.00222
14.11.1966;0.00218
15.11.1966;0.00222
16.11.1966;0.00225
17.11.1966;0.00227
18.11.1966;0.00327
19.11.1966;0.00432
20.11.1966;0.00467
21.11.1966;0.00595
22.11.1966;0.00603
23.11.1966;0.00603
24.11.1966;0.00777
25.11.1966;0.0186
26.11.1966;0.0281
27.11.1966;0.02727
28.11.1966;0.02367
29.11.1966;0.02283
30.11.1966;0.02005
1.12.1966;0.019
2.12.1966;0.01728
3.12.1966;0.01702
4.12.1966;0.04195
5.12.1966;0.06958
6.12.1966;0.06208
7.12.1966;0.05542
8.12.1966;0.05042
9.12.1966;0.04705
10.12.1966;0.04372
11.12.1966;0.04172
12.12.1966;0.03448
13.12.1966;0.03032
14.12.1966;0.02665
15.12.1966;0.02697
16.12.1966;0.02223
17.12.1966;0.02357
18.12.1966;0.02107
19.12.1966;0.02058
20.12.1966;0.02012
21.12.1966;0.01963
22.12.1966;0.01917
23.12.1966;0.0187
24.12.1966;0.01822
25.12.1966;0.01775
26.12.1966;0.01727
27.12.1966;0.0168
28.12.1966;0.01632
29.12.1966;0.01585
30.12.1966;0.01537
31.12.1966;0.01458
1.01.1967;0.01343
2.01.1967;0.01343
3.01.1967;0.01227
4.01.1967;0.01227
5.01.1967;0.01227
6.01.1967;0.01227
7.01.1967;0.01112
8.01.1967;0.01112
9.01.1967;0.01112
10.01.1967;0.00995
11.01.1967;0.00995
12.01.1967;0.00995
13.01.1967;0.00995
14.01.1967;0.00995
15.01.1967;0.00995
16.01.1967;0.00995
17.01.1967;0.00995
18.01.1967;0.00938
19.01.1967;0.00938
20.01.1967;0.00938
21.01.1967;0.0088
22.01.1967;0.0088
23.01.1967;0.0088
24.01.1967;0.00822
25.01.1967;0.00822
26.01.1967;0.00822
27.01.1967;0.00763
28.01.1967;0.00763
29.01.1967;0.00763
30.01.1967;0.00763
31.01.1967;0.00763
1.02.1967;0.00763
2.02.1967;0.00763
3.02.1967;0.00707
4.02.1967;0.00707
5.02.1967;0.00707
6.02.1967;0.00718
7.02.1967;0.00718
8.02.1967;0.00707
9.02.1967;0.00648
10.02.1967;0.00648
11.02.1967;0.00648
12.02.1967;0.00648
13.02.1967;0.00648
14.02.1967;0.00707
15.02.1967;0.00707
16.02.1967;0.00707
17.02.1967;0.00648
18.02.1967;0.00648
19.02.1967;0.00648
20.02.1967;0.00648
21.02.1967;0.00707
22.02.1967;0.00763
23.02.1967;0.00948
24.02.1967;0.01007
25.02.1967;0.01065
26.02.1967;0.01065
27.02.1967;0.01123
28.02.1967;0.01123
1.03.1967;0.0118
2.03.1967;0.01585
3.03.1967;0.01817
4.03.1967;0.01933
5.03.1967;0.03333
6.03.1967;0.12153
7.03.1967;0.12605
8.03.1967;0.11678
9.03.1967;0.11447
10.03.1967;0.12037
11.03.1967;0.11215
12.03.1967;0.09827
13.03.1967;0.08668
14.03.1967;0.07627
15.03.1967;0.07165
16.03.1967;0.06702
17.03.1967;0.06007
18.03.1967;0.05892
19.03.1967;0.05302
20.03.1967;0.05185
21.03.1967;0.0507
22.03.1967;0.04953
23.03.1967;0.04607
24.03.1967;0.0426
25.03.1967;0.04248
26.03.1967;0.04248
27.03.1967;0.04248
28.03.1967;0.04202
29.03.1967;0.04143
30.03.1967;0.04028
31.03.1967;0.03797
1.04.1967;0.03448
2.04.1967;0.03448
3.04.1967;0.03472
4.04.1967;0.03345
5.04.1967;0.0323
6.04.1967;0.03345
7.04.1967;0.16157
8.04.1967;0.26412
9.04.1967;0.22362
10.04.1967;0.20278
11.04.1967;0.18275
12.04.1967;0.15845
13.04.1967;0.13762
14.04.1967;0.1419
15.04.1967;0.14885
16.04.1967;0.14073
17.04.1967;0.13102
18.04.1967;0.11597
19.04.1967;0.10405
20.04.1967;0.09248
21.04.1967;0.08553
22.04.1967;0.07743
23.04.1967;0.0728
24.04.1967;0.06922
25.04.1967;0.0669
26.04.1967;0.06343
27.04.1967;0.05995
28.04.1967;0.05648
29.04.1967;0.05358
30.04.1967;0.04838
1.05.1967;0.04607
2.05.1967;0.04375
3.05.1967;0.04028
4.05.1967;0.0368
5.05.1967;0.03448
6.05.1967;0.03448
7.05.1967;0.03448
8.05.1967;0.03333
9.05.1967;0.03333
10.05.1967;0.03448
11.05.1967;0.03448
12.05.1967;0.03333
13.05.1967;0.03333
14.05.1967;0.03043
15.05.1967;0.0287
16.05.1967;0.02813
17.05.1967;0.02813
18.05.1967;0.02813
19.05.1967;0.02755
20.05.1967;0.02638
21.05.1967;0.02523
22.05.1967;0.02177
23.05.1967;0.02292
24.05.1967;0.02292
25.05.1967;0.02755
26.05.1967;0.02177
27.05.1967;0.0206
28.05.1967;0.0206
29.05.1967;0.02002
30.05.1967;0.01945
31.05.1967;0.01828
1.06.1967;0.01828
2.06.1967;0.01772
3.06.1967;0.01772
4.06.1967;0.01772
5.06.1967;0.01713
6.06.1967;0.01713
7.06.1967;0.01702
8.06.1967;0.01643
9.06.1967;0.01643
10.06.1967;0.01585
11.06.1967;0.01585
12.06.1967;0.01585
13.06.1967;0.01585
14.06.1967;0.01585
15.06.1967;0.0147
16.06.1967;0.0154
17.06.1967;0.01365
18.06.1967;0.01308
19.06.1967;0.0125
20.06.1967;0.0125
21.06.1967;0.01192
22.06.1967;0.01135
23.06.1967;0.01018
24.06.1967;0.0096
25.06.1967;0.00927
26.06.1967;0.00892
27.06.1967;0.00892
28.06.1967;0.00892
29.06.1967;0.00892
30.06.1967;0.00868
1.07.1967;0.0081
2.07.1967;0.00787
3.07.1967;0.00775
4.07.1967;0.00763
5.07.1967;0.00763
6.07.1967;0.00752
7.07.1967;0.00718
8.07.1967;0.00672
9.07.1967;0.0066
10.07.1967;0.00648
11.07.1967;0.00625
12.07.1967;0.0059
13.07.1967;0.0059
14.07.1967;0.0059
15.07.1967;0.0059
16.07.1967;0.00625
17.07.1967;0.00648
18.07.1967;0.00648
19.07.1967;0.00648
20.07.1967;0.00695
21.07.1967;0.00695
22.07.1967;0.00695
23.07.1967;0.0073
24.07.1967;0.00718
25.07.1967;0.00695
26.07.1967;0.00695
27.07.1967;0.00695
28.07.1967;0.00672
29.07.1967;0.00672
30.07.1967;0.00637
31.07.1967;0.00637
1.08.1967;0.00637
2.08.1967;0.00637
3.08.1967;0.00625
4.08.1967;0.00613
5.08.1967;0.00613
6.08.1967;0.0059
7.08.1967;0.00578
8.08.1967;0.00555
9.08.1967;0.00532
10.08.1967;0.0051
11.08.1967;0.00475
12.08.1967;0.00452
13.08.1967;0.00417
14.08.1967;0.00393
15.08.1967;0.00393
16.08.1967;0.00382
17.08.1967;0.0037
18.08.1967;0.00358
19.08.1967;0.00347
20.08.1967;0.00335
21.08.1967;0.00323
22.08.1967;0.00323
23.08.1967;0.00323
24.08.1967;0.00323
25.08.1967;0.00323
26.08.1967;0.00323
27.08.1967;0.00323
28.08.1967;0.00323
29.08.1967;0.00323
30.08.1967;0.00323
31.08.1967;0.00318
1.09.1967;0.00318
2.09.1967;0.00318
3.09.1967;0.00313
4.09.1967;0.00313
5.09.1967;0.00313
6.09.1967;0.00302
7.09.1967;0.00302
8.09.1967;0.00302
9.09.1967;0.00295
10.09.1967;0.00295
11.09.1967;0.00283
12.09.1967;0.0029
13.09.1967;0.0029
14.09.1967;0.00295
15.09.1967;0.00295
16.09.1967;0.00302
17.09.1967;0.00307
18.09.1967;0.00313
19.09.1967;0.00313
20.09.1967;0.00323
21.09.1967;0.00335
22.09.1967;0.00347
23.09.1967;0.00358
24.09.1967;0.0037
25.09.1967;0.0037
26.09.1967;0.00365
27.09.1967;0.00353
28.09.1967;0.00342
29.09.1967;0.0033
30.09.1967;0.00318
1.10.1967;0.00295
2.10.1967;0.00283
3.10.1967;0.00295
4.10.1967;0.00307
5.10.1967;0.00353
6.10.1967;0.00313
7.10.1967;0.00307
8.10.1967;0.00318
9.10.1967;0.00318
10.10.1967;0.00318
11.10.1967;0.00313
12.10.1967;0.00313
13.10.1967;0.00313
14.10.1967;0.00313
15.10.1967;0.00307
16.10.1967;0.00307
17.10.1967;0.00307
18.10.1967;0.00307
19.10.1967;0.00318
20.10.1967;0.00323
21.10.1967;0.00323
22.10.1967;0.00323
23.10.1967;0.00318
24.10.1967;0.00318
25.10.1967;0.00318
26.10.1967;0.00318
27.10.1967;0.00323
28.10.1967;0.0033
29.10.1967;0.0033
30.10.1967;0.0033
31.10.1967;0.0033
1.11.1967;0.00323
2.11.1967;0.00323
3.11.1967;0.00313
4.11.1967;0.00302
5.11.1967;0.00302
6.11.1967;0.0029
7.11.1967;0.00278
8.11.1967;0.00267
9.11.1967;0.00255
10.11.1967;0.00255
11.11.1967;0.00248
12.11.1967;0.00248
13.11.1967;0.00243
14.11.1967;0.00237
15.11.1967;0.00237
16.11.1967;0.00237
17.11.1967;0.00237
18.11.1967;0.00237
19.11.1967;0.00237
20.11.1967;0.00232
21.11.1967;0.00243
22.11.1967;0.00255
23.11.1967;0.00248
24.11.1967;0.00248
25.11.1967;0.00243
26.11.1967;0.00243
27.11.1967;0.00232
28.11.1967;0.00225
29.11.1967;0.00225
30.11.1967;0.00225
1.12.1967;0.0022
2.12.1967;0.0022
3.12.1967;0.0022
4.12.1967;0.00213
5.12.1967;0.00213
6.12.1967;0.00213
7.12.1967;0.00213
8.12.1967;0.00213
9.12.1967;0.00213
10.12.1967;0.00213
11.12.1967;0.00213
12.12.1967;0.00213
13.12.1967;0.00213
14.12.1967;0.00213
15.12.1967;0.00208
16.12.1967;0.00203
17.12.1967;0.00203
18.12.1967;0.00203
19.12.1967;0.00208
20.12.1967;0.00208
21.12.1967;0.00208
22.12.1967;0.00208
23.12.1967;0.00208
24.12.1967;0.00208
25.12.1967;0.00208
26.12.1967;0.00225
27.12.1967;0.00248
28.12.1967;0.00272
29.12.1967;0.00283
30.12.1967;0.00307
31.12.1967;0.00318
1.01.1968;0.00365
2.01.1968;0.0037
3.01.1968;0.00358
4.01.1968;0.00365
5.01.1968;0.00365
6.01.1968;0.00365
7.01.1968;0.00388
8.01.1968;0.00412
9.01.1968;0.00422
10.01.1968;0.00433
11.01.1968;0.00428
12.01.1968;0.00422
13.01.1968;0.00428
14.01.1968;0.00433
15.01.1968;0.00457
16.01.1968;0.00433
17.01.1968;0.00457
18.01.1968;0.00457
19.01.1968;0.00445
20.01.1968;0.00445
21.01.1968;0.00393
22.01.1968;0.00388
23.01.1968;0.00335
24.01.1968;0.00313
25.01.1968;0.0029
26.01.1968;0.00272
27.01.1968;0.00272
28.01.1968;0.00318
29.01.1968;0.00307
30.01.1968;0.00307
31.01.1968;0.00302
1.02.1968;0.00307
2.02.1968;0.00335
3.02.1968;0.00295
4.02.1968;0.00295
5.02.1968;0.00318
6.02.1968;0.00318
7.02.1968;0.00323
8.02.1968;0.00353
9.02.1968;0.00463
10.02.1968;0.0059
11.02.1968;0.00822
12.02.1968;0.00983
13.02.1968;0.0132
14.02.1968;0.0103
15.02.1968;0.00983
16.02.1968;0.00927
17.02.1968;0.00927
18.02.1968;0.00972
19.02.1968;0.00983
20.02.1968;0.01018
21.02.1968;0.00983
22.02.1968;0.00972
23.02.1968;0.00938
24.02.1968;0.00995
25.02.1968;0.01262
26.02.1968;0.02118
27.02.1968;0.02778
28.02.1968;0.03148
29.02.1968;0.0301
1.03.1968;0.02697
2.03.1968;0.02327
3.03.1968;0.02002
4.03.1968;0.0184
5.03.1968;0.01817
6.03.1968;0.01748
7.03.1968;0.0162
8.03.1968;0.01528
9.03.1968;0.01573
10.03.1968;0.01528
11.03.1968;0.01528
12.03.1968;0.01482
13.03.1968;0.01435
14.03.1968;0.01388
15.03.1968;0.01343
16.03.1968;0.0132
17.03.1968;0.01273
18.03.1968;0.01262
19.03.1968;0.01262
20.03.1968;0.01262
21.03.1968;0.01273
22.03.1968;0.01227
23.03.1968;0.01343
24.03.1968;0.0162
25.03.1968;0.0191
26.03.1968;0.01922
27.03.1968;0.02095
28.03.1968;0.02095
29.03.1968;0.02107
30.03.1968;0.02037
31.03.1968;0.0198
1.04.1968;0.01828
2.04.1968;0.01713
3.04.1968;0.01632
4.04.1968;0.01597
5.04.1968;0.01573
6.04.1968;0.01597
7.04.1968;0.01632
8.04.1968;0.01632
9.04.1968;0.01678
10.04.1968;0.01262
11.04.1968;0.02142
12.04.1968;0.03762
13.04.1968;0.03877
14.04.1968;0.0419
15.04.1968;0.04305
16.04.1968;0.04097
17.04.1968;0.03935
18.04.1968;0.03623
19.04.1968;0.03448
20.04.1968;0.0324
21.04.1968;0.03078
22.04.1968;0.0301
23.04.1968;0.02662
24.04.1968;0.02453
25.04.1968;0.02233
26.04.1968;0.01875
27.04.1968;0.01828
28.04.1968;0.01805
29.04.1968;0.01748
30.04.1968;0.01713
1.05.1968;0.01655
2.05.1968;0.01678
3.05.1968;0.01678
4.05.1968;0.01632
5.05.1968;0.01585
6.05.1968;0.01585
7.05.1968;0.01505
8.05.1968;0.01423
9.05.1968;0.01377
10.05.1968;0.01377
11.05.1968;0.01435
12.05.1968;0.01388
13.05.1968;0.0129
14.05.1968;0.01192
15.05.1968;0.01192
16.05.1968;0.01065
17.05.1968;0.01065
18.05.1968;0.01053
19.05.1968;0.00983
20.05.1968;0.00983
21.05.1968;0.00983
22.05.1968;0.0096
23.05.1968;0.0088
24.05.1968;0.0088
25.05.1968;0.0088
26.05.1968;0.0088
27.05.1968;0.00868
28.05.1968;0.0088
29.05.1968;0.00892
30.05.1968;0.0088
31.05.1968;0.00868
1.06.1968;0.00857
2.06.1968;0.00833
3.06.1968;0.00752
4.06.1968;0.0073
5.06.1968;0.0073
6.06.1968;0.0073
7.06.1968;0.0073
8.06.1968;0.0073
9.06.1968;0.0073
10.06.1968;0.00718
11.06.1968;0.00695
12.06.1968;0.00637
13.06.1968;0.00637
14.06.1968;0.00637
15.06.1968;0.00567
16.06.1968;0.00567
17.06.1968;0.00578
18.06.1968;0.00562
19.06.1968;0.00527
20.06.1968;0.00562
21.06.1968;0.00555
22.06.1968;0.00532
23.06.1968;0.0051
24.06.1968;0.00522
25.06.1968;0.00522
26.06.1968;0.00522
27.06.1968;0.0048
28.06.1968;0.00463
29.06.1968;0.00463
30.06.1968;0.00457
1.07.1968;0.00515
2.07.1968;0.0048
3.07.1968;0.0048
4.07.1968;0.00475
5.07.1968;0.00475
6.07.1968;0.00475
7.07.1968;0.00475
8.07.1968;0.00468
9.07.1968;0.00468
10.07.1968;0.00445
11.07.1968;0.00417
12.07.1968;0.00412
13.07.1968;0.00405
14.07.1968;0.004
15.07.1968;0.00412
16.07.1968;0.00405
17.07.1968;0.00405
18.07.1968;0.00487
19.07.1968;0.00567
20.07.1968;0.00578
21.07.1968;0.00538
22.07.1968;0.0055
23.07.1968;0.00527
24.07.1968;0.00487
25.07.1968;0.0051
26.07.1968;0.00522
27.07.1968;0.00543
28.07.1968;0.00543
29.07.1968;0.00543
30.07.1968;0.00522
31.07.1968;0.00527
1.08.1968;0.00475
2.08.1968;0.00452
3.08.1968;0.00452
4.08.1968;0.00452
5.08.1968;0.00452
6.08.1968;0.00393
7.08.1968;0.00393
8.08.1968;0.00393
9.08.1968;0.00393
10.08.1968;0.00428
11.08.1968;0.00428
12.08.1968;0.00393
13.08.1968;0.00353
14.08.1968;0.00307
15.08.1968;0.00295
16.08.1968;0.00283
17.08.1968;0.0026
18.08.1968;0.0026
19.08.1968;0.00237
20.08.1968;0.0022
21.08.1968;0.00232
22.08.1968;0.00243
23.08.1968;0.00278
24.08.1968;0.00243
25.08.1968;0.00243
26.08.1968;0.00248
27.08.1968;0.00248
28.08.1968;0.00278
29.08.1968;0.00278
30.08.1968;0.00272
31.08.1968;0.00243
1.09.1968;0.00243
2.09.1968;0.00243
3.09.1968;0.00232
4.09.1968;0.00208
5.09.1968;0.00208
6.09.1968;0.00208
7.09.1968;0.00203
8.09.1968;0.00192
9.09.1968;0.0018
10.09.1968;0.0018
11.09.1968;0.0018
12.09.1968;0.0018
13.09.1968;0.00185
14.09.1968;0.00185
15.09.1968;0.00185
16.09.1968;0.00185
17.09.1968;0.00185
18.09.1968;0.00185
19.09.1968;0.00185
20.09.1968;0.00192
21.09.1968;0.00185
22.09.1968;0.00192
23.09.1968;0.00192
24.09.1968;0.00192
25.09.1968;0.00197
26.09.1968;0.00197
27.09.1968;0.00197
28.09.1968;0.00203
29.09.1968;0.00203
30.09.1968;0.00203
1.10.1968;0.00203
2.10.1968;0.00203
3.10.1968;0.00203
4.10.1968;0.00203
5.10.1968;0.00213
6.10.1968;0.00225
7.10.1968;0.0022
8.10.1968;0.0022
9.10.1968;0.0022
10.10.1968;0.00232
11.10.1968;0.00237
12.10.1968;0.00225
13.10.1968;0.00225
14.10.1968;0.00213
15.10.1968;0.00225
16.10.1968;0.00237
17.10.1968;0.0022
18.10.1968;0.00192
19.10.1968;0.00203
20.10.1968;0.00203
21.10.1968;0.00208
22.10.1968;0.00208
23.10.1968;0.00208
24.10.1968;0.00208
25.10.1968;0.00208
26.10.1968;0.00213
27.10.1968;0.00213
28.10.1968;0.00225
29.10.1968;0.00213
30.10.1968;0.00203
31.10.1968;0.00213
1.11.1968;0.00232
2.11.1968;0.00225
3.11.1968;0.0022
4.11.1968;0.00208
5.11.1968;0.00173
6.11.1968;0.00173
7.11.1968;0.00173
8.11.1968;0.00173
9.11.1968;0.00173
10.11.1968;0.00173
11.11.1968;0.00157
12.11.1968;0.00162
13.11.1968;0.00173
14.11.1968;0.00248
15.11.1968;0.00248
16.11.1968;0.00272
17.11.1968;0.00817
18.11.1968;0.04513
19.11.1968;0.07638
20.11.1968;0.061
21.11.1968;0.04942
22.11.1968;0.04305
23.11.1968;0.02685
24.11.1968;0.03553
25.11.1968;0.02802
26.11.1968;0.02222
27.11.1968;0.02025
28.11.1968;0.01898
29.11.1968;0.0184
30.11.1968;0.01713
1.12.1968;0.01608
2.12.1968;0.01563
3.12.1968;0.01552
4.12.1968;0.01435
5.12.1968;0.01435
6.12.1968;0.01435
7.12.1968;0.01435
8.12.1968;0.01355
9.12.1968;0.01297
10.12.1968;0.01203
11.12.1968;0.01182
12.12.1968;0.01123
13.12.1968;0.01053
14.12.1968;0.01007
15.12.1968;0.00995
16.12.1968;0.00983
17.12.1968;0.01088
18.12.1968;0.01088
19.12.1968;0.04745
20.12.1968;0.03738
21.12.1968;0.04202
22.12.1968;0.04202
23.12.1968;0.04202
24.12.1968;0.04085
25.12.1968;0.03738
26.12.1968;0.03565
27.12.1968;0.03218
28.12.1968;0.0294
29.12.1968;0.02813
30.12.1968;0.02685
31.12.1968;0.02453
1.01.1969;0.02107
2.01.1969;0.0199
3.01.1969;0.01643
4.01.1969;0.01585
5.01.1969;0.01528
6.01.1969;0.01528
7.01.1969;0.01528
8.01.1969;0.01355
9.01.1969;0.0132
10.01.1969;0.01308
11.01.1969;0.01308
12.01.1969;0.01308
13.01.1969;0.01297
14.01.1969;0.01297
15.01.1969;0.0118
16.01.1969;0.01123
17.01.1969;0.01077
18.01.1969;0.00948
19.01.1969;0.00892
20.01.1969;0.00995
21.01.1969;0.01053
22.01.1969;0.01112
23.01.1969;0.01227
24.01.1969;0.01227
25.01.1969;0.01215
26.01.1969;0.01215
27.01.1969;0.00983
28.01.1969;0.00868
29.01.1969;0.00868
30.01.1969;0.00892
31.01.1969;0.00915
1.02.1969;0.00972
2.02.1969;0.00972
3.02.1969;0.01088
4.02.1969;0.01112
5.02.1969;0.01135
6.02.1969;0.01135
7.02.1969;0.01147
8.02.1969;0.01147
9.02.1969;0.01147
10.02.1969;0.01147
11.02.1969;0.0103
12.02.1969;0.00915
13.02.1969;0.0096
14.02.1969;0.0096
15.02.1969;0.00892
16.02.1969;0.01065
17.02.1969;0.00948
18.02.1969;0.00915
19.02.1969;0.0088
20.02.1969;0.0103
21.02.1969;0.02778
22.02.1969;0.05845
23.02.1969;0.0949
24.02.1969;0.09143
25.02.1969;0.10358
26.02.1969;0.15452
27.02.1969;0.1684
28.02.1969;0.15393
1.03.1969;0.13542
2.03.1969;0.1221
3.03.1969;0.11112
4.03.1969;0.10243
5.03.1969;0.09202
6.03.1969;0.08333
7.03.1969;0.07697
8.03.1969;0.07523
9.03.1969;0.07465
10.03.1969;0.0735
11.03.1969;0.06887
12.03.1969;0.07002
13.03.1969;0.0787
14.03.1969;0.1007
15.03.1969;0.11517
16.03.1969;0.12442
17.03.1969;0.13832
18.03.1969;0.13427
19.03.1969;0.14525
20.03.1969;0.13137
21.03.1969;0.11805
22.03.1969;0.10532
23.03.1969;0.09317
24.03.1969;0.08392
25.03.1969;0.07638
26.03.1969;0.07002
27.03.1969;0.06308
28.03.1969;0.06192
29.03.1969;0.06135
30.03.1969;0.06482
31.03.1969;0.07118
1.04.1969;0.06945
2.04.1969;0.06192
3.04.1969;0.0596
4.04.1969;0.05752
5.04.1969;0.0529
6.04.1969;0.05
7.04.1969;0.04768
8.04.1969;0.04595
9.04.1969;0.04305
10.04.1969;0.0419
11.04.1969;0.04073
12.04.1969;0.03843
13.04.1969;0.03785
14.04.1969;0.03657
15.04.1969;0.03368
16.04.1969;0.0331
17.04.1969;0.0331
18.04.1969;0.03252
19.04.1969;0.0331
20.04.1969;0.02963
21.04.1969;0.02963
22.04.1969;0.02917
23.04.1969;0.02743
24.04.1969;0.02917
25.04.1969;0.0279
26.04.1969;0.02917
27.04.1969;0.03148
28.04.1969;0.0338
29.04.1969;0.03553
30.04.1969;0.03553
1.05.1969;0.03727
2.05.1969;0.03668
3.05.1969;0.03495
4.05.1969;0.0338
5.05.1969;0.0338
6.05.1969;0.03263
7.05.1969;0.03148
8.05.1969;0.02975
9.05.1969;0.02802
10.05.1969;0.02627
11.05.1969;0.02453
12.05.1969;0.0228
13.05.1969;0.02107
14.05.1969;0.01933
15.05.1969;0.0176
16.05.1969;0.01643
17.05.1969;0.0147
18.05.1969;0.0147
19.05.1969;0.0147
20.05.1969;0.0147
21.05.1969;0.01297
22.05.1969;0.01355
23.05.1969;0.01412
24.05.1969;0.01412
25.05.1969;0.01528
26.05.1969;0.01573
27.05.1969;0.01517
28.05.1969;0.01458
29.05.1969;0.01435
30.05.1969;0.014
31.05.1969;0.01355
1.06.1969;0.01343
2.06.1969;0.0132
3.06.1969;0.01285
4.06.1969;0.01227
5.06.1969;0.01227
6.06.1969;0.01203
7.06.1969;0.01112
8.06.1969;0.01112
9.06.1969;0.01112
10.06.1969;0.01112
11.06.1969;0.01053
12.06.1969;0.01053
13.06.1969;0.01053
14.06.1969;0.01018
15.06.1969;0.01018
16.06.1969;0.00995
17.06.1969;0.00995
18.06.1969;0.00972
19.06.1969;0.00972
20.06.1969;0.00995
21.06.1969;0.00983
22.06.1969;0.00948
23.06.1969;0.00948
24.06.1969;0.01007
25.06.1969;0.01042
26.06.1969;0.01065
27.06.1969;0.011
28.06.1969;0.01088
29.06.1969;0.011
30.06.1969;0.011
1.07.1969;0.01088
2.07.1969;0.011
3.07.1969;0.011
4.07.1969;0.01088
5.07.1969;0.01065
6.07.1969;0.01065
7.07.1969;0.01053
8.07.1969;0.00938
9.07.1969;0.0088
10.07.1969;0.00822
11.07.1969;0.00763
12.07.1969;0.00672
13.07.1969;0.00672
14.07.1969;0.00672
15.07.1969;0.00648
16.07.1969;0.00602
17.07.1969;0.00578
18.07.1969;0.00578
19.07.1969;0.00515
20.07.1969;0.00515
21.07.1969;0.00573
22.07.1969;0.00515
23.07.1969;0.00492
24.07.1969;0.00515
25.07.1969;0.00457
26.07.1969;0.00503
27.07.1969;0.00468
28.07.1969;0.00377
29.07.1969;0.00428
30.07.1969;0.00422
31.07.1969;0.00433
1.08.1969;0.00445
2.08.1969;0.00405
3.08.1969;0.00417
4.08.1969;0.00445
5.08.1969;0.00393
6.08.1969;0.00393
7.08.1969;0.00393
8.08.1969;0.00393
9.08.1969;0.00393
10.08.1969;0.00393
11.08.1969;0.004
12.08.1969;0.00405
13.08.1969;0.00405
14.08.1969;0.00417
15.08.1969;0.00428
16.08.1969;0.00428
17.08.1969;0.00428
18.08.1969;0.00433
19.08.1969;0.00428
20.08.1969;0.00422
21.08.1969;0.00422
22.08.1969;0.00422
23.08.1969;0.00422
24.08.1969;0.00422
25.08.1969;0.00422
26.08.1969;0.00365
27.08.1969;0.00365
28.08.1969;0.00365
29.08.1969;0.00365
30.08.1969;0.00365
31.08.1969;0.00422
1.09.1969;0.00422
2.09.1969;0.00422
3.09.1969;0.00422
4.09.1969;0.00422
5.09.1969;0.00417
6.09.1969;0.00417
7.09.1969;0.00417
8.09.1969;0.00417
9.09.1969;0.00417
10.09.1969;0.00417
11.09.1969;0.00417
12.09.1969;0.00417
13.09.1969;0.00417
14.09.1969;0.00417
15.09.1969;0.00412
16.09.1969;0.00353
17.09.1969;0.00353
18.09.1969;0.00347
19.09.1969;0.00342
20.09.1969;0.00342
21.09.1969;0.00342
22.09.1969;0.00335
23.09.1969;0.00335
24.09.1969;0.00313
25.09.1969;0.00302
26.09.1969;0.00302
27.09.1969;0.00278
28.09.1969;0.00278
29.09.1969;0.00272
30.09.1969;0.00248
1.10.1969;0.00157
2.10.1969;0.00157
3.10.1969;0.00157
4.10.1969;0.00157
5.10.1969;0.00192
6.10.1969;0.00192
7.10.1969;0.00192
8.10.1969;0.00192
9.10.1969;0.00185
10.10.1969;0.00185
11.10.1969;0.00185
12.10.1969;0.00185
13.10.1969;0.0018
14.10.1969;0.0018
15.10.1969;0.0018
16.10.1969;0.0018
17.10.1969;0.0018
18.10.1969;0.0018
19.10.1969;0.0018
20.10.1969;0.0018
21.10.1969;0.0018
22.10.1969;0.0018
23.10.1969;0.00173
24.10.1969;0.0018
25.10.1969;0.00168
26.10.1969;0.00157
27.10.1969;0.00157
28.10.1969;0.00157
29.10.1969;0.00157
30.10.1969;0.00157
31.10.1969;0.00157
1.11.1969;0.00157
2.11.1969;0.00157
3.11.1969;0.00157
4.11.1969;0.00157
5.11.1969;0.00157
6.11.1969;0.00157
7.11.1969;0.00162
8.11.1969;0.00162
9.11.1969;0.00168
10.11.1969;0.00162
11.11.1969;0.00157
12.11.1969;0.00157
13.11.1969;0.00157
14.11.1969;0.0015
15.11.1969;0.0015
16.11.1969;0.0015
17.11.1969;0.00138
18.11.1969;0.00138
19.11.1969;0.00138
20.11.1969;0.00138
21.11.1969;0.00145
22.11.1969;0.00145
23.11.1969;0.00145
24.11.1969;0.00145
25.11.1969;0.0015
26.11.1969;0.0015
27.11.1969;0.0015
28.11.1969;0.0015
29.11.1969;0.0015
30.11.1969;0.0015
1.12.1969;0.00157
2.12.1969;0.00157
3.12.1969;0.00157
4.12.1969;0.00162
5.12.1969;0.00162
6.12.1969;0.00162
7.12.1969;0.00162
8.12.1969;0.00162
9.12.1969;0.00185
10.12.1969;0.00203
11.12.1969;0.00283
12.12.1969;0.00377
13.12.1969;0.00342
14.12.1969;0.0033
15.12.1969;0.0033
16.12.1969;0.00318
17.12.1969;0.00318
18.12.1969;0.0033
19.12.1969;0.00318
20.12.1969;0.00318
21.12.1969;0.00377
22.12.1969;0.00388
23.12.1969;0.0037
24.12.1969;0.00335
25.12.1969;0.0033
26.12.1969;0.00335
27.12.1969;0.00405
28.12.1969;0.00417
29.12.1969;0.004
30.12.1969;0.00323
31.12.1969;0.00323
1.01.1970;0.00278
2.01.1970;0.00243
3.01.1970;0.00255
4.01.1970;0.00255
5.01.1970;0.00267
6.01.1970;0.00335
7.01.1970;0.00522
8.01.1970;0.00522
9.01.1970;0.00752
10.01.1970;0.00752
11.01.1970;0.00857
12.01.1970;0.00948
13.01.1970;0.00868
14.01.1970;0.00972
15.01.1970;0.01435
16.01.1970;0.0162
17.01.1970;0.10983
18.01.1970;0.14583
19.01.1970;0.1081
20.01.1970;0.08635
21.01.1970;0.06957
22.01.1970;0.061
23.01.1970;0.05428
24.01.1970;0.05058
25.01.1970;0.04918
26.01.1970;0.0346
27.01.1970;0.02755
28.01.1970;0.02685
29.01.1970;0.02535
30.01.1970;0.02418
31.01.1970;0.02257
1.02.1970;0.02198
2.02.1970;0.02083
3.02.1970;0.01887
4.02.1970;0.01922
5.02.1970;0.01852
6.02.1970;0.01852
7.02.1970;0.0199
8.02.1970;0.02048
9.02.1970;0.02118
10.02.1970;0.02048
11.02.1970;0.02048
12.02.1970;0.02013
13.02.1970;0.02002
14.02.1970;0.02013
15.02.1970;0.02025
16.02.1970;0.02037
17.02.1970;0.01922
18.02.1970;0.01968
19.02.1970;0.01922
20.02.1970;0.0176
21.02.1970;0.01748
22.02.1970;0.01702
23.02.1970;0.0162
24.02.1970;0.01573
25.02.1970;0.01563
26.02.1970;0.0154
27.02.1970;0.01528
28.02.1970;0.01505
1.03.1970;0.01493
2.03.1970;0.01482
3.03.1970;0.01447
4.03.1970;0.01423
5.03.1970;0.01412
6.03.1970;0.01388
7.03.1970;0.01388
8.03.1970;0.01412
9.03.1970;0.01435
10.03.1970;0.01458
11.03.1970;0.01528
12.03.1970;0.01748
13.03.1970;0.02013
14.03.1970;0.01957
15.03.1970;0.02095
16.03.1970;0.02153
17.03.1970;0.02397
18.03.1970;0.03263
19.03.1970;0.03865
20.03.1970;0.05232
21.03.1970;0.0735
22.03.1970;0.09272
23.03.1970;0.13078
24.03.1970;0.16297
25.03.1970;0.21563
26.03.1970;0.2331
27.03.1970;0.22453
28.03.1970;0.19422
29.03.1970;0.17893
30.03.1970;0.16388
31.03.1970;0.14722
1.04.1970;0.13218
2.04.1970;0.12118
3.04.1970;0.11297
4.04.1970;0.10302
5.04.1970;0.10718
6.04.1970;0.10972
7.04.1970;0.10752
8.04.1970;0.09918
9.04.1970;0.09225
10.04.1970;0.1022
11.04.1970;0.11273
12.04.1970;0.11135
13.04.1970;0.10555
14.04.1970;0.09422
15.04.1970;0.07268
16.04.1970;0.0728
17.04.1970;0.06112
18.04.1970;0.06482
19.04.1970;0.05868
20.04.1970;0.05197
21.04.1970;0.04525
22.04.1970;0.04468
23.04.1970;0.04108
24.04.1970;0.03832
25.04.1970;0.03785
26.04.1970;0.03612
27.04.1970;0.03298
28.04.1970;0.03392
29.04.1970;0.0338
30.04.1970;0.03368
1.05.1970;0.04005
2.05.1970;0.04445
3.05.1970;0.04525
4.05.1970;0.04445
5.05.1970;0.04618
6.05.1970;0.04363
7.05.1970;0.04108
8.05.1970;0.04108
9.05.1970;0.04873
10.05.1970;0.05857
11.05.1970;0.08368
12.05.1970;0.12118
13.05.1970;0.12198
14.05.1970;0.11528
15.05.1970;0.10695
16.05.1970;0.09862
17.05.1970;0.08692
18.05.1970;0.07697
19.05.1970;0.07013
20.05.1970;0.06365
21.05.1970;0.0603
22.05.1970;0.05532
23.05.1970;0.04873
24.05.1970;0.04363
25.05.1970;0.04028
26.05.1970;0.03912
27.05.1970;0.03727
28.05.1970;0.03415
29.05.1970;0.036
30.05.1970;0.0316
31.05.1970;0.03113
1.06.1970;0.02998
2.06.1970;0.02998
3.06.1970;0.02858
4.06.1970;0.02813
5.06.1970;0.03657
6.06.1970;0.04363
7.06.1970;0.03958
8.06.1970;0.03715
9.06.1970;0.036
10.06.1970;0.07535
11.06.1970;0.13808
12.06.1970;0.14457
13.06.1970;0.13958
14.06.1970;0.11875
15.06.1970;0.10208
16.06.1970;0.09202
17.06.1970;0.08032
18.06.1970;0.06863
19.06.1970;0.0603
20.06.1970;0.05197
21.06.1970;0.04363
22.06.1970;0.03947
23.06.1970;0.03692
24.06.1970;0.05752
25.06.1970;0.23843
26.06.1970;0.17685
27.06.1970;0.15267
28.06.1970;0.12952
29.06.1970;0.11285
30.06.1970;0.11088
1.07.1970;0.1184
2.07.1970;0.1309
3.07.1970;0.15648
4.07.1970;0.20775
5.07.1970;0.17952
6.07.1970;0.16042
7.07.1970;0.13623
8.07.1970;0.11957
9.07.1970;0.10452
10.07.1970;0.09293
11.07.1970;0.08263
12.07.1970;0.0743
13.07.1970;0.06772
14.07.1970;0.06262
15.07.1970;0.05763
16.07.1970;0.05267
17.07.1970;0.04757
18.07.1970;0.04583
19.07.1970;0.04422
20.07.1970;0.04167
21.07.1970;0.04005
22.07.1970;0.03553
23.07.1970;0.03392
24.07.1970;0.03218
25.07.1970;0.03055
26.07.1970;0.03553
27.07.1970;0.0471
28.07.1970;0.04548
29.07.1970;0.04387
30.07.1970;0.04305
31.07.1970;0.04202
1.08.1970;0.04028
2.08.1970;0.03865
3.08.1970;0.03692
4.08.1970;0.0353
5.08.1970;0.03368
6.08.1970;0.03195
7.08.1970;0.03032
8.08.1970;0.02858
9.08.1970;0.02697
10.08.1970;0.02535
11.08.1970;0.02627
12.08.1970;0.10695
13.08.1970;0.09688
14.08.1970;0.08368
15.08.1970;0.07362
16.08.1970;0.06528
17.08.1970;0.13692
18.08.1970;0.15035
19.08.1970;0.15903
20.08.1970;0.13565
21.08.1970;0.11563
22.08.1970;0.10232
23.08.1970;0.09237
24.08.1970;0.0823
25.08.1970;0.07732
26.08.1970;0.0706
27.08.1970;0.06563
28.08.1970;0.06147
29.08.1970;0.05648
30.08.1970;0.0507
31.08.1970;0.0456
1.09.1970;0.04202
2.09.1970;0.03888
3.09.1970;0.03727
4.09.1970;0.03565
5.09.1970;0.03403
6.09.1970;0.0323
7.09.1970;0.02813
8.09.1970;0.02732
9.09.1970;0.02233
10.09.1970;0.02732
11.09.1970;0.02233
12.09.1970;0.01898
13.09.1970;0.01737
14.09.1970;0.01817
15.09.1970;0.01817
16.09.1970;0.01737
17.09.1970;0.01667
18.09.1970;0.01597
19.09.1970;0.01563
20.09.1970;0.01482
21.09.1970;0.01435
22.09.1970;0.01563
23.09.1970;0.01482
24.09.1970;0.01447
25.09.1970;0.01388
26.09.1970;0.01365
27.09.1970;0.0132
28.09.1970;0.01285
29.09.1970;0.0132
30.09.1970;0.0132
1.10.1970;0.0132
2.10.1970;0.014
3.10.1970;0.014
4.10.1970;0.014
5.10.1970;0.01377
6.10.1970;0.01297
7.10.1970;0.01203
8.10.1970;0.01123
9.10.1970;0.01077
10.10.1970;0.01053
11.10.1970;0.01042
12.10.1970;0.01007
13.10.1970;0.0096
14.10.1970;0.0096
15.10.1970;0.0096
16.10.1970;0.0096
17.10.1970;0.00927
18.10.1970;0.0088
19.10.1970;0.00857
20.10.1970;0.00787
21.10.1970;0.00775
22.10.1970;0.00775
23.10.1970;0.00763
24.10.1970;0.0073
25.10.1970;0.0073
26.10.1970;0.0073
27.10.1970;0.0073
28.10.1970;0.0074
29.10.1970;0.0074
30.10.1970;0.0073
31.10.1970;0.0073
1.11.1970;0.0073
2.11.1970;0.00683
3.11.1970;0.00695
4.11.1970;0.00683
5.11.1970;0.0066
6.11.1970;0.00648
7.11.1970;0.00625
8.11.1970;0.00613
9.11.1970;0.00602
10.11.1970;0.00798
11.11.1970;0.00787
12.11.1970;0.00567
13.11.1970;0.00555
14.11.1970;0.00532
15.11.1970;0.00498
16.11.1970;0.0051
17.11.1970;0.0051
18.11.1970;0.0051
19.11.1970;0.0051
20.11.1970;0.0051
21.11.1970;0.00522
22.11.1970;0.00543
23.11.1970;0.00555
24.11.1970;0.00578
25.11.1970;0.0059
26.11.1970;0.0059
27.11.1970;0.00613
28.11.1970;0.00625
29.11.1970;0.00637
30.11.1970;0.01112
1.12.1970;0.00672
2.12.1970;0.00672
3.12.1970;0.00672
4.12.1970;0.00672
5.12.1970;0.00672
6.12.1970;0.00672
7.12.1970;0.00672
8.12.1970;0.00695
9.12.1970;0.00707
10.12.1970;0.0073
11.12.1970;0.0074
12.12.1970;0.00763
13.12.1970;0.00775
14.12.1970;0.00787
15.12.1970;0.00787
16.12.1970;0.00763
17.12.1970;0.0073
18.12.1970;0.00695
19.12.1970;0.0066
20.12.1970;0.00613
21.12.1970;0.00578
22.12.1970;0.00578
23.12.1970;0.00613
24.12.1970;0.00625
25.12.1970;0.00637
26.12.1970;0.0066
27.12.1970;0.00695
28.12.1970;0.0073
29.12.1970;0.0074
30.12.1970;0.011
31.12.1970;0.02535
1.01.1971;0.04792
2.01.1971;0.05393
3.01.1971;0.05093
4.01.1971;0.05
5.01.1971;0.04607
6.01.1971;0.04502
7.01.1971;0.04305
8.01.1971;0.03958
9.01.1971;0.03808
10.01.1971;0.03612
11.01.1971;0.03507
12.01.1971;0.02708
13.01.1971;0.02813
14.01.1971;0.02813
15.01.1971;0.02615
16.01.1971;0.02418
17.01.1971;0.02315
18.01.1971;0.0221
19.01.1971;0.0221
20.01.1971;0.02315
21.01.1971;0.02315
22.01.1971;0.02013
23.01.1971;0.02222
24.01.1971;0.02523
25.01.1971;0.02928
26.01.1971;0.03483
27.01.1971;0.04433
28.01.1971;0.05833
29.01.1971;0.07233
30.01.1971;0.0794
31.01.1971;0.08287
1.02.1971;0.08287
2.02.1971;0.11632
3.02.1971;0.12732
4.02.1971;0.12037
5.02.1971;0.10833
6.02.1971;0.0993
7.02.1971;0.09132
8.02.1971;0.0853
9.02.1971;0.0794
10.02.1971;0.07037
11.02.1971;0.06435
12.02.1971;0.05938
13.02.1971;0.0544
14.02.1971;0.05138
15.02.1971;0.04733
16.02.1971;0.04433
17.02.1971;0.0434
18.02.1971;0.05138
19.02.1971;0.07233
20.02.1971;0.0743
21.02.1971;0.0743
22.02.1971;0.0743
23.02.1971;0.07732
24.02.1971;0.07638
25.02.1971;0.0794
26.02.1971;0.07835
27.02.1971;0.0794
28.02.1971;0.0794
1.03.1971;0.07037
2.03.1971;0.05938
3.03.1971;0.05637
4.03.1971;0.05335
5.03.1971;0.05232
6.03.1971;0.04838
7.03.1971;0.04237
8.03.1971;0.0404
9.03.1971;0.03832
10.03.1971;0.03832
11.03.1971;0.03623
12.03.1971;0.03218
13.03.1971;0.03022
14.03.1971;0.0272
15.03.1971;0.0272
16.03.1971;0.02512
17.03.1971;0.02512
18.03.1971;0.02523
19.03.1971;0.02823
20.03.1971;0.04525
21.03.1971;0.06922
22.03.1971;0.07118
23.03.1971;0.06828
24.03.1971;0.06018
25.03.1971;0.0573
26.03.1971;0.05532
27.03.1971;0.05335
28.03.1971;0.04838
29.03.1971;0.04537
30.03.1971;0.04572
31.03.1971;0.04132
1.04.1971;0.03935
2.04.1971;0.03727
3.04.1971;0.0353
4.04.1971;0.03333
5.04.1971;0.03137
6.04.1971;0.03032
7.04.1971;0.02928
8.04.1971;0.02823
9.04.1971;0.03218
10.04.1971;0.03427
11.04.1971;0.03518
12.04.1971;0.03623
13.04.1971;0.03623
14.04.1971;0.03518
15.04.1971;0.03427
16.04.1971;0.0324
17.04.1971;0.03032
18.04.1971;0.03032
19.04.1971;0.0294
20.04.1971;0.03043
21.04.1971;0.02847
22.04.1971;0.0265
23.04.1971;0.0265
24.04.1971;0.0265
25.04.1971;0.02547
26.04.1971;0.02593
27.04.1971;0.02453
28.04.1971;0.025
29.04.1971;0.0265
30.04.1971;0.03252
1.05.1971;0.03553
2.05.1971;0.05648
3.05.1971;0.09352
4.05.1971;0.08843
5.05.1971;0.08448
6.05.1971;0.07547
7.05.1971;0.07233
8.05.1971;0.06945
9.05.1971;0.06643
10.05.1971;0.06343
11.05.1971;0.06238
12.05.1971;0.0544
13.05.1971;0.05313
14.05.1971;0.05023
15.05.1971;0.04827
16.05.1971;0.04328
17.05.1971;0.0412
18.05.1971;0.04028
19.05.1971;0.03923
20.05.1971;0.03727
21.05.1971;0.03623
22.05.1971;0.03322
23.05.1971;0.0323
24.05.1971;0.02928
25.05.1971;0.02685
26.05.1971;0.02535
27.05.1971;0.02582
28.05.1971;0.0257
29.05.1971;0.02627
30.05.1971;0.02823
31.05.1971;0.0272
1.06.1971;0.0272
2.06.1971;0.0272
3.06.1971;0.02512
4.06.1971;0.02418
5.06.1971;0.02118
6.06.1971;0.02118
7.06.1971;0.0191
8.06.1971;0.0191
9.06.1971;0.0191
10.06.1971;0.01805
11.06.1971;0.01702
12.06.1971;0.01608
13.06.1971;0.01608
14.06.1971;0.01517
15.06.1971;0.01517
16.06.1971;0.01517
17.06.1971;0.0162
18.06.1971;0.01608
19.06.1971;0.0162
20.06.1971;0.0162
21.06.1971;0.01573
22.06.1971;0.01725
23.06.1971;0.01725
24.06.1971;0.0213
25.06.1971;0.0243
26.06.1971;0.02523
27.06.1971;0.02732
28.06.1971;0.02928
29.06.1971;0.02928
30.06.1971;0.02823
1.07.1971;0.0272
2.07.1971;0.0257
3.07.1971;0.01817
4.07.1971;0.01215
5.07.1971;0.01123
6.07.1971;0.01123
7.07.1971;0.01123
8.07.1971;0.01227
9.07.1971;0.01123
10.07.1971;0.01018
11.07.1971;0.0103
12.07.1971;0.01123
13.07.1971;0.0103
14.07.1971;0.0103
15.07.1971;0.01018
16.07.1971;0.01018
17.07.1971;0.01018
18.07.1971;0.01007
19.07.1971;0.01018
20.07.1971;0.00927
21.07.1971;0.00927
22.07.1971;0.00927
23.07.1971;0.00927
24.07.1971;0.00927
25.07.1971;0.00915
26.07.1971;0.00927
27.07.1971;0.00833
28.07.1971;0.0074
29.07.1971;0.0059
30.07.1971;0.00532
31.07.1971;0.00532
1.08.1971;0.00637
2.08.1971;0.0073
3.08.1971;0.00625
4.08.1971;0.00625
5.08.1971;0.00625
6.08.1971;0.00625
7.08.1971;0.00613
8.08.1971;0.00625
9.08.1971;0.00625
10.08.1971;0.00672
11.08.1971;0.00672
12.08.1971;0.00672
13.08.1971;0.00567
14.08.1971;0.00522
15.08.1971;0.00515
16.08.1971;0.00515
17.08.1971;0.00515
18.08.1971;0.00515
19.08.1971;0.00515
20.08.1971;0.00515
21.08.1971;0.00515
22.08.1971;0.00522
23.08.1971;0.00522
24.08.1971;0.00522
25.08.1971;0.00522
26.08.1971;0.00515
27.08.1971;0.00515
28.08.1971;0.0051
29.08.1971;0.0051
30.08.1971;0.0051
31.08.1971;0.00412
1.09.1971;0.00412
2.09.1971;0.00412
3.09.1971;0.00412
4.09.1971;0.00412
5.09.1971;0.00412
6.09.1971;0.00412
7.09.1971;0.00412
8.09.1971;0.00412
9.09.1971;0.00412
10.09.1971;0.00405
11.09.1971;0.00307
12.09.1971;0.00307
13.09.1971;0.00313
14.09.1971;0.00313
15.09.1971;0.00313
16.09.1971;0.00313
17.09.1971;0.00313
18.09.1971;0.00365
19.09.1971;0.00365
20.09.1971;0.00365
21.09.1971;0.00365
22.09.1971;0.00365
23.09.1971;0.00365
24.09.1971;0.00365
25.09.1971;0.00365
26.09.1971;0.00365
27.09.1971;0.00365
28.09.1971;0.00313
29.09.1971;0.00313
30.09.1971;0.00313
1.10.1971;0.00313
2.10.1971;0.00313
3.10.1971;0.00313
4.10.1971;0.00313
5.10.1971;0.00313
6.10.1971;0.00313
7.10.1971;0.00313
8.10.1971;0.00307
9.10.1971;0.00307
10.10.1971;0.00302
11.10.1971;0.00313
12.10.1971;0.0029
13.10.1971;0.0029
14.10.1971;0.0029
15.10.1971;0.0029
16.10.1971;0.0029
17.10.1971;0.0029
18.10.1971;0.0029
19.10.1971;0.00302
20.10.1971;0.00302
21.10.1971;0.00302
22.10.1971;0.00302
23.10.1971;0.00302
24.10.1971;0.00302
25.10.1971;0.0029
26.10.1971;0.0029
27.10.1971;0.0029
28.10.1971;0.0029
29.10.1971;0.0029
30.10.1971;0.00278
31.10.1971;0.00267
1.11.1971;0.00267
2.11.1971;0.0029
3.11.1971;0.0029
4.11.1971;0.0029
5.11.1971;0.0029
6.11.1971;0.0029
7.11.1971;0.0029
8.11.1971;0.00637
9.11.1971;0.00307
10.11.1971;0.00307
11.11.1971;0.00307
12.11.1971;0.00313
13.11.1971;0.0033
14.11.1971;0.0033
15.11.1971;0.0033
16.11.1971;0.0029
17.11.1971;0.0029
18.11.1971;0.0029
19.11.1971;0.00313
20.11.1971;0.00302
21.11.1971;0.00295
22.11.1971;0.0029
23.11.1971;0.00278
24.11.1971;0.00278
25.11.1971;0.00278
26.11.1971;0.00272
27.11.1971;0.00267
28.11.1971;0.00267
29.11.1971;0.00267
30.11.1971;0.00267
1.12.1971;0.0026
2.12.1971;0.00255
3.12.1971;0.00255
4.12.1971;0.00237
5.12.1971;0.00232
6.12.1971;0.00225
7.12.1971;0.00232
8.12.1971;0.00232
9.12.1971;0.00232
10.12.1971;0.00232
11.12.1971;0.00225
12.12.1971;0.00225
13.12.1971;0.00225
14.12.1971;0.0022
15.12.1971;0.0022
16.12.1971;0.00213
17.12.1971;0.00213
18.12.1971;0.00213
19.12.1971;0.00213
20.12.1971;0.00213
21.12.1971;0.0022
22.12.1971;0.00213
23.12.1971;0.00213
24.12.1971;0.00208
25.12.1971;0.00192
26.12.1971;0.00192
27.12.1971;0.00192
28.12.1971;0.00192
29.12.1971;0.00192
30.12.1971;0.00192
31.12.1971;0.00192
1.01.1972;0.00192
2.01.1972;0.00192
3.01.1972;0.00192
4.01.1972;0.00192
5.01.1972;0.00192
6.01.1972;0.00192
7.01.1972;0.00197
8.01.1972;0.00203
9.01.1972;0.00213
10.01.1972;0.0022
11.01.1972;0.0022
12.01.1972;0.0022
13.01.1972;0.0022
14.01.1972;0.0022
15.01.1972;0.0022
16.01.1972;0.0022
17.01.1972;0.0022
18.01.1972;0.00213
19.01.1972;0.00225
20.01.1972;0.00208
21.01.1972;0.00208
22.01.1972;0.00192
23.01.1972;0.00192
24.01.1972;0.00192
25.01.1972;0.00192
26.01.1972;0.00192
27.01.1972;0.00192
28.01.1972;0.00192
29.01.1972;0.00197
30.01.1972;0.00192
31.01.1972;0.00185
1.02.1972;0.00192
2.02.1972;0.0018
3.02.1972;0.0018
4.02.1972;0.0018
5.02.1972;0.00173
6.02.1972;0.00173
7.02.1972;0.00173
8.02.1972;0.00185
9.02.1972;0.00185
10.02.1972;0.0018
11.02.1972;0.00185
12.02.1972;0.00192
13.02.1972;0.00192
14.02.1972;0.00192
15.02.1972;0.00192
16.02.1972;0.00197
17.02.1972;0.00203
18.02.1972;0.00203
19.02.1972;0.00208
20.02.1972;0.00208
21.02.1972;0.00213
22.02.1972;0.00213
23.02.1972;0.00213
24.02.1972;0.00213
25.02.1972;0.00213
26.02.1972;0.00203
27.02.1972;0.00203
28.02.1972;0.00203
29.02.1972;0.00203
1.03.1972;0.00203
2.03.1972;0.00203
3.03.1972;0.00203
4.03.1972;0.00203
5.03.1972;0.00203
6.03.1972;0.00208
7.03.1972;0.00197
8.03.1972;0.00197
9.03.1972;0.00192
10.03.1972;0.00192
11.03.1972;0.00192
12.03.1972;0.00192
13.03.1972;0.0018
14.03.1972;0.00185
15.03.1972;0.00185
16.03.1972;0.00185
17.03.1972;0.00185
18.03.1972;0.00185
19.03.1972;0.00185
20.03.1972;0.00185
21.03.1972;0.00185
22.03.1972;0.00185
23.03.1972;0.00197
24.03.1972;0.00197
25.03.1972;0.00197
26.03.1972;0.00197
27.03.1972;0.00197
28.03.1972;0.00197
29.03.1972;0.00197
30.03.1972;0.00197
31.03.1972;0.00197
1.04.1972;0.00197
2.04.1972;0.00197
3.04.1972;0.00197
4.04.1972;0.00185
5.04.1972;0.0018
6.04.1972;0.0018
7.04.1972;0.0018
8.04.1972;0.0018
9.04.1972;0.0018
10.04.1972;0.0018
11.04.1972;0.00173
12.04.1972;0.00173
13.04.1972;0.0022
14.04.1972;0.00243
15.04.1972;0.00463
16.04.1972;0.01215
17.04.1972;0.02013
18.04.1972;0.01817
19.04.1972;0.0162
20.04.1972;0.02025
21.04.1972;0.02535
22.04.1972;0.02488
23.04.1972;0.02488
24.04.1972;0.02638
25.04.1972;0.03287
26.04.1972;0.03438
27.04.1972;0.03333
28.04.1972;0.03043
29.04.1972;0.0265
30.04.1972;0.02245
1.05.1972;0.02153
2.05.1972;0.02002
3.05.1972;0.01852
4.05.1972;0.01805
5.05.1972;0.01655
6.05.1972;0.01608
7.05.1972;0.01552
8.05.1972;0.01458
9.05.1972;0.025
10.05.1972;0.03553
11.05.1972;0.03855
12.05.1972;0.0662
13.05.1972;0.10522
14.05.1972;0.09225
15.05.1972;0.08715
16.05.1972;0.11018
17.05.1972;0.28668
18.05.1972;0.32118
19.05.1972;0.2375
20.05.1972;0.19572
21.05.1972;0.1904
22.05.1972;0.18183
23.05.1972;0.16828
24.05.1972;0.14317
25.05.1972;0.11817
26.05.1972;0.10602
27.05.1972;0.09282
28.05.1972;0.08588
29.05.1972;0.07465
30.05.1972;0.06748
31.05.1972;0.0625
1.06.1972;0.0573
2.06.1972;0.0544
3.06.1972;0.05335
4.06.1972;0.04733
5.06.1972;0.04433
6.06.1972;0.04237
7.06.1972;0.03935
8.06.1972;0.02835
9.06.1972;0.0294
10.06.1972;0.03032
11.06.1972;0.02835
12.06.1972;0.02535
13.06.1972;0.02535
14.06.1972;0.02535
15.06.1972;0.0243
16.06.1972;0.0243
17.06.1972;0.02233
18.06.1972;0.0213
19.06.1972;0.0213
20.06.1972;0.0213
21.06.1972;0.02037
22.06.1972;0.02037
23.06.1972;0.01933
24.06.1972;0.01828
25.06.1972;0.01828
26.06.1972;0.01782
27.06.1972;0.01632
28.06.1972;0.01632
29.06.1972;0.01782
30.06.1972;0.01828
1.07.1972;0.01863
2.07.1972;0.01922
3.07.1972;0.01772
4.07.1972;0.01817
5.07.1972;0.01817
6.07.1972;0.01817
7.07.1972;0.01817
8.07.1972;0.01772
9.07.1972;0.01713
10.07.1972;0.01667
11.07.1972;0.0162
12.07.1972;0.0162
13.07.1972;0.0162
14.07.1972;0.0162
15.07.1972;0.0162
16.07.1972;0.0147
17.07.1972;0.01262
18.07.1972;0.01215
19.07.1972;0.01168
20.07.1972;0.01123
21.07.1972;0.01123
22.07.1972;0.01123
23.07.1972;0.01018
24.07.1972;0.00915
25.07.1972;0.00915
26.07.1972;0.00915
27.07.1972;0.00915
28.07.1972;0.00822
29.07.1972;0.00718
30.07.1972;0.00718
31.07.1972;0.00718
1.08.1972;0.00718
2.08.1972;0.00822
3.08.1972;0.00833
4.08.1972;0.0074
5.08.1972;0.00637
6.08.1972;0.00532
7.08.1972;0.00532
8.08.1972;0.0059
9.08.1972;0.0059
10.08.1972;0.00543
11.08.1972;0.00543
12.08.1972;0.00648
13.08.1972;0.0055
14.08.1972;0.00503
15.08.1972;0.00555
16.08.1972;0.00503
17.08.1972;0.00498
18.08.1972;0.00498
19.08.1972;0.00452
20.08.1972;0.00452
21.08.1972;0.00452
22.08.1972;0.00445
23.08.1972;0.00492
24.08.1972;0.00445
25.08.1972;0.00445
26.08.1972;0.00445
27.08.1972;0.00445
28.08.1972;0.00388
29.08.1972;0.00388
30.08.1972;0.00388
31.08.1972;0.00388
1.09.1972;0.00433
2.09.1972;0.00377
3.09.1972;0.00377
4.09.1972;0.00323
5.09.1972;0.00323
6.09.1972;0.00323
7.09.1972;0.00323
8.09.1972;0.00323
9.09.1972;0.00157
10.09.1972;0.0015
11.09.1972;0.00377
12.09.1972;0.00377
13.09.1972;0.00377
14.09.1972;0.00377
15.09.1972;0.00377
16.09.1972;0.00377
17.09.1972;0.00377
18.09.1972;0.00323
19.09.1972;0.00278
20.09.1972;0.00323
21.09.1972;0.00323
22.09.1972;0.00323
23.09.1972;0.00323
24.09.1972;0.00323
25.09.1972;0.00318
26.09.1972;0.00318
27.09.1972;0.00318
28.09.1972;0.00318
29.09.1972;0.00318
30.09.1972;0.00267
1.10.1972;0.00318
2.10.1972;0.00318
3.10.1972;0.00318
4.10.1972;0.00318
5.10.1972;0.00318
6.10.1972;0.00318
7.10.1972;0.00318
8.10.1972;0.00318
9.10.1972;0.00267
10.10.1972;0.00267
11.10.1972;0.00267
12.10.1972;0.00267
13.10.1972;0.00255
14.10.1972;0.00255
15.10.1972;0.00237
16.10.1972;0.00213
17.10.1972;0.00213
18.10.1972;0.00213
19.10.1972;0.00213
20.10.1972;0.00213
21.10.1972;0.00213
22.10.1972;0.00213
23.10.1972;0.00213
24.10.1972;0.00213
25.10.1972;0.00213
26.10.1972;0.00213
27.10.1972;0.00213
28.10.1972;0.00208
29.10.1972;0.00203
30.10.1972;0.00203
31.10.1972;0.00203
1.11.1972;0.00197
2.11.1972;0.00197
3.11.1972;0.00197
4.11.1972;0.00208
5.11.1972;0.00208
6.11.1972;0.00208
7.11.1972;0.00197
8.11.1972;0.00197
9.11.1972;0.00197
10.11.1972;0.00197
11.11.1972;0.00197
12.11.1972;0.00208
13.11.1972;0.00208
14.11.1972;0.00208
15.11.1972;0.00197
16.11.1972;0.00197
17.11.1972;0.00192
18.11.1972;0.00192
19.11.1972;0.00192
20.11.1972;0.00192
21.11.1972;0.00173
22.11.1972;0.00173
23.11.1972;0.00173
24.11.1972;0.00192
25.11.1972;0.0018
26.11.1972;0.00192
27.11.1972;0.00213
28.11.1972;0.00192
29.11.1972;0.00192
30.11.1972;0.00192
1.12.1972;0.00192
2.12.1972;0.00192
3.12.1972;0.00192
4.12.1972;0.00192
5.12.1972;0.00168
6.12.1972;0.0018
7.12.1972;0.00192
8.12.1972;0.00192
9.12.1972;0.00197
10.12.1972;0.00213
11.12.1972;0.00213
12.12.1972;0.00213
13.12.1972;0.00213
14.12.1972;0.00213
15.12.1972;0.00197
16.12.1972;0.00192
17.12.1972;0.00192
18.12.1972;0.00185
19.12.1972;0.00185
20.12.1972;0.0018
21.12.1972;0.0018
22.12.1972;0.0018
23.12.1972;0.00173
24.12.1972;0.00173
25.12.1972;0.00173
26.12.1972;0.00162
27.12.1972;0.00173
28.12.1972;0.00173
29.12.1972;0.00173
30.12.1972;0.0018
31.12.1972;0.0018
1.01.1973;0.00192
2.01.1973;0.00173
3.01.1973;0.00173
4.01.1973;0.0018
5.01.1973;0.00185
6.01.1973;0.00185
7.01.1973;0.00185
8.01.1973;0.00197
9.01.1973;0.00197
10.01.1973;0.00197
11.01.1973;0.00197
12.01.1973;0.00197
13.01.1973;0.00197
14.01.1973;0.00197
15.01.1973;0.00197
16.01.1973;0.00192
17.01.1973;0.00185
18.01.1973;0.0018
19.01.1973;0.00173
20.01.1973;0.00168
21.01.1973;0.00157
22.01.1973;0.00162
23.01.1973;0.00162
24.01.1973;0.00162
25.01.1973;0.00162
26.01.1973;0.00162
27.01.1973;0.00162
28.01.1973;0.00162
29.01.1973;0.00162
30.01.1973;0.00162
31.01.1973;0.00162
1.02.1973;0.00157
2.02.1973;0.00157
3.02.1973;0.00157
4.02.1973;0.0015
5.02.1973;0.0015
6.02.1973;0.00138
7.02.1973;0.00145
8.02.1973;0.00145
9.02.1973;0.00145
10.02.1973;0.00145
11.02.1973;0.00145
12.02.1973;0.00145
13.02.1973;0.00157
14.02.1973;0.00168
15.02.1973;0.00185
16.02.1973;0.00213
17.02.1973;0.00412
18.02.1973;0.00433
19.02.1973;0.00492
20.02.1973;0.00538
21.02.1973;0.00543
22.02.1973;0.00613
23.02.1973;0.0066
24.02.1973;0.00683
25.02.1973;0.00718
26.02.1973;0.0073
27.02.1973;0.00718
28.02.1973;0.00707
1.03.1973;0.00695
2.03.1973;0.00695
3.03.1973;0.00695
4.03.1973;0.00683
5.03.1973;0.00672
6.03.1973;0.00672
7.03.1973;0.00672
8.03.1973;0.00672
9.03.1973;0.00672
10.03.1973;0.00672
11.03.1973;0.00672
12.03.1973;0.00672
13.03.1973;0.00498
14.03.1973;0.00498
15.03.1973;0.00498
16.03.1973;0.00498
17.03.1973;0.0051
18.03.1973;0.0051
19.03.1973;0.0051
20.03.1973;0.0051
21.03.1973;0.00498
22.03.1973;0.00445
23.03.1973;0.0044
24.03.1973;0.00433
25.03.1973;0.00382
26.03.1973;0.00377
27.03.1973;0.00388
28.03.1973;0.00405
29.03.1973;0.00487
30.03.1973;0.00457
31.03.1973;0.00457
1.04.1973;0.00452
2.04.1973;0.00405
3.04.1973;0.00417
4.04.1973;0.00417
5.04.1973;0.00417
6.04.1973;0.00417
7.04.1973;0.00417
8.04.1973;0.00417
9.04.1973;0.00405
10.04.1973;0.00405
11.04.1973;0.00428
12.04.1973;0.00463
13.04.1973;0.00463
14.04.1973;0.00463
15.04.1973;0.00787
16.04.1973;0.01388
17.04.1973;0.01388
18.04.1973;0.01945
19.04.1973;0.0169
20.04.1973;0.01782
21.04.1973;0.0169
22.04.1973;0.01482
23.04.1973;0.01388
24.04.1973;0.0169
25.04.1973;0.0199
26.04.1973;0.01887
27.04.1973;0.01782
28.04.1973;0.0169
29.04.1973;0.01585
30.04.1973;0.01482
1.05.1973;0.01388
2.05.1973;0.014
3.05.1973;0.014
4.05.1973;0.014
5.05.1973;0.01297
6.05.1973;0.01203
7.05.1973;0.01147
8.05.1973;0.011
9.05.1973;0.011
10.05.1973;0.01053
11.05.1973;0.00845
12.05.1973;0.0074
13.05.1973;0.00695
14.05.1973;0.00648
15.05.1973;0.00695
16.05.1973;0.00695
17.05.1973;0.00695
18.05.1973;0.00695
19.05.1973;0.00695
20.05.1973;0.00672
21.05.1973;0.00672
22.05.1973;0.00672
23.05.1973;0.00672
24.05.1973;0.0066
25.05.1973;0.0066
26.05.1973;0.0066
27.05.1973;0.0066
28.05.1973;0.0066
29.05.1973;0.0066
30.05.1973;0.0066
31.05.1973;0.0066
1.06.1973;0.00602
2.06.1973;0.00543
3.06.1973;0.00503
4.06.1973;0.0048
5.06.1973;0.00503
6.06.1973;0.00503
7.06.1973;0.00522
8.06.1973;0.00532
9.06.1973;0.00498
10.06.1973;0.00457
11.06.1973;0.0044
12.06.1973;0.0044
13.06.1973;0.0044
14.06.1973;0.0044
15.06.1973;0.0044
16.06.1973;0.004
17.06.1973;0.00382
18.06.1973;0.00382
19.06.1973;0.00433
20.06.1973;0.00433
21.06.1973;0.00412
22.06.1973;0.00412
23.06.1973;0.004
24.06.1973;0.00393
25.06.1973;0.00342
26.06.1973;0.00342
27.06.1973;0.00302
28.06.1973;0.00302
29.06.1973;0.00295
30.06.1973;0.00295
1.07.1973;0.00295
2.07.1973;0.00295
3.07.1973;0.00295
4.07.1973;0.00295
5.07.1973;0.00295
6.07.1973;0.00295
7.07.1973;0.00295
8.07.1973;0.00295
9.07.1973;0.00302
10.07.1973;0.00302
11.07.1973;0.00302
12.07.1973;0.00283
13.07.1973;0.00283
14.07.1973;0.00248
15.07.1973;0.0022
16.07.1973;0.0022
17.07.1973;0.0022
18.07.1973;0.0022
19.07.1973;0.0022
20.07.1973;0.00213
21.07.1973;0.00213
22.07.1973;0.00213
23.07.1973;0.00208
24.07.1973;0.00197
25.07.1973;0.00197
26.07.1973;0.00197
27.07.1973;0.00197
28.07.1973;0.00197
29.07.1973;0.00208
30.07.1973;0.00208
31.07.1973;0.00208
1.08.1973;0.00197
2.08.1973;0.00197
3.08.1973;0.00197
4.08.1973;0.00197
5.08.1973;0.00197
6.08.1973;0.00197
7.08.1973;0.00192
8.08.1973;0.00192
9.08.1973;0.00192
10.08.1973;0.00173
11.08.1973;0.00173
12.08.1973;0.00185
13.08.1973;0.00173
14.08.1973;0.0018
15.08.1973;0.00173
16.08.1973;0.00173
17.08.1973;0.00173
18.08.1973;0.00173
19.08.1973;0.00173
20.08.1973;0.00157
21.08.1973;0.00157
22.08.1973;0.00157
23.08.1973;0.0015
24.08.1973;0.00162
25.08.1973;0.00157
26.08.1973;0.0015
27.08.1973;0.00145
28.08.1973;0.00145
29.08.1973;0.00138
30.08.1973;0.00138
31.08.1973;0.00133
1.09.1973;0.00127
2.09.1973;0.00127
3.09.1973;0.00122
4.09.1973;0.00115
5.09.1973;0.00115
6.09.1973;0.00115
7.09.1973;0.00113
8.09.1973;0.00112
9.09.1973;0.00112
10.09.1973;0.0011
11.09.1973;0.00108
12.09.1973;0.00108
13.09.1973;0.00105
14.09.1973;0.00103
15.09.1973;0.001
16.09.1973;0.00097
17.09.1973;0.00092
18.09.1973;0.00092
19.09.1973;0.00092
20.09.1973;0.00092
21.09.1973;0.00092
22.09.1973;0.00092
23.09.1973;0.00092
24.09.1973;0.00092
25.09.1973;0.00092
26.09.1973;0.00092
27.09.1973;0.00092
28.09.1973;0.00093
29.09.1973;0.00083
30.09.1973;0.00078
1.10.1973;0.00072
2.10.1973;0.0007
3.10.1973;0.0007
4.10.1973;0.00067
5.10.1973;0.00063
6.10.1973;0.00058
7.10.1973;0.00057
8.10.1973;0.00053
9.10.1973;0.00053
10.10.1973;0.00063
11.10.1973;0.00062
12.10.1973;0.00062
13.10.1973;0.0006
14.10.1973;0.0006
15.10.1973;0.00048
16.10.1973;0.00038
17.10.1973;0.00067
18.10.1973;0.00068
19.10.1973;0.00058
20.10.1973;0.00048
21.10.1973;0.00048
22.10.1973;0.00037
23.10.1973;0.00037
24.10.1973;0.00037
25.10.1973;0.00035
26.10.1973;0.00035
27.10.1973;0.00033
28.10.1973;0.00033
29.10.1973;0.00032
30.10.1973;0.00032
31.10.1973;0.00032
1.11.1973;0.0003
2.11.1973;0.0003
3.11.1973;0.0003
4.11.1973;0.00028
5.11.1973;0.00028
6.11.1973;0.00028
7.11.1973;0.00028
8.11.1973;0.00027
9.11.1973;0.00027
10.11.1973;0.00027
11.11.1973;0.00025
12.11.1973;0.00025
13.11.1973;0.00025
14.11.1973;0.00025
15.11.1973;0.00025
16.11.1973;0.00025
17.11.1973;0.00025
18.11.1973;0.00025
19.11.1973;0.00025
20.11.1973;0.00025
21.11.1973;0.00022
22.11.1973;0.00022
23.11.1973;0.00022
24.11.1973;0.00022
25.11.1973;0.00022
26.11.1973;0.00022
27.11.1973;0.00022
28.11.1973;0.00022
29.11.1973;0.00022
30.11.1973;0.00022
1.12.1973;0.0002
2.12.1973;0.0002
3.12.1973;0.0002
4.12.1973;0.0002
5.12.1973;0.0002
6.12.1973;0.0002
7.12.1973;0.0002
8.12.1973;0.0002
9.12.1973;0.0002
10.12.1973;0.0002
11.12.1973;0.0002
12.12.1973;0.0002
13.12.1973;0.0002
14.12.1973;0.0002
15.12.1973;0.0002
16.12.1973;0.0002
17.12.1973;0.0002
18.12.1973;0.0002
19.12.1973;0.0002
20.12.1973;0.0002
21.12.1973;0.00018
22.12.1973;0.00018
23.12.1973;0.00018
24.12.1973;0.00018
25.12.1973;0.00018
26.12.1973;0.00018
27.12.1973;0.00018
28.12.1973;0.00018
29.12.1973;0.00018
30.12.1973;0.00018
31.12.1973;0.00017
1.01.1974;0.00017
2.01.1974;0.00017
3.01.1974;0.00017
4.01.1974;0.00017
5.01.1974;0.00017
6.01.1974;0.00017
7.01.1974;0.00017
8.01.1974;0.00017
9.01.1974;0.00017
10.01.1974;0.00017
11.01.1974;0.00017
12.01.1974;0.00017
13.01.1974;0.00017
14.01.1974;0.00017
15.01.1974;0.00017
16.01.1974;0.00017
17.01.1974;0.00017
18.01.1974;0.00017
19.01.1974;0.00017
20.01.1974;0.00017
21.01.1974;0.00017
22.01.1974;0.00017
23.01.1974;0.00017
24.01.1974;0.00017
25.01.1974;0.00017
26.01.1974;0.00017
27.01.1974;0.00017
28.01.1974;0.00017
29.01.1974;0.00017
30.01.1974;0.00017
31.01.1974;0.00017
1.02.1974;0.00017
2.02.1974;0.00017
3.02.1974;0.00017
4.02.1974;0.00022
5.02.1974;0.00022
6.02.1974;0.00037
7.02.1974;0.00058
8.02.1974;0.00058
9.02.1974;0.0018
10.02.1974;0.00267
11.02.1974;0.0029
12.02.1974;0.0029
13.02.1974;0.0029
14.02.1974;0.0029
15.02.1974;0.0029
16.02.1974;0.0029
17.02.1974;0.0029
18.02.1974;0.00243
19.02.1974;0.00243
20.02.1974;0.00243
21.02.1974;0.00192
22.02.1974;0.00192
23.02.1974;0.00138
24.02.1974;0.00138
25.02.1974;0.001
26.02.1974;0.00127
27.02.1974;0.00127
28.02.1974;0.00127
1.03.1974;0.00122
2.03.1974;0.00122
3.03.1974;0.00122
4.03.1974;0.00092
5.03.1974;0.001
6.03.1974;0.00133
7.03.1974;0.00133
8.03.1974;0.00133
9.03.1974;0.00092
10.03.1974;0.00082
11.03.1974;0.00067
12.03.1974;0.00067
13.03.1974;0.00067
14.03.1974;0.00067
15.03.1974;0.00067
16.03.1974;0.00057
17.03.1974;0.00057
18.03.1974;0.00047
19.03.1974;0.00047
20.03.1974;0.00047
21.03.1974;0.00043
22.03.1974;0.00043
23.03.1974;0.00043
24.03.1974;0.00043
25.03.1974;0.00033
26.03.1974;0.00033
27.03.1974;0.00043
28.03.1974;0.00043
29.03.1974;0.00043
30.03.1974;0.00043
31.03.1974;0.00043
1.04.1974;0.0004
2.04.1974;0.0004
3.04.1974;0.0004
4.04.1974;0.0005
5.04.1974;0.0005
6.04.1974;0.0005
7.04.1974;0.0005
8.04.1974;0.0005
9.04.1974;0.0005
10.04.1974;0.0005
11.04.1974;0.00038
12.04.1974;0.00038
13.04.1974;0.00028
14.04.1974;0.00028
15.04.1974;0.00028
16.04.1974;0.00028
17.04.1974;0.00028
18.04.1974;0.00028
19.04.1974;0.00028
20.04.1974;0.00018
21.04.1974;0.00018
22.04.1974;0.00018
23.04.1974;0.00018
24.04.1974;0.00018
25.04.1974;0.00018
26.04.1974;0.00018
27.04.1974;0.00018
28.04.1974;0.00018
29.04.1974;0.00018
30.04.1974;0.00018
1.05.1974;0.00018
2.05.1974;0.00018
3.05.1974;0.00018
4.05.1974;0.00018
5.05.1974;0.00023
6.05.1974;0.00023
7.05.1974;0.00023
8.05.1974;0.00088
9.05.1974;0.00197
10.05.1974;0.0051
11.05.1974;0.00532
12.05.1974;0.00532
13.05.1974;0.00532
14.05.1974;0.00625
15.05.1974;0.00683
16.05.1974;0.01135
17.05.1974;0.0353
18.05.1974;0.0573
19.05.1974;0.05035
20.05.1974;0.04237
21.05.1974;0.03865
22.05.1974;0.03565
23.05.1974;0.0287
24.05.1974;0.02465
25.05.1974;0.02465
26.05.1974;0.01875
27.05.1974;0.01667
28.05.1974;0.0147
29.05.1974;0.01365
30.05.1974;0.01365
31.05.1974;0.01273
1.06.1974;0.01065
2.06.1974;0.00972
3.06.1974;0.00868
4.06.1974;0.00868
5.06.1974;0.00822
6.06.1974;0.00775
7.06.1974;0.00775
8.06.1974;0.00718
9.06.1974;0.00672
10.06.1974;0.00567
11.06.1974;0.0066
12.06.1974;0.0066
13.06.1974;0.0066
14.06.1974;0.0066
15.06.1974;0.00613
16.06.1974;0.00707
17.06.1974;0.00763
18.06.1974;0.0096
19.06.1974;0.02662
20.06.1974;0.04108
21.06.1974;0.04085
22.06.1974;0.0368
23.06.1974;0.03483
24.06.1974;0.0338
25.06.1974;0.08785
26.06.1974;0.09282
27.06.1974;0.08078
28.06.1974;0.06887
29.06.1974;0.05983
30.06.1974;0.05082
1.07.1974;0.0485
2.07.1974;0.04445
3.07.1974;0.03843
4.07.1974;0.03148
5.07.1974;0.02743
6.07.1974;0.0235
7.07.1974;0.02142
8.07.1974;0.01945
9.07.1974;0.0184
10.07.1974;0.01748
11.07.1974;0.01632
12.07.1974;0.0154
13.07.1974;0.01482
14.07.1974;0.0154
15.07.1974;0.01447
16.07.1974;0.01435
17.07.1974;0.01332
18.07.1974;0.01388
19.07.1974;0.01238
20.07.1974;0.01135
21.07.1974;0.00995
22.07.1974;0.00903
23.07.1974;0.00903
24.07.1974;0.00845
25.07.1974;0.00798
26.07.1974;0.00798
27.07.1974;0.00752
28.07.1974;0.00695
29.07.1974;0.00695
30.07.1974;0.00752
31.07.1974;0.00752
1.08.1974;0.0073
2.08.1974;0.00775
3.08.1974;0.00672
4.08.1974;0.00578
5.08.1974;0.00578
6.08.1974;0.00475
7.08.1974;0.00422
8.08.1974;0.00377
9.08.1974;0.00278
10.08.1974;0.00278
11.08.1974;0.0022
12.08.1974;0.0022
13.08.1974;0.0022
14.08.1974;0.0022
15.08.1974;0.0022
16.08.1974;0.00168
17.08.1974;0.00168
18.08.1974;0.00168
19.08.1974;0.00168
20.08.1974;0.0022
21.08.1974;0.0022
22.08.1974;0.00168
23.08.1974;0.00272
24.08.1974;0.00272
25.08.1974;0.0022
26.08.1974;0.00168
27.08.1974;0.00168
28.08.1974;0.00168
29.08.1974;0.00162
30.08.1974;0.00162
31.08.1974;0.0015
1.09.1974;0.00138
2.09.1974;0.00138
3.09.1974;0.00138
4.09.1974;0.00127
5.09.1974;0.00122
6.09.1974;0.0011
7.09.1974;0.0011
8.09.1974;0.001
9.09.1974;0.001
10.09.1974;0.001
11.09.1974;0.001
12.09.1974;0.001
13.09.1974;0.001
14.09.1974;0.00088
15.09.1974;0.00088
16.09.1974;0.00088
17.09.1974;0.00088
18.09.1974;0.00088
19.09.1974;0.00088
20.09.1974;0.0008
21.09.1974;0.0008
22.09.1974;0.0008
23.09.1974;0.0008
24.09.1974;0.0008
25.09.1974;0.00088
26.09.1974;0.00088
27.09.1974;0.00088
28.09.1974;0.001
29.09.1974;0.001
30.09.1974;0.001
1.10.1974;0.00122
2.10.1974;0.00122
3.10.1974;0.00122
4.10.1974;0.00122
5.10.1974;0.00122
6.10.1974;0.00122
7.10.1974;0.00122
8.10.1974;0.00133
9.10.1974;0.00162
10.10.1974;0.0015
11.10.1974;0.00243
12.10.1974;0.00243
13.10.1974;0.00335
14.10.1974;0.00487
15.10.1974;0.00787
16.10.1974;0.04688
17.10.1974;0.0868
18.10.1974;0.0618
19.10.1974;0.04988
20.10.1974;0.07385
21.10.1974;0.04422
22.10.1974;0.44433
23.10.1974;0.39422
24.10.1974;0.28415
25.10.1974;0.21922
26.10.1974;0.1662
27.10.1974;0.13715
28.10.1974;0.11922
29.10.1974;0.10613
30.10.1974;0.09317
31.10.1974;0.09918
1.11.1974;0.09213
2.11.1974;0.09677
3.11.1974;0.07917
4.11.1974;0.07512
5.11.1974;0.0662
6.11.1974;0.06215
7.11.1974;0.05822
8.11.1974;0.04815
9.11.1974;0.04317
10.11.1974;0.04422
11.11.1974;0.04352
12.11.1974;0.04143
13.11.1974;0.04052
14.11.1974;0.03843
15.11.1974;0.03553
16.11.1974;0.03448
17.11.1974;0.03345
18.11.1974;0.03148
19.11.1974;0.02847
20.11.1974;0.0265
21.11.1974;0.0213
22.11.1974;0.02037
23.11.1974;0.01828
24.11.1974;0.01632
25.11.1974;0.01528
26.11.1974;0.01528
27.11.1974;0.01632
28.11.1974;0.01678
29.11.1974;0.01737
30.11.1974;0.01737
1.12.1974;0.0169
2.12.1974;0.01585
3.12.1974;0.01632
4.12.1974;0.0169
5.12.1974;0.01585
6.12.1974;0.01585
7.12.1974;0.01585
8.12.1974;0.01585
9.12.1974;0.01585
10.12.1974;0.0169
11.12.1974;0.01772
12.12.1974;0.0198
13.12.1974;0.02072
14.12.1974;0.02072
15.12.1974;0.02072
16.12.1974;0.02072
17.12.1974;0.02072
18.12.1974;0.02072
19.12.1974;0.02072
20.12.1974;0.0198
21.12.1974;0.01863
22.12.1974;0.01863
23.12.1974;0.0176
24.12.1974;0.0176
25.12.1974;0.01667
26.12.1974;0.01667
27.12.1974;0.01667
28.12.1974;0.0176
29.12.1974;0.01968
30.12.1974;0.04167
31.12.1974;0.06667
1.01.1975;0.06608
2.01.1975;0.0581
3.01.1975;0.05428
4.01.1975;0.05047
5.01.1975;0.0471
6.01.1975;0.0441
7.01.1975;0.04155
8.01.1975;0.03762
9.01.1975;0.03357
10.01.1975;0.0316
11.01.1975;0.03055
12.01.1975;0.02697
13.01.1975;0.02547
14.01.1975;0.02397
15.01.1975;0.02153
16.01.1975;0.02153
17.01.1975;0.02153
18.01.1975;0.02002
19.01.1975;0.01898
20.01.1975;0.01793
21.01.1975;0.0169
22.01.1975;0.01632
23.01.1975;0.01585
24.01.1975;0.0154
25.01.1975;0.01435
26.01.1975;0.01388
27.01.1975;0.01388
28.01.1975;0.01388
29.01.1975;0.01585
30.01.1975;0.01585
31.01.1975;0.01632
1.02.1975;0.01608
2.02.1975;0.01713
3.02.1975;0.01667
4.02.1975;0.01563
5.02.1975;0.01458
6.02.1975;0.0132
7.02.1975;0.0125
8.02.1975;0.01192
9.02.1975;0.01157
10.02.1975;0.01157
11.02.1975;0.01088
12.02.1975;0.01042
13.02.1975;0.01042
14.02.1975;0.0103
15.02.1975;0.01042
16.02.1975;0.00845
17.02.1975;0.00868
18.02.1975;0.0081
19.02.1975;0.00798
20.02.1975;0.00845
21.02.1975;0.00845
22.02.1975;0.00775
23.02.1975;0.00798
24.02.1975;0.00787
25.02.1975;0.00763
26.02.1975;0.0074
27.02.1975;0.0081
28.02.1975;0.00752
1.03.1975;0.00637
2.03.1975;0.00637
3.03.1975;0.00602
4.03.1975;0.00578
5.03.1975;0.00527
6.03.1975;0.0051
7.03.1975;0.00487
8.03.1975;0.00498
9.03.1975;0.00498
10.03.1975;0.00487
11.03.1975;0.00503
12.03.1975;0.00555
13.03.1975;0.00555
14.03.1975;0.00555
15.03.1975;0.0074
16.03.1975;0.01817
17.03.1975;0.0316
18.03.1975;0.04375
19.03.1975;0.06597
20.03.1975;0.06355
21.03.1975;0.05903
22.03.1975;0.05498
23.03.1975;0.05
24.03.1975;0.04595
25.03.1975;0.04248
26.03.1975;0.039
27.03.1975;0.03542
28.03.1975;0.03448
29.03.1975;0.03195
30.03.1975;0.03298
31.03.1975;0.036
1.04.1975;0.04272
2.04.1975;0.04942
3.04.1975;0.0507
4.04.1975;0.04768
5.04.1975;0.04572
6.04.1975;0.0448
7.04.1975;0.04398
8.04.1975;0.04375
9.04.1975;0.0397
10.04.1975;0.0397
11.04.1975;0.22153
12.04.1975;0.3588
13.04.1975;0.26702
14.04.1975;0.20995
15.04.1975;0.17488
16.04.1975;0.14827
17.04.1975;0.1162
18.04.1975;0.10023
19.04.1975;0.09028
20.04.1975;0.08125
21.04.1975;0.07708
22.04.1975;0.0721
23.04.1975;0.06713
24.04.1975;0.06308
25.04.1975;0.0581
26.04.1975;0.05915
27.04.1975;0.0471
28.04.1975;0.04907
29.04.1975;0.0471
30.04.1975;0.04513
1.05.1975;0.04108
2.05.1975;0.03715
3.05.1975;0.03808
4.05.1975;0.03612
5.05.1975;0.03102
6.05.1975;0.02802
7.05.1975;0.02708
8.05.1975;0.02002
9.05.1975;0.03207
10.05.1975;0.0221
11.05.1975;0.02292
12.05.1975;0.02488
13.05.1975;0.02488
14.05.1975;0.0169
15.05.1975;0.01585
16.05.1975;0.0154
17.05.1975;0.0154
18.05.1975;0.0154
19.05.1975;0.01585
20.05.1975;0.01585
21.05.1975;0.036
22.05.1975;0.0324
23.05.1975;0.02083
24.05.1975;0.02188
25.05.1975;0.03495
26.05.1975;0.0699
27.05.1975;0.06192
28.05.1975;0.05487
29.05.1975;0.0529
30.05.1975;0.04293
31.05.1975;0.03993
1.06.1975;0.02593
2.06.1975;0.03692
3.06.1975;0.03287
4.06.1975;0.0309
5.06.1975;0.02987
6.06.1975;0.02685
7.06.1975;0.0169
8.06.1975;0.02292
9.06.1975;0.02292
10.06.1975;0.02188
11.06.1975;0.02072
12.06.1975;0.02083
13.06.1975;0.01863
14.06.1975;0.01772
15.06.1975;0.01667
16.06.1975;0.01563
17.06.1975;0.01563
18.06.1975;0.01563
19.06.1975;0.0147
20.06.1975;0.0147
21.06.1975;0.01355
22.06.1975;0.01552
23.06.1975;0.01552
24.06.1975;0.01552
25.06.1975;0.01552
26.06.1975;0.01458
27.06.1975;0.01355
28.06.1975;0.01355
29.06.1975;0.01355
30.06.1975;0.01355
1.07.1975;0.01297
2.07.1975;0.01238
3.07.1975;0.01203
4.07.1975;0.01157
5.07.1975;0.01053
6.07.1975;0.01018
7.07.1975;0.01018
8.07.1975;0.00995
9.07.1975;0.00995
10.07.1975;0.00927
11.07.1975;0.00915
12.07.1975;0.00833
13.07.1975;0.00868
14.07.1975;0.00915
15.07.1975;0.0081
16.07.1975;0.00625
17.07.1975;0.00752
18.07.1975;0.00822
19.07.1975;0.00798
20.07.1975;0.00798
21.07.1975;0.0073
22.07.1975;0.00718
23.07.1975;0.00718
24.07.1975;0.00695
25.07.1975;0.00683
26.07.1975;0.00613
27.07.1975;0.00602
28.07.1975;0.00683
29.07.1975;0.00683
30.07.1975;0.00683
31.07.1975;0.00683
1.08.1975;0.00637
2.08.1975;0.00625
3.08.1975;0.00625
4.08.1975;0.00608
5.08.1975;0.00585
6.08.1975;0.00515
7.08.1975;0.00555
8.08.1975;0.00543
9.08.1975;0.00543
10.08.1975;0.00585
11.08.1975;0.00522
12.08.1975;0.00492
13.08.1975;0.0048
14.08.1975;0.0048
15.08.1975;0.00422
16.08.1975;0.00412
17.08.1975;0.00412
18.08.1975;0.00382
19.08.1975;0.00382
20.08.1975;0.00342
21.08.1975;0.00335
22.08.1975;0.00318
23.08.1975;0.004
24.08.1975;0.00405
25.08.1975;0.00468
26.08.1975;0.00457
27.08.1975;0.0044
28.08.1975;0.00388
29.08.1975;0.00388
30.08.1975;0.00377
31.08.1975;0.00377
1.09.1975;0.00353
2.09.1975;0.00365
3.09.1975;0.00365
4.09.1975;0.00365
5.09.1975;0.00365
6.09.1975;0.00377
7.09.1975;0.00377
8.09.1975;0.00382
9.09.1975;0.00377
10.09.1975;0.00365
11.09.1975;0.00358
12.09.1975;0.00358
13.09.1975;0.00307
14.09.1975;0.00302
15.09.1975;0.00307
16.09.1975;0.00342
17.09.1975;0.00342
18.09.1975;0.00342
19.09.1975;0.00318
20.09.1975;0.00335
21.09.1975;0.00335
22.09.1975;0.00347
23.09.1975;0.00347
24.09.1975;0.00347
25.09.1975;0.00335
26.09.1975;0.00335
27.09.1975;0.00347
28.09.1975;0.00335
29.09.1975;0.00267
30.09.1975;0.00278
1.10.1975;0.00283
2.10.1975;0.00283
3.10.1975;0.00267
4.10.1975;0.00272
5.10.1975;0.0026
6.10.1975;0.0026
7.10.1975;0.0026
8.10.1975;0.0026
9.10.1975;0.00295
10.10.1975;0.0026
11.10.1975;0.00255
12.10.1975;0.00255
13.10.1975;0.00255
14.10.1975;0.00255
15.10.1975;0.00255
16.10.1975;0.00255
17.10.1975;0.00248
18.10.1975;0.00248
19.10.1975;0.00237
20.10.1975;0.00237
21.10.1975;0.00232
22.10.1975;0.00232
23.10.1975;0.00232
24.10.1975;0.00243
25.10.1975;0.00243
26.10.1975;0.00243
27.10.1975;0.00243
28.10.1975;0.00243
29.10.1975;0.00255
30.10.1975;0.00267
31.10.1975;0.00267
1.11.1975;0.00278
2.11.1975;0.0029
3.11.1975;0.00302
4.11.1975;0.00302
5.11.1975;0.00302
6.11.1975;0.0029
7.11.1975;0.0029
8.11.1975;0.0029
9.11.1975;0.00278
10.11.1975;0.00278
11.11.1975;0.00278
12.11.1975;0.00278
13.11.1975;0.00267
14.11.1975;0.00267
15.11.1975;0.00225
16.11.1975;0.00225
17.11.1975;0.00225
18.11.1975;0.00225
19.11.1975;0.00213
20.11.1975;0.00213
21.11.1975;0.00203
22.11.1975;0.00192
23.11.1975;0.00192
24.11.1975;0.00185
25.11.1975;0.00185
26.11.1975;0.00185
27.11.1975;0.00185
28.11.1975;0.00185
29.11.1975;0.00192
30.11.1975;0.00192
1.12.1975;0.00197
2.12.1975;0.00197
3.12.1975;0.00197
4.12.1975;0.00197
5.12.1975;0.00197
6.12.1975;0.00192
7.12.1975;0.00192
8.12.1975;0.00192
9.12.1975;0.00185
10.12.1975;0.00185
11.12.1975;0.00185
12.12.1975;0.00185
13.12.1975;0.00185
14.12.1975;0.00185
15.12.1975;0.00173
16.12.1975;0.00173
17.12.1975;0.0018
18.12.1975;0.00295
19.12.1975;0.00318
20.12.1975;0.00318
21.12.1975;0.00335
22.12.1975;0.00365
23.12.1975;0.00365
24.12.1975;0.00365
25.12.1975;0.00365
26.12.1975;0.00365
27.12.1975;0.00365
28.12.1975;0.00365
29.12.1975;0.00365
30.12.1975;0.00365
31.12.1975;0.00365
1.01.1976;0.00353
2.01.1976;0.00353
3.01.1976;0.00353
4.01.1976;0.00353
5.01.1976;0.00353
6.01.1976;0.00347
7.01.1976;0.0033
8.01.1976;0.00318
9.01.1976;0.00307
10.01.1976;0.00295
11.01.1976;0.00283
12.01.1976;0.00272
13.01.1976;0.00283
14.01.1976;0.00283
15.01.1976;0.0029
16.01.1976;0.00295
17.01.1976;0.00313
18.01.1976;0.00318
19.01.1976;0.00318
20.01.1976;0.00318
21.01.1976;0.00318
22.01.1976;0.00318
23.01.1976;0.00318
24.01.1976;0.00318
25.01.1976;0.0033
26.01.1976;0.0033
27.01.1976;0.00318
28.01.1976;0.00313
29.01.1976;0.00307
30.01.1976;0.00295
31.01.1976;0.0029
1.02.1976;0.00278
2.02.1976;0.00272
3.02.1976;0.00272
4.02.1976;0.00272
5.02.1976;0.00272
6.02.1976;0.0026
7.02.1976;0.0026
8.02.1976;0.0026
9.02.1976;0.0026
10.02.1976;0.0026
11.02.1976;0.0026
12.02.1976;0.0026
13.02.1976;0.0026
14.02.1976;0.0026
15.02.1976;0.0026
16.02.1976;0.0026
17.02.1976;0.00283
18.02.1976;0.00307
19.02.1976;0.00302
20.02.1976;0.00295
21.02.1976;0.00283
22.02.1976;0.00283
23.02.1976;0.00278
24.02.1976;0.00278
25.02.1976;0.00278
26.02.1976;0.00278
27.02.1976;0.00278
28.02.1976;0.00283
29.02.1976;0.00283
1.03.1976;0.00283
2.03.1976;0.00323
3.03.1976;0.00335
4.03.1976;0.00335
5.03.1976;0.00335
6.03.1976;0.00335
7.03.1976;0.00335
8.03.1976;0.00323
9.03.1976;0.00335
10.03.1976;0.00295
11.03.1976;0.00237
12.03.1976;0.00232
13.03.1976;0.00225
14.03.1976;0.0022
15.03.1976;0.00225
16.03.1976;0.0022
17.03.1976;0.00197
18.03.1976;0.00208
19.03.1976;0.0026
20.03.1976;0.00267
21.03.1976;0.00272
22.03.1976;0.00278
23.03.1976;0.0029
24.03.1976;0.00318
25.03.1976;0.00353
26.03.1976;0.00358
27.03.1976;0.00532
28.03.1976;0.00972
29.03.1976;0.00948
30.03.1976;0.0103
31.03.1976;0.01135
1.04.1976;0.01123
2.04.1976;0.01157
3.04.1976;0.01215
4.04.1976;0.01215
5.04.1976;0.0125
6.04.1976;0.01308
7.04.1976;0.01273
8.04.1976;0.0132
9.04.1976;0.01308
10.04.1976;0.01273
11.04.1976;0.01077
12.04.1976;0.01135
13.04.1976;0.01168
14.04.1976;0.01135
15.04.1976;0.01077
16.04.1976;0.00995
17.04.1976;0.00892
18.04.1976;0.00927
19.04.1976;0.00948
20.04.1976;0.00927
21.04.1976;0.00857
22.04.1976;0.00798
23.04.1976;0.00718
24.04.1976;0.00707
25.04.1976;0.00707
26.04.1976;0.00707
27.04.1976;0.02615
28.04.1976;0.08947
29.04.1976;0.07535
30.04.1976;0.06147
1.05.1976;0.05358
2.05.1976;0.0471
3.05.1976;0.04352
4.05.1976;0.04155
5.05.1976;0.03703
6.05.1976;0.03357
7.05.1976;0.03218
8.05.1976;0.03043
9.05.1976;0.02952
10.05.1976;0.0272
11.05.1976;0.0257
12.05.1976;0.02327
13.05.1976;0.02222
14.05.1976;0.02177
15.05.1976;0.01828
16.05.1976;0.01725
17.05.1976;0.01528
18.05.1976;0.0147
19.05.1976;0.01377
20.05.1976;0.01285
21.05.1976;0.01215
22.05.1976;0.01147
23.05.1976;0.011
24.05.1976;0.011
25.05.1976;0.011
26.05.1976;0.01077
27.05.1976;0.00972
28.05.1976;0.00995
29.05.1976;0.00995
30.05.1976;0.011
31.05.1976;0.01147
1.06.1976;0.01147
2.06.1976;0.01123
3.06.1976;0.01065
4.06.1976;0.01065
5.06.1976;0.01065
6.06.1976;0.01065
7.06.1976;0.01065
8.06.1976;0.01065
9.06.1976;0.01053
10.06.1976;0.0103
11.06.1976;0.00995
12.06.1976;0.00948
13.06.1976;0.00868
14.06.1976;0.00868
15.06.1976;0.00915
16.06.1976;0.00833
17.06.1976;0.00718
18.06.1976;0.00707
19.06.1976;0.0066
20.06.1976;0.00683
21.06.1976;0.00683
22.06.1976;0.00695
23.06.1976;0.00683
24.06.1976;0.00695
25.06.1976;0.00695
26.06.1976;0.00672
27.06.1976;0.00672
28.06.1976;0.0066
29.06.1976;0.00637
30.06.1976;0.00602
1.07.1976;0.00578
2.07.1976;0.00555
3.07.1976;0.00532
4.07.1976;0.00522
5.07.1976;0.00543
6.07.1976;0.00567
7.07.1976;0.00515
8.07.1976;0.0051
9.07.1976;0.00487
10.07.1976;0.00445
11.07.1976;0.004
12.07.1976;0.004
13.07.1976;0.00382
14.07.1976;0.00382
15.07.1976;0.004
16.07.1976;0.00417
17.07.1976;0.00422
18.07.1976;0.00393
19.07.1976;0.00347
20.07.1976;0.00335
21.07.1976;0.00323
22.07.1976;0.00295
23.07.1976;0.00267
24.07.1976;0.00248
25.07.1976;0.00248
26.07.1976;0.00278
27.07.1976;0.00255
28.07.1976;0.0022
29.07.1976;0.00192
30.07.1976;0.00225
31.07.1976;0.00168
1.08.1976;0.0022
2.08.1976;0.00255
3.08.1976;0.00255
4.08.1976;0.00255
5.08.1976;0.00213
6.08.1976;0.00203
7.08.1976;0.00203
8.08.1976;0.00203
9.08.1976;0.00203
10.08.1976;0.00203
11.08.1976;0.00173
12.08.1976;0.00173
13.08.1976;0.0018
14.08.1976;0.00203
15.08.1976;0.0022
16.08.1976;0.0022
17.08.1976;0.00213
18.08.1976;0.00192
19.08.1976;0.00192
20.08.1976;0.00192
21.08.1976;0.00192
22.08.1976;0.00192
23.08.1976;0.00192
24.08.1976;0.0018
25.08.1976;0.0018
26.08.1976;0.0018
27.08.1976;0.0018
28.08.1976;0.0018
29.08.1976;0.0018
30.08.1976;0.0018
31.08.1976;0.00173
1.09.1976;0.00168
2.09.1976;0.00168
3.09.1976;0.00168
4.09.1976;0.00162
5.09.1976;0.00162
6.09.1976;0.00162
7.09.1976;0.00157
8.09.1976;0.00157
9.09.1976;0.00157
10.09.1976;0.0015
11.09.1976;0.0015
12.09.1976;0.0015
13.09.1976;0.0015
14.09.1976;0.00162
15.09.1976;0.00168
16.09.1976;0.00173
17.09.1976;0.00185
18.09.1976;0.00192
19.09.1976;0.00185
20.09.1976;0.0018
21.09.1976;0.0018
22.09.1976;0.00173
23.09.1976;0.00173
24.09.1976;0.00173
25.09.1976;0.00168
26.09.1976;0.00168
27.09.1976;0.00168
28.09.1976;0.00168
29.09.1976;0.00162
30.09.1976;0.00162
1.10.1976;0.00162
2.10.1976;0.00157
3.10.1976;0.00157
4.10.1976;0.00157
5.10.1976;0.00157
6.10.1976;0.00157
7.10.1976;0.00162
8.10.1976;0.00168
9.10.1976;0.0018
10.10.1976;0.00185
11.10.1976;0.00197
12.10.1976;0.00203
13.10.1976;0.00208
14.10.1976;0.0022
15.10.1976;0.00225
16.10.1976;0.00237
17.10.1976;0.00248
18.10.1976;0.00342
19.10.1976;0.00358
20.10.1976;0.00382
21.10.1976;0.00388
22.10.1976;0.00388
23.10.1976;0.00388
24.10.1976;0.00388
25.10.1976;0.00388
26.10.1976;0.00422
27.10.1976;0.00457
28.10.1976;0.00468
29.10.1976;0.00463
30.10.1976;0.00475
31.10.1976;0.00445
1.11.1976;0.00405
2.11.1976;0.004
3.11.1976;0.00412
4.11.1976;0.00457
5.11.1976;0.00457
6.11.1976;0.00468
7.11.1976;0.00468
8.11.1976;0.00468
9.11.1976;0.00468
10.11.1976;0.00468
11.11.1976;0.00468
12.11.1976;0.00468
13.11.1976;0.00468
14.11.1976;0.00468
15.11.1976;0.00468
16.11.1976;0.00543
17.11.1976;0.0118
18.11.1976;0.0228
19.11.1976;0.03218
20.11.1976;0.03298
21.11.1976;0.03078
22.11.1976;0.02743
23.11.1976;0.02465
24.11.1976;0.02385
25.11.1976;0.01945
26.11.1976;0.01725
27.11.1976;0.01528
28.11.1976;0.01435
29.11.1976;0.01517
30.11.1976;0.01388
1.12.1976;0.01412
2.12.1976;0.05892
3.12.1976;0.2978
4.12.1976;0.27222
5.12.1976;0.18448
6.12.1976;0.14803
7.12.1976;0.13483
8.12.1976;0.20775
9.12.1976;0.28865
10.12.1976;0.21203
11.12.1976;0.1559
12.12.1976;0.12697
13.12.1976;0.10915
14.12.1976;0.09178
15.12.1976;0.09052
16.12.1976;0.07802
17.12.1976;0.06852
18.12.1976;0.0618
19.12.1976;0.05463
20.12.1976;0.05127
21.12.1976;0.04248
22.12.1976;0.03865
23.12.1976;0.03565
24.12.1976;0.0331
25.12.1976;0.03067
26.12.1976;0.0265
27.12.1976;0.02418
28.12.1976;0.03148
29.12.1976;0.03263
30.12.1976;0.03263
31.12.1976;0.03043
1.01.1977;0.02732
2.01.1977;0.02512
3.01.1977;0.02315
4.01.1977;0.02165
5.01.1977;0.02095
6.01.1977;0.01968
7.01.1977;0.01933
8.01.1977;0.01782
9.01.1977;0.01713
10.01.1977;0.01608
11.01.1977;0.0154
12.01.1977;0.01655
13.01.1977;0.01678
14.01.1977;0.02453
15.01.1977;0.04225
16.01.1977;0.05393
17.01.1977;0.05393
18.01.1977;0.05243
19.01.1977;0.0507
20.01.1977;0.04595
21.01.1977;0.04607
22.01.1977;0.04525
23.01.1977;0.04213
24.01.1977;0.04005
25.01.1977;0.03958
26.01.1977;0.0382
27.01.1977;0.03808
28.01.1977;0.0382
29.01.1977;0.04097
30.01.1977;0.06458
31.01.1977;0.09907
1.02.1977;0.10775
2.02.1977;0.10302
3.02.1977;0.0948
4.02.1977;0.08762
5.02.1977;0.07975
6.02.1977;0.07257
7.02.1977;0.06632
8.02.1977;0.06227
9.02.1977;0.05775
10.02.1977;0.05475
11.02.1977;0.05498
12.02.1977;0.06112
13.02.1977;0.12685
14.02.1977;0.18172
15.02.1977;0.23137
16.02.1977;0.26887
17.02.1977;0.23865
18.02.1977;0.19965
19.02.1977;0.18078
20.02.1977;0.14988
21.02.1977;0.14768
22.02.1977;0.3382
23.02.1977;0.39317
24.02.1977;0.42813
25.02.1977;0.38287
26.02.1977;0.30267
27.02.1977;0.24965
28.02.1977;0.20822
1.03.1977;0.17998
2.03.1977;0.15047
3.03.1977;0.139
4.03.1977;0.13183
5.03.1977;0.11828
6.03.1977;0.0993
7.03.1977;0.08703
8.03.1977;0.08483
9.03.1977;0.07928
10.03.1977;0.0743
11.03.1977;0.0684
12.03.1977;0.06377
13.03.1977;0.05833
14.03.1977;0.05208
15.03.1977;0.05105
16.03.1977;0.04792
17.03.1977;0.04607
18.03.1977;0.0441
19.03.1977;0.04063
20.03.1977;0.04282
21.03.1977;0.03647
22.03.1977;0.03668
23.03.1977;0.04213
24.03.1977;0.039
25.03.1977;0.03392
26.03.1977;0.03588
27.03.1977;0.0324
28.03.1977;0.02627
29.03.1977;0.0316
30.03.1977;0.0397
31.03.1977;0.06123
1.04.1977;0.10082
2.04.1977;0.10787
3.04.1977;0.10625
4.04.1977;0.1022
5.04.1977;0.0963
6.04.1977;0.09132
7.04.1977;0.08855
8.04.1977;0.08438
9.04.1977;0.1029
10.04.1977;0.33137
11.04.1977;0.30983
12.04.1977;0.2603
13.04.1977;0.2125
14.04.1977;0.1706
15.04.1977;0.14907
16.04.1977;0.1323
17.04.1977;0.11945
18.04.1977;0.1066
19.04.1977;0.09907
20.04.1977;0.0926
21.04.1977;0.08553
22.04.1977;0.08195
23.04.1977;0.07662
24.04.1977;0.07165
25.04.1977;0.06793
26.04.1977;0.06388
27.04.1977;0.06065
28.04.1977;0.0574
29.04.1977;0.05382
30.04.1977;0.05023
1.05.1977;0.04607
2.05.1977;0.04375
3.05.1977;0.04248
4.05.1977;0.0419
5.05.1977;0.0397
6.05.1977;0.0382
7.05.1977;0.03647
8.05.1977;0.03647
9.05.1977;0.03345
10.05.1977;0.03345
11.05.1977;0.03207
12.05.1977;0.03183
13.05.1977;0.03113
14.05.1977;0.0309
15.05.1977;0.02882
16.05.1977;0.02813
17.05.1977;0.02917
18.05.1977;0.02638
19.05.1977;0.02582
20.05.1977;0.02593
21.05.1977;0.0243
22.05.1977;0.02257
23.05.1977;0.02025
24.05.1977;0.02002
25.05.1977;0.02002
26.05.1977;0.01933
27.05.1977;0.0191
28.05.1977;0.0191
29.05.1977;0.0191
30.05.1977;0.01805
31.05.1977;0.0191
1.06.1977;0.01898
2.06.1977;0.01945
3.06.1977;0.01945
4.06.1977;0.01945
5.06.1977;0.01922
6.06.1977;0.01852
7.06.1977;0.01852
8.06.1977;0.01852
9.06.1977;0.01817
10.06.1977;0.01748
11.06.1977;0.0169
12.06.1977;0.0169
13.06.1977;0.0169
14.06.1977;0.0169
15.06.1977;0.0169
16.06.1977;0.01585
17.06.1977;0.01563
18.06.1977;0.01435
19.06.1977;0.0132
20.06.1977;0.01285
21.06.1977;0.0125
22.06.1977;0.0125
23.06.1977;0.0125
24.06.1977;0.0125
25.06.1977;0.01215
26.06.1977;0.01168
27.06.1977;0.01077
28.06.1977;0.011
29.06.1977;0.01157
30.06.1977;0.01157
1.07.1977;0.01112
2.07.1977;0.01077
3.07.1977;0.01007
4.07.1977;0.00927
5.07.1977;0.00927
6.07.1977;0.00927
7.07.1977;0.00927
8.07.1977;0.00927
9.07.1977;0.0103
10.07.1977;0.01065
11.07.1977;0.01053
12.07.1977;0.01053
13.07.1977;0.01053
14.07.1977;0.01053
15.07.1977;0.01053
16.07.1977;0.01053
17.07.1977;0.01042
18.07.1977;0.00938
19.07.1977;0.00915
20.07.1977;0.0096
21.07.1977;0.00972
22.07.1977;0.00983
23.07.1977;0.00995
24.07.1977;0.00995
25.07.1977;0.00995
26.07.1977;0.00995
27.07.1977;0.0096
28.07.1977;0.00927
29.07.1977;0.0088
30.07.1977;0.00845
31.07.1977;0.00798
1.08.1977;0.00763
2.08.1977;0.00868
3.08.1977;0.00915
4.08.1977;0.00892
5.08.1977;0.00822
6.08.1977;0.00775
7.08.1977;0.0073
8.08.1977;0.00672
9.08.1977;0.00683
10.08.1977;0.00683
11.08.1977;0.0073
12.08.1977;0.00695
13.08.1977;0.00602
14.08.1977;0.00602
15.08.1977;0.01343
16.08.1977;0.04583
17.08.1977;0.04513
18.08.1977;0.03832
19.08.1977;0.0309
20.08.1977;0.0309
21.08.1977;0.02072
22.08.1977;0.01922
23.08.1977;0.01863
24.08.1977;0.01887
25.08.1977;0.01945
26.08.1977;0.01898
27.08.1977;0.01875
28.08.1977;0.01713
29.08.1977;0.01597
30.08.1977;0.01655
31.08.1977;0.01632
1.09.1977;0.01528
2.09.1977;0.01447
3.09.1977;0.01412
4.09.1977;0.01262
5.09.1977;0.01157
6.09.1977;0.01112
7.09.1977;0.011
8.09.1977;0.011
9.09.1977;0.01088
10.09.1977;0.01053
11.09.1977;0.01007
12.09.1977;0.00948
13.09.1977;0.00938
14.09.1977;0.00938
15.09.1977;0.00938
16.09.1977;0.00938
17.09.1977;0.00927
18.09.1977;0.00903
19.09.1977;0.00845
20.09.1977;0.00763
21.09.1977;0.00637
22.09.1977;0.0055
23.09.1977;0.00492
24.09.1977;0.00492
25.09.1977;0.0044
26.09.1977;0.00422
27.09.1977;0.00428
28.09.1977;0.00475
29.09.1977;0.0051
30.09.1977;0.00532
1.10.1977;0.00543
2.10.1977;0.00562
3.10.1977;0.00578
4.10.1977;0.00578
5.10.1977;0.00578
6.10.1977;0.00578
7.10.1977;0.00578
8.10.1977;0.00578
9.10.1977;0.00578
10.10.1977;0.00573
11.10.1977;0.0055
12.10.1977;0.00538
13.10.1977;0.00532
14.10.1977;0.00522
15.10.1977;0.0051
16.10.1977;0.00503
17.10.1977;0.00492
18.10.1977;0.00492
19.10.1977;0.00492
20.10.1977;0.00492
21.10.1977;0.00487
22.10.1977;0.00487
23.10.1977;0.00487
24.10.1977;0.00487
25.10.1977;0.00475
26.10.1977;0.0044
27.10.1977;0.00422
28.10.1977;0.00393
29.10.1977;0.00353
30.10.1977;0.00335
31.10.1977;0.00323
1.11.1977;0.00318
2.11.1977;0.00318
3.11.1977;0.00318
4.11.1977;0.00318
5.11.1977;0.00318
6.11.1977;0.00318
7.11.1977;0.00318
8.11.1977;0.00318
9.11.1977;0.00318
10.11.1977;0.00318
11.11.1977;0.00302
12.11.1977;0.00302
13.11.1977;0.00302
14.11.1977;0.00302
15.11.1977;0.0037
16.11.1977;0.00445
17.11.1977;0.00428
18.11.1977;0.00412
19.11.1977;0.00388
20.11.1977;0.00377
21.11.1977;0.00388
22.11.1977;0.00388
23.11.1977;0.00388
24.11.1977;0.00388
25.11.1977;0.00353
26.11.1977;0.0033
27.11.1977;0.00295
28.11.1977;0.00347
29.11.1977;0.00377
30.11.1977;0.00377
1.12.1977;0.0037
2.12.1977;0.00382
3.12.1977;0.00382
4.12.1977;0.00382
5.12.1977;0.00382
6.12.1977;0.00382
7.12.1977;0.00382
8.12.1977;0.00382
9.12.1977;0.00382
10.12.1977;0.00382
11.12.1977;0.00377
12.12.1977;0.00377
13.12.1977;0.00358
14.12.1977;0.00347
15.12.1977;0.00335
16.12.1977;0.0033
17.12.1977;0.00318
18.12.1977;0.00307
19.12.1977;0.00295
20.12.1977;0.00307
21.12.1977;0.00307
22.12.1977;0.00313
23.12.1977;0.00323
24.12.1977;0.00335
25.12.1977;0.00347
26.12.1977;0.00353
27.12.1977;0.00342
28.12.1977;0.00335
29.12.1977;0.00323
30.12.1977;0.00313
31.12.1977;0.00307
1.01.1978;0.0029
2.01.1978;0.00278
3.01.1978;0.00278
4.01.1978;0.00278
5.01.1978;0.00278
6.01.1978;0.00278
7.01.1978;0.00278
8.01.1978;0.00278
9.01.1978;0.00278
10.01.1978;0.00272
11.01.1978;0.00267
12.01.1978;0.00255
13.01.1978;0.00255
14.01.1978;0.00243
15.01.1978;0.00225
16.01.1978;0.00225
17.01.1978;0.00225
18.01.1978;0.00225
19.01.1978;0.00243
20.01.1978;0.00248
21.01.1978;0.00243
22.01.1978;0.00248
23.01.1978;0.00295
24.01.1978;0.0026
25.01.1978;0.00243
26.01.1978;0.00267
27.01.1978;0.00283
28.01.1978;0.00278
29.01.1978;0.00278
30.01.1978;0.00302
31.01.1978;0.00318
1.02.1978;0.00318
2.02.1978;0.00318
3.02.1978;0.0033
4.02.1978;0.0033
5.02.1978;0.0033
6.02.1978;0.0033
7.02.1978;0.0033
8.02.1978;0.0033
9.02.1978;0.00318
10.02.1978;0.00267
11.02.1978;0.00232
12.02.1978;0.0022
13.02.1978;0.0022
14.02.1978;0.00232
15.02.1978;0.00255
16.02.1978;0.0029
17.02.1978;0.00318
18.02.1978;0.00302
19.02.1978;0.00302
20.02.1978;0.00318
21.02.1978;0.00318
22.02.1978;0.00323
23.02.1978;0.00353
24.02.1978;0.00382
25.02.1978;0.004
26.02.1978;0.00422
27.02.1978;0.00433
28.02.1978;0.00393
1.03.1978;0.00475
2.03.1978;0.01112
3.03.1978;0.0265
4.03.1978;0.07292
5.03.1978;0.08692
6.03.1978;0.0801
7.03.1978;0.07327
8.03.1978;0.06135
9.03.1978;0.05185
10.03.1978;0.04352
11.03.1978;0.039
12.03.1978;0.03553
13.03.1978;0.03218
14.03.1978;0.0294
15.03.1978;0.02662
16.03.1978;0.02453
17.03.1978;0.02385
18.03.1978;0.02037
19.03.1978;0.01957
20.03.1978;0.0184
21.03.1978;0.01702
22.03.1978;0.0169
23.03.1978;0.01505
24.03.1978;0.0162
25.03.1978;0.01552
26.03.1978;0.01528
27.03.1978;0.01667
28.03.1978;0.01667
29.03.1978;0.01563
30.03.1978;0.01585
31.03.1978;0.01585
1.04.1978;0.0154
2.04.1978;0.0147
3.04.1978;0.0154
4.04.1978;0.01573
5.04.1978;0.01447
6.04.1978;0.01308
7.04.1978;0.01227
8.04.1978;0.0125
9.04.1978;0.01215
10.04.1978;0.01157
11.04.1978;0.0125
12.04.1978;0.01203
13.04.1978;0.01147
14.04.1978;0.0125
15.04.1978;0.01817
16.04.1978;0.03542
17.04.1978;0.0397
18.04.1978;0.04097
19.04.1978;0.04155
20.04.1978;0.04468
21.04.1978;0.08495
22.04.1978;0.09642
23.04.1978;0.08832
24.04.1978;0.08078
25.04.1978;0.07245
26.04.1978;0.06458
27.04.1978;0.06227
28.04.1978;0.18148
29.04.1978;0.16585
30.04.1978;0.14792
1.05.1978;0.19733
2.05.1978;0.18507
3.05.1978;0.15578
4.05.1978;0.13427
5.05.1978;0.12153
6.05.1978;0.11238
7.05.1978;0.13448
8.05.1978;0.275
9.05.1978;0.27928
10.05.1978;0.29733
11.05.1978;0.33843
12.05.1978;0.31123
13.05.1978;0.264
14.05.1978;0.22095
15.05.1978;0.18263
16.05.1978;0.14862
17.05.1978;0.13055
18.05.1978;0.12397
19.05.1978;0.11898
20.05.1978;0.11147
21.05.1978;0.10197
22.05.1978;0.09537
23.05.1978;0.16447
24.05.1978;0.20267
25.05.1978;0.17488
26.05.1978;0.1537
27.05.1978;0.13565
28.05.1978;0.11968
29.05.1978;0.10775
30.05.1978;0.09768
31.05.1978;0.08843
1.06.1978;0.08218
2.06.1978;0.0757
3.06.1978;0.07095
4.06.1978;0.06597
5.06.1978;0.06447
6.06.1978;0.05718
7.06.1978;0.05915
8.06.1978;0.05463
9.06.1978;0.0522
10.06.1978;0.04965
11.06.1978;0.04988
12.06.1978;0.04745
13.06.1978;0.03808
14.06.1978;0.04213
15.06.1978;0.04178
16.06.1978;0.03923
17.06.1978;0.0368
18.06.1978;0.03438
19.06.1978;0.03207
20.06.1978;0.03207
21.06.1978;0.03137
22.06.1978;0.03183
23.06.1978;0.03218
24.06.1978;0.0324
25.06.1978;0.03207
26.06.1978;0.0324
27.06.1978;0.0331
28.06.1978;0.03357
29.06.1978;0.03252
30.06.1978;0.03195
1.07.1978;0.03102
2.07.1978;0.03067
3.07.1978;0.03043
4.07.1978;0.0301
5.07.1978;0.0294
6.07.1978;0.02835
7.07.1978;0.02582
8.07.1978;0.02327
9.07.1978;0.02373
10.07.1978;0.02315
11.07.1978;0.02177
12.07.1978;0.0228
13.07.1978;0.0213
14.07.1978;0.0206
15.07.1978;0.02177
16.07.1978;0.0206
17.07.1978;0.02037
18.07.1978;0.02072
19.07.1978;0.02385
20.07.1978;0.02257
21.07.1978;0.0221
22.07.1978;0.02025
23.07.1978;0.0199
24.07.1978;0.02095
25.07.1978;0.02025
26.07.1978;0.02083
27.07.1978;0.02095
28.07.1978;0.02048
29.07.1978;0.02002
30.07.1978;0.01968
31.07.1978;0.01898
1.08.1978;0.01793
2.08.1978;0.01793
3.08.1978;0.01782
4.08.1978;0.0176
5.08.1978;0.0162
6.08.1978;0.01585
7.08.1978;0.01435
8.08.1978;0.01365
9.08.1978;0.01343
10.08.1978;0.01343
11.08.1978;0.01273
12.08.1978;0.01285
13.08.1978;0.01285
14.08.1978;0.01273
15.08.1978;0.01262
16.08.1978;0.01238
17.08.1978;0.01215
18.08.1978;0.0118
19.08.1978;0.01157
20.08.1978;0.01135
21.08.1978;0.011
22.08.1978;0.01065
23.08.1978;0.01018
24.08.1978;0.00972
25.08.1978;0.00948
26.08.1978;0.00892
27.08.1978;0.00833
28.08.1978;0.00798
29.08.1978;0.00845
30.08.1978;0.00775
31.08.1978;0.00857
1.09.1978;0.00983
2.09.1978;0.00972
3.09.1978;0.00995
4.09.1978;0.00972
5.09.1978;0.00948
6.09.1978;0.00892
7.09.1978;0.00822
8.09.1978;0.00642
9.09.1978;0.00672
10.09.1978;0.00597
11.09.1978;0.00562
12.09.1978;0.00555
13.09.1978;0.00543
14.09.1978;0.00532
15.09.1978;0.0051
16.09.1978;0.00475
17.09.1978;0.00475
18.09.1978;0.0051
19.09.1978;0.00522
20.09.1978;0.00527
21.09.1978;0.00522
22.09.1978;0.00492
23.09.1978;0.00452
24.09.1978;0.0044
25.09.1978;0.0044
26.09.1978;0.00475
27.09.1978;0.00503
28.09.1978;0.00515
29.09.1978;0.00487
30.09.1978;0.00452
1.10.1978;0.0044
2.10.1978;0.0044
3.10.1978;0.00428
4.10.1978;0.00428
5.10.1978;0.00433
6.10.1978;0.0044
7.10.1978;0.0044
8.10.1978;0.00428
9.10.1978;0.00422
10.10.1978;0.00422
11.10.1978;0.00412
12.10.1978;0.00393
13.10.1978;0.00382
14.10.1978;0.00347
15.10.1978;0.00335
16.10.1978;0.00335
17.10.1978;0.00342
18.10.1978;0.0037
19.10.1978;0.00393
20.10.1978;0.004
21.10.1978;0.004
22.10.1978;0.004
23.10.1978;0.00388
24.10.1978;0.00353
25.10.1978;0.00353
26.10.1978;0.00353
27.10.1978;0.00365
28.10.1978;0.00358
29.10.1978;0.00342
30.10.1978;0.0033
31.10.1978;0.00318
1.11.1978;0.00318
2.11.1978;0.00307
3.11.1978;0.00307
4.11.1978;0.00302
5.11.1978;0.00283
6.11.1978;0.00248
7.11.1978;0.00225
8.11.1978;0.00225
9.11.1978;0.00225
10.11.1978;0.00225
11.11.1978;0.00225
12.11.1978;0.00225
13.11.1978;0.00225
14.11.1978;0.00225
15.11.1978;0.00213
16.11.1978;0.00213
17.11.1978;0.00213
18.11.1978;0.00213
19.11.1978;0.00213
20.11.1978;0.00213
21.11.1978;0.00203
22.11.1978;0.00203
23.11.1978;0.00232
24.11.1978;0.0029
25.11.1978;0.0029
26.11.1978;0.0029
27.11.1978;0.00302
28.11.1978;0.00318
29.11.1978;0.00318
30.11.1978;0.0033
1.12.1978;0.00347
2.12.1978;0.00302
3.12.1978;0.0029
4.12.1978;0.00283
5.12.1978;0.00237
6.12.1978;0.00192
7.12.1978;0.00192
8.12.1978;0.00157
9.12.1978;0.00145
10.12.1978;0.0015
11.12.1978;0.00168
12.12.1978;0.00185
13.12.1978;0.00192
14.12.1978;0.0018
15.12.1978;0.00168
16.12.1978;0.00162
17.12.1978;0.00162
18.12.1978;0.00162
19.12.1978;0.0015
20.12.1978;0.0015
21.12.1978;0.0015
22.12.1978;0.0015
23.12.1978;0.0015
24.12.1978;0.0015
25.12.1978;0.00157
26.12.1978;0.00157
27.12.1978;0.00145
28.12.1978;0.00138
29.12.1978;0.0015
30.12.1978;0.00173
31.12.1978;0.00162
1.01.1979;0.00185
2.01.1979;0.00185
3.01.1979;0.00173
4.01.1979;0.00168
5.01.1979;0.00157
6.01.1979;0.0015
7.01.1979;0.0015
8.01.1979;0.0015
9.01.1979;0.0015
10.01.1979;0.0015
11.01.1979;0.00138
12.01.1979;0.00138
13.01.1979;0.00133
14.01.1979;0.00133
15.01.1979;0.00133
16.01.1979;0.00133
17.01.1979;0.00127
18.01.1979;0.00115
19.01.1979;0.0011
20.01.1979;0.0011
21.01.1979;0.00122
22.01.1979;0.00122
23.01.1979;0.00133
24.01.1979;0.00138
25.01.1979;0.0015
26.01.1979;0.00157
27.01.1979;0.00162
28.01.1979;0.00208
29.01.1979;0.00412
30.01.1979;0.03727
31.01.1979;0.04665
1.02.1979;0.04352
2.02.1979;0.03715
3.02.1979;0.03055
4.02.1979;0.02222
5.02.1979;0.01377
6.02.1979;0.02013
7.02.1979;0.0191
8.02.1979;0.01898
9.02.1979;0.01725
10.02.1979;0.01782
11.02.1979;0.01725
12.02.1979;0.01828
13.02.1979;0.01922
14.02.1979;0.02257
15.02.1979;0.02697
16.02.1979;0.03448
17.02.1979;0.08287
18.02.1979;0.13357
19.02.1979;0.12453
20.02.1979;0.10695
21.02.1979;0.09688
22.02.1979;0.08668
23.02.1979;0.07813
24.02.1979;0.0691
25.02.1979;0.06077
26.02.1979;0.05428
27.02.1979;0.05035
28.02.1979;0.04803
1.03.1979;0.0449
2.03.1979;0.04097
3.03.1979;0.03785
4.03.1979;0.03403
5.03.1979;0.03357
6.03.1979;0.03287
7.03.1979;0.03287
8.03.1979;0.03287
9.03.1979;0.03403
10.03.1979;0.0346
11.03.1979;0.03577
12.03.1979;0.036
13.03.1979;0.03692
14.03.1979;0.03692
15.03.1979;0.03692
16.03.1979;0.03623
17.03.1979;0.039
18.03.1979;0.04085
19.03.1979;0.04293
20.03.1979;0.04398
21.03.1979;0.04363
22.03.1979;0.04143
23.03.1979;0.04005
24.03.1979;0.03855
25.03.1979;0.03797
26.03.1979;0.0375
27.03.1979;0.03923
28.03.1979;0.04028
29.03.1979;0.07963
30.03.1979;0.18888
31.03.1979;0.18183
1.04.1979;0.15948
2.04.1979;0.14422
3.04.1979;0.13022
4.04.1979;0.11573
5.04.1979;0.10162
6.04.1979;0.09005
7.04.1979;0.08518
8.04.1979;0.08865
9.04.1979;0.09052
10.04.1979;0.09085
11.04.1979;0.086
12.04.1979;0.08207
13.04.1979;0.0765
14.04.1979;0.07095
15.04.1979;0.06632
16.04.1979;0.06365
17.04.1979;0.06273
18.04.1979;0.0596
19.04.1979;0.0559
20.04.1979;0.05393
21.04.1979;0.0529
22.04.1979;0.0507
23.04.1979;0.04815
24.04.1979;0.04513
25.04.1979;0.04108
26.04.1979;0.04017
27.04.1979;0.06308
28.04.1979;0.25487
29.04.1979;0.30012
30.04.1979;0.2706
1.05.1979;0.22083
2.05.1979;0.17512
3.05.1979;0.14733
4.05.1979;0.12732
5.05.1979;0.1154
6.05.1979;0.10613
7.05.1979;0.0971
8.05.1979;0.0904
9.05.1979;0.08415
10.05.1979;0.07882
11.05.1979;0.07048
12.05.1979;0.06585
13.05.1979;0.06053
14.05.1979;0.0566
15.05.1979;0.05903
16.05.1979;0.0551
17.05.1979;0.05267
18.05.1979;0.04907
19.05.1979;0.04733
20.05.1979;0.04513
21.05.1979;0.04328
22.05.1979;0.04225
23.05.1979;0.0382
24.05.1979;0.03345
25.05.1979;0.03947
26.05.1979;0.03438
27.05.1979;0.03078
28.05.1979;0.0316
29.05.1979;0.0265
30.05.1979;0.02778
31.05.1979;0.02813
1.06.1979;0.02083
2.06.1979;0.02222
3.06.1979;0.01817
4.06.1979;0.01772
5.06.1979;0.01852
6.06.1979;0.0184
7.06.1979;0.01793
8.06.1979;0.0169
9.06.1979;0.01667
10.06.1979;0.0169
11.06.1979;0.01678
12.06.1979;0.01678
13.06.1979;0.01643
14.06.1979;0.01643
15.06.1979;0.0162
16.06.1979;0.01597
17.06.1979;0.0154
18.06.1979;0.0147
19.06.1979;0.01482
20.06.1979;0.01447
21.06.1979;0.01297
22.06.1979;0.01215
23.06.1979;0.0118
24.06.1979;0.01192
25.06.1979;0.01168
26.06.1979;0.01215
27.06.1979;0.01203
28.06.1979;0.0118
29.06.1979;0.01135
30.06.1979;0.01088
1.07.1979;0.01065
2.07.1979;0.01077
3.07.1979;0.01088
4.07.1979;0.011
5.07.1979;0.01112
6.07.1979;0.011
7.07.1979;0.00938
8.07.1979;0.00972
9.07.1979;0.00995
10.07.1979;0.01007
11.07.1979;0.00983
12.07.1979;0.00948
13.07.1979;0.00845
14.07.1979;0.00833
15.07.1979;0.00822
16.07.1979;0.0074
17.07.1979;0.00775
18.07.1979;0.0074
19.07.1979;0.00707
20.07.1979;0.00648
21.07.1979;0.00602
22.07.1979;0.00602
23.07.1979;0.00613
24.07.1979;0.00695
25.07.1979;0.0073
26.07.1979;0.0074
27.07.1979;0.00763
28.07.1979;0.00787
29.07.1979;0.0081
30.07.1979;0.00822
31.07.1979;0.00868
1.08.1979;0.00695
2.08.1979;0.00695
3.08.1979;0.00648
4.08.1979;0.00637
5.08.1979;0.00625
6.08.1979;0.00602
7.08.1979;0.00602
8.08.1979;0.00602
9.08.1979;0.00602
10.08.1979;0.00613
11.08.1979;0.0059
12.08.1979;0.00613
13.08.1979;0.00625
14.08.1979;0.00637
15.08.1979;0.00637
16.08.1979;0.00613
17.08.1979;0.00538
18.08.1979;0.00527
19.08.1979;0.00503
20.08.1979;0.00492
21.08.1979;0.0048
22.08.1979;0.00457
23.08.1979;0.00457
24.08.1979;0.00475
25.08.1979;0.00532
26.08.1979;0.00388
27.08.1979;0.00323
28.08.1979;0.00307
29.08.1979;0.00283
30.08.1979;0.00283
31.08.1979;0.00283
1.09.1979;0.00278
2.09.1979;0.00278
3.09.1979;0.00278
4.09.1979;0.00323
5.09.1979;0.00365
6.09.1979;0.00358
7.09.1979;0.0037
8.09.1979;0.00382
9.09.1979;0.00388
10.09.1979;0.00433
11.09.1979;0.00468
12.09.1979;0.0048
13.09.1979;0.00475
14.09.1979;0.00475
15.09.1979;0.0048
16.09.1979;0.00487
17.09.1979;0.00538
18.09.1979;0.00573
19.09.1979;0.00573
20.09.1979;0.00555
21.09.1979;0.00515
22.09.1979;0.00515
23.09.1979;0.00515
24.09.1979;0.00503
25.09.1979;0.00492
26.09.1979;0.0048
27.09.1979;0.00468
28.09.1979;0.00463
29.09.1979;0.00445
30.09.1979;0.00445
1.10.1979;0.00445
2.10.1979;0.00445
3.10.1979;0.00445
4.10.1979;0.00445
5.10.1979;0.00445
6.10.1979;0.00445
7.10.1979;0.00445
8.10.1979;0.00445
9.10.1979;0.00428
10.10.1979;0.00428
11.10.1979;0.00405
12.10.1979;0.00393
13.10.1979;0.00388
14.10.1979;0.00377
15.10.1979;0.00377
16.10.1979;0.00377
17.10.1979;0.00377
18.10.1979;0.00377
19.10.1979;0.00393
20.10.1979;0.00393
21.10.1979;0.00388
22.10.1979;0.00388
23.10.1979;0.00412
24.10.1979;0.0037
25.10.1979;0.0037
26.10.1979;0.00353
27.10.1979;0.00353
28.10.1979;0.00342
29.10.1979;0.00335
30.10.1979;0.00318
31.10.1979;0.00307
1.11.1979;0.0029
2.11.1979;0.00283
3.11.1979;0.00283
4.11.1979;0.00283
5.11.1979;0.00283
6.11.1979;0.00283
7.11.1979;0.00283
8.11.1979;0.00283
9.11.1979;0.00283
10.11.1979;0.0033
11.11.1979;0.0036
12.11.1979;0.0036
13.11.1979;0.0033
14.11.1979;0.00278
15.11.1979;0.00295
16.11.1979;0.00313
17.11.1979;0.00365
18.11.1979;0.00452
19.11.1979;0.0048
20.11.1979;0.00475
21.11.1979;0.00452
22.11.1979;0.00463
23.11.1979;0.00492
24.11.1979;0.00522
25.11.1979;0.00527
26.11.1979;0.00527
27.11.1979;0.00522
28.11.1979;0.00498
29.11.1979;0.00475
30.11.1979;0.00463
1.12.1979;0.0044
2.12.1979;0.00428
3.12.1979;0.004
4.12.1979;0.00377
5.12.1979;0.0037
6.12.1979;0.0037
7.12.1979;0.0037
8.12.1979;0.0037
9.12.1979;0.0037
10.12.1979;0.0037
11.12.1979;0.00365
12.12.1979;0.00318
13.12.1979;0.00278
14.12.1979;0.00272
15.12.1979;0.00272
16.12.1979;0.00272
17.12.1979;0.00272
18.12.1979;0.00272
19.12.1979;0.00272
20.12.1979;0.0029
21.12.1979;0.00302
22.12.1979;0.00342
23.12.1979;0.00463
24.12.1979;0.00613
25.12.1979;0.00718
26.12.1979;0.01065
27.12.1979;0.00995
28.12.1979;0.00995
29.12.1979;0.00972
30.12.1979;0.01018
31.12.1979;0.01007
1.01.1980;0.00948
2.01.1980;0.00903
3.01.1980;0.00833
4.01.1980;0.00822
5.01.1980;0.00798
6.01.1980;0.00798
7.01.1980;0.00787
8.01.1980;0.00763
9.01.1980;0.0073
10.01.1980;0.00695
11.01.1980;0.00637
12.01.1980;0.00637
13.01.1980;0.00637
14.01.1980;0.00532
15.01.1980;0.0055
16.01.1980;0.00555
17.01.1980;0.0059
18.01.1980;0.00637
19.01.1980;0.00637
20.01.1980;0.00637
21.01.1980;0.00672
22.01.1980;0.00718
23.01.1980;0.00672
24.01.1980;0.00637
25.01.1980;0.00637
26.01.1980;0.00543
27.01.1980;0.00543
28.01.1980;0.0059
29.01.1980;0.00637
30.01.1980;0.00637
31.01.1980;0.0059
1.02.1980;0.00543
2.02.1980;0.00543
3.02.1980;0.00487
4.02.1980;0.00463
5.02.1980;0.00522
6.02.1980;0.00543
7.02.1980;0.00475
8.02.1980;0.0051
9.02.1980;0.00543
10.02.1980;0.00463
11.02.1980;0.00463
12.02.1980;0.00718
13.02.1980;0.00798
14.02.1980;0.0088
15.02.1980;0.0088
16.02.1980;0.0096
17.02.1980;0.0096
18.02.1980;0.0096
19.02.1980;0.01088
20.02.1980;0.01042
21.02.1980;0.0118
22.02.1980;0.01135
23.02.1980;0.01135
24.02.1980;0.01157
25.02.1980;0.01215
26.02.1980;0.01332
27.02.1980;0.01308
28.02.1980;0.01238
29.02.1980;0.01308
1.03.1980;0.01227
2.03.1980;0.01147
3.03.1980;0.01088
4.03.1980;0.00983
5.03.1980;0.00983
6.03.1980;0.00983
7.03.1980;0.011
8.03.1980;0.011
9.03.1980;0.00857
10.03.1980;0.00927
11.03.1980;0.00892
12.03.1980;0.00892
13.03.1980;0.01065
14.03.1980;0.01065
15.03.1980;0.0125
16.03.1980;0.0154
17.03.1980;0.01875
18.03.1980;0.02778
19.03.1980;0.03993
20.03.1980;0.03993
21.03.1980;0.04178
22.03.1980;0.04178
23.03.1980;0.03923
24.03.1980;0.04178
25.03.1980;0.07385
26.03.1980;0.09803
27.03.1980;0.11968
28.03.1980;0.13172
29.03.1980;0.1471
30.03.1980;0.14572
31.03.1980;0.12835
1.04.1980;0.1096
2.04.1980;0.09513
3.04.1980;0.08438
4.04.1980;0.0757
5.04.1980;0.07547
6.04.1980;0.05903
7.04.1980;0.05602
8.04.1980;0.06377
9.04.1980;0.06702
10.04.1980;0.06782
11.04.1980;0.0632
12.04.1980;0.05903
13.04.1980;0.05452
14.04.1980;0.0537
15.04.1980;0.05255
16.04.1980;0.04653
17.04.1980;0.0449
18.04.1980;0.04328
19.04.1980;0.0412
20.04.1980;0.0382
21.04.1980;0.03565
22.04.1980;0.03483
23.04.1980;0.03322
24.04.1980;0.03022
25.04.1980;0.02813
26.04.1980;0.02778
27.04.1980;0.02593
28.04.1980;0.02373
29.04.1980;0.02257
30.04.1980;0.02442
1.05.1980;0.02858
2.05.1980;0.03218
3.05.1980;0.0331
4.05.1980;0.0331
5.05.1980;0.0331
6.05.1980;0.03483
7.05.1980;0.03647
8.05.1980;0.03647
9.05.1980;0.03982
10.05.1980;0.04143
11.05.1980;0.04178
12.05.1980;0.04178
13.05.1980;0.04097
14.05.1980;0.03993
15.05.1980;0.03843
16.05.1980;0.03727
17.05.1980;0.03553
18.05.1980;0.03322
19.05.1980;0.03172
20.05.1980;0.02975
21.05.1980;0.02813
22.05.1980;0.02627
23.05.1980;0.02442
24.05.1980;0.02743
25.05.1980;0.02778
26.05.1980;0.02697
27.05.1980;0.02385
28.05.1980;0.02615
29.05.1980;0.01828
30.05.1980;0.01805
31.05.1980;0.01737
1.06.1980;0.01852
2.06.1980;0.01725
3.06.1980;0.01852
4.06.1980;0.01817
5.06.1980;0.01817
6.06.1980;0.01817
7.06.1980;0.01817
8.06.1980;0.01817
9.06.1980;0.01725
10.06.1980;0.0169
11.06.1980;0.01655
12.06.1980;0.01423
13.06.1980;0.01493
14.06.1980;0.01412
15.06.1980;0.0132
16.06.1980;0.01273
17.06.1980;0.01192
18.06.1980;0.01192
19.06.1980;0.01168
20.06.1980;0.01157
21.06.1980;0.011
22.06.1980;0.01077
23.06.1980;0.011
24.06.1980;0.01135
25.06.1980;0.01123
26.06.1980;0.01123
27.06.1980;0.01135
28.06.1980;0.01135
29.06.1980;0.01135
30.06.1980;0.01203
1.07.1980;0.01215
2.07.1980;0.01423
3.07.1980;0.01632
4.07.1980;0.0176
5.07.1980;0.01748
6.07.1980;0.01748
7.07.1980;0.01493
8.07.1980;0.01597
9.07.1980;0.01597
10.07.1980;0.01597
11.07.1980;0.01482
12.07.1980;0.01447
13.07.1980;0.01412
14.07.1980;0.01332
15.07.1980;0.01423
16.07.1980;0.01332
17.07.1980;0.0125
18.07.1980;0.0125
19.07.1980;0.01238
20.07.1980;0.01285
21.07.1980;0.01123
22.07.1980;0.01088
23.07.1980;0.01065
24.07.1980;0.01053
25.07.1980;0.00983
26.07.1980;0.00972
27.07.1980;0.00972
28.07.1980;0.00972
29.07.1980;0.00972
30.07.1980;0.00938
31.07.1980;0.00938
1.08.1980;0.00845
2.08.1980;0.00798
3.08.1980;0.00787
4.08.1980;0.00707
5.08.1980;0.00695
6.08.1980;0.00695
7.08.1980;0.00683
8.08.1980;0.0066
9.08.1980;0.00672
10.08.1980;0.00672
11.08.1980;0.0066
12.08.1980;0.0066
13.08.1980;0.00763
14.08.1980;0.00892
15.08.1980;0.00892
16.08.1980;0.00948
17.08.1980;0.01007
18.08.1980;0.00972
19.08.1980;0.01018
20.08.1980;0.01018
21.08.1980;0.0096
22.08.1980;0.00927
23.08.1980;0.0088
24.08.1980;0.00845
25.08.1980;0.00833
26.08.1980;0.00822
27.08.1980;0.0081
28.08.1980;0.00763
29.08.1980;0.0073
30.08.1980;0.00718
31.08.1980;0.00683
1.09.1980;0.00667
2.09.1980;0.00667
3.09.1980;0.00667
4.09.1980;0.00667
5.09.1980;0.00667
6.09.1980;0.00667
7.09.1980;0.00667
8.09.1980;0.0065
9.09.1980;0.00617
10.09.1980;0.00633
11.09.1980;0.0065
12.09.1980;0.0065
13.09.1980;0.00633
14.09.1980;0.00633
15.09.1980;0.00667
16.09.1980;0.00667
17.09.1980;0.00667
18.09.1980;0.00667
19.09.1980;0.00667
20.09.1980;0.00667
21.09.1980;0.00667
22.09.1980;0.00683
23.09.1980;0.00667
24.09.1980;0.00667
25.09.1980;0.00667
26.09.1980;0.0065
27.09.1980;0.00637
28.09.1980;0.00617
29.09.1980;0.00617
30.09.1980;0.006
1.10.1980;0.00583
2.10.1980;0.00567
3.10.1980;0.00533
4.10.1980;0.00517
5.10.1980;0.005
6.10.1980;0.005
7.10.1980;0.005
8.10.1980;0.00483
9.10.1980;0.00483
10.10.1980;0.005
11.10.1980;0.00517
12.10.1980;0.00532
13.10.1980;0.00667
14.10.1980;0.02292
15.10.1980;0.03833
16.10.1980;0.0375
17.10.1980;0.03167
18.10.1980;0.02667
19.10.1980;0.02647
20.10.1980;0.18833
21.10.1980;0.1425
22.10.1980;0.10833
23.10.1980;0.08667
24.10.1980;0.07333
25.10.1980;0.07323
26.10.1980;0.05167
27.10.1980;0.04977
28.10.1980;0.04167
29.10.1980;0.04
30.10.1980;0.035
31.10.1980;0.0325
1.11.1980;0.02667
2.11.1980;0.02667
3.11.1980;0.025
4.11.1980;0.025
5.11.1980;0.02333
6.11.1980;0.02458
7.11.1980;0.1575
8.11.1980;0.16833
9.11.1980;0.14667
10.11.1980;0.1325
11.11.1980;0.10833
12.11.1980;0.09167
13.11.1980;0.08
14.11.1980;0.07083
15.11.1980;0.06167
16.11.1980;0.05667
17.11.1980;0.0525
18.11.1980;0.04833
19.11.1980;0.04333
20.11.1980;0.04167
21.11.1980;0.03833
22.11.1980;0.03667
23.11.1980;0.03333
24.11.1980;0.03333
25.11.1980;0.03188
26.11.1980;0.03
27.11.1980;0.02917
28.11.1980;0.03417
29.11.1980;0.07292
30.11.1980;0.07667
1.12.1980;0.07333
2.12.1980;0.06667
3.12.1980;0.06167
4.12.1980;0.05667
5.12.1980;0.05333
6.12.1980;0.04833
7.12.1980;0.04417
8.12.1980;0.04333
9.12.1980;0.0425
10.12.1980;0.04
11.12.1980;0.03917
12.12.1980;0.03667
13.12.1980;0.03417
14.12.1980;0.03167
15.12.1980;0.03083
16.12.1980;0.02833
17.12.1980;0.02667
18.12.1980;0.02583
19.12.1980;0.025
20.12.1980;0.02333
21.12.1980;0.02333
22.12.1980;0.025
23.12.1980;0.025
24.12.1980;0.02667
25.12.1980;0.02583
26.12.1980;0.02667
27.12.1980;0.02373
28.12.1980;0.0275
29.12.1980;0.02833
30.12.1980;0.02833
31.12.1980;0.02917
1.01.1981;0.03
2.01.1981;0.02917
3.01.1981;0.03
4.01.1981;0.03
5.01.1981;0.02833
6.01.1981;0.02983
7.01.1981;0.02833
8.01.1981;0.0265
9.01.1981;0.02383
10.01.1981;0.02317
11.01.1981;0.02048
12.01.1981;0.0205
13.01.1981;0.02233
14.01.1981;0.0205
15.01.1981;0.0198
16.01.1981;0.02067
17.01.1981;0.01933
18.01.1981;0.01797
19.01.1981;0.01667
20.01.1981;0.01742
21.01.1981;0.01583
22.01.1981;0.01642
23.01.1981;0.015
24.01.1981;0.01588
25.01.1981;0.0155
26.01.1981;0.01533
27.01.1981;0.01588
28.01.1981;0.01533
29.01.1981;0.01517
30.01.1981;0.015
31.01.1981;0.01508
1.02.1981;0.015
2.02.1981;0.015
3.02.1981;0.01483
4.02.1981;0.01433
5.02.1981;0.01333
6.02.1981;0.01317
7.02.1981;0.01217
8.02.1981;0.01183
9.02.1981;0.01093
10.02.1981;0.01093
11.02.1981;0.01133
12.02.1981;0.011
13.02.1981;0.01067
14.02.1981;0.01033
15.02.1981;0.01033
16.02.1981;0.01017
17.02.1981;0.01
18.02.1981;0.01
19.02.1981;0.00983
20.02.1981;0.0095
21.02.1981;0.00917
22.02.1981;0.009
23.02.1981;0.00933
24.02.1981;0.00983
25.02.1981;0.00917
26.02.1981;0.0085
27.02.1981;0.00833
28.02.1981;0.00833
1.03.1981;0.00817
2.03.1981;0.00817
3.03.1981;0.00833
4.03.1981;0.00833
5.03.1981;0.00817
6.03.1981;0.00833
7.03.1981;0.00833
8.03.1981;0.0085
9.03.1981;0.00883
10.03.1981;0.01033
11.03.1981;0.01517
12.03.1981;0.02967
13.03.1981;0.05183
14.03.1981;0.05033
15.03.1981;0.0465
16.03.1981;0.04633
17.03.1981;0.083
18.03.1981;0.10667
19.03.1981;0.09667
20.03.1981;0.08333
21.03.1981;0.0735
22.03.1981;0.06383
23.03.1981;0.05983
24.03.1981;0.05583
25.03.1981;0.0495
26.03.1981;0.04633
27.03.1981;0.04167
28.03.1981;0.04
29.03.1981;0.03917
30.03.1981;0.03633
31.03.1981;0.035
1.04.1981;0.033
2.04.1981;0.029
3.04.1981;0.02817
4.04.1981;0.02667
5.04.1981;0.02667
6.04.1981;0.02433
7.04.1981;0.024
8.04.1981;0.024
9.04.1981;0.023
10.04.1981;0.02067
11.04.1981;0.01867
12.04.1981;0.01817
13.04.1981;0.01767
14.04.1981;0.01733
15.04.1981;0.017
16.04.1981;0.01667
17.04.1981;0.01583
18.04.1981;0.01533
19.04.1981;0.015
20.04.1981;0.01567
21.04.1981;0.01667
22.04.1981;0.01617
23.04.1981;0.01583
24.04.1981;0.015
25.04.1981;0.01483
26.04.1981;0.01433
27.04.1981;0.0145
28.04.1981;0.01367
29.04.1981;0.01317
30.04.1981;0.013
1.05.1981;0.01267
2.05.1981;0.01233
3.05.1981;0.01233
4.05.1981;0.01217
5.05.1981;0.0125
6.05.1981;0.01217
7.05.1981;0.01183
8.05.1981;0.01167
9.05.1981;0.01167
10.05.1981;0.0115
11.05.1981;0.0115
12.05.1981;0.0115
13.05.1981;0.01133
14.05.1981;0.011
15.05.1981;0.01067
16.05.1981;0.0105
17.05.1981;0.01033
18.05.1981;0.01017
19.05.1981;0.01
20.05.1981;0.00983
21.05.1981;0.00967
22.05.1981;0.00967
23.05.1981;0.00883
24.05.1981;0.0095
25.05.1981;0.00983
26.05.1981;0.0095
27.05.1981;0.00917
28.05.1981;0.009
29.05.1981;0.009
30.05.1981;0.00967
31.05.1981;0.00967
1.06.1981;0.00967
2.06.1981;0.009
3.06.1981;0.00867
4.06.1981;0.009
5.06.1981;0.00983
6.06.1981;0.02133
7.06.1981;0.1065
8.06.1981;0.15667
9.06.1981;0.12333
10.06.1981;0.10167
11.06.1981;0.15333
12.06.1981;0.13833
13.06.1981;0.11833
14.06.1981;0.09833
15.06.1981;0.08583
16.06.1981;0.07467
17.06.1981;0.06333
18.06.1981;0.0625
19.06.1981;0.05083
20.06.1981;0.046
21.06.1981;0.04333
22.06.1981;0.043
23.06.1981;0.03867
24.06.1981;0.03683
25.06.1981;0.0355
26.06.1981;0.03167
27.06.1981;0.03133
28.06.1981;0.03183
29.06.1981;0.0325
30.06.1981;0.03033
1.07.1981;0.02917
2.07.1981;0.02683
3.07.1981;0.02667
4.07.1981;0.02683
5.07.1981;0.024
6.07.1981;0.0225
7.07.1981;0.02033
8.07.1981;0.0185
9.07.1981;0.01717
10.07.1981;0.01617
11.07.1981;0.01563
12.07.1981;0.016
13.07.1981;0.0135
14.07.1981;0.015
15.07.1981;0.01467
16.07.1981;0.0145
17.07.1981;0.01433
18.07.1981;0.01383
19.07.1981;0.01367
20.07.1981;0.01317
21.07.1981;0.01267
22.07.1981;0.012
23.07.1981;0.0115
24.07.1981;0.01133
25.07.1981;0.0105
26.07.1981;0.00983
27.07.1981;0.00983
28.07.1981;0.0095
29.07.1981;0.00883
30.07.1981;0.00883
31.07.1981;0.00883
1.08.1981;0.00883
2.08.1981;0.00883
3.08.1981;0.00883
4.08.1981;0.00867
5.08.1981;0.0085
6.08.1981;0.00833
7.08.1981;0.00833
8.08.1981;0.00817
9.08.1981;0.00817
10.08.1981;0.008
11.08.1981;0.00733
12.08.1981;0.00717
13.08.1981;0.00717
14.08.1981;0.00717
15.08.1981;0.00733
16.08.1981;0.0075
17.08.1981;0.0075
18.08.1981;0.0075
19.08.1981;0.0075
20.08.1981;0.00733
21.08.1981;0.00717
22.08.1981;0.007
23.08.1981;0.00683
24.08.1981;0.00683
25.08.1981;0.00633
26.08.1981;0.00617
27.08.1981;0.00617
28.08.1981;0.00617
29.08.1981;0.00617
30.08.1981;0.00617
31.08.1981;0.00617
1.09.1981;0.00583
2.09.1981;0.00567
3.09.1981;0.00533
4.09.1981;0.00517
5.09.1981;0.00517
6.09.1981;0.005
7.09.1981;0.005
8.09.1981;0.00483
9.09.1981;0.00483
10.09.1981;0.00483
11.09.1981;0.00483
12.09.1981;0.00467
13.09.1981;0.00467
14.09.1981;0.00467
15.09.1981;0.0045
16.09.1981;0.0045
17.09.1981;0.00433
18.09.1981;0.00425
19.09.1981;0.00417
20.09.1981;0.004
21.09.1981;0.004
22.09.1981;0.004
23.09.1981;0.00392
24.09.1981;0.004
25.09.1981;0.00383
26.09.1981;0.00383
27.09.1981;0.00367
28.09.1981;0.00368
29.09.1981;0.00383
30.09.1981;0.0035
1.10.1981;0.00333
2.10.1981;0.00333
3.10.1981;0.00333
4.10.1981;0.00333
5.10.1981;0.00333
6.10.1981;0.00317
7.10.1981;0.00317
8.10.1981;0.00317
9.10.1981;0.003
10.10.1981;0.00317
11.10.1981;0.00317
12.10.1981;0.00333
13.10.1981;0.00317
14.10.1981;0.00317
15.10.1981;0.00317
16.10.1981;0.00317
17.10.1981;0.003
18.10.1981;0.003
19.10.1981;0.003
20.10.1981;0.00267
21.10.1981;0.00267
22.10.1981;0.00267
23.10.1981;0.00267
24.10.1981;0.00267
25.10.1981;0.00248
26.10.1981;0.00283
27.10.1981;0.00267
28.10.1981;0.00267
29.10.1981;0.00267
30.10.1981;0.0025
31.10.1981;0.0025
1.11.1981;0.0025
2.11.1981;0.0025
3.11.1981;0.0025
4.11.1981;0.0025
5.11.1981;0.0025
6.11.1981;0.0025
7.11.1981;0.0025
8.11.1981;0.0025
9.11.1981;0.0025
10.11.1981;0.0025
11.11.1981;0.0025
12.11.1981;0.0025
13.11.1981;0.00267
14.11.1981;0.00267
15.11.1981;0.00275
16.11.1981;0.00283
17.11.1981;0.00283
18.11.1981;0.00267
19.11.1981;0.00267
20.11.1981;0.0025
21.11.1981;0.0025
22.11.1981;0.0025
23.11.1981;0.0025
24.11.1981;0.0025
25.11.1981;0.0025
26.11.1981;0.0025
27.11.1981;0.0025
28.11.1981;0.0025
29.11.1981;0.0025
30.11.1981;0.0025
1.12.1981;0.0025
2.12.1981;0.0025
3.12.1981;0.0025
4.12.1981;0.0025
5.12.1981;0.0025
6.12.1981;0.0025
7.12.1981;0.00267
8.12.1981;0.00275
9.12.1981;0.00283
10.12.1981;0.003
11.12.1981;0.00283
12.12.1981;0.003
13.12.1981;0.00325
14.12.1981;0.00287
15.12.1981;0.00267
16.12.1981;0.00253
17.12.1981;0.00258
18.12.1981;0.00258
19.12.1981;0.00258
20.12.1981;0.00253
21.12.1981;0.00248
22.12.1981;0.00233
23.12.1981;0.00233
24.12.1981;0.00237
25.12.1981;0.00237
26.12.1981;0.00233
27.12.1981;0.00242
28.12.1981;0.0025
29.12.1981;0.00258
30.12.1981;0.00305
31.12.1981;0.00447
1.01.1982;0.00425
2.01.1982;0.00908
3.01.1982;0.01
4.01.1982;0.0105
5.01.1982;0.01172
6.01.1982;0.0118
7.01.1982;0.01467
8.01.1982;0.01392
9.01.1982;0.01333
10.01.1982;0.012
11.01.1982;0.01192
12.01.1982;0.0115
13.01.1982;0.01075
14.01.1982;0.01033
15.01.1982;0.01
16.01.1982;0.0095
17.01.1982;0.009
18.01.1982;0.00875
19.01.1982;0.00867
20.01.1982;0.00833
21.01.1982;0.008
22.01.1982;0.00772
23.01.1982;0.0076
24.01.1982;0.0075
25.01.1982;0.00725
26.01.1982;0.0065
27.01.1982;0.00633
28.01.1982;0.00617
29.01.1982;0.00567
30.01.1982;0.00567
31.01.1982;0.00558
1.02.1982;0.00517
2.02.1982;0.005
3.02.1982;0.00483
4.02.1982;0.00483
5.02.1982;0.00483
6.02.1982;0.00483
7.02.1982;0.00475
8.02.1982;0.00467
9.02.1982;0.00458
10.02.1982;0.0045
11.02.1982;0.00433
12.02.1982;0.00418
13.02.1982;0.00418
14.02.1982;0.00418
15.02.1982;0.00418
16.02.1982;0.00418
17.02.1982;0.00408
18.02.1982;0.004
19.02.1982;0.00392
20.02.1982;0.00383
21.02.1982;0.00383
22.02.1982;0.00383
23.02.1982;0.00392
24.02.1982;0.00408
25.02.1982;0.00408
26.02.1982;0.00408
27.02.1982;0.00408
28.02.1982;0.00408
1.03.1982;0.00408
2.03.1982;0.004
3.03.1982;0.00408
4.03.1982;0.004
5.03.1982;0.004
6.03.1982;0.00422
7.03.1982;0.00417
8.03.1982;0.00433
9.03.1982;0.00472
10.03.1982;0.00422
11.03.1982;0.00608
12.03.1982;0.00742
13.03.1982;0.01017
14.03.1982;0.01242
15.03.1982;0.01272
16.03.1982;0.01355
17.03.1982;0.0155
18.03.1982;0.02192
19.03.1982;0.0268
20.03.1982;0.02833
21.03.1982;0.03063
22.03.1982;0.03458
23.03.1982;0.0368
24.03.1982;0.03667
25.03.1982;0.03625
26.03.1982;0.03533
27.03.1982;0.03588
28.03.1982;0.03745
29.03.1982;0.03908
30.03.1982;0.03917
31.03.1982;0.03633
1.04.1982;0.02953
2.04.1982;0.02522
3.04.1982;0.02605
4.04.1982;0.0243
5.04.1982;0.02237
6.04.1982;0.0215
7.04.1982;0.0205
8.04.1982;0.01938
9.04.1982;0.01805
10.04.1982;0.01767
11.04.1982;0.0157
12.04.1982;0.01445
13.04.1982;0.01463
14.04.1982;0.01367
15.04.1982;0.0138
16.04.1982;0.01333
17.04.1982;0.0135
18.04.1982;0.01338
19.04.1982;0.01333
20.04.1982;0.01325
21.04.1982;0.01275
22.04.1982;0.01222
23.04.1982;0.0115
24.04.1982;0.01117
25.04.1982;0.01083
26.04.1982;0.01047
27.04.1982;0.01067
28.04.1982;0.01083
29.04.1982;0.011
30.04.1982;0.01075
1.05.1982;0.01092
2.05.1982;0.01033
3.05.1982;0.01
4.05.1982;0.01
5.05.1982;0.01
6.05.1982;0.00992
7.05.1982;0.00983
8.05.1982;0.00983
9.05.1982;0.00983
10.05.1982;0.00975
11.05.1982;0.009
12.05.1982;0.00972
13.05.1982;0.00892
14.05.1982;0.00883
15.05.1982;0.00883
16.05.1982;0.00883
17.05.1982;0.00908
18.05.1982;0.01022
19.05.1982;0.01078
20.05.1982;0.01025
21.05.1982;0.01042
22.05.1982;0.01055
23.05.1982;0.01
24.05.1982;0.01063
25.05.1982;0.01033
26.05.1982;0.01083
27.05.1982;0.0105
28.05.1982;0.01108
29.05.1982;0.01083
30.05.1982;0.01092
31.05.1982;0.0115
1.06.1982;0.01133
2.06.1982;0.01117
3.06.1982;0.01162
4.06.1982;0.01133
5.06.1982;0.01128
6.06.1982;0.01117
7.06.1982;0.01097
8.06.1982;0.01042
9.06.1982;0.01008
10.06.1982;0.0095
11.06.1982;0.0085
12.06.1982;0.00833
13.06.1982;0.0085
14.06.1982;0.00833
15.06.1982;0.00783
16.06.1982;0.00753
17.06.1982;0.00747
18.06.1982;0.007
19.06.1982;0.00683
20.06.1982;0.00633
21.06.1982;0.006
22.06.1982;0.006
23.06.1982;0.00592
24.06.1982;0.00583
25.06.1982;0.00567
26.06.1982;0.00533
27.06.1982;0.00517
28.06.1982;0.00517
29.06.1982;0.00508
30.06.1982;0.005
1.07.1982;0.005
2.07.1982;0.00492
3.07.1982;0.00483
4.07.1982;0.00475
5.07.1982;0.00467
6.07.1982;0.00442
7.07.1982;0.00425
8.07.1982;0.004
9.07.1982;0.00383
10.07.1982;0.0038
11.07.1982;0.00367
12.07.1982;0.00367
13.07.1982;0.00367
14.07.1982;0.00383
15.07.1982;0.00383
16.07.1982;0.00358
17.07.1982;0.00333
18.07.1982;0.00308
19.07.1982;0.003
20.07.1982;0.003
21.07.1982;0.003
22.07.1982;0.00333
23.07.1982;0.00317
24.07.1982;0.00317
25.07.1982;0.00317
26.07.1982;0.00325
27.07.1982;0.0035
28.07.1982;0.00317
29.07.1982;0.00308
30.07.1982;0.003
31.07.1982;0.003
1.08.1982;0.00297
2.08.1982;0.00283
3.08.1982;0.00283
4.08.1982;0.00278
5.08.1982;0.00275
6.08.1982;0.00275
7.08.1982;0.00267
8.08.1982;0.00258
9.08.1982;0.00258
10.08.1982;0.00253
11.08.1982;0.00242
12.08.1982;0.00242
13.08.1982;0.00242
14.08.1982;0.00242
15.08.1982;0.00242
16.08.1982;0.00242
17.08.1982;0.00242
18.08.1982;0.00233
19.08.1982;0.00225
20.08.1982;0.00217
21.08.1982;0.00217
22.08.1982;0.00208
23.08.1982;0.00208
24.08.1982;0.00208
25.08.1982;0.002
26.08.1982;0.00192
27.08.1982;0.00183
28.08.1982;0.00175
29.08.1982;0.00175
30.08.1982;0.00175
31.08.1982;0.00175
1.09.1982;0.00183
2.09.1982;0.00142
3.09.1982;0.00142
4.09.1982;0.0015
5.09.1982;0.00142
6.09.1982;0.00142
7.09.1982;0.00142
8.09.1982;0.00142
9.09.1982;0.00142
10.09.1982;0.00142
11.09.1982;0.00142
12.09.1982;0.00142
13.09.1982;0.00142
14.09.1982;0.00133
15.09.1982;0.00133
16.09.1982;0.00133
17.09.1982;0.00133
18.09.1982;0.00133
19.09.1982;0.00125
20.09.1982;0.00125
21.09.1982;0.00125
22.09.1982;0.00125
23.09.1982;0.00125
24.09.1982;0.00133
25.09.1982;0.00133
26.09.1982;0.00142
27.09.1982;0.0015
28.09.1982;0.00133
29.09.1982;0.00125
30.09.1982;0.00125
1.10.1982;0.00125
2.10.1982;0.00125
3.10.1982;0.00125
4.10.1982;0.00125
5.10.1982;0.00125
6.10.1982;0.00125
7.10.1982;0.00153
8.10.1982;0.00153
9.10.1982;0.0015
10.10.1982;0.00147
11.10.1982;0.00142
12.10.1982;0.00142
13.10.1982;0.00142
14.10.1982;0.00142
15.10.1982;0.00133
16.10.1982;0.00133
17.10.1982;0.00133
18.10.1982;0.00133
19.10.1982;0.00133
20.10.1982;0.00133
21.10.1982;0.00133
22.10.1982;0.00133
23.10.1982;0.00133
24.10.1982;0.00133
25.10.1982;0.00128
26.10.1982;0.00122
27.10.1982;0.00117
28.10.1982;0.00117
29.10.1982;0.00117
30.10.1982;0.00108
31.10.1982;0.00097
1.11.1982;0.00087
2.11.1982;0.00083
3.11.1982;0.00083
4.11.1982;0.00083
5.11.1982;0.00083
6.11.1982;0.00083
7.11.1982;0.00083
8.11.1982;0.00083
9.11.1982;0.00083
10.11.1982;0.00083
11.11.1982;0.00083
12.11.1982;0.0008
13.11.1982;0.00085
14.11.1982;0.00113
15.11.1982;0.0021
16.11.1982;0.0025
17.11.1982;0.00258
18.11.1982;0.00267
19.11.1982;0.0025
20.11.1982;0.00242
21.11.1982;0.00233
22.11.1982;0.00233
23.11.1982;0.00217
24.11.1982;0.002
25.11.1982;0.00183
26.11.1982;0.00167
27.11.1982;0.00142
28.11.1982;0.00133
29.11.1982;0.00125
30.11.1982;0.0012
1.12.1982;0.00117
2.12.1982;0.00108
3.12.1982;0.001
4.12.1982;0.001
5.12.1982;0.001
6.12.1982;0.001
7.12.1982;0.001
8.12.1982;0.00092
9.12.1982;0.00092
10.12.1982;0.00088
11.12.1982;0.00088
12.12.1982;0.00088
13.12.1982;0.00088
14.12.1982;0.00088
15.12.1982;0.00083
16.12.1982;0.0008
17.12.1982;0.0009
18.12.1982;0.00083
19.12.1982;0.00088
20.12.1982;0.00172
21.12.1982;0.00218
22.12.1982;0.00338
23.12.1982;0.01258
24.12.1982;0.04528
25.12.1982;0.06167
26.12.1982;0.04433
27.12.1982;0.03833
28.12.1982;0.03833
29.12.1982;0.03647
30.12.1982;0.03075
31.12.1982;0.02742
1.01.1983;0.02217
2.01.1983;0.02133
3.01.1983;0.01975
4.01.1983;0.01733
5.01.1983;0.01667
6.01.1983;0.015
7.01.1983;0.01475
8.01.1983;0.01333
9.01.1983;0.01267
10.01.1983;0.01103
11.01.1983;0.01083
12.01.1983;0.01133
13.01.1983;0.01048
14.01.1983;0.01002
15.01.1983;0.0097
16.01.1983;0.00858
17.01.1983;0.0083
18.01.1983;0.00833
19.01.1983;0.00775
20.01.1983;0.00767
21.01.1983;0.00758
22.01.1983;0.00733
23.01.1983;0.00675
24.01.1983;0.0061
25.01.1983;0.006
26.01.1983;0.00658
27.01.1983;0.00663
28.01.1983;0.00667
29.01.1983;0.00633
30.01.1983;0.00642
31.01.1983;0.00592
1.02.1983;0.00575
2.02.1983;0.00583
3.02.1983;0.00583
4.02.1983;0.00657
5.02.1983;0.0055
6.02.1983;0.00585
7.02.1983;0.0065
8.02.1983;0.00588
9.02.1983;0.00667
10.02.1983;0.00708
11.02.1983;0.00815
12.02.1983;0.01347
13.02.1983;0.02357
14.02.1983;0.02333
15.02.1983;0.023
16.02.1983;0.02267
17.02.1983;0.02208
18.02.1983;0.02167
19.02.1983;0.02067
20.02.1983;0.01998
21.02.1983;0.01917
22.02.1983;0.0173
23.02.1983;0.01558
24.02.1983;0.01568
25.02.1983;0.01527
26.02.1983;0.01535
27.02.1983;0.01607
28.02.1983;0.0144
1.03.1983;0.01525
2.03.1983;0.02183
3.03.1983;0.02783
4.03.1983;0.02213
5.03.1983;0.0217
6.03.1983;0.02367
7.03.1983;0.02467
8.03.1983;0.03208
9.03.1983;0.0405
10.03.1983;0.04467
11.03.1983;0.04708
12.03.1983;0.04515
13.03.1983;0.0373
14.03.1983;0.03163
15.03.1983;0.02975
16.03.1983;0.02625
17.03.1983;0.02473
18.03.1983;0.02257
19.03.1983;0.02063
20.03.1983;0.01892
21.03.1983;0.01687
22.03.1983;0.01608
23.03.1983;0.01388
24.03.1983;0.01167
25.03.1983;0.0125
26.03.1983;0.07125
27.03.1983;0.2775
28.03.1983;0.26958
29.03.1983;0.16875
30.03.1983;0.14167
31.03.1983;0.11708
1.04.1983;0.10085
2.04.1983;0.08397
3.04.1983;0.0729
4.04.1983;0.08103
5.04.1983;0.06667
6.04.1983;0.06658
7.04.1983;0.06495
8.04.1983;0.06308
9.04.1983;0.05833
10.04.1983;0.0541
11.04.1983;0.05037
12.04.1983;0.04692
13.04.1983;0.04437
14.04.1983;0.04163
15.04.1983;0.04042
16.04.1983;0.03983
17.04.1983;0.03667
18.04.1983;0.03272
19.04.1983;0.02853
20.04.1983;0.02158
21.04.1983;0.026
22.04.1983;0.02393
23.04.1983;0.02317
24.04.1983;0.02292
25.04.1983;0.02292
26.04.1983;0.02283
27.04.1983;0.0205
28.04.1983;0.02
29.04.1983;0.0173
30.04.1983;0.01687
1.05.1983;0.01667
2.05.1983;0.0187
3.05.1983;0.01867
4.05.1983;0.02023
5.05.1983;0.02147
6.05.1983;0.0345
7.05.1983;0.0375
8.05.1983;0.04833
9.05.1983;0.04917
10.05.1983;0.06147
11.05.1983;0.1802
12.05.1983;0.15917
13.05.1983;0.13333
14.05.1983;0.11313
15.05.1983;0.09603
16.05.1983;0.08417
17.05.1983;0.075
18.05.1983;0.06817
19.05.1983;0.06142
20.05.1983;0.05517
21.05.1983;0.05
22.05.1983;0.04708
23.05.1983;0.04167
24.05.1983;0.04033
25.05.1983;0.03758
26.05.1983;0.03242
27.05.1983;0.02983
28.05.1983;0.027
29.05.1983;0.025
30.05.1983;0.02183
31.05.1983;0.01655
1.06.1983;0.02033
2.06.1983;0.01908
3.06.1983;0.01813
4.06.1983;0.01608
5.06.1983;0.015
6.06.1983;0.01483
7.06.1983;0.0145
8.06.1983;0.01433
9.06.1983;0.01417
10.06.1983;0.01383
11.06.1983;0.01358
12.06.1983;0.01325
13.06.1983;0.013
14.06.1983;0.01292
15.06.1983;0.01283
16.06.1983;0.0125
17.06.1983;0.01183
18.06.1983;0.01133
19.06.1983;0.01117
20.06.1983;0.01075
21.06.1983;0.01
22.06.1983;0.00983
23.06.1983;0.00958
24.06.1983;0.00925
25.06.1983;0.00917
26.06.1983;0.009
27.06.1983;0.00892
28.06.1983;0.00858
29.06.1983;0.00833
30.06.1983;0.00825
1.07.1983;0.0075
2.07.1983;0.00742
3.07.1983;0.00708
4.07.1983;0.007
5.07.1983;0.00683
6.07.1983;0.00667
7.07.1983;0.00642
8.07.1983;0.00633
9.07.1983;0.00633
10.07.1983;0.00625
11.07.1983;0.00617
12.07.1983;0.00617
13.07.1983;0.00608
14.07.1983;0.006
15.07.1983;0.00583
16.07.1983;0.0055
17.07.1983;0.00517
18.07.1983;0.005
19.07.1983;0.00483
20.07.1983;0.00483
21.07.1983;0.00458
22.07.1983;0.00433
23.07.1983;0.00425
24.07.1983;0.00417
25.07.1983;0.004
26.07.1983;0.00375
27.07.1983;0.0035
28.07.1983;0.00333
29.07.1983;0.00333
30.07.1983;0.00325
31.07.1983;0.00317
1.08.1983;0.003
2.08.1983;0.00292
3.08.1983;0.00292
4.08.1983;0.003
5.08.1983;0.00292
6.08.1983;0.00292
7.08.1983;0.00283
8.08.1983;0.00283
9.08.1983;0.00275
10.08.1983;0.00272
11.08.1983;0.00267
12.08.1983;0.00258
13.08.1983;0.00258
14.08.1983;0.00243
15.08.1983;0.00233
16.08.1983;0.00225
17.08.1983;0.00225
18.08.1983;0.00225
19.08.1983;0.00217
20.08.1983;0.00208
21.08.1983;0.00208
22.08.1983;0.002
23.08.1983;0.002
24.08.1983;0.002
25.08.1983;0.002
26.08.1983;0.002
27.08.1983;0.002
28.08.1983;0.00192
29.08.1983;0.00192
30.08.1983;0.00192
31.08.1983;0.00192
1.09.1983;0.00192
2.09.1983;0.00192
3.09.1983;0.00192
4.09.1983;0.00192
5.09.1983;0.00192
6.09.1983;0.00192
7.09.1983;0.00192
8.09.1983;0.00192
9.09.1983;0.00192
10.09.1983;0.00183
11.09.1983;0.00183
12.09.1983;0.00183
13.09.1983;0.00183
14.09.1983;0.00183
15.09.1983;0.00183
16.09.1983;0.00183
17.09.1983;0.00183
18.09.1983;0.00183
19.09.1983;0.00183
20.09.1983;0.00183
21.09.1983;0.00192
22.09.1983;0.002
23.09.1983;0.002
24.09.1983;0.002
25.09.1983;0.00208
26.09.1983;0.00205
27.09.1983;0.00217
28.09.1983;0.00208
29.09.1983;0.00208
30.09.1983;0.00208
1.10.1983;0.00208
2.10.1983;0.00208
3.10.1983;0.00208
4.10.1983;0.00192
5.10.1983;0.00172
6.10.1983;0.00167
7.10.1983;0.00163
8.10.1983;0.00158
9.10.1983;0.00158
10.10.1983;0.00158
11.10.1983;0.00153
12.10.1983;0.0015
13.10.1983;0.00147
14.10.1983;0.00143
15.10.1983;0.00142
16.10.1983;0.00142
17.10.1983;0.00142
18.10.1983;0.00142
19.10.1983;0.00137
20.10.1983;0.00133
21.10.1983;0.00133
22.10.1983;0.00133
23.10.1983;0.00133
24.10.1983;0.00133
25.10.1983;0.00133
26.10.1983;0.00133
27.10.1983;0.00133
28.10.1983;0.00133
29.10.1983;0.00133
30.10.1983;0.00133
31.10.1983;0.00133
1.11.1983;0.00133
2.11.1983;0.00133
3.11.1983;0.0013
4.11.1983;0.0013
5.11.1983;0.0013
6.11.1983;0.0013
7.11.1983;0.0013
8.11.1983;0.0013
9.11.1983;0.0013
10.11.1983;0.0013
11.11.1983;0.0013
12.11.1983;0.0013
13.11.1983;0.0013
14.11.1983;0.0013
15.11.1983;0.00128
16.11.1983;0.00127
17.11.1983;0.00125
18.11.1983;0.00125
19.11.1983;0.00123
20.11.1983;0.0012
21.11.1983;0.00117
22.11.1983;0.00113
23.11.1983;0.00108
24.11.1983;0.00108
25.11.1983;0.00108
26.11.1983;0.00107
27.11.1983;0.00107
28.11.1983;0.00107
29.11.1983;0.00105
30.11.1983;0.001
1.12.1983;0.00087
2.12.1983;0.00087
3.12.1983;0.00087
4.12.1983;0.00087
5.12.1983;0.00083
6.12.1983;0.00083
7.12.1983;0.00083
8.12.1983;0.00083
9.12.1983;0.00083
10.12.1983;0.00083
11.12.1983;0.00083
12.12.1983;0.0008
13.12.1983;0.0008
14.12.1983;0.00073
15.12.1983;0.0007
16.12.1983;0.0009
17.12.1983;0.0009
18.12.1983;0.0009
19.12.1983;0.0009
20.12.1983;0.0009
21.12.1983;0.0009
22.12.1983;0.0009
23.12.1983;0.0009
24.12.1983;0.00062
25.12.1983;0.00057
26.12.1983;0.00053
27.12.1983;0.0005
28.12.1983;0.00048
29.12.1983;0.00047
30.12.1983;0.00047
31.12.1983;0.00047
1.01.1984;0.00047
2.01.1984;0.00047
3.01.1984;0.0005
4.01.1984;0.0005
5.01.1984;0.00048
6.01.1984;0.00048
7.01.1984;0.00048
8.01.1984;0.00048
9.01.1984;0.00047
10.01.1984;0.00047
11.01.1984;0.00042
12.01.1984;0.00037
13.01.1984;0.00033
14.01.1984;0.00033
15.01.1984;0.00033
16.01.1984;0.00033
17.01.1984;0.00033
18.01.1984;0.00033
19.01.1984;0.00033
20.01.1984;0.00033
21.01.1984;0.00033
22.01.1984;0.00033
23.01.1984;0.00033
24.01.1984;0.00033
25.01.1984;0.00033
26.01.1984;0.00033
27.01.1984;0.00033
28.01.1984;0.00033
29.01.1984;0.00033
30.01.1984;0.00033
31.01.1984;0.00033
1.02.1984;0.0005
2.02.1984;0.00058
3.02.1984;0.00058
4.02.1984;0.00067
5.02.1984;0.00067
6.02.1984;0.00067
7.02.1984;0.00067
8.02.1984;0.00058
9.02.1984;0.00078
10.02.1984;0.00067
11.02.1984;0.00067
12.02.1984;0.00065
13.02.1984;0.00053
14.02.1984;0.00062
15.02.1984;0.00067
16.02.1984;0.00067
17.02.1984;0.00062
18.02.1984;0.00052
19.02.1984;0.00047
20.02.1984;0.0004
21.02.1984;0.0004
22.02.1984;0.00042
23.02.1984;0.00042
24.02.1984;0.00042
25.02.1984;0.00042
26.02.1984;0.00048
27.02.1984;0.0005
28.02.1984;0.00052
29.02.1984;0.00065
1.03.1984;0.00075
2.03.1984;0.00083
3.03.1984;0.00092
4.03.1984;0.00117
5.03.1984;0.00125
6.03.1984;0.00125
7.03.1984;0.00125
8.03.1984;0.00107
9.03.1984;0.001
10.03.1984;0.00082
11.03.1984;0.00083
12.03.1984;0.001
13.03.1984;0.00117
14.03.1984;0.00152
15.03.1984;0.00268
16.03.1984;0.00133
17.03.1984;0.00142
18.03.1984;0.00158
19.03.1984;0.00167
20.03.1984;0.00167
21.03.1984;0.00172
22.03.1984;0.00217
23.03.1984;0.00217
24.03.1984;0.00223
25.03.1984;0.00235
26.03.1984;0.00242
27.03.1984;0.0025
28.03.1984;0.00273
29.03.1984;0.00323
30.03.1984;0.00347
31.03.1984;0.00388
1.04.1984;0.00497
2.04.1984;0.00825
3.04.1984;0.00925
4.04.1984;0.00925
5.04.1984;0.00858
6.04.1984;0.00867
7.04.1984;0.008
8.04.1984;0.008
9.04.1984;0.00795
10.04.1984;0.00808
11.04.1984;0.00808
12.04.1984;0.00783
13.04.1984;0.00767
14.04.1984;0.00683
15.04.1984;0.00658
16.04.1984;0.0065
17.04.1984;0.00638
18.04.1984;0.00583
19.04.1984;0.00567
20.04.1984;0.00533
21.04.1984;0.005
22.04.1984;0.00483
23.04.1984;0.00483
24.04.1984;0.00467
25.04.1984;0.0045
26.04.1984;0.0045
27.04.1984;0.00433
28.04.1984;0.00425
29.04.1984;0.00417
30.04.1984;0.00417
1.05.1984;0.00425
2.05.1984;0.00417
3.05.1984;0.00417
4.05.1984;0.00408
5.05.1984;0.00408
6.05.1984;0.004
7.05.1984;0.00403
8.05.1984;0.01822
9.05.1984;0.05277
10.05.1984;0.04625
11.05.1984;0.04103
12.05.1984;0.03542
13.05.1984;0.03
14.05.1984;0.02833
15.05.1984;0.03007
16.05.1984;0.03458
17.05.1984;0.03458
18.05.1984;0.03272
19.05.1984;0.02875
20.05.1984;0.02542
21.05.1984;0.02333
22.05.1984;0.02267
23.05.1984;0.0225
24.05.1984;0.05125
25.05.1984;0.07417
26.05.1984;0.066
27.05.1984;0.05583
28.05.1984;0.04958
29.05.1984;0.0525
30.05.1984;0.06083
31.05.1984;0.05875
1.06.1984;0.055
2.06.1984;0.04875
3.06.1984;0.04375
4.06.1984;0.04208
5.06.1984;0.03958
6.06.1984;0.036
7.06.1984;0.03167
8.06.1984;0.02833
9.06.1984;0.02433
10.06.1984;0.02105
11.06.1984;0.02063
12.06.1984;0.01958
13.06.1984;0.01767
14.06.1984;0.01688
15.06.1984;0.01667
16.06.1984;0.015
17.06.1984;0.01463
18.06.1984;0.01458
19.06.1984;0.01522
20.06.1984;0.01467
21.06.1984;0.01367
22.06.1984;0.01333
23.06.1984;0.01333
24.06.1984;0.013
25.06.1984;0.0125
26.06.1984;0.01183
27.06.1984;0.01167
28.06.1984;0.01133
29.06.1984;0.01083
30.06.1984;0.01017
1.07.1984;0.00975
2.07.1984;0.00955
3.07.1984;0.0095
4.07.1984;0.00925
5.07.1984;0.00858
6.07.1984;0.00833
7.07.1984;0.00797
8.07.1984;0.00775
9.07.1984;0.00767
10.07.1984;0.00767
11.07.1984;0.00767
12.07.1984;0.00723
13.07.1984;0.00692
14.07.1984;0.00665
15.07.1984;0.00633
16.07.1984;0.00633
17.07.1984;0.00633
18.07.1984;0.0061
19.07.1984;0.00592
20.07.1984;0.00607
21.07.1984;0.0055
22.07.1984;0.00525
23.07.1984;0.0048
24.07.1984;0.00467
25.07.1984;0.00458
26.07.1984;0.0045
27.07.1984;0.00442
28.07.1984;0.00433
29.07.1984;0.00413
30.07.1984;0.004
31.07.1984;0.00363
1.08.1984;0.0035
2.08.1984;0.00333
3.08.1984;0.00622
4.08.1984;0.0068
5.08.1984;0.00525
6.08.1984;0.0055
7.08.1984;0.00638
8.08.1984;0.00825
9.08.1984;0.01183
10.08.1984;0.01242
11.08.1984;0.01172
12.08.1984;0.01088
13.08.1984;0.01
14.08.1984;0.00983
15.08.1984;0.00942
16.08.1984;0.00863
17.08.1984;0.00858
18.08.1984;0.00997
19.08.1984;0.01
20.08.1984;0.01005
21.08.1984;0.01033
22.08.1984;0.01017
23.08.1984;0.00938
24.08.1984;0.00817
25.08.1984;0.008
26.08.1984;0.00767
27.08.1984;0.00722
28.08.1984;0.0069
29.08.1984;0.00708
30.08.1984;0.00622
31.08.1984;0.00592
1.09.1984;0.00583
2.09.1984;0.00567
3.09.1984;0.00577
4.09.1984;0.00543
5.09.1984;0.00525
6.09.1984;0.00488
7.09.1984;0.00475
8.09.1984;0.0045
9.09.1984;0.00433
10.09.1984;0.0042
11.09.1984;0.00413
12.09.1984;0.00408
13.09.1984;0.00388
14.09.1984;0.00367
15.09.1984;0.0035
16.09.1984;0.00342
17.09.1984;0.00333
18.09.1984;0.00333
19.09.1984;0.00333
20.09.1984;0.00333
21.09.1984;0.00333
22.09.1984;0.00333
23.09.1984;0.0035
24.09.1984;0.01217
25.09.1984;0.03547
26.09.1984;0.04005
27.09.1984;0.0485
28.09.1984;0.04313
29.09.1984;0.03905
30.09.1984;0.03417
1.10.1984;0.02992
2.10.1984;0.0265
3.10.1984;0.02383
4.10.1984;0.02358
5.10.1984;0.03567
6.10.1984;0.04733
7.10.1984;0.05383
8.10.1984;0.08667
9.10.1984;0.10757
10.10.1984;0.09383
11.10.1984;0.078
12.10.1984;0.06667
13.10.1984;0.05633
14.10.1984;0.04917
15.10.1984;0.04467
16.10.1984;0.04167
17.10.1984;0.038
18.10.1984;0.03483
19.10.1984;0.0315
20.10.1984;0.02767
21.10.1984;0.025
22.10.1984;0.023
23.10.1984;0.02217
24.10.1984;0.02083
25.10.1984;0.02008
26.10.1984;0.01817
27.10.1984;0.01733
28.10.1984;0.01617
29.10.1984;0.01508
30.10.1984;0.01483
31.10.1984;0.01483
1.11.1984;0.01483
2.11.1984;0.01483
3.11.1984;0.01367
4.11.1984;0.01333
5.11.1984;0.01283
6.11.1984;0.01217
7.11.1984;0.01183
8.11.1984;0.0115
9.11.1984;0.01117
10.11.1984;0.01083
11.11.1984;0.01017
12.11.1984;0.01
13.11.1984;0.00983
14.11.1984;0.0095
15.11.1984;0.00933
16.11.1984;0.009
17.11.1984;0.00883
18.11.1984;0.0085
19.11.1984;0.00833
20.11.1984;0.00833
21.11.1984;0.00833
22.11.1984;0.00833
23.11.1984;0.00883
24.11.1984;0.01242
25.11.1984;0.01583
26.11.1984;0.0175
27.11.1984;0.0215
28.11.1984;0.02167
29.11.1984;0.02167
30.11.1984;0.02167
1.12.1984;0.02083
2.12.1984;0.02017
3.12.1984;0.02
4.12.1984;0.01983
5.12.1984;0.01917
6.12.1984;0.01783
7.12.1984;0.017
8.12.1984;0.01667
9.12.1984;0.01583
10.12.1984;0.0155
11.12.1984;0.015
12.12.1984;0.01467
13.12.1984;0.0145
14.12.1984;0.0145
15.12.1984;0.01475
16.12.1984;0.01417
17.12.1984;0.0145
18.12.1984;0.01333
19.12.1984;0.0135
20.12.1984;0.0125
21.12.1984;0.01217
22.12.1984;0.012
23.12.1984;0.01167
24.12.1984;0.01167
25.12.1984;0.01167
26.12.1984;0.0115
27.12.1984;0.01133
28.12.1984;0.01083
29.12.1984;0.01017
30.12.1984;0.01017
31.12.1984;0.00983
1.01.1985;0.00917
2.01.1985;0.009
3.01.1985;0.00867
4.01.1985;0.00842
5.01.1985;0.00817
6.01.1985;0.00783
7.01.1985;0.00783
8.01.1985;0.00767
9.01.1985;0.0075
10.01.1985;0.0075
11.01.1985;0.00733
12.01.1985;0.00733
13.01.1985;0.00717
14.01.1985;0.00683
15.01.1985;0.00683
16.01.1985;0.00683
17.01.1985;0.00733
18.01.1985;0.0075
19.01.1985;0.0075
20.01.1985;0.0075
21.01.1985;0.0075
22.01.1985;0.00733
23.01.1985;0.0075
24.01.1985;0.0075
25.01.1985;0.007
26.01.1985;0.00667
27.01.1985;0.00667
28.01.1985;0.00617
29.01.1985;0.00567
30.01.1985;0.00567
31.01.1985;0.00567
1.02.1985;0.00567
2.02.1985;0.00567
3.02.1985;0.00583
4.02.1985;0.00533
5.02.1985;0.005
6.02.1985;0.00517
7.02.1985;0.0055
8.02.1985;0.00533
9.02.1985;0.005
10.02.1985;0.005
11.02.1985;0.00483
12.02.1985;0.00467
13.02.1985;0.00483
14.02.1985;0.00483
15.02.1985;0.00467
16.02.1985;0.00433
17.02.1985;0.00433
18.02.1985;0.00417
19.02.1985;0.00417
20.02.1985;0.00417
21.02.1985;0.00417
22.02.1985;0.00417
23.02.1985;0.00417
24.02.1985;0.004
25.02.1985;0.00383
26.02.1985;0.004
27.02.1985;0.00417
28.02.1985;0.00417
1.03.1985;0.00417
2.03.1985;0.004
3.03.1985;0.004
4.03.1985;0.004
5.03.1985;0.00408
6.03.1985;0.00417
7.03.1985;0.005
8.03.1985;0.00683
9.03.1985;0.00875
10.03.1985;0.00967
11.03.1985;0.0105
12.03.1985;0.01167
13.03.1985;0.01417
14.03.1985;0.01725
15.03.1985;0.02
16.03.1985;0.02958
17.03.1985;0.03208
18.03.1985;0.04243
19.03.1985;0.1075
20.03.1985;0.13
21.03.1985;0.16958
22.03.1985;0.16333
23.03.1985;0.15375
24.03.1985;0.13917
25.03.1985;0.12667
26.03.1985;0.12083
27.03.1985;0.11333
28.03.1985;0.10208
29.03.1985;0.08958
30.03.1985;0.085
31.03.1985;0.08167
1.04.1985;0.07625
2.04.1985;0.07228
3.04.1985;0.06812
4.04.1985;0.06333
5.04.1985;0.05917
6.04.1985;0.05355
7.04.1985;0.04937
8.04.1985;0.04583
9.04.1985;0.045
10.04.1985;0.04375
11.04.1985;0.04208
12.04.1985;0.04083
13.04.1985;0.04
14.04.1985;0.04062
15.04.1985;0.04125
16.04.1985;0.04208
17.04.1985;0.04167
18.04.1985;0.04125
19.04.1985;0.04103
20.04.1985;0.04062
21.04.1985;0.03917
22.04.1985;0.03812
23.04.1985;0.03625
24.04.1985;0.0352
25.04.1985;0.03355
26.04.1985;0.03125
27.04.1985;0.02895
28.04.1985;0.02833
29.04.1985;0.02728
30.04.1985;0.02645
1.05.1985;0.0272
2.05.1985;0.02783
3.05.1985;0.02928
4.05.1985;0.03112
5.05.1985;0.03383
6.05.1985;0.03658
7.05.1985;0.03858
8.05.1985;0.04058
9.05.1985;0.0408
10.05.1985;0.04112
11.05.1985;0.04092
12.05.1985;0.04292
13.05.1985;0.0452
14.05.1985;0.04737
15.05.1985;0.04833
16.05.1985;0.04712
17.05.1985;0.04583
18.05.1985;0.04437
19.05.1985;0.04208
20.05.1985;0.03958
21.05.1985;0.03895
22.05.1985;0.03853
23.05.1985;0.0427
24.05.1985;0.04603
25.05.1985;0.04937
26.05.1985;0.05395
27.05.1985;0.055
28.05.1985;0.05625
29.05.1985;0.05272
30.05.1985;0.04958
31.05.1985;0.04812
1.06.1985;0.0452
2.06.1985;0.04562
3.06.1985;0.04812
4.06.1985;0.04833
5.06.1985;0.04667
6.06.1985;0.04438
7.06.1985;0.04208
8.06.1985;0.03978
9.06.1985;0.03867
10.06.1985;0.07083
11.06.1985;0.08625
12.06.1985;0.08333
13.06.1985;0.07708
14.06.1985;0.06978
15.06.1985;0.08022
16.06.1985;0.14125
17.06.1985;0.13833
18.06.1985;0.12562
19.06.1985;0.11083
20.06.1985;0.09813
21.06.1985;0.08395
22.06.1985;0.07395
23.06.1985;0.06625
24.06.1985;0.06208
25.06.1985;0.05917
26.06.1985;0.05625
27.06.1985;0.05812
28.06.1985;0.05833
29.06.1985;0.05728
30.06.1985;0.055
1.07.1985;0.05478
2.07.1985;0.06875
3.07.1985;0.08145
4.07.1985;0.08272
5.07.1985;0.07895
6.07.1985;0.07417
7.07.1985;0.06728
8.07.1985;0.06208
9.07.1985;0.05687
10.07.1985;0.05083
11.07.1985;0.04603
12.07.1985;0.0425
13.07.1985;0.03917
14.07.1985;0.03688
15.07.1985;0.035
16.07.1985;0.03437
17.07.1985;0.03125
18.07.1985;0.02833
19.07.1985;0.02725
20.07.1985;0.0262
21.07.1985;0.02562
22.07.1985;0.02292
23.07.1985;0.02167
24.07.1985;0.01937
25.07.1985;0.01837
26.07.1985;0.0175
27.07.1985;0.01637
28.07.1985;0.01533
29.07.1985;0.016
30.07.1985;0.01667
31.07.1985;0.01667
1.08.1985;0.01667
2.08.1985;0.017
3.08.1985;0.01725
4.08.1985;0.01718
5.08.1985;0.01812
6.08.1985;0.017
7.08.1985;0.01783
8.08.1985;0.01787
9.08.1985;0.01492
10.08.1985;0.01437
11.08.1985;0.01417
12.08.1985;0.0135
13.08.1985;0.01325
14.08.1985;0.01283
15.08.1985;0.01253
16.08.1985;0.01213
17.08.1985;0.012
18.08.1985;0.012
19.08.1985;0.012
20.08.1985;0.01167
21.08.1985;0.01133
22.08.1985;0.01133
23.08.1985;0.01092
24.08.1985;0.01092
25.08.1985;0.01087
26.08.1985;0.01045
27.08.1985;0.01058
28.08.1985;0.00992
29.08.1985;0.00992
30.08.1985;0.00975
31.08.1985;0.00967
1.09.1985;0.00975
2.09.1985;0.01028
3.09.1985;0.01037
4.09.1985;0.01042
5.09.1985;0.01025
6.09.1985;0.01
7.09.1985;0.00962
8.09.1985;0.0088
9.09.1985;0.00833
10.09.1985;0.00833
11.09.1985;0.00808
12.09.1985;0.00792
13.09.1985;0.0075
14.09.1985;0.0075
15.09.1985;0.0075
16.09.1985;0.0075
17.09.1985;0.0075
18.09.1985;0.00725
19.09.1985;0.007
20.09.1985;0.00695
21.09.1985;0.00667
22.09.1985;0.00667
23.09.1985;0.00667
24.09.1985;0.00667
25.09.1985;0.0065
26.09.1985;0.00638
27.09.1985;0.00633
28.09.1985;0.00633
29.09.1985;0.00625
30.09.1985;0.00575
1.10.1985;0.00533
2.10.1985;0.0057
3.10.1985;0.00583
4.10.1985;0.00583
5.10.1985;0.00583
6.10.1985;0.00583
7.10.1985;0.00583
8.10.1985;0.00567
9.10.1985;0.00525
10.10.1985;0.005
11.10.1985;0.00475
12.10.1985;0.0045
13.10.1985;0.00445
14.10.1985;0.00417
15.10.1985;0.004
16.10.1985;0.004
17.10.1985;0.004
18.10.1985;0.004
19.10.1985;0.004
20.10.1985;0.00395
21.10.1985;0.00375
22.10.1985;0.00333
23.10.1985;0.00375
24.10.1985;0.00358
25.10.1985;0.00338
26.10.1985;0.00333
27.10.1985;0.00333
28.10.1985;0.00333
29.10.1985;0.00333
30.10.1985;0.00333
31.10.1985;0.00328
1.11.1985;0.00317
2.11.1985;0.00328
3.11.1985;0.00347
4.11.1985;0.00317
5.11.1985;0.00283
6.11.1985;0.0035
7.11.1985;0.00308
8.11.1985;0.00295
9.11.1985;0.00275
10.11.1985;0.00283
11.11.1985;0.00287
12.11.1985;0.00237
13.11.1985;0.00287
14.11.1985;0.00237
15.11.1985;0.0022
16.11.1985;0.00217
17.11.1985;0.00217
18.11.1985;0.00217
19.11.1985;0.00198
20.11.1985;0.00208
21.11.1985;0.00225
22.11.1985;0.00233
23.11.1985;0.00233
24.11.1985;0.0022
25.11.1985;0.00225
26.11.1985;0.002
27.11.1985;0.002
28.11.1985;0.002
29.11.1985;0.002
30.11.1985;0.002
1.12.1985;0.002
2.12.1985;0.00208
3.12.1985;0.00225
4.12.1985;0.00233
5.12.1985;0.00242
6.12.1985;0.0025
7.12.1985;0.0025
8.12.1985;0.0025
9.12.1985;0.0025
10.12.1985;0.0025
11.12.1985;0.0025
12.12.1985;0.00242
13.12.1985;0.00233
14.12.1985;0.0022
15.12.1985;0.00225
16.12.1985;0.00233
17.12.1985;0.0025
18.12.1985;0.0025
19.12.1985;0.0025
20.12.1985;0.00245
21.12.1985;0.00242
22.12.1985;0.00233
23.12.1985;0.00242
24.12.1985;0.00233
25.12.1985;0.00233
26.12.1985;0.00233
27.12.1985;0.00233
28.12.1985;0.00233
29.12.1985;0.00233
30.12.1985;0.00237
31.12.1985;0.00217
1.01.1986;0.00217
2.01.1986;0.00233
3.01.1986;0.00233
4.01.1986;0.00233
5.01.1986;0.0023
6.01.1986;0.00212
7.01.1986;0.00175
8.01.1986;0.00167
9.01.1986;0.0015
10.01.1986;0.00143
11.01.1986;0.00142
12.01.1986;0.00155
13.01.1986;0.00178
14.01.1986;0.00188
15.01.1986;0.002
16.01.1986;0.002
17.01.1986;0.00203
18.01.1986;0.00208
19.01.1986;0.00212
20.01.1986;0.00217
21.01.1986;0.0023
22.01.1986;0.00233
23.01.1986;0.00233
24.01.1986;0.00245
25.01.1986;0.00483
26.01.1986;0.00497
27.01.1986;0.0045
28.01.1986;0.004
29.01.1986;0.00383
30.01.1986;0.004
31.01.1986;0.0045
1.02.1986;0.00463
2.02.1986;0.00467
3.02.1986;0.0045
4.02.1986;0.00467
5.02.1986;0.00462
6.02.1986;0.0045
7.02.1986;0.0045
8.02.1986;0.00467
9.02.1986;0.00488
10.02.1986;0.00495
11.02.1986;0.00492
12.02.1986;0.00492
13.02.1986;0.00478
14.02.1986;0.00495
15.02.1986;0.005
16.02.1986;0.005
17.02.1986;0.00483
18.02.1986;0.00458
19.02.1986;0.00453
20.02.1986;0.0045
21.02.1986;0.00433
22.02.1986;0.00417
23.02.1986;0.00417
24.02.1986;0.00417
25.02.1986;0.00417
26.02.1986;0.00408
27.02.1986;0.004
28.02.1986;0.00405
1.03.1986;0.00417
2.03.1986;0.00417
3.03.1986;0.00417
4.03.1986;0.00417
5.03.1986;0.00408
6.03.1986;0.004
7.03.1986;0.00395
8.03.1986;0.00417
9.03.1986;0.005
10.03.1986;0.0085
11.03.1986;0.01472
12.03.1986;0.01825
13.03.1986;0.02138
14.03.1986;0.03058
15.03.1986;0.04417
16.03.1986;0.06687
17.03.1986;0.07897
18.03.1986;0.07625
19.03.1986;0.06728
20.03.1986;0.05853
21.03.1986;0.05272
22.03.1986;0.04647
23.03.1986;0.04353
24.03.1986;0.04145
25.03.1986;0.04208
26.03.1986;0.05042
27.03.1986;0.04917
28.03.1986;0.04833
29.03.1986;0.0473
30.03.1986;0.04437
31.03.1986;0.04083
1.04.1986;0.03687
2.04.1986;0.03397
3.04.1986;0.03083
4.04.1986;0.02905
5.04.1986;0.02628
6.04.1986;0.0248
7.04.1986;0.0225
8.04.1986;0.0203
9.04.1986;0.01937
10.04.1986;0.01833
11.04.1986;0.01675
12.04.1986;0.01667
13.04.1986;0.01603
14.04.1986;0.01513
15.04.1986;0.01683
16.04.1986;0.015
17.04.1986;0.015
18.04.1986;0.015
19.04.1986;0.015
20.04.1986;0.015
21.04.1986;0.01542
22.04.1986;0.01697
23.04.1986;0.01833
24.04.1986;0.02017
25.04.1986;0.02033
26.04.1986;0.0207
27.04.1986;0.02045
28.04.1986;0.02017
29.04.1986;0.01912
30.04.1986;0.0178
1.05.1986;0.0163
2.05.1986;0.01562
3.05.1986;0.01625
4.05.1986;0.01625
5.05.1986;0.01467
6.05.1986;0.01522
7.05.1986;0.01462
8.05.1986;0.01475
9.05.1986;0.01358
10.05.1986;0.01333
11.05.1986;0.01375
12.05.1986;0.01347
13.05.1986;0.01325
14.05.1986;0.01275
15.05.1986;0.01317
16.05.1986;0.01208
17.05.1986;0.01242
18.05.1986;0.01167
19.05.1986;0.01158
20.05.1986;0.0112
21.05.1986;0.01117
22.05.1986;0.011
23.05.1986;0.01092
24.05.1986;0.01083
25.05.1986;0.01022
26.05.1986;0.01
27.05.1986;0.01
28.05.1986;0.00967
29.05.1986;0.00958
30.05.1986;0.00942
31.05.1986;0.00942
1.06.1986;0.00917
2.06.1986;0.00862
3.06.1986;0.00833
4.06.1986;0.00825
5.06.1986;0.00858
6.06.1986;0.00833
7.06.1986;0.00833
8.06.1986;0.008
9.06.1986;0.00775
10.06.1986;0.00767
11.06.1986;0.00758
12.06.1986;0.00733
13.06.1986;0.00708
14.06.1986;0.007
15.06.1986;0.007
16.06.1986;0.00725
17.06.1986;0.0075
18.06.1986;0.00725
19.06.1986;0.00692
20.06.1986;0.00683
21.06.1986;0.00675
22.06.1986;0.00708
23.06.1986;0.00787
24.06.1986;0.00808
25.06.1986;0.00817
26.06.1986;0.00783
27.06.1986;0.00733
28.06.1986;0.00675
29.06.1986;0.00605
30.06.1986;0.00608
1.07.1986;0.00633
2.07.1986;0.00662
3.07.1986;0.0065
4.07.1986;0.00667
5.07.1986;0.00658
6.07.1986;0.00633
7.07.1986;0.00637
8.07.1986;0.00595
9.07.1986;0.0058
10.07.1986;0.00533
11.07.1986;0.00533
12.07.1986;0.00533
13.07.1986;0.00528
14.07.1986;0.005
15.07.1986;0.00467
16.07.1986;0.0045
17.07.1986;0.0045
18.07.1986;0.0045
19.07.1986;0.00442
20.07.1986;0.00508
21.07.1986;0.09875
22.07.1986;0.12292
23.07.1986;0.084
24.07.1986;0.06183
25.07.1986;0.04867
26.07.1986;0.04283
27.07.1986;0.03683
28.07.1986;0.03267
29.07.1986;0.02897
30.07.1986;0.02467
31.07.1986;0.02145
1.08.1986;0.01833
2.08.1986;0.01762
3.08.1986;0.0177
4.08.1986;0.01675
5.08.1986;0.01472
6.08.1986;0.01433
7.08.1986;0.01242
8.08.1986;0.01167
9.08.1986;0.01158
10.08.1986;0.01167
11.08.1986;0.01167
12.08.1986;0.01142
13.08.1986;0.01117
14.08.1986;0.01092
15.08.1986;0.01067
16.08.1986;0.01042
17.08.1986;0.01017
18.08.1986;0.0095
19.08.1986;0.00933
20.08.1986;0.00892
21.08.1986;0.0085
22.08.1986;0.00825
23.08.1986;0.00817
24.08.1986;0.00783
25.08.1986;0.00737
26.08.1986;0.00703
27.08.1986;0.00667
28.08.1986;0.00658
29.08.1986;0.00662
30.08.1986;0.00653
31.08.1986;0.00642
1.09.1986;0.00625
2.09.1986;0.00595
3.09.1986;0.006
4.09.1986;0.0058
5.09.1986;0.00517
6.09.1986;0.00508
7.09.1986;0.00508
8.09.1986;0.00512
9.09.1986;0.00483
10.09.1986;0.00463
11.09.1986;0.00453
12.09.1986;0.00417
13.09.1986;0.00417
14.09.1986;0.00405
15.09.1986;0.00387
16.09.1986;0.00383
17.09.1986;0.00383
18.09.1986;0.00383
19.09.1986;0.00378
20.09.1986;0.00378
21.09.1986;0.00383
22.09.1986;0.00378
23.09.1986;0.00367
24.09.1986;0.00367
25.09.1986;0.00367
26.09.1986;0.00367
27.09.1986;0.00363
28.09.1986;0.00342
29.09.1986;0.00333
30.09.1986;0.00317
1.10.1986;0.003
2.10.1986;0.00283
3.10.1986;0.0027
4.10.1986;0.00258
5.10.1986;0.0025
6.10.1986;0.0025
7.10.1986;0.0025
8.10.1986;0.0025
9.10.1986;0.0025
10.10.1986;0.0025
11.10.1986;0.0025
12.10.1986;0.0025
13.10.1986;0.0025
14.10.1986;0.0025
15.10.1986;0.0025
16.10.1986;0.0025
17.10.1986;0.0025
18.10.1986;0.0025
19.10.1986;0.00233
20.10.1986;0.00233
21.10.1986;0.00233
22.10.1986;0.00233
23.10.1986;0.00233
24.10.1986;0.00233
25.10.1986;0.00217
26.10.1986;0.00217
27.10.1986;0.00217
28.10.1986;0.00217
29.10.1986;0.00217
30.10.1986;0.00217
31.10.1986;0.00217
1.11.1986;0.00217
2.11.1986;0.00217
3.11.1986;0.00225
4.11.1986;0.00228
5.11.1986;0.00217
6.11.1986;0.002
7.11.1986;0.002
8.11.1986;0.002
9.11.1986;0.002
10.11.1986;0.00207
11.11.1986;0.00178
12.11.1986;0.00167
13.11.1986;0.00167
14.11.1986;0.00167
15.11.1986;0.00167
16.11.1986;0.00162
17.11.1986;0.0015
18.11.1986;0.00142
19.11.1986;0.00133
20.11.1986;0.00133
21.11.1986;0.00133
22.11.1986;0.00133
23.11.1986;0.00133
24.11.1986;0.00128
25.11.1986;0.00125
26.11.1986;0.00125
27.11.1986;0.00125
28.11.1986;0.00123
29.11.1986;0.00117
30.11.1986;0.0011
1.12.1986;0.00108
2.12.1986;0.00108
3.12.1986;0.00108
4.12.1986;0.00108
5.12.1986;0.00108
6.12.1986;0.00108
7.12.1986;0.00108
8.12.1986;0.00108
9.12.1986;0.00108
10.12.1986;0.00108
11.12.1986;0.00108
12.12.1986;0.00108
13.12.1986;0.00108
14.12.1986;0.00108
15.12.1986;0.00102
16.12.1986;0.001
17.12.1986;0.001
18.12.1986;0.001
19.12.1986;0.001
20.12.1986;0.001
21.12.1986;0.00083
22.12.1986;0.00083
23.12.1986;0.00078
24.12.1986;0.00073
25.12.1986;0.00062
26.12.1986;0.00055
27.12.1986;0.0005
28.12.1986;0.00042
29.12.1986;0.00042
30.12.1986;0.00042
31.12.1986;0.00042
1.01.1987;0.00033
2.01.1987;0.00033
3.01.1987;0.00037
4.01.1987;0.00042
5.01.1987;0.00042
6.01.1987;0.00042
7.01.1987;0.00042
8.01.1987;0.00042
9.01.1987;0.00042
10.01.1987;0.00042
11.01.1987;0.00042
12.01.1987;0.00047
13.01.1987;0.0005
14.01.1987;0.00058
15.01.1987;0.00058
16.01.1987;0.00058
17.01.1987;0.00058
18.01.1987;0.00058
19.01.1987;0.00053
20.01.1987;0.0005
21.01.1987;0.0005
22.01.1987;0.0005
23.01.1987;0.0005
24.01.1987;0.0005
25.01.1987;0.0005
26.01.1987;0.0005
27.01.1987;0.00043
28.01.1987;0.00042
29.01.1987;0.00042
30.01.1987;0.00042
31.01.1987;0.00042
1.02.1987;0.00042
2.02.1987;0.00042
3.02.1987;0.00042
4.02.1987;0.00042
5.02.1987;0.00042
6.02.1987;0.00042
7.02.1987;0.00042
8.02.1987;0.00042
9.02.1987;0.00042
10.02.1987;0.00042
11.02.1987;0.00042
12.02.1987;0.00042
13.02.1987;0.00042
14.02.1987;0.00042
15.02.1987;0.00033
16.02.1987;0.0004
17.02.1987;0.00052
18.02.1987;0.0006
19.02.1987;0.00082
20.02.1987;0.00085
21.02.1987;0.00083
22.02.1987;0.00085
23.02.1987;0.00083
24.02.1987;0.00085
25.02.1987;0.00082
26.02.1987;0.00078
27.02.1987;0.00078
28.02.1987;0.00078
1.03.1987;0.00082
2.03.1987;0.00078
3.03.1987;0.00077
4.03.1987;0.00067
5.03.1987;0.00067
6.03.1987;0.00062
7.03.1987;0.00062
8.03.1987;0.00062
9.03.1987;0.00068
10.03.1987;0.0008
11.03.1987;0.00068
12.03.1987;0.00077
13.03.1987;0.00068
14.03.1987;0.00067
15.03.1987;0.00068
16.03.1987;0.00073
17.03.1987;0.00068
18.03.1987;0.00067
19.03.1987;0.00065
20.03.1987;0.00072
21.03.1987;0.00092
22.03.1987;0.00065
23.03.1987;0.00067
24.03.1987;0.00077
25.03.1987;0.00078
26.03.1987;0.0008
27.03.1987;0.00083
28.03.1987;0.00083
29.03.1987;0.00095
30.03.1987;0.00148
31.03.1987;0.0045
1.04.1987;0.00842
2.04.1987;0.01325
3.04.1987;0.01383
4.04.1987;0.02012
5.04.1987;0.0623
6.04.1987;0.05853
7.04.1987;0.04958
8.04.1987;0.04417
9.04.1987;0.04042
10.04.1987;0.03645
11.04.1987;0.04397
12.04.1987;0.11917
13.04.1987;0.15333
14.04.1987;0.14103
15.04.1987;0.12022
16.04.1987;0.09937
17.04.1987;0.08145
18.04.1987;0.06958
19.04.1987;0.05958
20.04.1987;0.05125
21.04.1987;0.04605
22.04.1987;0.0423
23.04.1987;0.03855
24.04.1987;0.03542
25.04.1987;0.0325
26.04.1987;0.02875
27.04.1987;0.02608
28.04.1987;0.0238
29.04.1987;0.02307
30.04.1987;0.02162
1.05.1987;0.01948
2.05.1987;0.01983
3.05.1987;0.01852
4.05.1987;0.0165
5.05.1987;0.01595
6.05.1987;0.01627
7.05.1987;0.01473
8.05.1987;0.0145
9.05.1987;0.01457
10.05.1987;0.01473
11.05.1987;0.01378
12.05.1987;0.01345
13.05.1987;0.0134
14.05.1987;0.01313
15.05.1987;0.01252
16.05.1987;0.0122
17.05.1987;0.0119
18.05.1987;0.0129
19.05.1987;0.01435
20.05.1987;0.01515
21.05.1987;0.0253
22.05.1987;0.05963
23.05.1987;0.08207
24.05.1987;0.07688
25.05.1987;0.07312
26.05.1987;0.06717
27.05.1987;0.06098
28.05.1987;0.0539
29.05.1987;0.04698
30.05.1987;0.04407
31.05.1987;0.04213
1.06.1987;0.04023
2.06.1987;0.0395
3.06.1987;0.0373
4.06.1987;0.03503
5.06.1987;0.03292
6.06.1987;0.02933
7.06.1987;0.02593
8.06.1987;0.02497
9.06.1987;0.02413
10.06.1987;0.0221
11.06.1987;0.02088
12.06.1987;0.01972
13.06.1987;0.01885
14.06.1987;0.01827
15.06.1987;0.0162
16.06.1987;0.01578
17.06.1987;0.01478
18.06.1987;0.01468
19.06.1987;0.01462
20.06.1987;0.01418
21.06.1987;0.01373
22.06.1987;0.01335
23.06.1987;0.01377
24.06.1987;0.01205
25.06.1987;0.01155
26.06.1987;0.01102
27.06.1987;0.01097
28.06.1987;0.01052
29.06.1987;0.00998
30.06.1987;0.01017
1.07.1987;0.0096
2.07.1987;0.00933
3.07.1987;0.00907
4.07.1987;0.00873
5.07.1987;0.0082
6.07.1987;0.008
7.07.1987;0.01112
8.07.1987;0.00785
9.07.1987;0.00763
10.07.1987;0.0077
11.07.1987;0.00755
12.07.1987;0.00743
13.07.1987;0.00705
14.07.1987;0.00615
15.07.1987;0.00602
16.07.1987;0.00602
17.07.1987;0.00595
18.07.1987;0.00598
19.07.1987;0.00592
20.07.1987;0.00598
21.07.1987;0.00558
22.07.1987;0.00543
23.07.1987;0.00537
24.07.1987;0.00592
25.07.1987;0.0057
26.07.1987;0.00488
27.07.1987;0.00472
28.07.1987;0.00457
29.07.1987;0.00443
30.07.1987;0.0043
31.07.1987;0.00407
1.08.1987;0.00388
2.08.1987;0.0037
3.08.1987;0.00347
4.08.1987;0.00338
5.08.1987;0.00327
6.08.1987;0.0032
7.08.1987;0.00313
8.08.1987;0.00302
9.08.1987;0.00295
10.08.1987;0.00295
11.08.1987;0.00295
12.08.1987;0.00295
13.08.1987;0.00295
14.08.1987;0.0029
15.08.1987;0.00267
16.08.1987;0.00255
17.08.1987;0.00242
18.08.1987;0.00253
19.08.1987;0.00253
20.08.1987;0.00253
21.08.1987;0.00242
22.08.1987;0.00228
23.08.1987;0.0022
24.08.1987;0.00217
25.08.1987;0.00215
26.08.1987;0.00215
27.08.1987;0.00213
28.08.1987;0.00203
29.08.1987;0.00187
30.08.1987;0.0017
31.08.1987;0.00165
1.09.1987;0.00145
2.09.1987;0.00147
3.09.1987;0.00142
4.09.1987;0.00133
5.09.1987;0.00133
6.09.1987;0.0013
7.09.1987;0.00123
8.09.1987;0.00123
9.09.1987;0.00123
10.09.1987;0.00123
11.09.1987;0.00123
12.09.1987;0.00123
13.09.1987;0.00123
14.09.1987;0.00123
15.09.1987;0.00123
16.09.1987;0.00123
17.09.1987;0.00123
18.09.1987;0.00123
19.09.1987;0.00123
20.09.1987;0.00123
21.09.1987;0.00123
22.09.1987;0.00123
23.09.1987;0.00123
24.09.1987;0.00123
25.09.1987;0.00123
26.09.1987;0.00123
27.09.1987;0.00123
28.09.1987;0.00123
29.09.1987;0.0012
30.09.1987;0.00103
1.10.1987;0.001
2.10.1987;0.001
3.10.1987;0.001
4.10.1987;0.00102
5.10.1987;0.0011
6.10.1987;0.00112
7.10.1987;0.00108
8.10.1987;0.001
9.10.1987;0.001
10.10.1987;0.00093
11.10.1987;0.00088
12.10.1987;0.00082
13.10.1987;0.00078
14.10.1987;0.00078
15.10.1987;0.00065
16.10.1987;0.0006
17.10.1987;0.00058
18.10.1987;0.00055
19.10.1987;0.0005
20.10.1987;0.0005
21.10.1987;0.0005
22.10.1987;0.0005
23.10.1987;0.00048
24.10.1987;0.00048
25.10.1987;0.00048
26.10.1987;0.00052
27.10.1987;0.0005
28.10.1987;0.00048
29.10.1987;0.00048
30.10.1987;0.00048
31.10.1987;0.00048
1.11.1987;0.00047
2.11.1987;0.00047
3.11.1987;0.00045
4.11.1987;0.00045
5.11.1987;0.00045
6.11.1987;0.00045
7.11.1987;0.00045
8.11.1987;0.00042
9.11.1987;0.00037
10.11.1987;0.00032
11.11.1987;0.00033
12.11.1987;0.00035
13.11.1987;0.00038
14.11.1987;0.00037
15.11.1987;0.00033
16.11.1987;0.00032
17.11.1987;0.00035
18.11.1987;0.00035
19.11.1987;0.00037
20.11.1987;0.00047
21.11.1987;0.0005
22.11.1987;0.00047
23.11.1987;0.00045
24.11.1987;0.00045
25.11.1987;0.00045
26.11.1987;0.00045
27.11.1987;0.0009
28.11.1987;0.0007
29.11.1987;0.00055
30.11.1987;0.00045
1.12.1987;0.00045
2.12.1987;0.00045
3.12.1987;0.00045
4.12.1987;0.00045
5.12.1987;0.00045
6.12.1987;0.00048
7.12.1987;0.00048
8.12.1987;0.00048
9.12.1987;0.00048
10.12.1987;0.00048
11.12.1987;0.00048
12.12.1987;0.00048
13.12.1987;0.00048
14.12.1987;0.00048
15.12.1987;0.00048
16.12.1987;0.00048
17.12.1987;0.00048
18.12.1987;0.00048
19.12.1987;0.00048
20.12.1987;0.00045
21.12.1987;0.00045
22.12.1987;0.00045
23.12.1987;0.0005
24.12.1987;0.0006
25.12.1987;0.0006
26.12.1987;0.0006
27.12.1987;0.0006
28.12.1987;0.0006
29.12.1987;0.0006
30.12.1987;0.0006
31.12.1987;0.0006
1.01.1988;0.00058
2.01.1988;0.00057
3.01.1988;0.00057
4.01.1988;0.00055
5.01.1988;0.0005
6.01.1988;0.0005
7.01.1988;0.0005
8.01.1988;0.00045
9.01.1988;0.00045
10.01.1988;0.00045
11.01.1988;0.00043
12.01.1988;0.0004
13.01.1988;0.00035
14.01.1988;0.00035
15.01.1988;0.00033
16.01.1988;0.00032
17.01.1988;0.00033
18.01.1988;0.00037
19.01.1988;0.00035
20.01.1988;0.00032
21.01.1988;0.00032
22.01.1988;0.00032
23.01.1988;0.00032
24.01.1988;0.00032
25.01.1988;0.00032
26.01.1988;0.00032
27.01.1988;0.00032
28.01.1988;0.0004
29.01.1988;0.00088
30.01.1988;0.00243
31.01.1988;0.0164
1.02.1988;0.01932
2.02.1988;0.01892
3.02.1988;0.01868
4.02.1988;0.01597
5.02.1988;0.01508
6.02.1988;0.01402
7.02.1988;0.01352
8.02.1988;0.01288
9.02.1988;0.0123
10.02.1988;0.01132
11.02.1988;0.01157
12.02.1988;0.01142
13.02.1988;0.01073
14.02.1988;0.01095
15.02.1988;0.01133
16.02.1988;0.01127
17.02.1988;0.01127
18.02.1988;0.01147
19.02.1988;0.01157
20.02.1988;0.01108
21.02.1988;0.01018
22.02.1988;0.01048
23.02.1988;0.00973
24.02.1988;0.00995
25.02.1988;0.00955
26.02.1988;0.00955
27.02.1988;0.01053
28.02.1988;0.01303
29.02.1988;0.01298
1.03.1988;0.01282
2.03.1988;0.01293
3.03.1988;0.01303
4.03.1988;0.01283
5.03.1988;0.01282
6.03.1988;0.01267
7.03.1988;0.012
8.03.1988;0.0121
9.03.1988;0.01192
10.03.1988;0.01117
11.03.1988;0.01202
12.03.1988;0.01192
13.03.1988;0.01132
14.03.1988;0.01167
15.03.1988;0.0116
16.03.1988;0.0116
17.03.1988;0.0117
18.03.1988;0.01295
19.03.1988;0.01515
20.03.1988;0.02098
21.03.1988;0.02755
22.03.1988;0.0283
23.03.1988;0.02772
24.03.1988;0.02748
25.03.1988;0.0348
26.03.1988;0.0589
27.03.1988;0.07047
28.03.1988;0.0633
29.03.1988;0.05492
30.03.1988;0.0489
31.03.1988;0.04553
1.04.1988;0.06142
2.04.1988;0.12815
3.04.1988;0.11587
4.04.1988;0.10077
5.04.1988;0.08747
6.04.1988;0.07592
7.04.1988;0.0669
8.04.1988;0.06087
9.04.1988;0.05222
10.04.1988;0.04677
11.04.1988;0.04332
12.04.1988;0.04245
13.04.1988;0.04202
14.04.1988;0.04148
15.04.1988;0.03972
16.04.1988;0.03838
17.04.1988;0.03788
18.04.1988;0.03728
19.04.1988;0.03505
20.04.1988;0.03437
21.04.1988;0.03307
22.04.1988;0.03125
23.04.1988;0.02923
24.04.1988;0.02655
25.04.1988;0.02497
26.04.1988;0.02465
27.04.1988;0.01932
28.04.1988;0.02103
29.04.1988;0.02095
30.04.1988;0.0204
1.05.1988;0.01985
2.05.1988;0.01938
3.05.1988;0.01968
4.05.1988;0.01768
5.05.1988;0.017
6.05.1988;0.01613
7.05.1988;0.01548
8.05.1988;0.01478
9.05.1988;0.01497
10.05.1988;0.01548
11.05.1988;0.0152
12.05.1988;0.01433
13.05.1988;0.01468
14.05.1988;0.01428
15.05.1988;0.01365
16.05.1988;0.01303
17.05.1988;0.01303
18.05.1988;0.01272
19.05.1988;0.01252
20.05.1988;0.0121
21.05.1988;0.01175
22.05.1988;0.01122
23.05.1988;0.01112
24.05.1988;0.01065
25.05.1988;0.01027
26.05.1988;0.01
27.05.1988;0.00973
28.05.1988;0.00968
29.05.1988;0.00955
30.05.1988;0.0095
31.05.1988;0.00947
1.06.1988;0.00942
2.06.1988;0.00903
3.06.1988;0.00887
4.06.1988;0.00892
5.06.1988;0.00853
6.06.1988;0.00797
7.06.1988;0.00788
8.06.1988;0.00785
9.06.1988;0.00767
10.06.1988;0.00758
11.06.1988;0.00752
12.06.1988;0.00737
13.06.1988;0.00713
14.06.1988;0.00698
15.06.1988;0.00698
16.06.1988;0.00698
17.06.1988;0.00698
18.06.1988;0.00677
19.06.1988;0.00642
20.06.1988;0.00632
21.06.1988;0.00642
22.06.1988;0.00642
23.06.1988;0.00622
24.06.1988;0.00628
25.06.1988;0.00648
26.06.1988;0.00585
27.06.1988;0.00532
28.06.1988;0.00503
29.06.1988;0.0051
30.06.1988;0.00525
1.07.1988;0.00485
2.07.1988;0.00438
3.07.1988;0.00472
4.07.1988;0.00443
5.07.1988;0.00477
6.07.1988;0.00385
7.07.1988;0.0038
8.07.1988;0.00383
9.07.1988;0.00383
10.07.1988;0.00493
11.07.1988;0.00432
12.07.1988;0.0034
13.07.1988;0.0034
14.07.1988;0.00327
15.07.1988;0.00313
16.07.1988;0.00303
17.07.1988;0.00303
18.07.1988;0.00307
19.07.1988;0.00333
20.07.1988;0.00322
21.07.1988;0.00313
22.07.1988;0.00303
23.07.1988;0.00303
24.07.1988;0.003
25.07.1988;0.00292
26.07.1988;0.00283
27.07.1988;0.00293
28.07.1988;0.00268
29.07.1988;0.0025
30.07.1988;0.00263
31.07.1988;0.0024
1.08.1988;0.00202
2.08.1988;0.00185
3.08.1988;0.00195
4.08.1988;0.00182
5.08.1988;0.00168
6.08.1988;0.00157
7.08.1988;0.0015
8.08.1988;0.0014
9.08.1988;0.00117
10.08.1988;0.00123
11.08.1988;0.0014
12.08.1988;0.00123
13.08.1988;0.00098
14.08.1988;0.00092
15.08.1988;0.00095
16.08.1988;0.00117
17.08.1988;0.00115
18.08.1988;0.00108
19.08.1988;0.00102
20.08.1988;0.00107
21.08.1988;0.00107
22.08.1988;0.00093
23.08.1988;0.0013
24.08.1988;0.0013
25.08.1988;0.00107
26.08.1988;0.00102
27.08.1988;0.00103
28.08.1988;0.00107
29.08.1988;0.00108
30.08.1988;0.00112
31.08.1988;0.00143
1.09.1988;0.00108
2.09.1988;0.00112
3.09.1988;0.00122
4.09.1988;0.00123
5.09.1988;0.00117
6.09.1988;0.00107
7.09.1988;0.00102
8.09.1988;0.00097
9.09.1988;0.00088
10.09.1988;0.00082
11.09.1988;0.00082
12.09.1988;0.00082
13.09.1988;0.00082
14.09.1988;0.00087
15.09.1988;0.00087
16.09.1988;0.00087
17.09.1988;0.00085
18.09.1988;0.00075
19.09.1988;0.00075
20.09.1988;0.00075
21.09.1988;0.00065
22.09.1988;0.00063
23.09.1988;0.0006
24.09.1988;0.0006
25.09.1988;0.0006
26.09.1988;0.00062
27.09.1988;0.00062
28.09.1988;0.00057
29.09.1988;0.0005
30.09.1988;0.00048
1.10.1988;0.00043
2.10.1988;0.00038
3.10.1988;0.00033
4.10.1988;0.00045
5.10.1988;0.0004
6.10.1988;0.00038
7.10.1988;0.00038
8.10.1988;0.00042
9.10.1988;0.00038
10.10.1988;0.00035
11.10.1988;0.00033
12.10.1988;0.00032
13.10.1988;0.00032
14.10.1988;0.00032
15.10.1988;0.00027
16.10.1988;0.0003
17.10.1988;0.0005
18.10.1988;0.00035
19.10.1988;0.0003
20.10.1988;0.0003
21.10.1988;0.00028
22.10.1988;0.00035
23.10.1988;0.00042
24.10.1988;0.00043
25.10.1988;0.00032
26.10.1988;0.00043
27.10.1988;0.00035
28.10.1988;0.0003
29.10.1988;0.00037
30.10.1988;0.00023
31.10.1988;0.00023
1.11.1988;0.00025
2.11.1988;0.00028
3.11.1988;0.00032
4.11.1988;0.00022
5.11.1988;0.0002
6.11.1988;0.00025
7.11.1988;0.00028
8.11.1988;0.00032
9.11.1988;0.00032
10.11.1988;0.0003
11.11.1988;0.0003
12.11.1988;0.0003
13.11.1988;0.00027
14.11.1988;0.00022
15.11.1988;0.00018
16.11.1988;0.00015
17.11.1988;0.00022
18.11.1988;0.00022
19.11.1988;0.00027
20.11.1988;0.00025
21.11.1988;0.00023
22.11.1988;0.00033
23.11.1988;0.00025
24.11.1988;0.0003
25.11.1988;0.00028
26.11.1988;0.00027
27.11.1988;0.00023
28.11.1988;0.00017
29.11.1988;0.0002
30.11.1988;0.00028
1.12.1988;0.00028
2.12.1988;0.00023
3.12.1988;0.00037
4.12.1988;0.00023
5.12.1988;0.0003
6.12.1988;0.0003
7.12.1988;0.00022
8.12.1988;0.00022
9.12.1988;0.00023
10.12.1988;0.00023
11.12.1988;0.0002
12.12.1988;0.0002
13.12.1988;0.0002
14.12.1988;0.0002
15.12.1988;0.0003
16.12.1988;0.0002
17.12.1988;0.00032
18.12.1988;0.00018
19.12.1988;0.00018
20.12.1988;0.00017
21.12.1988;0.00015
22.12.1988;0.00013
23.12.1988;0.00012
24.12.1988;0.00015
25.12.1988;0.00022
26.12.1988;0.00022
27.12.1988;0.00015
28.12.1988;0.00015
29.12.1988;0.00013
30.12.1988;0.00013
31.12.1988;0.0002
1.01.1989;0.00008
2.01.1989;0.00008
3.01.1989;0.00008
4.01.1989;0.0001
5.01.1989;0.00013
6.01.1989;0.00015
7.01.1989;0.00013
8.01.1989;0.00012
9.01.1989;0.0001
10.01.1989;0.00008
11.01.1989;0.00008
12.01.1989;0.00008
13.01.1989;0.00012
14.01.1989;0.00008
15.01.1989;0.0001
16.01.1989;0.00008
17.01.1989;0.00008
18.01.1989;0.00008
19.01.1989;0.00008
20.01.1989;0.00008
21.01.1989;0.00008
22.01.1989;0.00008
23.01.1989;0.00008
24.01.1989;0.00008
25.01.1989;0.00008
26.01.1989;0.0001
27.01.1989;0.00008
28.01.1989;0.00007
29.01.1989;0.00007
30.01.1989;0.00008
31.01.1989;0.0001
1.02.1989;0.0001
2.02.1989;0.00015
3.02.1989;0.00013
4.02.1989;0.00008
5.02.1989;0.00008
6.02.1989;0.00008
7.02.1989;0.00008
8.02.1989;0.00008
9.02.1989;0.00012
10.02.1989;0.0002
11.02.1989;0.00017
12.02.1989;0.00008
13.02.1989;0.00008
14.02.1989;0.0001
15.02.1989;0.00008
16.02.1989;0.00008
17.02.1989;0.0001
18.02.1989;0.00017
19.02.1989;0.00017
20.02.1989;0.00017
21.02.1989;0.00012
22.02.1989;0.00008
23.02.1989;0.00008
24.02.1989;0.00007
25.02.1989;0.0001
26.02.1989;0.0002
27.02.1989;0.00022
28.02.1989;0.00025
1.03.1989;0.00022
2.03.1989;0.00017
3.03.1989;0.00015
4.03.1989;0.00012
5.03.1989;0.00008
6.03.1989;0.00012
7.03.1989;0.0001
8.03.1989;0.0001
9.03.1989;0.00008
10.03.1989;0.00008
11.03.1989;0.00008
12.03.1989;0.0001
13.03.1989;0.00012
14.03.1989;0.00015
15.03.1989;0.00015
16.03.1989;0.00017
17.03.1989;0.00017
18.03.1989;0.00018
19.03.1989;0.00028
20.03.1989;0.0004
21.03.1989;0.00067
22.03.1989;0.00133
23.03.1989;0.00775
24.03.1989;0.00983
25.03.1989;0.01
26.03.1989;0.01
27.03.1989;0.0098
28.03.1989;0.009
29.03.1989;0.00813
30.03.1989;0.008
31.03.1989;0.00792
1.04.1989;0.00748
2.04.1989;0.0065
3.04.1989;0.00642
4.04.1989;0.0065
5.04.1989;0.00638
6.04.1989;0.00537
7.04.1989;0.00625
8.04.1989;0.00663
9.04.1989;0.00792
10.04.1989;0.00967
11.04.1989;0.01
12.04.1989;0.01017
13.04.1989;0.01033
14.04.1989;0.01033
15.04.1989;0.01
16.04.1989;0.00967
17.04.1989;0.00787
18.04.1989;0.00923
19.04.1989;0.0085
20.04.1989;0.00822
21.04.1989;0.0075
22.04.1989;0.00717
23.04.1989;0.0073
24.04.1989;0.00667
25.04.1989;0.00688
26.04.1989;0.00708
27.04.1989;0.00703
28.04.1989;0.00748
29.04.1989;0.00792
30.04.1989;0.00762
1.05.1989;0.0275
2.05.1989;0.22083
3.05.1989;0.20842
4.05.1989;0.15563
5.05.1989;0.12917
6.05.1989;0.09875
7.05.1989;0.07812
8.05.1989;0.06188
9.05.1989;0.05228
10.05.1989;0.04438
11.05.1989;0.03853
12.05.1989;0.03458
13.05.1989;0.03
14.05.1989;0.02855
15.05.1989;0.02333
16.05.1989;0.02052
17.05.1989;0.01625
18.05.1989;0.01938
19.05.1989;0.01458
20.05.1989;0.01347
21.05.1989;0.01308
22.05.1989;0.01283
23.05.1989;0.01062
24.05.1989;0.01025
25.05.1989;0.01033
26.05.1989;0.01017
27.05.1989;0.01
28.05.1989;0.01
29.05.1989;0.00983
30.05.1989;0.00983
31.05.1989;0.00917
1.06.1989;0.00833
2.06.1989;0.00808
3.06.1989;0.0078
4.06.1989;0.00742
5.06.1989;0.00742
6.06.1989;0.007
7.06.1989;0.00725
8.06.1989;0.0078
9.06.1989;0.00843
10.06.1989;0.00858
11.06.1989;0.0092
12.06.1989;0.00925
13.06.1989;0.00917
14.06.1989;0.009
15.06.1989;0.00833
16.06.1989;0.00833
17.06.1989;0.00808
18.06.1989;0.00767
19.06.1989;0.00708
20.06.1989;0.00675
21.06.1989;0.00667
22.06.1989;0.00667
23.06.1989;0.00617
24.06.1989;0.0055
25.06.1989;0.00543
26.06.1989;0.00503
27.06.1989;0.005
28.06.1989;0.005
29.06.1989;0.00508
30.06.1989;0.005
1.07.1989;0.005
2.07.1989;0.005
3.07.1989;0.00458
4.07.1989;0.00417
5.07.1989;0.004
6.07.1989;0.00383
7.07.1989;0.0035
8.07.1989;0.00333
9.07.1989;0.00333
10.07.1989;0.00375
11.07.1989;0.00375
12.07.1989;0.00397
13.07.1989;0.00467
14.07.1989;0.00383
15.07.1989;0.00353
16.07.1989;0.00333
17.07.1989;0.00333
18.07.1989;0.003
19.07.1989;0.00317
20.07.1989;0.00308
21.07.1989;0.00267
22.07.1989;0.0025
23.07.1989;0.0025
24.07.1989;0.0025
25.07.1989;0.0025
26.07.1989;0.0025
27.07.1989;0.00263
28.07.1989;0.00258
29.07.1989;0.0025
30.07.1989;0.00242
31.07.1989;0.0025
1.08.1989;0.00233
2.08.1989;0.00217
3.08.1989;0.00183
4.08.1989;0.00167
5.08.1989;0.0015
6.08.1989;0.0015
7.08.1989;0.0015
8.08.1989;0.0015
9.08.1989;0.0015
10.08.1989;0.0013
11.08.1989;0.00125
12.08.1989;0.00125
13.08.1989;0.00125
14.08.1989;0.0012
15.08.1989;0.00105
16.08.1989;0.001
17.08.1989;0.001
18.08.1989;0.00087
19.08.1989;0.001
20.08.1989;0.00117
21.08.1989;0.00117
22.08.1989;0.00117
23.08.1989;0.00117
24.08.1989;0.00117
25.08.1989;0.00117
26.08.1989;0.00117
27.08.1989;0.00117
28.08.1989;0.00117
29.08.1989;0.00108
30.08.1989;0.00103
31.08.1989;0.00103
1.09.1989;0.00083
2.09.1989;0.00082
3.09.1989;0.00075
4.09.1989;0.00075
5.09.1989;0.00075
6.09.1989;0.00055
7.09.1989;0.00037
8.09.1989;0.00027
9.09.1989;0.00018
10.09.1989;0.0002
11.09.1989;0.00032
12.09.1989;0.0001
13.09.1989;0.00013
14.09.1989;0.00017
15.09.1989;0.0002
16.09.1989;0.00027
17.09.1989;0.0003
18.09.1989;0.00037
19.09.1989;0.0004
20.09.1989;0.00033
21.09.1989;0.00033
22.09.1989;0.00027
23.09.1989;0.00023
24.09.1989;0.00023
25.09.1989;0.00027
26.09.1989;0.00028
27.09.1989;0.00028
28.09.1989;0.00032
29.09.1989;0.00025
30.09.1989;0.00023
1.10.1989;0.00025
2.10.1989;0.00028
3.10.1989;0.00028
4.10.1989;0.0003
5.10.1989;0.00032
6.10.1989;0.00022
7.10.1989;0.0002
8.10.1989;0.00022
9.10.1989;0.00022
10.10.1989;0.00022
11.10.1989;0.00025
12.10.1989;0.00022
13.10.1989;0.0002
14.10.1989;0.00012
15.10.1989;0.00008
16.10.1989;0.00017
17.10.1989;0.0002
18.10.1989;0.00028
19.10.1989;0.00032
20.10.1989;0.00033
21.10.1989;0.00028
22.10.1989;0.00022
23.10.1989;0.00017
24.10.1989;0.00022
25.10.1989;0.00025
26.10.1989;0.0002
27.10.1989;0.00017
28.10.1989;0.00015
29.10.1989;0.00012
30.10.1989;0.00015
31.10.1989;0.00022
1.11.1989;0.0002
2.11.1989;0.0002
3.11.1989;0.0002
4.11.1989;0.00017
5.11.1989;0.0002
6.11.1989;0.00018
7.11.1989;0.00032
8.11.1989;0.0004
9.11.1989;0.0003
10.11.1989;0.00025
11.11.1989;0.0003
12.11.1989;0.00027
13.11.1989;0.0002
14.11.1989;0.00013
15.11.1989;0.00012
16.11.1989;0.00012
17.11.1989;0.00012
18.11.1989;0.0001
19.11.1989;0.0001
20.11.1989;0.00013
21.11.1989;0.00015
22.11.1989;0.0002
23.11.1989;0.00032
24.11.1989;0.00032
25.11.1989;0.0003
26.11.1989;0.00038
27.11.1989;0.00028
28.11.1989;0.0002
29.11.1989;0.00015
30.11.1989;0.00013
1.12.1989;0.00018
2.12.1989;0.00017
3.12.1989;0.00013
4.12.1989;0.00013
5.12.1989;0.00012
6.12.1989;0.0001
7.12.1989;0.00015
8.12.1989;0.00017
9.12.1989;0.0002
10.12.1989;0.00018
11.12.1989;0.00015
12.12.1989;0.00015
13.12.1989;0.0002
14.12.1989;0.00023
15.12.1989;0.00022
16.12.1989;0.0002
17.12.1989;0.00015
18.12.1989;0.0002
19.12.1989;0.0002
20.12.1989;0.00022
21.12.1989;0.00017
22.12.1989;0.00012
23.12.1989;0.00012
24.12.1989;0.0001
25.12.1989;0.00008
26.12.1989;0.00012
27.12.1989;0.0001
28.12.1989;0.00007
29.12.1989;0.00008
30.12.1989;0.00007
31.12.1989;0.00005
1.01.1990;0.00005
2.01.1990;0.00008
3.01.1990;0.0001
4.01.1990;0.00008
5.01.1990;0.00008
6.01.1990;0.00008
7.01.1990;0.00008
8.01.1990;0.0001
9.01.1990;0.00007
10.01.1990;0.00007
11.01.1990;0.00007
12.01.1990;0.00007
13.01.1990;0.00007
14.01.1990;0.00007
15.01.1990;0.00007
16.01.1990;0.00007
17.01.1990;0.00007
18.01.1990;0.00007
19.01.1990;0.00007
20.01.1990;0.00007
21.01.1990;0.00007
22.01.1990;0.00008
23.01.1990;0.00008
24.01.1990;0.00012
25.01.1990;0.00012
26.01.1990;0.0002
27.01.1990;0.00022
28.01.1990;0.00012
29.01.1990;0.00012
30.01.1990;0.0001
31.01.1990;0.00008
1.02.1990;0.0001
2.02.1990;0.00013
3.02.1990;0.00015
4.02.1990;0.00015
5.02.1990;0.00012
6.02.1990;0.00007
7.02.1990;0.00008
8.02.1990;0.0001
9.02.1990;0.00013
10.02.1990;0.00012
11.02.1990;0.00012
12.02.1990;0.00008
13.02.1990;0.00012
14.02.1990;0.00013
15.02.1990;0.00008
16.02.1990;0.0001
17.02.1990;0.0001
18.02.1990;0.00007
19.02.1990;0.00007
20.02.1990;0.00007
21.02.1990;0.00007
22.02.1990;0.00013
23.02.1990;0.0002
24.02.1990;0.00017
25.02.1990;0.00015
26.02.1990;0.00015
27.02.1990;0.00033
28.02.1990;0.00028
1.03.1990;0.00037
2.03.1990;0.00033
3.03.1990;0.00028
4.03.1990;0.00022
5.03.1990;0.0002
6.03.1990;0.00022
7.03.1990;0.00018
8.03.1990;0.00017
9.03.1990;0.00015
10.03.1990;0.00017
11.03.1990;0.00013
12.03.1990;0.00015
13.03.1990;0.00013
14.03.1990;0.00013
15.03.1990;0.00013
16.03.1990;0.00012
17.03.1990;0.00008
18.03.1990;0.00013
19.03.1990;0.00012
20.03.1990;0.00008
21.03.1990;0.00008
22.03.1990;0.00013
23.03.1990;0.00022
24.03.1990;0.00018
25.03.1990;0.00008
26.03.1990;0.00008
27.03.1990;0.00007
28.03.1990;0.00008
29.03.1990;0.00008
30.03.1990;0.00007
31.03.1990;0.00008
1.04.1990;0.00007
2.04.1990;0.00005
3.04.1990;0.00005
4.04.1990;0.00005
5.04.1990;0.00008
6.04.1990;0.0001
7.04.1990;0.00005
8.04.1990;0.00023
9.04.1990;0.00013
10.04.1990;0.00012
11.04.1990;0.00017
12.04.1990;0.0001
13.04.1990;0.00015
14.04.1990;0.00013
15.04.1990;0.00007
16.04.1990;0.00005
17.04.1990;0.00007
18.04.1990;0.00007
19.04.1990;0.00007
20.04.1990;0.00013
21.04.1990;0.00007
22.04.1990;0.00023
23.04.1990;0.00015
24.04.1990;0.00007
25.04.1990;0.00112
26.04.1990;0.00647
27.04.1990;0.00905
28.04.1990;0.0097
29.04.1990;0.00983
30.04.1990;0.00917
1.05.1990;0.01008
2.05.1990;0.00942
3.05.1990;0.0083
4.05.1990;0.00783
5.05.1990;0.00792
6.05.1990;0.00703
7.05.1990;0.00672
8.05.1990;0.00672
9.05.1990;0.00637
10.05.1990;0.006
11.05.1990;0.00583
12.05.1990;0.00558
13.05.1990;0.00537
14.05.1990;0.0048
15.05.1990;0.0045
16.05.1990;0.0045
17.05.1990;0.00455
18.05.1990;0.00455
19.05.1990;0.0045
20.05.1990;0.0045
21.05.1990;0.00425
22.05.1990;0.00383
23.05.1990;0.0037
24.05.1990;0.00375
25.05.1990;0.00358
26.05.1990;0.00333
27.05.1990;0.00333
28.05.1990;0.00333
29.05.1990;0.00333
30.05.1990;0.00333
31.05.1990;0.00333
1.06.1990;0.00317
2.06.1990;0.00317
3.06.1990;0.00317
4.06.1990;0.00333
5.06.1990;0.003
6.06.1990;0.0027
7.06.1990;0.00255
8.06.1990;0.0025
9.06.1990;0.00247
10.06.1990;0.00233
11.06.1990;0.002
12.06.1990;0.002
13.06.1990;0.002
14.06.1990;0.002
15.06.1990;0.00167
16.06.1990;0.00183
17.06.1990;0.00262
18.06.1990;0.00563
19.06.1990;0.00817
20.06.1990;0.00883
21.06.1990;0.00833
22.06.1990;0.00792
23.06.1990;0.00763
24.06.1990;0.008
25.06.1990;0.00758
26.06.1990;0.00703
27.06.1990;0.00672
28.06.1990;0.00667
29.06.1990;0.00603
30.06.1990;0.00533
1.07.1990;0.00458
2.07.1990;0.00405
3.07.1990;0.00417
4.07.1990;0.00658
5.07.1990;0.00745
6.07.1990;0.00905
7.07.1990;0.00883
8.07.1990;0.01003
9.07.1990;0.01
10.07.1990;0.01008
11.07.1990;0.01105
12.07.1990;0.0105
13.07.1990;0.01137
14.07.1990;0.01147
15.07.1990;0.01117
16.07.1990;0.01142
17.07.1990;0.01033
18.07.1990;0.01003
19.07.1990;0.0098
20.07.1990;0.00858
21.07.1990;0.008
22.07.1990;0.0073
23.07.1990;0.007
24.07.1990;0.00667
25.07.1990;0.00608
26.07.1990;0.00592
27.07.1990;0.00567
28.07.1990;0.00492
29.07.1990;0.00455
30.07.1990;0.00425
31.07.1990;0.00388
1.08.1990;0.00367
2.08.1990;0.00325
3.08.1990;0.00272
4.08.1990;0.00267
5.08.1990;0.00258
6.08.1990;0.00237
7.08.1990;0.0025
8.08.1990;0.0025
9.08.1990;0.00213
10.08.1990;0.00195
11.08.1990;0.00192
12.08.1990;0.00183
13.08.1990;0.00125
14.08.1990;0.00108
15.08.1990;0.001
16.08.1990;0.001
17.08.1990;0.00092
18.08.1990;0.001
19.08.1990;0.00088
20.08.1990;0.00083
21.08.1990;0.00083
22.08.1990;0.00083
23.08.1990;0.00083
24.08.1990;0.00083
25.08.1990;0.00075
26.08.1990;0.00075
27.08.1990;0.00067
28.08.1990;0.00067
29.08.1990;0.00057
30.08.1990;0.00053
31.08.1990;0.00047
1.09.1990;0.00038
2.09.1990;0.00033
3.09.1990;0.00025
4.09.1990;0.00017
5.09.1990;0.00015
6.09.1990;0.00012
7.09.1990;0.00012
8.09.1990;0.00013
9.09.1990;0.00013
10.09.1990;0.00008
11.09.1990;0.00007
12.09.1990;0.00007
13.09.1990;0.00005
14.09.1990;0.00005
15.09.1990;0.00007
16.09.1990;0.0001
17.09.1990;0.00007
18.09.1990;0.00005
19.09.1990;0.00005
20.09.1990;0.00005
21.09.1990;0.00007
22.09.1990;0.00008
23.09.1990;0.00005
24.09.1990;0.00005
25.09.1990;0.00005
26.09.1990;0.00005
27.09.1990;0.00005
28.09.1990;0.00005
29.09.1990;0.00007
30.09.1990;0.00003
1.10.1990;0.00003
2.10.1990;0.00005
3.10.1990;0.00005
4.10.1990;0.00003
5.10.1990;0.00003
6.10.1990;0.00003
7.10.1990;0.00003
8.10.1990;0.00012
9.10.1990;0.0001
10.10.1990;0.00005
11.10.1990;0.00003
12.10.1990;0.00003
13.10.1990;0.00003
14.10.1990;0.00002
15.10.1990;0.00003
16.10.1990;0.00005
17.10.1990;0.00005
18.10.1990;0.00003
19.10.1990;0.00003
20.10.1990;0.00003
21.10.1990;0.00003
22.10.1990;0.00003
23.10.1990;0.00003
24.10.1990;0.00002
25.10.1990;0.00002
26.10.1990;0.00002
27.10.1990;0.00003
28.10.1990;0.00003
29.10.1990;0.00005
30.10.1990;0.0015
31.10.1990;0.0007
1.11.1990;0.00055
2.11.1990;0.0005
3.11.1990;0.00032
4.11.1990;0.00043
5.11.1990;0.00027
6.11.1990;0.00025
7.11.1990;0.00025
8.11.1990;0.0002
9.11.1990;0.00018
10.11.1990;0.00017
11.11.1990;0.00013
12.11.1990;0.00008
13.11.1990;0.00008
14.11.1990;0.00008
15.11.1990;0.00008
16.11.1990;0.00008
17.11.1990;0.00008
18.11.1990;0.00022
19.11.1990;0.00015
20.11.1990;0.00017
21.11.1990;0.00017
22.11.1990;0.00017
23.11.1990;0.00017
24.11.1990;0.00035
25.11.1990;0.00058
26.11.1990;0.00098
27.11.1990;0.0023
28.11.1990;0.00745
29.11.1990;0.01258
30.11.1990;0.01358
1.12.1990;0.01328
2.12.1990;0.01272
3.12.1990;0.01188
4.12.1990;0.01217
5.12.1990;0.01167
6.12.1990;0.01133
7.12.1990;0.01088
8.12.1990;0.01047
9.12.1990;0.00925
10.12.1990;0.00883
11.12.1990;0.01033
12.12.1990;0.01305
13.12.1990;0.01708
14.12.1990;0.0205
15.12.1990;0.01997
16.12.1990;0.01855
17.12.1990;0.01725
18.12.1990;0.01597
19.12.1990;0.01475
20.12.1990;0.01292
21.12.1990;0.01313
22.12.1990;0.0125
23.12.1990;0.01133
24.12.1990;0.01125
25.12.1990;0.01083
26.12.1990;0.01037
27.12.1990;0.0102
28.12.1990;0.00958
29.12.1990;0.00903
30.12.1990;0.0085
31.12.1990;0.00825
1.01.1991;0.00833
2.01.1991;0.00797
3.01.1991;0.00758
4.01.1991;0.0075
5.01.1991;0.0075
6.01.1991;0.00733
7.01.1991;0.00717
8.01.1991;0.00705
9.01.1991;0.00692
10.01.1991;0.00675
11.01.1991;0.00658
12.01.1991;0.00695
13.01.1991;0.00817
14.01.1991;0.00842
15.01.1991;0.00983
16.01.1991;0.00988
17.01.1991;0.0105
18.01.1991;0.01058
19.01.1991;0.0105
20.01.1991;0.01033
21.01.1991;0.0108
22.01.1991;0.01025
23.01.1991;0.01017
24.01.1991;0.01
25.01.1991;0.0095
26.01.1991;0.00992
27.01.1991;0.00967
28.01.1991;0.00963
29.01.1991;0.0085
30.01.1991;0.00833
31.01.1991;0.008
1.02.1991;0.008
2.02.1991;0.0075
3.02.1991;0.0075
4.02.1991;0.00758
5.02.1991;0.0075
6.02.1991;0.0075
7.02.1991;0.00742
8.02.1991;0.0068
9.02.1991;0.00633
10.02.1991;0.0065
11.02.1991;0.006
12.02.1991;0.00583
13.02.1991;0.00583
14.02.1991;0.00537
15.02.1991;0.005
16.02.1991;0.00467
17.02.1991;0.00467
18.02.1991;0.00463
19.02.1991;0.0045
20.02.1991;0.0045
21.02.1991;0.0045
22.02.1991;0.00417
23.02.1991;0.00417
24.02.1991;0.0045
25.02.1991;0.00513
26.02.1991;0.00488
27.02.1991;0.005
28.02.1991;0.00555
1.03.1991;0.00583
2.03.1991;0.00608
3.03.1991;0.00628
4.03.1991;0.00583
5.03.1991;0.00558
6.03.1991;0.0068
7.03.1991;0.00758
8.03.1991;0.008
9.03.1991;0.00925
10.03.1991;0.01447
11.03.1991;0.01888
12.03.1991;0.03178
13.03.1991;0.06688
14.03.1991;0.07167
15.03.1991;0.08167
16.03.1991;0.08728
17.03.1991;0.08063
18.03.1991;0.07167
19.03.1991;0.06437
20.03.1991;0.0598
21.03.1991;0.05272
22.03.1991;0.05
23.03.1991;0.045
24.03.1991;0.04125
25.03.1991;0.03875
26.03.1991;0.03638
27.03.1991;0.0348
28.03.1991;0.03222
29.03.1991;0.0283
30.03.1991;0.025
31.03.1991;0.02408
1.04.1991;0.0223
2.04.1991;0.022
3.04.1991;0.02033
4.04.1991;0.01867
5.04.1991;0.017
6.04.1991;0.01758
7.04.1991;0.01555
8.04.1991;0.01463
9.04.1991;0.01438
10.04.1991;0.01397
11.04.1991;0.01333
12.04.1991;0.01388
13.04.1991;0.01375
14.04.1991;0.01333
15.04.1991;0.01355
16.04.1991;0.01333
17.04.1991;0.01333
18.04.1991;0.01272
19.04.1991;0.01563
20.04.1991;0.0298
21.04.1991;0.03688
22.04.1991;0.03833
23.04.1991;0.03833
24.04.1991;0.03792
25.04.1991;0.03708
26.04.1991;0.03563
27.04.1991;0.03333
28.04.1991;0.03042
29.04.1991;0.02842
30.04.1991;0.02625
1.05.1991;0.02542
2.05.1991;0.02417
3.05.1991;0.02333
4.05.1991;0.02333
5.05.1991;0.02417
6.05.1991;0.0248
7.05.1991;0.02522
8.05.1991;0.02583
9.05.1991;0.02542
10.05.1991;0.02563
11.05.1991;0.025
12.05.1991;0.02375
13.05.1991;0.02313
14.05.1991;0.02188
15.05.1991;0.02105
16.05.1991;0.02022
17.05.1991;0.01958
18.05.1991;0.01958
19.05.1991;0.02772
20.05.1991;0.06897
21.05.1991;0.10167
22.05.1991;0.09563
23.05.1991;0.08458
24.05.1991;0.07355
25.05.1991;0.06438
26.05.1991;0.05833
27.05.1991;0.05125
28.05.1991;0.04875
29.05.1991;0.04438
30.05.1991;0.04125
31.05.1991;0.03605
1.06.1991;0.03605
2.06.1991;0.03292
3.06.1991;0.02917
4.06.1991;0.02772
5.06.1991;0.02542
6.06.1991;0.02272
7.06.1991;0.0225
8.06.1991;0.02125
9.06.1991;0.01897
10.06.1991;0.01875
11.06.1991;0.0175
12.06.1991;0.01625
13.06.1991;0.01542
14.06.1991;0.0148
15.06.1991;0.01417
16.06.1991;0.01333
17.06.1991;0.01375
18.06.1991;0.01383
19.06.1991;0.01347
20.06.1991;0.01333
21.06.1991;0.01272
22.06.1991;0.0125
23.06.1991;0.01213
24.06.1991;0.01167
25.06.1991;0.01117
26.06.1991;0.01083
27.06.1991;0.01067
28.06.1991;0.01117
29.06.1991;0.00947
30.06.1991;0.00855
1.07.1991;0.00825
2.07.1991;0.00833
3.07.1991;0.00833
4.07.1991;0.00783
5.07.1991;0.00775
6.07.1991;0.0075
7.07.1991;0.00758
8.07.1991;0.0075
9.07.1991;0.00722
10.07.1991;0.00742
11.07.1991;0.007
12.07.1991;0.00667
13.07.1991;0.00688
14.07.1991;0.00667
15.07.1991;0.0075
16.07.1991;0.00667
17.07.1991;0.00667
18.07.1991;0.00655
19.07.1991;0.00608
20.07.1991;0.00583
21.07.1991;0.0055
22.07.1991;0.00537
23.07.1991;0.00467
24.07.1991;0.0045
25.07.1991;0.0045
26.07.1991;0.0045
27.07.1991;0.00475
28.07.1991;0.00492
29.07.1991;0.00483
30.07.1991;0.00412
31.07.1991;0.00383
1.08.1991;0.00397
2.08.1991;0.00458
3.08.1991;0.00483
4.08.1991;0.005
5.08.1991;0.00517
6.08.1991;0.00483
7.08.1991;0.00467
8.08.1991;0.00458
9.08.1991;0.00442
10.08.1991;0.00417
11.08.1991;0.00453
12.08.1991;0.00472
13.08.1991;0.00463
14.08.1991;0.00458
15.08.1991;0.006
16.08.1991;0.00808
17.08.1991;0.00417
18.08.1991;0.00417
19.08.1991;0.0037
20.08.1991;0.00438
21.08.1991;0.00383
22.08.1991;0.00383
23.08.1991;0.00383
24.08.1991;0.00367
25.08.1991;0.00333
26.08.1991;0.00333
27.08.1991;0.00333
28.08.1991;0.003
29.08.1991;0.003
30.08.1991;0.003
31.08.1991;0.00283
1.09.1991;0.00258
2.09.1991;0.0025
3.09.1991;0.00292
4.09.1991;0.003
5.09.1991;0.003
6.09.1991;0.003
7.09.1991;0.003
8.09.1991;0.003
9.09.1991;0.00287
10.09.1991;0.0025
11.09.1991;0.00233
12.09.1991;0.00233
13.09.1991;0.002
14.09.1991;0.00158
15.09.1991;0.00142
16.09.1991;0.00108
17.09.1991;0.00117
18.09.1991;0.00117
19.09.1991;0.00108
20.09.1991;0.00108
21.09.1991;0.00108
22.09.1991;0.00108
23.09.1991;0.00125
24.09.1991;0.00158
25.09.1991;0.00142
26.09.1991;0.00133
27.09.1991;0.00133
28.09.1991;0.00133
29.09.1991;0.00133
30.09.1991;0.0012
1.10.1991;0.00117
2.10.1991;0.00117
3.10.1991;0.00117
4.10.1991;0.00108
5.10.1991;0.001
6.10.1991;0.001
7.10.1991;0.001
8.10.1991;0.001
9.10.1991;0.00092
10.10.1991;0.00105
11.10.1991;0.00108
12.10.1991;0.00153
13.10.1991;0.0025
14.10.1991;0.00417
15.10.1991;0.005
16.10.1991;0.005
17.10.1991;0.005
18.10.1991;0.005
19.10.1991;0.00492
20.10.1991;0.00483
21.10.1991;0.00425
22.10.1991;0.004
23.10.1991;0.004
24.10.1991;0.004
25.10.1991;0.004
26.10.1991;0.00367
27.10.1991;0.00333
28.10.1991;0.00333
29.10.1991;0.003
30.10.1991;0.003
31.10.1991;0.003
1.11.1991;0.00292
2.11.1991;0.00283
3.11.1991;0.00283
4.11.1991;0.00283
5.11.1991;0.00347
6.11.1991;0.0038
7.11.1991;0.00408
8.11.1991;0.00472
9.11.1991;0.005
10.11.1991;0.005
11.11.1991;0.005
12.11.1991;0.005
13.11.1991;0.00517
14.11.1991;0.0058
15.11.1991;0.00692
16.11.1991;0.00817
17.11.1991;0.01467
18.11.1991;0.05375
19.11.1991;0.06708
20.11.1991;0.05292
21.11.1991;0.04375
22.11.1991;0.03958
23.11.1991;0.03833
24.11.1991;0.04105
25.11.1991;0.04542
26.11.1991;0.04272
27.11.1991;0.04
28.11.1991;0.03792
29.11.1991;0.03605
30.11.1991;0.03417
1.12.1991;0.03147
2.12.1991;0.02688
3.12.1991;0.02417
4.12.1991;0.02292
5.12.1991;0.0223
6.12.1991;0.02063
7.12.1991;0.01833
8.12.1991;0.01792
9.12.1991;0.01667
10.12.1991;0.01647
11.12.1991;0.01542
12.12.1991;0.015
13.12.1991;0.01433
14.12.1991;0.01433
15.12.1991;0.01383
16.12.1991;0.01242
17.12.1991;0.01117
18.12.1991;0.01092
19.12.1991;0.01097
20.12.1991;0.01067
21.12.1991;0.01038
22.12.1991;0.01017
23.12.1991;0.01005
24.12.1991;0.00922
25.12.1991;0.00833
26.12.1991;0.00825
27.12.1991;0.00783
28.12.1991;0.00775
29.12.1991;0.0075
30.12.1991;0.00713
31.12.1991;0.00667
1.01.1992;0.00667
2.01.1992;0.00667
3.01.1992;0.00667
4.01.1992;0.00667
5.01.1992;0.00667
6.01.1992;0.00667
7.01.1992;0.00633
8.01.1992;0.00583
9.01.1992;0.00583
10.01.1992;0.005
11.01.1992;0.00467
12.01.1992;0.00467
13.01.1992;0.00467
14.01.1992;0.00467
15.01.1992;0.00467
16.01.1992;0.0045
17.01.1992;0.0045
18.01.1992;0.00433
19.01.1992;0.00417
20.01.1992;0.00417
21.01.1992;0.00417
22.01.1992;0.004
23.01.1992;0.00383
24.01.1992;0.00333
25.01.1992;0.00333
26.01.1992;0.00333
27.01.1992;0.00333
28.01.1992;0.00333
29.01.1992;0.00333
30.01.1992;0.00283
31.01.1992;0.003
1.02.1992;0.003
2.02.1992;0.003
3.02.1992;0.00333
4.02.1992;0.00333
5.02.1992;0.00333
6.02.1992;0.003
7.02.1992;0.00283
8.02.1992;0.00283
9.02.1992;0.00283
10.02.1992;0.00283
11.02.1992;0.003
12.02.1992;0.003
13.02.1992;0.00283
14.02.1992;0.00283
15.02.1992;0.00267
16.02.1992;0.00267
17.02.1992;0.00333
18.02.1992;0.0045
19.02.1992;0.005
20.02.1992;0.00763
21.02.1992;0.0075
22.02.1992;0.0075
23.02.1992;0.008
24.02.1992;0.00917
25.02.1992;0.00883
26.02.1992;0.00833
27.02.1992;0.00833
28.02.1992;0.008
29.02.1992;0.008
1.03.1992;0.00833
2.03.1992;0.008
3.03.1992;0.008
4.03.1992;0.008
5.03.1992;0.00767
6.03.1992;0.0075
7.03.1992;0.0075
8.03.1992;0.0075
9.03.1992;0.00783
10.03.1992;0.00767
11.03.1992;0.00767
12.03.1992;0.00717
13.03.1992;0.00717
14.03.1992;0.0075
15.03.1992;0.008
16.03.1992;0.008
17.03.1992;0.0075
18.03.1992;0.00717
19.03.1992;0.007
20.03.1992;0.00667
21.03.1992;0.00667
22.03.1992;0.00667
23.03.1992;0.00667
24.03.1992;0.00717
25.03.1992;0.01022
26.03.1992;0.01375
27.03.1992;0.02917
28.03.1992;0.05
29.03.1992;0.04833
30.03.1992;0.045
31.03.1992;0.0425
1.04.1992;0.04167
2.04.1992;0.03833
3.04.1992;0.03583
4.04.1992;0.03417
5.04.1992;0.03333
6.04.1992;0.03167
7.04.1992;0.03167
8.04.1992;0.03167
9.04.1992;0.02917
10.04.1992;0.0275
11.04.1992;0.02667
12.04.1992;0.02667
13.04.1992;0.025
14.04.1992;0.025
15.04.1992;0.02333
16.04.1992;0.0225
17.04.1992;0.02083
18.04.1992;0.02
19.04.1992;0.01917
20.04.1992;0.01917
21.04.1992;0.0175
22.04.1992;0.0175
23.04.1992;0.01667
24.04.1992;0.015
25.04.1992;0.015
26.04.1992;0.01333
27.04.1992;0.015
28.04.1992;0.01417
29.04.1992;0.01417
30.04.1992;0.01417
1.05.1992;0.01333
2.05.1992;0.0125
3.05.1992;0.013
4.05.1992;0.01333
5.05.1992;0.01333
6.05.1992;0.01417
7.05.1992;0.01333
8.05.1992;0.01383
9.05.1992;0.01333
10.05.1992;0.01417
11.05.1992;0.01417
12.05.1992;0.01417
13.05.1992;0.01417
14.05.1992;0.01417
15.05.1992;0.01333
16.05.1992;0.01333
17.05.1992;0.0125
18.05.1992;0.01167
19.05.1992;0.01167
20.05.1992;0.01083
21.05.1992;0.01083
22.05.1992;0.01033
23.05.1992;0.01
24.05.1992;0.01
25.05.1992;0.01083
26.05.1992;0.01083
27.05.1992;0.01033
28.05.1992;0.01033
29.05.1992;0.01
30.05.1992;0.01
31.05.1992;0.01
1.06.1992;0.00917
2.06.1992;0.00917
3.06.1992;0.00867
4.06.1992;0.00833
5.06.1992;0.00833
6.06.1992;0.00833
7.06.1992;0.00833
8.06.1992;0.00833
9.06.1992;0.0075
10.06.1992;0.0075
11.06.1992;0.00717
12.06.1992;0.00717
13.06.1992;0.00717
14.06.1992;0.00717
15.06.1992;0.00667
16.06.1992;0.00583
17.06.1992;0.00583
18.06.1992;0.00583
19.06.1992;0.00583
20.06.1992;0.00583
21.06.1992;0.005
22.06.1992;0.005
23.06.1992;0.0045
24.06.1992;0.0045
25.06.1992;0.0045
26.06.1992;0.0045
27.06.1992;0.0045
28.06.1992;0.0045
29.06.1992;0.00433
30.06.1992;0.00417
1.07.1992;0.00417
2.07.1992;0.00417
3.07.1992;0.00367
4.07.1992;0.00367
5.07.1992;0.00367
6.07.1992;0.00333
7.07.1992;0.00333
8.07.1992;0.00333
9.07.1992;0.00333
10.07.1992;0.00333
11.07.1992;0.00333
12.07.1992;0.00333
13.07.1992;0.00447
14.07.1992;0.00283
15.07.1992;0.00333
16.07.1992;0.003
17.07.1992;0.00267
18.07.1992;0.00267
19.07.1992;0.0025
20.07.1992;0.00217
21.07.1992;0.00217
22.07.1992;0.00217
23.07.1992;0.00217
24.07.1992;0.00217
25.07.1992;0.002
26.07.1992;0.002
27.07.1992;0.00167
28.07.1992;0.00167
29.07.1992;0.00167
30.07.1992;0.00167
31.07.1992;0.00167
1.08.1992;0.00167
2.08.1992;0.00167
3.08.1992;0.00167
4.08.1992;0.00167
5.08.1992;0.00167
6.08.1992;0.00133
7.08.1992;0.00133
8.08.1992;0.00133
9.08.1992;0.00133
10.08.1992;0.00125
11.08.1992;0.00125
12.08.1992;0.00125
13.08.1992;0.00117
14.08.1992;0.00117
15.08.1992;0.00117
16.08.1992;0.001
17.08.1992;0.00092
18.08.1992;0.00092
19.08.1992;0.00092
20.08.1992;0.00083
21.08.1992;0.00083
22.08.1992;0.00083
23.08.1992;0.00075
24.08.1992;0.00067
25.08.1992;0.00058
26.08.1992;0.00058
27.08.1992;0.0005
28.08.1992;0.0005
29.08.1992;0.0005
30.08.1992;0.0005
31.08.1992;0.0005
1.09.1992;0.0005
2.09.1992;0.0005
3.09.1992;0.0005
4.09.1992;0.00058
5.09.1992;0.00075
6.09.1992;0.00067
7.09.1992;0.0005
8.09.1992;0.0005
9.09.1992;0.0005
10.09.1992;0.0005
11.09.1992;0.0005
12.09.1992;0.00033
13.09.1992;0.00058
14.09.1992;0.00063
15.09.1992;0.0007
16.09.1992;0.0005
17.09.1992;0.0005
18.09.1992;0.0005
19.09.1992;0.0005
20.09.1992;0.00042
21.09.1992;0.00042
22.09.1992;0.00042
23.09.1992;0.00033
24.09.1992;0.00033
25.09.1992;0.00042
26.09.1992;0.00042
27.09.1992;0.00058
28.09.1992;0.0005
29.09.1992;0.00075
30.09.1992;0.00092
1.10.1992;0.00083
2.10.1992;0.00075
3.10.1992;0.00075
4.10.1992;0.00075
5.10.1992;0.00067
6.10.1992;0.0005
7.10.1992;0.00042
8.10.1992;0.00042
9.10.1992;0.00042
10.10.1992;0.00033
11.10.1992;0.00033
12.10.1992;0.00033
13.10.1992;0.0005
14.10.1992;0.00042
15.10.1992;0.00042
16.10.1992;0.00042
17.10.1992;0.00033
18.10.1992;0.00047
19.10.1992;0.00033
20.10.1992;0.00033
21.10.1992;0.00047
22.10.1992;0.0006
23.10.1992;0.00042
24.10.1992;0.00042
25.10.1992;0.00042
26.10.1992;0.00043
27.10.1992;0.00033
28.10.1992;0.00033
29.10.1992;0.00033
30.10.1992;0.00033
31.10.1992;0.00033
1.11.1992;0.00033
2.11.1992;0.00033
3.11.1992;0.00033
4.11.1992;0.00033
5.11.1992;0.00033
6.11.1992;0.00033
7.11.1992;0.00033
8.11.1992;0.00033
9.11.1992;0.00033
10.11.1992;0.0003
11.11.1992;0.0003
12.11.1992;0.0003
13.11.1992;0.0003
14.11.1992;0.0003
15.11.1992;0.0003
16.11.1992;0.0003
17.11.1992;0.00075
18.11.1992;0.00113
19.11.1992;0.00117
20.11.1992;0.00117
21.11.1992;0.001
22.11.1992;0.00075
23.11.1992;0.0005
24.11.1992;0.00042
25.11.1992;0.00042
26.11.1992;0.00042
27.11.1992;0.00042
28.11.1992;0.00033
29.11.1992;0.00033
30.11.1992;0.00033
1.12.1992;0.00042
2.12.1992;0.00042
3.12.1992;0.00042
4.12.1992;0.00042
5.12.1992;0.00042
6.12.1992;0.00042
7.12.1992;0.00042
8.12.1992;0.00042
9.12.1992;0.00042
10.12.1992;0.00042
11.12.1992;0.00042
12.12.1992;0.00042
13.12.1992;0.00042
14.12.1992;0.00042
15.12.1992;0.00042
16.12.1992;0.00042
17.12.1992;0.00042
18.12.1992;0.00042
19.12.1992;0.00033
20.12.1992;0.00033
21.12.1992;0.00033
22.12.1992;0.00033
23.12.1992;0.00033
24.12.1992;0.00033
25.12.1992;0.00033
26.12.1992;0.00033
27.12.1992;0.00033
28.12.1992;0.00033
29.12.1992;0.00033
30.12.1992;0.00033
31.12.1992;0.00033
1.01.1993;0.00028
2.01.1993;0.00028
3.01.1993;0.00028
4.01.1993;0.00028
5.01.1993;0.00028
6.01.1993;0.00028
7.01.1993;0.00028
8.01.1993;0.00028
9.01.1993;0.0002
10.01.1993;0.00012
11.01.1993;0.00017
12.01.1993;0.00015
13.01.1993;0.00022
14.01.1993;0.00022
15.01.1993;0.00025
16.01.1993;0.00025
17.01.1993;0.00022
18.01.1993;0.00017
19.01.1993;0.00013
20.01.1993;0.00013
21.01.1993;0.00013
22.01.1993;0.00013
23.01.1993;0.00013
24.01.1993;0.00013
25.01.1993;0.00013
26.01.1993;0.00013
27.01.1993;0.00017
28.01.1993;0.00013
29.01.1993;0.00008
30.01.1993;0.00008
31.01.1993;0.00008
1.02.1993;0.00007
2.02.1993;0.00007
3.02.1993;0.00007
4.02.1993;0.00007
5.02.1993;0.00007
6.02.1993;0.00007
7.02.1993;0.00007
8.02.1993;0.00007
9.02.1993;0.00008
10.02.1993;0.00008
11.02.1993;0.00008
12.02.1993;0.00008
13.02.1993;0.00007
14.02.1993;0.00007
15.02.1993;0.00007
16.02.1993;0.00007
17.02.1993;0.00007
18.02.1993;0.00007
19.02.1993;0.00007
20.02.1993;0.00007
21.02.1993;0.00007
22.02.1993;0.00007
23.02.1993;0.00008
24.02.1993;0.00008
25.02.1993;0.00007
26.02.1993;0.00007
27.02.1993;0.00007
28.02.1993;0.00007
1.03.1993;0.00007
2.03.1993;0.00005
3.03.1993;0.00005
4.03.1993;0.00007
5.03.1993;0.00007
6.03.1993;0.00005
7.03.1993;0.00007
8.03.1993;0.00007
9.03.1993;0.00007
10.03.1993;0.0001
11.03.1993;0.0001
12.03.1993;0.00015
13.03.1993;0.00015
14.03.1993;0.0001
15.03.1993;0.00005
16.03.1993;0.00007
17.03.1993;0.00007
18.03.1993;0.00007
19.03.1993;0.00013
20.03.1993;0.00018
21.03.1993;0.00017
22.03.1993;0.00015
23.03.1993;0.00007
24.03.1993;0.00007
25.03.1993;0.00007
26.03.1993;0.00008
27.03.1993;0.0001
28.03.1993;0.0001
29.03.1993;0.00012
30.03.1993;0.0001
31.03.1993;0.00017
1.04.1993;0.00033
2.04.1993;0.0005
3.04.1993;0.0006
4.04.1993;0.0005
5.04.1993;0.00047
6.04.1993;0.0005
7.04.1993;0.0005
8.04.1993;0.0006
9.04.1993;0.00328
10.04.1993;0.00775
11.04.1993;0.00833
12.04.1993;0.00833
13.04.1993;0.00833
14.04.1993;0.00775
15.04.1993;0.00833
16.04.1993;0.00725
17.04.1993;0.00687
18.04.1993;0.00655
19.04.1993;0.00683
20.04.1993;0.0063
21.04.1993;0.00592
22.04.1993;0.00533
23.04.1993;0.00508
24.04.1993;0.00483
25.04.1993;0.00467
26.04.1993;0.00455
27.04.1993;0.00455
28.04.1993;0.0045
29.04.1993;0.0045
30.04.1993;0.0042
1.05.1993;0.00417
2.05.1993;0.00413
3.05.1993;0.00408
4.05.1993;0.0035
5.05.1993;0.00333
6.05.1993;0.00333
7.05.1993;0.00333
8.05.1993;0.00258
9.05.1993;0.00262
10.05.1993;0.00333
11.05.1993;0.00262
12.05.1993;0.0025
13.05.1993;0.0025
14.05.1993;0.0025
15.05.1993;0.00217
16.05.1993;0.002
17.05.1993;0.00183
18.05.1993;0.00167
19.05.1993;0.00157
20.05.1993;0.0016
21.05.1993;0.0015
22.05.1993;0.00143
23.05.1993;0.00142
24.05.1993;0.00125
25.05.1993;0.00108
26.05.1993;0.001
27.05.1993;0.001
28.05.1993;0.001
29.05.1993;0.00083
30.05.1993;0.00083
31.05.1993;0.00083
1.06.1993;0.00075
2.06.1993;0.00075
3.06.1993;0.00067
4.06.1993;0.00058
5.06.1993;0.0005
6.06.1993;0.00033
7.06.1993;0.00033
8.06.1993;0.00025
9.06.1993;0.00025
10.06.1993;0.00017
11.06.1993;0.00017
12.06.1993;0.00017
13.06.1993;0.00013
14.06.1993;0.00013
15.06.1993;0.00008
16.06.1993;0.00008
17.06.1993;0.00008
18.06.1993;0.00013
19.06.1993;0.00008
20.06.1993;0.00005
21.06.1993;0.00005
22.06.1993;0.00005
23.06.1993;0.00005
24.06.1993;0.00025
25.06.1993;0.00008
26.06.1993;0.00005
27.06.1993;0.00005
28.06.1993;0.00013
29.06.1993;0.00017
30.06.1993;0.00013
1.07.1993;0.00083
2.07.1993;0.00017
3.07.1993;0.00008
4.07.1993;0.00008
5.07.1993;0.00005
6.07.1993;0.00005
7.07.1993;0.00005
8.07.1993;0.00003
9.07.1993;0.00003
10.07.1993;0
11.07.1993;0
12.07.1993;0
13.07.1993;0
14.07.1993;0
15.07.1993;0
16.07.1993;0
17.07.1993;0.00005
18.07.1993;0
19.07.1993;0
20.07.1993;0
21.07.1993;0
22.07.1993;0
23.07.1993;0
24.07.1993;0
25.07.1993;0
26.07.1993;0
27.07.1993;0
28.07.1993;0
29.07.1993;0
30.07.1993;0
31.07.1993;0
1.08.1993;0
2.08.1993;0
3.08.1993;0
4.08.1993;0
5.08.1993;0
6.08.1993;0
7.08.1993;0
8.08.1993;0
9.08.1993;0
10.08.1993;0
11.08.1993;0
12.08.1993;0
13.08.1993;0
14.08.1993;0
15.08.1993;0
16.08.1993;0
17.08.1993;0
18.08.1993;0
19.08.1993;0
20.08.1993;0
21.08.1993;0
22.08.1993;0
23.08.1993;0
24.08.1993;0
25.08.1993;0
26.08.1993;0
27.08.1993;0
28.08.1993;0
29.08.1993;0
30.08.1993;0
31.08.1993;0
1.09.1993;0
2.09.1993;0
3.09.1993;0
4.09.1993;0
5.09.1993;0
6.09.1993;0
7.09.1993;0
8.09.1993;0
9.09.1993;0
10.09.1993;0
11.09.1993;0
12.09.1993;0
13.09.1993;0
14.09.1993;0
15.09.1993;0
16.09.1993;0
17.09.1993;0
18.09.1993;0
19.09.1993;0
20.09.1993;0
21.09.1993;0
22.09.1993;0
23.09.1993;0
24.09.1993;0
25.09.1993;0
26.09.1993;0
27.09.1993;0
28.09.1993;0
29.09.1993;0
30.09.1993;0
1.10.1993;0
2.10.1993;0
3.10.1993;0
4.10.1993;0.00025
5.10.1993;0
6.10.1993;0
7.10.1993;0
8.10.1993;0
9.10.1993;0
10.10.1993;0
11.10.1993;0
12.10.1993;0
13.10.1993;0
14.10.1993;0
15.10.1993;0
16.10.1993;0.00022
17.10.1993;0
18.10.1993;0
19.10.1993;0
20.10.1993;0
21.10.1993;0
22.10.1993;0
23.10.1993;0
24.10.1993;0
25.10.1993;0
26.10.1993;0
27.10.1993;0
28.10.1993;0
29.10.1993;0
30.10.1993;0
31.10.1993;0
1.11.1993;0
2.11.1993;0
3.11.1993;0
4.11.1993;0
5.11.1993;0.00005
6.11.1993;0.0001
7.11.1993;0
8.11.1993;0
9.11.1993;0
10.11.1993;0
11.11.1993;0
12.11.1993;0
13.11.1993;0
14.11.1993;0
15.11.1993;0
16.11.1993;0
17.11.1993;0
18.11.1993;0
19.11.1993;0
20.11.1993;0
21.11.1993;0
22.11.1993;0
23.11.1993;0
24.11.1993;0
25.11.1993;0
26.11.1993;0
27.11.1993;0
28.11.1993;0
29.11.1993;0
30.11.1993;0
1.12.1993;0
2.12.1993;0
3.12.1993;0
4.12.1993;0
5.12.1993;0
6.12.1993;0
7.12.1993;0
8.12.1993;0
9.12.1993;0
10.12.1993;0
11.12.1993;0
12.12.1993;0
13.12.1993;0
14.12.1993;0
15.12.1993;0.00055
16.12.1993;0.0015
17.12.1993;0.00155
18.12.1993;0.00083
19.12.1993;0.00083
20.12.1993;0.00083
21.12.1993;0.00108
22.12.1993;0.00458
23.12.1993;0.00763
24.12.1993;0.00878
25.12.1993;0.00967
26.12.1993;0.01042
27.12.1993;0.01263
28.12.1993;0.01333
29.12.1993;0.01333
30.12.1993;0.01333
31.12.1993;0.01333
1.01.1994;0.0125
2.01.1994;0.012
3.01.1994;0.012
4.01.1994;0.01125
5.01.1994;0.01397
6.01.1994;0.0227
7.01.1994;0.03742
8.01.1994;0.03958
9.01.1994;0.03667
10.01.1994;0.03583
11.01.1994;0.035
12.01.1994;0.03333
13.01.1994;0.03458
14.01.1994;0.035
15.01.1994;0.03433
16.01.1994;0.03242
17.01.1994;0.02958
18.01.1994;0.0245
19.01.1994;0.02205
20.01.1994;0.02042
21.01.1994;0.02
22.01.1994;0.018
23.01.1994;0.01808
24.01.1994;0.01667
25.01.1994;0.01647
26.01.1994;0.01647
27.01.1994;0.01367
28.01.1994;0.01375
29.01.1994;0.01333
30.01.1994;0.013
31.01.1994;0.01333
1.02.1994;0.01125
2.02.1994;0.01
3.02.1994;0.01
4.02.1994;0.01013
5.02.1994;0.00833
6.02.1994;0.00833
7.02.1994;0.00833
8.02.1994;0.00833
9.02.1994;0.00833
10.02.1994;0.00833
11.02.1994;0.00833
12.02.1994;0.00833
13.02.1994;0.00833
14.02.1994;0.00833
15.02.1994;0.00767
16.02.1994;0.007
17.02.1994;0.007
18.02.1994;0.007
19.02.1994;0.007
20.02.1994;0.007
21.02.1994;0.0077
22.02.1994;0.0077
23.02.1994;0.0077
24.02.1994;0.0077
25.02.1994;0.0077
26.02.1994;0.0077
27.02.1994;0.0077
28.02.1994;0.0075
1.03.1994;0.00667
2.03.1994;0.00667
3.03.1994;0.00667
4.03.1994;0.00667
5.03.1994;0.00667
6.03.1994;0.00667
7.03.1994;0.0065
8.03.1994;0.00633
9.03.1994;0.00617
10.03.1994;0.006
11.03.1994;0.00583
12.03.1994;0.00583
13.03.1994;0.00583
14.03.1994;0.00583
15.03.1994;0.00583
16.03.1994;0.00583
17.03.1994;0.00567
18.03.1994;0.0055
19.03.1994;0.00533
20.03.1994;0.005
21.03.1994;0.005
22.03.1994;0.005
23.03.1994;0.005
24.03.1994;0.005
25.03.1994;0.005
26.03.1994;0.005
27.03.1994;0.005
28.03.1994;0.005
29.03.1994;0.005
30.03.1994;0.005
31.03.1994;0.005
1.04.1994;0.005
2.04.1994;0.005
3.04.1994;0.00583
4.04.1994;0.0075
5.04.1994;0.01158
6.04.1994;0.01325
7.04.1994;0.015
8.04.1994;0.015
9.04.1994;0.01692
10.04.1994;0.02187
11.04.1994;0.01917
12.04.1994;0.0145
13.04.1994;0.06708
14.04.1994;0.08167
15.04.1994;0.06792
16.04.1994;0.055
17.04.1994;0.04875
18.04.1994;0.05042
19.04.1994;0.06625
20.04.1994;0.07667
21.04.1994;0.07667
22.04.1994;0.07417
23.04.1994;0.06167
24.04.1994;0.055
25.04.1994;0.05083
26.04.1994;0.045
27.04.1994;0.04
28.04.1994;0.03853
29.04.1994;0.03667
30.04.1994;0.035
1.05.1994;0.0325
2.05.1994;0.02917
3.05.1994;0.02667
4.05.1994;0.025
5.05.1994;0.02333
6.05.1994;0.02333
7.05.1994;0.01853
8.05.1994;0.01825
9.05.1994;0.01755
10.05.1994;0.01588
11.05.1994;0.01505
12.05.1994;0.01517
13.05.1994;0.01492
14.05.1994;0.0148
15.05.1994;0.01447
16.05.1994;0.01375
17.05.1994;0.01342
18.05.1994;0.01363
19.05.1994;0.01605
20.05.1994;0.01375
21.05.1994;0.01458
22.05.1994;0.01863
23.05.1994;0.01875
24.05.1994;0.017
25.05.1994;0.0175
26.05.1994;0.02
27.05.1994;0.27563
28.05.1994;0.02833
29.05.1994;0.02917
30.05.1994;0.02917
31.05.1994;0.02833
1.06.1994;0.02833
2.06.1994;0.02833
3.06.1994;0.02667
4.06.1994;0.02583
5.06.1994;0.02333
6.06.1994;0.02175
7.06.1994;0.01833
8.06.1994;0.01833
9.06.1994;0.01833
10.06.1994;0.01833
11.06.1994;0.01833
12.06.1994;0.01833
13.06.1994;0.01833
14.06.1994;0.01333
15.06.1994;0.01317
16.06.1994;0.01183
17.06.1994;0.01267
18.06.1994;0.012
19.06.1994;0.01183
20.06.1994;0.01167
21.06.1994;0.01167
22.06.1994;0.01167
23.06.1994;0.01167
24.06.1994;0.01167
25.06.1994;0.01167
26.06.1994;0.01167
27.06.1994;0.01083
28.06.1994;0.01
29.06.1994;0.01
30.06.1994;0.01
1.07.1994;0.00933
2.07.1994;0.009
3.07.1994;0.00867
4.07.1994;0.0075
5.07.1994;0.00383
6.07.1994;0.00667
7.07.1994;0.00633
8.07.1994;0.006
9.07.1994;0.00567
10.07.1994;0.00533
11.07.1994;0.005
12.07.1994;0.005
13.07.1994;0.005
14.07.1994;0.005
15.07.1994;0.005
16.07.1994;0.005
17.07.1994;0.005
18.07.1994;0.00417
19.07.1994;0.00417
20.07.1994;0.00333
21.07.1994;0.00333
22.07.1994;0.00333
23.07.1994;0.00333
24.07.1994;0.00333
25.07.1994;0.00333
26.07.1994;0.00333
27.07.1994;0.003
28.07.1994;0.003
29.07.1994;0.00267
30.07.1994;0.00233
31.07.1994;0.00233
1.08.1994;0.00233
2.08.1994;0.00233
3.08.1994;0.00217
4.08.1994;0.00217
5.08.1994;0.002
6.08.1994;0.00183
7.08.1994;0.00183
8.08.1994;0.00167
9.08.1994;0.00167
10.08.1994;0.00167
11.08.1994;0.00167
12.08.1994;0.00167
13.08.1994;0.00167
14.08.1994;0.00167
15.08.1994;0.00158
16.08.1994;0.0015
17.08.1994;0.0015
18.08.1994;0.0015
19.08.1994;0.0015
20.08.1994;0.0015
21.08.1994;0.0015
22.08.1994;0.00142
23.08.1994;0.00133
24.08.1994;0.00117
25.08.1994;0.00117
26.08.1994;0.00117
27.08.1994;0.001
28.08.1994;0.00083
29.08.1994;0.00075
30.08.1994;0.00075
31.08.1994;0.00067
1.09.1994;0.00067
2.09.1994;0.00067
3.09.1994;0.00058
4.09.1994;0.0005
5.09.1994;0.00042
6.09.1994;0.00033
7.09.1994;0.00033
8.09.1994;0.00033
9.09.1994;0.00033
10.09.1994;0.00033
11.09.1994;0.00033
12.09.1994;0.00033
13.09.1994;0.00033
14.09.1994;0.00033
15.09.1994;0.00033
16.09.1994;0.00033
17.09.1994;0.00033
18.09.1994;0.00033
19.09.1994;0.00033
20.09.1994;0.00033
21.09.1994;0.00033
22.09.1994;0.00033
23.09.1994;0.00033
24.09.1994;0.00033
25.09.1994;0.00033
26.09.1994;0.00033
27.09.1994;0.00033
28.09.1994;0.00033
29.09.1994;0.00033
30.09.1994;0.00033
1.10.1994;0.00033
2.10.1994;0.00033
3.10.1994;0.00033
4.10.1994;0.00033
5.10.1994;0.00033
6.10.1994;0.00033
7.10.1994;0.00033
8.10.1994;0.00033
9.10.1994;0.00033
10.10.1994;0.00033
11.10.1994;0.00025
12.10.1994;0.00017
13.10.1994;0.00017
14.10.1994;0.00017
15.10.1994;0.00017
16.10.1994;0.00017
17.10.1994;0.00017
18.10.1994;0
19.10.1994;0
20.10.1994;0
21.10.1994;0
22.10.1994;0
23.10.1994;0
24.10.1994;0
25.10.1994;0
26.10.1994;0
27.10.1994;0
28.10.1994;0
29.10.1994;0
30.10.1994;0
31.10.1994;0
1.11.1994;0
2.11.1994;0
3.11.1994;0
4.11.1994;0
5.11.1994;0
6.11.1994;0
7.11.1994;0.00033
8.11.1994;0.00033
9.11.1994;0.00033
10.11.1994;0.00033
11.11.1994;0.00033
12.11.1994;0.00033
13.11.1994;0.00033
14.11.1994;0.00032
15.11.1994;0.0003
16.11.1994;0.0003
17.11.1994;0.0003
18.11.1994;0.0003
19.11.1994;0.0003
20.11.1994;0.0003
21.11.1994;0.0003
22.11.1994;0.0003
23.11.1994;0.0003
24.11.1994;0.0003
25.11.1994;0.0003
26.11.1994;0.0003
27.11.1994;0.0003
28.11.1994;0.00028
29.11.1994;0.00025
30.11.1994;0.00025
1.12.1994;0.00025
2.12.1994;0.00025
3.12.1994;0.00023
4.12.1994;0.00022
5.12.1994;0.00018
6.12.1994;0.00017
7.12.1994;0.00017
8.12.1994;0.00017
9.12.1994;0.00017
10.12.1994;0.00015
11.12.1994;0.00013
12.12.1994;0.00013
13.12.1994;0.00013
14.12.1994;0.00013
15.12.1994;0.00013
16.12.1994;0.00013
17.12.1994;0.00013
18.12.1994;0.00013
19.12.1994;0.00013
20.12.1994;0.00013
21.12.1994;0.00013
22.12.1994;0.00013
23.12.1994;0.00013
24.12.1994;0.00013
25.12.1994;0.00013
26.12.1994;0.00013
27.12.1994;0.00013
28.12.1994;0.00013
29.12.1994;0.00013
30.12.1994;0.00013
31.12.1994;0.00013
1.01.1995;0.00013
2.01.1995;0.00013
3.01.1995;0.00013
4.01.1995;0.00013
5.01.1995;0.00013
6.01.1995;0.00013
7.01.1995;0.00013
8.01.1995;0.00013
9.01.1995;0.00013
10.01.1995;0.00013
11.01.1995;0.00013
12.01.1995;0.00013
13.01.1995;0.00013
14.01.1995;0.00013
15.01.1995;0.00013
16.01.1995;0.00013
17.01.1995;0.00013
18.01.1995;0.00013
19.01.1995;0.00013
20.01.1995;0.00013
21.01.1995;0.00013
22.01.1995;0.00013
23.01.1995;0.00013
24.01.1995;0.00013
25.01.1995;0.00013
26.01.1995;0.00013
27.01.1995;0.00013
28.01.1995;0.00013
29.01.1995;0.00013
30.01.1995;0.0002
31.01.1995;0.00025
1.02.1995;0.00025
2.02.1995;0.00025
3.02.1995;0.00025
4.02.1995;0.00025
5.02.1995;0.00025
6.02.1995;0.00025
7.02.1995;0.00018
8.02.1995;0.00018
9.02.1995;0.0003
10.02.1995;0.00018
11.02.1995;0.00018
12.02.1995;0.00018
13.02.1995;0.00018
14.02.1995;0.00018
15.02.1995;0.00018
16.02.1995;0.00018
17.02.1995;0.0004
18.02.1995;0.00052
19.02.1995;0.00067
20.02.1995;0.00092
21.02.1995;0.00375
22.02.1995;0.00583
23.02.1995;0.00617
24.02.1995;0.00633
25.02.1995;0.006
26.02.1995;0.00583
27.02.1995;0.00658
28.02.1995;0.00958
1.03.1995;0.0125
2.03.1995;0.01333
3.03.1995;0.01333
4.03.1995;0.01542
5.03.1995;0.02708
6.03.1995;0.035
7.03.1995;0.035
8.03.1995;0.04625
9.03.1995;0.05333
10.03.1995;0.04458
11.03.1995;0.03667
12.03.1995;0.03583
13.03.1995;0.03
14.03.1995;0.02667
15.03.1995;0.02583
16.03.1995;0.025
17.03.1995;0.02083
18.03.1995;0.02
19.03.1995;0.0175
20.03.1995;0.015
21.03.1995;0.01417
22.03.1995;0.01333
23.03.1995;0.01367
24.03.1995;0.01333
25.03.1995;0.01333
26.03.1995;0.013
27.03.1995;0.01333
28.03.1995;0.0125
29.03.1995;0.01267
30.03.1995;0.01167
31.03.1995;0.01133
1.04.1995;0.01083
2.04.1995;0.01083
3.04.1995;0.01083
4.04.1995;0.01083
5.04.1995;0.01083
6.04.1995;0.01
7.04.1995;0.01
8.04.1995;0.0105
9.04.1995;0.01
10.04.1995;0.01
11.04.1995;0.01
12.04.1995;0.00933
13.04.1995;0.00917
14.04.1995;0.008
15.04.1995;0.00833
16.04.1995;0.00833
17.04.1995;0.00833
18.04.1995;0.008
19.04.1995;0.00783
20.04.1995;0.00767
21.04.1995;0.0075
22.04.1995;0.007
23.04.1995;0.00667
24.04.1995;0.00667
25.04.1995;0.00667
26.04.1995;0.0073
27.04.1995;0.15458
28.04.1995;0.27042
29.04.1995;0.20625
30.04.1995;0.15792
1.05.1995;0.14167
2.05.1995;0.13333
3.05.1995;0.08
4.05.1995;0.06167
5.05.1995;0.055
6.05.1995;0.05
7.05.1995;0.045
8.05.1995;0.04167
9.05.1995;0.03667
10.05.1995;0.035
11.05.1995;0.02958
12.05.1995;0.02958
13.05.1995;0.02917
14.05.1995;0.02417
15.05.1995;0.02417
16.05.1995;0.02333
17.05.1995;0.023
18.05.1995;0.02333
19.05.1995;0.023
20.05.1995;0.02367
21.05.1995;0.025
22.05.1995;0.025
23.05.1995;0.02833
24.05.1995;0.02967
25.05.1995;0.03
26.05.1995;0.02967
27.05.1995;0.0295
28.05.1995;0.02633
29.05.1995;0.025
30.05.1995;0.02333
31.05.1995;0.023
1.06.1995;0.02317
2.06.1995;0.02017
3.06.1995;0.03
4.06.1995;0.05
5.06.1995;0.06917
6.06.1995;0.07
7.06.1995;0.06
8.06.1995;0.05667
9.06.1995;0.04833
10.06.1995;0.04333
11.06.1995;0.04167
12.06.1995;0.09917
13.06.1995;0.2225
14.06.1995;0.225
15.06.1995;0.16737
16.06.1995;0.1525
17.06.1995;0.14167
18.06.1995;0.10333
19.06.1995;0.08417
20.06.1995;0.07
21.06.1995;0.05833
22.06.1995;0.05333
23.06.1995;0.03333
24.06.1995;0.04333
25.06.1995;0.04333
26.06.1995;0.04
27.06.1995;0.03667
28.06.1995;0.03083
29.06.1995;0.03
30.06.1995;0.02667
1.07.1995;0.02333
2.07.1995;0.02517
3.07.1995;0.02183
4.07.1995;0.01833
5.07.1995;0.01833
6.07.1995;0.018
7.07.1995;0.01767
8.07.1995;0.01733
9.07.1995;0.017
10.07.1995;0.01642
11.07.1995;0.01583
12.07.1995;0.01583
13.07.1995;0.01583
14.07.1995;0.01583
15.07.1995;0.01583
16.07.1995;0.01417
17.07.1995;0.00875
18.07.1995;0.0125
19.07.1995;0.0125
20.07.1995;0.01167
21.07.1995;0.01083
22.07.1995;0.01
23.07.1995;0.01
24.07.1995;0.00967
25.07.1995;0
26.07.1995;0
27.07.1995;0
28.07.1995;0
29.07.1995;0
30.07.1995;0
31.07.1995;0
1.08.1995;0
2.08.1995;0
3.08.1995;0
4.08.1995;0
5.08.1995;0
6.08.1995;0
7.08.1995;0
8.08.1995;0
9.08.1995;0
10.08.1995;0
11.08.1995;0
12.08.1995;0
13.08.1995;0
14.08.1995;0
15.08.1995;0
16.08.1995;0
17.08.1995;0
18.08.1995;0
19.08.1995;0
20.08.1995;0
21.08.1995;0.00433
22.08.1995;0.00433
23.08.1995;0.00417
24.08.1995;0.00333
25.08.1995;0.003
26.08.1995;0.00233
27.08.1995;0.00167
28.08.1995;0.00158
29.08.1995;0.00367
30.08.1995;0.00217
31.08.1995;0.00233
1.09.1995;0.0025
2.09.1995;0.00267
3.09.1995;0.00283
4.09.1995;0.003
5.09.1995;0.00267
6.09.1995;0.00233
7.09.1995;0.00233
8.09.1995;0.00267
9.09.1995;0.00283
10.09.1995;0.00283
11.09.1995;0.00233
12.09.1995;0.00233
13.09.1995;0.00233
14.09.1995;0.002
15.09.1995;0.00167
16.09.1995;0.00167
17.09.1995;0.00167
18.09.1995;0.00167
19.09.1995;0.00167
20.09.1995;0.00167
21.09.1995;0.00167
22.09.1995;0.00167
23.09.1995;0.00167
24.09.1995;0.00167
25.09.1995;0.00167
26.09.1995;0.00167
27.09.1995;0.00167
28.09.1995;0.00167
29.09.1995;0.00158
30.09.1995;0.00158
1.10.1995;0.0015
2.10.1995;0.00142
3.10.1995;0.00133
4.10.1995;0.00133
5.10.1995;0.00133
6.10.1995;0.00133
7.10.1995;0.00133
8.10.1995;0.00133
9.10.1995;0.00117
10.10.1995;0.00117
11.10.1995;0.001
12.10.1995;0.001
13.10.1995;0.00092
14.10.1995;0.00083
15.10.1995;0.00083
16.10.1995;0.00083
17.10.1995;0.00083
18.10.1995;0.00083
19.10.1995;0.00083
20.10.1995;0.00083
21.10.1995;0.00083
22.10.1995;0.00083
23.10.1995;0.00083
24.10.1995;0.00083
25.10.1995;0.00083
26.10.1995;0.00083
27.10.1995;0.00083
28.10.1995;0.00083
29.10.1995;0.00083
30.10.1995;0.00083
31.10.1995;0.00067
1.11.1995;0.00067
2.11.1995;0.00067
3.11.1995;0.00067
4.11.1995;0.00067
5.11.1995;0.00067
6.11.1995;0.00067
7.11.1995;0.00067
8.11.1995;0.00067
9.11.1995;0.00067
10.11.1995;0.00067
11.11.1995;0.00067
12.11.1995;0.00067
13.11.1995;0.00067
14.11.1995;0.00067
15.11.1995;0.00067
16.11.1995;0.00067
17.11.1995;0.00067
18.11.1995;0.00067
19.11.1995;0.00067
20.11.1995;0.00067
21.11.1995;0.00067
22.11.1995;0.00067
23.11.1995;0.00067
24.11.1995;0.00067
25.11.1995;0.00067
26.11.1995;0.00067
27.11.1995;0.00067
28.11.1995;0.00067
29.11.1995;0.00067
30.11.1995;0.00067
1.12.1995;0.00067
2.12.1995;0.00067
3.12.1995;0.00067
4.12.1995;0.00067
5.12.1995;0.00067
6.12.1995;0.00067
7.12.1995;0.00067
8.12.1995;0.00067
9.12.1995;0.00067
10.12.1995;0.00067
11.12.1995;0.00067
12.12.1995;0.00067
13.12.1995;0.00067
14.12.1995;0.00067
15.12.1995;0.00067
16.12.1995;0.00067
17.12.1995;0.00067
18.12.1995;0.00067
19.12.1995;0.00067
20.12.1995;0.00067
21.12.1995;0.00067
22.12.1995;0.00067
23.12.1995;0.00067
24.12.1995;0.00067
25.12.1995;0.00067
26.12.1995;0.00067
27.12.1995;0.00067
28.12.1995;0.00067
29.12.1995;0.00067
30.12.1995;0.00067
31.12.1995;0.00067
1.01.1996;0.00067
2.01.1996;0.00067
3.01.1996;0.00067
4.01.1996;0.00067
5.01.1996;0.00067
6.01.1996;0.00067
7.01.1996;0.00067
8.01.1996;0.00067
9.01.1996;0.00067
10.01.1996;0.00067
11.01.1996;0.00067
12.01.1996;0.00075
13.01.1996;0.00083
14.01.1996;0.00083
15.01.1996;0.001
16.01.1996;0.001
17.01.1996;0.00083
18.01.1996;0.00083
19.01.1996;0.00075
20.01.1996;0.00075
21.01.1996;0.00075
22.01.1996;0.00075
23.01.1996;0.00075
24.01.1996;0.00075
25.01.1996;0.00075
26.01.1996;0.00075
27.01.1996;0.00075
28.01.1996;0.00075
29.01.1996;0.00067
30.01.1996;0.00067
31.01.1996;0.00067
1.02.1996;0.00067
2.02.1996;0.00067
3.02.1996;0.00067
4.02.1996;0.00067
5.02.1996;0.00067
6.02.1996;0.00067
7.02.1996;0.00067
8.02.1996;0.00067
9.02.1996;0.00067
10.02.1996;0.00067
11.02.1996;0.00067
12.02.1996;0.00067
13.02.1996;0.00058
14.02.1996;0.00058
15.02.1996;0.0005
16.02.1996;0.0005
17.02.1996;0.00042
18.02.1996;0.00042
19.02.1996;0.00033
20.02.1996;0.00033
21.02.1996;0.00033
22.02.1996;0.00033
23.02.1996;0.00033
24.02.1996;0.00033
25.02.1996;0.00033
26.02.1996;0.00033
27.02.1996;0.00033
28.02.1996;0.00033
29.02.1996;0.00033
1.03.1996;0.00033
2.03.1996;0.00033
3.03.1996;0.00033
4.03.1996;0.00033
5.03.1996;0.00033
6.03.1996;0.00033
7.03.1996;0.00033
8.03.1996;0.00033
9.03.1996;0.00033
10.03.1996;0.00033
11.03.1996;0.00033
12.03.1996;0.00033
13.03.1996;0.00033
14.03.1996;0.00033
15.03.1996;0.00042
16.03.1996;0.00075
17.03.1996;0.00223
18.03.1996;0.00123
19.03.1996;0.00167
20.03.1996;0.0015
21.03.1996;0.0015
22.03.1996;0.00605
23.03.1996;0.008
24.03.1996;0.00917
25.03.1996;0.01167
26.03.1996;0.01478
27.03.1996;0.01667
28.03.1996;0.02867
29.03.1996;0.0325
30.03.1996;0.035
31.03.1996;0.03667
1.04.1996;0.03208
2.04.1996;0.02833
3.04.1996;0.03125
4.04.1996;0.09667
5.04.1996;0.09333
6.04.1996;0.08083
7.04.1996;0.06542
8.04.1996;0.05167
9.04.1996;0.04333
10.04.1996;0.04167
11.04.1996;0.03667
12.04.1996;0.03
13.04.1996;0.02833
14.04.1996;0.02667
15.04.1996;0.02583
16.04.1996;0.02333
17.04.1996;0.0225
18.04.1996;0.01792
19.04.1996;0.01833
20.04.1996;0.01583
21.04.1996;0.015
22.04.1996;0.01583
23.04.1996;0.015
24.04.1996;0.015
25.04.1996;0.01417
26.04.1996;0.01333
27.04.1996;0.01333
28.04.1996;0.0125
29.04.1996;0.0125
30.04.1996;0.01217
1.05.1996;0.015
2.05.1996;0.01333
3.05.1996;0.01333
4.05.1996;0.01417
5.05.1996;0.01333
6.05.1996;0.01333
7.05.1996;0.01333
8.05.1996;0.01333
9.05.1996;0.01333
10.05.1996;0.01333
11.05.1996;0.01333
12.05.1996;0.01667
13.05.1996;0.01708
14.05.1996;0.17792
15.05.1996;0.14708
16.05.1996;0.11417
17.05.1996;0.08
18.05.1996;0.06667
19.05.1996;0.05833
20.05.1996;0.05083
21.05.1996;0.045
22.05.1996;0.03042
23.05.1996;0.03333
24.05.1996;0.03167
25.05.1996;0.03
26.05.1996;0.02833
27.05.1996;0.02417
28.05.1996;0.02333
29.05.1996;0.02083
30.05.1996;0.01917
31.05.1996;0.01667
1.06.1996;0.01333
2.06.1996;0.01147
3.06.1996;0.01042
4.06.1996;0.01355
5.06.1996;0.01417
6.06.1996;0.01417
7.06.1996;0.01417
8.06.1996;0.01417
9.06.1996;0.01333
10.06.1996;0.01333
11.06.1996;0.01333
12.06.1996;0.0125
13.06.1996;0.01167
14.06.1996;0.01167
15.06.1996;0.01083
16.06.1996;0.01083
17.06.1996;0.01042
18.06.1996;0.01
19.06.1996;0.01
20.06.1996;0.00917
21.06.1996;0.00833
22.06.1996;0.00833
23.06.1996;0.00833
24.06.1996;0.00833
25.06.1996;0.0075
26.06.1996;0.0075
27.06.1996;0.00917
28.06.1996;0.00917
29.06.1996;0.00833
30.06.1996;0.0075
1.07.1996;0.00725
2.07.1996;0.0075
3.07.1996;0.0075
4.07.1996;0.00633
5.07.1996;0.006
6.07.1996;0.00583
7.07.1996;0.00567
8.07.1996;0.00667
9.07.1996;0.00667
10.07.1996;0.00667
11.07.1996;0.00667
12.07.1996;0.00667
13.07.1996;0.00667
14.07.1996;0.00667
15.07.1996;0.00608
16.07.1996;0.00583
17.07.1996;0.00583
18.07.1996;0.00583
19.07.1996;0.00583
20.07.1996;0.00583
21.07.1996;0.00583
22.07.1996;0.00833
23.07.1996;0.00833
24.07.1996;0.008
25.07.1996;0.00767
26.07.1996;0.00733
27.07.1996;0.007
28.07.1996;0.007
29.07.1996;0.00667
30.07.1996;0.00667
31.07.1996;0.0065
1.08.1996;0.00633
2.08.1996;0.006
3.08.1996;0.00583
4.08.1996;0.00583
5.08.1996;0.00583
6.08.1996;0.00583
7.08.1996;0.00583
8.08.1996;0.00583
9.08.1996;0.00583
10.08.1996;0.00583
11.08.1996;0.00583
12.08.1996;0.00583
13.08.1996;0.00583
14.08.1996;0.00583
15.08.1996;0.00583
16.08.1996;0.00583
17.08.1996;0.00583
18.08.1996;0.00583
19.08.1996;0.00583
20.08.1996;0.005
21.08.1996;0.00367
22.08.1996;0.003
23.08.1996;0.00233
24.08.1996;0.00167
25.08.1996;0.00133
26.08.1996;0.00083
27.08.1996;0.00083
28.08.1996;0.00083
29.08.1996;0.00083
30.08.1996;0.00083
31.08.1996;0.00083
1.09.1996;0.00092
2.09.1996;0.001
3.09.1996;0.001
4.09.1996;0.001
5.09.1996;0.001
6.09.1996;0.00092
7.09.1996;0.00092
8.09.1996;0.00092
9.09.1996;0.00092
10.09.1996;0.00083
11.09.1996;0.00067
12.09.1996;0.0005
13.09.1996;0.0005
14.09.1996;0.0005
15.09.1996;0.0005
16.09.1996;0.0005
17.09.1996;0.0005
18.09.1996;0.0005
19.09.1996;0.0005
20.09.1996;0.0005
21.09.1996;0.0005
22.09.1996;0.0005
23.09.1996;0.00058
24.09.1996;0.0005
25.09.1996;0.0005
26.09.1996;0.0005
27.09.1996;0.0005
28.09.1996;0.0005
29.09.1996;0.00058
30.09.1996;0.00067
1.10.1996;0.00058
2.10.1996;0.00058
3.10.1996;0.00058
4.10.1996;0.00058
5.10.1996;0.00058
6.10.1996;0.00058
7.10.1996;0.00058
8.10.1996;0.00058
9.10.1996;0.00058
10.10.1996;0.00058
11.10.1996;0.00058
12.10.1996;0.00058
13.10.1996;0.00058
14.10.1996;0.00058
15.10.1996;0
16.10.1996;0
17.10.1996;0
18.10.1996;0
19.10.1996;0
20.10.1996;0
21.10.1996;0
22.10.1996;0
23.10.1996;0
24.10.1996;0
25.10.1996;0
26.10.1996;0
27.10.1996;0
28.10.1996;0
29.10.1996;0
30.10.1996;0
31.10.1996;0
1.11.1996;0
2.11.1996;0
3.11.1996;0
4.11.1996;0
5.11.1996;0
6.11.1996;0
7.11.1996;0
8.11.1996;0
9.11.1996;0
10.11.1996;0
11.11.1996;0
12.11.1996;0
13.11.1996;0
14.11.1996;0
15.11.1996;0
16.11.1996;0
17.11.1996;0
18.11.1996;0
19.11.1996;0
20.11.1996;0
21.11.1996;0
22.11.1996;0
23.11.1996;0
24.11.1996;0
25.11.1996;0
26.11.1996;0
27.11.1996;0
28.11.1996;0
29.11.1996;0
30.11.1996;0
1.12.1996;0.00058
2.12.1996;0.00058
3.12.1996;0.00058
4.12.1996;0.00058
5.12.1996;0.00058
6.12.1996;0.00058
7.12.1996;0.00058
8.12.1996;0.00058
9.12.1996;0.00058
10.12.1996;0.00058
11.12.1996;0.00058
12.12.1996;0.00058
13.12.1996;0.00058
14.12.1996;0.00067
15.12.1996;0.00067
16.12.1996;0.00072
17.12.1996;0.00232
18.12.1996;0.00333
19.12.1996;0.00367
20.12.1996;0.00367
21.12.1996;0.00367
22.12.1996;0.00367
23.12.1996;0.0035
24.12.1996;0.00333
25.12.1996;0.00333
26.12.1996;0.00333
27.12.1996;0.00333
28.12.1996;0.0035
29.12.1996;0.0035
30.12.1996;0.00367
31.12.1996;0.00367
1.01.1997;0.00333
2.01.1997;0.00325
3.01.1997;0.00325
4.01.1997;0.00283
5.01.1997;0.00292
6.01.1997;0.00292
7.01.1997;0.00267
8.01.1997;0.00267
9.01.1997;0.00258
10.01.1997;0.0025
11.01.1997;0.00242
12.01.1997;0.00242
13.01.1997;0.0025
14.01.1997;0.0025
15.01.1997;0.0025
16.01.1997;0.0025
17.01.1997;0.00242
18.01.1997;0.00242
19.01.1997;0.00183
20.01.1997;0.00133
21.01.1997;0.00133
22.01.1997;0.00133
23.01.1997;0.00175
24.01.1997;0.00133
25.01.1997;0.00125
26.01.1997;0.00125
27.01.1997;0.00125
28.01.1997;0.0013
29.01.1997;0.0013
30.01.1997;0.00142
31.01.1997;0.0015
1.02.1997;0.0015
2.02.1997;0.00158
3.02.1997;0.00158
4.02.1997;0.00158
5.02.1997;0.00158
6.02.1997;0.00158
7.02.1997;0.0015
8.02.1997;0.00158
9.02.1997;0.00163
10.02.1997;0.00163
11.02.1997;0.00163
12.02.1997;0.00163
13.02.1997;0.00163
14.02.1997;0.00163
15.02.1997;0.00163
16.02.1997;0.00163
17.02.1997;0.00163
18.02.1997;0.00163
19.02.1997;0.00163
20.02.1997;0.00163
21.02.1997;0.00163
22.02.1997;0.00163
23.02.1997;0.00163
24.02.1997;0.00163
25.02.1997;0.00163
26.02.1997;0.00212
27.02.1997;0.00342
28.02.1997;0.00475
1.03.1997;0.0068
2.03.1997;0.00825
3.03.1997;0.0085
4.03.1997;0.01113
5.03.1997;0.0135
6.03.1997;0.01333
7.03.1997;0.0125
8.03.1997;0.0115
9.03.1997;0.0115
10.03.1997;0.01083
11.03.1997;0.01
12.03.1997;0.0085
13.03.1997;0.00892
14.03.1997;0.00858
15.03.1997;0.008
16.03.1997;0.00767
17.03.1997;0.00842
18.03.1997;0.0078
19.03.1997;0.00775
20.03.1997;0.0073
21.03.1997;0.00687
22.03.1997;0.00583
23.03.1997;0.00583
24.03.1997;0.00592
25.03.1997;0.005
26.03.1997;0.005
27.03.1997;0.00642
28.03.1997;0.00467
29.03.1997;0.00433
30.03.1997;0.00425
31.03.1997;0.00417
1.04.1997;0.00417
2.04.1997;0.00417
3.04.1997;0.00417
4.04.1997;0.00417
5.04.1997;0.00417
6.04.1997;0.00417
7.04.1997;0.00417
8.04.1997;0.00417
9.04.1997;0.00417
10.04.1997;0.00417
11.04.1997;0.00417
12.04.1997;0.00417
13.04.1997;0.004
14.04.1997;0.00358
15.04.1997;0.00333
16.04.1997;0.00333
17.04.1997;0.00333
18.04.1997;0.00333
19.04.1997;0.00333
20.04.1997;0.00333
21.04.1997;0.00333
22.04.1997;0.00333
23.04.1997;0.00333
24.04.1997;0.00333
25.04.1997;0.00317
26.04.1997;0.00317
27.04.1997;0.00317
28.04.1997;0.00317
29.04.1997;0.00317
30.04.1997;0.00317
1.05.1997;0.00308
2.05.1997;0.00308
3.05.1997;0.00308
4.05.1997;0.00308
5.05.1997;0.00308
6.05.1997;0.00308
7.05.1997;0.00308
8.05.1997;0.00317
9.05.1997;0.00333
10.05.1997;0.00355
11.05.1997;0.00355
12.05.1997;0.00405
13.05.1997;0.00442
14.05.1997;0.005
15.05.1997;0.00617
16.05.1997;0.00605
17.05.1997;0.00547
18.05.1997;0.00547
19.05.1997;0.0055
20.05.1997;0.00525
21.05.1997;0.00505
22.05.1997;0.00492
23.05.1997;0.0045
24.05.1997;0.00492
25.05.1997;0.00417
26.05.1997;0.00417
27.05.1997;0.00417
28.05.1997;0.00405
29.05.1997;0.00388
30.05.1997;0.00395
31.05.1997;0.00375
1.06.1997;0.00375
2.06.1997;0.00375
3.06.1997;0.00375
4.06.1997;0.00375
5.06.1997;0.00375
6.06.1997;0.00367
7.06.1997;0.00355
8.06.1997;0.00367
9.06.1997;0.00375
10.06.1997;0.00375
11.06.1997;0.00375
12.06.1997;0.00375
13.06.1997;0.00375
14.06.1997;0.00375
15.06.1997;0.00367
16.06.1997;0.00358
17.06.1997;0.00333
18.06.1997;0.00333
19.06.1997;0.00333
20.06.1997;0.00333
21.06.1997;0.00333
22.06.1997;0.00333
23.06.1997;0.00333
24.06.1997;0.00333
25.06.1997;0.00333
26.06.1997;0.00333
27.06.1997;0.00328
28.06.1997;0.00325
29.06.1997;0.00325
30.06.1997;0.00325
1.07.1997;0
2.07.1997;0
3.07.1997;0
4.07.1997;0
5.07.1997;0
6.07.1997;0
7.07.1997;0.00317
8.07.1997;0.00317
9.07.1997;0.00325
10.07.1997;0.00342
11.07.1997;0.00375
12.07.1997;0.00375
13.07.1997;0.00383
14.07.1997;0.00383
15.07.1997;0.00383
16.07.1997;0.00383
17.07.1997;0.00383
18.07.1997;0.00508
19.07.1997;0.0425
20.07.1997;0.05687
21.07.1997;0.04333
22.07.1997;0.03333
23.07.1997;0.02725
24.07.1997;0.027
25.07.1997;0.02583
26.07.1997;0.02337
27.07.1997;0.01987
28.07.1997;0.01633
29.07.1997;0.01537
30.07.1997;0.01487
31.07.1997;0.01383
1.08.1997;0.01417
2.08.1997;0.01358
3.08.1997;0.01983
4.08.1997;0.02262
5.08.1997;0.03258
6.08.1997;0.045
7.08.1997;0.04258
8.08.1997;0.03603
9.08.1997;0.0325
10.08.1997;0.02833
11.08.1997;0.02495
12.08.1997;0.02167
13.08.1997;0.01967
14.08.1997;0.0175
15.08.1997;0.01083
16.08.1997;0.01417
17.08.1997;0.01267
18.08.1997;0.01112
19.08.1997;0.00978
20.08.1997;0.00937
21.08.1997;0.00858
22.08.1997;0.0085
23.08.1997;0.00833
24.08.1997;0.00833
25.08.1997;0.00833
26.08.1997;0.00783
27.08.1997;0.00767
28.08.1997;0.00767
29.08.1997;0.00758
30.08.1997;0.00733
31.08.1997;0.00717
1.09.1997;0.00692
2.09.1997;0.00667
3.09.1997;0.00667
4.09.1997;0.00667
5.09.1997;0.00667
6.09.1997;0.0065
7.09.1997;0.0065
8.09.1997;0.0065
9.09.1997;0.00617
10.09.1997;0.00625
11.09.1997;0.00617
12.09.1997;0.00608
13.09.1997;0.006
14.09.1997;0.006
15.09.1997;0.00583
16.09.1997;0.00583
17.09.1997;0.00583
18.09.1997;0.00592
19.09.1997;0.00592
20.09.1997;0.00583
21.09.1997;0.00583
22.09.1997;0.0055
23.09.1997;0.00533
24.09.1997;0.00533
25.09.1997;0.0055
26.09.1997;0.00558
27.09.1997;0.00533
28.09.1997;0.0055
29.09.1997;0.005
30.09.1997;0.00475
1.10.1997;0.00467
2.10.1997;0.00475
3.10.1997;0.00475
4.10.1997;0.00467
5.10.1997;0.00467
6.10.1997;0.00458
7.10.1997;0.00458
8.10.1997;0.00458
9.10.1997;0.00458
10.10.1997;0.00458
11.10.1997;0.00458
12.10.1997;0.00458
13.10.1997;0.00458
14.10.1997;0.00458
15.10.1997;0.00458
16.10.1997;0.00458
17.10.1997;0.00458
18.10.1997;0.0045
19.10.1997;0.00458
20.10.1997;0.0045
21.10.1997;0.00425
22.10.1997;0.00425
23.10.1997;0.00433
24.10.1997;0.00425
25.10.1997;0.00433
26.10.1997;0.00433
27.10.1997;0.00417
28.10.1997;0.00417
29.10.1997;0.00417
30.10.1997;0.00408
31.10.1997;0.00408
1.11.1997;0.00408
2.11.1997;0.00408
3.11.1997;0.00417
4.11.1997;0.00408
5.11.1997;0.00408
6.11.1997;0.00417
7.11.1997;0.00413
8.11.1997;0.00408
9.11.1997;0.00408
10.11.1997;0.00392
11.11.1997;0
12.11.1997;0
13.11.1997;0
14.11.1997;0
15.11.1997;0
16.11.1997;0
17.11.1997;0
18.11.1997;0
19.11.1997;0
20.11.1997;0
21.11.1997;0
22.11.1997;0
23.11.1997;0
24.11.1997;0
25.11.1997;0
26.11.1997;0
27.11.1997;0
28.11.1997;0
29.11.1997;0
30.11.1997;0
1.12.1997;0
2.12.1997;0
3.12.1997;0
4.12.1997;0
5.12.1997;0
6.12.1997;0
7.12.1997;0
8.12.1997;0
9.12.1997;0
10.12.1997;0
11.12.1997;0
12.12.1997;0
13.12.1997;0
14.12.1997;0
15.12.1997;0
16.12.1997;0
17.12.1997;0
18.12.1997;0
19.12.1997;0
20.12.1997;0
21.12.1997;0
22.12.1997;0
23.12.1997;0
24.12.1997;0
25.12.1997;0
26.12.1997;0
27.12.1997;0
28.12.1997;0
29.12.1997;0
30.12.1997;0
31.12.1997;0
1.01.1998;0
2.01.1998;0
3.01.1998;0
4.01.1998;0
5.01.1998;0.00425
6.01.1998;0.00425
7.01.1998;0.00417
8.01.1998;0.00417
9.01.1998;0.00408
10.01.1998;0.00408
11.01.1998;0.004
12.01.1998;0.004
13.01.1998;0.004
14.01.1998;0.004
15.01.1998;0.004
16.01.1998;0.004
17.01.1998;0.004
18.01.1998;0.00383
19.01.1998;0.00367
20.01.1998;0.0035
21.01.1998;0.00333
22.01.1998;0.00333
23.01.1998;0.00333
24.01.1998;0.00333
25.01.1998;0.00333
26.01.1998;0.00333
27.01.1998;0.00333
28.01.1998;0.00333
29.01.1998;0.00333
30.01.1998;0.00333
31.01.1998;0.00333
1.02.1998;0.00333
2.02.1998;0.00333
3.02.1998;0.00333
4.02.1998;0.00333
5.02.1998;0.00325
6.02.1998;0.00325
7.02.1998;0.00317
8.02.1998;0.00317
9.02.1998;0.003
10.02.1998;0.003
11.02.1998;0.003
12.02.1998;0.00308
13.02.1998;0.00317
14.02.1998;0.00325
15.02.1998;0.00325
16.02.1998;0.00325
17.02.1998;0.00325
18.02.1998;0.00325
19.02.1998;0.00325
20.02.1998;0.00325
21.02.1998;0.00325
22.02.1998;0.00325
23.02.1998;0.00325
24.02.1998;0.00325
25.02.1998;0.00325
26.02.1998;0.00325
27.02.1998;0.00325
28.02.1998;0.00325
1.03.1998;0.00325
2.03.1998;0.00325
3.03.1998;0.00317
4.03.1998;0.00317
5.03.1998;0.00308
6.03.1998;0.003
7.03.1998;0.003
8.03.1998;0.003
9.03.1998;0.00292
10.03.1998;0.00283
11.03.1998;0.00278
12.03.1998;0.00267
13.03.1998;0.00258
14.03.1998;0.0025
15.03.1998;0.00247
16.03.1998;0.00233
17.03.1998;0.00233
18.03.1998;0.00233
19.03.1998;0.00233
20.03.1998;0.00233
21.03.1998;0.00233
22.03.1998;0.00233
23.03.1998;0.00233
24.03.1998;0.00233
25.03.1998;0.00233
26.03.1998;0.00233
27.03.1998;0.00233
28.03.1998;0.00233
29.03.1998;0.00233
30.03.1998;0.00233
31.03.1998;0.0025
1.04.1998;0.0025
2.04.1998;0.0025
3.04.1998;0.00258
4.04.1998;0.00267
5.04.1998;0.00267
6.04.1998;0.00267
7.04.1998;0.00267
8.04.1998;0.00267
9.04.1998;0.00275
10.04.1998;0.00283
11.04.1998;0.00283
12.04.1998;0.00283
13.04.1998;0.00292
14.04.1998;0.00292
15.04.1998;0.003
16.04.1998;0.00312
17.04.1998;0.00323
18.04.1998;0.00347
19.04.1998;0.0039
20.04.1998;0.00417
21.04.1998;0.00408
22.04.1998;0.004
23.04.1998;0.00403
24.04.1998;0.00397
25.04.1998;0.00383
26.04.1998;0.00375
27.04.1998;0.00375
28.04.1998;0.00375
29.04.1998;0.00375
30.04.1998;0.00375
1.05.1998;0.00392
2.05.1998;0.004
3.05.1998;0.00447
4.05.1998;0.0045
5.05.1998;0.0045
6.05.1998;0.0045
7.05.1998;0.0045
8.05.1998;0.0045
9.05.1998;0.0045
10.05.1998;0.0045
11.05.1998;0.0045
12.05.1998;0.0045
13.05.1998;0.0045
14.05.1998;0.0045
15.05.1998;0.0045
16.05.1998;0.0045
17.05.1998;0.0045
18.05.1998;0.0045
19.05.1998;0.00833
20.05.1998;0.0135
21.05.1998;0.01833
22.05.1998;0.02333
23.05.1998;0.0315
24.05.1998;0.03667
25.05.1998;0.03
26.05.1998;0.02833
27.05.1998;0.02807
28.05.1998;0.02575
29.05.1998;0.0219
30.05.1998;0.02083
31.05.1998;0.01917
1.06.1998;0.01667
2.06.1998;0.01583
3.06.1998;0.01333
4.06.1998;0.0125
5.06.1998;0.01167
6.06.1998;0.01083
7.06.1998;0.01092
8.06.1998;0.011
9.06.1998;0.01088
10.06.1998;0.01083
11.06.1998;0.01083
12.06.1998;0.0107
13.06.1998;0.0107
14.06.1998;0.01067
15.06.1998;0.01067
16.06.1998;0.01067
17.06.1998;0.01058
18.06.1998;0.01058
19.06.1998;0.0105
20.06.1998;0.01042
21.06.1998;0.01042
22.06.1998;0.01042
23.06.1998;0.01033
24.06.1998;0.01033
25.06.1998;0.01033
26.06.1998;0.01025
27.06.1998;0.01017
28.06.1998;0.01017
29.06.1998;0.01
30.06.1998;0.00967
1.07.1998;0.00958
2.07.1998;0.00953
3.07.1998;0.0094
4.07.1998;0.00937
5.07.1998;0.0093
6.07.1998;0.00917
7.07.1998;0.00958
8.07.1998;0.00917
9.07.1998;0.00933
10.07.1998;0.00933
11.07.1998;0.00933
12.07.1998;0.0095
13.07.1998;0.00958
14.07.1998;0.0095
15.07.1998;0.00942
16.07.1998;0.00937
17.07.1998;0.00933
18.07.1998;0.00923
19.07.1998;0.00917
20.07.1998;0.009
21.07.1998;0.00887
22.07.1998;0.00883
23.07.1998;0.00875
24.07.1998;0.00867
25.07.1998;0.00863
26.07.1998;0.0085
27.07.1998;0.00833
28.07.1998;0.00742
29.07.1998;0.0175
30.07.1998;0.00833
31.07.1998;0.00833
1.08.1998;0.0085
2.08.1998;0.00867
3.08.1998;0.009
4.08.1998;0.0089
5.08.1998;0.00883
6.08.1998;0.00877
7.08.1998;0.00867
8.08.1998;0.00833
9.08.1998;0.00783
10.08.1998;0.0075
11.08.1998;0.0075
12.08.1998;0.0075
13.08.1998;0.00742
14.08.1998;0.00737
15.08.1998;0.00737
16.08.1998;0.00733
17.08.1998;0.00733
18.08.1998;0.00733
19.08.1998;0.00733
20.08.1998;0.00733
21.08.1998;0.00733
22.08.1998;0.00733
23.08.1998;0.00733
24.08.1998;0.00733
25.08.1998;0.00733
26.08.1998;0.00733
27.08.1998;0.00733
28.08.1998;0.00733
29.08.1998;0.00733
30.08.1998;0.00733
31.08.1998;0.00733
1.09.1998;0.00733
2.09.1998;0.00733
3.09.1998;0.00733
4.09.1998;0.00725
5.09.1998;0.00725
6.09.1998;0.00717
7.09.1998;0.00717
8.09.1998;0.00717
9.09.1998;0.00707
10.09.1998;0.007
11.09.1998;0.007
12.09.1998;0.00697
13.09.1998;0.00692
14.09.1998;0.00692
15.09.1998;0.00692
16.09.1998;0.00692
17.09.1998;0.00687
18.09.1998;0.00683
19.09.1998;0.00683
20.09.1998;0.00683
21.09.1998;0.00683
22.09.1998;0.0069
23.09.1998;0.00697
24.09.1998;0.007
25.09.1998;0.0071
26.09.1998;0.00717
27.09.1998;0.00727
28.09.1998;0.00733
29.09.1998;0.00775
30.09.1998;0.008
1.10.1998;0.00767
2.10.1998;0.02883
3.10.1998;0.07042
4.10.1998;0.07167
5.10.1998;0.05033
6.10.1998;0.0425
7.10.1998;0.03667
8.10.1998;0.03083
9.10.1998;0.02667
10.10.1998;0.03033
11.10.1998;0.03
12.10.1998;0.03
13.10.1998;0.02908
14.10.1998;0.02833
15.10.1998;0.02775
16.10.1998;0.0257
17.10.1998;0.02233
18.10.1998;0.02017
19.10.1998;0.01833
20.10.1998;0.02083
21.10.1998;0.01833
22.10.1998;0.01717
23.10.1998;0.01583
24.10.1998;0.01633
25.10.1998;0.01633
26.10.1998;0.01583
27.10.1998;0.01575
28.10.1998;0.01567
29.10.1998;0.01567
30.10.1998;0.01567
31.10.1998;0.01567
1.11.1998;0.01575
2.11.1998;0.01583
3.11.1998;0.01517
4.11.1998;0.01093
5.11.1998;0.03333
6.11.1998;0.05833
7.11.1998;0.0475
8.11.1998;0.04708
9.11.1998;0.04625
10.11.1998;0.045
11.11.1998;0.04417
12.11.1998;0.04333
13.11.1998;0.045
14.11.1998;0.0475
15.11.1998;0.04867
16.11.1998;0.05
17.11.1998;0.05358
18.11.1998;0.05583
19.11.1998;0.05833
20.11.1998;0.055
21.11.1998;0.05575
22.11.1998;0.05025
23.11.1998;0.04667
24.11.1998;0.04167
25.11.1998;0.03667
26.11.1998;0.03733
27.11.1998;0.035
28.11.1998;0.03033
29.11.1998;0.02667
30.11.1998;0.02417
1.12.1998;0
2.12.1998;0
3.12.1998;0
4.12.1998;0
5.12.1998;0
6.12.1998;0
7.12.1998;0
8.12.1998;0
9.12.1998;0
10.12.1998;0
11.12.1998;0
12.12.1998;0
13.12.1998;0
14.12.1998;0
15.12.1998;0
16.12.1998;0
17.12.1998;0
18.12.1998;0
19.12.1998;0
20.12.1998;0
21.12.1998;0
22.12.1998;0
23.12.1998;0
24.12.1998;0
25.12.1998;0
26.12.1998;0
27.12.1998;0
28.12.1998;0
29.12.1998;0
30.12.1998;0
31.12.1998;0
1.01.1999;0
2.01.1999;0
3.01.1999;0
4.01.1999;0.01
5.01.1999;0.01
6.01.1999;0.01
7.01.1999;0.01
8.01.1999;0.01
9.01.1999;0.01
10.01.1999;0.01
11.01.1999;0.01
12.01.1999;0.01
13.01.1999;0.01
14.01.1999;0.01
15.01.1999;0.01
16.01.1999;0.01
17.01.1999;0.01
18.01.1999;0.01
19.01.1999;0.01
20.01.1999;0.01
21.01.1999;0.01
22.01.1999;0.01
23.01.1999;0.01
24.01.1999;0.01
25.01.1999;0.00917
26.01.1999;0.00917
27.01.1999;0.00917
28.01.1999;0.00917
29.01.1999;0.00892
30.01.1999;0.00867
31.01.1999;0.0085
1.02.1999;0.00833
2.02.1999;0.00833
3.02.1999;0.00833
4.02.1999;0.00833
5.02.1999;0.00817
6.02.1999;0.008
7.02.1999;0.00783
8.02.1999;0.00775
9.02.1999;0.0075
10.02.1999;0.0075
11.02.1999;0.0075
12.02.1999;0.0075
13.02.1999;0.0075
14.02.1999;0.0075
15.02.1999;0.0075
16.02.1999;0.0075
17.02.1999;0.0075
18.02.1999;0.0075
19.02.1999;0.0075
20.02.1999;0.0075
21.02.1999;0.0075
22.02.1999;0.0075
23.02.1999;0.0075
24.02.1999;0.0075
25.02.1999;0.0075
26.02.1999;0.0075
27.02.1999;0.0075
28.02.1999;0.0075
1.03.1999;0.0075
2.03.1999;0.00822
3.03.1999;0.01567
4.03.1999;0.06967
5.03.1999;0.15625
6.03.1999;0.18833
7.03.1999;0.20833
8.03.1999;0.29167
9.03.1999;0.26625
10.03.1999;0.22208
11.03.1999;0.18958
12.03.1999;0.15897
13.03.1999;0.14022
14.03.1999;0.12187
15.03.1999;0.09647
16.03.1999;0.08272
17.03.1999;0.07228
18.03.1999;0.0648
19.03.1999;0.05917
20.03.1999;0.05395
21.03.1999;0.04667
22.03.1999;0.04042
23.03.1999;0.03833
24.03.1999;0.03808
25.03.1999;0.03313
26.03.1999;0.0325
27.03.1999;0.02583
28.03.1999;0.02692
29.03.1999;0.02742
30.03.1999;0.02642
31.03.1999;0.02558
1.04.1999;0.02442
2.04.1999;0.02583
3.04.1999;0.02583
4.04.1999;0.01703
5.04.1999;0.02175
6.04.1999;0.01875
7.04.1999;0.02042
8.04.1999;0.01922
9.04.1999;0.01437
10.04.1999;0.01417
11.04.1999;0.01417
12.04.1999;0.01417
13.04.1999;0.01417
14.04.1999;0.01417
15.04.1999;0.01417
16.04.1999;0.01417
17.04.1999;0
18.04.1999;0
19.04.1999;0
20.04.1999;0
21.04.1999;0
22.04.1999;0
23.04.1999;0
24.04.1999;0
25.04.1999;0
26.04.1999;0
27.04.1999;0
28.04.1999;0
29.04.1999;0
30.04.1999;0
1.05.1999;0
2.05.1999;0
3.05.1999;0
4.05.1999;0
5.05.1999;0
6.05.1999;0
7.05.1999;0
8.05.1999;0
9.05.1999;0
10.05.1999;0.01833
11.05.1999;0.02208
12.05.1999;0.02313
13.05.1999;0.02187
14.05.1999;0.02103
15.05.1999;0.02
16.05.1999;0.0198
17.05.1999;0.01712
18.05.1999;0.01647
19.05.1999;0.01512
20.05.1999;0.015
21.05.1999;0.01667
22.05.1999;0.01808
23.05.1999;0.02
24.05.1999;0.02353
25.05.1999;0.02397
26.05.1999;0.02417
27.05.1999;0.02417
28.05.1999;0.02367
29.05.1999;0.02258
30.05.1999;0.02167
31.05.1999;0.01958
1.06.1999;0.01833
2.06.1999;0.01833
3.06.1999;0.018
4.06.1999;0.01767
5.06.1999;0.017
6.06.1999;0.017
7.06.1999;0.01633
8.06.1999;0.016
9.06.1999;0.01567
10.06.1999;0.01533
11.06.1999;0.01533
12.06.1999;0.01533
13.06.1999;0.01533
14.06.1999;0.01533
15.06.1999;0.01517
16.06.1999;0.015
17.06.1999;0.015
18.06.1999;0.015
19.06.1999;0.015
20.06.1999;0.015
21.06.1999;0.015
22.06.1999;0.015
23.06.1999;0.015
24.06.1999;0.01567
25.06.1999;0.016
26.06.1999;0.01633
27.06.1999;0.01667
28.06.1999;0.01667
29.06.1999;0.01667
30.06.1999;0.016
1.07.1999;0.0155
2.07.1999;0.015
3.07.1999;0.015
4.07.1999;0.0145
5.07.1999;0.01417
6.07.1999;0.01417
7.07.1999;0.01417
8.07.1999;0.01333
9.07.1999;0.01333
10.07.1999;0.01333
11.07.1999;0.01333
12.07.1999;0.01333
13.07.1999;0.01358
14.07.1999;0.02537
15.07.1999;0.04667
16.07.1999;0.0573
17.07.1999;0.05875
18.07.1999;0.04917
19.07.1999;0.03958
20.07.1999;0.02875
21.07.1999;0.02125
22.07.1999;0.01653
23.07.1999;0.03042
24.07.1999;0.0223
25.07.1999;0.0175
26.07.1999;0.01667
27.07.1999;0.01583
28.07.1999;0.01542
29.07.1999;0.015
30.07.1999;0.015
31.07.1999;0.015
1.08.1999;0.01417
2.08.1999;0.01417
3.08.1999;0.01417
4.08.1999;0.01417
5.08.1999;0.01417
6.08.1999;0.01417
7.08.1999;0.01417
8.08.1999;0.01417
9.08.1999;0.0145
10.08.1999;0.0145
11.08.1999;0.0145
12.08.1999;0.01525
13.08.1999;0.01467
14.08.1999;0.01417
15.08.1999;0.01417
16.08.1999;0.01417
17.08.1999;0.0198
18.08.1999;0.01458
19.08.1999;0.01417
20.08.1999;0.01397
21.08.1999;0.01342
22.08.1999;0.01333
23.08.1999;0.01333
24.08.1999;0.01333
25.08.1999;0.01333
26.08.1999;0.01333
27.08.1999;0.01333
28.08.1999;0.01333
29.08.1999;0.01333
30.08.1999;0.01333
31.08.1999;0.01333
1.09.1999;0.01333
2.09.1999;0.01333
3.09.1999;0.01333
4.09.1999;0.01333
5.09.1999;0.01333
6.09.1999;0.01333
7.09.1999;0.01333
8.09.1999;0.01333
9.09.1999;0.01333
10.09.1999;0.01325
11.09.1999;0.01275
12.09.1999;0.01208
13.09.1999;0.01167
14.09.1999;0.01167
15.09.1999;0.01167
16.09.1999;0.01133
17.09.1999;0.01083
18.09.1999;0.01033
19.09.1999;0.00958
20.09.1999;0.0085
21.09.1999;0.00833
22.09.1999;0.00817
23.09.1999;0.008
24.09.1999;0.00783
25.09.1999;0.00767
26.09.1999;0.00747
27.09.1999;0.00703
28.09.1999;0.007
29.09.1999;0.007
30.09.1999;0.007
1.10.1999;0.007
2.10.1999;0.007
3.10.1999;0.007
4.10.1999;0.007
5.10.1999;0.00667
6.10.1999;0.00667
7.10.1999;0.00633
8.10.1999;0.006
9.10.1999;0.00567
10.10.1999;0.00533
11.10.1999;0.005
12.10.1999;0.005
13.10.1999;0.005
14.10.1999;0.005
15.10.1999;0.005
16.10.1999;0.005
17.10.1999;0.005
18.10.1999;0.005
19.10.1999;0.005
20.10.1999;0.005
21.10.1999;0.005
22.10.1999;0.005
23.10.1999;0.005
24.10.1999;0.005
25.10.1999;0.005
26.10.1999;0.005
27.10.1999;0.005
28.10.1999;0.005
29.10.1999;0.005
30.10.1999;0.005
31.10.1999;0.005
1.11.1999;0.005
2.11.1999;0.005
3.11.1999;0.005
4.11.1999;0.005
5.11.1999;0.005
6.11.1999;0.005
7.11.1999;0.005
8.11.1999;0.005
9.11.1999;0.005
10.11.1999;0.005
11.11.1999;0.005
12.11.1999;0.005
13.11.1999;0.005
14.11.1999;0.005
15.11.1999;0.005
16.11.1999;0.005
17.11.1999;0.005
18.11.1999;0.005
19.11.1999;0.005
20.11.1999;0.005
21.11.1999;0
22.11.1999;0
23.11.1999;0
24.11.1999;0
25.11.1999;0
26.11.1999;0
27.11.1999;0
28.11.1999;0
29.11.1999;0
30.11.1999;0
1.12.1999;0
2.12.1999;0
3.12.1999;0
4.12.1999;0
5.12.1999;0
6.12.1999;0
7.12.1999;0
8.12.1999;0
9.12.1999;0
10.12.1999;0
11.12.1999;0
12.12.1999;0
13.12.1999;0
14.12.1999;0
15.12.1999;0
16.12.1999;0
17.12.1999;0
18.12.1999;0
19.12.1999;0
20.12.1999;0
21.12.1999;0
22.12.1999;0
23.12.1999;0
24.12.1999;0
25.12.1999;0
26.12.1999;0
27.12.1999;0
28.12.1999;0
29.12.1999;0
30.12.1999;0
31.12.1999;0
1.01.2000;0.0003
2.01.2000;0.0003
3.01.2000;0.0003
4.01.2000;0.0003
5.01.2000;0.0003
6.01.2000;0.0003
7.01.2000;0.0003
8.01.2000;0.0003
9.01.2000;0.00025
10.01.2000;0.0003
11.01.2000;0.0003
12.01.2000;0.0003
13.01.2000;0.0003
14.01.2000;0.00025
15.01.2000;0.00025
16.01.2000;0.00022
17.01.2000;0.00022
18.01.2000;0.00022
19.01.2000;0.00017
20.01.2000;0.00017
21.01.2000;0.00017
22.01.2000;0.00013
23.01.2000;0.00013
24.01.2000;0.00017
25.01.2000;0.00017
26.01.2000;0.00017
27.01.2000;0.00017
28.01.2000;0.00017
29.01.2000;0.00017
30.01.2000;0.00017
31.01.2000;0.00017
1.02.2000;0.00017
2.02.2000;0.00017
3.02.2000;0.00017
4.02.2000;0.00017
5.02.2000;0.00017
6.02.2000;0.00017
7.02.2000;0.00022
8.02.2000;0.00025
9.02.2000;0.00013
10.02.2000;0.00005
11.02.2000;0.00003
12.02.2000;0.00007
13.02.2000;0.00022
14.02.2000;0.00077
15.02.2000;0.001
16.02.2000;0.001
17.02.2000;0.001
18.02.2000;0.001
19.02.2000;0.001
20.02.2000;0.001
21.02.2000;0.001
22.02.2000;0.001
23.02.2000;0.001
24.02.2000;0.001
25.02.2000;0.00125
26.02.2000;0.00125
27.02.2000;0.00125
28.02.2000;0.0013
29.02.2000;0.00205
1.03.2000;0.00322
2.03.2000;0.0073
3.03.2000;0.00767
4.03.2000;0.0083
5.03.2000;0.01053
6.03.2000;0.01342
7.03.2000;0.01905
8.03.2000;0.0175
9.03.2000;0.02625
10.03.2000;0.02917
11.03.2000;0.02917
12.03.2000;0.02897
13.03.2000;0.0252
14.03.2000;0.02667
15.03.2000;0.02667
16.03.2000;0.02125
17.03.2000;0.01897
18.03.2000;0.01938
19.03.2000;0.01917
20.03.2000;0.01708
21.03.2000;0.0175
22.03.2000;0.01583
23.03.2000;0.01583
24.03.2000;0.01583
25.03.2000;0.01583
26.03.2000;0.01625
27.03.2000;0.02355
28.03.2000;0.025
29.03.2000;0.02125
30.03.2000;0.02292
31.03.2000;0.02647
1.04.2000;0.02625
2.04.2000;0.03
3.04.2000;0.0925
4.04.2000;0.12522
5.04.2000;0.16458
6.04.2000;0.25208
7.04.2000;0.25833
8.04.2000;0.24375
9.04.2000;0.2198
10.04.2000;0.20522
11.04.2000;0.19167
12.04.2000;0.18813
13.04.2000;0.18022
14.04.2000;0.17917
15.04.2000;0.17917
16.04.2000;0.17917
17.04.2000;0.17917
18.04.2000;0.15792
19.04.2000;0.14417
20.04.2000;0.12938
21.04.2000;0.11792
22.04.2000;0.10647
23.04.2000;0.09542
24.04.2000;0.0875
25.04.2000;0.085
26.04.2000;0.07792
27.04.2000;0.08188
28.04.2000;0.07542
29.04.2000;0.08458
30.04.2000;0.06625
1.05.2000;0.065
2.05.2000;0.05917
3.05.2000;0.0523
4.05.2000;0.04708
5.05.2000;0.04333
6.05.2000;0.04583
7.05.2000;0.04458
8.05.2000;0.04042
9.05.2000;0.04125
10.05.2000;0.04333
11.05.2000;0.12522
12.05.2000;0.13563
13.05.2000;0.13147
14.05.2000;0.12917
15.05.2000;0.12438
16.05.2000;0.11667
17.05.2000;0.115
18.05.2000;0.11125
19.05.2000;0.10958
20.05.2000;0.05333
21.05.2000;0.10125
22.05.2000;0.09313
23.05.2000;0.08605
24.05.2000;0.07958
25.05.2000;0.07647
26.05.2000;0.07083
27.05.2000;0.06792
28.05.2000;0.06397
29.05.2000;0.06897
30.05.2000;0.06313
31.05.2000;0.06083
1.06.2000;0.05917
2.06.2000;0.05833
3.06.2000;0.05833
4.06.2000;0.06
5.06.2000;0.06083
6.06.2000;0.05833
7.06.2000;0.05833
8.06.2000;0.05708
9.06.2000;0.05353
10.06.2000;0.05175
11.06.2000;0.04875
12.06.2000;0.0475
13.06.2000;0.0425
14.06.2000;0.03792
15.06.2000;0.03583
16.06.2000;0.03708
17.06.2000;0.02833
18.06.2000;0.0275
19.06.2000;0.02583
20.06.2000;0.02563
21.06.2000;0.025
22.06.2000;0.02583
23.06.2000;0.02667
24.06.2000;0.02667
25.06.2000;0.0273
26.06.2000;0.02917
27.06.2000;0.02542
28.06.2000;0.0223
29.06.2000;0.0198
30.06.2000;0.01708
1.07.2000;0.01417
2.07.2000;0.01167
3.07.2000;0.01045
4.07.2000;0.00863
5.07.2000;0.00538
6.07.2000;0.00325
7.07.2000;0.003
8.07.2000;0.003
9.07.2000;0.003
10.07.2000;0.00525
11.07.2000;0.00583
12.07.2000;0.00608
13.07.2000;0.00633
14.07.2000;0.00633
15.07.2000;0.00633
16.07.2000;0.0138
17.07.2000;0.01542
18.07.2000;0.0095
19.07.2000;0.01483
20.07.2000;0.00775
21.07.2000;0.00625
22.07.2000;0.00575
23.07.2000;0.0055
24.07.2000;0.00583
25.07.2000;0.00583
26.07.2000;0.00792
27.07.2000;0.0098
28.07.2000;0.00588
29.07.2000;0.03878
30.07.2000;0.02955
31.07.2000;0.01138
1.08.2000;0.00775
2.08.2000;0.0063
3.08.2000;0.00583
4.08.2000;0.00563
5.08.2000;0.005
6.08.2000;0.005
7.08.2000;0.00847
8.08.2000;0.00592
9.08.2000;0.00338
10.08.2000;0.00267
11.08.2000;0.00217
12.08.2000;0.00217
13.08.2000;0.00183
14.08.2000;0.00133
15.08.2000;0.00133
16.08.2000;0.00133
17.08.2000;0.00317
18.08.2000;0.00467
19.08.2000;0.00467
20.08.2000;0.00467
21.08.2000;0.00467
22.08.2000;0.00467
23.08.2000;0.00467
24.08.2000;0.00467
25.08.2000;0.00467
26.08.2000;0.00467
27.08.2000;0.00467
28.08.2000;0.00467
29.08.2000;0.00467
30.08.2000;0.005
31.08.2000;0.00538
1.09.2000;0.00567
2.09.2000;0.00608
3.09.2000;0.0065
4.09.2000;0.0075
5.09.2000;0.0075
6.09.2000;0.0073
7.09.2000;0.00667
8.09.2000;0.00608
9.09.2000;0.00583
10.09.2000;0.00583
11.09.2000;0.00583
12.09.2000;0.00583
13.09.2000;0.00583
14.09.2000;0.00583
15.09.2000;0.00583
16.09.2000;0.00583
17.09.2000;0.00583
18.09.2000;0.00583
19.09.2000;0.00583
20.09.2000;0.00583
21.09.2000;0.00583
22.09.2000;0.00583
23.09.2000;0.00583
24.09.2000;0.0055
25.09.2000;0.00467
26.09.2000;0.00467
27.09.2000;0.00467
28.09.2000;0.00467
29.09.2000;0.00467
30.09.2000;0.00467
1.10.2000;0.00467
2.10.2000;0.00467
3.10.2000;0.00467
4.10.2000;0.00467
5.10.2000;0.00458
6.10.2000;0.0045
7.10.2000;0.0045
8.10.2000;0.0045
9.10.2000;0.0045
10.10.2000;0.0045
11.10.2000;0.0045
12.10.2000;0.0045
13.10.2000;0.0045
14.10.2000;0.0045
15.10.2000;0.0045
16.10.2000;0.0045
17.10.2000;0
18.10.2000;0
19.10.2000;0
20.10.2000;0
21.10.2000;0
22.10.2000;0
23.10.2000;0
24.10.2000;0
25.10.2000;0
26.10.2000;0
27.10.2000;0
28.10.2000;0
29.10.2000;0
30.10.2000;0.00333
31.10.2000;0.00333
1.11.2000;0.00333
2.11.2000;0.00333
3.11.2000;0.00333
4.11.2000;0.00333
5.11.2000;0.00333
6.11.2000;0.00333
7.11.2000;0.00333
8.11.2000;0.00333
9.11.2000;0.00333
10.11.2000;0.00333
11.11.2000;0.00333
12.11.2000;0.00333
13.11.2000;0.00333
14.11.2000;0.00333
15.11.2000;0.00333
16.11.2000;0.00333
17.11.2000;0.00333
18.11.2000;0.00333
19.11.2000;0.00333
20.11.2000;0.00333
21.11.2000;0
22.11.2000;0
23.11.2000;0
24.11.2000;0
25.11.2000;0
26.11.2000;0
27.11.2000;0
28.11.2000;0
29.11.2000;0
30.11.2000;0
1.12.2000;0
2.12.2000;0
3.12.2000;0
4.12.2000;0
5.12.2000;0
6.12.2000;0
7.12.2000;0
8.12.2000;0
9.12.2000;0
10.12.2000;0
11.12.2000;0
12.12.2000;0
13.12.2000;0
14.12.2000;0
15.12.2000;0
16.12.2000;0
17.12.2000;0
18.12.2000;0
19.12.2000;0
20.12.2000;0
21.12.2000;0
22.12.2000;0
23.12.2000;0
24.12.2000;0
25.12.2000;0
26.12.2000;0
27.12.2000;0
28.12.2000;0
29.12.2000;0
30.12.2000;0
31.12.2000;0
1.01.2001;0
2.01.2001;0
3.01.2001;0
4.01.2001;0
5.01.2001;0
6.01.2001;0
7.01.2001;0
8.01.2001;0.00117
9.01.2001;0.0012
10.01.2001;0.0013
11.01.2001;0.00157
12.01.2001;0.00183
13.01.2001;0.002
14.01.2001;0.00237
15.01.2001;0.0025
16.01.2001;0.0025
17.01.2001;0.0025
18.01.2001;0.00225
19.01.2001;0.002
20.01.2001;0.002
21.01.2001;0.00167
22.01.2001;0.00167
23.01.2001;0.00167
24.01.2001;0.00167
25.01.2001;0.00167
26.01.2001;0.00292
27.01.2001;0.00625
28.01.2001;0.01125
29.01.2001;0.01708
30.01.2001;0.01833
31.01.2001;0.01833
1.02.2001;0.01833
2.02.2001;0.01833
3.02.2001;0.01833
4.02.2001;0.01917
5.02.2001;0.01917
6.02.2001;0.01875
7.02.2001;0.01667
8.02.2001;0.01917
9.02.2001;0.02397
10.02.2001;0.02853
11.02.2001;0.03397
12.02.2001;0.03833
13.02.2001;0.03833
14.02.2001;0.03667
15.02.2001;0.035
16.02.2001;0.03333
17.02.2001;0.03
18.02.2001;0.02833
19.02.2001;0.02583
20.02.2001;0.02333
21.02.2001;0.02333
22.02.2001;0.02147
23.02.2001;0.02
24.02.2001;0.01833
25.02.2001;0.01667
26.02.2001;0.01458
27.02.2001;0.01417
28.02.2001;0.01375
1.03.2001;0.01333
2.03.2001;0.01333
3.03.2001;0.01333
4.03.2001;0.01333
5.03.2001;0.01417
6.03.2001;0.02042
7.03.2001;0.03458
8.03.2001;0.03958
9.03.2001;0.04167
10.03.2001;0.04167
11.03.2001;0.04625
12.03.2001;0.04833
13.03.2001;0.04667
14.03.2001;0.04667
15.03.2001;0.04667
16.03.2001;0.04667
17.03.2001;0.04667
18.03.2001;0.045
19.03.2001;0.04333
20.03.2001;0.04167
21.03.2001;0.04083
22.03.2001;0.04333
23.03.2001;0.04667
24.03.2001;0.04833
25.03.2001;0.05167
26.03.2001;0.05417
27.03.2001;0.05833
28.03.2001;0.0625
29.03.2001;0.065
30.03.2001;0.07
31.03.2001;0.075
1.04.2001;0.07917
2.04.2001;0.08333
3.04.2001;0.08667
4.04.2001;0.08667
5.04.2001;0.08667
6.04.2001;0.08667
7.04.2001;0.08667
8.04.2001;0.08833
9.04.2001;0.08833
10.04.2001;0.08833
11.04.2001;0.08833
12.04.2001;0.08833
13.04.2001;0.08833
14.04.2001;0.08833
15.04.2001;0.08833
16.04.2001;0.08833
17.04.2001;0.08833
18.04.2001;0.08833
19.04.2001;0.08833
20.04.2001;0.08833
21.04.2001;0.09167
22.04.2001;0.09583
23.04.2001;0.10103
24.04.2001;0.0975
25.04.2001;0.09792
26.04.2001;0.10603
27.04.2001;0.10833
28.04.2001;0.10833
29.04.2001;0.1048
30.04.2001;0.09833
1.05.2001;0.09542
2.05.2001;0.09167
3.05.2001;0.09167
4.05.2001;0.09167
5.05.2001;0.09167
6.05.2001;0.09167
7.05.2001;0.09167
8.05.2001;0.09167
9.05.2001;0.09167
10.05.2001;0.09167
11.05.2001;0.09167
12.05.2001;0.09167
13.05.2001;0.09167
14.05.2001;0.09167
15.05.2001;0.09167
16.05.2001;0.09167
17.05.2001;0.09167
18.05.2001;0.09167
19.05.2001;0.09167
20.05.2001;0.09167
21.05.2001;0.08958
22.05.2001;0.07167
23.05.2001;0.05833
24.05.2001;0.045
25.05.2001;0.035
26.05.2001;0.025
27.05.2001;0.01833
28.05.2001;0.01417
29.05.2001;0.01292
30.05.2001;0.0125
31.05.2001;0.01167
1.06.2001;0.01167
2.06.2001;0.01167
3.06.2001;0.01125
4.06.2001;0.01167
5.06.2001;0.01
6.06.2001;0.01
7.06.2001;0.01
8.06.2001;0.01
9.06.2001;0.01
10.06.2001;0.0095
11.06.2001;0.00917
12.06.2001;0.00917
13.06.2001;0.00917
14.06.2001;0.00917
15.06.2001;0.00917
16.06.2001;0.00917
17.06.2001;0.00917
18.06.2001;0.00917
19.06.2001;0.00917
20.06.2001;0.00917
21.06.2001;0.00917
22.06.2001;0.00833
23.06.2001;0.00833
24.06.2001;0.00833
25.06.2001;0.00813
26.06.2001;0.0075
27.06.2001;0.0075
28.06.2001;0.00667
29.06.2001;0.00667
30.06.2001;0.00583
1.07.2001;0.00583
2.07.2001;0.00542
3.07.2001;0.005
4.07.2001;0.005
5.07.2001;0.005
6.07.2001;0.005
7.07.2001;0.005
8.07.2001;0.005
9.07.2001;0.00417
10.07.2001;0.00417
11.07.2001;0.00417
12.07.2001;0.00417
13.07.2001;0.00417
14.07.2001;0.00417
15.07.2001;0.00417
16.07.2001;0.00417
17.07.2001;0.00417
18.07.2001;0.00575
19.07.2001;0.00353
20.07.2001;0.00333
21.07.2001;0.00333
22.07.2001;0.00333
23.07.2001;0.005
24.07.2001;0.0052
25.07.2001;0.00417
26.07.2001;0.00342
27.07.2001;0.00267
28.07.2001;0.0025
29.07.2001;0.0023
30.07.2001;0.0023
31.07.2001;0.0025
1.08.2001;0.0024
2.08.2001;0.00192
3.08.2001;0.00167
4.08.2001;0.00167
5.08.2001;0.00167
6.08.2001;0.00167
7.08.2001;0.00158
8.08.2001;0.00133
9.08.2001;0.00133
10.08.2001;0.00133
11.08.2001;0.00133
12.08.2001;0.00133
13.08.2001;0.00133
14.08.2001;0.00133
15.08.2001;0.00133
16.08.2001;0.00133
17.08.2001;0.00133
18.08.2001;0.00133
19.08.2001;0.00133
20.08.2001;0.00133
21.08.2001;0.00133
22.08.2001;0.01225
23.08.2001;0.00242
24.08.2001;0.00167
25.08.2001;0.00167
26.08.2001;0.00167
27.08.2001;0.00167
28.08.2001;0.0015
29.08.2001;0.0015
30.08.2001;0.00133
31.08.2001;0.00133
1.09.2001;0.00133
2.09.2001;0.00133
3.09.2001;0.00133
4.09.2001;0.00133
5.09.2001;0.00133
6.09.2001;0.00133
7.09.2001;0.00133
8.09.2001;0.00117
9.09.2001;0.00117
10.09.2001;0.00117
11.09.2001;0.00117
12.09.2001;0.00117
13.09.2001;0.00117
14.09.2001;0.00117
15.09.2001;0.00117
16.09.2001;0.00117
17.09.2001;0.00125
18.09.2001;0.00125
19.09.2001;0.00125
20.09.2001;0.00125
21.09.2001;0.00133
22.09.2001;0.00133
23.09.2001;0.00133
24.09.2001;0.00167
25.09.2001;0.0017
26.09.2001;0.0013
27.09.2001;0.00117
28.09.2001;0.001
29.09.2001;0.00083
30.09.2001;0.00083
1.10.2001;0.00083
2.10.2001;0.00083
3.10.2001;0.00083
4.10.2001;0.00083
5.10.2001;0.00083
6.10.2001;0.00083
7.10.2001;0.00083
8.10.2001;0.00083
9.10.2001;0.00083
10.10.2001;0.00083
11.10.2001;0.00083
12.10.2001;0.00083
13.10.2001;0.00083
14.10.2001;0.00083
15.10.2001;0.00083
16.10.2001;0.00083
17.10.2001;0.00083
18.10.2001;0.00083
19.10.2001;0.00083
20.10.2001;0.00083
21.10.2001;0.00083
22.10.2001;0.00083
23.10.2001;0.00083
24.10.2001;0.00083
25.10.2001;0.00083
26.10.2001;0.00083
27.10.2001;0.00083
28.10.2001;0.00083
29.10.2001;0.00083
30.10.2001;0.00083
31.10.2001;0.00083
1.11.2001;0.00083
2.11.2001;0.00083
3.11.2001;0.00083
4.11.2001;0.00083
5.11.2001;0.00083
6.11.2001;0
7.11.2001;0
8.11.2001;0
9.11.2001;0
10.11.2001;0
11.11.2001;0
12.11.2001;0
13.11.2001;0
14.11.2001;0
15.11.2001;0
16.11.2001;0
17.11.2001;0
18.11.2001;0
19.11.2001;0
20.11.2001;0
21.11.2001;0
22.11.2001;0
23.11.2001;0
24.11.2001;0
25.11.2001;0
26.11.2001;0
27.11.2001;0
28.11.2001;0
29.11.2001;0
30.11.2001;0
1.12.2001;0
2.12.2001;0
3.12.2001;0
4.12.2001;0
5.12.2001;0
6.12.2001;0
7.12.2001;0
8.12.2001;0
9.12.2001;0
10.12.2001;0
11.12.2001;0
12.12.2001;0
13.12.2001;0
14.12.2001;0
15.12.2001;0
16.12.2001;0
17.12.2001;0
18.12.2001;0
19.12.2001;0
20.12.2001;0
21.12.2001;0
22.12.2001;0
23.12.2001;0
24.12.2001;0
25.12.2001;0
26.12.2001;0
27.12.2001;0
28.12.2001;0
29.12.2001;0
30.12.2001;0
31.12.2001;0
1.01.2002;0
2.01.2002;0
3.01.2002;0
4.01.2002;0
5.01.2002;0
6.01.2002;0
7.01.2002;0.00033
8.01.2002;0.00033
9.01.2002;0.00033
10.01.2002;0.00033
11.01.2002;0.00033
12.01.2002;0.00033
13.01.2002;0.0003
14.01.2002;0.00025
15.01.2002;0.00025
16.01.2002;0.00025
17.01.2002;0.00025
18.01.2002;0.00025
19.01.2002;0.00025
20.01.2002;0.00025
21.01.2002;0.00025
22.01.2002;0.00025
23.01.2002;0.00025
24.01.2002;0.00033
25.01.2002;0.00042
26.01.2002;0.00025
27.01.2002;0.00025
28.01.2002;0.00017
29.01.2002;0.00017
30.01.2002;0.00023
31.01.2002;0.00025
1.02.2002;0.00018
2.02.2002;0.00017
3.02.2002;0.0001
4.02.2002;0.00003
5.02.2002;0.00003
6.02.2002;0.00003
7.02.2002;0.00003
8.02.2002;0.00003
9.02.2002;0.00005
10.02.2002;0.00005
11.02.2002;0.00005
12.02.2002;0.00005
13.02.2002;0.00005
14.02.2002;0.00003
15.02.2002;0.00003
16.02.2002;0.00003
17.02.2002;0.00003
18.02.2002;0.00003
19.02.2002;0.00003
20.02.2002;0.00003
21.02.2002;0.00003
22.02.2002;0.00003
23.02.2002;0.00003
24.02.2002;0.00003
25.02.2002;0.00003
26.02.2002;0.00003
27.02.2002;0.00003
28.02.2002;0.00003
1.03.2002;0.00005
2.03.2002;0.00007
3.03.2002;0.0002
4.03.2002;0.00005
5.03.2002;0.00005
6.03.2002;0.00005
7.03.2002;0.00005
8.03.2002;0.00003
9.03.2002;0.00003
10.03.2002;0.00003
11.03.2002;0.00003
12.03.2002;0.00003
13.03.2002;0.00003
14.03.2002;0.00003
15.03.2002;0.00003
16.03.2002;0.00003
17.03.2002;0.00003
18.03.2002;0.00003
19.03.2002;0.00003
20.03.2002;0.00003
21.03.2002;0.00003
22.03.2002;0.00003
23.03.2002;0.00003
24.03.2002;0.00003
25.03.2002;0.00003
26.03.2002;0.00003
27.03.2002;0.00003
28.03.2002;0.00003
29.03.2002;0.00003
30.03.2002;0.00003
31.03.2002;0.00003
1.04.2002;0.00003
2.04.2002;0.00003
3.04.2002;0.00003
4.04.2002;0.00003
5.04.2002;0.00003
6.04.2002;0.00003
7.04.2002;0.00003
8.04.2002;0.00003
9.04.2002;0.00003
10.04.2002;0.00003
11.04.2002;0.00003
12.04.2002;0.00003
13.04.2002;0.00005
14.04.2002;0.00003
15.04.2002;0.00003
16.04.2002;0.00003
17.04.2002;0.00003
18.04.2002;0.00003
19.04.2002;0.00003
20.04.2002;0.00003
21.04.2002;0.00003
22.04.2002;0.00003
23.04.2002;0.00003
24.04.2002;0.00003
25.04.2002;0.00003
26.04.2002;0.00003
27.04.2002;0.00003
28.04.2002;0.00003
29.04.2002;0.00003
30.04.2002;0.00003
1.05.2002;0.00003
2.05.2002;0.00003
3.05.2002;0.00003
4.05.2002;0.00003
5.05.2002;0.00003
6.05.2002;0.00003
7.05.2002;0.00003
8.05.2002;0.00003
9.05.2002;0.00003
10.05.2002;0.00003
11.05.2002;0.00003
12.05.2002;0.00003
13.05.2002;0.00003
14.05.2002;0.00003
15.05.2002;0.00003
16.05.2002;0.00003
17.05.2002;0.00003
18.05.2002;0.00003
19.05.2002;0.00003
20.05.2002;0.00003
21.05.2002;0.00003
22.05.2002;0.00003
23.05.2002;0.00003
24.05.2002;0.00003
25.05.2002;0.00003
26.05.2002;0.00003
27.05.2002;0.00003
28.05.2002;0.00003
29.05.2002;0.00003
30.05.2002;0.00003
31.05.2002;0.00003
1.06.2002;0.00003
2.06.2002;0.00003
3.06.2002;0.00003
4.06.2002;0.00003
5.06.2002;0.00003
6.06.2002;0.00003
7.06.2002;0.00003
8.06.2002;0.00003
9.06.2002;0.00003
10.06.2002;0.00035
11.06.2002;0.0001
12.06.2002;0.00003
13.06.2002;0.00003
14.06.2002;0.00003
15.06.2002;0.00003
16.06.2002;0.00003
17.06.2002;0.00003
18.06.2002;0.00003
19.06.2002;0.00003
20.06.2002;0.00003
21.06.2002;0.00003
22.06.2002;0.00003
23.06.2002;0.00003
24.06.2002;0.00003
25.06.2002;0.00003
26.06.2002;0.00003
27.06.2002;0.00003
28.06.2002;0
29.06.2002;0
30.06.2002;0
1.07.2002;0
2.07.2002;0
3.07.2002;0
4.07.2002;0
5.07.2002;0
6.07.2002;0
7.07.2002;0
8.07.2002;0
9.07.2002;0
10.07.2002;0
11.07.2002;0
12.07.2002;0
13.07.2002;0
14.07.2002;0
15.07.2002;0
16.07.2002;0.00005
17.07.2002;0.0009
18.07.2002;0.00193
19.07.2002;0.00007
20.07.2002;0.00003
21.07.2002;0.00003
22.07.2002;0.00043
23.07.2002;0.00008
24.07.2002;0.00007
25.07.2002;0.00018
26.07.2002;0.00037
27.07.2002;0.00075
28.07.2002;0.00192
29.07.2002;0.00217
30.07.2002;0.00217
31.07.2002;0.002
1.08.2002;0.00175
2.08.2002;0.00142
3.08.2002;0.00117
4.08.2002;0.001
5.08.2002;0.00083
6.08.2002;0.00075
7.08.2002;0.00067
8.08.2002;0.00067
9.08.2002;0.00142
10.08.2002;0.00108
11.08.2002;0.00375
12.08.2002;0.005
13.08.2002;0.00667
14.08.2002;0.00792
15.08.2002;0.00783
16.08.2002;0.00817
17.08.2002;0.00833
18.08.2002;0.00783
19.08.2002;0.00783
20.08.2002;0.00783
21.08.2002;0.0075
22.08.2002;0.00667
23.08.2002;0.00625
24.08.2002;0.005
25.08.2002;0.00453
26.08.2002;0.00417
27.08.2002;0.00417
28.08.2002;0.004
29.08.2002;0.00358
30.08.2002;0.00333
31.08.2002;0.00283
1.09.2002;0.00267
2.09.2002;0.00217
3.09.2002;0.00217
4.09.2002;0.00217
5.09.2002;0.002
6.09.2002;0.00183
7.09.2002;0.00167
8.09.2002;0.00167
9.09.2002;0.0015
10.09.2002;0.00133
11.09.2002;0.00128
12.09.2002;0.001
13.09.2002;0.001
14.09.2002;0.001
15.09.2002;0.001
16.09.2002;0.001
17.09.2002;0.00092
18.09.2002;0.00087
19.09.2002;0.0008
20.09.2002;0.00067
21.09.2002;0.00067
22.09.2002;0.00058
23.09.2002;0.00058
24.09.2002;0.0005
25.09.2002;0.00033
26.09.2002;0.0003
27.09.2002;0.00028
28.09.2002;0.00025
29.09.2002;0.00025
30.09.2002;0.00017
1.10.2002;0.00017
2.10.2002;0.00017
3.10.2002;0.00013
4.10.2002;0.00012
5.10.2002;0.0001
6.10.2002;0.00008
7.10.2002;0.00008
8.10.2002;0.00008
9.10.2002;0.00008
10.10.2002;0.00008
11.10.2002;0.00008
12.10.2002;0.00042
13.10.2002;0.00022
14.10.2002;0.00017
15.10.2002;0.00017
16.10.2002;0.0002
17.10.2002;0.00017
18.10.2002;0.00013
19.10.2002;0.0001
20.10.2002;0.00008
21.10.2002;0.00008
22.10.2002;0.00008
23.10.2002;0.00008
24.10.2002;0.0004
25.10.2002;0.00017
26.10.2002;0.0002
27.10.2002;0.00018
28.10.2002;0.00025
29.10.2002;0.00025
30.10.2002;0.00025
31.10.2002;0.00025
1.11.2002;0.00033
2.11.2002;0.00042
3.11.2002;0.0005
4.11.2002;0.0005
5.11.2002;0.00042
6.11.2002;0.00033
7.11.2002;0.00033
8.11.2002;0.00025
9.11.2002;0.00025
10.11.2002;0.00025
11.11.2002;0.00025
12.11.2002;0.00025
13.11.2002;0.00025
14.11.2002;0.00027
15.11.2002;0.00043
16.11.2002;0.00082
17.11.2002;0.00153
18.11.2002;0.00167
19.11.2002;0.00187
20.11.2002;0.00208
21.11.2002;0.00208
22.11.2002;0.00208
23.11.2002;0
24.11.2002;0
25.11.2002;0
26.11.2002;0
27.11.2002;0
28.11.2002;0
29.11.2002;0
30.11.2002;0
1.12.2002;0
2.12.2002;0
3.12.2002;0
4.12.2002;0
5.12.2002;0
6.12.2002;0
7.12.2002;0
8.12.2002;0
9.12.2002;0
10.12.2002;0
11.12.2002;0
12.12.2002;0
13.12.2002;0
14.12.2002;0
15.12.2002;0
16.12.2002;0
17.12.2002;0
18.12.2002;0
19.12.2002;0
20.12.2002;0
21.12.2002;0
22.12.2002;0
23.12.2002;0
24.12.2002;0
25.12.2002;0
26.12.2002;0
27.12.2002;0
28.12.2002;0
29.12.2002;0
30.12.2002;0
31.12.2002;0
1.01.2003;0
2.01.2003;0
3.01.2003;0
4.01.2003;0
5.01.2003;0
6.01.2003;0.00333
7.01.2003;0.00333
8.01.2003;0.00333
9.01.2003;0.00317
10.01.2003;0.003
11.01.2003;0.00292
12.01.2003;0.00292
13.01.2003;0.00292
14.01.2003;0.00292
15.01.2003;0.00292
16.01.2003;0.00283
17.01.2003;0.00283
18.01.2003;0.00283
19.01.2003;0.00283
20.01.2003;0.0028
21.01.2003;0.00292
22.01.2003;0.00283
23.01.2003;0.00267
24.01.2003;0.00267
25.01.2003;0.0025
26.01.2003;0.0025
27.01.2003;0.0025
28.01.2003;0.00283
29.01.2003;0.00292
30.01.2003;0.00292
31.01.2003;0.0028
1.02.2003;0.00233
2.02.2003;0.00208
3.02.2003;0.00208
4.02.2003;0.00218
5.02.2003;0.0025
6.02.2003;0.0025
7.02.2003;0.00247
8.02.2003;0.00215
9.02.2003;0.00208
10.02.2003;0.00208
11.02.2003;0.00208
12.02.2003;0.00208
13.02.2003;0.00208
14.02.2003;0.00183
15.02.2003;0.002
16.02.2003;0.002
17.02.2003;0.002
18.02.2003;0.002
19.02.2003;0.00227
20.02.2003;0.003
21.02.2003;0.002
22.02.2003;0.00167
23.02.2003;0.00167
24.02.2003;0.00167
25.02.2003;0.00167
26.02.2003;0.00167
27.02.2003;0.00167
28.02.2003;0.00172
1.03.2003;0.00183
2.03.2003;0.00183
3.03.2003;0.00183
4.03.2003;0.00167
5.03.2003;0.00167
6.03.2003;0.00183
7.03.2003;0.002
8.03.2003;0.00208
9.03.2003;0.00233
10.03.2003;0.00275
11.03.2003;0.0038
12.03.2003;0.00667
13.03.2003;0.00987
14.03.2003;0.01167
15.03.2003;0.01667
16.03.2003;0.01967
17.03.2003;0.01983
18.03.2003;0.02
19.03.2003;0.0225
20.03.2003;0.02417
21.03.2003;0.02667
22.03.2003;0.03
23.03.2003;0.02853
24.03.2003;0.02125
25.03.2003;0.02313
26.03.2003;0.02187
27.03.2003;0.01917
28.03.2003;0.01833
29.03.2003;0.01813
30.03.2003;0.01792
31.03.2003;0.01687
1.04.2003;0.01437
2.04.2003;0.01333
3.04.2003;0.01375
4.04.2003;0.01208
5.04.2003;0.01083
6.04.2003;0.0112
7.04.2003;0.01083
8.04.2003;0.01083
9.04.2003;0.01125
10.04.2003;0.01
11.04.2003;0.0098
12.04.2003;0.009
13.04.2003;0.00917
14.04.2003;0.01042
15.04.2003;0.01125
16.04.2003;0.01147
17.04.2003;0.01103
18.04.2003;0.01125
19.04.2003;0.01147
20.04.2003;0.01125
21.04.2003;0.01103
22.04.2003;0.01167
23.04.2003;0.01187
24.04.2003;0.01083
25.04.2003;0.01083
26.04.2003;0.01083
27.04.2003;0.01083
28.04.2003;0.01083
29.04.2003;0.01083
30.04.2003;0.01083
1.05.2003;0.01083
2.05.2003;0.01083
3.05.2003;0.01103
4.05.2003;0.01
5.05.2003;0.01
6.05.2003;0.01
7.05.2003;0.01
8.05.2003;0.01
9.05.2003;0.01
10.05.2003;0.01
11.05.2003;0.00833
12.05.2003;0.00792
13.05.2003;0.0075
14.05.2003;0.0075
15.05.2003;0.0075
16.05.2003;0.0075
17.05.2003;0.0075
18.05.2003;0.0075
19.05.2003;0.00667
20.05.2003;0.00583
21.05.2003;0.00667
22.05.2003;0.00647
23.05.2003;0.00583
24.05.2003;0.00542
25.05.2003;0.00542
26.05.2003;0.00542
27.05.2003;0.00563
28.05.2003;0.00542
29.05.2003;0.00563
30.05.2003;0.005
31.05.2003;0.00483
1.06.2003;0.00467
2.06.2003;0.00467
3.06.2003;0.00467
4.06.2003;0.00417
5.06.2003;0.00375
6.06.2003;0.00375
7.06.2003;0.00333
8.06.2003;0.00292
9.06.2003;0.0051
10.06.2003;0.00292
11.06.2003;0.00333
12.06.2003;0.00333
13.06.2003;0.00343
14.06.2003;0.00375
15.06.2003;0.00333
16.06.2003;0.00333
17.06.2003;0.00323
18.06.2003;0.00292
19.06.2003;0.0025
20.06.2003;0.0025
21.06.2003;0.00233
22.06.2003;0.00217
23.06.2003;0.00217
24.06.2003;0.00217
25.06.2003;0.00217
26.06.2003;0.00217
27.06.2003;0.00217
28.06.2003;0.00217
29.06.2003;0.002
30.06.2003;0.00175
1.07.2003;0.00167
2.07.2003;0.00167
3.07.2003;0.00167
4.07.2003;0.00167
5.07.2003;0.00167
6.07.2003;0.00147
7.07.2003;0.00125
8.07.2003;0.00125
9.07.2003;0.00125
10.07.2003;0.00125
11.07.2003;0.00125
12.07.2003;0.00125
13.07.2003;0.0014
14.07.2003;0.00083
15.07.2003;0.00083
16.07.2003;0.00083
17.07.2003;0.00083
18.07.2003;0.00075
19.07.2003;0.00067
20.07.2003;0.00067
21.07.2003;0.00058
22.07.2003;0.0005
23.07.2003;0.0005
24.07.2003;0.0005
25.07.2003;0.00058
26.07.2003;0.00058
27.07.2003;0.0005
28.07.2003;0.0005
29.07.2003;0.00325
30.07.2003;0.00053
31.07.2003;0.0005
1.08.2003;0.0005
2.08.2003;0.0005
3.08.2003;0.00033
4.08.2003;0.00025
5.08.2003;0.00025
6.08.2003;0.00025
7.08.2003;0.00025
8.08.2003;0.00025
9.08.2003;0.0003
10.08.2003;0.0003
11.08.2003;0.00027
12.08.2003;0.0002
13.08.2003;0.00017
14.08.2003;0.00015
15.08.2003;0.00012
16.08.2003;0.00008
17.08.2003;0.00007
18.08.2003;0.00005
19.08.2003;0.00005
20.08.2003;0.00005
21.08.2003;0.00005
22.08.2003;0.00005
23.08.2003;0.00005
24.08.2003;0.00005
25.08.2003;0.00005
26.08.2003;0
27.08.2003;0
28.08.2003;0
29.08.2003;0
30.08.2003;0
31.08.2003;0
1.09.2003;0
2.09.2003;0
3.09.2003;0
4.09.2003;0
5.09.2003;0
6.09.2003;0
7.09.2003;0
8.09.2003;0
9.09.2003;0
10.09.2003;0
11.09.2003;0
12.09.2003;0
13.09.2003;0
14.09.2003;0
15.09.2003;0
16.09.2003;0
17.09.2003;0
18.09.2003;0
19.09.2003;0
20.09.2003;0
21.09.2003;0
22.09.2003;0
23.09.2003;0
24.09.2003;0
25.09.2003;0
26.09.2003;0
27.09.2003;0
28.09.2003;0
29.09.2003;0
30.09.2003;0
1.10.2003;0
2.10.2003;0
3.10.2003;0
4.10.2003;0
5.10.2003;0
6.10.2003;0
7.10.2003;0
8.10.2003;0
9.10.2003;0
10.10.2003;0
11.10.2003;0
12.10.2003;0
13.10.2003;0
14.10.2003;0
15.10.2003;0
16.10.2003;0
17.10.2003;0
18.10.2003;0
19.10.2003;0
20.10.2003;0
21.10.2003;0
22.10.2003;0
23.10.2003;0
24.10.2003;0
25.10.2003;0
26.10.2003;0
27.10.2003;0
28.10.2003;0
29.10.2003;0
30.10.2003;0
31.10.2003;0
1.11.2003;0
2.11.2003;0
3.11.2003;0
4.11.2003;0
5.11.2003;0
6.11.2003;0
7.11.2003;0
8.11.2003;0
9.11.2003;0
10.11.2003;0
11.11.2003;0
12.11.2003;0
13.11.2003;0
14.11.2003;0
15.11.2003;0
16.11.2003;0
17.11.2003;0
18.11.2003;0
19.11.2003;0
20.11.2003;0
21.11.2003;0
22.11.2003;0
23.11.2003;0
24.11.2003;0
25.11.2003;0
26.11.2003;0
27.11.2003;0
28.11.2003;0
29.11.2003;0
30.11.2003;0
1.12.2003;0
2.12.2003;0
3.12.2003;0
4.12.2003;0
5.12.2003;0
6.12.2003;0
7.12.2003;0
8.12.2003;0
9.12.2003;0
10.12.2003;0
11.12.2003;0
12.12.2003;0
13.12.2003;0
14.12.2003;0
15.12.2003;0
16.12.2003;0
17.12.2003;0
18.12.2003;0
19.12.2003;0
20.12.2003;0
21.12.2003;0
22.12.2003;0
23.12.2003;0
24.12.2003;0
25.12.2003;0
26.12.2003;0
27.12.2003;0
28.12.2003;0
29.12.2003;0
30.12.2003;0
31.12.2003;0
1.01.2004;0
2.01.2004;0
3.01.2004;0
4.01.2004;0
5.01.2004;0
6.01.2004;0
7.01.2004;0
8.01.2004;0
9.01.2004;0
10.01.2004;0
11.01.2004;0
12.01.2004;0
13.01.2004;0
14.01.2004;0
15.01.2004;0
16.01.2004;0
17.01.2004;0
18.01.2004;0
19.01.2004;0
20.01.2004;0
21.01.2004;0
22.01.2004;0
23.01.2004;0
24.01.2004;0
25.01.2004;0
26.01.2004;0
27.01.2004;0
28.01.2004;0
29.01.2004;0
30.01.2004;0
31.01.2004;0
1.02.2004;0
2.02.2004;0
3.02.2004;0
4.02.2004;0
5.02.2004;0
6.02.2004;0
7.02.2004;0
8.02.2004;0
9.02.2004;0
10.02.2004;0
11.02.2004;0
12.02.2004;0
13.02.2004;0
14.02.2004;0
15.02.2004;0
16.02.2004;0
17.02.2004;0
18.02.2004;0
19.02.2004;0
20.02.2004;0
21.02.2004;0
22.02.2004;0
23.02.2004;0
24.02.2004;0
25.02.2004;0
26.02.2004;0
27.02.2004;0
28.02.2004;0
29.02.2004;0
1.03.2004;0
2.03.2004;0
3.03.2004;0
4.03.2004;0
5.03.2004;0
6.03.2004;0
7.03.2004;0
8.03.2004;0
9.03.2004;0
10.03.2004;0
11.03.2004;0
12.03.2004;0
13.03.2004;0
14.03.2004;0
15.03.2004;0
16.03.2004;0
17.03.2004;0
18.03.2004;0
19.03.2004;0
20.03.2004;0
21.03.2004;0
22.03.2004;0
23.03.2004;0
24.03.2004;0
25.03.2004;0
26.03.2004;0
27.03.2004;0
28.03.2004;0
29.03.2004;0
30.03.2004;0
31.03.2004;0
1.04.2004;0
2.04.2004;0
3.04.2004;0
4.04.2004;0
5.04.2004;0
6.04.2004;0
7.04.2004;0
8.04.2004;0
9.04.2004;0
10.04.2004;0
11.04.2004;0
12.04.2004;0
13.04.2004;0
14.04.2004;0
15.04.2004;0
16.04.2004;0
17.04.2004;0
18.04.2004;0
19.04.2004;0
20.04.2004;0
21.04.2004;0
22.04.2004;0
23.04.2004;0
24.04.2004;0
25.04.2004;0
26.04.2004;0
27.04.2004;0
28.04.2004;0
29.04.2004;0
30.04.2004;0
1.05.2004;0
2.05.2004;0
3.05.2004;0
4.05.2004;0
5.05.2004;0
6.05.2004;0
7.05.2004;0
8.05.2004;0
9.05.2004;0
10.05.2004;0
11.05.2004;0
12.05.2004;0
13.05.2004;0
14.05.2004;0
15.05.2004;0
16.05.2004;0
17.05.2004;0
18.05.2004;0
19.05.2004;0
20.05.2004;0
21.05.2004;0
22.05.2004;0
23.05.2004;0
24.05.2004;0
25.05.2004;0
26.05.2004;0
27.05.2004;0
28.05.2004;0
29.05.2004;0
30.05.2004;0
31.05.2004;0
1.06.2004;0
2.06.2004;0
3.06.2004;0
4.06.2004;0
5.06.2004;0
6.06.2004;0
7.06.2004;0
8.06.2004;0
9.06.2004;0
10.06.2004;0
11.06.2004;0
12.06.2004;0
13.06.2004;0
14.06.2004;0
15.06.2004;0
16.06.2004;0
17.06.2004;0
18.06.2004;0
19.06.2004;0
20.06.2004;0
21.06.2004;0
22.06.2004;0
23.06.2004;0
24.06.2004;0
25.06.2004;0
26.06.2004;0
27.06.2004;0
28.06.2004;0
29.06.2004;0
30.06.2004;0
1.07.2004;0.02417
2.07.2004;0.0227
3.07.2004;0.0225
4.07.2004;0.01958
5.07.2004;0.0173
6.07.2004;0.01647
7.07.2004;0.015
8.07.2004;0.01417
9.07.2004;0.01333
10.07.2004;0.01333
11.07.2004;0.01333
12.07.2004;0.0125
13.07.2004;0.01167
14.07.2004;0.01083
15.07.2004;0.0102
16.07.2004;0.00917
17.07.2004;0.00875
18.07.2004;0.00833
19.07.2004;0.00792
20.07.2004;0.0075
21.07.2004;0.00683
22.07.2004;0.00667
23.07.2004;0.00625
24.07.2004;0.00225
25.07.2004;0.002
26.07.2004;0.002
27.07.2004;0.0024
28.07.2004;0.00232
29.07.2004;0.00267
30.07.2004;0.00243
31.07.2004;0.00208
1.08.2004;0.00208
2.08.2004;0.002
3.08.2004;0.0052
4.08.2004;0.00583
5.08.2004;0.00583
6.08.2004;0.0052
7.08.2004;0.005
8.08.2004;0.0048
9.08.2004;0.00458
10.08.2004;0.00458
11.08.2004;0.00458
12.08.2004;0.00458
13.08.2004;0.00458
14.08.2004;0.00417
15.08.2004;0.00375
16.08.2004;0.00397
17.08.2004;0.00333
18.08.2004;0.00333
19.08.2004;0.00292
20.08.2004;0.00292
21.08.2004;0.00292
22.08.2004;0.00292
23.08.2004;0.0025
24.08.2004;0.00208
25.08.2004;0.00208
26.08.2004;0.00208
27.08.2004;0.00208
28.08.2004;0.00208
29.08.2004;0.00208
30.08.2004;0.00208
31.08.2004;0.00208
1.09.2004;0.00198
2.09.2004;0.00167
3.09.2004;0.00167
4.09.2004;0.00167
5.09.2004;0.00167
6.09.2004;0.00167
7.09.2004;0.00167
8.09.2004;0.00167
9.09.2004;0.00167
10.09.2004;0.0015
11.09.2004;0.00133
12.09.2004;0.00117
13.09.2004;0.00117
14.09.2004;0.00117
15.09.2004;0.00117
16.09.2004;0.00117
17.09.2004;0.00117
18.09.2004;0.00125
19.09.2004;0.00125
20.09.2004;0.00125
21.09.2004;0.00125
22.09.2004;0.00125
23.09.2004;0.00125
24.09.2004;0.00117
25.09.2004;0.001
26.09.2004;0.00083
27.09.2004;0.00067
28.09.2004;0.0005
29.09.2004;0.0005
30.09.2004;0.0005
1.10.2004;0.0005
2.10.2004;0.0005
3.10.2004;0.0005
4.10.2004;0.00042
5.10.2004;0.00017
6.10.2004;0.00017
7.10.2004;0.00017
8.10.2004;0.00017
9.10.2004;0.00017
10.10.2004;0.00017
11.10.2004;0.00017
12.10.2004;0.00017
13.10.2004;0.00017
14.10.2004;0.00017
15.10.2004;0.00017
16.10.2004;0.00017
17.10.2004;0.00017
18.10.2004;0.00017
19.10.2004;0.00017
20.10.2004;0.00017
21.10.2004;0.00017
22.10.2004;0.0001
23.10.2004;0.00008
24.10.2004;0.00007
25.10.2004;0.00005
26.10.2004;0.00005
27.10.2004;0.00005
28.10.2004;0.00005
29.10.2004;0.00005
30.10.2004;0.00005
31.10.2004;0.00005
1.11.2004;0.00005
2.11.2004;0.00005
3.11.2004;0.00005
4.11.2004;0.00005
5.11.2004;0.00005
6.11.2004;0.00005
7.11.2004;0.00005
8.11.2004;0.00005
9.11.2004;0.00005
10.11.2004;0.00005
11.11.2004;0.00003
12.11.2004;0.00002
13.11.2004;0.00003
14.11.2004;0.00008
15.11.2004;0.00012
16.11.2004;0.00012
17.11.2004;0.00012
18.11.2004;0.00012
19.11.2004;0.00012
20.11.2004;0.00012
21.11.2004;0.00012
22.11.2004;0.00012
23.11.2004;0.00012
24.11.2004;0.00012
25.11.2004;0.00012
26.11.2004;0.00012
27.11.2004;0.00012
28.11.2004;0.00012
29.11.2004;0.00012
30.11.2004;0.00012
1.12.2004;0.00012
2.12.2004;0.00012
3.12.2004;0.00012
4.12.2004;0.00012
5.12.2004;0.00012
6.12.2004;0.00012
7.12.2004;0.00012
8.12.2004;0.00012
9.12.2004;0.00012
10.12.2004;0.00012
11.12.2004;0.00012
12.12.2004;0.00012
13.12.2004;0.00012
14.12.2004;0.00012
15.12.2004;0.00012
16.12.2004;0.00012
17.12.2004;0.00012
18.12.2004;0.00012
19.12.2004;0.00012
20.12.2004;0.00012
21.12.2004;0.00012
22.12.2004;0.00012
23.12.2004;0.00008
24.12.2004;0.00008
25.12.2004;0.00008
26.12.2004;0.00008
27.12.2004;0.0001
28.12.2004;0.00012
29.12.2004;0.00012
30.12.2004;0.00012
31.12.2004;0.00012
1.01.2005;0.00008
2.01.2005;0.0001
3.01.2005;0.00012
4.01.2005;0.00012
5.01.2005;0.00012
6.01.2005;0.00012
7.01.2005;0.0001
8.01.2005;0.00005
9.01.2005;0.00007
10.01.2005;0.0001
11.01.2005;0.00012
12.01.2005;0.00012
13.01.2005;0.00012
14.01.2005;0.00012
15.01.2005;0.00012
16.01.2005;0.00012
17.01.2005;0.00012
18.01.2005;0.00012
19.01.2005;0.00012
20.01.2005;0.00012
21.01.2005;0.00012
22.01.2005;0.00012
23.01.2005;0.00012
24.01.2005;0.00012
25.01.2005;0.00012
26.01.2005;0.00012
27.01.2005;0.00012
28.01.2005;0.00012
29.01.2005;0.00012
30.01.2005;0.00012
31.01.2005;0.00012
1.02.2005;0.00012
2.02.2005;0.00012
3.02.2005;0.00012
4.02.2005;0.00012
5.02.2005;0.00012
6.02.2005;0.00012
7.02.2005;0.00012
8.02.2005;0.00012
9.02.2005;0.00012
10.02.2005;0.00012
11.02.2005;0.00012
12.02.2005;0.00012
13.02.2005;0.00012
14.02.2005;0.00012
15.02.2005;0.00012
16.02.2005;0.00012
17.02.2005;0.00012
18.02.2005;0.00012
19.02.2005;0.00012
20.02.2005;0.00012
21.02.2005;0.00012
22.02.2005;0.00012
23.02.2005;0.00013
24.02.2005;0.00017
25.02.2005;0.00017
26.02.2005;0.00033
27.02.2005;0.0005
28.02.2005;0.00067
1.03.2005;0.00083
2.03.2005;0.00083
3.03.2005;0.00067
4.03.2005;0.00067
5.03.2005;0.00067
6.03.2005;0.0005
7.03.2005;0.0005
8.03.2005;0.0005
9.03.2005;0.0005
10.03.2005;0.0005
11.03.2005;0.0005
12.03.2005;0.0005
13.03.2005;0.0005
14.03.2005;0.00067
15.03.2005;0.00067
16.03.2005;0.00067
17.03.2005;0.00067
18.03.2005;0.00067
19.03.2005;0.00283
20.03.2005;0.01667
21.03.2005;0.025
22.03.2005;0.025
23.03.2005;0.025
24.03.2005;0.02333
25.03.2005;0.02042
26.03.2005;0.01917
27.03.2005;0.01917
28.03.2005;0.01875
29.03.2005;0.01833
30.03.2005;0.0125
31.03.2005;0.0125
1.04.2005;0.01042
2.04.2005;0.00833
3.04.2005;0.00833
4.04.2005;0.00833
5.04.2005;0.00833
6.04.2005;0.00833
7.04.2005;0.00833
8.04.2005;0.00833
9.04.2005;0.00833
10.04.2005;0.00833
11.04.2005;0.00583
12.04.2005;0.00583
13.04.2005;0.00583
14.04.2005;0.00583
15.04.2005;0.00583
16.04.2005;0.00583
17.04.2005;0.00583
18.04.2005;0.00583
19.04.2005;0.00583
20.04.2005;0.00583
21.04.2005;0.00583
22.04.2005;0.00583
23.04.2005;0.00583
24.04.2005;0.01333
25.04.2005;0.03667
26.04.2005;0.07397
27.04.2005;0.10833
28.04.2005;0.1073
29.04.2005;0.08687
30.04.2005;0.07437
1.05.2005;0.06167
2.05.2005;0.0525
3.05.2005;0.0452
4.05.2005;0.04083
5.05.2005;0.03542
6.05.2005;0.0325
7.05.2005;0.03083
8.05.2005;0.02833
9.05.2005;0.02458
10.05.2005;0.02125
11.05.2005;0.02
12.05.2005;0.01792
13.05.2005;0.01583
14.05.2005;0.01353
15.05.2005;0.01542
16.05.2005;0.0125
17.05.2005;0.01397
18.05.2005;0.01208
19.05.2005;0.0375
20.05.2005;0.05583
21.05.2005;0.05375
22.05.2005;0.0475
23.05.2005;0.03958
24.05.2005;0.03458
25.05.2005;0.03333
26.05.2005;0.03167
27.05.2005;0.02833
28.05.2005;0.02583
29.05.2005;0.02375
30.05.2005;0.02083
31.05.2005;0.01792
1.06.2005;0.015
2.06.2005;0.015
3.06.2005;0.01437
4.06.2005;0.01417
5.06.2005;0.01083
6.06.2005;0.01083
7.06.2005;0.01083
8.06.2005;0.01083
9.06.2005;0.01083
10.06.2005;0.01063
11.06.2005;0.01063
12.06.2005;0.00917
13.06.2005;0.00917
14.06.2005;0.00917
15.06.2005;0.0075
16.06.2005;0.0075
17.06.2005;0.00708
18.06.2005;0.00667
19.06.2005;0.00667
20.06.2005;0.00667
21.06.2005;0.00667
22.06.2005;0.00667
23.06.2005;0.00667
24.06.2005;0.00667
25.06.2005;0.00667
26.06.2005;0.00583
27.06.2005;0.005
28.06.2005;0.005
29.06.2005;0.005
30.06.2005;0.005
1.07.2005;0.005
2.07.2005;0.005
3.07.2005;0.00375
4.07.2005;0.00333
5.07.2005;0.00333
6.07.2005;0.00458
7.07.2005;0.00363
8.07.2005;0.00333
9.07.2005;0.00292
10.07.2005;0.0025
11.07.2005;0.00242
12.07.2005;0.00217
13.07.2005;0.00217
14.07.2005;0.00217
15.07.2005;0.00217
16.07.2005;0.00203
17.07.2005;0.00217
18.07.2005;0.00217
19.07.2005;0.00217
20.07.2005;0.0018
21.07.2005;0.00125
22.07.2005;0.00125
23.07.2005;0.00125
24.07.2005;0.00125
25.07.2005;0.00125
26.07.2005;0.00125
27.07.2005;0.00125
28.07.2005;0.00125
29.07.2005;0.00113
30.07.2005;0.001
31.07.2005;0.001
1.08.2005;0.002
2.08.2005;0.0025
3.08.2005;0.0025
4.08.2005;0.0025
5.08.2005;0.0025
6.08.2005;0.0025
7.08.2005;0.0025
8.08.2005;0.0025
9.08.2005;0.0025
10.08.2005;0.0025
11.08.2005;0.0025
12.08.2005;0.00217
13.08.2005;0.002
14.08.2005;0.00183
15.08.2005;0.00167
16.08.2005;0.00217
17.08.2005;0.00167
18.08.2005;0.00147
19.08.2005;0.00125
20.08.2005;0.00125
21.08.2005;0.00125
22.08.2005;0.00125
23.08.2005;0.00125
24.08.2005;0.00125
25.08.2005;0.00125
26.08.2005;0.00125
27.08.2005;0.00125
28.08.2005;0.00125
29.08.2005;0.00217
30.08.2005;0.00217
31.08.2005;0.00217
1.09.2005;0.00217
2.09.2005;0.00217
3.09.2005;0.00217
4.09.2005;0.00217
5.09.2005;0.00217
6.09.2005;0.00217
7.09.2005;0.00217
8.09.2005;0.00217
9.09.2005;0.00217
10.09.2005;0.00217
11.09.2005;0.00217
12.09.2005;0.00217
13.09.2005;0.00217
14.09.2005;0.00217
15.09.2005;0.00217
16.09.2005;0.00217
17.09.2005;0.00217
18.09.2005;0.00217
19.09.2005;0.00217
20.09.2005;0.00217
21.09.2005;0.00217
22.09.2005;0.00217
23.09.2005;0.00217
24.09.2005;0.00217
25.09.2005;0.00217
26.09.2005;0.00217
27.09.2005;0.00217
28.09.2005;0.00217
29.09.2005;0.00217
30.09.2005;0.00217
1.10.2005;0.00217
2.10.2005;0.00217
3.10.2005;0.00217
4.10.2005;0.00217
5.10.2005;0.00217
6.10.2005;0.00217
7.10.2005;0.002
8.10.2005;0.00183
9.10.2005;0.00183
10.10.2005;0.00183
11.10.2005;0.00183
12.10.2005;0.00183
13.10.2005;0.00183
14.10.2005;0.00183
15.10.2005;0.00183
16.10.2005;0.00183
17.10.2005;0.00175
18.10.2005;0.00167
19.10.2005;0.00147
20.10.2005;0.00125
21.10.2005;0.00125
22.10.2005;0.00125
23.10.2005;0.00107
24.10.2005;0.00083
25.10.2005;0.00083
26.10.2005;0.00083
27.10.2005;0.00083
28.10.2005;0.00083
29.10.2005;0.00067
30.10.2005;0.00067
31.10.2005;0.00067
1.11.2005;0.00067
2.11.2005;0.00067
3.11.2005;0.0005
4.11.2005;0.0005
5.11.2005;0.0005
6.11.2005;0.0005
7.11.2005;0.00047
8.11.2005;0.00033
9.11.2005;0.00033
10.11.2005;0.00033
11.11.2005;0.00033
12.11.2005;0.0005
13.11.2005;0.0005
14.11.2005;0.0005
15.11.2005;0.0005
16.11.2005;0.0005
17.11.2005;0.0005
18.11.2005;0.0005
19.11.2005;0.0005
20.11.2005;0.0005
21.11.2005;0.0005
22.11.2005;0.0005
23.11.2005;0.0005
24.11.2005;0.0005
25.11.2005;0.0005
26.11.2005;0.0005
27.11.2005;0.0005
28.11.2005;0.0005
29.11.2005;0.0005
30.11.2005;0.0005
1.12.2005;0.0005
2.12.2005;0.0005
3.12.2005;0.0005
4.12.2005;0.0005
5.12.2005;0.0005
6.12.2005;0.0007
7.12.2005;0.00083
8.12.2005;0.00217
9.12.2005;0.00242
10.12.2005;0.0025
11.12.2005;0.0025
12.12.2005;0.00417
13.12.2005;0.00583
14.12.2005;0.00583
15.12.2005;0.00583
16.12.2005;0.00533
17.12.2005;0.005
18.12.2005;0.005
19.12.2005;0.005
20.12.2005;0.005
21.12.2005;0.00417
22.12.2005;0.00392
23.12.2005;0.00367
24.12.2005;0.00367
25.12.2005;0.0035
26.12.2005;0.00333
27.12.2005;0.00333
28.12.2005;0.00353
29.12.2005;0.00375
30.12.2005;0.0073
31.12.2005;0.0102
1.01.2006;0.02208
2.01.2006;0.025
3.01.2006;0.0375
4.01.2006;0.0625
5.01.2006;0.06083
6.01.2006;0.05375
7.01.2006;0.04583
8.01.2006;0.04208
9.01.2006;0.03958
10.01.2006;0.035
11.01.2006;0.03333
12.01.2006;0.03125
13.01.2006;0.02833
14.01.2006;0.02667
15.01.2006;0.025
16.01.2006;0.02333
17.01.2006;0.02167
18.01.2006;0.02167
19.01.2006;0.01958
20.01.2006;0.01708
21.01.2006;0.01625
22.01.2006;0.015
23.01.2006;0.015
24.01.2006;0.01417
25.01.2006;0.01417
26.01.2006;0.01333
27.01.2006;0.0125
28.01.2006;0.0125
29.01.2006;0.01208
30.01.2006;0.01083
31.01.2006;0.01083
1.02.2006;0.01033
2.02.2006;0.01
3.02.2006;0.00917
4.02.2006;0.00917
5.02.2006;0.00917
6.02.2006;0.007
7.02.2006;0.00683
8.02.2006;0.00667
9.02.2006;0.00667
10.02.2006;0.00667
11.02.2006;0.00667
12.02.2006;0.00667
13.02.2006;0.00667
14.02.2006;0.00667
15.02.2006;0.00667
16.02.2006;0.00667
17.02.2006;0.00667
18.02.2006;0.00625
19.02.2006;0.00583
20.02.2006;0.00603
21.02.2006;0.00687
22.02.2006;0.0052
23.02.2006;0.005
24.02.2006;0.0052
25.02.2006;0.005
26.02.2006;0.005
27.02.2006;0.005
28.02.2006;0.00483
1.03.2006;0.00483
2.03.2006;0.00483
3.03.2006;0.00483
4.03.2006;0.00483
5.03.2006;0.00483
6.03.2006;0.00483
7.03.2006;0.00483
8.03.2006;0.00483
9.03.2006;0.00483
10.03.2006;0.00487
11.03.2006;0.0075
12.03.2006;0.00937
13.03.2006;0.00713
14.03.2006;0.00767
15.03.2006;0.00833
16.03.2006;0.0075
17.03.2006;0.0075
18.03.2006;0.0075
19.03.2006;0.00833
20.03.2006;0.00875
21.03.2006;0.01103
22.03.2006;0.01458
23.03.2006;0.0198
24.03.2006;0.02917
25.03.2006;0.03
26.03.2006;0.03583
27.03.2006;0.07813
28.03.2006;0.0975
29.03.2006;0.09417
30.03.2006;0.14687
31.03.2006;0.1398
1.04.2006;0.11708
2.04.2006;0.09958
3.04.2006;0.0902
4.04.2006;0.08313
5.04.2006;0.06875
6.04.2006;0.06397
7.04.2006;0.05917
8.04.2006;0.05833
9.04.2006;0.05833
10.04.2006;0.05875
11.04.2006;0.05625
12.04.2006;0.05208
13.04.2006;0.04792
14.04.2006;0.0427
15.04.2006;0.04167
16.04.2006;0.04
17.04.2006;0.0402
18.04.2006;0.03667
19.04.2006;0.03667
20.04.2006;0.035
21.04.2006;0.03167
22.04.2006;0.03167
23.04.2006;0.03
24.04.2006;0.02875
25.04.2006;0.02667
26.04.2006;0.02583
27.04.2006;0.025
28.04.2006;0.025
29.04.2006;0.025
30.04.2006;0.02167
1.05.2006;0.02083
2.05.2006;0.02042
3.05.2006;0.01875
4.05.2006;0.02042
5.05.2006;0.02125
6.05.2006;0.02083
7.05.2006;0.02083
8.05.2006;0.01917
9.05.2006;0.02083
10.05.2006;0.01875
11.05.2006;0.02083
12.05.2006;0.0175
13.05.2006;0.01833
14.05.2006;0.01708
15.05.2006;0.01542
16.05.2006;0.01542
17.05.2006;0.015
18.05.2006;0.01542
19.05.2006;0.015
20.05.2006;0.015
21.05.2006;0.015
22.05.2006;0.015
23.05.2006;0.015
24.05.2006;0.015
25.05.2006;0.015
26.05.2006;0.015
27.05.2006;0.01667
28.05.2006;0.01708
29.05.2006;0.0225
30.05.2006;0.02958
31.05.2006;0.03375
1.06.2006;0.0525
2.06.2006;0.06167
3.06.2006;0.10708
4.06.2006;0.26042
5.06.2006;0.30625
6.06.2006;0.2375
7.06.2006;0.20417
8.06.2006;0.18292
9.06.2006;0.14875
10.06.2006;0.1225
11.06.2006;0.1075
12.06.2006;0.09583
13.06.2006;0.09
14.06.2006;0.07208
15.06.2006;0.06417
16.06.2006;0.0575
17.06.2006;0.05417
18.06.2006;0.04375
19.06.2006;0.04125
20.06.2006;0.03333
21.06.2006;0.03333
22.06.2006;0.03458
23.06.2006;0.02708
24.06.2006;0.02583
25.06.2006;0.025
26.06.2006;0.025
27.06.2006;0.02417
28.06.2006;0.02458
29.06.2006;0.0225
30.06.2006;0.02167
1.07.2006;0.02167
2.07.2006;0.02
3.07.2006;0.01958
4.07.2006;0.01833
5.07.2006;0.01833
6.07.2006;0.01833
7.07.2006;0.01833
8.07.2006;0.01875
9.07.2006;0.01708
10.07.2006;0.01667
11.07.2006;0.01667
12.07.2006;0.01708
13.07.2006;0.01792
14.07.2006;0.01667
15.07.2006;0.01583
16.07.2006;0.015
17.07.2006;0.01458
18.07.2006;0.01333
19.07.2006;0.00875
20.07.2006;0.00833
21.07.2006;0.00833
22.07.2006;0.00833
23.07.2006;0.00833
24.07.2006;0.00833
25.07.2006;0.0075
26.07.2006;0.0075
27.07.2006;0.0075
28.07.2006;0.00687
29.07.2006;0.00667
30.07.2006;0.00667
31.07.2006;0.00625
1.08.2006;0.00583
2.08.2006;0.00563
3.08.2006;0.005
4.08.2006;0.00583
5.08.2006;0.00542
6.08.2006;0.005
7.08.2006;0.00542
8.08.2006;0.00458
9.08.2006;0.00437
10.08.2006;0.00417
11.08.2006;0.00417
12.08.2006;0.00417
13.08.2006;0.00417
14.08.2006;0.00417
15.08.2006;0.00417
16.08.2006;0.00417
17.08.2006;0.00417
18.08.2006;0.00417
19.08.2006;0.00417
20.08.2006;0.00417
21.08.2006;0.00417
22.08.2006;0.00417
23.08.2006;0.00417
24.08.2006;0.00417
25.08.2006;0.00417
26.08.2006;0.00417
27.08.2006;0.00417
28.08.2006;0.00417
29.08.2006;0.00417
30.08.2006;0.00417
31.08.2006;0.00417
1.09.2006;0.00417
2.09.2006;0.00417
3.09.2006;0.004
4.09.2006;0.004
5.09.2006;0.004
6.09.2006;0.004
7.09.2006;0.00383
8.09.2006;0.00367
9.09.2006;0.0035
10.09.2006;0.00333
11.09.2006;0.00333
12.09.2006;0.00333
13.09.2006;0.00333
14.09.2006;0.00283
15.09.2006;0.00267
16.09.2006;0.0025
17.09.2006;0.0025
18.09.2006;0.0025
19.09.2006;0.0025
20.09.2006;0.00225
21.09.2006;0.002
22.09.2006;0.002
23.09.2006;0.002
24.09.2006;0.00183
25.09.2006;0.00167
26.09.2006;0.00167
27.09.2006;0.00167
28.09.2006;0.00167
29.09.2006;0.00167
30.09.2006;0.00167
1.10.2006;0.00167
2.10.2006;0.00167
3.10.2006;0.00167
4.10.2006;0.00167
5.10.2006;0.00167
6.10.2006;0.00133
7.10.2006;0.00133
8.10.2006;0.00133
9.10.2006;0.00133
10.10.2006;0.0012
11.10.2006;0.00108
12.10.2006;0.00108
13.10.2006;0.00108
14.10.2006;0.00083
15.10.2006;0.00083
16.10.2006;0.00083
17.10.2006;0.00083
18.10.2006;0.00083
19.10.2006;0.00083
20.10.2006;0.00083
21.10.2006;0.00083
22.10.2006;0.00083
23.10.2006;0.00083
24.10.2006;0.00083
25.10.2006;0.00083
26.10.2006;0.00083
27.10.2006;0.00083
28.10.2006;0.00083
29.10.2006;0.00083
30.10.2006;0.00083
31.10.2006;0.00083
1.11.2006;0.00083
2.11.2006;0.00083
3.11.2006;0.00083
4.11.2006;0.00067
5.11.2006;0.00067
6.11.2006;0.00067
7.11.2006;0.0005
8.11.2006;0.0005
9.11.2006;0.0005
10.11.2006;0.0005
11.11.2006;0.0005
12.11.2006;0.0005
13.11.2006;0.0005
14.11.2006;0.0005
15.11.2006;0.0005
16.11.2006;0.0005
17.11.2006;0.0005
18.11.2006;0.0005
19.11.2006;0.0005
20.11.2006;0.0005
21.11.2006;0.0005
22.11.2006;0.0005
23.11.2006;0.0005
24.11.2006;0.0005
25.11.2006;0.0005
26.11.2006;0.0005
27.11.2006;0.0005
28.11.2006;0.0005
29.11.2006;0.0005
30.11.2006;0.0005
1.12.2006;0.0005
2.12.2006;0.0005
3.12.2006;0.0005
4.12.2006;0.0005
5.12.2006;0.0005
6.12.2006;0.0005
7.12.2006;0.0005
8.12.2006;0.0005
9.12.2006;0.0005
10.12.2006;0.0005
11.12.2006;0.0005
12.12.2006;0.0005
13.12.2006;0.0005
14.12.2006;0.0005
15.12.2006;0.0005
16.12.2006;0.0005
17.12.2006;0.0005
18.12.2006;0.0005
19.12.2006;0.0005
20.12.2006;0.00033
21.12.2006;0.00033
22.12.2006;0.00033
23.12.2006;0.00033
24.12.2006;0.00033
25.12.2006;0.00033
26.12.2006;0.00033
27.12.2006;0.00033
28.12.2006;0.00033
29.12.2006;0.00033
30.12.2006;0.00033
31.12.2006;0.00033
1.01.2007;0.00033
2.01.2007;0.00033
3.01.2007;0.00025
4.01.2007;0.00025
5.01.2007;0.00025
6.01.2007;0.00025
7.01.2007;0.00025
8.01.2007;0.00023
9.01.2007;0.0002
10.01.2007;0.00025
11.01.2007;0.00025
12.01.2007;0.00017
13.01.2007;0.00017
14.01.2007;0.00017
15.01.2007;0.00017
16.01.2007;0.00017
17.01.2007;0.00017
18.01.2007;0.00017
19.01.2007;0.00017
20.01.2007;0.00017
21.01.2007;0.00017
22.01.2007;0.00017
23.01.2007;0.00017
24.01.2007;0.00023
25.01.2007;0.00023
26.01.2007;0.0002
27.01.2007;0.00017
28.01.2007;0.00017
29.01.2007;0.00017
30.01.2007;0.00017
31.01.2007;0.00017
1.02.2007;0.00017
2.02.2007;0.00013
3.02.2007;0.0001
4.02.2007;0.00008
5.02.2007;0.00008
6.02.2007;0.00008
7.02.2007;0.00008
8.02.2007;0.00008
9.02.2007;0.00008
10.02.2007;0.00008
11.02.2007;0.00008
12.02.2007;0.00008
13.02.2007;0.00008
14.02.2007;0.00008
15.02.2007;0.00008
16.02.2007;0.00008
17.02.2007;0.00008
18.02.2007;0.00008
19.02.2007;0.00008
20.02.2007;0.00008
21.02.2007;0.00008
22.02.2007;0.00008
23.02.2007;0.00008
24.02.2007;0.00008
25.02.2007;0.00008
26.02.2007;0.00008
27.02.2007;0.00008
28.02.2007;0.00008
1.03.2007;0.00017
2.03.2007;0.00025
3.03.2007;0.00025
4.03.2007;0.00025
5.03.2007;0.00025
6.03.2007;0.00025
7.03.2007;0.00025
8.03.2007;0.00025
9.03.2007;0.00025
10.03.2007;0.00025
11.03.2007;0.00025
12.03.2007;0.00017
13.03.2007;0.00008
14.03.2007;0.00008
15.03.2007;0.00008
16.03.2007;0.00007
17.03.2007;0.00005
18.03.2007;0.00005
19.03.2007;0.00005
20.03.2007;0.00008
21.03.2007;0.00025
22.03.2007;0.00032
23.03.2007;0.00083
24.03.2007;0.002
25.03.2007;0.00417
26.03.2007;0.00667
27.03.2007;0.00958
28.03.2007;0.01
29.03.2007;0.01
30.03.2007;0.01
31.03.2007;0.00917
1.04.2007;0.00833
2.04.2007;0.0075
3.04.2007;0.007
4.04.2007;0.007
5.04.2007;0.007
6.04.2007;0.007
7.04.2007;0.007
8.04.2007;0.00583
9.04.2007;0.00583
10.04.2007;0.00583
11.04.2007;0.00583
12.04.2007;0.00583
13.04.2007;0.00533
14.04.2007;0.00517
15.04.2007;0.005
16.04.2007;0.00467
17.04.2007;0.0045
18.04.2007;0.0045
19.04.2007;0.0045
20.04.2007;0.0045
21.04.2007;0.0045
22.04.2007;0.0045
23.04.2007;0.00417
24.04.2007;0.00417
25.04.2007;0.00417
26.04.2007;0.00417
27.04.2007;0.00367
28.04.2007;0.00333
29.04.2007;0.00333
30.04.2007;0.00333
1.05.2007;0.00333
2.05.2007;0.00283
3.05.2007;0.00283
4.05.2007;0.00283
5.05.2007;0.00283
6.05.2007;0.00283
7.05.2007;0.00283
8.05.2007;0.00283
9.05.2007;0.00283
10.05.2007;0.00267
11.05.2007;0.00267
12.05.2007;0.0025
13.05.2007;0.0025
14.05.2007;0.0025
15.05.2007;0.0025
16.05.2007;0.00217
17.05.2007;0.002
18.05.2007;0.002
19.05.2007;0.002
20.05.2007;0.002
21.05.2007;0.002
22.05.2007;0.002
23.05.2007;0.002
24.05.2007;0.002
25.05.2007;0.002
26.05.2007;0.002
27.05.2007;0.002
28.05.2007;0.002
29.05.2007;0.002
30.05.2007;0.002
31.05.2007;0.002
1.06.2007;0.002
2.06.2007;0.002
3.06.2007;0.002
4.06.2007;0.002
5.06.2007;0.002
6.06.2007;0.002
7.06.2007;0.002
8.06.2007;0.002
9.06.2007;0.002
10.06.2007;0.002
11.06.2007;0.002
12.06.2007;0.002
13.06.2007;0.002
14.06.2007;0.002
15.06.2007;0.002
16.06.2007;0.002
17.06.2007;0.002
18.06.2007;0.002
19.06.2007;0.002
20.06.2007;0.002
21.06.2007;0.002
22.06.2007;0.002
23.06.2007;0.002
24.06.2007;0.002
25.06.2007;0.002
26.06.2007;0.002
27.06.2007;0.002
28.06.2007;0.002
29.06.2007;0.002
30.06.2007;0.002
1.07.2007;0.002
2.07.2007;0.002
3.07.2007;0.002
4.07.2007;0.002
5.07.2007;0.002
6.07.2007;0.002
7.07.2007;0.002
8.07.2007;0.002
9.07.2007;0.002
10.07.2007;0.002
11.07.2007;0.002
12.07.2007;0.002
13.07.2007;0.002
14.07.2007;0.002
15.07.2007;0.00083
16.07.2007;0.00033
17.07.2007;0.00008
18.07.2007;0.00008
19.07.2007;0.00008
20.07.2007;0.00008
21.07.2007;0.00008
22.07.2007;0.00008
23.07.2007;0.00008
24.07.2007;0.00008
25.07.2007;0.00005
26.07.2007;0.00005
27.07.2007;0.00003
28.07.2007;0.00003
29.07.2007;0.00002
30.07.2007;0
31.07.2007;0
1.08.2007;0
2.08.2007;0
3.08.2007;0
4.08.2007;0
5.08.2007;0
6.08.2007;0
7.08.2007;0
8.08.2007;0
9.08.2007;0
10.08.2007;0
11.08.2007;0
12.08.2007;0
13.08.2007;0
14.08.2007;0
15.08.2007;0
16.08.2007;0
17.08.2007;0
18.08.2007;0
19.08.2007;0
20.08.2007;0
21.08.2007;0
22.08.2007;0
23.08.2007;0
24.08.2007;0
25.08.2007;0
26.08.2007;0
27.08.2007;0
28.08.2007;0
29.08.2007;0
30.08.2007;0
31.08.2007;0
1.09.2007;0
2.09.2007;0
3.09.2007;0
4.09.2007;0
5.09.2007;0
6.09.2007;0
7.09.2007;0
8.09.2007;0
9.09.2007;0
10.09.2007;0
11.09.2007;0
12.09.2007;0
13.09.2007;0
14.09.2007;0
15.09.2007;0
16.09.2007;0
17.09.2007;0
18.09.2007;0
19.09.2007;0
20.09.2007;0
21.09.2007;0
22.09.2007;0
23.09.2007;0
24.09.2007;0
25.09.2007;0
26.09.2007;0
27.09.2007;0
28.09.2007;0
29.09.2007;0
30.09.2007;0
1.10.2007;0
2.10.2007;0
3.10.2007;0
4.10.2007;0
5.10.2007;0
6.10.2007;0
7.10.2007;0
8.10.2007;0
9.10.2007;0
10.10.2007;0
11.10.2007;0
12.10.2007;0
13.10.2007;0
14.10.2007;0
15.10.2007;0
16.10.2007;0
17.10.2007;0
18.10.2007;0
19.10.2007;0
20.10.2007;0
21.10.2007;0.00002
22.10.2007;0.00005
23.10.2007;0
24.10.2007;0
25.10.2007;0
26.10.2007;0
27.10.2007;0
28.10.2007;0.00002
29.10.2007;0.00003
30.10.2007;0.00003
31.10.2007;0.00003
1.11.2007;0.00002
2.11.2007;0
3.11.2007;0
4.11.2007;0
5.11.2007;0
6.11.2007;0
7.11.2007;0
8.11.2007;0
9.11.2007;0
10.11.2007;0
11.11.2007;0
12.11.2007;0
13.11.2007;0
14.11.2007;0
15.11.2007;0
16.11.2007;0
17.11.2007;0
18.11.2007;0
19.11.2007;0
20.11.2007;0
21.11.2007;0
22.11.2007;0
23.11.2007;0
24.11.2007;0
25.11.2007;0
26.11.2007;0
27.11.2007;0
28.11.2007;0
29.11.2007;0
30.11.2007;0
1.12.2007;0
2.12.2007;0
3.12.2007;0
4.12.2007;0
5.12.2007;0
6.12.2007;0
7.12.2007;0
8.12.2007;0
9.12.2007;0
10.12.2007;0.00002
11.12.2007;0.00007
12.12.2007;0.0003
13.12.2007;0.00033
14.12.2007;0.00033
15.12.2007;0.00033
16.12.2007;0.00033
17.12.2007;0.00033
18.12.2007;0.0004
19.12.2007;0.0005
20.12.2007;0.0005
21.12.2007;0.0005
22.12.2007;0.0005
23.12.2007;0.00067
24.12.2007;0.00075
25.12.2007;0.00083
26.12.2007;0.001
27.12.2007;0.001
28.12.2007;0.001
29.12.2007;0.001
30.12.2007;0.001
31.12.2007;0.001
1.01.2008;0.00017
2.01.2008;0.00017
3.01.2008;0.00017
4.01.2008;0.00017
5.01.2008;0.00017
6.01.2008;0.00017
7.01.2008;0.00017
8.01.2008;0.00017
9.01.2008;0.00017
10.01.2008;0.00017
11.01.2008;0.00017
12.01.2008;0.00017
13.01.2008;0.00017
14.01.2008;0.00017
15.01.2008;0.00017
16.01.2008;0.00017
17.01.2008;0.00017
18.01.2008;0.00017
19.01.2008;0.0002
20.01.2008;0.00038
21.01.2008;0.00067
22.01.2008;0.00067
23.01.2008;0.00092
24.01.2008;0.00075
25.01.2008;0.00167
26.01.2008;0.00208
27.01.2008;0.00267
28.01.2008;0.00333
29.01.2008;0.00417
30.01.2008;0.005
31.01.2008;0.005
1.02.2008;0.005
2.02.2008;0.005
3.02.2008;0.00483
4.02.2008;0.00467
5.02.2008;0.0045
6.02.2008;0.00433
7.02.2008;0.00417
8.02.2008;0.00417
9.02.2008;0.004
10.02.2008;0.00383
11.02.2008;0.00367
12.02.2008;0.00367
13.02.2008;0.00367
14.02.2008;0.00367
15.02.2008;0.00367
16.02.2008;0.00367
17.02.2008;0.00367
18.02.2008;0.00367
19.02.2008;0.00367
20.02.2008;0.00367
21.02.2008;0.00367
22.02.2008;0.00367
23.02.2008;0.00367
24.02.2008;0.0035
25.02.2008;0.00333
26.02.2008;0.00333
27.02.2008;0.00333
28.02.2008;0.00333
29.02.2008;0.00333
1.03.2008;0.00333
2.03.2008;0.00417
3.03.2008;0.005
4.03.2008;0.005
5.03.2008;0.005
6.03.2008;0.00517
7.03.2008;0.00567
8.03.2008;0.00583
9.03.2008;0.00583
10.03.2008;0.00583
11.03.2008;0.00583
12.03.2008;0.00583
13.03.2008;0.00583
14.03.2008;0.00583
15.03.2008;0.00583
16.03.2008;0.00583
17.03.2008;0.00583
18.03.2008;0.00583
19.03.2008;0.00667
20.03.2008;0.00717
21.03.2008;0.008
22.03.2008;0.00867
23.03.2008;0.0095
24.03.2008;0.01033
25.03.2008;0.01117
26.03.2008;0.0125
27.03.2008;0.01333
28.03.2008;0.015
29.03.2008;0.01667
30.03.2008;0.01833
31.03.2008;0.01667
1.04.2008;0.01667
2.04.2008;0.01667
3.04.2008;0.01667
4.04.2008;0.01667
5.04.2008;0.01833
6.04.2008;0.02167
7.04.2008;0.02167
8.04.2008;0.02083
9.04.2008;0.02
10.04.2008;0.02
11.04.2008;0.01917
12.04.2008;0.01833
13.04.2008;0.0175
14.04.2008;0.01667
15.04.2008;0.01667
16.04.2008;0.01667
17.04.2008;0.01667
18.04.2008;0.01667
19.04.2008;0.01667
20.04.2008;0.01667
21.04.2008;0.01667
22.04.2008;0.01833
23.04.2008;0.02
24.04.2008;0.02
25.04.2008;0.02
26.04.2008;0.02
27.04.2008;0.02
28.04.2008;0.02
29.04.2008;0.01958
30.04.2008;0.01833
1.05.2008;0.0175
2.05.2008;0.01667
3.05.2008;0.01583
4.05.2008;0.015
5.05.2008;0.01417
6.05.2008;0.01417
7.05.2008;0.01417
8.05.2008;0.01417
9.05.2008;0.01417
10.05.2008;0.01417
11.05.2008;0.01417
12.05.2008;0.01333
13.05.2008;0.0125
14.05.2008;0.0125
15.05.2008;0.01167
16.05.2008;0.01083
17.05.2008;0.01
18.05.2008;0.00917
19.05.2008;0.00867
20.05.2008;0.00833
21.05.2008;0.00833
22.05.2008;0.00833
23.05.2008;0.00833
24.05.2008;0.00833
25.05.2008;0.0077
26.05.2008;0.00667
27.05.2008;0.00667
28.05.2008;0.00667
29.05.2008;0.00667
30.05.2008;0.00667
31.05.2008;0.00667
1.06.2008;0.00583
2.06.2008;0.00562
3.06.2008;0.00625
4.06.2008;0.005
5.06.2008;0.005
6.06.2008;0.005
7.06.2008;0.005
8.06.2008;0.005
9.06.2008;0.00417
10.06.2008;0.00417
11.06.2008;0.00417
12.06.2008;0.00417
13.06.2008;0.00417
14.06.2008;0.00417
15.06.2008;0.00417
16.06.2008;0.00417
17.06.2008;0.0027
18.06.2008;0.0025
19.06.2008;0.0025
20.06.2008;0.0025
21.06.2008;0.0025
22.06.2008;0.0025
23.06.2008;0.0025
24.06.2008;0.0025
25.06.2008;0.0025
26.06.2008;0.00208
27.06.2008;0.00208
28.06.2008;0.00208
29.06.2008;0.00167
30.06.2008;0.00167
1.07.2008;0.00142
2.07.2008;0.00133
3.07.2008;0.00133
4.07.2008;0.00133
5.07.2008;0.00133
6.07.2008;0.00133
7.07.2008;0.00133
8.07.2008;0.00133
9.07.2008;0.00133
10.07.2008;0.00133
11.07.2008;0.00133
12.07.2008;0.00133
13.07.2008;0.00133
14.07.2008;0.00133
15.07.2008;0.00108
16.07.2008;0.00067
17.07.2008;0.00067
18.07.2008;0.00112
19.07.2008;0.00067
20.07.2008;0.0005
21.07.2008;0.0005
22.07.2008;0.00033
23.07.2008;0.00054
24.07.2008;0.0005
25.07.2008;0.00112
26.07.2008;0.00121
27.07.2008;0.00039
28.07.2008;0.00025
29.07.2008;0.00017
30.07.2008;0.00017
31.07.2008;0.00017
1.08.2008;0.00015
2.08.2008;0.0001
3.08.2008;0.00017
4.08.2008;0.00008
5.08.2008;0.00017
6.08.2008;0.00008
7.08.2008;0.00008
8.08.2008;0.00005
9.08.2008;0.00005
10.08.2008;0.00007
11.08.2008;0.00015
12.08.2008;0.00027
13.08.2008;0.00017
14.08.2008;0.00017
15.08.2008;0.00017
16.08.2008;0.00017
17.08.2008;0.00007
18.08.2008;0.00005
19.08.2008;0.00005
20.08.2008;0.00004
21.08.2008;0
22.08.2008;0
23.08.2008;0
24.08.2008;0
25.08.2008;0
26.08.2008;0
27.08.2008;0
28.08.2008;0
29.08.2008;0
30.08.2008;0
31.08.2008;0
1.09.2008;0
2.09.2008;0
3.09.2008;0
4.09.2008;0
5.09.2008;0
6.09.2008;0
7.09.2008;0
8.09.2008;0
9.09.2008;0
10.09.2008;0
11.09.2008;0
12.09.2008;0
13.09.2008;0
14.09.2008;0
15.09.2008;0
16.09.2008;0
17.09.2008;0
18.09.2008;0
19.09.2008;0
20.09.2008;0
21.09.2008;0
22.09.2008;0
23.09.2008;0
24.09.2008;0
25.09.2008;0
26.09.2008;0
27.09.2008;0
28.09.2008;0
29.09.2008;0
30.09.2008;0
1.10.2008;0
2.10.2008;0
3.10.2008;0
4.10.2008;0
5.10.2008;0
6.10.2008;0
7.10.2008;0
8.10.2008;0
9.10.2008;0
10.10.2008;0
11.10.2008;0
12.10.2008;0
13.10.2008;0
14.10.2008;0
15.10.2008;0
16.10.2008;0
17.10.2008;0
18.10.2008;0
19.10.2008;0
20.10.2008;0
21.10.2008;0
22.10.2008;0
23.10.2008;0
24.10.2008;0
25.10.2008;0
26.10.2008;0
27.10.2008;0
28.10.2008;0
29.10.2008;0
30.10.2008;0
31.10.2008;0
1.11.2008;0
2.11.2008;0
3.11.2008;0
4.11.2008;0
5.11.2008;0
6.11.2008;0
7.11.2008;0
8.11.2008;0
9.11.2008;0
10.11.2008;0
11.11.2008;0
12.11.2008;0
13.11.2008;0
14.11.2008;0
15.11.2008;0
16.11.2008;0
17.11.2008;0
18.11.2008;0
19.11.2008;0
20.11.2008;0
21.11.2008;0
22.11.2008;0
23.11.2008;0
24.11.2008;0
25.11.2008;0
26.11.2008;0
27.11.2008;0
28.11.2008;0
29.11.2008;0
30.11.2008;0
1.12.2008;0
2.12.2008;0
3.12.2008;0
4.12.2008;0
5.12.2008;0
6.12.2008;0
7.12.2008;0
8.12.2008;0
9.12.2008;0
10.12.2008;0
11.12.2008;0
12.12.2008;0
13.12.2008;0
14.12.2008;0
15.12.2008;0
16.12.2008;0
17.12.2008;0
18.12.2008;0
19.12.2008;0
20.12.2008;0.00003
21.12.2008;0.00007
22.12.2008;0.00021
23.12.2008;0.00075
24.12.2008;0.0011
25.12.2008;0.00125
26.12.2008;0.00142
27.12.2008;0.00167
28.12.2008;0.00167
29.12.2008;0.00167
30.12.2008;0.00167
31.12.2008;0.00167
1.01.2009;0.00167
2.01.2009;0.00167
3.01.2009;0.00167
4.01.2009;0.00167
5.01.2009;0.00167
6.01.2009;0.00167
7.01.2009;0.00167
8.01.2009;0.00167
9.01.2009;0.00167
10.01.2009;0.00167
11.01.2009;0.00158
12.01.2009;0.00133
13.01.2009;0.00127
14.01.2009;0.00125
15.01.2009;0.00125
16.01.2009;0.00125
17.01.2009;0.00125
18.01.2009;0.0005
19.01.2009;0.00025
20.01.2009;0.00025
21.01.2009;0.00025
22.01.2009;0.00033
23.01.2009;0.00033
24.01.2009;0.00136
25.01.2009;0.00273
26.01.2009;0.005
27.01.2009;0.00875
28.01.2009;0.00917
29.01.2009;0.00917
30.01.2009;0.00958
31.01.2009;0.005
1.02.2009;0.01
2.02.2009;0.01
3.02.2009;0.00958
4.02.2009;0.00917
5.02.2009;0.00917
6.02.2009;0.00917
7.02.2009;0.01042
8.02.2009;0.01083
9.02.2009;0.01083
10.02.2009;0.01083
11.02.2009;0.02312
12.02.2009;0.03125
13.02.2009;0.02875
14.02.2009;0.02625
15.02.2009;0.02208
16.02.2009;0.02
17.02.2009;0.01875
18.02.2009;0.01667
19.02.2009;0.015
20.02.2009;0.01375
21.02.2009;0.01208
22.02.2009;0.01146
23.02.2009;0.01042
24.02.2009;0.01021
25.02.2009;0.00917
26.02.2009;0.00958
27.02.2009;0.00917
28.02.2009;0.00833
1.03.2009;0.00833
2.03.2009;0.00792
3.03.2009;0.0075
4.03.2009;0.0075
5.03.2009;0.0075
6.03.2009;0.00771
7.03.2009;0.015
8.03.2009;0.03
9.03.2009;0.03333
10.03.2009;0.03167
11.03.2009;0.03167
12.03.2009;0.02979
13.03.2009;0.02729
14.03.2009;0.02417
15.03.2009;0.02167
16.03.2009;0.01917
17.03.2009;0.01667
18.03.2009;0.0175
19.03.2009;0.01562
20.03.2009;0.01292
21.03.2009;0.01292
22.03.2009;0.01208
23.03.2009;0.01333
24.03.2009;0.01271
25.03.2009;0.01146
26.03.2009;0.01104
27.03.2009;0.01021
28.03.2009;0.00979
29.03.2009;0.00896
30.03.2009;0.00937
31.03.2009;0.00958
1.04.2009;0.01125
2.04.2009;0.01354
3.04.2009;0.015
4.04.2009;0.015
5.04.2009;0.015
6.04.2009;0.015
7.04.2009;0.01438
8.04.2009;0.015
9.04.2009;0.01396
10.04.2009;0.01312
11.04.2009;0.01333
12.04.2009;0.01208
13.04.2009;0.01125
14.04.2009;0.01104
15.04.2009;0.01125
16.04.2009;0.01042
17.04.2009;0.01021
18.04.2009;0.01
19.04.2009;0.01
20.04.2009;0.01
21.04.2009;0.01
22.04.2009;0.00958
23.04.2009;0.00875
24.04.2009;0.00833
25.04.2009;0.00792
26.04.2009;0.00771
27.04.2009;0.0075
28.04.2009;0.00688
29.04.2009;0.00771
30.04.2009;0.00729
1.05.2009;0.00667
2.05.2009;0.00583
3.05.2009;0.005
4.05.2009;0.005
5.05.2009;0.00521
6.05.2009;0.005
7.05.2009;0.005
8.05.2009;0.005
9.05.2009;0.005
10.05.2009;0.005
11.05.2009;0.00438
12.05.2009;0.00417
13.05.2009;0.00417
14.05.2009;0.00417
15.05.2009;0.00354
16.05.2009;0.00333
17.05.2009;0.00323
18.05.2009;0.00292
19.05.2009;0.00271
20.05.2009;0.00292
21.05.2009;0.00271
22.05.2009;0.0025
23.05.2009;0.0025
24.05.2009;0.00229
25.05.2009;0.00208
26.05.2009;0.00187
27.05.2009;0.00208
28.05.2009;0.00167
29.05.2009;0.00167
30.05.2009;0.00167
31.05.2009;0.00167
1.06.2009;0.00229
2.06.2009;0.00167
3.06.2009;0.00167
4.06.2009;0.00167
5.06.2009;0.00167
6.06.2009;0.00167
7.06.2009;0.00167
8.06.2009;0.0014
9.06.2009;0.00135
10.06.2009;0.00133
11.06.2009;0.00133
12.06.2009;0.00129
13.06.2009;0.00125
14.06.2009;0.00083
15.06.2009;0.00083
16.06.2009;0.00083
17.06.2009;0.00083
18.06.2009;0.00083
19.06.2009;0.00083
20.06.2009;0.00083
21.06.2009;0.00083
22.06.2009;0.00075
23.06.2009;0.00208
24.06.2009;0.00208
25.06.2009;0.00208
26.06.2009;0.00125
27.06.2009;0.00125
28.06.2009;0.00146
29.06.2009;0.00127
30.06.2009;0.00187
1.07.2009;0.00221
2.07.2009;0.00167
3.07.2009;0.00167
4.07.2009;0.00156
5.07.2009;0.00125
6.07.2009;0.00125
7.07.2009;0.00125
8.07.2009;0.00125
9.07.2009;0.00125
10.07.2009;0.00125
11.07.2009;0.00115
12.07.2009;0.00083
13.07.2009;0.00083
14.07.2009;0.00083
15.07.2009;0.00083
16.07.2009;0.01562
17.07.2009;0.00313
18.07.2009;0.00333
19.07.2009;0.00333
20.07.2009;0.00283
21.07.2009;0.0025
22.07.2009;0.0025
23.07.2009;0.0025
24.07.2009;0.0025
25.07.2009;0.0025
26.07.2009;0.00208
27.07.2009;0.00167
28.07.2009;0.00167
29.07.2009;0.00167
30.07.2009;0.00167
31.07.2009;0.00167
1.08.2009;0.00133
2.08.2009;0.00127
3.08.2009;0.00133
4.08.2009;0.0015
5.08.2009;0.00125
6.08.2009;0.00125
7.08.2009;0.00125
8.08.2009;0.00125
9.08.2009;0.001
10.08.2009;0.001
11.08.2009;0.001
12.08.2009;0.001
13.08.2009;0.00083
14.08.2009;0.00079
15.08.2009;0.00067
16.08.2009;0.00067
17.08.2009;0.0005
18.08.2009;0.00067
19.08.2009;0.0005
20.08.2009;0.0005
21.08.2009;0.0005
22.08.2009;0.0005
23.08.2009;0.00027
24.08.2009;0.00017
25.08.2009;0.00017
26.08.2009;0.00017
27.08.2009;0.00017
28.08.2009;0.00008
29.08.2009;0.00007
30.08.2009;0.00005
31.08.2009;0.00003
1.09.2009;0.00003
2.09.2009;0.00003
3.09.2009;0.00003
4.09.2009;0.00005
5.09.2009;0.00007
6.09.2009;0.00003
7.09.2009;0.00002
8.09.2009;0.00003
9.09.2009;0.00003
10.09.2009;0.00003
11.09.2009;0.00003
12.09.2009;0.00003
13.09.2009;0
14.09.2009;0
15.09.2009;0
16.09.2009;0
17.09.2009;0
18.09.2009;0
19.09.2009;0
20.09.2009;0
21.09.2009;0
22.09.2009;0
23.09.2009;0
24.09.2009;0
25.09.2009;0
26.09.2009;0
27.09.2009;0
28.09.2009;0
29.09.2009;0
30.09.2009;0
1.10.2009;0
2.10.2009;0
3.10.2009;0
4.10.2009;0
5.10.2009;0
6.10.2009;0
7.10.2009;0
8.10.2009;0
9.10.2009;0
10.10.2009;0
11.10.2009;0
12.10.2009;0
13.10.2009;0
14.10.2009;0
15.10.2009;0
16.10.2009;0
17.10.2009;0
18.10.2009;0
19.10.2009;0
20.10.2009;0
21.10.2009;0
22.10.2009;0
23.10.2009;0
24.10.2009;0
25.10.2009;0
26.10.2009;0
27.10.2009;0
28.10.2009;0
29.10.2009;0
30.10.2009;0
31.10.2009;0
1.11.2009;0
2.11.2009;0
3.11.2009;0
4.11.2009;0
5.11.2009;0
6.11.2009;0
7.11.2009;0
8.11.2009;0.00005
9.11.2009;0.00006
10.11.2009;0.00008
11.11.2009;0.00021
12.11.2009;0.00025
13.11.2009;0.00021
14.11.2009;0.00013
15.11.2009;0.0001
16.11.2009;0.00007
17.11.2009;0.00007
18.11.2009;0.00008
19.11.2009;0.00007
20.11.2009;0.00005
21.11.2009;0.00005
22.11.2009;0.00003
23.11.2009;0.00003
24.11.2009;0.00004
25.11.2009;0.00003
26.11.2009;0.00003
27.11.2009;0.00004
28.11.2009;0.00005
29.11.2009;0.00002
30.11.2009;0.00002
1.12.2009;0.00003
2.12.2009;0.00003
3.12.2009;0.00003
4.12.2009;0.00002
5.12.2009;0.00002
6.12.2009;0.00002
7.12.2009;0.00002
8.12.2009;0.00001
9.12.2009;0.00006
10.12.2009;0.00003
11.12.2009;0.00003
12.12.2009;0.00003
13.12.2009;0.00002
14.12.2009;0.00002
15.12.2009;0.00002
16.12.2009;0.00002
17.12.2009;0.00002
18.12.2009;0.00002
19.12.2009;0.00002
20.12.2009;0.00002
21.12.2009;0.00002
22.12.2009;0.00021
23.12.2009;0.00071
24.12.2009;0.00292
25.12.2009;0.00729
26.12.2009;0.01708
27.12.2009;0.03167
28.12.2009;0.04833
29.12.2009;0.04333
30.12.2009;0.04208
31.12.2009;0
1.01.2010;0.03333
2.01.2010;0.0275
3.01.2010;0.02167
4.01.2010;0.02167
5.01.2010;0.01958
6.01.2010;0.02
7.01.2010;0.0175
8.01.2010;0.01583
9.01.2010;0.01625
10.01.2010;0.05187
11.01.2010;0.08958
12.01.2010;0.08333
13.01.2010;0.075
14.01.2010;0.06688
15.01.2010;0.05854
16.01.2010;0.04875
17.01.2010;0.045
18.01.2010;0.03708
19.01.2010;0.04
20.01.2010;0.03792
21.01.2010;0.03479
22.01.2010;0.03125
23.01.2010;0.02667
24.01.2010;0.02292
25.01.2010;0.02083
26.01.2010;0.01958
27.01.2010;0.01833
28.01.2010;0.01833
29.01.2010;0.01792
30.01.2010;0.01833
31.01.2010;0.01667
1.02.2010;0.01438
2.02.2010;0.0125
3.02.2010;0.0125
4.02.2010;0.0125
5.02.2010;0.0125
6.02.2010;0.01
7.02.2010;0.01
8.02.2010;0.01
9.02.2010;0.01
10.02.2010;0.00917
11.02.2010;0.00833
12.02.2010;0.00833
13.02.2010;0.00825
14.02.2010;0.008
15.02.2010;0.0075
16.02.2010;0.00667
17.02.2010;0.00667
18.02.2010;0.00667
19.02.2010;0.00788
20.02.2010;0.01567
21.02.2010;0.02417
22.02.2010;0.02917
23.02.2010;0.03042
24.02.2010;0.035
25.02.2010;0.04708
26.02.2010;0.07187
27.02.2010;0.09146
28.02.2010;0.12625
1.03.2010;0.11542
2.03.2010;0.08542
3.03.2010;0.0875
4.03.2010;0.07917
5.03.2010;0.07
6.03.2010;0.06208
7.03.2010;0.05479
8.03.2010;0.04958
9.03.2010;0.04333
10.03.2010;0.04
11.03.2010;0.04167
12.03.2010;0.03667
13.03.2010;0.035
14.03.2010;0.03208
15.03.2010;0.02896
16.03.2010;0.02417
17.03.2010;0.02542
18.03.2010;0.02333
19.03.2010;0.02083
20.03.2010;0.01917
21.03.2010;0.02083
22.03.2010;0.01979
23.03.2010;0.02042
24.03.2010;0.02
25.03.2010;0.01958
26.03.2010;0.02
27.03.2010;0.02
28.03.2010;0.02
29.03.2010;0.02
30.03.2010;0.01833
31.03.2010;0.01667
1.04.2010;0.01625
2.04.2010;0.01542
3.04.2010;0.14813
4.04.2010;0.01208
5.04.2010;0.01167
6.04.2010;0.01167
7.04.2010;0.01167
8.04.2010;0.01083
9.04.2010;0.01083
10.04.2010;0.01083
11.04.2010;0.01167
12.04.2010;0.01167
13.04.2010;0.01167
14.04.2010;0.01917
15.04.2010;0.26875
16.04.2010;0.31042
17.04.2010;0.22917
18.04.2010;0.13958
19.04.2010;0.14333
20.04.2010;0.12792
21.04.2010;0.12271
22.04.2010;0.11146
23.04.2010;0.09583
24.04.2010;0.08438
25.04.2010;0.07437
26.04.2010;0.06458
27.04.2010;0.05625
28.04.2010;0.06083
29.04.2010;0.05937
30.04.2010;0.05417
1.05.2010;0.04458
2.05.2010;0.04292
3.05.2010;0.04
4.05.2010;0.03875
5.05.2010;0.035
6.05.2010;0.03708
7.05.2010;0.05375
8.05.2010;0.055
9.05.2010;0.055
10.05.2010;0.055
11.05.2010;0.05125
12.05.2010;0.05
13.05.2010;0.07958
14.05.2010;0.08792
15.05.2010;0.08667
16.05.2010;0.13458
17.05.2010;0.27083
18.05.2010;0.22917
19.05.2010;0.19167
20.05.2010;0.15083
21.05.2010;0.11958
22.05.2010;0.10333
23.05.2010;0.09146
24.05.2010;0.07917
25.05.2010;0.06375
26.05.2010;0.05937
27.05.2010;0.05604
28.05.2010;0.05
29.05.2010;0.04604
30.05.2010;0.0475
31.05.2010;0.04833
1.06.2010;0.07396
2.06.2010;0.23917
3.06.2010;0.22917
4.06.2010;0.26875
5.06.2010;0.29167
6.06.2010;0.24792
7.06.2010;0.21042
8.06.2010;0.18854
9.06.2010;0.16354
10.06.2010;0.14167
11.06.2010;0.12521
12.06.2010;0.11354
13.06.2010;0.10833
14.06.2010;0.10417
15.06.2010;0.09375
16.06.2010;0.07292
17.06.2010;0.05937
18.06.2010;0.05738
19.06.2010;0.05208
20.06.2010;0.06146
21.06.2010;0.08167
22.06.2010;0.07083
23.06.2010;0.06375
24.06.2010;0.05979
25.06.2010;0.05479
26.06.2010;0.05104
27.06.2010;0.05
28.06.2010;0.0475
29.06.2010;0.04
30.06.2010;0.04083
1.07.2010;0.03292
2.07.2010;0.035
3.07.2010;0.03542
4.07.2010;0.03542
5.07.2010;0.03542
6.07.2010;0.03875
7.07.2010;0.03583
8.07.2010;0.03
9.07.2010;0.02708
10.07.2010;0.02417
11.07.2010;0.0225
12.07.2010;0.02167
13.07.2010;0.02167
14.07.2010;0.02021
15.07.2010;0.01917
16.07.2010;0.01708
17.07.2010;0.01583
18.07.2010;0.01542
19.07.2010;0.01667
20.07.2010;0.01667
21.07.2010;0.01667
22.07.2010;0.01667
23.07.2010;0.01667
24.07.2010;0.01667
25.07.2010;0.01667
26.07.2010;0.01667
27.07.2010;0.01667
28.07.2010;0.01667
29.07.2010;0.01667
30.07.2010;0.01667
31.07.2010;0.01667
1.08.2010;0.01667
2.08.2010;0.01667
3.08.2010;0.01667
4.08.2010;0.01667
5.08.2010;0.0225
6.08.2010;0.0175
7.08.2010;0.01667
8.08.2010;0.015
9.08.2010;0.015
10.08.2010;0.01292
11.08.2010;0.01167
12.08.2010;0.01167
13.08.2010;0.01125
14.08.2010;0.01083
15.08.2010;0.01125
16.08.2010;0.01104
17.08.2010;0.01
18.08.2010;0.00937
19.08.2010;0.00833
20.08.2010;0.00833
21.08.2010;0.00833
22.08.2010;0.00771
23.08.2010;0.00667
24.08.2010;0.00667
25.08.2010;0.00604
26.08.2010;0.00583
27.08.2010;0.00583
28.08.2010;0.00583
29.08.2010;0.00583
30.08.2010;0.00583
31.08.2010;0.00583
1.09.2010;0.00583
2.09.2010;0.00583
3.09.2010;0.00583
4.09.2010;0.00583
5.09.2010;0.00583
6.09.2010;0.00583
7.09.2010;0.00583
8.09.2010;0.00604
9.09.2010;0.0075
10.09.2010;0.00562
11.09.2010;0.00813
12.09.2010;0.00625
13.09.2010;0.00542
14.09.2010;0.00719
15.09.2010;0.00625
16.09.2010;0.00833
17.09.2010;0.00937
18.09.2010;0.00917
19.09.2010;0.00833
20.09.2010;0.00833
21.09.2010;0.0075
22.09.2010;0.0075
23.09.2010;0.0075
24.09.2010;0.00792
25.09.2010;0.00767
26.09.2010;0.01
27.09.2010;0.01
28.09.2010;0.00979
29.09.2010;0.00917
30.09.2010;0.01
1.10.2010;0.01146
2.10.2010;0.01083
3.10.2010;0.01083
4.10.2010;0.01083
5.10.2010;0.01208
6.10.2010;0.01167
7.10.2010;0.02083
8.10.2010;0.01875
9.10.2010;0.01667
10.10.2010;0.01667
11.10.2010;0.01583
12.10.2010;0.01438
13.10.2010;0.01417
14.10.2010;0.01417
15.10.2010;0.01396
16.10.2010;0.0125
17.10.2010;0.01125
18.10.2010;0.01063
19.10.2010;0.01
20.10.2010;0.01
21.10.2010;0.01
22.10.2010;0.01
23.10.2010;0.01
24.10.2010;0.00979
25.10.2010;0.00896
26.10.2010;0.00833
27.10.2010;0.00833
28.10.2010;0.00833
29.10.2010;0.00792
30.10.2010;0.0075
31.10.2010;0.0075
1.11.2010;0.0075
2.11.2010;0.00667
3.11.2010;0.00667
4.11.2010;0.00667
5.11.2010;0.00667
6.11.2010;0.00667
7.11.2010;0.00625
8.11.2010;0.00583
9.11.2010;0.00771
10.11.2010;0.00771
11.11.2010;0.0075
12.11.2010;0.00667
13.11.2010;0.00667
14.11.2010;0.00667
15.11.2010;0.00667
16.11.2010;0.00667
17.11.2010;0.00667
18.11.2010;0.00771
19.11.2010;0.00833
20.11.2010;0.00833
21.11.2010;0.00833
22.11.2010;0.00958
23.11.2010;0.00396
24.11.2010;0.08021
25.11.2010;0.06771
26.11.2010;0.06667
27.11.2010;0.06667
28.11.2010;0.06667
29.11.2010;0.06667
30.11.2010;0.06667
1.12.2010;0
2.12.2010;0
3.12.2010;0
4.12.2010;0
5.12.2010;0
6.12.2010;0
7.12.2010;0
8.12.2010;0
9.12.2010;0
10.12.2010;0
11.12.2010;0
12.12.2010;0
13.12.2010;0
14.12.2010;0
15.12.2010;0
16.12.2010;0
17.12.2010;0
18.12.2010;0
19.12.2010;0
20.12.2010;0
21.12.2010;0
22.12.2010;0
23.12.2010;0
24.12.2010;0
25.12.2010;0
26.12.2010;0
27.12.2010;0
28.12.2010;0
29.12.2010;0
30.12.2010;0
31.12.2010;0
1.01.2011;0.05833
2.01.2011;0.05833
3.01.2011;0.05833
4.01.2011;0.05833
5.01.2011;0.05333
6.01.2011;0.05125
7.01.2011;0.04875
8.01.2011;0.04625
9.01.2011;0.04292
10.01.2011;0.04125
11.01.2011;0.04
12.01.2011;0.04
13.01.2011;0.04542
14.01.2011;0.06
15.01.2011;0.07
16.01.2011;0.07
17.01.2011;0.07
18.01.2011;0.07
19.01.2011;0.06833
20.01.2011;0.065
21.01.2011;0.06
22.01.2011;0.05667
23.01.2011;0.05083
24.01.2011;0.04875
25.01.2011;0.04667
26.01.2011;0.045
27.01.2011;0.04083
28.01.2011;0.03958
29.01.2011;0.03792
30.01.2011;0.03667
31.01.2011;0.03625
1.02.2011;0.03083
2.02.2011;0.03083
3.02.2011;0.02667
4.02.2011;0.02292
5.02.2011;0.02125
6.02.2011;0.02
7.02.2011;0.01833
8.02.2011;0.02125
9.02.2011;0.0225
10.02.2011;0.01875
11.02.2011;0.02708
12.02.2011;0.02167
13.02.2011;0.01917
14.02.2011;0.01917
15.02.2011;0.0175
16.02.2011;0.01688
17.02.2011;0.01708
18.02.2011;0.015
19.02.2011;0.015
20.02.2011;0.015
21.02.2011;0.015
22.02.2011;0.01438
23.02.2011;0.01417
24.02.2011;0.01417
25.02.2011;0.01417
26.02.2011;0.01417
27.02.2011;0.01417
28.02.2011;0.01417
1.03.2011;0.01417
2.03.2011;0.01417
3.03.2011;0.01417
4.03.2011;0.01417
5.03.2011;0.01417
6.03.2011;0.01417
7.03.2011;0.01417
8.03.2011;0.01417
9.03.2011;0.01417
10.03.2011;0.01417
11.03.2011;0.01417
12.03.2011;0.01417
13.03.2011;0.01417
14.03.2011;0.01417
15.03.2011;0.01417
16.03.2011;0.01417
17.03.2011;0.01542
18.03.2011;0.05042
19.03.2011;0.15833
20.03.2011;0.13854
21.03.2011;0.11771
22.03.2011;0.11583
23.03.2011;0.10292
24.03.2011;0.09292
25.03.2011;0.08167
26.03.2011;0.07167
27.03.2011;0.06167
28.03.2011;0.05833
29.03.2011;0.05042
30.03.2011;0.05042
31.03.2011;0.04667
1.04.2011;0.04333
2.04.2011;0.04167
3.04.2011;0.04
4.04.2011;0.04
5.04.2011;0.0375
6.04.2011;0.03542
7.04.2011;0.03375
8.04.2011;0.03
9.04.2011;0.02875
10.04.2011;0.02417
11.04.2011;0.02333
12.04.2011;0.02167
13.04.2011;0.02167
14.04.2011;0.02167
15.04.2011;0.01917
16.04.2011;0.01833
17.04.2011;0.01833
18.04.2011;0.01667
19.04.2011;0.01667
20.04.2011;0.01625
21.04.2011;0.01667
22.04.2011;0.01667
23.04.2011;0.01625
24.04.2011;0.015
25.04.2011;0.01417
26.04.2011;0.01333
27.04.2011;0.01333
28.04.2011;0.01333
29.04.2011;0.01333
30.04.2011;0.01333
1.05.2011;0.01333
2.05.2011;0.01417
3.05.2011;0.01333
4.05.2011;0.01333
5.05.2011;0.01333
6.05.2011;0.01333
7.05.2011;0.01333
8.05.2011;0.01333
9.05.2011;0.01333
10.05.2011;0.01333
11.05.2011;0.0125
12.05.2011;0.0125
13.05.2011;0.01271
14.05.2011;0.0125
15.05.2011;0.01167
16.05.2011;0.01292
17.05.2011;0.01083
18.05.2011;0.01083
19.05.2011;0.01
20.05.2011;0.00917
21.05.2011;0.00833
22.05.2011;0.0075
23.05.2011;0.00667
24.05.2011;0.00667
25.05.2011;0.01083
26.05.2011;0.01083
27.05.2011;0.01
28.05.2011;0.00917
29.05.2011;0.00833
30.05.2011;0.0075
31.05.2011;0.00667
1.06.2011;0.008
2.06.2011;0.008
3.06.2011;0.00833
4.06.2011;0.00833
5.06.2011;0.00833
6.06.2011;0.00833
7.06.2011;0.00833
8.06.2011;0.00833
9.06.2011;0.00833
10.06.2011;0.00833
11.06.2011;0.00817
12.06.2011;0.008
13.06.2011;0.008
14.06.2011;0.0075
15.06.2011;0.0075
16.06.2011;0.0075
17.06.2011;0.0075
18.06.2011;0.0075
19.06.2011;0.0075
20.06.2011;0.0075
21.06.2011;0.0075
22.06.2011;0.0075
23.06.2011;0.00708
24.06.2011;0.00767
25.06.2011;0.00667
26.06.2011;0.00667
27.06.2011;0.00633
28.06.2011;0.00583
29.06.2011;0.00758
30.06.2011;0.00667
1.07.2011;0.00667
2.07.2011;0.00633
3.07.2011;0.00533
4.07.2011;0.005
5.07.2011;0.00483
6.07.2011;0.00583
7.07.2011;0.00758
8.07.2011;0.00667
9.07.2011;0.00667
10.07.2011;0.00633
11.07.2011;0.00533
12.07.2011;0.005
13.07.2011;0.005
14.07.2011;0.005
15.07.2011;0.00467
16.07.2011;0.00433
17.07.2011;0.00433
18.07.2011;0.00417
19.07.2011;0.00417
20.07.2011;0.00458
21.07.2011;0.005
22.07.2011;0.005
23.07.2011;0.005
24.07.2011;0.005
25.07.2011;0.005
26.07.2011;0.00458
27.07.2011;0.00458
28.07.2011;0.00458
29.07.2011;0.00458
30.07.2011;0.00458
31.07.2011;0.00458
1.08.2011;0.00458
2.08.2011;0.00458
3.08.2011;0.004
4.08.2011;0.004
5.08.2011;0.004
6.08.2011;0.004
7.08.2011;0.004
8.08.2011;0.00333
9.08.2011;0.00333
10.08.2011;0.003
11.08.2011;0.00267
12.08.2011;0.00267
13.08.2011;0.00267
14.08.2011;0.0025
15.08.2011;0.0025
16.08.2011;0.0025
17.08.2011;0.0025
18.08.2011;0.0025
19.08.2011;0.0025
20.08.2011;0.0025
21.08.2011;0.0025
22.08.2011;0.00233
23.08.2011;0.00233
24.08.2011;0.00233
25.08.2011;0.00233
26.08.2011;0.00233
27.08.2011;0.00233
28.08.2011;0.00233
29.08.2011;0.00233
30.08.2011;0.00233
31.08.2011;0.00183
1.09.2011;0.00183
2.09.2011;0.00183
3.09.2011;0.00183
4.09.2011;0.002
5.09.2011;0.00183
6.09.2011;0.0025
7.09.2011;0
8.09.2011;0
9.09.2011;0
10.09.2011;0
11.09.2011;0
12.09.2011;0
13.09.2011;0
14.09.2011;0
15.09.2011;0
16.09.2011;0
17.09.2011;0
18.09.2011;0
19.09.2011;0
20.09.2011;0
21.09.2011;0
22.09.2011;0
23.09.2011;0
24.09.2011;0
25.09.2011;0
26.09.2011;0
27.09.2011;0
28.09.2011;0
29.09.2011;0
30.09.2011;0
1.10.2011;0
2.10.2011;0
3.10.2011;0
4.10.2011;0
5.10.2011;0
6.10.2011;0
7.10.2011;0
8.10.2011;0.00253
9.10.2011;0.00273
10.10.2011;0.00273
11.10.2011;0.00233
12.10.2011;0.00197
13.10.2011;0.00197
14.10.2011;0.00197
15.10.2011;0.00197
16.10.2011;0.00197
17.10.2011;0.00197
18.10.2011;0.00197
19.10.2011;0.00197
20.10.2011;0.00197
21.10.2011;0.00197
22.10.2011;0.00197
23.10.2011;0.00233
24.10.2011;0.00215
25.10.2011;0.00197
26.10.2011;0.00215
27.10.2011;0.00253
28.10.2011;0.00197
29.10.2011;0.00197
30.10.2011;0.00197
31.10.2011;0.00197
1.11.2011;0.00197
2.11.2011;0.00197
3.11.2011;0.00197
4.11.2011;0.00197
5.11.2011;0.00197
6.11.2011;0.00197
7.11.2011;0.00197
8.11.2011;0.00197
9.11.2011;0.00197
10.11.2011;0.00197
11.11.2011;0.00163
12.11.2011;0.00135
13.11.2011;0.00135
14.11.2011;0.00135
15.11.2011;0.00135
16.11.2011;0.00135
17.11.2011;0.00135
18.11.2011;0.00135
19.11.2011;0.00135
20.11.2011;0.00135
21.11.2011;0.00135
22.11.2011;0.00135
23.11.2011;0.00135
24.11.2011;0.0015
25.11.2011;0.00197
26.11.2011;0.00135
27.11.2011;0.00135
28.11.2011;0.00135
29.11.2011;0.00135
30.11.2011;0.00135
1.12.2011;0.00135
2.12.2011;0.00135
3.12.2011;0.00135
4.12.2011;0.00135
5.12.2011;0.00135
6.12.2011;0.00135
7.12.2011;0.00135
8.12.2011;0.00135
9.12.2011;0.00135
10.12.2011;0.00135
11.12.2011;0.00135
12.12.2011;0.00135
13.12.2011;0.00135
14.12.2011;0.00233
15.12.2011;0.00135
16.12.2011;0.0015
17.12.2011;0.00215
18.12.2011;0.00253
19.12.2011;0.00135
20.12.2011;0.00135
21.12.2011;0.00135
22.12.2011;0.00122
23.12.2011;0.00087
24.12.2011;0.00087
25.12.2011;0.00087
26.12.2011;0.00087
27.12.2011;0.00087
28.12.2011;0.00087
29.12.2011;0.00087
30.12.2011;0.00087
31.12.2011;0.00087
1.01.2012;0.00087
2.01.2012;0.00087
3.01.2012;0.00087
4.01.2012;0.00087
5.01.2012;0.00087
6.01.2012;0.00087
7.01.2012;0.00087
8.01.2012;0.00087
9.01.2012;0.00087
10.01.2012;0.00087
11.01.2012;0.00087
12.01.2012;0.00087
13.01.2012;0.00087
14.01.2012;0.00087
15.01.2012;0.00087
16.01.2012;0.00087
17.01.2012;0.0005
18.01.2012;0.0005
19.01.2012;0.00087
20.01.2012;0.00087
21.01.2012;0.00087
22.01.2012;0.00087
23.01.2012;0.00087
24.01.2012;0.00087
25.01.2012;0.00087
26.01.2012;0.00087
27.01.2012;0.00087
28.01.2012;0.0005
29.01.2012;0.0005
30.01.2012;0.0005
31.01.2012;0.0005
1.02.2012;0.0005
2.02.2012;0.0005
3.02.2012;0.0005
4.02.2012;0.0005
5.02.2012;0.0005
6.02.2012;0.0005
7.02.2012;0.0005
8.02.2012;0.0005
9.02.2012;0.0005
10.02.2012;0.0005
11.02.2012;0.0005
12.02.2012;0.0005
13.02.2012;0.0005
14.02.2012;0.0005
15.02.2012;0.0005
16.02.2012;0.0005
17.02.2012;0.0005
18.02.2012;0.0005
19.02.2012;0.0005
20.02.2012;0.0005
21.02.2012;0.0005
22.02.2012;0.0005
23.02.2012;0.0005
24.02.2012;0.00087
25.02.2012;0.00108
26.02.2012;0.00087
27.02.2012;0.00087
28.02.2012;0.0005
29.02.2012;0.00035
1.03.2012;0.0005
2.03.2012;0.0005
3.03.2012;0.0005
4.03.2012;0.0005
5.03.2012;0.00025
6.03.2012;0.00025
7.03.2012;0.00025
8.03.2012;0.00025
9.03.2012;0.00025
10.03.2012;0.00025
11.03.2012;0.00025
12.03.2012;0.00025
13.03.2012;0.00025
14.03.2012;0.00025
15.03.2012;0.00025
16.03.2012;0.00025
17.03.2012;0.00025
18.03.2012;0.00035
19.03.2012;0.0005
20.03.2012;0.0005
21.03.2012;0.0005
22.03.2012;0.00067
23.03.2012;0.00087
24.03.2012;0.0005
25.03.2012;0.00025
26.03.2012;0.00025
27.03.2012;0.00025
28.03.2012;0.00025
29.03.2012;0.00025
30.03.2012;0.00025
31.03.2012;0.00025
1.04.2012;0.00025
2.04.2012;0.00025
3.04.2012;0.00025
4.04.2012;0.00025
5.04.2012;0.00035
6.04.2012;0.00087
7.04.2012;0.00035
8.04.2012;0.00025
9.04.2012;0.00025
10.04.2012;0.00025
11.04.2012;0.00025
12.04.2012;0.0005
13.04.2012;0.00035
14.04.2012;0.00035
15.04.2012;0.00035
16.04.2012;0.00035
17.04.2012;0.0005
18.04.2012;0.00035
19.04.2012;0.0005
20.04.2012;0.0005
21.04.2012;0.00067
22.04.2012;0.00025
23.04.2012;0.00025
24.04.2012;0.00025
25.04.2012;0.00025
26.04.2012;0.00025
27.04.2012;0.00025
28.04.2012;0.00025
29.04.2012;0.00025
30.04.2012;0.00025
1.05.2012;0.00025
2.05.2012;0.00025
3.05.2012;0.00025
4.05.2012;0.00025
5.05.2012;0.00025
6.05.2012;0.00025
7.05.2012;0.00025
8.05.2012;0.0005
9.05.2012;0.00025
10.05.2012;0.00025
11.05.2012;0.00025
12.05.2012;0.00025
13.05.2012;0.00025
14.05.2012;0.00025
15.05.2012;0.0005
16.05.2012;0.0005
17.05.2012;0.0005
18.05.2012;0.0005
19.05.2012;0.0005
20.05.2012;0.0005
21.05.2012;0.0005
22.05.2012;0.0005
23.05.2012;0.0005
24.05.2012;0.0005
25.05.2012;0.0005
26.05.2012;0.00025
27.05.2012;0.00025
28.05.2012;0.00025
29.05.2012;0.00025
30.05.2012;0.00025
31.05.2012;0.00025
1.06.2012;0.00025
2.06.2012;0.00025
3.06.2012;0.00025
4.06.2012;0.00025
5.06.2012;0.00135
6.06.2012;0.0005
7.06.2012;0.00035
8.06.2012;0.00025
9.06.2012;0.00025
10.06.2012;0.00025
11.06.2012;0.0005
12.06.2012;0.00067
13.06.2012;0.00197
14.06.2012;0.00135
15.06.2012;0.00135
16.06.2012;0.00135
17.06.2012;0.00087
18.06.2012;0.00087
19.06.2012;0.00087
20.06.2012;0.0005
21.06.2012;0.0005
22.06.2012;0.00067
23.06.2012;0.00087
24.06.2012;0.0005
25.06.2012;0.00087
26.06.2012;0.00087
27.06.2012;0.00087
28.06.2012;0.00087
29.06.2012;0.00087
30.06.2012;0.00087
1.07.2012;0.00087
2.07.2012;0.0005
3.07.2012;0.0005
4.07.2012;0.0005
5.07.2012;0.0005
6.07.2012;0.0005
7.07.2012;0.0005
8.07.2012;0.0005
9.07.2012;0.0005
10.07.2012;0.00067
11.07.2012;0.00087
12.07.2012;0.00087
13.07.2012;0.00067
14.07.2012;0.00087
15.07.2012;0.00087
16.07.2012;0.00087
17.07.2012;0.0005
18.07.2012;0.0005
19.07.2012;0.0005
20.07.2012;0.0005
21.07.2012;0.00087
22.07.2012;0.00087
23.07.2012;0.00087
24.07.2012;0.00087
25.07.2012;0.00087
26.07.2012;0.00087
27.07.2012;0.00087
28.07.2012;0.00087
29.07.2012;0.00087
30.07.2012;0.00087
31.07.2012;0.00087
1.08.2012;0.00087
2.08.2012;0.00087
3.08.2012;0.00067
4.08.2012;0.0005
5.08.2012;0.0005
6.08.2012;0.0005
7.08.2012;0.0005
8.08.2012;0.0005
9.08.2012;0.0005
10.08.2012;0.0005
11.08.2012;0.0005
12.08.2012;0.0005
13.08.2012;0.0005
14.08.2012;0.0005
15.08.2012;0.0005
16.08.2012;0.0005
17.08.2012;0.0005
18.08.2012;0.0005
19.08.2012;0.00025
20.08.2012;0.00025
21.08.2012;0.00025
22.08.2012;0.00025
23.08.2012;0.00025
24.08.2012;0.00025
25.08.2012;0.00025
26.08.2012;0.00025
27.08.2012;0.00025
28.08.2012;0.00017
29.08.2012;0.00008
30.08.2012;0.00008
31.08.2012;0.00008
1.09.2012;0.00008
2.09.2012;0.00008
3.09.2012;0.00008
4.09.2012;0.00008
5.09.2012;0.00008
6.09.2012;0.00008
7.09.2012;0.00008
8.09.2012;0.00008
9.09.2012;0.00008
10.09.2012;0.00008
11.09.2012;0.00008
12.09.2012;0.00008
13.09.2012;0.00008
14.09.2012;0.00008
15.09.2012;0.00008
16.09.2012;0.00008
17.09.2012;0.00008
18.09.2012;0.00008
19.09.2012;0.00008
20.09.2012;0.00008
21.09.2012;0.00008
22.09.2012;0.00008
23.09.2012;0.00008
24.09.2012;0.00008
25.09.2012;0.00008
26.09.2012;0.00008
27.09.2012;0.00008
28.09.2012;0.00008
29.09.2012;0.00008
30.09.2012;0.00008
1.10.2012;0.00025
2.10.2012;0.00008
3.10.2012;0.00025
4.10.2012;0.00008
5.10.2012;0.00008
6.10.2012;0.00008
7.10.2012;0.00008
8.10.2012;0.00017
9.10.2012;0.00008
10.10.2012;0.00008
11.10.2012;0.00008
12.10.2012;0.00008
13.10.2012;0.00008
14.10.2012;0.00008
15.10.2012;0.00008
16.10.2012;0.00008
17.10.2012;0.00008
18.10.2012;0.00008
19.10.2012;0.00008
20.10.2012;0.00008
21.10.2012;0.00008
22.10.2012;0.00008
23.10.2012;0.00008
24.10.2012;0.00017
25.10.2012;0.00017
26.10.2012;0.00025
27.10.2012;0.00035
28.10.2012;0.0005
29.10.2012;0.00025
30.10.2012;0.00025
31.10.2012;0.00025
1.11.2012;0.00017
2.11.2012;0.00025
3.11.2012;0.00025
4.11.2012;0.00025
5.11.2012;0.00035
6.11.2012;0.0005
7.11.2012;0.0005
8.11.2012;0.0005
9.11.2012;0.00025
10.11.2012;0.00025
11.11.2012;0.00025
12.11.2012;0.00025
13.11.2012;0.00025
14.11.2012;0.00008
15.11.2012;0.00008
16.11.2012;0.00008
17.11.2012;0.00008
18.11.2012;0.00008
19.11.2012;0.00008
20.11.2012;0.00008
21.11.2012;0.00008
22.11.2012;0.00008
23.11.2012;0.00008
24.11.2012;0.00008
25.11.2012;0.00008
26.11.2012;0.00008
27.11.2012;0.00008
28.11.2012;0.00008
29.11.2012;0.00008
30.11.2012;0.00008
1.12.2012;0.00008
2.12.2012;0.00008
3.12.2012;0.00008
4.12.2012;0.00008
5.12.2012;0.00008
6.12.2012;0.00008
7.12.2012;0.00008
8.12.2012;0.00008
9.12.2012;0.00008
10.12.2012;0.00008
11.12.2012;0.00008
12.12.2012;0.00008
13.12.2012;0.00008
14.12.2012;0.00008
15.12.2012;0.00008
16.12.2012;0.00008
17.12.2012;0.00008
18.12.2012;0.00025
19.12.2012;0.00067
20.12.2012;0.00087
21.12.2012;0.00087
22.12.2012;0.00087
23.12.2012;0.00087
24.12.2012;0.00087
25.12.2012;0.00087
26.12.2012;0.00087
27.12.2012;0.00135
28.12.2012;0.00135
29.12.2012;0.00135
30.12.2012;0.00197
31.12.2012;0.00197
1.01.2013;0.003
2.01.2013;0.003
3.01.2013;0.003
4.01.2013;0.003
5.01.2013;0.003
6.01.2013;0.003
7.01.2013;0.003
8.01.2013;0.003
9.01.2013;0.003
10.01.2013;0.003
11.01.2013;0.003
12.01.2013;0.003
13.01.2013;0.003
14.01.2013;0.003
15.01.2013;0.003
16.01.2013;0.003
17.01.2013;0.004
18.01.2013;0.004
19.01.2013;0.005
20.01.2013;0.005
21.01.2013;0.006
22.01.2013;0.006
23.01.2013;0.016
24.01.2013;0.033
25.01.2013;0.037
26.01.2013;0.033
27.01.2013;0.03
28.01.2013;0.027
29.01.2013;0.021
30.01.2013;0.021
31.01.2013;0.016
1.02.2013;0.016
2.02.2013;0.013
3.02.2013;0.018
4.02.2013;0.033
5.02.2013;0.033
6.02.2013;0.033
7.02.2013;0.033
8.02.2013;0.033
9.02.2013;0.03
10.02.2013;0.027
11.02.2013;0.027
12.02.2013;0.024
13.02.2013;0.024
14.02.2013;0.021
15.02.2013;0.021
16.02.2013;0.021
17.02.2013;0.021
18.02.2013;0.024
19.02.2013;0.027
20.02.2013;0.03
21.02.2013;0.03
22.02.2013;0.03
23.02.2013;0.03
24.02.2013;0.027
25.02.2013;0.027
26.02.2013;0.093
27.02.2013;0.125
28.02.2013;0.134
1.03.2013;0.125
2.03.2013;0.117
3.03.2013;0.1
4.03.2013;0.093
6.03.2013;0.073
7.03.2013;0.073
8.03.2013;0.067
9.03.2013;0.125
10.03.2013;0.173
11.03.2013;0.161
12.03.2013;0.173
13.03.2013;0.15
14.03.2013;0.134
15.03.2013;0.125
16.03.2013;0.108
17.03.2013;0.093
18.03.2013;0.087
19.03.2013;0.073
20.03.2013;0.067
21.03.2013;0.062
22.03.2013;0.062
23.03.2013;0.087
24.03.2013;0.087
26.03.2013;0.073
27.03.2013;0.067
28.03.2013;0.062
29.03.2013;0.057
30.03.2013;0.052
31.03.2013;0.052
1.04.2013;0.101
2.04.2013;0.142
3.04.2013;0.134
4.04.2013;0.142
5.04.2013;0.15
6.04.2013;0.15
7.04.2013;0.134
8.04.2013;0.125
9.04.2013;0.117
10.04.2013;0.108
11.04.2013;0.1
12.04.2013;0.093
14.04.2013;0.073
15.04.2013;0.067
16.04.2013;0.062
17.04.2013;0.062
18.04.2013;0.057
19.04.2013;0.052
20.04.2013;0.052
21.04.2013;0.048
22.04.2013;0.044
23.04.2013;0.044
24.04.2013;0.041
25.04.2013;0.041
26.04.2013;0.037
27.04.2013;0.037
28.04.2013;0.037
29.04.2013;0.033
30.04.2013;0.033
1.05.2013;0.03
2.05.2013;0.03
3.05.2013;0.027
4.05.2013;0.027
5.05.2013;0.027
6.05.2013;0.024
7.05.2013;0.024
8.05.2013;0.024
9.05.2013;0.024
10.05.2013;0.021
11.05.2013;0.021
12.05.2013;0.021
13.05.2013;0.021
14.05.2013;0.018
15.05.2013;0.067
16.05.2013;0.073
17.05.2013;0.062
18.05.2013;0.057
19.05.2013;0.052
20.05.2013;0.048
21.05.2013;0.044
22.05.2013;0.041
23.05.2013;0.041
24.05.2013;0.037
25.05.2013;0.033
26.05.2013;0.033
27.05.2013;0.037
28.05.2013;0.048
29.05.2013;0.052
30.05.2013;0.052
31.05.2013;0.108
1.06.2013;0.173
2.06.2013;0.134
3.06.2013;0.117
4.06.2013;0.108
5.06.2013;0.093
6.06.2013;0.087
8.06.2013;0.073
9.06.2013;0.073
10.06.2013;0.067
11.06.2013;0.067
12.06.2013;0.062
13.06.2013;0.052
14.06.2013;0.048
15.06.2013;0.048
16.06.2013;0.044
17.06.2013;0.041
18.06.2013;0.037
19.06.2013;0.037
20.06.2013;0.037
21.06.2013;0.033
22.06.2013;0.033
23.06.2013;0.027
24.06.2013;0.033
25.06.2013;0.03
26.06.2013;0.03
27.06.2013;0.033
28.06.2013;0.052
29.06.2013;0.052
30.06.2013;0.048
1.07.2013;0.044
2.07.2013;0.044
3.07.2013;0.041
4.07.2013;0.041
5.07.2013;0.037
6.07.2013;0.037
7.07.2013;0.033
8.07.2013;0.03
9.07.2013;0.03
10.07.2013;0.027
11.07.2013;0.027
12.07.2013;0.027
13.07.2013;0.024
14.07.2013;0.021
15.07.2013;0.021
16.07.2013;0.018
17.07.2013;0.018
18.07.2013;0.018
19.07.2013;0.016
20.07.2013;0.016
21.07.2013;0.016
22.07.2013;0.016
23.07.2013;0.016
24.07.2013;0.016
25.07.2013;0.013
26.07.2013;0.013
27.07.2013;0.013
28.07.2013;0.013
29.07.2013;0.013
30.07.2013;0.013
31.07.2013;0.011
1.08.2013;0.011
2.08.2013;0.011
3.08.2013;0.011
4.08.2013;0.011
5.08.2013;0.011
6.08.2013;0.009
7.08.2013;0.009
8.08.2013;0.009
9.08.2013;0.009
10.08.2013;0.009
11.08.2013;0.009
12.08.2013;0.009
13.08.2013;0.009
14.08.2013;0.009
15.08.2013;0.009
16.08.2013;0.009
17.08.2013;0.009
18.08.2013;0.009
19.08.2013;0.009
20.08.2013;0.009
21.08.2013;0.009
22.08.2013;0.009
23.08.2013;0.007
24.08.2013;0.007
25.08.2013;0.007
26.08.2013;0.007
27.08.2013;0.007
28.08.2013;0.007
29.08.2013;0.007
30.08.2013;0.007
31.08.2013;0.007
1.09.2013;0.007
2.09.2013;0.007
3.09.2013;0.007
4.09.2013;0.007
5.09.2013;0.007
6.09.2013;0.007
7.09.2013;0.007
8.09.2013;0.007
9.09.2013;0.007
10.09.2013;0.007
11.09.2013;0.007
12.09.2013;0.007
13.09.2013;0.007
14.09.2013;0.007
15.09.2013;0.007
16.09.2013;0.007
17.09.2013;0.007
18.09.2013;0.009
19.09.2013;0.007
20.09.2013;0.007
21.09.2013;0.007
22.09.2013;0.007
23.09.2013;0.007
24.09.2013;0.007
25.09.2013;0.007
26.09.2013;0.007
27.09.2013;0.007
28.09.2013;0.007
29.09.2013;0.007
30.09.2013;0.007
1.10.2013;0.007
2.10.2013;0.007
3.10.2013;0.006
4.10.2013;0.006
5.10.2013;0.006
6.10.2013;0.006
7.10.2013;0.006
8.10.2013;0.006
9.10.2013;0.006
10.10.2013;0.006
11.10.2013;0.006
12.10.2013;0.006
13.10.2013;0.006
14.10.2013;0.006
15.10.2013;0.006
16.10.2013;0.006
17.10.2013;0.007
18.10.2013;0.007
19.10.2013;0.005
20.10.2013;0.005
21.10.2013;0.004
22.10.2013;0.003
23.10.2013;0.003
24.10.2013;0.003
25.10.2013;0.003
26.10.2013;0.003
27.10.2013;0.003
28.10.2013;0.003
29.10.2013;0.003
30.10.2013;0.003
31.10.2013;0.003
1.11.2013;0.003
2.11.2013;0.003
3.11.2013;0.003
4.11.2013;0.003
5.11.2013;0.003
6.11.2013;0.003
7.11.2013;0.003
8.11.2013;0.003
9.11.2013;0.003
10.11.2013;0.003
11.11.2013;0.004
12.11.2013;0.004
13.11.2013;0.004
14.11.2013;0.004
15.11.2013;0.003
16.11.2013;0.003
17.11.2013;0.003
18.11.2013;0.003
19.11.2013;0.003
20.11.2013;0.003
21.11.2013;0.003
22.11.2013;0.003
23.11.2013;0.003
24.11.2013;0.003
25.11.2013;0.004
26.11.2013;0.004
27.11.2013;0.004
28.11.2013;0.004
29.11.2013;0.004
30.11.2013;0.004
1.12.2013;0.004
2.12.2013;0.004
3.12.2013;0.003
4.12.2013;0.003
5.12.2013;0.003
6.12.2013;0.004
7.12.2013;0.004
8.12.2013;0.003
9.12.2013;0.003
10.12.2013;0.003
11.12.2013;0.003
12.12.2013;0.003
13.12.2013;0.003
14.12.2013;0.003
15.12.2013;0.003
16.12.2013;0.003
17.12.2013;0.003
18.12.2013;0.003
19.12.2013;0.003
20.12.2013;0.003
21.12.2013;0.004
22.12.2013;0.003
23.12.2013;0.002
24.12.2013;0.002
25.12.2013;0.002
26.12.2013;0.002
27.12.2013;0.002
28.12.2013;0.002
29.12.2013;0.002
30.12.2013;0.002
31.12.2013;0.003
1.01.2014;0.003
2.01.2014;0.001
3.01.2014;0.001
4.01.2014;0.001
5.01.2014;0.001
6.01.2014;0.001
7.01.2014;0.002
8.01.2014;0.001
9.01.2014;0.001
10.01.2014;0.002
11.01.2014;0.003
12.01.2014;0.002
13.01.2014;0.003
14.01.2014;0.003
15.01.2014;0.003
16.01.2014;0.003
17.01.2014;0.003
18.01.2014;0.002
19.01.2014;0.002
20.01.2014;0.002
21.01.2014;0.003
22.01.2014;0.006
23.01.2014;0.018
24.01.2014;0.018
25.01.2014;0.018
26.01.2014;0.018
27.01.2014;0.016
28.01.2014;0.016
29.01.2014;0.018
30.01.2014;0.018
31.01.2014;0.016
1.02.2014;0.016
2.02.2014;0.013
3.02.2014;0.013
4.02.2014;0.013
5.02.2014;0.013
6.02.2014;0.013
7.02.2014;0.013
8.02.2014;0.007
9.02.2014;0.007
10.02.2014;0.007
11.02.2014;0.016
12.02.2014;0.018
13.02.2014;0.033
14.02.2014;0.033
15.02.2014;0.062
16.02.2014;0.041
17.02.2014;0.041
18.02.2014;0.041
19.02.2014;0.041
20.02.2014;0.037
21.02.2014;0.033
22.02.2014;0.033
23.02.2014;0.033
24.02.2014;0.027
25.02.2014;0.027
26.02.2014;0.027
27.02.2014;0.024
28.02.2014;0.024
1.03.2014;0.024
2.03.2014;0.024
3.03.2014;0.024
4.03.2014;0.021
5.03.2014;0.021
6.03.2014;0.018
7.03.2014;0.018
8.03.2014;0.018
9.03.2014;0.018
10.03.2014;0.016
11.03.2014;0.018
12.03.2014;0.016
13.03.2014;0.016
14.03.2014;0.016
15.03.2014;0.016
16.03.2014;0.016
17.03.2014;0.016
18.03.2014;0.013
19.03.2014;0.013
20.03.2014;0.013
21.03.2014;0.013
22.03.2014;0.013
23.03.2014;0.013
24.03.2014;0.013
25.03.2014;0.013
26.03.2014;0.011
27.03.2014;0.011
28.03.2014;0.011
29.03.2014;0.011
30.03.2014;0.011
31.03.2014;0.011
1.04.2014;0.011
2.04.2014;0.011
3.04.2014;0.011
4.04.2014;0.011
5.04.2014;0.011
6.04.2014;0.011
7.04.2014;0.011
8.04.2014;0.009
9.04.2014;0.009
10.04.2014;0.009
11.04.2014;0.011
12.04.2014;0.009
13.04.2014;0.009
14.04.2014;0.009
15.04.2014;0.009
16.04.2014;0.009
17.04.2014;0.009
18.04.2014;0.009
19.04.2014;0.009
20.04.2014;0.009
21.04.2014;0.009
22.04.2014;0.009
23.04.2014;0.009
24.04.2014;0.009
25.04.2014;0.009
26.04.2014;0.009
27.04.2014;0.009
28.04.2014;0.009
29.04.2014;0.009
30.04.2014;0.011
1.05.2014;0.011
2.05.2014;0.011
3.05.2014;0.011
4.05.2014;0.011
5.05.2014;0.011
6.05.2014;0.011
7.05.2014;0.011
8.05.2014;0.011
9.05.2014;0.013
10.05.2014;0.013
11.05.2014;0.013
12.05.2014;0.013
13.05.2014;0.013
14.05.2014;0.013
15.05.2014;0.013
16.05.2014;0.016
17.05.2014;0.016
18.05.2014;0.018
19.05.2014;0.021
20.05.2014;0.016
21.05.2014;0.018
22.05.2014;0.018
23.05.2014;0.018
24.05.2014;0.016
25.05.2014;0.016
26.05.2014;0.016
27.05.2014;0.016
28.05.2014;0.018
29.05.2014;0.018
30.05.2014;0.016
31.05.2014;0.016
1.06.2014;0.016
2.06.2014;0.016
3.06.2014;0.016
4.06.2014;0.016
5.06.2014;0.016
6.06.2014;0.016
7.06.2014;0.016
8.06.2014;0.016
9.06.2014;0.016
10.06.2014;0.016
11.06.2014;0.021
12.06.2014;0.018
13.06.2014;0.024
14.06.2014;0.027
15.06.2014;0.027
16.06.2014;0.027
17.06.2014;0.024
18.06.2014;0.021
19.06.2014;0.021
20.06.2014;0.021
21.06.2014;0.018
22.06.2014;0.018
23.06.2014;0.016
24.06.2014;0.011
25.06.2014;0.007
26.06.2014;0.007
27.06.2014;0.007
28.06.2014;0.007
29.06.2014;0.007
30.06.2014;0.007
1.07.2014;0.009
2.07.2014;0.007
3.07.2014;0.007
4.07.2014;0.009
5.07.2014;0.007
6.07.2014;0.007
7.07.2014;0.007
8.07.2014;0.007
9.07.2014;0.007
10.07.2014;0.007
11.07.2014;0.007
12.07.2014;0.007
13.07.2014;0.009
14.07.2014;0.009
15.07.2014;0.009
16.07.2014;0.009
17.07.2014;0.007
18.07.2014;0.007
19.07.2014;0.007
20.07.2014;0.007
21.07.2014;0.007
22.07.2014;0.007
23.07.2014;0.007
24.07.2014;0.007
25.07.2014;0.007
26.07.2014;0.007
27.07.2014;0.006
28.07.2014;0.011
29.07.2014;0.011
30.07.2014;0.011
31.07.2014;0.011
1.08.2014;0.011
2.08.2014;0.011
3.08.2014;0.009
4.08.2014;0.009
5.08.2014;0.007
6.08.2014;0.007
7.08.2014;0.007
8.08.2014;0.007
9.08.2014;0.018
10.08.2014;0.013
11.08.2014;0.013
12.08.2014;0.013
13.08.2014;0.016
14.08.2014;0.021
15.08.2014;0.024
16.08.2014;0.024
17.08.2014;0.024
18.08.2014;0.024
19.08.2014;0.027
20.08.2014;0.024
21.08.2014;0.024
22.08.2014;0.024
23.08.2014;0.024
24.08.2014;0.024
25.08.2014;0.033
26.08.2014;0.033
27.08.2014;0.033
28.08.2014;0.044
29.08.2014;0.041
30.08.2014;0.041
31.08.2014;0.037
1.09.2014;0.041
2.09.2014;0.041
3.09.2014;0.037
4.09.2014;0.037
5.09.2014;0.033
6.09.2014;0.033
7.09.2014;0.03
8.09.2014;0.027
9.09.2014;0.024
10.09.2014;0.027
11.09.2014;0.027
12.09.2014;0.033
13.09.2014;0.03
14.09.2014;0.041
15.09.2014;0.037
16.09.2014;0.037
17.09.2014;0.037
18.09.2014;0.037
19.09.2014;0.033
20.09.2014;0.033
21.09.2014;0.037
22.09.2014;0.052
23.09.2014;0.048
24.09.2014;0.048
25.09.2014;0.048
26.09.2014;0.048
27.09.2014;0.048
28.09.2014;0.044
29.09.2014;0.044
30.09.2014;0.044
1.10.2014;0.044
2.10.2014;0.044
3.10.2014;0.048
4.10.2014;0.041
5.10.2014;0.033
6.10.2014;0.03
7.10.2014;0.027
8.10.2014;0.041
9.10.2014;0.041
10.10.2014;0.013
11.10.2014;0.013
12.10.2014;0.013
13.10.2014;0.013
14.10.2014;0.013
15.10.2014;0.013
16.10.2014;0.011
17.10.2014;0.009
18.10.2014;0.011
19.10.2014;0.009
20.10.2014;0.009
21.10.2014;0.011
22.10.2014;0.011
23.10.2014;0.016
24.10.2014;0.013
25.10.2014;0.013
26.10.2014;0.013
27.10.2014;0.013
28.10.2014;0.013
29.10.2014;0.016
30.10.2014;0.013
31.10.2014;0.013
1.11.2014;0.013
2.11.2014;0.013
3.11.2014;0.013
4.11.2014;0.013
5.11.2014;0.013
6.11.2014;0.013
7.11.2014;0.013
8.11.2014;0.013
9.11.2014;0.013
10.11.2014;0.011
11.11.2014;0.011
12.11.2014;0.011
13.11.2014;0.011
14.11.2014;0.007
15.11.2014;0.009
16.11.2014;0.009
17.11.2014;0.009
18.11.2014;0.009
19.11.2014;0.024
20.11.2014;0.013
21.11.2014;0.009
22.11.2014;0.009
23.11.2014;0.007
24.11.2014;0.007
25.11.2014;0.007
26.11.2014;0.009
27.11.2014;0.007
28.11.2014;0.009
29.11.2014;0.009
30.11.2014;0.009
1.12.2014;0.009
2.12.2014;0.011
3.12.2014;0.021
4.12.2014;0.007
5.12.2014;0.009
6.12.2014;0.009
7.12.2014;0.009
8.12.2014;0.009
9.12.2014;0.013
10.12.2014;0.011
11.12.2014;0.011
12.12.2014;0.011
13.12.2014;0.011
14.12.2014;0.011
15.12.2014;0.011
16.12.2014;0.007
17.12.2014;0.007
18.12.2014;0.016
19.12.2014;0.011
20.12.2014;0.011
21.12.2014;0.011
22.12.2014;0.011
23.12.2014;0.011
24.12.2014;0.011
25.12.2014;0.011
26.12.2014;0.011
27.12.2014;0.011
28.12.2014;0.011
29.12.2014;0.011
30.12.2014;0.009
31.12.2014;0.007
1.01.2015;0.007
2.01.2015;0.007
3.01.2015;0.007
4.01.2015;0.009
5.01.2015;0.009
6.01.2015;0.007
7.01.2015;0.007
8.01.2015;0.006
9.01.2015;0.006
10.01.2015;0.006
11.01.2015;0.005
12.01.2015;0.005
13.01.2015;0.004
14.01.2015;0.007
15.01.2015;0.004
16.01.2015;0.004
17.01.2015;0.004
18.01.2015;0.004
19.01.2015;0.005
20.01.2015;0.005
21.01.2015;0.005
22.01.2015;0.005
23.01.2015;0.003
24.01.2015;0.004
25.01.2015;0.004
26.01.2015;0.005
27.01.2015;0.005
28.01.2015;0.006
29.01.2015;0.006
30.01.2015;0.006
31.01.2015;0.009
1.02.2015;0.057
2.02.2015;0.052
3.02.2015;0.041
4.02.2015;0.033
5.02.2015;0.033
6.02.2015;0.03
7.02.2015;0.027
8.02.2015;0.024
9.02.2015;0.024
10.02.2015;0.021
11.02.2015;0.018
12.02.2015;0.018
13.02.2015;0.018
14.02.2015;0.016
15.02.2015;0.016
16.02.2015;0.013
17.02.2015;0.013
18.02.2015;0.011
19.02.2015;0.011
20.02.2015;0.013
21.02.2015;0.016
22.02.2015;0.011
23.02.2015;0.011
24.02.2015;0.011
25.02.2015;0.011
26.02.2015;0.011
27.02.2015;0.021
28.02.2015;0.024
1.03.2015;0.024
2.03.2015;0.024
3.03.2015;0.024
4.03.2015;0.021
5.03.2015;0.021
6.03.2015;0.018
7.03.2015;0.018
8.03.2015;0.018
9.03.2015;0.016
10.03.2015;0.016
11.03.2015;0.016
12.03.2015;0.016
13.03.2015;0.016
14.03.2015;0.013
15.03.2015;0.013
16.03.2015;0.013
17.03.2015;0.013
18.03.2015;0.011
19.03.2015;0.011
20.03.2015;0.011
21.03.2015;0.011
22.03.2015;0.011
23.03.2015;0.011
24.03.2015;0.011
25.03.2015;0.011
26.03.2015;0.009
27.03.2015;0.009
28.03.2015;0.009
29.03.2015;0.009
30.03.2015;0.009
31.03.2015;0.009
1.04.2015;0.011
2.04.2015;0.007
3.04.2015;0.007
4.04.2015;0.007
5.04.2015;0.007
6.04.2015;0.007
7.04.2015;0.007
8.04.2015;0.007
9.04.2015;0.007
10.04.2015;0.007
11.04.2015;0.007
12.04.2015;0.007
13.04.2015;0.009
14.04.2015;0.007
15.04.2015;0.009
16.04.2015;0.009
17.04.2015;0.009
18.04.2015;0.009
19.04.2015;0.009
20.04.2015;0.009
21.04.2015;0.007
22.04.2015;0.007
23.04.2015;0.007
24.04.2015;0.007
25.04.2015;0.007
26.04.2015;0.007
27.04.2015;0.007
28.04.2015;0.009
29.04.2015;0.007
30.04.2015;0.007
1.05.2015;0.007
2.05.2015;0.007
3.05.2015;0.007
4.05.2015;0.007
5.05.2015;0.007
6.05.2015;0.007
7.05.2015;0.006
8.05.2015;0.006
9.05.2015;0.006
10.05.2015;0.006
11.05.2015;0.009
12.05.2015;0.006
13.05.2015;0.005
14.05.2015;0.005
15.05.2015;0.006
16.05.2015;0.004
17.05.2015;0.004
18.05.2015;0.004
19.05.2015;0.004
20.05.2015;0.004
21.05.2015;0.004
22.05.2015;0.007
23.05.2015;0.005
24.05.2015;0.006
25.05.2015;0.005
26.05.2015;0.006
27.05.2015;0.009
28.05.2015;0.009
29.05.2015;0.006
30.05.2015;0.005
31.05.2015;0.004
1.06.2015;0.003
2.06.2015;0.003
3.06.2015;0.004
4.06.2015;0.003
5.06.2015;0.003
6.06.2015;0.003
7.06.2015;0.003
8.06.2015;0.003
9.06.2015;0.002
10.06.2015;0.002
11.06.2015;0.002
12.06.2015;0.002
13.06.2015;0.002
14.06.2015;0.002
15.06.2015;0.002
16.06.2015;0.002
17.06.2015;0.002
18.06.2015;0.002
19.06.2015;0.002
20.06.2015;0.002
21.06.2015;0.003
22.06.2015;0.003
23.06.2015;0.002
24.06.2015;0.003
25.06.2015;0.003
26.06.2015;0.003
27.06.2015;0.002
28.06.2015;0.003
29.06.2015;0.002
30.06.2015;0.003
1.07.2015;0.003
2.07.2015;0.003
3.07.2015;0.003
4.07.2015;0.002
5.07.2015;0.003
6.07.2015;0.003
7.07.2015;0.002
8.07.2015;0.003
9.07.2015;0.009
10.07.2015;0.004
11.07.2015;0.002
12.07.2015;0.002
13.07.2015;0.001
14.07.2015;0.002
15.07.2015;0.002
16.07.2015;0.002
17.07.2015;0.001
18.07.2015;0.001
19.07.2015;0.011
20.07.2015;0.003
21.07.2015;0.002
22.07.2015;0.002
23.07.2015;0.001
24.07.2015;0.001
25.07.2015;0.001
26.07.2015;0.001
27.07.2015;0.001
28.07.2015;0.001
29.07.2015;0.001
30.07.2015;0.002
31.07.2015;0.001
1.08.2015;0.001
2.08.2015;0.001
3.08.2015;0.001
4.08.2015;0.001
5.08.2015;0.001
6.08.2015;0.011
7.08.2015;0.005
8.08.2015;0.003
9.08.2015;0.002
10.08.2015;0.002
11.08.2015;0.001
12.08.2015;0.001
13.08.2015;0.001
14.08.2015;0
15.08.2015;0
16.08.2015;0
17.08.2015;0
18.08.2015;0.002
19.08.2015;0.001
20.08.2015;0.001
21.08.2015;0.001
22.08.2015;0
23.08.2015;0
24.08.2015;0
25.08.2015;0
26.08.2015;0
27.08.2015;0
28.08.2015;0
29.08.2015;0
30.08.2015;0
31.08.2015;0
1.09.2015;0
2.09.2015;0
3.09.2015;0
4.09.2015;0
5.09.2015;0
6.09.2015;0
7.09.2015;0
8.09.2015;0
9.09.2015;0
10.09.2015;0
11.09.2015;0
12.09.2015;0
13.09.2015;0
14.09.2015;0
15.09.2015;0
16.09.2015;0
17.09.2015;0
18.09.2015;0
19.09.2015;0
20.09.2015;0
21.09.2015;0.001
22.09.2015;0
23.09.2015;0
24.09.2015;0
25.09.2015;0
26.09.2015;0.013
27.09.2015;0.013
28.09.2015;0.002
29.09.2015;0
30.09.2015;0
1.10.2015;0
2.10.2015;0
3.10.2015;0
4.10.2015;0
5.10.2015;0
6.10.2015;0.001
7.10.2015;0.001
8.10.2015;0.001
9.10.2015;0.001
10.10.2015;0.001
11.10.2015;0.001
12.10.2015;0.001
13.10.2015;0.001
14.10.2015;0.001
15.10.2015;0.001
16.10.2015;0.001
17.10.2015;0.001
18.10.2015;0.001
19.10.2015;0.001
20.10.2015;0.002
21.10.2015;0.002
22.10.2015;0.002
23.10.2015;0.002
24.10.2015;0.002
25.10.2015;0.002
26.10.2015;0.002
27.10.2015;0.002
28.10.2015;0.002
29.10.2015;0.002
30.10.2015;0.002
31.10.2015;0.002
1.11.2015;0.002
2.11.2015;0.002
3.11.2015;0.002
4.11.2015;0.002
5.11.2015;0.002
6.11.2015;0.002
7.11.2015;0.002
8.11.2015;0.002
9.11.2015;0.002
10.11.2015;0.002
11.11.2015;0.002
12.11.2015;0.002
13.11.2015;0.003
14.11.2015;0.003
15.11.2015;0.003
16.11.2015;0.003
17.11.2015;0.003
18.11.2015;0.003
19.11.2015;0.003
20.11.2015;0.003
21.11.2015;0.003
22.11.2015;0.003
23.11.2015;0.003
24.11.2015;0.003
25.11.2015;0.003
26.11.2015;0.003
27.11.2015;0.003
28.11.2015;0.003
29.11.2015;0.003
30.11.2015;0.003
1.12.2015;0.003
2.12.2015;0.003
3.12.2015;0.003
4.12.2015;0.003
5.12.2015;0.003
6.12.2015;0.003
7.12.2015;0.003
8.12.2015;0.004
9.12.2015;0.004
10.12.2015;0.004
11.12.2015;0.004
12.12.2015;0.004
13.12.2015;0.004
14.12.2015;0.004
15.12.2015;0.004
16.12.2015;0.004
17.12.2015;0.004
18.12.2015;0.004
19.12.2015;0.004
20.12.2015;0.004
21.12.2015;0.004
22.12.2015;0.004
23.12.2015;0.004
24.12.2015;0.004
25.12.2015;0.004
26.12.2015;0.004
27.12.2015;0.004
28.12.2015;0.004
29.12.2015;0.004
30.12.2015;0.004
31.12.2015;0.004
1.01.2016;0.005
2.01.2016;0.005
3.01.2016;0.005
4.01.2016;0.005
5.01.2016;0.005
6.01.2016;0.005
7.01.2016;0.005
8.01.2016;0.005
9.01.2016;0.005
10.01.2016;0.005
11.01.2016;0.005
12.01.2016;0.005
13.01.2016;0.005
14.01.2016;0.006
15.01.2016;0.006
16.01.2016;0.007
17.01.2016;0.007
18.01.2016;0.007
19.01.2016;0.007
20.01.2016;0.009
21.01.2016;0.009
22.01.2016;0.009
23.01.2016;0.009
24.01.2016;0.009
25.01.2016;0.009
26.01.2016;0.009
27.01.2016;0.009
28.01.2016;0.011
29.01.2016;0.011
30.01.2016;0.011
31.01.2016;0.011
1.02.2016;0.013
2.02.2016;0.013
3.02.2016;0.013
4.02.2016;0.009
5.02.2016;0.006
6.02.2016;0.006
7.02.2016;0.006
8.02.2016;0.006
9.02.2016;0.013
10.02.2016;0.013
11.02.2016;0.037
12.02.2016;0.073
13.02.2016;0.073
14.02.2016;0.073
15.02.2016;0.073
16.02.2016;0.093
17.02.2016;0.093
18.02.2016;0.093
19.02.2016;0.093
20.02.2016;0.093
21.02.2016;0.142
22.02.2016;0.125
23.02.2016;0.1
24.02.2016;0.087
25.02.2016;0.073
26.02.2016;0.062
27.02.2016;0.057
28.02.2016;0.052
29.02.2016;0.052
1.03.2016;0.052
2.03.2016;0.052
3.03.2016;0.052
4.03.2016;0.052
5.03.2016;0.052
6.03.2016;0.052
7.03.2016;0.048
8.03.2016;0.044
9.03.2016;0.044
10.03.2016;0.044
11.03.2016;0.044
12.03.2016;0.044
13.03.2016;0.044
14.03.2016;0.044
15.03.2016;0.044
16.03.2016;0.044
17.03.2016;0.037
18.03.2016;0.037
19.03.2016;0.037
20.03.2016;0.037
21.03.2016;0.033
22.03.2016;0.033
23.03.2016;0.033
24.03.2016;0.033
25.03.2016;0.03
26.03.2016;0.03
27.03.2016;0.03
28.03.2016;0.03
29.03.2016;0.027
30.03.2016;0.027
31.03.2016;0.024
1.04.2016;0.024
2.04.2016;0.024
3.04.2016;0.024
4.04.2016;0.021
5.04.2016;0.021
6.04.2016;0.021
7.04.2016;0.021
8.04.2016;0.021
9.04.2016;0.021
10.04.2016;0.021
11.04.2016;0.018
12.04.2016;0.018
13.04.2016;0.018
14.04.2016;0.018
15.04.2016;0.018
16.04.2016;0.018
17.04.2016;0.018
18.04.2016;0.018
19.04.2016;0.018
20.04.2016;0.018
21.04.2016;0.018
22.04.2016;0.018
23.04.2016;0.016
24.04.2016;0.016
25.04.2016;0.016
26.04.2016;0.016
27.04.2016;0.016
28.04.2016;0.016
29.04.2016;0.016
30.04.2016;0.013
1.05.2016;0.013
2.05.2016;0.013
3.05.2016;0.013
4.05.2016;0.013
5.05.2016;0.011
6.05.2016;0.011
7.05.2016;0.011
8.05.2016;0.011
9.05.2016;0.011
10.05.2016;0.011
11.05.2016;0.011
12.05.2016;0.011
13.05.2016;0.011
14.05.2016;0.016
15.05.2016;0.018
16.05.2016;0.013
17.05.2016;0.013
18.05.2016;0.013
19.05.2016;0.013
20.05.2016;0.013
21.05.2016;0.013
22.05.2016;0.013
23.05.2016;0.013
24.05.2016;0.013
25.05.2016;0.013
26.05.2016;0.013
27.05.2016;0.013
28.05.2016;0.013
29.05.2016;0.013
30.05.2016;0.013
31.05.2016;0.013
1.06.2016;0.013
2.06.2016;0.013
3.06.2016;0.013
4.06.2016;0.011
5.06.2016;0.009
6.06.2016;0.009
7.06.2016;0.007
8.06.2016;0.007
9.06.2016;0.007
10.06.2016;0.007
11.06.2016;0.007
12.06.2016;0.007
13.06.2016;0.007
14.06.2016;0.006
15.06.2016;0.006
16.06.2016;0.006
17.06.2016;0.006
18.06.2016;0.005
19.06.2016;0.005
20.06.2016;0.005
21.06.2016;0.004
22.06.2016;0.004
23.06.2016;0.004
24.06.2016;0.004
25.06.2016;0.004
26.06.2016;0.004
27.06.2016;0.004
28.06.2016;0.004
29.06.2016;0.004
30.06.2016;0.004
1.07.2016;0.004
2.07.2016;0.004
3.07.2016;0.004
4.07.2016;0.024
5.07.2016;0.007
6.07.2016;0.005
7.07.2016;0.004
8.07.2016;0.003
9.07.2016;0.003
10.07.2016;0.003
11.07.2016;0.003
12.07.2016;0.003
13.07.2016;0.003
14.07.2016;0.005
15.07.2016;0.018
16.07.2016;0.006
17.07.2016;0.009
18.07.2016;0.03
19.07.2016;0.011
20.07.2016;0.005
21.07.2016;0.004
22.07.2016;0.004
23.07.2016;0.004
24.07.2016;0.003
25.07.2016;0.003
26.07.2016;0.003
27.07.2016;0.044
28.07.2016;0.009
29.07.2016;0.009
30.07.2016;0.006
31.07.2016;0.004
1.08.2016;0.004
2.08.2016;0.037
3.08.2016;0.021
4.08.2016;0.011
5.08.2016;0.006
6.08.2016;0.006
7.08.2016;0.024
8.08.2016;0.007
9.08.2016;0.005
10.08.2016;0.004
11.08.2016;0.007
12.08.2016;0.006
13.08.2016;0.004
14.08.2016;0.003
15.08.2016;0.003
16.08.2016;0.003
17.08.2016;0.011
18.08.2016;0.021
19.08.2016;0.011
20.08.2016;0.011
21.08.2016;0.007
22.08.2016;0.007
23.08.2016;0.024
24.08.2016;0.009
25.08.2016;0.006
26.08.2016;0.005
27.08.2016;0.005
28.08.2016;0.005
29.08.2016;0.005
30.08.2016;0.005
31.08.2016;0.004
1.09.2016;0.004
2.09.2016;0.004
3.09.2016;0.004
4.09.2016;0.003
5.09.2016;0.003
6.09.2016;0.012
7.09.2016;0.005
8.09.2016;0.003
9.09.2016;0.003
10.09.2016;0.002
11.09.2016;0.002
12.09.2016;0.002
13.09.2016;0.002
14.09.2016;0.002
15.09.2016;0.002
16.09.2016;0.002
17.09.2016;0.002
18.09.2016;0.002
19.09.2016;0.002
20.09.2016;0.001
21.09.2016;0.001
22.09.2016;0.001
23.09.2016;0.001
24.09.2016;0.001
25.09.2016;0.001
26.09.2016;0.001
27.09.2016;0.001
28.09.2016;0.001
29.09.2016;0.001
30.09.2016;0.001
1.10.2016;0.001
2.10.2016;0.001
3.10.2016;0.002
4.10.2016;0.041
5.10.2016;0.012
6.10.2016;0.004
7.10.2016;0.003
8.10.2016;0.002
9.10.2016;0.002
10.10.2016;0.001
11.10.2016;0.001
12.10.2016;0.001
13.10.2016;0.001
14.10.2016;0.001
15.10.2016;0.001
16.10.2016;0.002
17.10.2016;0.002
18.10.2016;0.002
19.10.2016;0.002
20.10.2016;0.002
21.10.2016;0.012
22.10.2016;0.021
23.10.2016;0.007
24.10.2016;0.004
25.10.2016;0.004
26.10.2016;0.004
27.10.2016;0.004
28.10.2016;0.004
29.10.2016;0.004
30.10.2016;0.004
31.10.2016;0.004
1.11.2016;0.004
2.11.2016;0.004
3.11.2016;0.004
4.11.2016;0.004
5.11.2016;0.004
6.11.2016;0.004
7.11.2016;0.006
8.11.2016;0.008
9.11.2016;0.009
10.11.2016;0.009
11.11.2016;0.009
12.11.2016;0.009
13.11.2016;0.009
14.11.2016;0.009
15.11.2016;0.009
16.11.2016;0.009
17.11.2016;0.009
18.11.2016;0.009
19.11.2016;0.007
20.11.2016;0.007
21.11.2016;0.007
22.11.2016;0.007
23.11.2016;0.007
24.11.2016;0.007
25.11.2016;0.007
26.11.2016;0.007
27.11.2016;0.007
28.11.2016;0.006
29.11.2016;0.006
30.11.2016;0.006
1.12.2016;0.006
2.12.2016;0.006
3.12.2016;0.006
4.12.2016;0.006
5.12.2016;0.006
6.12.2016;0.006
7.12.2016;0.006
8.12.2016;0.006
9.12.2016;0.006
10.12.2016;0.006
11.12.2016;0.006
12.12.2016;0.006
13.12.2016;0.006
14.12.2016;0.005
15.12.2016;0.005
16.12.2016;0.005
17.12.2016;0.005
18.12.2016;0.005
19.12.2016;0.005
20.12.2016;0.005
21.12.2016;0.005
22.12.2016;0.005
23.12.2016;0.005
24.12.2016;0.004
25.12.2016;0.004
26.12.2016;0.004
27.12.2016;0.004
28.12.2016;0.004
29.12.2016;0.004
30.12.2016;0.004
31.12.2016;0.004
1.01.2017;0.004
2.01.2017;0.004
3.01.2017;0.004
4.01.2017;0.004
5.01.2017;0.007
6.01.2017;0.161
7.01.2017;0
8.01.2017;0
9.01.2017;0.161
10.01.2017;0.15
11.01.2017;0.15
12.01.2017;0.048
13.01.2017;0.009
14.01.2017;0
15.01.2017;0.018
16.01.2017;0.044
17.01.2017;0.8
18.01.2017;0.8
19.01.2017;0.197
20.01.2017;0
21.01.2017;0.173
22.01.2017;0.142
23.01.2017;0.052
24.01.2017;0.003
25.01.2017;0.016
26.01.2017;0.016
27.01.2017;0.041
28.01.2017;0.041
29.01.2017;0.041
30.01.2017;0.033
31.01.2017;0.009
1.02.2017;0.003
2.02.2017;0.003
3.02.2017;0.003
4.02.2017;0.003
5.02.2017;0.003
6.02.2017;0.003
7.02.2017;0.003
8.02.2017;0.003
9.02.2017;0.003
10.02.2017;0.003
11.02.2017;0.003
12.02.2017;0.003
13.02.2017;0.003
14.02.2017;0.003
15.02.2017;0.003
16.02.2017;0.003
17.02.2017;0.003
18.02.2017;0.003
19.02.2017;0.003
20.02.2017;0.003
21.02.2017;0.003
22.02.2017;0.003
23.02.2017;0.003
24.02.2017;0.007
25.02.2017;0.011
26.02.2017;0.024
27.02.2017;0.024
28.02.2017;0.024
1.03.2017;0.027
2.03.2017;0.037
3.03.2017;0.041
4.03.2017;0.041
5.03.2017;0.041
6.03.2017;0.041
7.03.2017;0.041
8.03.2017;0.041
9.03.2017;0.041
10.03.2017;0.037
11.03.2017;0.037
12.03.2017;0.033
13.03.2017;0.03
14.03.2017;0.027
15.03.2017;0.027
16.03.2017;0.024
17.03.2017;0.024
18.03.2017;0.021
19.03.2017;0.021
20.03.2017;0.018
21.03.2017;0.018
22.03.2017;0.016
23.03.2017;0.016
24.03.2017;0.016
25.03.2017;0.016
26.03.2017;0.016
27.03.2017;0.016
28.03.2017;0.013
29.03.2017;0.013
30.03.2017;0.013
31.03.2017;0.013
1.04.2017;0.013
2.04.2017;0.013
3.04.2017;0.011
4.04.2017;0.011
5.04.2017;0.011
6.04.2017;0.011
7.04.2017;0.011
8.04.2017;0.011
9.04.2017;0.009
10.04.2017;0.009
11.04.2017;0.009
12.04.2017;0.009
13.04.2017;0.009
14.04.2017;0.009
15.04.2017;0.009
16.04.2017;0.009
17.04.2017;0.009
18.04.2017;0.009
19.04.2017;0.009
20.04.2017;0.009
21.04.2017;0.007
22.04.2017;0.007
23.04.2017;0.007
24.04.2017;0.007
25.04.2017;0.007
26.04.2017;0.007
27.04.2017;0.007
28.04.2017;0.007
29.04.2017;0.007
30.04.2017;0.007
1.05.2017;0.007
2.05.2017;0.007
3.05.2017;0.007
4.05.2017;0.185
5.05.2017;0.185
6.05.2017;0.134
7.05.2017;0.108
8.05.2017;0.108
9.05.2017;0.108
10.05.2017;0.1
11.05.2017;0.087
12.05.2017;0.8
13.05.2017;0.067
14.05.2017;0.057
15.05.2017;0.052
16.05.2017;0.048
17.05.2017;0.048
18.05.2017;0.044
19.05.2017;0.044
20.05.2017;0.041
21.05.2017;0.037
22.05.2017;0.037
23.05.2017;0.033
24.05.2017;0.033
25.05.2017;0.03
26.05.2017;0.027
27.05.2017;0.027
28.05.2017;0.024
29.05.2017;0.021
30.05.2017;0.021
31.05.2017;0.021
1.06.2017;0.018
2.06.2017;0.018
3.06.2017;0.018
4.06.2017;0.018
5.06.2017;0.016
6.06.2017;0.016
7.06.2017;0.016
8.06.2017;0.016
9.06.2017;0.016
10.06.2017;0.016
11.06.2017;0.016
12.06.2017;0.013
13.06.2017;0.013
14.06.2017;0.013
15.06.2017;0.013
16.06.2017;0.011
17.06.2017;0.011
18.06.2017;0.011
19.06.2017;0.011
20.06.2017;0.011
21.06.2017;0.009
22.06.2017;0.009
23.06.2017;0.009
24.06.2017;0.009
25.06.2017;0.009
26.06.2017;0.009
27.06.2017;0.009
28.06.2017;0.007
29.06.2017;0.007
30.06.2017;0.007
1.07.2017;0.007
2.07.2017;0.007
3.07.2017;0.007
4.07.2017;0.007
5.07.2017;0.007
6.07.2017;0.006
7.07.2017;0.006
8.07.2017;0.006
9.07.2017;0.006
10.07.2017;0.006
11.07.2017;0.006
12.07.2017;0.006
13.07.2017;0.006
14.07.2017;0.005
15.07.2017;0.005
16.07.2017;0.005
17.07.2017;0.005
18.07.2017;0.005
19.07.2017;0.005
20.07.2017;0.005
21.07.2017;0.005
22.07.2017;0.005
23.07.2017;0.005
24.07.2017;0.005
25.07.2017;0.005
26.07.2017;0.005
27.07.2017;0.004
28.07.2017;0.004
29.07.2017;0.004
30.07.2017;0.004
31.07.2017;0.004
1.08.2017;0.003
2.08.2017;0.003
3.08.2017;0.003
4.08.2017;0.003
5.08.2017;0.003
6.08.2017;0.003
7.08.2017;0.003
8.08.2017;0.003
9.08.2017;0.003
10.08.2017;0.003
11.08.2017;0.003
12.08.2017;0.003
13.08.2017;0.003
14.08.2017;0.003
15.08.2017;0.003
16.08.2017;0.003
17.08.2017;0.003
18.08.2017;0.003
19.08.2017;0.003
20.08.2017;0.003
21.08.2017;0.003
22.08.2017;0.003
23.08.2017;0.003
24.08.2017;0.003
25.08.2017;0.003
26.08.2017;0.003
27.08.2017;0.003
28.08.2017;0.003
29.08.2017;0.002
30.08.2017;0.002
31.08.2017;0.002
1.09.2017;0.002
2.09.2017;0.002
3.09.2017;0.002
4.09.2017;0.002
5.09.2017;0.002
6.09.2017;0.002
7.09.2017;0.002
8.09.2017;0.002
9.09.2017;0.002
10.09.2017;0.002
11.09.2017;0.002
12.09.2017;0.002
13.09.2017;0.002
14.09.2017;0.002
15.09.2017;0.002
16.09.2017;0.002
17.09.2017;0.002
18.09.2017;0.002
19.09.2017;0.002
20.09.2017;0.002
21.09.2017;0.003
22.09.2017;0.003
23.09.2017;0.003
24.09.2017;0.003
25.09.2017;0.003
26.09.2017;0.003
27.09.2017;0.003
28.09.2017;0.003
29.09.2017;0.003
30.09.2017;0.003
1.10.2017;0.003
2.10.2017;0.003
3.10.2017;0.003
4.10.2017;0.003
5.10.2017;0.003
6.10.2017;0.003
7.10.2017;0.003
8.10.2017;0.003
9.10.2017;0.003
10.10.2017;0.001
11.10.2017;0.001
12.10.2017;0.001
13.10.2017;0.001
14.10.2017;0.001
15.10.2017;0.001
16.10.2017;0.001
17.10.2017;0.001
18.10.2017;0.001
19.10.2017;0.001
20.10.2017;0.001
21.10.2017;0.001
22.10.2017;0.001
23.10.2017;0.002
24.10.2017;0.002
25.10.2017;0.002
26.10.2017;0.002
27.10.2017;0.002
28.10.2017;0.002
29.10.2017;0.002
30.10.2017;0.003
31.10.2017;0.004
1.11.2017;0.004
2.11.2017;0.003
3.11.2017;0.003
4.11.2017;0.003
5.11.2017;0.003
6.11.2017;0.003
7.11.2017;0.003
8.11.2017;0.002
9.11.2017;0.002
10.11.2017;0.002
11.11.2017;0.002
12.11.2017;0.002
13.11.2017;0.002
14.11.2017;0.002
15.11.2017;0.002
16.11.2017;0.002
17.11.2017;0.002
18.11.2017;0.002
19.11.2017;0.002
20.11.2017;0.002
21.11.2017;0.002
22.11.2017;0.002
23.11.2017;0.002
24.11.2017;0.002
25.11.2017;0.001
26.11.2017;0.002
27.11.2017;0.002
28.11.2017;0.002
29.11.2017;0.002
30.11.2017;0.002
1.12.2017;0.002
2.12.2017;0.002
3.12.2017;0.002
4.12.2017;0.002
5.12.2017;0.002
6.12.2017;0.002
7.12.2017;0.002
8.12.2017;0.002
9.12.2017;0.002
10.12.2017;0.002
11.12.2017;0.002
12.12.2017;0.002
13.12.2017;0.002
14.12.2017;0.002
15.12.2017;0.003
16.12.2017;0.003
17.12.2017;0.003
18.12.2017;0.004
19.12.2017;0.005
20.12.2017;0.005
21.12.2017;0.005
22.12.2017;0.005
23.12.2017;0.005
24.12.2017;0.005
25.12.2017;0.005
26.12.2017;0.005
27.12.2017;0.005
28.12.2017;0.005
29.12.2017;0.005
30.12.2017;0.005
31.12.2017;0.006
1.01.2018;0.007
2.01.2018;0.009
3.01.2018;0.009
4.01.2018;0.009
5.01.2018;0.011
6.01.2018;0.011
7.01.2018;0.018
8.01.2018;0.013
9.01.2018;0.016
10.01.2018;0.016
11.01.2018;0.018
12.01.2018;0.018
13.01.2018;0.016
14.01.2018;0.016
15.01.2018;0.013
16.01.2018;0.013
17.01.2018;0.013
18.01.2018;0.013
19.01.2018;0.013
20.01.2018;0.013
21.01.2018;0.013
22.01.2018;0.011
23.01.2018;0.011
24.01.2018;0.011
25.01.2018;0.009
26.01.2018;0.009
27.01.2018;0.009
28.01.2018;0.009
29.01.2018;0.009
30.01.2018;0.009
31.01.2018;0.009
1.02.2018;0.009
2.02.2018;0.011
3.02.2018;0.011
4.02.2018;0.03
5.02.2018;0.037
6.02.2018;0.037
7.02.2018;0.037
8.02.2018;0.033
9.02.2018;0.033
10.02.2018;0.033
11.02.2018;0.037
12.02.2018;0.037
13.02.2018;0.037
14.02.2018;0.037
15.02.2018;0.033
16.02.2018;0.033
17.02.2018;0.03
18.02.2018;0.03
19.02.2018;0.027
20.02.2018;0.027
21.02.2018;0.027
22.02.2018;0.024
23.02.2018;0.024
24.02.2018;0.021
25.02.2018;0.021
26.02.2018;0.021
27.02.2018;0.018
28.02.2018;0.018
1.03.2018;0.016
2.03.2018;0.016
3.03.2018;0.018
4.03.2018;0.016
5.03.2018;0.016
6.03.2018;0.016
7.03.2018;0.016
8.03.2018;0.016
9.03.2018;0.016
10.03.2018;0.016
11.03.2018;0.016
12.03.2018;0.041
13.03.2018;0.067
14.03.2018;0.062
15.03.2018;0.057
16.03.2018;0.052
17.03.2018;0.052
18.03.2018;0.048
19.03.2018;0.048
20.03.2018;0.048
21.03.2018;0.044
22.03.2018;0.041
23.03.2018;0.041
24.03.2018;0.041
25.03.2018;0.037
26.03.2018;0.037
27.03.2018;0.033
28.03.2018;0.03
29.03.2018;0.03
30.03.2018;0.03
31.03.2018;0.027
1.04.2018;0.03
2.04.2018;0.1
3.04.2018;0.093
4.04.2018;0.087
5.04.2018;0.8
6.04.2018;0.067
7.04.2018;0.062
8.04.2018;0.057
9.04.2018;0.052
10.04.2018;0.048
11.04.2018;0.048
12.04.2018;0.041
13.04.2018;0.041
14.04.2018;0.037
15.04.2018;0.037
16.04.2018;0.037
17.04.2018;0.037
18.04.2018;0.037
19.04.2018;0.037
20.04.2018;0.037
21.04.2018;0.037
22.04.2018;0.033
23.04.2018;0.03
24.04.2018;0.03
25.04.2018;0.027
26.04.2018;0.027
27.04.2018;0.024
28.04.2018;0.024
29.04.2018;0.021
30.04.2018;0.021
1.05.2018;0.016
2.05.2018;0.016
3.05.2018;0.013
4.05.2018;0.013
5.05.2018;0.013
6.05.2018;0.013
7.05.2018;0.013
8.05.2018;0.013
9.05.2018;0.013
10.05.2018;0.013
11.05.2018;0.011
12.05.2018;0.011
13.05.2018;0.011
14.05.2018;0.009
15.05.2018;0.009
16.05.2018;0.009
17.05.2018;0.009
18.05.2018;0.009
19.05.2018;0.009
20.05.2018;0.007
21.05.2018;0.007
22.05.2018;0.007
23.05.2018;0.007
24.05.2018;0.007
25.05.2018;0.006
26.05.2018;0.006
27.05.2018;0.006
28.05.2018;0.006
29.05.2018;0.005
30.05.2018;0.005
31.05.2018;0.007
1.06.2018;0.007
2.06.2018;0.007
3.06.2018;0.007
4.06.2018;0.006
5.06.2018;0.006
6.06.2018;0.006
7.06.2018;0.006
8.06.2018;0.006
9.06.2018;0.006
10.06.2018;0.006
11.06.2018;0.005
12.06.2018;0.005
13.06.2018;0.005
14.06.2018;0.005
15.06.2018;0.005
16.06.2018;0.005
17.06.2018;0.005
18.06.2018;0.005
19.06.2018;0.005
20.06.2018;0.004
21.06.2018;0.004
22.06.2018;0.005
23.06.2018;0.005
24.06.2018;0.004
25.06.2018;0.004
26.06.2018;0.004
27.06.2018;0.004
28.06.2018;0.004
29.06.2018;0.004
30.06.2018;0.004
1.07.2018;0.004
2.07.2018;0.004
3.07.2018;0.004
4.07.2018;0.004
5.07.2018;0.004
6.07.2018;0.003
7.07.2018;0.003
8.07.2018;0.003
9.07.2018;0.003
10.07.2018;0.003
11.07.2018;0.003
12.07.2018;0.003
13.07.2018;0.003
14.07.2018;0.003
15.07.2018;0.003
16.07.2018;0.003
17.07.2018;0.003
18.07.2018;0.003
19.07.2018;0.003
20.07.2018;0.003
21.07.2018;0.003
22.07.2018;0.003
23.07.2018;0.003
24.07.2018;0.003
25.07.2018;0.003
26.07.2018;0.003
27.07.2018;0.003
28.07.2018;0.003
29.07.2018;0.003
30.07.2018;0.003
31.07.2018;0.003
1.08.2018;0.003
2.08.2018;0.003
3.08.2018;0.002
4.08.2018;0.002
5.08.2018;0.002
6.08.2018;0.002
7.08.2018;0.002
8.08.2018;0.002
9.08.2018;0.002
10.08.2018;0.002
11.08.2018;0.002
12.08.2018;0.002
13.08.2018;0.002
14.08.2018;0.002
15.08.2018;0.002
16.08.2018;0.002
17.08.2018;0.002
18.08.2018;0.002
19.08.2018;0.002
20.08.2018;0.002
21.08.2018;0.002
22.08.2018;0.002
23.08.2018;0.002
24.08.2018;0.002
25.08.2018;0.002
26.08.2018;0.002
27.08.2018;0.002
28.08.2018;0.002
29.08.2018;0.002
30.08.2018;0.002
31.08.2018;0.002
1.09.2018;0.002
2.09.2018;0.002
3.09.2018;0.002
4.09.2018;0.002
5.09.2018;0.002
6.09.2018;0.002
7.09.2018;0.001
8.09.2018;0.001
9.09.2018;0.001
10.09.2018;0.001
11.09.2018;0.001
12.09.2018;0.001
13.09.2018;0.001
14.09.2018;0.001
15.09.2018;0.001
16.09.2018;0.001
17.09.2018;0.001
18.09.2018;0.001
19.09.2018;0.001
20.09.2018;0.001
21.09.2018;0.001
22.09.2018;0.001
23.09.2018;0.001
24.09.2018;0.001
25.09.2018;0.001
26.09.2018;0.001
27.09.2018;0.001
28.09.2018;0.001
29.09.2018;0.001
30.09.2018;0.001
1.10.2018;0.001
2.10.2018;0.001
3.10.2018;0.001
4.10.2018;0.001
5.10.2018;0.001
6.10.2018;0.001
7.10.2018;0.001
8.10.2018;0.001
9.10.2018;0.001
10.10.2018;0.001
11.10.2018;0.001
12.10.2018;0.001
13.10.2018;0.001
14.10.2018;0.001
15.10.2018;0.001
16.10.2018;0.001
17.10.2018;0.001
18.10.2018;0.001
19.10.2018;0.001
20.10.2018;0.001
21.10.2018;0.001
22.10.2018;0.001
23.10.2018;0.001
24.10.2018;0.001
25.10.2018;0.001
26.10.2018;0.002
27.10.2018;0.001
28.10.2018;0.001
29.10.2018;0.001
30.10.2018;0.001
31.10.2018;0.001
1.11.2018;0.001
2.11.2018;0.001
3.11.2018;0.001
4.11.2018;0.001
5.11.2018;0.001
6.11.2018;0.001
7.11.2018;0.001
8.11.2018;0.001
9.11.2018;0.001
10.11.2018;0.001
11.11.2018;0.001
12.11.2018;0.001
13.11.2018;0.001
14.11.2018;0.001
15.11.2018;0.001
16.11.2018;0.001
17.11.2018;0.001
18.11.2018;0.001
19.11.2018;0.001
20.11.2018;0.001
21.11.2018;0.001
22.11.2018;0.001
23.11.2018;0.001
24.11.2018;0.001
25.11.2018;0.001
26.11.2018;0.001
27.11.2018;0.001
28.11.2018;0.001
29.11.2018;0.001
30.11.2018;0.001
1.12.2018;0.001
2.12.2018;0.001
3.12.2018;0.001
4.12.2018;0.001
5.12.2018;0.001
6.12.2018;0.001
7.12.2018;0.001
8.12.2018;0.001
9.12.2018;0.001
10.12.2018;0.001
11.12.2018;0.001
12.12.2018;0.001
13.12.2018;0.001
14.12.2018;0.001
15.12.2018;0.001
16.12.2018;0.001
17.12.2018;0.001
18.12.2018;0.001
19.12.2018;0.001
20.12.2018;0.001
21.12.2018;0.001
22.12.2018;0.001
23.12.2018;0.001
24.12.2018;0.001
25.12.2018;0.001
26.12.2018;0.001
27.12.2018;0.001
28.12.2018;0
29.12.2018;0.001
30.12.2018;0
31.12.2018;0.001
1.01.2019;0.001
2.01.2019;0.001
3.01.2019;0.001
4.01.2019;0.001
5.01.2019;0.001
6.01.2019;0.001
7.01.2019;0.001
8.01.2019;0.001
9.01.2019;0.001
10.01.2019;0.001
11.01.2019;0.001
12.01.2019;0.001
13.01.2019;0.001
14.01.2019;0.001
15.01.2019;0.005
16.01.2019;0.003
17.01.2019;0.001
18.01.2019;0.001
19.01.2019;0.001
20.01.2019;0.001
21.01.2019;0.001
22.01.2019;0.001
23.01.2019;0.001
24.01.2019;0.001
25.01.2019;0.001
26.01.2019;0.001
27.01.2019;0.001
28.01.2019;0.001
29.01.2019;0.001
30.01.2019;0.001
31.01.2019;0.001
1.02.2019;0.001
2.02.2019;0.001
3.02.2019;0.001
4.02.2019;0.001
5.02.2019;0.001
6.02.2019;0.001
7.02.2019;0.001
8.02.2019;0.001
9.02.2019;0.001
10.02.2019;0.001
11.02.2019;0.001
12.02.2019;0.001
13.02.2019;0.001
14.02.2019;0.001
15.02.2019;0.001
16.02.2019;0.001
17.02.2019;0.001
18.02.2019;0.001
19.02.2019;0.001
20.02.2019;0.001
21.02.2019;0.001
22.02.2019;0.001
23.02.2019;0.001
24.02.2019;0.001
25.02.2019;0.001
26.02.2019;0.001
27.02.2019;0.001
28.02.2019;0.003
1.03.2019;0.003
2.03.2019;0.003
3.03.2019;0.003
4.03.2019;0.003
5.03.2019;0.001
6.03.2019;0.001
7.03.2019;0.001
8.03.2019;0.001
9.03.2019;0.001
10.03.2019;0.001
11.03.2019;0.001
12.03.2019;0.001
13.03.2019;0.001
14.03.2019;0.001
15.03.2019;0.001
16.03.2019;0.001
17.03.2019;0.001
18.03.2019;0.001
19.03.2019;0.001
20.03.2019;0.001
21.03.2019;0.001
22.03.2019;0.001
23.03.2019;0.001
24.03.2019;0.001
25.03.2019;0.001
26.03.2019;0.001
27.03.2019;0.001
28.03.2019;0.001
29.03.2019;0.001
30.03.2019;0.001
31.03.2019;0.001
1.04.2019;0.001
2.04.2019;0.001
3.04.2019;0.001
4.04.2019;0.001
5.04.2019;0.001
6.04.2019;0.001
7.04.2019;0.001
8.04.2019;0.001
9.04.2019;0
10.04.2019;0
11.04.2019;0
12.04.2019;0.001
13.04.2019;0.001
14.04.2019;0
15.04.2019;0
16.04.2019;0
17.04.2019;0
18.04.2019;0
19.04.2019;0
20.04.2019;0
21.04.2019;0
22.04.2019;0
23.04.2019;0
24.04.2019;0
25.04.2019;0
26.04.2019;0
27.04.2019;0
28.04.2019;0.001
29.04.2019;0.001
30.04.2019;0.001
1.05.2019;0.002
2.05.2019;0.002
3.05.2019;0.003
4.05.2019;0.003
5.05.2019;0.003
6.05.2019;0.003
7.05.2019;0.003
8.05.2019;0.003
9.05.2019;0.003
10.05.2019;0.003
11.05.2019;0.004
12.05.2019;0.004
13.05.2019;0.004
14.05.2019;0.005
15.05.2019;0.006
16.05.2019;0.006
17.05.2019;0.007
18.05.2019;0.007
19.05.2019;0.007
20.05.2019;0.007
21.05.2019;0.007
22.05.2019;0.007
23.05.2019;0.007
24.05.2019;0.007
25.05.2019;0.007
26.05.2019;0.007
27.05.2019;0.009
28.05.2019;0.009
29.05.2019;0.011
30.05.2019;0.027
31.05.2019;0.8
1.06.2019;0.067
2.06.2019;0.048
3.06.2019;0.041
4.06.2019;0.037
5.06.2019;0.033
6.06.2019;0.027
7.06.2019;0.027
8.06.2019;0.027
9.06.2019;0.024
10.06.2019;0.021
11.06.2019;0.018
12.06.2019;0.016
13.06.2019;0.013
14.06.2019;0.013
15.06.2019;0.013
16.06.2019;0.013
17.06.2019;0.013
18.06.2019;0.011
19.06.2019;0.011
20.06.2019;0.011
21.06.2019;0.009
22.06.2019;0.009
23.06.2019;0.009
24.06.2019;0.007
25.06.2019;0.007
26.06.2019;0.007
27.06.2019;0.006
28.06.2019;0.006
29.06.2019;0.006
30.06.2019;0.006
1.07.2019;0.005
2.07.2019;0.005
3.07.2019;0.005
4.07.2019;0.005
5.07.2019;0.005
6.07.2019;0.004
7.07.2019;0.004
8.07.2019;0.004
9.07.2019;0.003
10.07.2019;0.003
11.07.2019;0.003
12.07.2019;0.003
13.07.2019;0.003
14.07.2019;0.003
15.07.2019;0.003
16.07.2019;0.003
17.07.2019;0.003
18.07.2019;0.002
19.07.2019;0.002
20.07.2019;0.002
21.07.2019;0.002
22.07.2019;0.002
23.07.2019;0.002
24.07.2019;0.002
25.07.2019;0.002
26.07.2019;0.002
27.07.2019;0.002
28.07.2019;0.002
29.07.2019;0.002
30.07.2019;0.002
31.07.2019;0.002
1.08.2019;0.002
2.08.2019;0.002
3.08.2019;0.002
4.08.2019;0.002
5.08.2019;0.002
6.08.2019;0.001
7.08.2019;0.001
8.08.2019;0.001
9.08.2019;0.001
10.08.2019;0.001
11.08.2019;0.001
12.08.2019;0.001
13.08.2019;0.001
14.08.2019;0.001
15.08.2019;0.001
16.08.2019;0.001
17.08.2019;0.001
18.08.2019;0.001
19.08.2019;0.001
20.08.2019;0.001
21.08.2019;0.001
22.08.2019;0.001
23.08.2019;0
24.08.2019;0
25.08.2019;0
26.08.2019;0
27.08.2019;0
28.08.2019;0
29.08.2019;0
30.08.2019;0
31.08.2019;0
1.09.2019;0
2.09.2019;0
3.09.2019;0
4.09.2019;0
5.09.2019;0
6.09.2019;0
7.09.2019;0
8.09.2019;0.001
9.09.2019;0.001
10.09.2019;0
11.09.2019;0
12.09.2019;0
13.09.2019;0
14.09.2019;0.001
15.09.2019;0.001
16.09.2019;0.001
17.09.2019;0.001
18.09.2019;0
19.09.2019;0
20.09.2019;0
21.09.2019;0
22.09.2019;0
23.09.2019;0
24.09.2019;0
25.09.2019;0
26.09.2019;0
27.09.2019;0
28.09.2019;0
29.09.2019;0
30.09.2019;0
1.10.2019;0
2.10.2019;0
3.10.2019;0
4.10.2019;0
5.10.2019;0
6.10.2019;0
7.10.2019;0
8.10.2019;0
9.10.2019;0
10.10.2019;0
11.10.2019;0
12.10.2019;0
13.10.2019;0
14.10.2019;0
15.10.2019;0
16.10.2019;0
17.10.2019;0
18.10.2019;0
19.10.2019;0
20.10.2019;0
21.10.2019;0
22.10.2019;0
23.10.2019;0
24.10.2019;0
25.10.2019;0
26.10.2019;0
27.10.2019;0
28.10.2019;0
29.10.2019;0
30.10.2019;0
31.10.2019;0
1.11.2019;0
2.11.2019;0
3.11.2019;0
4.11.2019;0
5.11.2019;0.001
6.11.2019;0.001
7.11.2019;0.001
8.11.2019;0.001
9.11.2019;0.001
10.11.2019;0.001
11.11.2019;0.002
12.11.2019;0.002
13.11.2019;0.003
14.11.2019;0.006
15.11.2019;0.007
16.11.2019;0.007
17.11.2019;0.007
18.11.2019;0.007
19.11.2019;0.007
20.11.2019;0.006
21.11.2019;0.006
22.11.2019;0.006
23.11.2019;0.006
24.11.2019;0.006
25.11.2019;0.007
26.11.2019;0.007
27.11.2019;0.007
28.11.2019;0.007
29.11.2019;0.007
30.11.2019;0.009
1.12.2019;0.009
2.12.2019;0.013
3.12.2019;0.013
4.12.2019;0.011
5.12.2019;0.011
6.12.2019;0.011
7.12.2019;0.011
8.12.2019;0.009
9.12.2019;0.009
10.12.2019;0.009
11.12.2019;0.009
12.12.2019;0.009
13.12.2019;0.016
14.12.2019;0.013
15.12.2019;0.016
16.12.2019;0.024
17.12.2019;0.027
18.12.2019;0.027
19.12.2019;0.024
20.12.2019;0.024
21.12.2019;0.021
22.12.2019;0.021
23.12.2019;0.018
24.12.2019;0.03
25.12.2019;0.037
26.12.2019;0.041
27.12.2019;0.037
28.12.2019;0.033
29.12.2019;0.033
30.12.2019;0.027
31.12.2019;0.027
1.01.2020;0.0231
2.01.2020;0.021
3.01.2020;0.0188
4.01.2020;0.018
5.01.2020;0.0168
6.01.2020;0.0134
7.01.2020;0.013
8.01.2020;0.013
9.01.2020;0.013
10.01.2020;0.013
11.01.2020;0.0115
12.01.2020;0.011
13.01.2020;0.011
14.01.2020;0.011
15.01.2020;0.011
16.01.2020;0.0097
17.01.2020;0.009
18.01.2020;0.009
19.01.2020;0.009
20.01.2020;0.0079
21.01.2020;0.007
22.01.2020;0.007
23.01.2020;0.007
24.01.2020;0.007
25.01.2020;0.0069
26.01.2020;0.006
27.01.2020;0.006
28.01.2020;0.006
29.01.2020;0.006
30.01.2020;0.006
31.01.2020;0.006
1.02.2020;0.006
2.02.2020;0.0053
3.02.2020;0.005
4.02.2020;0.0056
5.02.2020;0.0066
6.02.2020;0.0089
7.02.2020;0.011
8.02.2020;0.011
9.02.2020;0.013
10.02.2020;0.013
11.02.2020;0.013
12.02.2020;0.013
13.02.2020;0.013
14.02.2020;0.013
15.02.2020;0.013
16.02.2020;0.013
17.02.2020;0.0116
18.02.2020;0.011
19.02.2020;0.011
20.02.2020;0.011
21.02.2020;0.011
22.02.2020;0.011
23.02.2020;0.011
24.02.2020;0.011
25.02.2020;0.011
26.02.2020;0.011
27.02.2020;0.011
28.02.2020;0.0105
29.02.2020;0.009
1.03.2020;0.009
2.03.2020;0.0092
3.03.2020;0.0123
4.03.2020;0.0206
5.03.2020;0.0279
6.03.2020;0.0314
7.03.2020;0.033
8.03.2020;0.033
9.03.2020;0.033
10.03.2020;0.0309
11.03.2020;0.03
12.03.2020;0.0276
13.03.2020;0.027
14.03.2020;0.0253
15.03.2020;0.024
16.03.2020;0.0217
17.03.2020;0.021
18.03.2020;0.0191
19.03.2020;0.018
20.03.2020;0.018
21.03.2020;0.0176
22.03.2020;0.016
23.03.2020;0.0134
24.03.2020;0.013
25.03.2020;0.013
26.03.2020;0.013
27.03.2020;0.013
28.03.2020;0.013
29.03.2020;0.013
30.03.2020;0.013
31.03.2020;0.0116
1.04.2020;0.011
2.04.2020;0.011
3.04.2020;0.011
4.04.2020;0.011
5.04.2020;0.0099
6.04.2020;0.009
7.04.2020;0.009
8.04.2020;0.009
9.04.2020;0.009
10.04.2020;0.009
11.04.2020;0.0077
12.04.2020;0.007
13.04.2020;0.007
14.04.2020;0.007
15.04.2020;0.007
16.04.2020;0.007
17.04.2020;0.007
18.04.2020;0.007
19.04.2020;0.007
20.04.2020;0.0066
21.04.2020;0.006
22.04.2020;0.006
23.04.2020;0.006
24.04.2020;0.006
25.04.2020;0.006
26.04.2020;0.006
27.04.2020;0.006
28.04.2020;0.006
29.04.2020;0.0053
30.04.2020;0.005
1.05.2020;0.005
2.05.2020;0.005
3.05.2020;0.005
4.05.2020;0.005
5.05.2020;0.005
6.05.2020;0.005
7.05.2020;0.005
8.05.2020;0.005
9.05.2020;0.005
10.05.2020;0.005
11.05.2020;0.005
12.05.2020;0.005
13.05.2020;0.005
14.05.2020;0.005
15.05.2020;0.0048
16.05.2020;0.004
17.05.2020;0.0035
18.05.2020;0.003
19.05.2020;0.003
20.05.2020;0.003
21.05.2020;0.003
22.05.2020;0.003
23.05.2020;0.003
24.05.2020;0.003
25.05.2020;0.003
26.05.2020;0.003
27.05.2020;0.003
28.05.2020;0.003
29.05.2020;0.003
30.05.2020;0.003
31.05.2020;0.003
1.06.2020;0.003
2.06.2020;0.003
3.06.2020;0.003
4.06.2020;0.003
5.06.2020;0.003
6.06.2020;0.003
7.06.2020;0.003
8.06.2020;0.003
9.06.2020;0.0024
10.06.2020;0.002
11.06.2020;0.002
12.06.2020;0.002
13.06.2020;0.002
14.06.2020;0.002
15.06.2020;0.002
16.06.2020;0.002
17.06.2020;0.002
18.06.2020;0.002
19.06.2020;0.002
20.06.2020;0.002
21.06.2020;0.0023
22.06.2020;0.003
23.06.2020;0.003
24.06.2020;0.003
25.06.2020;0.003
26.06.2020;0.003
27.06.2020;0.0035
28.06.2020;0.003
29.06.2020;0.003
30.06.2020;0.003
1.07.2020;0.003
2.07.2020;0.003
3.07.2020;0.003
4.07.2020;0.003
5.07.2020;0.003
6.07.2020;0.003
7.07.2020;0.003
8.07.2020;0.003
9.07.2020;0.0029
10.07.2020;0.002
11.07.2020;0.002
12.07.2020;0.002
13.07.2020;0.002
14.07.2020;0.002
15.07.2020;0.002
16.07.2020;0.002
17.07.2020;0.002
18.07.2020;0.002
19.07.2020;0.002
20.07.2020;0.002
21.07.2020;0.002
22.07.2020;0.002
23.07.2020;0.002
24.07.2020;0.002
25.07.2020;0.002
26.07.2020;0.002
27.07.2020;0.002
28.07.2020;0.002
29.07.2020;0.002
30.07.2020;0.002
31.07.2020;0.002
1.08.2020;0.002
2.08.2020;0.002
3.08.2020;0.0015
4.08.2020;0.001
5.08.2020;0.001
6.08.2020;0.001
7.08.2020;0.001
8.08.2020;0.001
9.08.2020;0.001
10.08.2020;0.001
11.08.2020;0.001
12.08.2020;0.001
13.08.2020;0.001
14.08.2020;0.001
15.08.2020;0.001
16.08.2020;0.001
17.08.2020;0.001
18.08.2020;0.001
19.08.2020;0.001
20.08.2020;0.001
21.08.2020;0.001
22.08.2020;0.001
23.08.2020;0.001
24.08.2020;0.001
25.08.2020;0.0004
26.08.2020;0
27.08.2020;0
28.08.2020;0
29.08.2020;0
30.08.2020;0
31.08.2020;0
1.09.2020;0.001
2.09.2020;0.0001
3.09.2020;0
4.09.2020;0
5.09.2020;0
6.09.2020;0
7.09.2020;0
8.09.2020;0
9.09.2020;0
10.09.2020;0
11.09.2020;0
12.09.2020;0
13.09.2020;0
14.09.2020;0
15.09.2020;0
16.09.2020;0
17.09.2020;0
18.09.2020;0
19.09.2020;0
20.09.2020;0
21.09.2020;0
22.09.2020;0
23.09.2020;0
24.09.2020;0
25.09.2020;0
26.09.2020;0
27.09.2020;0
28.09.2020;0
29.09.2020;0
30.09.2020;0
1.10.2020;0.0003
2.10.2020;0.0005
3.10.2020;0
4.10.2020;0
5.10.2020;0
6.10.2020;0
7.10.2020;0.0001
8.10.2020;0.0006
9.10.2020;0
10.10.2020;0
11.10.2020;0
12.10.2020;0.0006
13.10.2020;0.0015
14.10.2020;0.0062
15.10.2020;0.0165
16.10.2020;0.0266
17.10.2020;0.0259
18.10.2020;0.0246
19.10.2020;0.0211
20.10.2020;0.021
21.10.2020;0.0198
22.10.2020;0.0175
23.10.2020;0.0154
24.10.2020;0.013
25.10.2020;0.013
26.10.2020;0.013
27.10.2020;0.013
28.10.2020;0.013
29.10.2020;0.0134
30.10.2020;0.016
31.10.2020;0.0191
1.11.2020;0.0147
2.11.2020;0.013
3.11.2020;0.013
4.11.2020;0.013
5.11.2020;0.013
6.11.2020;0.013
7.11.2020;0.013
8.11.2020;0.013
9.11.2020;0.013
10.11.2020;0.013
11.11.2020;0.013
12.11.2020;0.013
13.11.2020;0.0122
14.11.2020;0.011
15.11.2020;0.011
16.11.2020;0.011
17.11.2020;0.011
18.11.2020;0.0106
19.11.2020;0.009
20.11.2020;0.009
21.11.2020;0.009
22.11.2020;0.009
23.11.2020;0.009
24.11.2020;0.0086
25.11.2020;0.007
26.11.2020;0.007
27.11.2020;0.007
28.11.2020;0.007
29.11.2020;0.0069
30.11.2020;0.006
1.12.2020;0.006
2.12.2020;0.006
3.12.2020;0.006
4.12.2020;0.006
5.12.2020;0.006
6.12.2020;0.006
7.12.2020;0.0053
8.12.2020;0.005
9.12.2020;0.005
10.12.2020;0.005
11.12.2020;0.005
12.12.2020;0.005
13.12.2020;0.005
14.12.2020;0.005
15.12.2020;0.0054
16.12.2020;0.006
17.12.2020;0.006
18.12.2020;0.006
19.12.2020;0.006
20.12.2020;0.006
21.12.2020;0.006
22.12.2020;0.006
23.12.2020;0.006
24.12.2020;0.006
25.12.2020;0.006
26.12.2020;0.006
27.12.2020;0.006
28.12.2020;0.006
29.12.2020;0.0068
30.12.2020;0.0083
31.12.2020;0.0156
1.01.2021;0.0287
2.01.2021;0.0316
3.01.2021;0.03
4.01.2021;0.03
5.01.2021;0.0294
6.01.2021;0.027
7.01.2021;0.027
8.01.2021;0.0298
9.01.2021;0.033
10.01.2021;0.0367
11.01.2021;0.1492
12.01.2021;0.1176
13.01.2021;0.0127
14.01.2021;0.0128
15.01.2021;0.0304
16.01.2021;0.0277
17.01.2021;0.0261
18.01.2021;0.024
29.04.2021;0.021
30.04.2021;0.0201
1.05.2021;0.018
2.05.2021;0.0191
3.05.2021;0.017
4.05.2021;0.016
5.05.2021;0.0175
6.05.2021;0.0169
7.05.2021;0.0177
8.05.2021;0.0163
9.05.2021;0.016
10.05.2021;0.016
11.05.2021;0.016
12.05.2021;0.016
13.05.2021;0.0169
14.05.2021;0.0172
15.05.2021;0.016
16.05.2021;0.0185
17.05.2021;0.0201
18.05.2021;0.1366
19.05.2021;0.1245
20.05.2021;0.1987
21.05.2021;0.043
22.05.2021;0.0343
23.05.2021;0.0291
24.05.2021;0.0246
25.05.2021;0.0207
26.05.2021;0.017
27.05.2021;0.013
28.05.2021;0.01
29.05.2021;0.009
30.05.2021;0.0073
31.05.2021;0.0065
1.06.2021;0.0055
2.06.2021;0.005
3.06.2021;0.0038
4.06.2021;0.003
5.06.2021;0.0033
6.06.2021;0.0034
7.06.2021;0.0022
8.06.2021;0.0016
10.06.2021;0.0015
10.07.2021;0.002
16.07.2021;0.006
6.09.2021;0.0026
7.09.2021;0.003
8.09.2021;0.003
9.09.2021;0.003
10.09.2021;0.003
11.09.2021;0.003
12.09.2021;0.003
13.09.2021;0.003
14.09.2021;0.003
15.09.2021;0.003
16.09.2021;0.003
17.09.2021;0.0039
18.09.2021;0.003
19.09.2021;0.003
20.09.2021;0.003
21.09.2021;0.003
22.09.2021;0.003
23.09.2021;0.003
24.09.2021;0.003
25.09.2021;0.003
26.09.2021;0.003
27.09.2021;0.0028
28.09.2021;0.0025
29.09.2021;0.0025
30.09.2021;0.0025
1.10.2021;0.0025
2.10.2021;0.0025
3.10.2021;0.0025
4.10.2021;0.0025
5.10.2021;0.0025
6.10.2021;0.0025
7.10.2021;0.0025
8.10.2021;0.0025
9.10.2021;0.0025
10.10.2021;0.0025
11.10.2021;0.0025
12.10.2021;0.0025
13.10.2021;0.0025
14.10.2021;0.0025
15.10.2021;0.0025
16.10.2021;0.0025
17.10.2021;0.0023
18.10.2021;0.002
19.10.2021;0.002
20.10.2021;0.0023
21.10.2021;0.0023
22.10.2021;0.0023
23.10.2021;0.0028
24.10.2021;0.003
25.10.2021;0.003
26.10.2021;0.0027
27.10.2021;0.0025
28.10.2021;0.0025
29.10.2021;0.0028
30.10.2021;0.003
31.10.2021;0.003
1.11.2021;0.003
2.11.2021;0.003
3.11.2021;0.003
4.11.2021;0.0028
5.11.2021;0.0023
6.11.2021;0.002
7.11.2021;0.002
8.11.2021;0.002
9.11.2021;0.002
10.11.2021;0.002
11.11.2021;0.002
12.11.2021;0.002
13.11.2021;0.002
14.11.2021;0.002
15.11.2021;0.002
16.11.2021;0.002
17.11.2021;0.002
18.11.2021;0.002
19.11.2021;0.002
20.11.2021;0.002
21.11.2021;0.002
22.11.2021;0.002
23.11.2021;0.002
24.11.2021;0.002
25.11.2021;0.002
26.11.2021;0.002
27.11.2021;0.002
28.11.2021;0.0012
29.11.2021;0.0026
30.11.2021;0.0109
1.12.2021;0.0068
2.12.2021;0.0023
3.12.2021;0.0072
4.12.2021;0.0146
5.12.2021;0.005
6.12.2021;0.0067
7.12.2021;0.0105
8.12.2021;0.0136
9.12.2021;0.01
10.12.2021;0.0043
11.12.2021;0.0084
12.12.2021;0.0107
13.12.2021;0.0155
14.12.2021;0.025
15.12.2021;0.0236
16.12.2021;0.0173
17.12.2021;0.0134
18.12.2021;0.0141
19.12.2021;0.0028
20.12.2021;0.0075
21.12.2021;0.0199
22.12.2021;0.0518
23.12.2021;0.0342
24.12.2021;0.001
25.12.2021;0.0006
26.12.2021;0.0057
27.12.2021;0.0185
28.12.2021;0.0049
29.12.2021;0.0005
30.12.2021;0.0048
31.12.2021;0.0058
1.01.2022;0.0049
2.01.2022;0.0068
3.01.2022;0.0012
4.01.2022;0.0009
5.01.2022;0.0005
6.01.2022;0.0026
7.01.2022;0.0165
8.01.2022;0.016
9.01.2022;0.0017
10.01.2022;0.0079
11.01.2022;0.0135
12.01.2022;0.0248
13.01.2022;0.0344
14.01.2022;0.001
15.01.2022;0.0009
16.01.2022;0.0033
17.01.2022;0
18.01.2022;0.001
19.01.2022;0.0032
20.01.2022;0
21.01.2022;0
22.01.2022;0
23.01.2022;0.0009
24.01.2022;0.0065
25.01.2022;0.003
26.01.2022;0
27.01.2022;0
28.01.2022;0
29.01.2022;0
30.01.2022;0
31.01.2022;0
1.02.2022;0
2.02.2022;0
3.02.2022;0
4.02.2022;0
5.02.2022;0
6.02.2022;0
7.02.2022;0
8.02.2022;0
9.02.2022;0
10.02.2022;0
11.02.2022;0
12.02.2022;0
13.02.2022;0.0003
14.02.2022;0
15.02.2022;0
16.02.2022;0
17.02.2022;0
18.02.2022;0
19.02.2022;0
20.02.2022;0
21.02.2022;0
22.02.2022;0
23.02.2022;0
24.02.2022;0
25.02.2022;0
26.02.2022;0
27.02.2022;0
28.02.2022;0
1.03.2022;0.0002
2.03.2022;0
3.03.2022;0
4.03.2022;0
5.03.2022;0
6.03.2022;0
7.03.2022;0
8.03.2022;0
9.03.2022;0
10.03.2022;0
11.03.2022;0.0005
12.03.2022;0.0008
13.03.2022;0.0001
14.03.2022;0.0002
15.03.2022;0.0001
16.03.2022;0
17.03.2022;0
18.03.2022;0
19.03.2022;0
20.03.2022;0.0003
21.03.2022;0.0003
22.03.2022;0
23.03.2022;0
24.03.2022;0
25.03.2022;0
26.03.2022;0
27.03.2022;0
28.03.2022;0
29.03.2022;0
30.03.2022;0
31.03.2022;0
1.04.2022;0
2.04.2022;0
3.04.2022;0
4.04.2022;0
5.04.2022;0
6.04.2022;0
7.04.2022;0
8.04.2022;0
9.04.2022;0
10.04.2022;0.0002
11.04.2022;0.0013
12.04.2022;0.0011
13.04.2022;0.0005
14.04.2022;0
15.04.2022;0
16.04.2022;0
17.04.2022;0.0001
18.04.2022;0
19.04.2022;0
20.04.2022;0.0045
21.04.2022;0.0193
22.04.2022;0.0131
23.04.2022;0
24.04.2022;0.0112
25.04.2022;0.0134
26.04.2022;0.0181
27.04.2022;0.0211
28.04.2022;0.0186
29.04.2022;0.0208
30.04.2022;0.0192
1.05.2022;0.0152
2.05.2022;0.0153
3.05.2022;0.0142
4.05.2022;0.0172
5.05.2022;0.0173
6.05.2022;0.0147
7.05.2022;0.0139
8.05.2022;0.0152
9.05.2022;0.0136
10.05.2022;0.0151
11.05.2022;0.0165
12.05.2022;0.0139
13.05.2022;0.0219
14.05.2022;0.0271
15.05.2022;0.0203
16.05.2022;0.0179
17.05.2022;0.0179
18.05.2022;0.0375
19.05.2022;0.035
20.05.2022;0.0184
21.05.2022;0
22.05.2022;0.0164
23.05.2022;0.0179
24.05.2022;0.0132
25.05.2022;0.0125
26.05.2022;0.0136
27.05.2022;0.012
28.05.2022;0
29.05.2022;0.0136
30.05.2022;0.0125
31.05.2022;0.0148
1.06.2022;0
2.06.2022;0
3.06.2022;0.0115
4.06.2022;0.012
5.06.2022;0.0154
6.06.2022;0.013
7.06.2022;0.0134
8.06.2022;0
9.06.2022;0
10.06.2022;0.0117
11.06.2022;0.011
12.06.2022;0.0119
13.06.2022;0.0135
14.06.2022;0.0176
15.06.2022;0.0189
16.06.2022;0.0155
17.06.2022;0.0142
18.06.2022;0.0194
19.06.2022;0.0117
20.06.2022;0.0123
21.06.2022;0
22.06.2022;0.0208
23.06.2022;0.015
24.06.2022;0.0138
25.06.2022;0
26.06.2022;0.0125
27.06.2022;0.0112
28.06.2022;0.0121
29.06.2022;0.0116
30.06.2022;0.0133
1.07.2022;0.0156
2.07.2022;0.0155
3.07.2022;0.018
4.07.2022;0.014
5.07.2022;0
6.07.2022;0.012
7.07.2022;0.0138
8.07.2022;0
9.07.2022;0.011
10.07.2022;0
11.07.2022;0.0145
12.07.2022;0.013
13.07.2022;0.0025
14.07.2022;0.0076
15.07.2022;0
16.07.2022;0
17.07.2022;0
18.07.2022;0
19.07.2022;0
20.07.2022;0
21.07.2022;0
22.07.2022;0
23.07.2022;0
24.07.2022;0
25.07.2022;0
26.07.2022;0
27.07.2022;0
28.07.2022;0
29.07.2022;0
30.07.2022;0
31.07.2022;0
1.08.2022;0
2.08.2022;0
3.08.2022;0
4.08.2022;0
5.08.2022;0
6.08.2022;0
7.08.2022;0
8.08.2022;0
9.08.2022;0
10.08.2022;0
11.08.2022;0
12.08.2022;0
13.08.2022;0
14.08.2022;0
15.08.2022;0.0115
16.08.2022;0
17.08.2022;0
18.08.2022;0
19.08.2022;0
20.08.2022;0
21.08.2022;0
22.08.2022;0
23.08.2022;0
24.08.2022;0
25.08.2022;0
26.08.2022;0
27.08.2022;0
28.08.2022;0
29.08.2022;0
30.08.2022;0
31.08.2022;0
1.09.2022;0
2.09.2022;0
3.09.2022;0
4.09.2022;0
5.09.2022;0
6.09.2022;0
7.09.2022;0
8.09.2022;0
9.09.2022;0
10.09.2022;0
11.09.2022;0
12.09.2022;0
13.09.2022;0
14.09.2022;0
15.09.2022;0
16.09.2022;0
17.09.2022;0
18.09.2022;0
19.09.2022;0
20.09.2022;0
21.09.2022;0
22.09.2022;0
23.09.2022;0
24.09.2022;0
25.09.2022;0
26.09.2022;0
27.09.2022;0
28.09.2022;0
29.09.2022;0
30.09.2022;0.006
1.10.2022;0.008
2.10.2022;0.0128
3.10.2022;0.0151
4.10.2022;0.0218
5.10.2022;0.0343
6.10.2022;0.0244
7.10.2022;0.0154
8.10.2022;0.0087
9.10.2022;0.0092
10.10.2022;0.0153
11.10.2022;0.0058
12.10.2022;0
13.10.2022;0
14.10.2022;0
15.10.2022;0
16.10.2022;0
17.10.2022;0.006
18.10.2022;0.0058
19.10.2022;0
20.10.2022;0.0081
21.10.2022;0.0113
22.10.2022;0
23.10.2022;0.005
24.10.2022;0
25.10.2022;0
26.10.2022;0
27.10.2022;0
28.10.2022;0
29.10.2022;0
30.10.2022;0
31.10.2022;0
1.11.2022;0
2.11.2022;0
3.11.2022;0
4.11.2022;0
5.11.2022;0.0051
6.11.2022;0.0059
7.11.2022;0.0082
8.11.2022;0.0196
9.11.2022;0.0161
10.11.2022;0.0138
11.11.2022;0.0316
12.11.2022;0.03
13.11.2022;0.0285
14.11.2022;0.0272
15.11.2022;0.0196
16.11.2022;0.0051
17.11.2022;0
18.11.2022;0.0051
19.11.2022;0.019
20.11.2022;0.0222
21.11.2022;0.0185
22.11.2022;0.0136
23.11.2022;0.0052
24.11.2022;0.0051
25.11.2022;0.0101
26.11.2022;0.0122
27.11.2022;0.0062
28.11.2022;0.0052
29.11.2022;0.0079
30.11.2022;0.0113
1.12.2022;0.0101
2.12.2022;0.0115
3.12.2022;0.0132
4.12.2022;0.0183
5.12.2022;0.0109
6.12.2022;0.0057
7.12.2022;0.0074
8.12.2022;0.015
9.12.2022;0.009
10.12.2022;0.0054
11.12.2022;0.0113
12.12.2022;0.0377
13.12.2022;0.0627
14.12.2022;0.0462
15.12.2022;0.0286
16.12.2022;0.0368
17.12.2022;0.0672
18.12.2022;0.1659
19.12.2022;0
20.12.2022;0.1788
21.12.2022;0.1255
22.12.2022;0.2674
23.12.2022;0.0623
24.12.2022;0.051
25.12.2022;0.107
26.12.2022;0.1167
27.12.2022;0.3533
28.12.2022;0.1564
29.12.2022;0.1411
30.12.2022;0.1139
31.12.2022;0
1.01.2023;0.2731
2.01.2023;0.0618
3.01.2023;0.052
4.01.2023;0.0561
5.01.2023;0.0298
6.01.2023;0.0488
7.01.2023;0.0492
8.01.2023;0.0323
9.01.2023;0.0182
10.01.2023;0.0211
11.01.2023;0.0907
12.01.2023;0.0956
13.01.2023;0.4288
14.01.2023;0.592
15.01.2023;0.1104
16.01.2023;0.0411
17.01.2023;0.1174
18.01.2023;0.1765
19.01.2023;0
20.01.2023;0
21.01.2023;0
22.01.2023;0
23.01.2023;0
24.01.2023;0
25.01.2023;0
26.01.2023;0
27.01.2023;0.1778
28.01.2023;0
29.01.2023;0
30.01.2023;0.1842
31.01.2023;0.185
1.02.2023;0.1622
2.02.2023;0.1475
3.02.2023;0.164
4.02.2023;0.1685
5.02.2023;0
6.02.2023;0
7.02.2023;0
8.02.2023;0
9.02.2023;0.1804
10.02.2023;0.1826
11.02.2023;0.1697
12.02.2023;0.1846
13.02.2023;0.1701
14.02.2023;0.1648
15.02.2023;0.1485
16.02.2023;0.1516
17.02.2023;0.131
18.02.2023;0.0655
19.02.2023;0.0438
20.02.2023;0.0626
21.02.2023;0.0355
22.02.2023;0.0421
23.02.2023;0.0375
24.02.2023;0.0221
25.02.2023;0.0236
26.02.2023;0.1289
27.02.2023;0.2268
28.02.2023;0.1114
1.03.2023;0.1818
2.03.2023;0.0756
3.03.2023;0.2255
4.03.2023;0.0509
5.03.2023;0.0478
6.03.2023;0.0428
7.03.2023;0.0337
8.03.2023;0.0205
9.03.2023;0.0174
10.03.2023;0.0203
11.03.2023;0.018
12.03.2023;0.0515
13.03.2023;0.0464
14.03.2023;0.0243
15.03.2023;0.0335
16.03.2023;0.204
17.03.2023;0.0883
18.03.2023;0.1198
19.03.2023;0.0571
20.03.2023;0.0343
21.03.2023;0.0243
22.03.2023;0.0225
23.03.2023;0.0246
24.03.2023;0.0181
25.03.2023;0.0198
26.03.2023;0.0371
27.03.2023;0.0358
28.03.2023;0.1008
29.03.2023;0.1424
30.03.2023;0.2208
31.03.2023;0.0644
1.04.2023;0.0247
2.04.2023;0.0445
3.04.2023;0.1621
4.04.2023;0.1184
5.04.2023;0.231
6.04.2023;0.111
7.04.2023;0.1077
8.04.2023;0.106
9.04.2023;0.1768
10.04.2023;0.131
11.04.2023;0.0436
12.04.2023;0.0329
13.04.2023;0.0358
14.04.2023;0.0216
15.04.2023;0.0427
16.04.2023;0.1893
17.04.2023;0.0367
18.04.2023;0.0338
19.04.2023;0.0347
20.04.2023;0.0543
21.04.2023;0.0512
22.04.2023;0.0455
23.04.2023;0.0382
24.04.2023;0.0403
25.04.2023;0.0386
26.04.2023;0.1876
27.04.2023;0.1537
28.04.2023;0.0746
29.04.2023;0.0432
30.04.2023;0.0506
1.05.2023;0.0628
2.05.2023;0.0469
3.05.2023;0.0389
4.05.2023;0.0385
5.05.2023;0.038
6.05.2023;0.0371
7.05.2023;0.0383
8.05.2023;0.0704
9.05.2023;0.08
10.05.2023;0.1605
11.05.2023;0.1848
12.05.2023;0.0453
13.05.2023;0.0468
14.05.2023;0.0461
15.05.2023;0.0304
16.05.2023;0.0505
17.05.2023;0.0974
18.05.2023;0.1814
19.05.2023;0.1617
20.05.2023;0.1401
21.05.2023;0.1243
22.05.2023;0.1353
23.05.2023;0.2684
24.05.2023;0.1189
25.05.2023;0.123
26.05.2023;0.1457
27.05.2023;0.3361
28.05.2023;0.2158
29.05.2023;0.0971
30.05.2023;0.0854
31.05.2023;0.0907
1.06.2023;0.0813
2.06.2023;0.1307
3.06.2023;0.0981
4.06.2023;0.105
5.06.2023;0.0691
6.06.2023;0.4047
7.06.2023;0.1109
8.06.2023;0.1552
9.06.2023;0.1582
10.06.2023;0
11.06.2023;0
12.06.2023;0
13.06.2023;0.1629
14.06.2023;0.1405
15.06.2023;0.1252
16.06.2023;0.2431
17.06.2023;0.2732
18.06.2023;0.1304
19.06.2023;0.1454
20.06.2023;0.0989
21.06.2023;0.0965
22.06.2023;0.0907
23.06.2023;0.148
24.06.2023;0.2469
25.06.2023;0.1608
26.06.2023;0.1703
27.06.2023;0
28.06.2023;0.1733
29.06.2023;0.1642
30.06.2023;0.1262
1.07.2023;0.083
2.07.2023;0.0743
3.07.2023;0.1241
4.07.2023;0.137
5.07.2023;0.134
6.07.2023;0.1335
7.07.2023;0.0838
8.07.2023;0.0423
9.07.2023;0.023
10.07.2023;0.0136
11.07.2023;0.0082
12.07.2023;0.0146
13.07.2023;0.0147
14.07.2023;0.0207
15.07.2023;0.0132
16.07.2023;0.0066
17.07.2023;0.008
18.07.2023;0.0137
19.07.2023;0.0098
20.07.2023;0.0045
21.07.2023;0.004
22.07.2023;0.004
23.07.2023;0.004
24.07.2023;0.004
25.07.2023;0.0038
26.07.2023;0.003
27.07.2023;0.003
28.07.2023;0.003
29.07.2023;0.0029
30.07.2023;0.0025
31.07.2023;0.0025
1.08.2023;0.0025
2.08.2023;0.0025
3.08.2023;0.0025
4.08.2023;0.0022
5.08.2023;0.004
6.08.2023;0.0087
7.08.2023;0.0427
8.08.2023;0.0291
9.08.2023;0.024
10.08.2023;0.0207
11.08.2023;0.0176
12.08.2023;0.016
13.08.2023;0.0131
14.08.2023;0.0118
15.08.2023;0.0093
16.08.2023;0.009
17.08.2023;0.0075
18.08.2023;0.0065
19.08.2023;0.006
20.08.2023;0.0052
21.08.2023;0.005
22.08.2023;0.005
23.08.2023;0.005
24.08.2023;0.005
25.08.2023;0.005
26.08.2023;0.0047
27.08.2023;0.004
28.08.2023;0.004
29.08.2023;0.004
30.08.2023;0.0033
31.08.2023;0.003
1.09.2023;0.003
2.09.2023;0.003
3.09.2023;0.0029
4.09.2023;0.0025
5.09.2023;0.0025
6.09.2023;0.0025
7.09.2023;0.0025
8.09.2023;0.0025
9.09.2023;0.0025
10.09.2023;0.0025
11.09.2023;0.0025
12.09.2023;0.0022
13.09.2023;0.002
14.09.2023;0.002
15.09.2023;0.002
16.09.2023;0.002
17.09.2023;0.002
18.09.2023;0.002
19.09.2023;0.002
20.09.2023;0.0018
21.09.2023;0.0015
22.09.2023;0.0015
23.09.2023;0.0015
24.09.2023;0.0012
25.09.2023;0.0014
26.09.2023;0.002
27.09.2023;0.0024
28.09.2023;0.0027
29.09.2023;0.0032
30.09.2023;0.0031
1.10.2023;0.0051
2.10.2023;0.0079
3.10.2023;0.005
4.10.2023;0.0027
5.10.2023;0.006
6.10.2023;0.0069
7.10.2023;0.0033
8.10.2023;0.0012
9.10.2023;0.0084
10.10.2023;0.0036
11.10.2023;0.0016
12.10.2023;0.0005
13.10.2023;0
14.10.2023;0.0003
15.10.2023;0.0007
16.10.2023;0.0085
17.10.2023;0.0124
18.10.2023;0.0087
19.10.2023;0.0025
20.10.2023;0.0001
21.10.2023;0.0003
22.10.2023;0.0004
23.10.2023;0.0023
24.10.2023;0.0014
25.10.2023;0
26.10.2023;0
27.10.2023;0.0007
28.10.2023;0.0035
29.10.2023;0.0059
30.10.2023;0.0016
31.10.2023;0.0007
1.11.2023;0.0017
2.11.2023;0.0015
3.11.2023;0.0002
4.11.2023;0.0008
5.11.2023;0.0015
6.11.2023;0.0197
7.11.2023;0.0354
8.11.2023;0.0293
9.11.2023;0.041
10.11.2023;0.0202
11.11.2023;0.0076
12.11.2023;0.0177
13.11.2023;0.0516
14.11.2023;0.0282
15.11.2023;0.0182
16.11.2023;0.0355
17.11.2023;0.0252
18.11.2023;0.1409
19.11.2023;0.1532
20.11.2023;0.1375
21.11.2023;0.0463
22.11.2023;0.0598
23.11.2023;0.0588
24.11.2023;0.0181
25.11.2023;0.0226
26.11.2023;0.0396
27.11.2023;0.0329
28.11.2023;0.0131
29.11.2023;0.0242
30.11.2023;0.0263
1.12.2023;0.0126
2.12.2023;0.0093
3.12.2023;0.1383
4.12.2023;0.2498
5.12.2023;0.045
6.12.2023;0.0482
7.12.2023;0.044
8.12.2023;0.0467
9.12.2023;0.0375
10.12.2023;0.0268
11.12.2023;0.0231
12.12.2023;0.0201
13.12.2023;0.0187
14.12.2023;0.0535
15.12.2023;0.1929
16.12.2023;0.1452
17.12.2023;0.1267
18.12.2023;0.3611
19.12.2023;0.0607
20.12.2023;0.0348
21.12.2023;0.0224
22.12.2023;0.0112
23.12.2023;0.0291
24.12.2023;0.0422
25.12.2023;0.0315
26.12.2023;0.0427
27.12.2023;0.1988
28.12.2023;0.0761
29.12.2023;0.0621
30.12.2023;0.0547
31.12.2023;0.0519
1.01.2024;0.0278
2.01.2024;0.0319
3.01.2024;0.0143
4.01.2024;0.0123
5.01.2024;0.0245
6.01.2024;0.0181
7.01.2024;0.0166
8.01.2024;0.178
9.01.2024;0.1529
10.01.2024;0.1491
11.01.2024;0.1282
12.01.2024;0.106
13.01.2024;0.1136
14.01.2024;0.0228
15.01.2024;0.0479
16.01.2024;0.0998
17.01.2024;0.0401
18.01.2024;0.0523
19.01.2024;0.1754
20.01.2024;0.1815
21.01.2024;0
22.01.2024;0
23.01.2024;0.1804
24.01.2024;0.1458
25.01.2024;0.387
26.01.2024;0.1935
27.01.2024;0.1335
28.01.2024;0.2014
29.01.2024;0.0811
30.01.2024;0.0169
31.01.2024;0.0089
1.02.2024;0.0048
2.02.2024;0.007
3.02.2024;0.0193
4.02.2024;0.0472
5.02.2024;0.0559
6.02.2024;0.2625
7.02.2024;0.0345
8.02.2024;0.021
9.02.2024;0.0154
10.02.2024;0.0091
11.02.2024;0.0064
12.02.2024;0.0108
13.02.2024;0.044
14.02.2024;0.1122
15.02.2024;0.1241
16.02.2024;0.1226
17.02.2024;0.0891
18.02.2024;0.1421
19.02.2024;0.06
20.02.2024;0.1238
21.02.2024;0.0433
22.02.2024;0.0267
23.02.2024;0.0159
24.02.2024;0.0168
25.02.2024;0.0198
26.02.2024;0.0082
27.02.2024;0.0166
28.02.2024;0.0261
29.02.2024;0.0256
1.03.2024;0.0156
2.03.2024;0.0125
3.03.2024;0.0116
4.03.2024;0.0152
5.03.2024;0.0122
6.03.2024;0.0151
7.03.2024;0.0302
8.03.2024;0.0385
9.03.2024;0.037
10.03.2024;0.032
11.03.2024;0.0167
12.03.2024;0.0092
13.03.2024;0.013
14.03.2024;0.0198
15.03.2024;0.0167
16.03.2024;0.0198
17.03.2024;0.016
18.03.2024;0.0235
19.03.2024;0.0293
20.03.2024;0.0295
21.03.2024;0.019
22.03.2024;0.0103
23.03.2024;0.0029
24.03.2024;0.0023
25.03.2024;0.0054
26.03.2024;0.0084
27.03.2024;0.0038
28.03.2024;0.0008
29.03.2024;0.0026
30.03.2024;0.0018
31.03.2024;0.0023
1.04.2024;0.0018
2.04.2024;0.0179
3.04.2024;0.0541
4.04.2024;0.0588
5.04.2024;0.0535
6.04.2024;0.047
7.04.2024;0.0433
8.04.2024;0.027
9.04.2024;0.0178
10.04.2024;0.0159
11.04.2024;0.041