Region;Carpathians
Country;Hungary
#;10
Spring Name/Station Name;Nagytohonya
Literature;Yes
Lat;48.487
Lon;20.551
Elev;236
Start Date;1.01.1964
End Date;31.12.2024
Resolution;Daily
Data Source;
Data License;Open data
Contact Person;Istvan Gabor Hatvani
Spring ID;CAR_10_HU
Date;Discharge m^3/s
1.01.1964;0.028
2.01.1964;0.028
3.01.1964;0.028
4.01.1964;0.0275
5.01.1964;0.027
6.01.1964;0.028
7.01.1964;0.0275
8.01.1964;0.028
9.01.1964;0.028
10.01.1964;0.028
11.01.1964;0.027
12.01.1964;0.028
13.01.1964;0.028
14.01.1964;0.028
15.01.1964;0.028
16.01.1964;0.028
17.01.1964;0.0275
18.01.1964;0.0275
19.01.1964;0.0275
20.01.1964;0.028
21.01.1964;0.028
22.01.1964;0.0275
23.01.1964;0.027
24.01.1964;0.027
25.01.1964;0.027
26.01.1964;0.027
27.01.1964;0.028
28.01.1964;0.0275
29.01.1964;0.0275
30.01.1964;0.028
31.01.1964;0.028
1.02.1964;0.028
2.02.1964;0.029
3.02.1964;0.028
4.02.1964;0.028
5.02.1964;0.0275
6.02.1964;0.027
7.02.1964;0.027
8.02.1964;0.0275
9.02.1964;0.028
10.02.1964;0.028
11.02.1964;0.029
12.02.1964;0.03
13.02.1964;0.03
14.02.1964;0.029
15.02.1964;0.03
16.02.1964;0.03
17.02.1964;0.029
18.02.1964;0.028
19.02.1964;0.028
20.02.1964;0.027
21.02.1964;0.026
22.02.1964;0.026
23.02.1964;0.026
24.02.1964;0.026
25.02.1964;0.024
26.02.1964;0.022
27.02.1964;0.021
28.02.1964;0.022
29.02.1964;0.026
1.03.1964;0.03
2.03.1964;0.038
3.03.1964;0.037
4.03.1964;0.033
5.03.1964;0.032
6.03.1964;0.031
7.03.1964;0.02998
8.03.1964;0.03
9.03.1964;0.028
10.03.1964;0.0275
11.03.1964;0.028
12.03.1964;0.028
13.03.1964;0.028
14.03.1964;0.029
15.03.1964;0.03
16.03.1964;0.029
17.03.1964;0.029
18.03.1964;0.029
19.03.1964;0.029
20.03.1964;0.029
21.03.1964;0.031
22.03.1964;0.08
23.03.1964;0.15
24.03.1964;0.24
25.03.1964;0.19
26.03.1964;0.149
27.03.1964;0.195
28.03.1964;0.28
29.03.1964;0.305
30.03.1964;0.365
31.03.1964;0.34
1.04.1964;0.285
2.04.1964;0.235
3.04.1964;0.195
4.04.1964;0.18
5.04.1964;0.159
6.04.1964;0.143
7.04.1964;0.123
8.04.1964;0.11
9.04.1964;0.095
10.04.1964;0.09
11.04.1964;0.13
12.04.1964;0.085
13.04.1964;0.084
14.04.1964;0.09
15.04.1964;0.12
16.04.1964;0.092
17.04.1964;0.087
18.04.1964;0.085
19.04.1964;0.083
20.04.1964;0.078
21.04.1964;0.075
22.04.1964;0.07
23.04.1964;0.068
24.04.1964;0.065
25.04.1964;0.062
26.04.1964;0.057
27.04.1964;0.055
28.04.1964;0.069
29.04.1964;0.068
30.04.1964;0.068
1.05.1964;0.067
2.05.1964;0.064
3.05.1964;0.062
4.05.1964;0.059
5.05.1964;0.058
6.05.1964;0.06
7.05.1964;0.061
8.05.1964;0.064
9.05.1964;0.066
10.05.1964;0.068
11.05.1964;0.06
12.05.1964;0.056
13.05.1964;0.055
14.05.1964;0.0555
15.05.1964;0.056
16.05.1964;0.055
17.05.1964;0.055
18.05.1964;0.054
19.05.1964;0.054
20.05.1964;0.054
21.05.1964;0.054
22.05.1964;0.0535
23.05.1964;0.053
24.05.1964;0.053
25.05.1964;0.053
26.05.1964;0.0525
27.05.1964;0.0525
28.05.1964;0.053
29.05.1964;0.0525
30.05.1964;0.052
31.05.1964;0.052
1.06.1964;0.052
2.06.1964;0.052
3.06.1964;0.0525
4.06.1964;0.0525
5.06.1964;0.052
6.06.1964;0.0515
7.06.1964;0.052
8.06.1964;0.052
9.06.1964;0.051
10.06.1964;0.052
11.06.1964;0.052
12.06.1964;0.051
13.06.1964;0.0505
14.06.1964;0.0505
15.06.1964;0.0505
16.06.1964;0.051
17.06.1964;0.051
18.06.1964;0.051
19.06.1964;0.0509
20.06.1964;0.0505
21.06.1964;0.0502
22.06.1964;0.0505
23.06.1964;0.0502
24.06.1964;0.0504
25.06.1964;0.0502
26.06.1964;0.0501
27.06.1964;0.05
28.06.1964;0.05
29.06.1964;0.05
30.06.1964;0.0535
1.07.1964;0.052
2.07.1964;0.0515
3.07.1964;0.051
4.07.1964;0.0505
5.07.1964;0.0525
6.07.1964;0.0545
7.07.1964;0.052
8.07.1964;0.0525
9.07.1964;0.051
10.07.1964;0.052
11.07.1964;0.052
12.07.1964;0.0515
13.07.1964;0.052
14.07.1964;0.052
15.07.1964;0.0515
16.07.1964;0.051
17.07.1964;0.051
18.07.1964;0.051
19.07.1964;0.051
20.07.1964;0.051
21.07.1964;0.051
22.07.1964;0.051
23.07.1964;0.0505
24.07.1964;0.0505
25.07.1964;0.0505
26.07.1964;0.0505
27.07.1964;0.0505
28.07.1964;0.05
29.07.1964;0.05
30.07.1964;0.0502
31.07.1964;0.0502
1.08.1964;0.05
2.08.1964;0.0502
3.08.1964;0.0505
4.08.1964;0.0505
5.08.1964;0.0507
6.08.1964;0.0505
7.08.1964;0.0505
8.08.1964;0.0505
9.08.1964;0.0507
10.08.1964;0.0507
11.08.1964;0.0502
12.08.1964;0.0505
13.08.1964;0.0503
14.08.1964;0.0501
15.08.1964;0.05
16.08.1964;0.049
17.08.1964;0.05
18.08.1964;0.0505
19.08.1964;0.051
20.08.1964;0.058
21.08.1964;0.06
22.08.1964;0.059
23.08.1964;0.06802
24.08.1964;0.102
25.08.1964;0.086
26.08.1964;0.076
27.08.1964;0.069
28.08.1964;0.065
29.08.1964;0.074
30.08.1964;0.06
31.08.1964;0.06
1.09.1964;0.058
2.09.1964;0.056
3.09.1964;0.062
4.09.1964;0.06
5.09.1964;0.0545
6.09.1964;0.053
7.09.1964;0.054
8.09.1964;0.0535
9.09.1964;0.054
10.09.1964;0.054
11.09.1964;0.053
12.09.1964;0.0525
13.09.1964;0.0525
14.09.1964;0.06
15.09.1964;0.057
16.09.1964;0.0505
17.09.1964;0.051
18.09.1964;0.051
19.09.1964;0.051
20.09.1964;0.0505
21.09.1964;0.0507
22.09.1964;0.051
23.09.1964;0.051
24.09.1964;0.051
25.09.1964;0.051
26.09.1964;0.051
27.09.1964;0.051
28.09.1964;0.051
29.09.1964;0.051
30.09.1964;0.06
1.10.1964;0.0515
2.10.1964;0.0505
3.10.1964;0.0502
4.10.1964;0.05
5.10.1964;0.05
6.10.1964;0.0505
7.10.1964;0.051
8.10.1964;0.051
9.10.1964;0.0507
10.10.1964;0.0505
11.10.1964;0.0503
12.10.1964;0.0503
13.10.1964;0.053
14.10.1964;0.07
15.10.1964;0.082
16.10.1964;0.083
17.10.1964;0.122
18.10.1964;0.108
19.10.1964;0.116
20.10.1964;0.113
21.10.1964;0.26
22.10.1964;0.28315
23.10.1964;0.26
24.10.1964;0.215
25.10.1964;0.16
26.10.1964;0.19
27.10.1964;0.18
28.10.1964;0.165
29.10.1964;0.165
30.10.1964;0.167
31.10.1964;0.144
1.11.1964;0.126
2.11.1964;0.193
3.11.1964;0.12
4.11.1964;0.113
5.11.1964;0.145
6.11.1964;0.115
7.11.1964;0.099
8.11.1964;0.102
9.11.1964;0.122
10.11.1964;0.085
11.11.1964;0.082
12.11.1964;0.105
13.11.1964;0.09
14.11.1964;0.078
15.11.1964;0.079
16.11.1964;0.077
17.11.1964;0.077
18.11.1964;0.115
19.11.1964;0.071
20.11.1964;0.07
21.11.1964;0.09
22.11.1964;0.079
23.11.1964;0.076
24.11.1964;0.074
25.11.1964;0.072
26.11.1964;0.07
27.11.1964;0.073
28.11.1964;0.069
29.11.1964;0.066
30.11.1964;0.063
1.12.1964;0.065
2.12.1964;0.064
3.12.1964;0.063
4.12.1964;0.07
5.12.1964;0.074
6.12.1964;0.077
7.12.1964;0.078
8.12.1964;0.078
9.12.1964;0.08
10.12.1964;0.083
11.12.1964;0.084
12.12.1964;0.092
13.12.1964;0.092
14.12.1964;0.095
15.12.1964;0.095
16.12.1964;0.1
17.12.1964;0.098
18.12.1964;0.102
19.12.1964;0.135
20.12.1964;0.39005
21.12.1964;0.44005
22.12.1964;0.39005
23.12.1964;0.31
24.12.1964;0.27
25.12.1964;0.24
26.12.1964;0.22
27.12.1964;0.195
28.12.1964;0.225
29.12.1964;0.158
30.12.1964;0.20965
31.12.1964;0.175
1.01.1965;0.18518
2.01.1965;0.26388
3.01.1965;0.21297
4.01.1965;0.18635
5.01.1965;0.18982
6.01.1965;0.17245
7.01.1965;0.15162
8.01.1965;0.17013
9.01.1965;0.17013
10.01.1965;0.1441
11.01.1965;0.14583
12.01.1965;0.16782
13.01.1965;0.12847
14.01.1965;0.12268
15.01.1965;0.11805
16.01.1965;0.1632
17.01.1965;0.15047
18.01.1965;0.12037
19.01.1965;0.15625
20.01.1965;0.12037
21.01.1965;0.11112
22.01.1965;0.10532
23.01.1965;0.10648
24.01.1965;0.15047
25.01.1965;0.09953
26.01.1965;0.09375
27.01.1965;0.1088
28.01.1965;0.11227
29.01.1965;0.1574
30.01.1965;0.11227
31.01.1965;0.14005
1.02.1965;0.26505
2.02.1965;0.37037
3.02.1965;0.26505
4.02.1965;0.31828
5.02.1965;0.29513
6.02.1965;0.25232
7.02.1965;0.26968
8.02.1965;0.21297
9.02.1965;0.25695
10.02.1965;0.18172
11.02.1965;0.17013
12.02.1965;0.18172
13.02.1965;0.2176
14.02.1965;0.18172
15.02.1965;0.1551
16.02.1965;0.13427
17.02.1965;0.13195
18.02.1965;0.15972
19.02.1965;0.1412
20.02.1965;0.12037
21.02.1965;0.11227
22.02.1965;0.13078
23.02.1965;0.13888
24.02.1965;0.11922
25.02.1965;0.11805
26.02.1965;0.11573
27.02.1965;0.11458
28.02.1965;0.11227
1.03.1965;0.10648
2.03.1965;0.10648
3.03.1965;0.11112
4.03.1965;0.12732
5.03.1965;0.12153
6.03.1965;0.12037
7.03.1965;0.12385
8.03.1965;0.125
9.03.1965;0.12037
10.03.1965;0.11458
11.03.1965;0.11458
12.03.1965;0.12153
13.03.1965;0.13195
14.03.1965;0.14352
15.03.1965;0.15972
16.03.1965;0.27547
17.03.1965;0.43287
18.03.1965;0.52315
19.03.1965;0.5926
20.03.1965;0.37615
21.03.1965;0.61573
22.03.1965;0.61573
23.03.1965;0.5926
24.03.1965;0.55093
25.03.1965;0.48727
26.03.1965;0.4537
27.03.1965;0.42245
28.03.1965;0.38542
29.03.1965;0.37615
30.03.1965;0.34722
31.03.1965;0.31482
1.04.1965;0.30323
2.04.1965;0.28588
3.04.1965;0.27778
4.04.1965;0.26968
5.04.1965;0.28588
6.04.1965;0.21297
7.04.1965;0.2199
8.04.1965;0.2662
9.04.1965;0.18865
10.04.1965;0.2338
11.04.1965;0.1956
12.04.1965;0.17013
13.04.1965;0.18055
14.04.1965;0.18982
15.04.1965;0.17013
16.04.1965;0.1551
17.04.1965;0.15278
18.04.1965;0.14583
19.04.1965;0.1412
20.04.1965;0.13888
21.04.1965;0.19328
22.04.1965;0.19677
23.04.1965;0.3588
24.04.1965;0.36343
25.04.1965;0.33565
26.04.1965;0.31365
27.04.1965;0.3125
28.04.1965;0.29977
29.04.1965;0.29513
30.04.1965;0.29977
1.05.1965;0.30323
2.05.1965;0.28357
3.05.1965;0.27778
4.05.1965;0.25347
5.05.1965;0.27778
6.05.1965;0.27315
7.05.1965;0.2176
8.05.1965;0.26505
9.05.1965;0.21297
10.05.1965;0.19677
11.05.1965;0.19328
12.05.1965;0.19328
13.05.1965;0.27315
14.05.1965;0.18055
15.05.1965;0.22338
16.05.1965;0.17362
17.05.1965;0.16782
18.05.1965;0.22338
19.05.1965;0.18865
20.05.1965;0.15393
21.05.1965;0.14583
22.05.1965;0.18865
23.05.1965;0.1412
24.05.1965;0.14583
25.05.1965;0.15278
26.05.1965;0.17013
27.05.1965;0.13542
28.05.1965;0.14583
29.05.1965;0.17708
30.05.1965;0.17245
31.05.1965;0.19328
1.06.1965;0.17593
2.06.1965;0.20833
3.06.1965;0.1574
4.06.1965;0.17708
5.06.1965;0.28588
6.06.1965;0.5787
7.06.1965;0.63195
8.06.1965;0.625
9.06.1965;0.61573
10.06.1965;0.94328
11.06.1965;101.852
12.06.1965;107.638
13.06.1965;0.97222
14.06.1965;0.8449
15.06.1965;0.70602
16.06.1965;0.63078
17.06.1965;0.56713
18.06.1965;0.52547
19.06.1965;0.47917
20.06.1965;0.42245
21.06.1965;0.38773
22.06.1965;0.35302
23.06.1965;0.29862
24.06.1965;0.27083
25.06.1965;0.32407
26.06.1965;0.2338
27.06.1965;0.20833
28.06.1965;0.20255
29.06.1965;0.27778
30.06.1965;0.18518
1.07.1965;0.17593
2.07.1965;0.17245
3.07.1965;0.20833
4.07.1965;0.22338
5.07.1965;0.20833
6.07.1965;0.20602
7.07.1965;0.20255
8.07.1965;0.19445
9.07.1965;0.18518
10.07.1965;0.17823
11.07.1965;0.15625
12.07.1965;0.1412
13.07.1965;0.16782
14.07.1965;0.15278
15.07.1965;0.12963
16.07.1965;0.12963
17.07.1965;0.15972
18.07.1965;0.125
19.07.1965;0.12153
20.07.1965;0.11573
21.07.1965;0.1551
22.07.1965;0.12268
23.07.1965;0.13542
24.07.1965;0.11805
25.07.1965;0.10648
26.07.1965;0.10763
27.07.1965;0.14237
28.07.1965;0.09953
29.07.1965;0.09953
30.07.1965;0.09953
31.07.1965;0.14237
1.08.1965;0.09607
2.08.1965;0.10185
3.08.1965;0.11922
4.08.1965;0.13195
5.08.1965;0.10532
6.08.1965;0.10763
7.08.1965;0.14583
8.08.1965;0.1007
9.08.1965;0.09607
10.08.1965;0.0949
11.08.1965;0.09375
12.08.1965;0.14698
13.08.1965;0.09143
14.08.1965;0.0926
15.08.1965;0.09143
16.08.1965;0.12963
17.08.1965;0.0949
18.08.1965;0.08218
19.08.1965;0.08102
20.08.1965;0.08102
21.08.1965;0.08102
22.08.1965;0.12385
23.08.1965;0.09143
24.08.1965;0.08797
25.08.1965;0.08565
26.08.1965;0.11573
27.08.1965;0.1574
28.08.1965;0.16552
29.08.1965;0.16203
30.08.1965;0.1574
31.08.1965;0.1551
1.09.1965;0.14237
2.09.1965;0.13773
3.09.1965;0.12847
4.09.1965;0.11227
5.09.1965;0.10302
6.09.1965;0.09838
7.09.1965;0.0949
8.09.1965;0.0926
9.09.1965;0.1412
10.09.1965;0.11227
11.09.1965;0.08912
12.09.1965;0.10417
13.09.1965;0.10417
14.09.1965;0.11573
15.09.1965;0.1412
16.09.1965;0.09722
17.09.1965;0.0949
18.09.1965;0.09375
19.09.1965;0.14583
20.09.1965;0.09375
21.09.1965;0.08448
22.09.1965;0.08333
23.09.1965;0.10763
24.09.1965;0.11805
25.09.1965;0.0949
26.09.1965;0.0926
27.09.1965;0.09028
28.09.1965;0.0926
29.09.1965;0.08797
30.09.1965;0.08448
1.10.1965;0.08565
2.10.1965;0.08333
3.10.1965;0.0787
4.10.1965;0.06828
5.10.1965;0.06713
6.10.1965;0.07407
7.10.1965;0.0706
8.10.1965;0.0706
9.10.1965;0.06945
10.10.1965;0.06828
11.10.1965;0.06713
12.10.1965;0.0949
13.10.1965;0.07407
14.10.1965;0.04282
15.10.1965;0.06482
16.10.1965;0.06365
17.10.1965;0.0625
18.10.1965;0.06135
19.10.1965;0.09028
20.10.1965;0.0787
21.10.1965;0.0625
22.10.1965;0.05903
23.10.1965;0.05903
24.10.1965;0.05787
25.10.1965;0.05903
26.10.1965;0.05903
27.10.1965;0.05903
28.10.1965;0.06828
29.10.1965;0.08565
30.10.1965;0.06018
31.10.1965;0.05903
1.11.1965;0.05903
2.11.1965;0.05787
3.11.1965;0.05672
4.11.1965;0.04977
5.11.1965;0.05208
6.11.1965;0.05208
7.11.1965;0.05208
8.11.1965;0.05093
9.11.1965;0.05208
10.11.1965;0.05208
11.11.1965;0.0868
12.11.1965;0.05903
13.11.1965;0.05672
14.11.1965;0.05555
15.11.1965;0.05323
16.11.1965;0.05208
17.11.1965;0.05208
18.11.1965;0.05208
19.11.1965;0.08448
20.11.1965;0.05903
21.11.1965;0.09143
22.11.1965;0.15393
23.11.1965;0.19213
24.11.1965;0.15278
25.11.1965;0.12385
26.11.1965;0.15625
27.11.1965;0.12153
28.11.1965;0.10532
29.11.1965;0.11227
30.11.1965;0.17477
1.12.1965;0.23148
2.12.1965;0.24885
3.12.1965;0.19097
4.12.1965;0.19907
5.12.1965;0.16898
6.12.1965;0.14698
7.12.1965;0.1794
8.12.1965;0.1412
9.12.1965;0.16435
10.12.1965;0.18982
11.12.1965;0.47453
12.12.1965;0.54977
13.12.1965;0.46875
14.12.1965;0.39352
15.12.1965;0.33565
16.12.1965;0.28935
17.12.1965;0.27778
18.12.1965;0.23148
19.12.1965;0.24885
20.12.1965;0.19907
21.12.1965;0.21412
22.12.1965;0.23727
23.12.1965;0.2257
24.12.1965;0.28357
25.12.1965;0.30093
26.12.1965;0.24073
27.12.1965;0.24305
28.12.1965;0.23148
29.12.1965;0.30093
30.12.1965;0.25695
31.12.1965;0.32987
1.01.1966;0.29513
2.01.1966;0.27198
3.01.1966;0.26042
4.01.1966;0.2199
5.01.1966;0.25232
6.01.1966;0.20833
7.01.1966;0.17708
8.01.1966;0.16898
9.01.1966;0.1632
10.01.1966;0.16203
11.01.1966;0.18518
12.01.1966;0.15857
13.01.1966;0.14468
14.01.1966;0.15625
15.01.1966;0.15972
16.01.1966;0.13195
17.01.1966;0.13078
18.01.1966;0.12385
19.01.1966;0.1331
20.01.1966;0.17013
21.01.1966;0.12037
22.01.1966;0.11573
23.01.1966;0.11227
24.01.1966;0.14698
25.01.1966;0.14468
26.01.1966;0.10302
27.01.1966;0.1007
28.01.1966;0.09838
29.01.1966;0.09722
30.01.1966;0.0949
31.01.1966;0.0949
1.02.1966;0.11805
2.02.1966;0.09838
3.02.1966;0.09143
4.02.1966;0.09028
5.02.1966;0.08797
6.02.1966;0.08797
7.02.1966;0.11227
8.02.1966;0.12268
9.02.1966;0.15162
10.02.1966;0.2257
11.02.1966;0.25463
12.02.1966;0.33565
13.02.1966;0.49768
14.02.1966;0.6713
15.02.1966;0.7176
16.02.1966;0.74073
17.02.1966;0.72917
18.02.1966;0.625
19.02.1966;0.55555
20.02.1966;0.5324
21.02.1966;0.54398
22.02.1966;0.55555
23.02.1966;0.52662
24.02.1966;0.54398
25.02.1966;0.60185
26.02.1966;0.59028
27.02.1966;0.55555
28.02.1966;0.4919
1.03.1966;0.47453
2.03.1966;0.42245
3.03.1966;0.38195
4.03.1966;0.3588
5.03.1966;0.33565
6.03.1966;0.30093
7.03.1966;0.27198
8.03.1966;0.25463
9.03.1966;0.24885
10.03.1966;0.24537
11.03.1966;0.24885
12.03.1966;0.24073
13.03.1966;0.25463
14.03.1966;0.2662
15.03.1966;0.34722
16.03.1966;0.31828
17.03.1966;0.35302
18.03.1966;0.30672
19.03.1966;0.3044
20.03.1966;0.2662
21.03.1966;0.32407
22.03.1966;0.28357
23.03.1966;0.30093
24.03.1966;0.27778
25.03.1966;0.2338
26.03.1966;0.22917
27.03.1966;0.25695
28.03.1966;0.20255
29.03.1966;0.2257
30.03.1966;0.23727
31.03.1966;0.18865
1.04.1966;0.17593
2.04.1966;0.19677
3.04.1966;0.17593
4.04.1966;0.1632
5.04.1966;0.1574
6.04.1966;0.15278
7.04.1966;0.15047
8.04.1966;0.23032
9.04.1966;0.1493
10.04.1966;0.15047
11.04.1966;0.15047
12.04.1966;0.2199
13.04.1966;0.2662
14.04.1966;0.26042
15.04.1966;0.2662
16.04.1966;0.26042
17.04.1966;0.23727
18.04.1966;0.23148
19.04.1966;0.23148
20.04.1966;0.24885
21.04.1966;0.2662
22.04.1966;0.26852
23.04.1966;0.26042
24.04.1966;0.25695
25.04.1966;0.25463
26.04.1966;0.21412
27.04.1966;0.25232
28.04.1966;0.21412
29.04.1966;0.2199
30.04.1966;0.17013
1.05.1966;0.2199
2.05.1966;0.16898
3.05.1966;0.15625
4.05.1966;0.1551
5.05.1966;0.21412
6.05.1966;0.18518
7.05.1966;0.14237
8.05.1966;0.18518
9.05.1966;0.1412
10.05.1966;0.13773
11.05.1966;0.16552
12.05.1966;0.12963
13.05.1966;0.12385
14.05.1966;0.12153
15.05.1966;0.11805
16.05.1966;0.15047
17.05.1966;0.16203
18.05.1966;0.11343
19.05.1966;0.10995
20.05.1966;0.1088
21.05.1966;0.12153
22.05.1966;0.16203
23.05.1966;0.10185
24.05.1966;0.10417
25.05.1966;0.1007
26.05.1966;0.09953
27.05.1966;0.09838
28.05.1966;0.10417
29.05.1966;0.13542
30.05.1966;0.09838
31.05.1966;0.09607
1.06.1966;0.0949
2.06.1966;0.11227
3.06.1966;0.11227
4.06.1966;0.0926
5.06.1966;0.0926
6.06.1966;0.0926
7.06.1966;0.08797
8.06.1966;0.1331
9.06.1966;0.08797
10.06.1966;0.08448
11.06.1966;0.0868
12.06.1966;0.08565
13.06.1966;0.08448
14.06.1966;0.09143
15.06.1966;0.08102
16.06.1966;0.07987
17.06.1966;0.0787
18.06.1966;0.10995
19.06.1966;0.0787
20.06.1966;0.07638
21.06.1966;0.07987
22.06.1966;0.07755
23.06.1966;0.07523
24.06.1966;0.07523
25.06.1966;0.07523
26.06.1966;0.07407
27.06.1966;0.07292
28.06.1966;0.07177
29.06.1966;0.07292
30.06.1966;0.12385
1.07.1966;0.07177
2.07.1966;0.0706
3.07.1966;0.06945
4.07.1966;0.06945
5.07.1966;0.0706
6.07.1966;0.06945
7.07.1966;0.06828
8.07.1966;0.06713
9.07.1966;0.06597
10.07.1966;0.06597
11.07.1966;0.08448
12.07.1966;0.10763
13.07.1966;0.07523
14.07.1966;0.07292
15.07.1966;0.06945
16.07.1966;0.06713
17.07.1966;0.06713
18.07.1966;0.06713
19.07.1966;0.06597
20.07.1966;0.06713
21.07.1966;0.06828
22.07.1966;0.06713
23.07.1966;0.06713
24.07.1966;0.06828
25.07.1966;0.06597
26.07.1966;0.06597
27.07.1966;0.06365
28.07.1966;0.06365
29.07.1966;0.06135
30.07.1966;0.06597
31.07.1966;0.06135
1.08.1966;0.06135
2.08.1966;0.06365
3.08.1966;0.06482
4.08.1966;0.06365
5.08.1966;0.06365
6.08.1966;0.0625
7.08.1966;0.0625
8.08.1966;0.0625
9.08.1966;0.06135
10.08.1966;0.06135
11.08.1966;0.06135
12.08.1966;0.06018
13.08.1966;0.05903
14.08.1966;0.05903
15.08.1966;0.05903
16.08.1966;0.05672
17.08.1966;0.05672
18.08.1966;0.05672
19.08.1966;0.05672
20.08.1966;0.05672
21.08.1966;0.05555
22.08.1966;0.05672
23.08.1966;0.05323
24.08.1966;0.05323
25.08.1966;0.05323
26.08.1966;0.05323
27.08.1966;0.05323
28.08.1966;0.05323
29.08.1966;0.05323
30.08.1966;0.05323
31.08.1966;0.05323
1.09.1966;0.05555
2.09.1966;0.05787
3.09.1966;0.05787
4.09.1966;0.05787
5.09.1966;0.05787
6.09.1966;0.05672
7.09.1966;0.05672
8.09.1966;0.05672
9.09.1966;0.05555
10.09.1966;0.05555
11.09.1966;0.0544
12.09.1966;0.0544
13.09.1966;0.05323
14.09.1966;0.05323
15.09.1966;0.05208
16.09.1966;0.05208
17.09.1966;0.05208
18.09.1966;0.05208
19.09.1966;0.05208
20.09.1966;0.05208
21.09.1966;0.04977
22.09.1966;0.05208
23.09.1966;0.04977
24.09.1966;0.05208
25.09.1966;0.05208
26.09.1966;0.05093
27.09.1966;0.05093
28.09.1966;0.05093
29.09.1966;0.05093
30.09.1966;0.05093
1.10.1966;0.04977
2.10.1966;0.04977
3.10.1966;0.04977
4.10.1966;0.04977
5.10.1966;0.04977
6.10.1966;0.04862
7.10.1966;0.04862
8.10.1966;0.04862
9.10.1966;0.04862
10.10.1966;0.04862
11.10.1966;0.04745
12.10.1966;0.04745
13.10.1966;0.04862
14.10.1966;0.04862
15.10.1966;0.04862
16.10.1966;0.04862
17.10.1966;0.04745
18.10.1966;0.0463
19.10.1966;0.04513
20.10.1966;0.04513
21.10.1966;0.04513
22.10.1966;0.04513
23.10.1966;0.04513
24.10.1966;0.04513
25.10.1966;0.04513
26.10.1966;0.0463
27.10.1966;0.0463
28.10.1966;0.0463
29.10.1966;0.0463
30.10.1966;0.04513
31.10.1966;0.04398
1.11.1966;0.04398
2.11.1966;0.04282
3.11.1966;0.04398
4.11.1966;0.04282
5.11.1966;0.04282
6.11.1966;0.04167
7.11.1966;0.04167
8.11.1966;0.04167
9.11.1966;0.04398
10.11.1966;0.04282
11.11.1966;0.04398
12.11.1966;0.04398
13.11.1966;0.04398
14.11.1966;0.04398
15.11.1966;0.04398
16.11.1966;0.04513
17.11.1966;0.04513
18.11.1966;0.04513
19.11.1966;0.09607
20.11.1966;0.13078
21.11.1966;0.12268
22.11.1966;0.07638
23.11.1966;0.07755
24.11.1966;0.15625
25.11.1966;0.19677
26.11.1966;0.2662
27.11.1966;0.25463
28.11.1966;0.20833
29.11.1966;0.18518
30.11.1966;0.17013
1.12.1966;0.13078
2.12.1966;0.13542
3.12.1966;0.2662
4.12.1966;0.42245
5.12.1966;0.49768
6.12.1966;0.42245
7.12.1966;0.34722
8.12.1966;0.28935
9.12.1966;0.25463
10.12.1966;0.24305
11.12.1966;0.21643
12.12.1966;0.19097
13.12.1966;0.15278
14.12.1966;0.20255
15.12.1966;0.13888
16.12.1966;0.13078
17.12.1966;0.15047
18.12.1966;0.15278
19.12.1966;0.12153
20.12.1966;0.15047
21.12.1966;0.12615
22.12.1966;0.1412
23.12.1966;0.11458
24.12.1966;0.11458
25.12.1966;0.11458
26.12.1966;0.13773
27.12.1966;0.13195
28.12.1966;0.0926
29.12.1966;0.08912
30.12.1966;0.09143
31.12.1966;0.09143
1.01.1967;0.1331
2.01.1967;0.09375
3.01.1967;0.10995
4.01.1967;0.09838
5.01.1967;0.0868
6.01.1967;0.07987
7.01.1967;0.07755
8.01.1967;0.07638
9.01.1967;0.1007
10.01.1967;0.08333
11.01.1967;0.07523
12.01.1967;0.07523
13.01.1967;0.07407
14.01.1967;0.07292
15.01.1967;0.11227
16.01.1967;0.07292
17.01.1967;0.06828
18.01.1967;0.06713
19.01.1967;0.06597
20.01.1967;0.06482
21.01.1967;0.06482
22.01.1967;0.06365
23.01.1967;0.11227
24.01.1967;0.07755
25.01.1967;0.06365
26.01.1967;0.0625
27.01.1967;0.0625
28.01.1967;0.06135
29.01.1967;0.0625
30.01.1967;0.11458
31.01.1967;0.07987
1.02.1967;0.07638
2.02.1967;0.07523
3.02.1967;0.07407
4.02.1967;0.07292
5.02.1967;0.07177
6.02.1967;0.07177
7.02.1967;0.07638
8.02.1967;0.08448
9.02.1967;0.08448
10.02.1967;0.08218
11.02.1967;0.08102
12.02.1967;0.07987
13.02.1967;0.0787
14.02.1967;0.07523
15.02.1967;0.07523
16.02.1967;0.07407
17.02.1967;0.07407
18.02.1967;0.07523
19.02.1967;0.07638
20.02.1967;0.07755
21.02.1967;0.07638
22.02.1967;0.07755
23.02.1967;0.08333
24.02.1967;0.09607
25.02.1967;0.13427
26.02.1967;0.14468
27.02.1967;0.1493
28.02.1967;0.15625
1.03.1967;0.3588
2.03.1967;0.55555
3.03.1967;0.54398
4.03.1967;0.5324
5.03.1967;0.5324
6.03.1967;0.56713
7.03.1967;0.54398
8.03.1967;0.52083
9.03.1967;0.49768
10.03.1967;0.49768
11.03.1967;0.47453
12.03.1967;0.43982
13.03.1967;0.41667
14.03.1967;0.30093
15.03.1967;0.27778
16.03.1967;0.26042
17.03.1967;0.23727
18.03.1967;0.2257
19.03.1967;0.20833
20.03.1967;0.19677
21.03.1967;0.1794
22.03.1967;0.20833
23.03.1967;0.15972
24.03.1967;0.18518
25.03.1967;0.15625
26.03.1967;0.1493
27.03.1967;0.20255
28.03.1967;0.14237
29.03.1967;0.15393
30.03.1967;0.16898
31.03.1967;0.13888
1.04.1967;0.17362
2.04.1967;0.14583
3.04.1967;0.15625
4.04.1967;0.19097
5.04.1967;0.14468
6.04.1967;0.19097
7.04.1967;0.59028
8.04.1967;0.64237
9.04.1967;0.42245
10.04.1967;0.65972
11.04.1967;0.625
12.04.1967;0.61343
13.04.1967;0.60185
14.04.1967;0.625
15.04.1967;0.625
16.04.1967;0.61343
17.04.1967;0.60185
18.04.1967;0.56713
19.04.1967;0.50927
20.04.1967;0.47453
21.04.1967;0.43403
22.04.1967;0.4051
23.04.1967;0.34143
24.04.1967;0.36458
25.04.1967;0.27778
26.04.1967;0.2662
27.04.1967;0.23727
28.04.1967;0.2257
29.04.1967;0.19677
30.04.1967;0.23958
1.05.1967;0.1875
2.05.1967;0.17593
3.05.1967;0.20255
4.05.1967;0.1713
5.05.1967;0.17593
6.05.1967;0.1794
7.05.1967;0.15047
8.05.1967;0.15047
9.05.1967;0.17362
10.05.1967;0.13888
11.05.1967;0.13657
12.05.1967;0.18518
13.05.1967;0.13427
14.05.1967;0.13195
15.05.1967;0.1632
16.05.1967;0.12385
17.05.1967;0.15278
18.05.1967;0.125
19.05.1967;0.1412
20.05.1967;0.11227
21.05.1967;0.10995
22.05.1967;0.13657
23.05.1967;0.12732
24.05.1967;0.10417
25.05.1967;0.09953
26.05.1967;0.09607
27.05.1967;0.0949
28.05.1967;0.10648
29.05.1967;0.13657
30.05.1967;0.09375
31.05.1967;0.09028
1.06.1967;0.0868
2.06.1967;0.0868
3.06.1967;0.09838
4.06.1967;0.12732
5.06.1967;0.08333
6.06.1967;0.08333
7.06.1967;0.08218
8.06.1967;0.08218
9.06.1967;0.12037
10.06.1967;0.0949
11.06.1967;0.0868
12.06.1967;0.08565
13.06.1967;0.08333
14.06.1967;0.08333
15.06.1967;0.08218
16.06.1967;0.08102
17.06.1967;0.07987
18.06.1967;0.0787
19.06.1967;0.0787
20.06.1967;0.07523
21.06.1967;0.07407
22.06.1967;0.07407
23.06.1967;0.07292
24.06.1967;0.07292
25.06.1967;0.07177
26.06.1967;0.07177
27.06.1967;0.06945
28.06.1967;0.06945
29.06.1967;0.06713
30.06.1967;0.06713
1.07.1967;0.06713
2.07.1967;0.06713
3.07.1967;0.06713
4.07.1967;0.06482
5.07.1967;0.06365
6.07.1967;0.0625
7.07.1967;0.06135
8.07.1967;0.06135
9.07.1967;0.06135
10.07.1967;0.06135
11.07.1967;0.06135
12.07.1967;0.06018
13.07.1967;0.06018
14.07.1967;0.06018
15.07.1967;0.05903
16.07.1967;0.05903
17.07.1967;0.05787
18.07.1967;0.06135
19.07.1967;0.05787
20.07.1967;0.06018
21.07.1967;0.05672
22.07.1967;0.05555
23.07.1967;0.05555
24.07.1967;0.05555
25.07.1967;0.05323
26.07.1967;0.05208
27.07.1967;0.05323
28.07.1967;0.0544
29.07.1967;0.05208
30.07.1967;0.05555
31.07.1967;0.05323
1.08.1967;0.05093
2.08.1967;0.04977
3.08.1967;0.04862
4.08.1967;0.05093
5.08.1967;0.05555
6.08.1967;0.04977
7.08.1967;0.04862
8.08.1967;0.04862
9.08.1967;0.04745
10.08.1967;0.0463
11.08.1967;0.04745
12.08.1967;0.04862
13.08.1967;0.04513
14.08.1967;0.04513
15.08.1967;0.04282
16.08.1967;0.04282
17.08.1967;0.04398
18.08.1967;0.04282
19.08.1967;0.04282
20.08.1967;0.04282
21.08.1967;0.04167
22.08.1967;0.04052
23.08.1967;0.04052
24.08.1967;0.04167
25.08.1967;0.04167
26.08.1967;0.04282
27.08.1967;0.04282
28.08.1967;0.04282
29.08.1967;0.04282
30.08.1967;0.04282
31.08.1967;0.04282
1.09.1967;0.04167
2.09.1967;0.04167
3.09.1967;0.04282
4.09.1967;0.04167
5.09.1967;0.04052
6.09.1967;0.04052
7.09.1967;0.04052
8.09.1967;0.0382
9.09.1967;0.03935
10.09.1967;0.03935
11.09.1967;0.03935
12.09.1967;0.03935
13.09.1967;0.03935
14.09.1967;0.03935
15.09.1967;0.0382
16.09.1967;0.0382
17.09.1967;0.0382
18.09.1967;0.0382
19.09.1967;0.0382
20.09.1967;0.0382
21.09.1967;0.0382
22.09.1967;0.03935
23.09.1967;0.03935
24.09.1967;0.03935
25.09.1967;0.0382
26.09.1967;0.0382
27.09.1967;0.0382
28.09.1967;0.03935
29.09.1967;0.04052
30.09.1967;0.04052
1.10.1967;0.03935
2.10.1967;0.03935
3.10.1967;0.0382
4.10.1967;0.05323
5.10.1967;0.06018
6.10.1967;0.0544
7.10.1967;0.0544
8.10.1967;0.0544
9.10.1967;0.05323
10.10.1967;0.04977
11.10.1967;0.04745
12.10.1967;0.0463
13.10.1967;0.04513
14.10.1967;0.04398
15.10.1967;0.04398
16.10.1967;0.04398
17.10.1967;0.04282
18.10.1967;0.04282
19.10.1967;0.04167
20.10.1967;0.04167
21.10.1967;0.04052
22.10.1967;0.04052
23.10.1967;0.0382
24.10.1967;0.03703
25.10.1967;0.03588
26.10.1967;0.03588
27.10.1967;0.03588
28.10.1967;0.03588
29.10.1967;0.03588
30.10.1967;0.03588
31.10.1967;0.03703
1.11.1967;0.03703
2.11.1967;0.03703
3.11.1967;0.03703
4.11.1967;0.03703
5.11.1967;0.0382
6.11.1967;0.0382
7.11.1967;0.0382
8.11.1967;0.0382
9.11.1967;0.0382
10.11.1967;0.0382
11.11.1967;0.0382
12.11.1967;0.04108
13.11.1967;0.03877
14.11.1967;0.03877
15.11.1967;0.03877
16.11.1967;0.03647
17.11.1967;0.03912
18.11.1967;0.03923
19.11.1967;0.03935
20.11.1967;0.03877
21.11.1967;0.0382
22.11.1967;0.0382
23.11.1967;0.0382
24.11.1967;0.0382
25.11.1967;0.0382
26.11.1967;0.0382
27.11.1967;0.0382
28.11.1967;0.0382
29.11.1967;0.0382
30.11.1967;0.0382
1.12.1967;0.0382
2.12.1967;0.0382
3.12.1967;0.0382
4.12.1967;0.0382
5.12.1967;0.03647
6.12.1967;0.03588
7.12.1967;0.03703
8.12.1967;0.03647
9.12.1967;0.03588
10.12.1967;0.0353
11.12.1967;0.0353
12.12.1967;0.0353
13.12.1967;0.0353
14.12.1967;0.0353
15.12.1967;0.0353
16.12.1967;0.0353
17.12.1967;0.03588
18.12.1967;0.03588
19.12.1967;0.03472
20.12.1967;0.03472
21.12.1967;0.03472
22.12.1967;0.03472
23.12.1967;0.03472
24.12.1967;0.03993
25.12.1967;0.04167
26.12.1967;0.05555
27.12.1967;0.07755
28.12.1967;0.08218
29.12.1967;0.08218
30.12.1967;0.0787
31.12.1967;0.07407
1.01.1968;0.07292
2.01.1968;0.06713
3.01.1968;0.06597
4.01.1968;0.06597
5.01.1968;0.06597
6.01.1968;0.06597
7.01.1968;0.06482
8.01.1968;0.05787
9.01.1968;0.05672
10.01.1968;0.0544
11.01.1968;0.05208
12.01.1968;0.05208
13.01.1968;0.05208
14.01.1968;0.05208
15.01.1968;0.05208
16.01.1968;0.04977
17.01.1968;0.04977
18.01.1968;0.04745
19.01.1968;0.0463
20.01.1968;0.04513
21.01.1968;0.04513
22.01.1968;0.04513
23.01.1968;0.04513
24.01.1968;0.04513
25.01.1968;0.04513
26.01.1968;0.04398
27.01.1968;0.04282
28.01.1968;0.04282
29.01.1968;0.04167
30.01.1968;0.04167
31.01.1968;0.04167
1.02.1968;0.04052
2.02.1968;0.04052
3.02.1968;0.04052
4.02.1968;0.04052
5.02.1968;0.04052
6.02.1968;0.04167
7.02.1968;0.04513
8.02.1968;0.05555
9.02.1968;0.08448
10.02.1968;0.09722
11.02.1968;0.11343
12.02.1968;0.12153
13.02.1968;0.12037
14.02.1968;0.11458
15.02.1968;0.10763
16.02.1968;0.10995
17.02.1968;0.1007
18.02.1968;0.1007
19.02.1968;0.09028
20.02.1968;0.09028
21.02.1968;0.08565
22.02.1968;0.08797
23.02.1968;0.08333
24.02.1968;0.09028
25.02.1968;0.13195
26.02.1968;0.2176
27.02.1968;0.24305
28.02.1968;0.2199
29.02.1968;0.1875
1.03.1968;0.17013
2.03.1968;0.16435
3.03.1968;0.15278
4.03.1968;0.14005
5.03.1968;0.14583
6.03.1968;0.125
7.03.1968;0.1493
8.03.1968;0.10648
9.03.1968;0.1331
10.03.1968;0.10532
11.03.1968;0.10302
12.03.1968;0.12732
13.03.1968;0.09607
14.03.1968;0.08797
15.03.1968;0.08797
16.03.1968;0.08797
17.03.1968;0.1331
18.03.1968;0.09143
19.03.1968;0.08218
20.03.1968;0.0787
21.03.1968;0.0787
22.03.1968;0.08102
23.03.1968;0.09607
24.03.1968;0.19792
25.03.1968;0.13888
26.03.1968;0.15162
27.03.1968;0.14698
28.03.1968;0.12385
29.03.1968;0.1713
30.03.1968;0.12963
31.03.1968;0.14352
1.04.1968;0.11112
2.04.1968;0.14815
3.04.1968;0.1088
4.04.1968;0.1007
5.04.1968;0.10532
6.04.1968;0.14815
7.04.1968;0.1088
8.04.1968;0.10185
9.04.1968;0.10995
10.04.1968;0.1169
11.04.1968;0.1331
12.04.1968;0.15047
13.04.1968;0.15393
14.04.1968;0.15162
15.04.1968;0.14815
16.04.1968;0.13773
17.04.1968;0.13427
18.04.1968;0.14815
19.04.1968;0.12732
20.04.1968;0.10532
21.04.1968;0.10302
22.04.1968;0.10185
23.04.1968;0.1713
24.04.1968;0.11343
25.04.1968;0.10763
26.04.1968;0.08448
27.04.1968;0.08333
28.04.1968;0.12385
29.04.1968;0.08333
30.04.1968;0.07987
1.05.1968;0.07523
2.05.1968;0.07292
3.05.1968;0.07755
4.05.1968;0.12268
5.05.1968;0.07755
6.05.1968;0.07755
7.05.1968;0.07638
8.05.1968;0.07638
9.05.1968;0.12385
10.05.1968;0.07523
11.05.1968;0.07407
12.05.1968;0.07292
13.05.1968;0.11227
14.05.1968;0.07407
15.05.1968;0.0706
16.05.1968;0.07292
17.05.1968;0.06945
18.05.1968;0.06713
19.05.1968;0.06713
20.05.1968;0.06597
21.05.1968;0.11573
22.05.1968;0.07292
23.05.1968;0.06365
24.05.1968;0.06365
25.05.1968;0.06018
26.05.1968;0.06018
27.05.1968;0.06018
28.05.1968;0.10302
29.05.1968;0.06018
30.05.1968;0.05787
31.05.1968;0.05555
1.06.1968;0.05672
2.06.1968;0.05672
3.06.1968;0.0544
4.06.1968;0.08912
5.06.1968;0.05323
6.06.1968;0.05208
7.06.1968;0.05208
8.06.1968;0.05208
9.06.1968;0.05093
10.06.1968;0.05093
11.06.1968;0.04977
12.06.1968;0.04977
13.06.1968;0.04862
14.06.1968;0.04745
15.06.1968;0.0463
16.06.1968;0.0463
17.06.1968;0.0463
18.06.1968;0.04513
19.06.1968;0.04513
20.06.1968;0.04513
21.06.1968;0.04513
22.06.1968;0.04398
23.06.1968;0.04398
24.06.1968;0.04398
25.06.1968;0.04282
26.06.1968;0.04282
27.06.1968;0.04282
28.06.1968;0.04282
29.06.1968;0.04282
30.06.1968;0.04167
1.07.1968;0.04167
2.07.1968;0.04167
3.07.1968;0.04052
4.07.1968;0.03935
5.07.1968;0.0382
6.07.1968;0.03703
7.07.1968;0.03703
8.07.1968;0.03703
9.07.1968;0.03703
10.07.1968;0.03703
11.07.1968;0.03703
12.07.1968;0.03703
13.07.1968;0.03703
14.07.1968;0.03703
15.07.1968;0.03703
16.07.1968;0.03703
17.07.1968;0.03703
18.07.1968;0.0382
19.07.1968;0.0382
20.07.1968;0.0382
21.07.1968;0.0382
22.07.1968;0.0382
23.07.1968;0.0382
24.07.1968;0.0382
25.07.1968;0.0382
26.07.1968;0.0382
27.07.1968;0.0382
28.07.1968;0.03703
29.07.1968;0.03703
30.07.1968;0.03703
31.07.1968;0.03703
1.08.1968;0.03703
2.08.1968;0.03703
3.08.1968;0.0706
4.08.1968;0.06945
5.08.1968;0.04398
6.08.1968;0.0382
7.08.1968;0.03472
8.08.1968;0.03472
9.08.1968;0.03472
10.08.1968;0.03472
11.08.1968;0.03472
12.08.1968;0.03472
13.08.1968;0.03357
14.08.1968;0.03357
15.08.1968;0.03357
16.08.1968;0.03357
17.08.1968;0.03357
18.08.1968;0.03357
19.08.1968;0.0324
20.08.1968;0.0324
21.08.1968;0.0324
22.08.1968;0.0324
23.08.1968;0.0324
24.08.1968;0.0324
25.08.1968;0.0324
26.08.1968;0.0324
27.08.1968;0.03703
28.08.1968;0.03703
29.08.1968;0.07523
30.08.1968;0.04282
31.08.1968;0.04052
1.09.1968;0.03935
2.09.1968;0.03935
3.09.1968;0.03935
4.09.1968;0.03703
5.09.1968;0.03588
6.09.1968;0.03588
7.09.1968;0.03472
8.09.1968;0.03588
9.09.1968;0.03588
10.09.1968;0.03357
11.09.1968;0.03357
12.09.1968;0.03357
13.09.1968;0.03357
14.09.1968;0.03357
15.09.1968;0.03357
16.09.1968;0.03357
17.09.1968;0.03357
18.09.1968;0.03357
19.09.1968;0.03357
20.09.1968;0.03357
21.09.1968;0.03472
22.09.1968;0.03472
23.09.1968;0.03472
24.09.1968;0.03588
25.09.1968;0.03588
26.09.1968;0.03588
27.09.1968;0.03588
28.09.1968;0.03588
29.09.1968;0.03588
30.09.1968;0.03588
1.10.1968;0.03472
2.10.1968;0.03472
3.10.1968;0.03472
4.10.1968;0.03472
5.10.1968;0.03357
6.10.1968;0.03357
7.10.1968;0.03357
8.10.1968;0.03357
9.10.1968;0.03357
10.10.1968;0.03357
11.10.1968;0.0324
12.10.1968;0.0324
13.10.1968;0.0324
14.10.1968;0.0324
15.10.1968;0.0324
16.10.1968;0.0324
17.10.1968;0.0324
18.10.1968;0.0324
19.10.1968;0.0324
20.10.1968;0.0324
21.10.1968;0.0324
22.10.1968;0.03125
23.10.1968;0.03125
24.10.1968;0.03125
25.10.1968;0.03125
26.10.1968;0.03125
27.10.1968;0.03125
28.10.1968;0.03125
29.10.1968;0.03125
30.10.1968;0.03125
31.10.1968;0.03125
1.11.1968;0.03125
2.11.1968;0.03125
3.11.1968;0.03125
4.11.1968;0.03125
5.11.1968;0.03125
6.11.1968;0.03125
7.11.1968;0.03125
8.11.1968;0.0301
9.11.1968;0.0301
10.11.1968;0.0301
11.11.1968;0.0301
12.11.1968;0.0301
13.11.1968;0.0301
14.11.1968;0.0301
15.11.1968;0.0301
16.11.1968;0.0324
17.11.1968;0.12732
18.11.1968;0.23032
19.11.1968;0.28588
20.11.1968;0.20255
21.11.1968;0.17477
22.11.1968;0.15047
23.11.1968;0.16088
24.11.1968;0.11922
25.11.1968;0.11112
26.11.1968;0.13195
27.11.1968;0.1007
28.11.1968;0.08912
29.11.1968;0.10302
30.11.1968;0.11343
1.12.1968;0.08797
2.12.1968;0.1007
3.12.1968;0.10532
4.12.1968;0.08448
5.12.1968;0.11805
6.12.1968;0.08333
7.12.1968;0.07987
8.12.1968;0.0324
9.12.1968;0.0787
10.12.1968;0.0324
11.12.1968;0.0787
12.12.1968;0.0787
13.12.1968;0.0787
14.12.1968;0.09028
15.12.1968;0.10185
16.12.1968;0.07523
17.12.1968;0.07523
18.12.1968;0.0787
19.12.1968;0.30672
20.12.1968;0.38195
21.12.1968;0.29513
22.12.1968;0.2199
23.12.1968;0.27893
24.12.1968;0.19097
25.12.1968;0.16667
26.12.1968;0.21412
27.12.1968;0.15972
28.12.1968;0.1412
29.12.1968;0.13078
30.12.1968;0.12385
31.12.1968;0.18982
1.01.1969;0.11227
2.01.1969;0.10532
3.01.1969;0.15162
4.01.1969;0.10417
5.01.1969;0.1007
6.01.1969;0.09607
7.01.1969;0.09722
8.01.1969;0.09375
9.01.1969;0.09143
10.01.1969;0.16203
11.01.1969;0.09317
12.01.1969;0.09977
13.01.1969;0.10417
14.01.1969;0.09897
15.01.1969;0.08448
16.01.1969;0.10763
17.01.1969;0.0926
18.01.1969;0.09085
19.01.1969;0.09143
20.01.1969;0.0926
21.01.1969;0.08448
22.01.1969;0.08333
23.01.1969;0.14005
24.01.1969;0.08912
25.01.1969;0.08912
26.01.1969;0.08565
27.01.1969;0.08565
28.01.1969;0.08392
29.01.1969;0.09548
30.01.1969;0.11573
31.01.1969;0.0949
1.02.1969;0.09375
2.02.1969;0.09375
3.02.1969;0.09722
4.02.1969;0.10185
5.02.1969;0.0926
6.02.1969;0.09143
7.02.1969;0.08912
8.02.1969;0.0868
9.02.1969;0.0868
10.02.1969;0.0868
11.02.1969;0.0868
12.02.1969;0.08565
13.02.1969;0.08565
14.02.1969;0.08448
15.02.1969;0.08333
16.02.1969;0.1221
17.02.1969;0.17362
18.02.1969;0.19097
19.02.1969;0.15625
20.02.1969;0.15047
21.02.1969;0.33565
22.02.1969;0.63657
23.02.1969;0.64815
24.02.1969;0.60185
25.02.1969;0.57292
26.02.1969;0.63657
27.02.1969;0.65972
28.02.1969;0.64815
1.03.1969;0.61343
2.03.1969;0.56713
3.03.1969;0.51505
4.03.1969;0.45138
5.03.1969;0.40278
6.03.1969;0.36573
7.03.1969;0.34722
8.03.1969;0.32638
9.03.1969;0.3125
10.03.1969;0.29513
11.03.1969;0.25463
12.03.1969;0.25
13.03.1969;0.32987
14.03.1969;0.43172
15.03.1969;0.54398
16.03.1969;0.56135
17.03.1969;0.55555
18.03.1969;0.56713
19.03.1969;0.5787
20.03.1969;0.56135
21.03.1969;0.50347
22.03.1969;0.44213
23.03.1969;0.3993
24.03.1969;0.37037
25.03.1969;0.34143
26.03.1969;0.30672
27.03.1969;0.28703
28.03.1969;0.28703
29.03.1969;0.27778
30.03.1969;0.28472
31.03.1969;0.29513
1.04.1969;0.30093
2.04.1969;0.29862
3.04.1969;0.27198
4.04.1969;0.23785
5.04.1969;0.2581
6.04.1969;0.19097
7.04.1969;0.19097
8.04.1969;0.24653
9.04.1969;0.26273
10.04.1969;0.20833
11.04.1969;0.16898
12.04.1969;0.1794
13.04.1969;0.25578
14.04.1969;0.16203
15.04.1969;0.1846
16.04.1969;0.15047
17.04.1969;0.14468
18.04.1969;0.17072
19.04.1969;0.18518
20.04.1969;0.13657
21.04.1969;0.15972
22.04.1969;0.13947
23.04.1969;0.1603
24.04.1969;0.1551
25.04.1969;0.13195
26.04.1969;0.13888
27.04.1969;0.15162
28.04.1969;0.16898
29.04.1969;0.16435
30.04.1969;0.16435
1.05.1969;0.15278
2.05.1969;0.14583
3.05.1969;0.12963
4.05.1969;0.19618
5.05.1969;0.12153
6.05.1969;0.11805
7.05.1969;0.14988
8.05.1969;0.15162
9.05.1969;0.11922
10.05.1969;0.11573
11.05.1969;0.11112
12.05.1969;0.11517
13.05.1969;0.1485
14.05.1969;0.10417
15.05.1969;0.1007
16.05.1969;0.1007
17.05.1969;0.14988
18.05.1969;0.10302
19.05.1969;0.09607
20.05.1969;0.09143
21.05.1969;0.09607
22.05.1969;0.13773
23.05.1969;0.08855
24.05.1969;0.08797
25.05.1969;0.08797
26.05.1969;0.0868
27.05.1969;0.10417
28.05.1969;0.12153
29.05.1969;0.08333
30.05.1969;0.08102
31.05.1969;0.08102
1.06.1969;0.0787
2.06.1969;0.12385
3.06.1969;0.08102
4.06.1969;0.08102
5.06.1969;0.08102
6.06.1969;0.07987
7.06.1969;0.0787
8.06.1969;0.12153
9.06.1969;0.0787
10.06.1969;0.08912
11.06.1969;0.07292
12.06.1969;0.07292
13.06.1969;0.07177
14.06.1969;0.07177
15.06.1969;0.07177
16.06.1969;0.10417
17.06.1969;0.06713
18.06.1969;0.06597
19.06.1969;0.06482
20.06.1969;0.06597
21.06.1969;0.06828
22.06.1969;0.10417
23.06.1969;0.06828
24.06.1969;0.06365
25.06.1969;0.06365
26.06.1969;0.0625
27.06.1969;0.06135
28.06.1969;0.06018
29.06.1969;0.06018
30.06.1969;0.06018
1.07.1969;0.06135
2.07.1969;0.05903
3.07.1969;0.06018
4.07.1969;0.12268
5.07.1969;0.06365
6.07.1969;0.0625
7.07.1969;0.06135
8.07.1969;0.05903
9.07.1969;0.05903
10.07.1969;0.05903
11.07.1969;0.10648
12.07.1969;0.06828
13.07.1969;0.0625
14.07.1969;0.06018
15.07.1969;0.0544
16.07.1969;0.05323
17.07.1969;0.05323
18.07.1969;0.05323
19.07.1969;0.05208
20.07.1969;0.05208
21.07.1969;0.05208
22.07.1969;0.04977
23.07.1969;0.09607
24.07.1969;0.04977
25.07.1969;0.04977
26.07.1969;0.05093
27.07.1969;0.04977
28.07.1969;0.04862
29.07.1969;0.04745
30.07.1969;0.04745
31.07.1969;0.04745
1.08.1969;0.04745
2.08.1969;0.04862
3.08.1969;0.04977
4.08.1969;0.04977
5.08.1969;0.04745
6.08.1969;0.04745
7.08.1969;0.04745
8.08.1969;0.08565
9.08.1969;0.0625
10.08.1969;0.04862
11.08.1969;0.04745
12.08.1969;0.0463
13.08.1969;0.0463
14.08.1969;0.04513
15.08.1969;0.04745
16.08.1969;0.04745
17.08.1969;0.04862
18.08.1969;0.04862
19.08.1969;0.0463
20.08.1969;0.0463
21.08.1969;0.0463
22.08.1969;0.0463
23.08.1969;0.0463
24.08.1969;0.0463
25.08.1969;0.08448
26.08.1969;0.0625
27.08.1969;0.08102
28.08.1969;0.06828
29.08.1969;0.07987
30.08.1969;0.07523
31.08.1969;0.06713
1.09.1969;0.06713
2.09.1969;0.0625
3.09.1969;0.06018
4.09.1969;0.0868
5.09.1969;0.05787
6.09.1969;0.05555
7.09.1969;0.0544
8.09.1969;0.05323
9.09.1969;0.05093
10.09.1969;0.04977
11.09.1969;0.04977
12.09.1969;0.04977
13.09.1969;0.04977
14.09.1969;0.04977
15.09.1969;0.04977
16.09.1969;0.04862
17.09.1969;0.04862
18.09.1969;0.04977
19.09.1969;0.04977
20.09.1969;0.04977
21.09.1969;0.04862
22.09.1969;0.0463
23.09.1969;0.0463
24.09.1969;0.04513
25.09.1969;0.04398
26.09.1969;0.04398
27.09.1969;0.07523
28.09.1969;0.05208
29.09.1969;0.04282
30.09.1969;0.04167
1.10.1969;0.04167
2.10.1969;0.04167
3.10.1969;0.04167
4.10.1969;0.04167
5.10.1969;0.04167
6.10.1969;0.04167
7.10.1969;0.04052
8.10.1969;0.04052
9.10.1969;0.04052
10.10.1969;0.03935
11.10.1969;0.0382
12.10.1969;0.03703
13.10.1969;0.03588
14.10.1969;0.03357
15.10.1969;0.03357
16.10.1969;0.03357
17.10.1969;0.0324
18.10.1969;0.0324
19.10.1969;0.03357
20.10.1969;0.0324
21.10.1969;0.03125
22.10.1969;0.03125
23.10.1969;0.03125
24.10.1969;0.0324
25.10.1969;0.0324
26.10.1969;0.0324
27.10.1969;0.0301
28.10.1969;0.0301
29.10.1969;0.03125
30.10.1969;0.03125
31.10.1969;0.03125
1.11.1969;0.03125
2.11.1969;0.0324
3.11.1969;0.0324
4.11.1969;0.03125
5.11.1969;0.0301
6.11.1969;0.0301
7.11.1969;0.0301
8.11.1969;0.0301
9.11.1969;0.0301
10.11.1969;0.0301
11.11.1969;0.02893
12.11.1969;0.0301
13.11.1969;0.0301
14.11.1969;0.0301
15.11.1969;0.0301
16.11.1969;0.0301
17.11.1969;0.02893
18.11.1969;0.0301
19.11.1969;0.0301
20.11.1969;0.0301
21.11.1969;0.02893
22.11.1969;0.02893
23.11.1969;0.02893
24.11.1969;0.02893
25.11.1969;0.02893
26.11.1969;0.0301
27.11.1969;0.0301
28.11.1969;0.0301
29.11.1969;0.02893
30.11.1969;0.02893
1.12.1969;0.02893
2.12.1969;0.02893
3.12.1969;0.0301
4.12.1969;0.0301
5.12.1969;0.0301
6.12.1969;0.03125
7.12.1969;0.0544
8.12.1969;0.0868
9.12.1969;0.04862
10.12.1969;0.0544
11.12.1969;0.08448
12.12.1969;0.08102
13.12.1969;0.07523
14.12.1969;0.0706
15.12.1969;0.06945
16.12.1969;0.06365
17.12.1969;0.05903
18.12.1969;0.05555
19.12.1969;0.0544
20.12.1969;0.05208
21.12.1969;0.04977
22.12.1969;0.04862
23.12.1969;0.04745
24.12.1969;0.0463
25.12.1969;0.04862
26.12.1969;0.04862
27.12.1969;0.0463
28.12.1969;0.04513
29.12.1969;0.04398
30.12.1969;0.04398
31.12.1969;0.04167
1.01.1970;0.044
2.01.1970;0.044
3.01.1970;0.045
4.01.1970;0.045
5.01.1970;0.043
6.01.1970;0.07
7.01.1970;0.102
8.01.1970;0.105
9.01.1970;0.106
10.01.1970;0.103
11.01.1970;0.102
12.01.1970;0.10147
13.01.1970;0.092
14.01.1970;0.1
15.01.1970;0.175
16.01.1970;0.22
17.01.1970;0.67002
18.01.1970;0.85
19.01.1970;0.65995
20.01.1970;0.52998
21.01.1970;0.42998
22.01.1970;0.33
23.01.1970;0.275
24.01.1970;0.22
25.01.1970;0.27
26.01.1970;0.175
27.01.1970;0.2
28.01.1970;0.155
29.01.1970;0.142
30.01.1970;0.178
31.01.1970;0.133
1.02.1970;0.125
2.02.1970;0.142
3.02.1970;0.12
4.02.1970;0.115
5.02.1970;0.113
6.02.1970;0.18
7.02.1970;0.14
8.02.1970;0.155
9.02.1970;0.17698
10.02.1970;0.15
11.02.1970;0.155
12.02.1970;0.165
13.02.1970;0.132
14.02.1970;0.13
15.02.1970;0.13
16.02.1970;0.123
17.02.1970;0.155
18.02.1970;0.135
19.02.1970;0.113
20.02.1970;0.115
21.02.1970;0.11
22.02.1970;0.148
23.02.1970;0.117
24.02.1970;0.119
25.02.1970;0.091
26.02.1970;0.09
27.02.1970;0.09
28.02.1970;0.087
1.03.1970;0.1
2.03.1970;0.117
3.03.1970;0.09
4.03.1970;0.086
5.03.1970;0.092
6.03.1970;0.135
7.03.1970;0.103
8.03.1970;0.101
9.03.1970;0.108
10.03.1970;0.127
11.03.1970;0.15
12.03.1970;0.17
13.03.1970;0.26
14.03.1970;0.255
15.03.1970;0.285
16.03.1970;0.27
17.03.1970;0.33
18.03.1970;0.42998
19.03.1970;0.44005
20.03.1970;0.475
21.03.1970;0.55498
22.03.1970;0.54005
23.03.1970;0.60995
24.03.1970;0.7
25.03.1970;0.85995
26.03.1970;0.92998
27.03.1970;0.97002
28.03.1970;0.95
29.03.1970;0.92002
30.03.1970;0.9
31.03.1970;0.85
1.04.1970;0.77998
2.04.1970;0.74005
3.04.1970;0.72002
4.04.1970;0.7
5.04.1970;0.72002
6.04.1970;0.72998
7.04.1970;0.70995
8.04.1970;0.69005
9.04.1970;0.67998
10.04.1970;0.8
11.04.1970;0.89005
12.04.1970;0.85
13.04.1970;0.75
14.04.1970;0.7
15.04.1970;0.675
16.04.1970;0.62998
17.04.1970;0.57002
18.04.1970;0.52002
19.04.1970;0.47002
20.04.1970;0.325
21.04.1970;0.33
22.04.1970;0.27
23.04.1970;0.3
24.04.1970;0.24
25.04.1970;0.26
26.04.1970;0.28
27.04.1970;0.23
28.04.1970;0.24
29.04.1970;0.205
30.04.1970;0.25
1.05.1970;0.3
2.05.1970;0.29
3.05.1970;0.275
4.05.1970;0.28
5.05.1970;0.315
6.05.1970;0.28
7.05.1970;0.275
8.05.1970;0.275
9.05.1970;0.28
10.05.1970;0.32
11.05.1970;0.40995
12.05.1970;0.55
13.05.1970;0.57002
14.05.1970;0.54502
15.05.1970;0.52002
16.05.1970;0.47998
17.05.1970;0.45
18.05.1970;0.40995
19.05.1970;0.36
20.05.1970;0.33
21.05.1970;0.31
22.05.1970;0.29
23.05.1970;0.27
24.05.1970;0.23
25.05.1970;0.29
26.05.1970;0.21
27.05.1970;0.203
28.05.1970;0.251
29.05.1970;0.18
30.05.1970;0.165
31.05.1970;0.224
1.06.1970;0.16
2.06.1970;0.165
3.06.1970;0.211
4.06.1970;0.147
5.06.1970;0.258
6.06.1970;0.34
7.06.1970;0.34
8.06.1970;0.318
9.06.1970;0.3
10.06.1970;0.4
11.06.1970;0.57998
12.06.1970;0.85995
13.06.1970;0.87002
14.06.1970;0.75
15.06.1970;0.64005
16.06.1970;0.54005
17.06.1970;0.47998
18.06.1970;0.45498
19.06.1970;0.39005
20.06.1970;0.35
21.06.1970;0.315
22.06.1970;0.26
23.06.1970;0.25
24.06.1970;0.31
25.06.1970;0.305
26.06.1970;0.29
27.06.1970;0.28
28.06.1970;0.27
29.06.1970;0.23
30.06.1970;0.29
1.07.1970;0.28
2.07.1970;0.29
3.07.1970;0.41597
4.07.1970;0.55995
5.07.1970;0.525
6.07.1970;0.47002
7.07.1970;0.425
8.07.1970;0.37998
9.07.1970;0.33
10.07.1970;0.32
11.07.1970;0.3
12.07.1970;0.29
13.07.1970;0.23
14.07.1970;0.28
15.07.1970;0.23
16.07.1970;0.25
17.07.1970;0.21
18.07.1970;0.25
19.07.1970;0.25
20.07.1970;0.27
21.07.1970;0.21
22.07.1970;0.23
23.07.1970;0.173
24.07.1970;0.195
25.07.1970;0.18
26.07.1970;0.57002
27.07.1970;0.65995
28.07.1970;0.57998
29.07.1970;0.47998
30.07.1970;0.42998
31.07.1970;0.325
1.08.1970;0.35
2.08.1970;0.265
3.08.1970;0.295
4.08.1970;0.245
5.08.1970;0.235
6.08.1970;0.26
7.08.1970;0.215
8.08.1970;0.22
9.08.1970;0.19
10.08.1970;0.18
11.08.1970;0.22
12.08.1970;0.47002
13.08.1970;0.40995
14.08.1970;0.35
15.08.1970;0.312
16.08.1970;0.265
17.08.1970;0.36
18.08.1970;0.45
19.08.1970;0.55498
20.08.1970;0.49005
21.08.1970;0.42998
22.08.1970;0.39005
23.08.1970;0.37
24.08.1970;0.315
25.08.1970;0.3
26.08.1970;0.31
27.08.1970;0.25
28.08.1970;0.29
29.08.1970;0.25
30.08.1970;0.21
31.08.1970;0.23
1.09.1970;0.19
2.09.1970;0.155
3.09.1970;0.165
4.09.1970;0.19
5.09.1970;0.147
6.09.1970;0.145
7.09.1970;0.139
8.09.1970;0.145
9.09.1970;0.175
10.09.1970;0.13
11.09.1970;0.127
12.09.1970;0.16
13.09.1970;0.135
14.09.1970;0.13
15.09.1970;0.117
16.09.1970;0.115
17.09.1970;0.113
18.09.1970;0.111
19.09.1970;0.135
20.09.1970;0.145
21.09.1970;0.11
22.09.1970;0.105
23.09.1970;0.103
24.09.1970;0.102
25.09.1970;0.101
26.09.1970;0.098
27.09.1970;0.097
28.09.1970;0.096
29.09.1970;0.15
30.09.1970;0.11
1.10.1970;0.092
2.10.1970;0.09
3.10.1970;0.089
4.10.1970;0.086
5.10.1970;0.084
6.10.1970;0.11
7.10.1970;0.084
8.10.1970;0.08
9.10.1970;0.0785
10.10.1970;0.095
11.10.1970;0.078
12.10.1970;0.077
13.10.1970;0.077
14.10.1970;0.076
15.10.1970;0.097
16.10.1970;0.075
17.10.1970;0.072
18.10.1970;0.07
19.10.1970;0.068
20.10.1970;0.067
21.10.1970;0.068
22.10.1970;0.0675
23.10.1970;0.065
24.10.1970;0.08
25.10.1970;0.087
26.10.1970;0.0665
27.10.1970;0.065
28.10.1970;0.064
29.10.1970;0.0645
30.10.1970;0.063
31.10.1970;0.063
1.11.1970;0.062
2.11.1970;0.062
3.11.1970;0.062
4.11.1970;0.0615
5.11.1970;0.07
6.11.1970;0.095
7.11.1970;0.06
8.11.1970;0.059
9.11.1970;0.057
10.11.1970;0.058
11.11.1970;0.057
12.11.1970;0.057
13.11.1970;0.057
14.11.1970;0.0575
15.11.1970;0.058
16.11.1970;0.059
17.11.1970;0.06
18.11.1970;0.0575
19.11.1970;0.057
20.11.1970;0.1
21.11.1970;0.06
22.11.1970;0.067
23.11.1970;0.072
24.11.1970;0.068
25.11.1970;0.114
26.11.1970;0.067
27.11.1970;0.065
28.11.1970;0.064
29.11.1970;0.064
30.11.1970;0.123
1.12.1970;0.078
2.12.1970;0.064
3.12.1970;0.075
4.12.1970;0.085
5.12.1970;0.063
6.12.1970;0.063
7.12.1970;0.063
8.12.1970;0.092
9.12.1970;0.08
10.12.1970;0.065
11.12.1970;0.065
12.12.1970;0.065
13.12.1970;0.065
14.12.1970;0.066
15.12.1970;0.087
16.12.1970;0.115
17.12.1970;0.068
18.12.1970;0.067
19.12.1970;0.065
20.12.1970;0.103
21.12.1970;0.067
22.12.1970;0.067
23.12.1970;0.067
24.12.1970;0.067
25.12.1970;0.065
26.12.1970;0.066
27.12.1970;0.111
28.12.1970;0.07
29.12.1970;0.102
30.12.1970;0.145
31.12.1970;0.42998
1.01.1971;0.40995
2.01.1971;0.31
3.01.1971;0.27
4.01.1971;0.255
5.01.1971;0.22
6.01.1971;0.18
7.01.1971;0.225
8.01.1971;0.178
9.01.1971;0.15
10.01.1971;0.166
11.01.1971;0.188
12.01.1971;0.14
13.01.1971;0.137
14.01.1971;0.177
15.01.1971;0.148
16.01.1971;0.137
17.01.1971;0.136
18.01.1971;0.197
19.01.1971;0.136
20.01.1971;0.135
21.01.1971;0.164
22.01.1971;0.146
23.01.1971;0.207
24.01.1971;0.197
25.01.1971;0.225
26.01.1971;0.3
27.01.1971;0.37998
28.01.1971;0.37998
29.01.1971;0.47998
30.01.1971;0.47998
31.01.1971;0.47002
1.02.1971;0.45995
2.02.1971;0.65
3.02.1971;0.70995
4.02.1971;0.67998
5.02.1971;0.6
6.02.1971;0.52002
7.02.1971;0.47002
8.02.1971;0.44005
9.02.1971;0.4
10.02.1971;0.34
11.02.1971;0.29
12.02.1971;0.345
13.02.1971;0.27
14.02.1971;0.286
15.02.1971;0.275
16.02.1971;0.26
17.02.1971;0.32
18.02.1971;0.36
19.02.1971;0.39005
20.02.1971;0.4
21.02.1971;0.4
22.02.1971;0.4
23.02.1971;0.4
24.02.1971;0.37998
25.02.1971;0.365
26.02.1971;0.34
27.02.1971;0.32
28.02.1971;0.305
1.03.1971;0.28
2.03.1971;0.26
3.03.1971;0.25
4.03.1971;0.24
5.03.1971;0.225
6.03.1971;0.22
7.03.1971;0.21
8.03.1971;0.18
9.03.1971;0.159
10.03.1971;0.186
11.03.1971;0.19
12.03.1971;0.145
13.03.1971;0.155
14.03.1971;0.2
15.03.1971;0.14
16.03.1971;0.14
17.03.1971;0.145
18.03.1971;0.23
19.03.1971;0.18
20.03.1971;0.255
21.03.1971;0.3
22.03.1971;0.325
23.03.1971;0.32
24.03.1971;0.285
25.03.1971;0.265
26.03.1971;0.255
27.03.1971;0.24
28.03.1971;0.22
29.03.1971;0.18
30.03.1971;0.22
31.03.1971;0.165
1.04.1971;0.185
2.04.1971;0.2
3.04.1971;0.155
4.04.1971;0.16
5.04.1971;0.16
6.04.1971;0.137
7.04.1971;0.165
8.04.1971;0.18
9.04.1971;0.15
10.04.1971;0.24
11.04.1971;0.18
12.04.1971;0.178
13.04.1971;0.139
14.04.1971;0.197
15.04.1971;0.145
16.04.1971;0.132
17.04.1971;0.2
18.04.1971;0.155
19.04.1971;0.124
20.04.1971;0.147
21.04.1971;0.162
22.04.1971;0.119
23.04.1971;0.119
24.04.1971;0.128
25.04.1971;0.15
26.04.1971;0.118
27.04.1971;0.155
28.04.1971;0.117
29.04.1971;0.146
30.04.1971;0.135
1.05.1971;0.136
2.05.1971;0.22
3.05.1971;0.40995
4.05.1971;0.37998
5.05.1971;0.35
6.05.1971;0.32
7.05.1971;0.31
8.05.1971;0.29
9.05.1971;0.28
10.05.1971;0.27
11.05.1971;0.255
12.05.1971;0.2507
13.05.1971;0.205
14.05.1971;0.22
15.05.1971;0.24
16.05.1971;0.208
17.05.1971;0.185
18.05.1971;0.163
19.05.1971;0.21
20.05.1971;0.148
21.05.1971;0.195
22.05.1971;0.15
23.05.1971;0.135
24.05.1971;0.192
25.05.1971;0.135
26.05.1971;0.124
27.05.1971;0.169
28.05.1971;0.13
29.05.1971;0.163
30.05.1971;0.175
31.05.1971;0.165
1.06.1971;0.149
2.06.1971;0.116
3.06.1971;0.15
4.06.1971;0.145
5.06.1971;0.132
6.06.1971;0.126
7.06.1971;0.103
8.06.1971;0.14
9.06.1971;0.115
10.06.1971;0.1
11.06.1971;0.135
12.06.1971;0.095
13.06.1971;0.092
14.06.1971;0.125
15.06.1971;0.11
16.06.1971;0.089
17.06.1971;0.085
18.06.1971;0.085
19.06.1971;0.096
20.06.1971;0.115
21.06.1971;0.083
22.06.1971;0.079
23.06.1971;0.079
24.06.1971;0.092
25.06.1971;0.094
26.06.1971;0.077
27.06.1971;0.075
28.06.1971;0.073
29.06.1971;0.072
30.06.1971;0.072
1.07.1971;0.12
2.07.1971;0.075
3.07.1971;0.071
4.07.1971;0.07
5.07.1971;0.069
6.07.1971;0.068
7.07.1971;0.065
8.07.1971;0.077
9.07.1971;0.094
10.07.1971;0.065
11.07.1971;0.064
12.07.1971;0.064
13.07.1971;0.061
14.07.1971;0.06
15.07.1971;0.06
16.07.1971;0.061
17.07.1971;0.09788
18.07.1971;0.062
19.07.1971;0.063
20.07.1971;0.062
21.07.1971;0.06
22.07.1971;0.059
23.07.1971;0.059
24.07.1971;0.0585
25.07.1971;0.063
26.07.1971;0.092
27.07.1971;0.058
28.07.1971;0.057
29.07.1971;0.0565
30.07.1971;0.056
31.07.1971;0.056
1.08.1971;0.057
2.08.1971;0.059
3.08.1971;0.058
4.08.1971;0.058
5.08.1971;0.0575
6.08.1971;0.057
7.08.1971;0.057
8.08.1971;0.0565
9.08.1971;0.056
10.08.1971;0.0565
11.08.1971;0.117
12.08.1971;0.057
13.08.1971;0.055
14.08.1971;0.0525
15.08.1971;0.051
16.08.1971;0.05
17.08.1971;0.07
18.08.1971;0.047
19.08.1971;0.047
20.08.1971;0.046
21.08.1971;0.046
22.08.1971;0.047
23.08.1971;0.048
24.08.1971;0.048
25.08.1971;0.048
26.08.1971;0.048
27.08.1971;0.048
28.08.1971;0.048
29.08.1971;0.0475
30.08.1971;0.0475
31.08.1971;0.0475
1.09.1971;0.046
2.09.1971;0.097
3.09.1971;0.049
4.09.1971;0.046
5.09.1971;0.045
6.09.1971;0.045
7.09.1971;0.045
8.09.1971;0.066
9.09.1971;0.047
10.09.1971;0.045
11.09.1971;0.045
12.09.1971;0.045
13.09.1971;0.045
14.09.1971;0.044
15.09.1971;0.044
16.09.1971;0.0435
17.09.1971;0.043
18.09.1971;0.043
19.09.1971;0.043
20.09.1971;0.043
21.09.1971;0.0425
22.09.1971;0.042
23.09.1971;0.042
24.09.1971;0.063
25.09.1971;0.042
26.09.1971;0.042
27.09.1971;0.053
28.09.1971;0.042
29.09.1971;0.041
30.09.1971;0.041
1.10.1971;0.04
2.10.1971;0.039
3.10.1971;0.039
4.10.1971;0.039
5.10.1971;0.04
6.10.1971;0.0395
7.10.1971;0.039
8.10.1971;0.039
9.10.1971;0.0385
10.10.1971;0.038
11.10.1971;0.038
12.10.1971;0.038
13.10.1971;0.038
14.10.1971;0.0375
15.10.1971;0.0375
16.10.1971;0.037
17.10.1971;0.036
18.10.1971;0.0355
19.10.1971;0.035
20.10.1971;0.035
21.10.1971;0.0355
22.10.1971;0.0355
23.10.1971;0.035
24.10.1971;0.035
25.10.1971;0.035
26.10.1971;0.0355
27.10.1971;0.036
28.10.1971;0.036
29.10.1971;0.071
30.10.1971;0.035
31.10.1971;0.035
1.11.1971;0.034
2.11.1971;0.033
3.11.1971;0.033
4.11.1971;0.033
5.11.1971;0.033
6.11.1971;0.033
7.11.1971;0.033
8.11.1971;0.033
9.11.1971;0.033
10.11.1971;0.052
11.11.1971;0.0335
12.11.1971;0.033
13.11.1971;0.0325
14.11.1971;0.032
15.11.1971;0.032
16.11.1971;0.0325
17.11.1971;0.033
18.11.1971;0.033
19.11.1971;0.0335
20.11.1971;0.0335
21.11.1971;0.032
22.11.1971;0.032
23.11.1971;0.0319
24.11.1971;0.032
25.11.1971;0.031
26.11.1971;0.031
27.11.1971;0.03
28.11.1971;0.03
29.11.1971;0.031
30.11.1971;0.031
1.12.1971;0.031
2.12.1971;0.031
3.12.1971;0.031
4.12.1971;0.031
5.12.1971;0.0315
6.12.1971;0.031
7.12.1971;0.031
8.12.1971;0.0319
9.12.1971;0.0315
10.12.1971;0.0315
11.12.1971;0.031
12.12.1971;0.031
13.12.1971;0.031
14.12.1971;0.031
15.12.1971;0.032
16.12.1971;0.042
17.12.1971;0.05
18.12.1971;0.031
19.12.1971;0.0305
20.12.1971;0.03
21.12.1971;0.03
22.12.1971;0.0305
23.12.1971;0.031
24.12.1971;0.031
25.12.1971;0.0315
26.12.1971;0.0315
27.12.1971;0.031
28.12.1971;0.03
29.12.1971;0.0305
30.12.1971;0.031
31.12.1971;0.0305
1.01.1972;0.032
2.01.1972;0.035
3.01.1972;0.046
4.01.1972;0.043
5.01.1972;0.031
6.01.1972;0.031
7.01.1972;0.03
8.01.1972;0.029
9.01.1972;0.028
10.01.1972;0.027
11.01.1972;0.027
12.01.1972;0.027
13.01.1972;0.027
14.01.1972;0.027
15.01.1972;0.028
16.01.1972;0.028
17.01.1972;0.028
18.01.1972;0.028
19.01.1972;0.028
20.01.1972;0.028
21.01.1972;0.028
22.01.1972;0.027
23.01.1972;0.027
24.01.1972;0.027
25.01.1972;0.026
26.01.1972;0.026
27.01.1972;0.026
28.01.1972;0.026
29.01.1972;0.026
30.01.1972;0.028
31.01.1972;0.034
1.02.1972;0.042
2.02.1972;0.037
3.02.1972;0.034
4.02.1972;0.032
5.02.1972;0.031
6.02.1972;0.03
7.02.1972;0.03
8.02.1972;0.03
9.02.1972;0.03
10.02.1972;0.034
11.02.1972;0.042
12.02.1972;0.065
13.02.1972;0.055
14.02.1972;0.048
15.02.1972;0.044
16.02.1972;0.043
17.02.1972;0.042
18.02.1972;0.041
19.02.1972;0.085
20.02.1972;0.042
21.02.1972;0.039
22.02.1972;0.038
23.02.1972;0.038
24.02.1972;0.038
25.02.1972;0.053
26.02.1972;0.061
27.02.1972;0.041
28.02.1972;0.04
29.02.1972;0.04
1.03.1972;0.04
2.03.1972;0.04
3.03.1972;0.039
4.03.1972;0.039
5.03.1972;0.038
6.03.1972;0.038
7.03.1972;0.053
8.03.1972;0.066
9.03.1972;0.038
10.03.1972;0.047
11.03.1972;0.036
12.03.1972;0.035
13.03.1972;0.035
14.03.1972;0.035
15.03.1972;0.035
16.03.1972;0.035
17.03.1972;0.05
18.03.1972;0.064
19.03.1972;0.036
20.03.1972;0.037
21.03.1972;0.036
22.03.1972;0.036
23.03.1972;0.036
24.03.1972;0.037
25.03.1972;0.037
26.03.1972;0.037
27.03.1972;0.037
28.03.1972;0.038
29.03.1972;0.07
30.03.1972;0.037
31.03.1972;0.036
1.04.1972;0.035
2.04.1972;0.035
3.04.1972;0.035
4.04.1972;0.035
5.04.1972;0.035
6.04.1972;0.035
7.04.1972;0.035
8.04.1972;0.035
9.04.1972;0.035
10.04.1972;0.035
11.04.1972;0.035
12.04.1972;0.035
13.04.1972;0.035
14.04.1972;0.035
15.04.1972;0.045
16.04.1972;0.085
17.04.1972;0.146
18.04.1972;0.097
19.04.1972;0.11
20.04.1972;0.146
21.04.1972;0.185
22.04.1972;0.11
23.04.1972;0.112
24.04.1972;0.22
25.04.1972;0.25
26.04.1972;0.205
27.04.1972;0.184
28.04.1972;0.145
29.04.1972;0.126
30.04.1972;0.176
1.05.1972;0.141
2.05.1972;0.1
3.05.1972;0.095
4.05.1972;0.154
5.05.1972;0.095
6.05.1972;0.087
7.05.1972;0.116
8.05.1972;0.095
9.05.1972;0.095
10.05.1972;0.146
11.05.1972;0.131
12.05.1972;0.225
13.05.1972;0.33
14.05.1972;0.315
15.05.1972;0.29
16.05.1972;0.33
17.05.1972;0.85498
18.05.1972;104.005
19.05.1972;0.97998
20.05.1972;0.9
21.05.1972;0.87998
22.05.1972;0.75995
23.05.1972;0.67002
24.05.1972;0.6
25.05.1972;0.50995
26.05.1972;0.42998
27.05.1972;0.37998
28.05.1972;0.33
29.05.1972;0.29
30.05.1972;0.255
31.05.1972;0.211
1.06.1972;0.25
2.06.1972;0.25
3.06.1972;0.24
4.06.1972;0.225
5.06.1972;0.215
6.06.1972;0.19
7.06.1972;0.155
8.06.1972;0.206
9.06.1972;0.148
10.06.1972;0.167
11.06.1972;0.132
12.06.1972;0.133
13.06.1972;0.16
14.06.1972;0.143
15.06.1972;0.129
16.06.1972;0.112
17.06.1972;0.107
18.06.1972;0.121
19.06.1972;0.135
20.06.1972;0.111
21.06.1972;0.104
22.06.1972;0.097
23.06.1972;0.104
24.06.1972;0.104
25.06.1972;0.088
26.06.1972;0.087
27.06.1972;0.126
28.06.1972;0.088
29.06.1972;0.086
30.06.1972;0.091
1.07.1972;0.138
2.07.1972;0.092
3.07.1972;0.089
4.07.1972;0.097
5.07.1972;0.111
6.07.1972;0.086
7.07.1972;0.083
8.07.1972;0.082
9.07.1972;0.06843
10.07.1972;0.078
11.07.1972;0.131
12.07.1972;0.093
13.07.1972;0.078
14.07.1972;0.076
15.07.1972;0.079
16.07.1972;0.099
17.07.1972;0.07
18.07.1972;0.085
19.07.1972;0.07
20.07.1972;0.068
21.07.1972;0.066
22.07.1972;0.0647
23.07.1972;0.062
24.07.1972;0.061
25.07.1972;0.06
26.07.1972;0.062
27.07.1972;0.115
28.07.1972;0.068
29.07.1972;0.06
30.07.1972;0.059
31.07.1972;0.059
1.08.1972;0.057
2.08.1972;0.058
3.08.1972;0.058
4.08.1972;0.058
5.08.1972;0.056
6.08.1972;0.056
7.08.1972;0.09
8.08.1972;0.067
9.08.1972;0.055
10.08.1972;0.055
11.08.1972;0.054
12.08.1972;0.053
13.08.1972;0.052
14.08.1972;0.052
15.08.1972;0.052
16.08.1972;0.052
17.08.1972;0.052
18.08.1972;0.052
19.08.1972;0.052
20.08.1972;0.093
21.08.1972;0.052
22.08.1972;0.051
23.08.1972;0.05
24.08.1972;0.05
25.08.1972;0.049
26.08.1972;0.049
27.08.1972;0.049
28.08.1972;0.048
29.08.1972;0.047
30.08.1972;0.047
31.08.1972;0.046
1.09.1972;0.046
2.09.1972;0.045
3.09.1972;0.045
4.09.1972;0.045
5.09.1972;0.043
6.09.1972;0.043
7.09.1972;0.043
8.09.1972;0.043
9.09.1972;0.043
10.09.1972;0.043
11.09.1972;0.047
12.09.1972;0.048
13.09.1972;0.091
14.09.1972;0.043
15.09.1972;0.043
16.09.1972;0.043
17.09.1972;0.043
18.09.1972;0.043
19.09.1972;0.042
20.09.1972;0.042
21.09.1972;0.042
22.09.1972;0.042
23.09.1972;0.042
24.09.1972;0.08
25.09.1972;0.056
26.09.1972;0.041
27.09.1972;0.042
28.09.1972;0.042
29.09.1972;0.042
30.09.1972;0.042
1.10.1972;0.042
2.10.1972;0.042
3.10.1972;0.042
4.10.1972;0.042
5.10.1972;0.042
6.10.1972;0.042
7.10.1972;0.041
8.10.1972;0.041
9.10.1972;0.041
10.10.1972;0.04
11.10.1972;0.04
12.10.1972;0.04
13.10.1972;0.084
14.10.1972;0.042
15.10.1972;0.04
16.10.1972;0.04
17.10.1972;0.039
18.10.1972;0.039
19.10.1972;0.039
20.10.1972;0.039
21.10.1972;0.039
22.10.1972;0.039
23.10.1972;0.045
24.10.1972;0.059
25.10.1972;0.038
26.10.1972;0.038
27.10.1972;0.038
28.10.1972;0.038
29.10.1972;0.037
30.10.1972;0.037
31.10.1972;0.037
1.11.1972;0.037
2.11.1972;0.037
3.11.1972;0.037
4.11.1972;0.037
5.11.1972;0.037
6.11.1972;0.037
7.11.1972;0.037
8.11.1972;0.037
9.11.1972;0.037
10.11.1972;0.037
11.11.1972;0.037
12.11.1972;0.037
13.11.1972;0.037
14.11.1972;0.037
15.11.1972;0.037
16.11.1972;0.036
17.11.1972;0.036
18.11.1972;0.036
19.11.1972;0.07
20.11.1972;0.037
21.11.1972;0.037
22.11.1972;0.037
23.11.1972;0.037
24.11.1972;0.037
25.11.1972;0.037
26.11.1972;0.037
27.11.1972;0.037
28.11.1972;0.036
29.11.1972;0.036
30.11.1972;0.037
1.12.1972;0.037
2.12.1972;0.037
3.12.1972;0.038
4.12.1972;0.038
5.12.1972;0.037
6.12.1972;0.037
7.12.1972;0.036
8.12.1972;0.038
9.12.1972;0.037
10.12.1972;0.037
11.12.1972;0.036
12.12.1972;0.036
13.12.1972;0.036
14.12.1972;0.036
15.12.1972;0.036
16.12.1972;0.036
17.12.1972;0.036
18.12.1972;0.036
19.12.1972;0.035
20.12.1972;0.035
21.12.1972;0.036
22.12.1972;0.036
23.12.1972;0.036
24.12.1972;0.036
25.12.1972;0.036
26.12.1972;0.035
27.12.1972;0.035
28.12.1972;0.035
29.12.1972;0.035
30.12.1972;0.035
31.12.1972;0.035
1.01.1973;0.035
2.01.1973;0.035
3.01.1973;0.035
4.01.1973;0.035
5.01.1973;0.035
6.01.1973;0.082
7.01.1973;0.035
8.01.1973;0.035
9.01.1973;0.035
10.01.1973;0.035
11.01.1973;0.035
12.01.1973;0.035
13.01.1973;0.034
14.01.1973;0.034
15.01.1973;0.057
16.01.1973;0.034
17.01.1973;0.034
18.01.1973;0.034
19.01.1973;0.034
20.01.1973;0.034
21.01.1973;0.034
22.01.1973;0.034
23.01.1973;0.034
24.01.1973;0.04
25.01.1973;0.039
26.01.1973;0.036
27.01.1973;0.035
28.01.1973;0.035
29.01.1973;0.034
30.01.1973;0.035
31.01.1973;0.035
1.02.1973;0.034
2.02.1973;0.034
3.02.1973;0.033
4.02.1973;0.033
5.02.1973;0.033
6.02.1973;0.033
7.02.1973;0.033
8.02.1973;0.033
9.02.1973;0.032
10.02.1973;0.032
11.02.1973;0.038
12.02.1973;0.039
13.02.1973;0.08
14.02.1973;0.037
15.02.1973;0.041
16.02.1973;0.068
17.02.1973;0.072
18.02.1973;0.087
19.02.1973;0.112
20.02.1973;0.072
21.02.1973;0.07
22.02.1973;0.07
23.02.1973;0.069
24.02.1973;0.115
25.02.1973;0.08
26.02.1973;0.066
27.02.1973;0.063
28.02.1973;0.068
1.03.1973;0.061
2.03.1973;0.06
3.03.1973;0.059
4.03.1973;0.059
5.03.1973;0.067
6.03.1973;0.115
7.03.1973;0.02965
8.03.1973;0.061
9.03.1973;0.056
10.03.1973;0.053
11.03.1973;0.053
12.03.1973;0.052
13.03.1973;0.052
14.03.1973;0.052
15.03.1973;0.052
16.03.1973;0.051
17.03.1973;0.092
18.03.1973;0.05
19.03.1973;0.05
20.03.1973;0.048
21.03.1973;0.048
22.03.1973;0.048
23.03.1973;0.046
24.03.1973;0.045
25.03.1973;0.085
26.03.1973;0.046
27.03.1973;0.046
28.03.1973;0.046
29.03.1973;0.046
30.03.1973;0.046
31.03.1973;0.046
1.04.1973;0.046
2.04.1973;0.046
3.04.1973;0.046
4.04.1973;0.046
5.04.1973;0.045
6.04.1973;0.045
7.04.1973;0.045
8.04.1973;0.042
9.04.1973;0.041
10.04.1973;0.09
11.04.1973;0.06
12.04.1973;0.042
13.04.1973;0.041
14.04.1973;0.043
15.04.1973;0.065
16.04.1973;0.082
17.04.1973;0.13
18.04.1973;0.137
19.04.1973;0.112
20.04.1973;0.108
21.04.1973;0.086
22.04.1973;0.125
23.04.1973;0.125
24.04.1973;0.118
25.04.1973;0.103
26.04.1973;0.145
27.04.1973;0.105
28.04.1973;0.128
29.04.1973;0.092
30.04.1973;0.125
1.05.1973;0.083
2.05.1973;0.084
3.05.1973;0.084
4.05.1973;0.079
5.05.1973;0.085
6.05.1973;0.143
7.05.1973;0.091
8.05.1973;0.083
9.05.1973;0.072
10.05.1973;0.07
11.05.1973;0.069
12.05.1973;0.067
13.05.1973;0.105
14.05.1973;0.064
15.05.1973;0.06
16.05.1973;0.061
17.05.1973;0.059
18.05.1973;0.103
19.05.1973;0.058
20.05.1973;0.059
21.05.1973;0.056
22.05.1973;0.085
23.05.1973;0.052
24.05.1973;0.052
25.05.1973;0.051
26.05.1973;0.05
27.05.1973;0.05
28.05.1973;0.05
29.05.1973;0.05
30.05.1973;0.05
31.05.1973;0.05
1.06.1973;0.09
2.06.1973;0.051
3.06.1973;0.058
4.06.1973;0.047
5.06.1973;0.046
6.06.1973;0.047
7.06.1973;0.047
8.06.1973;0.048
9.06.1973;0.048
10.06.1973;0.075
11.06.1973;0.044
12.06.1973;0.042
13.06.1973;0.041
14.06.1973;0.04
15.06.1973;0.04
16.06.1973;0.04
17.06.1973;0.04
18.06.1973;0.04
19.06.1973;0.073
20.06.1973;0.05
21.06.1973;0.042
22.06.1973;0.04
23.06.1973;0.04
24.06.1973;0.039
25.06.1973;0.039
26.06.1973;0.039
27.06.1973;0.038
28.06.1973;0.038
29.06.1973;0.038
30.06.1973;0.038
1.07.1973;0.067
2.07.1973;0.038
3.07.1973;0.038
4.07.1973;0.038
5.07.1973;0.038
6.07.1973;0.036
7.07.1973;0.035
8.07.1973;0.035
9.07.1973;0.035
10.07.1973;0.035
11.07.1973;0.035
12.07.1973;0.034
13.07.1973;0.034
14.07.1973;0.034
15.07.1973;0.034
16.07.1973;0.073
17.07.1973;0.06
18.07.1973;0.034
19.07.1973;0.043
20.07.1973;0.033
21.07.1973;0.032
22.07.1973;0.032
23.07.1973;0.032
24.07.1973;0.032
25.07.1973;0.032
26.07.1973;0.032
27.07.1973;0.05
28.07.1973;0.034
29.07.1973;0.032
30.07.1973;0.032
31.07.1973;0.033
1.08.1973;0.034
2.08.1973;0.034
3.08.1973;0.034
4.08.1973;0.034
5.08.1973;0.034
6.08.1973;0.072
7.08.1973;0.053
8.08.1973;0.034
9.08.1973;0.034
10.08.1973;0.034
11.08.1973;0.032
12.08.1973;0.031
13.08.1973;0.031
14.08.1973;0.031
15.08.1973;0.031
16.08.1973;0.031
17.08.1973;0.031
18.08.1973;0.031
19.08.1973;0.06
20.08.1973;0.032
21.08.1973;0.032
22.08.1973;0.032
23.08.1973;0.032
24.08.1973;0.032
25.08.1973;0.032
26.08.1973;0.032
27.08.1973;0.031
28.08.1973;0.031
29.08.1973;0.031
30.08.1973;0.031
31.08.1973;0.031
1.09.1973;0.031
2.09.1973;0.031
3.09.1973;0.031
4.09.1973;0.031
5.09.1973;0.031
6.09.1973;0.031
7.09.1973;0.031
8.09.1973;0.031
9.09.1973;0.06
10.09.1973;0.032
11.09.1973;0.032
12.09.1973;0.032
13.09.1973;0.032
14.09.1973;0.032
15.09.1973;0.032
16.09.1973;0.032
17.09.1973;0.031
18.09.1973;0.031
19.09.1973;0.031
20.09.1973;0.031
21.09.1973;0.05
22.09.1973;0.03
23.09.1973;0.03
24.09.1973;0.03
25.09.1973;0.03
26.09.1973;0.03
27.09.1973;0.03
28.09.1973;0.03
29.09.1973;0.03
30.09.1973;0.03
1.10.1973;0.03
2.10.1973;0.029
3.10.1973;0.029
4.10.1973;0.029
5.10.1973;0.029
6.10.1973;0.029
7.10.1973;0.029
8.10.1973;0.029
9.10.1973;0.029
10.10.1973;0.028
11.10.1973;0.028
12.10.1973;0.028
13.10.1973;0.028
14.10.1973;0.028
15.10.1973;0.028
16.10.1973;0.05
17.10.1973;0.029
18.10.1973;0.029
19.10.1973;0.028
20.10.1973;0.028
21.10.1973;0.027
22.10.1973;0.026
23.10.1973;0.026
24.10.1973;0.026
25.10.1973;0.026
26.10.1973;0.025
27.10.1973;0.025
28.10.1973;0.025
29.10.1973;0.025
30.10.1973;0.025
31.10.1973;0.025
1.11.1973;0.025
2.11.1973;0.025
3.11.1973;0.025
4.11.1973;0.025
5.11.1973;0.025
6.11.1973;0.048
7.11.1973;0.028
8.11.1973;0.028
9.11.1973;0.028
10.11.1973;0.028
11.11.1973;0.028
12.11.1973;0.026
13.11.1973;0.027
14.11.1973;0.027
15.11.1973;0.027
16.11.1973;0.027
17.11.1973;0.026
18.11.1973;0.026
19.11.1973;0.026
20.11.1973;0.026
21.11.1973;0.026
22.11.1973;0.026
23.11.1973;0.025
24.11.1973;0.025
25.11.1973;0.024
26.11.1973;0.024
27.11.1973;0.024
28.11.1973;0.024
29.11.1973;0.024
30.11.1973;0.023
1.12.1973;0.023
2.12.1973;0.023
3.12.1973;0.023
4.12.1973;0.024
5.12.1973;0.023
6.12.1973;0.023
7.12.1973;0.024
8.12.1973;0.024
9.12.1973;0.024
10.12.1973;0.023
11.12.1973;0.023
12.12.1973;0.023
13.12.1973;0.042
14.12.1973;0.03
15.12.1973;0.024
16.12.1973;0.024
17.12.1973;0.024
18.12.1973;0.024
19.12.1973;0.024
20.12.1973;0.024
21.12.1973;0.024
22.12.1973;0.024
23.12.1973;0.024
24.12.1973;0.024
25.12.1973;0.024
26.12.1973;0.025
27.12.1973;0.026
28.12.1973;0.025
29.12.1973;0.025
30.12.1973;0.025
31.12.1973;0.025
1.01.1974;0.025
2.01.1974;0.025
3.01.1974;0.026
4.01.1974;0.026
5.01.1974;0.027
6.01.1974;0.027
7.01.1974;0.027
8.01.1974;0.027
9.01.1974;0.027
10.01.1974;0.026
11.01.1974;0.026
12.01.1974;0.026
13.01.1974;0.025
14.01.1974;0.025
15.01.1974;0.02402
16.01.1974;0.02402
17.01.1974;0.02402
18.01.1974;0.02402
19.01.1974;0.02402
20.01.1974;0.02402
21.01.1974;0.02402
22.01.1974;0.02402
23.01.1974;0.02402
24.01.1974;0.02402
25.01.1974;0.02402
26.01.1974;0.02402
27.01.1974;0.02402
28.01.1974;0.02402
29.01.1974;0.02402
30.01.1974;0.02402
31.01.1974;0.02402
1.02.1974;0.02402
2.02.1974;0.02402
3.02.1974;0.025
4.02.1974;0.026
5.02.1974;0.027
6.02.1974;0.027
7.02.1974;0.064
8.02.1974;0.093
9.02.1974;0.13
10.02.1974;0.065
11.02.1974;0.054
12.02.1974;0.055
13.02.1974;0.065
14.02.1974;0.105
15.02.1974;0.055
16.02.1974;0.053
17.02.1974;0.088
18.02.1974;0.055
19.02.1974;0.05
20.02.1974;0.076
21.02.1974;0.057
22.02.1974;0.055
23.02.1974;0.053
24.02.1974;0.05
25.02.1974;0.05
26.02.1974;0.049
27.02.1974;0.046
28.02.1974;0.046
1.03.1974;0.045
2.03.1974;0.044
3.03.1974;0.041
4.03.1974;0.041
5.03.1974;0.043
6.03.1974;0.043
7.03.1974;0.043
8.03.1974;0.041
9.03.1974;0.043
10.03.1974;0.042
11.03.1974;0.041
12.03.1974;0.04
13.03.1974;0.043
14.03.1974;0.041
15.03.1974;0.04
16.03.1974;0.039
17.03.1974;0.039
18.03.1974;0.039
19.03.1974;0.038
20.03.1974;0.039
21.03.1974;0.038
22.03.1974;0.038
23.03.1974;0.0368
24.03.1974;0.0368
25.03.1974;0.036
26.03.1974;0.035
27.03.1974;0.035
28.03.1974;0.035
29.03.1974;0.035
30.03.1974;0.034
31.03.1974;0.036
1.04.1974;0.035
2.04.1974;0.035
3.04.1974;0.035
4.04.1974;0.035
5.04.1974;0.035
6.04.1974;0.035
7.04.1974;0.035
8.04.1974;0.035
9.04.1974;0.034
10.04.1974;0.034
11.04.1974;0.034
12.04.1974;0.034
13.04.1974;0.034
14.04.1974;0.034
15.04.1974;0.033
16.04.1974;0.033
17.04.1974;0.032
18.04.1974;0.031
19.04.1974;0.033
20.04.1974;0.031
21.04.1974;0.03
22.04.1974;0.03
23.04.1974;0.029
24.04.1974;0.029
25.04.1974;0.03
26.04.1974;0.03
27.04.1974;0.03
28.04.1974;0.03
29.04.1974;0.029
30.04.1974;0.028
1.05.1974;0.028
2.05.1974;0.029
3.05.1974;0.028
4.05.1974;0.028
5.05.1974;0.03
6.05.1974;0.037
7.05.1974;0.05
8.05.1974;0.063
9.05.1974;0.073
10.05.1974;0.076
11.05.1974;0.077
12.05.1974;0.077
13.05.1974;0.07
14.05.1974;0.065
15.05.1974;0.153
16.05.1974;0.37
17.05.1974;0.57998
18.05.1974;0.55
19.05.1974;0.45
20.05.1974;0.36
21.05.1974;0.285
22.05.1974;0.252
23.05.1974;0.218
24.05.1974;0.153
25.05.1974;0.168
26.05.1974;0.135
27.05.1974;0.145
28.05.1974;0.113
29.05.1974;0.124
30.05.1974;0.132
31.05.1974;0.093
1.06.1974;0.09
2.06.1974;0.125
3.06.1974;0.082
4.06.1974;0.08
5.06.1974;0.079
6.06.1974;0.117
7.06.1974;0.077
8.06.1974;0.074
9.06.1974;0.07
10.06.1974;0.069
11.06.1974;0.07
12.06.1974;0.07
13.06.1974;0.088
14.06.1974;0.127
15.06.1974;0.075
16.06.1974;0.072
17.06.1974;0.074
18.06.1974;0.118
19.06.1974;0.095
20.06.1974;0.085
21.06.1974;0.115
22.06.1974;0.118
23.06.1974;0.084
24.06.1974;0.085
25.06.1974;0.152
26.06.1974;0.12
27.06.1974;0.126
28.06.1974;0.148
29.06.1974;0.107
30.06.1974;0.1
1.07.1974;0.14
2.07.1974;0.1
3.07.1974;0.1
4.07.1974;0.087
5.07.1974;0.082
6.07.1974;0.08
7.07.1974;0.08
8.07.1974;0.08
9.07.1974;0.132
10.07.1974;0.075
11.07.1974;0.07
12.07.1974;0.067
13.07.1974;0.065
14.07.1974;0.068
15.07.1974;0.106
16.07.1974;0.062
17.07.1974;0.06
18.07.1974;0.06
19.07.1974;0.061
20.07.1974;0.057
21.07.1974;0.056
22.07.1974;0.056
23.07.1974;0.057
24.07.1974;0.107
25.07.1974;0.056
26.07.1974;0.052
27.07.1974;0.05
28.07.1974;0.052
29.07.1974;0.05
30.07.1974;0.074
31.07.1974;0.05
1.08.1974;0.049
2.08.1974;0.048
3.08.1974;0.048
4.08.1974;0.047
5.08.1974;0.047
6.08.1974;0.045
7.08.1974;0.058
8.08.1974;0.082
9.08.1974;0.042
10.08.1974;0.042
11.08.1974;0.04
12.08.1974;0.041
13.08.1974;0.042
14.08.1974;0.041
15.08.1974;0.04
16.08.1974;0.04
17.08.1974;0.04
18.08.1974;0.038
19.08.1974;0.037
20.08.1974;0.037
21.08.1974;0.037
22.08.1974;0.075
23.08.1974;0.038
24.08.1974;0.037
25.08.1974;0.035
26.08.1974;0.035
27.08.1974;0.035
28.08.1974;0.035
29.08.1974;0.035
30.08.1974;0.034
31.08.1974;0.034
1.09.1974;0.034
2.09.1974;0.034
3.09.1974;0.034
4.09.1974;0.034
5.09.1974;0.034
6.09.1974;0.034
7.09.1974;0.034
8.09.1974;0.055
9.09.1974;0.046
10.09.1974;0.032
11.09.1974;0.032
12.09.1974;0.032
13.09.1974;0.032
14.09.1974;0.05
15.09.1974;0.032
16.09.1974;0.032
17.09.1974;0.032
18.09.1974;0.033
19.09.1974;0.033
20.09.1974;0.032
21.09.1974;0.032
22.09.1974;0.033
23.09.1974;0.032
24.09.1974;0.03
25.09.1974;0.03
26.09.1974;0.03
27.09.1974;0.03
28.09.1974;0.03
29.09.1974;0.03
30.09.1974;0.03
1.10.1974;0.031
2.10.1974;0.03
3.10.1974;0.03
4.10.1974;0.03
5.10.1974;0.03
6.10.1974;0.036
7.10.1974;0.075
8.10.1974;0.068
9.10.1974;0.049
10.10.1974;0.046
11.10.1974;0.045
12.10.1974;0.044
13.10.1974;0.056
14.10.1974;0.183
15.10.1974;0.47998
16.10.1974;0.67998
17.10.1974;0.47998
18.10.1974;0.29
19.10.1974;0.19667
20.10.1974;0.172
21.10.1974;0.97002
22.10.1974;114.005
23.10.1974;114.005
24.10.1974;114.005
25.10.1974;114.005
26.10.1974;1.Jan
27.10.1974;0.90995
28.10.1974;0.65995
29.10.1974;0.56505
30.10.1974;0.52002
31.10.1974;0.475
1.11.1974;0.45
2.11.1974;0.42002
3.11.1974;0.375
4.11.1974;0.325
5.11.1974;0.3
6.11.1974;0.275
7.11.1974;0.263
8.11.1974;0.235
9.11.1974;0.2
10.11.1974;0.24
11.11.1974;0.2
12.11.1974;0.168
13.11.1974;0.22
14.11.1974;0.173
15.11.1974;0.162
16.11.1974;0.158
17.11.1974;0.152
18.11.1974;0.137
19.11.1974;0.127
20.11.1974;0.121
21.11.1974;0.122
22.11.1974;0.158
23.11.1974;0.114
24.11.1974;0.112
25.11.1974;0.11
26.11.1974;0.111
27.11.1974;0.158
28.11.1974;0.113
29.11.1974;0.108
30.11.1974;0.134
1.12.1974;0.109
2.12.1974;0.111
3.12.1974;0.124
4.12.1974;0.11
5.12.1974;0.115
6.12.1974;0.153
7.12.1974;0.14
8.12.1974;0.138
9.12.1974;0.179
10.12.1974;0.153
11.12.1974;0.136
12.12.1974;0.142
13.12.1974;0.153
14.12.1974;0.13
15.12.1974;0.148
16.12.1974;0.125
17.12.1974;0.15
18.12.1974;0.128
19.12.1974;0.123
20.12.1974;0.13
21.12.1974;0.156
22.12.1974;0.124
23.12.1974;0.118
24.12.1974;0.113
25.12.1974;0.125
26.12.1974;0.15
27.12.1974;0.121
28.12.1974;0.133
29.12.1974;0.197
30.12.1974;0.4
31.12.1974;0.49005
1.01.1975;0.33667
2.01.1975;0.32167
3.01.1975;0.28583
4.01.1975;0.27167
5.01.1975;0.24167
6.01.1975;0.21333
7.01.1975;0.23717
8.01.1975;0.19
9.01.1975;0.1935
10.01.1975;0.15167
11.01.1975;0.19167
12.01.1975;0.14833
13.01.1975;0.16667
14.01.1975;0.15
15.01.1975;0.12833
16.01.1975;0.16333
17.01.1975;0.12333
18.01.1975;0.12167
19.01.1975;0.12667
20.01.1975;0.15333
21.01.1975;0.10833
22.01.1975;0.10333
23.01.1975;0.11
24.01.1975;0.13833
25.01.1975;0.10167
26.01.1975;0.12333
27.01.1975;0.12
28.01.1975;0.105
29.01.1975;0.1
30.01.1975;0.10167
31.01.1975;0.095
1.02.1975;0.13667
2.02.1975;0.09167
3.02.1975;0.08667
4.02.1975;0.08417
5.02.1975;0.08333
6.02.1975;0.08167
7.02.1975;0.13333
8.02.1975;0.08667
9.02.1975;0.08167
10.02.1975;0.08167
11.02.1975;0.0805
12.02.1975;0.07967
13.02.1975;0.13333
14.02.1975;0.15167
15.02.1975;0.08833
16.02.1975;0.08333
17.02.1975;0.08
18.02.1975;0.08
19.02.1975;0.08
20.02.1975;0.08167
21.02.1975;0.07833
22.02.1975;0.075
23.02.1975;0.07667
24.02.1975;0.075
25.02.1975;0.07833
26.02.1975;0.07667
27.02.1975;0.07333
28.02.1975;0.075
1.03.1975;0.07333
2.03.1975;0.07167
3.03.1975;0.07333
4.03.1975;0.075
5.03.1975;0.07333
6.03.1975;0.07167
7.03.1975;0.06667
8.03.1975;0.07167
9.03.1975;0.07167
10.03.1975;0.07333
11.03.1975;0.07333
12.03.1975;0.07167
13.03.1975;0.07333
14.03.1975;0.07333
15.03.1975;0.085
16.03.1975;0.13333
17.03.1975;0.17167
18.03.1975;0.21
19.03.1975;0.27833
20.03.1975;0.28333
21.03.1975;0.26667
22.03.1975;0.24667
23.03.1975;0.23333
24.03.1975;0.22167
25.03.1975;0.2
26.03.1975;0.19167
27.03.1975;0.195
28.03.1975;0.15333
29.03.1975;0.17917
30.03.1975;0.165
31.03.1975;0.22833
1.04.1975;0.23333
2.04.1975;0.25
3.04.1975;0.255
4.04.1975;0.24333
5.04.1975;0.21667
6.04.1975;0.25
7.04.1975;0.19667
8.04.1975;0.24167
9.04.1975;0.225
10.04.1975;0.24167
11.04.1975;0.84363
12.04.1975;108.333
13.04.1975;105.833
14.04.1975;100.833
15.04.1975;0.95
16.04.1975;0.83333
17.04.1975;0.71505
18.04.1975;0.61667
19.04.1975;0.51667
20.04.1975;0.45
21.04.1975;0.39167
22.04.1975;0.30833
23.04.1975;0.35
24.04.1975;0.275
25.04.1975;0.29167
26.04.1975;0.25833
27.04.1975;0.225
28.04.1975;0.19667
29.04.1975;0.18667
30.04.1975;0.25833
1.05.1975;0.17333
2.05.1975;0.201
3.05.1975;0.175
4.05.1975;0.15333
5.05.1975;0.17167
6.05.1975;0.14167
7.05.1975;0.18
8.05.1975;0.13
9.05.1975;0.13
10.05.1975;0.13
11.05.1975;0.17083
12.05.1975;0.1225
13.05.1975;0.14417
14.05.1975;0.115
15.05.1975;0.11333
16.05.1975;0.14267
17.05.1975;0.1155
18.05.1975;0.1
19.05.1975;0.10333
20.05.1975;0.09833
21.05.1975;0.09833
22.05.1975;0.1455
23.05.1975;0.09667
24.05.1975;0.09583
25.05.1975;0.1
26.05.1975;0.14433
27.05.1975;0.10867
28.05.1975;0.09917
29.05.1975;0.09417
30.05.1975;0.1
31.05.1975;0.14633
1.06.1975;0.11083
2.06.1975;0.095
3.06.1975;0.09167
4.06.1975;0.08667
5.06.1975;0.08833
6.06.1975;0.12667
7.06.1975;0.08833
8.06.1975;0.09583
9.06.1975;0.08833
10.06.1975;0.085
11.06.1975;0.083
12.06.1975;0.084
13.06.1975;0.08698
14.06.1975;0.13317
15.06.1975;0.085
16.06.1975;0.085
17.06.1975;0.2175
18.06.1975;0.195
19.06.1975;0.205
20.06.1975;0.19
21.06.1975;0.22198
22.06.1975;0.16
23.06.1975;0.17917
24.06.1975;0.138
25.06.1975;0.16
26.06.1975;0.13333
27.06.1975;0.115
28.06.1975;0.113
29.06.1975;0.11
30.06.1975;0.105
1.07.1975;0.10817
2.07.1975;0.16025
3.07.1975;0.10333
4.07.1975;0.10142
5.07.1975;0.12183
6.07.1975;0.09517
7.07.1975;0.09067
8.07.1975;0.11657
9.07.1975;0.1005
10.07.1975;0.08767
11.07.1975;0.085
12.07.1975;0.08198
13.07.1975;0.084
14.07.1975;0.08167
15.07.1975;0.0805
16.07.1975;0.07865
17.07.1975;0.11217
18.07.1975;0.098
19.07.1975;0.08025
20.07.1975;0.09833
21.07.1975;0.0775
22.07.1975;0.07567
23.07.1975;0.079
24.07.1975;0.12
25.07.1975;0.08017
26.07.1975;0.07198
27.07.1975;0.0755
28.07.1975;0.07317
29.07.1975;0.073
30.07.1975;0.07
31.07.1975;0.07
1.08.1975;0.071
2.08.1975;0.069
3.08.1975;0.11667
4.08.1975;0.08792
5.08.1975;0.06983
6.08.1975;0.0665
7.08.1975;0.07583
8.08.1975;0.06532
9.08.1975;0.06567
10.08.1975;0.06517
11.08.1975;0.06532
12.08.1975;0.0649
13.08.1975;0.099
14.08.1975;0.0635
15.08.1975;0.06092
16.08.1975;0.06008
17.08.1975;0.06067
18.08.1975;0.0615
19.08.1975;0.06115
20.08.1975;0.06
21.08.1975;0.059
22.08.1975;0.059
23.08.1975;0.058
24.08.1975;0.058
25.08.1975;0.10115
26.08.1975;0.059
27.08.1975;0.058
28.08.1975;0.05698
29.08.1975;0.056
30.08.1975;0.055
31.08.1975;0.054
1.09.1975;0.07717
2.09.1975;0.05517
3.09.1975;0.05433
4.09.1975;0.054
5.09.1975;0.05383
6.09.1975;0.05242
7.09.1975;0.05158
8.09.1975;0.0505
9.09.1975;0.066
10.09.1975;0.052
11.09.1975;0.0495
12.09.1975;0.04917
13.09.1975;0.0495
14.09.1975;0.04917
15.09.1975;0.04792
16.09.1975;0.048
17.09.1975;0.047
18.09.1975;0.04717
19.09.1975;0.06983
20.09.1975;0.04733
21.09.1975;0.047
22.09.1975;0.04558
23.09.1975;0.0455
24.09.1975;0.04558
25.09.1975;0.0455
26.09.1975;0.046
27.09.1975;0.04517
28.09.1975;0.0445
29.09.1975;0.04433
30.09.1975;0.044
1.10.1975;0.044
2.10.1975;0.044
3.10.1975;0.0435
4.10.1975;0.07567
5.10.1975;0.0425
6.10.1975;0.0425
7.10.1975;0.043
8.10.1975;0.043
9.10.1975;0.043
10.10.1975;0.0425
11.10.1975;0.042
12.10.1975;0.042
13.10.1975;0.0425
14.10.1975;0.0425
15.10.1975;0.041
16.10.1975;0.04
17.10.1975;0.04
18.10.1975;0.042
19.10.1975;0.042
20.10.1975;0.0415
21.10.1975;0.042
22.10.1975;0.0415
23.10.1975;0.0415
24.10.1975;0.042
25.10.1975;0.042
26.10.1975;0.0415
27.10.1975;0.042
28.10.1975;0.0415
29.10.1975;0.042
30.10.1975;0.042
31.10.1975;0.0415
1.11.1975;0.041
2.11.1975;0.041
3.11.1975;0.09083
4.11.1975;0.04
5.11.1975;0.04
6.11.1975;0.04
7.11.1975;0.039
8.11.1975;0.0385
9.11.1975;0.039
10.11.1975;0.0385
11.11.1975;0.038
12.11.1975;0.038
13.11.1975;0.038
14.11.1975;0.038
15.11.1975;0.038
16.11.1975;0.039
17.11.1975;0.038
18.11.1975;0.0385
19.11.1975;0.0385
20.11.1975;0.039
21.11.1975;0.038
22.11.1975;0.038
23.11.1975;0.037
24.11.1975;0.037
25.11.1975;0.037
26.11.1975;0.037
27.11.1975;0.037
28.11.1975;0.037
29.11.1975;0.037
30.11.1975;0.037
1.12.1975;0.0355
2.12.1975;0.0355
3.12.1975;0.036
4.12.1975;0.036
5.12.1975;0.036
6.12.1975;0.037
7.12.1975;0.0365
8.12.1975;0.0365
9.12.1975;0.036
10.12.1975;0.036
11.12.1975;0.036
12.12.1975;0.0355
13.12.1975;0.0355
14.12.1975;0.035
15.12.1975;0.0355
16.12.1975;0.0365
17.12.1975;0.0385
18.12.1975;0.099
19.12.1975;0.077
20.12.1975;0.069
21.12.1975;0.10467
22.12.1975;0.0695
23.12.1975;0.06633
24.12.1975;0.06
25.12.1975;0.058
26.12.1975;0.056
27.12.1975;0.054
28.12.1975;0.052
29.12.1975;0.051
30.12.1975;0.05
31.12.1975;0.05
1.01.1976;0.05075
2.01.1976;0.0503
3.01.1976;0.04987
4.01.1976;0.05082
5.01.1976;0.04875
6.01.1976;0.0705
7.01.1976;0.06162
8.01.1976;0.04737
9.01.1976;0.06138
10.01.1976;0.04688
11.01.1976;0.04725
12.01.1976;0.04963
13.01.1976;0.09075
14.01.1976;0.07787
15.01.1976;0.07575
16.01.1976;0.07013
17.01.1976;0.06763
18.01.1976;0.06537
19.01.1976;0.064
20.01.1976;0.06287
21.01.1976;0.10075
22.01.1976;0.06287
23.01.1976;0.066
24.01.1976;0.06825
25.01.1976;0.06125
26.01.1976;0.05875
27.01.1976;0.0585
28.01.1976;0.05838
29.01.1976;0.057
30.01.1976;0.0555
31.01.1976;0.055
1.02.1976;0.05475
2.02.1976;0.05475
3.02.1976;0.0545
4.02.1976;0.0535
5.02.1976;0.05275
6.02.1976;0.0515
7.02.1976;0.05075
8.02.1976;0.05
9.02.1976;0.0495
10.02.1976;0.0495
11.02.1976;0.04912
12.02.1976;0.08112
13.02.1976;0.0525
14.02.1976;0.04938
15.02.1976;0.04875
16.02.1976;0.0515
17.02.1976;0.05313
18.02.1976;0.05063
19.02.1976;0.04975
20.02.1976;0.0495
21.02.1976;0.0495
22.02.1976;0.07275
23.02.1976;0.05025
24.02.1976;0.04987
25.02.1976;0.049
26.02.1976;0.04912
27.02.1976;0.04975
28.02.1976;0.051
29.02.1976;0.052
1.03.1976;0.07325
2.03.1976;0.05375
3.03.1976;0.051
4.03.1976;0.0505
5.03.1976;0.05025
6.03.1976;0.05
7.03.1976;0.05063
8.03.1976;0.051
9.03.1976;0.0895
10.03.1976;0.04925
11.03.1976;0.04912
12.03.1976;0.04925
13.03.1976;0.04888
14.03.1976;0.0485
15.03.1976;0.0535
16.03.1976;0.0675
17.03.1976;0.0485
18.03.1976;0.04925
19.03.1976;0.04975
20.03.1976;0.0535
21.03.1976;0.07575
22.03.1976;0.051
23.03.1976;0.04963
24.03.1976;0.05025
25.03.1976;0.05225
26.03.1976;0.056
27.03.1976;0.06375
28.03.1976;0.0655
29.03.1976;0.11925
30.03.1976;0.115
31.03.1976;0.1225
1.04.1976;0.099
2.04.1976;0.1035
3.04.1976;0.0875
4.04.1976;0.08625
5.04.1976;0.124
6.04.1976;0.0835
7.04.1976;0.0775
8.04.1976;0.1195
9.04.1976;0.07475
10.04.1976;0.07237
11.04.1976;0.06875
12.04.1976;0.1215
13.04.1976;0.0675
14.04.1976;0.06475
15.04.1976;0.065
16.04.1976;0.1075
17.04.1976;0.06063
18.04.1976;0.0615
19.04.1976;0.05938
20.04.1976;0.09625
21.04.1976;0.06
22.04.1976;0.0595
23.04.1976;0.05975
24.04.1976;0.05612
25.04.1976;0.055
26.04.1976;0.05575
27.04.1976;0.0835
28.04.1976;0.269
29.04.1976;0.2485
30.04.1976;0.2045
1.05.1976;0.18275
2.05.1976;0.1665
3.05.1976;0.15975
4.05.1976;0.1235
5.05.1976;0.172
6.05.1976;0.114
7.05.1976;0.1105
8.05.1976;0.17325
9.05.1976;0.11225
10.05.1976;0.124
11.05.1976;0.10225
12.05.1976;0.12425
13.05.1976;0.1205
14.05.1976;0.09275
15.05.1976;0.09175
16.05.1976;0.1335
17.05.1976;0.08425
18.05.1976;0.08425
19.05.1976;0.08225
20.05.1976;0.10475
21.05.1976;0.10625
22.05.1976;0.08
23.05.1976;0.07625
24.05.1976;0.07475
25.05.1976;0.093
26.05.1976;0.09525
27.05.1976;0.07025
28.05.1976;0.072
29.05.1976;0.0755
30.05.1976;0.135
31.05.1976;0.10275
1.06.1976;0.08375
2.06.1976;0.12375
3.06.1976;0.095
4.06.1976;0.08175
5.06.1976;0.07925
6.06.1976;0.13325
7.06.1976;0.09425
8.06.1976;0.079
9.06.1976;0.07475
10.06.1976;0.11475
11.06.1976;0.07575
12.06.1976;0.07175
13.06.1976;0.09925
14.06.1976;0.0705
15.06.1976;0.06975
16.06.1976;0.0975
17.06.1976;0.07125
18.06.1976;0.065
19.06.1976;0.06225
20.06.1976;0.0615
21.06.1976;0.064
22.06.1976;0.06025
23.06.1976;0.062
24.06.1976;0.0985
25.06.1976;0.05975
26.06.1976;0.05875
27.06.1976;0.057
28.06.1976;0.05675
29.06.1976;0.05475
30.06.1976;0.05325
1.07.1976;0.05275
2.07.1976;0.05275
3.07.1976;0.10325
4.07.1976;0.05425
5.07.1976;0.05275
6.07.1976;0.05275
7.07.1976;0.05075
8.07.1976;0.051
9.07.1976;0.052
10.07.1976;0.04975
11.07.1976;0.04925
12.07.1976;0.04987
13.07.1976;0.0505
14.07.1976;0.049
15.07.1976;0.0485
16.07.1976;0.047
17.07.1976;0.04525
18.07.1976;0.04625
19.07.1976;0.1575
20.07.1976;0.04575
21.07.1976;0.04425
22.07.1976;0.0425
23.07.1976;0.0425
24.07.1976;0.0415
25.07.1976;0.04125
26.07.1976;0.04075
27.07.1976;0.04025
28.07.1976;0.04025
29.07.1976;0.0405
30.07.1976;0.07375
31.07.1976;0.04075
1.08.1976;0.03975
2.08.1976;0.0385
3.08.1976;0.038
4.08.1976;0.0375
5.08.1976;0.03763
6.08.1976;0.03775
7.08.1976;0.03737
8.08.1976;0.037
9.08.1976;0.03688
10.08.1976;0.0375
11.08.1976;0.03688
12.08.1976;0.03713
13.08.1976;0.0365
14.08.1976;0.0355
15.08.1976;0.07725
16.08.1976;0.03713
17.08.1976;0.036
18.08.1976;0.03525
19.08.1976;0.035
20.08.1976;0.03525
21.08.1976;0.0355
22.08.1976;0.03525
23.08.1976;0.03525
24.08.1976;0.035
25.08.1976;0.0345
26.08.1976;0.0345
27.08.1976;0.035
28.08.1976;0.0345
29.08.1976;0.0345
30.08.1976;0.03875
31.08.1976;0.06075
1.09.1976;0.043
2.09.1976;0.039
3.09.1976;0.03797
4.09.1976;0.0365
5.09.1976;0.03625
6.09.1976;0.03575
7.09.1976;0.035
8.09.1976;0.035
9.09.1976;0.035
10.09.1976;0.035
11.09.1976;0.035
12.09.1976;0.034
13.09.1976;0.0345
14.09.1976;0.035
15.09.1976;0.03575
16.09.1976;0.037
17.09.1976;0.04525
18.09.1976;0.059
19.09.1976;0.0515
20.09.1976;0.048
21.09.1976;0.04475
22.09.1976;0.04425
23.09.1976;0.04275
24.09.1976;0.04175
25.09.1976;0.04138
26.09.1976;0.04025
27.09.1976;0.03875
28.09.1976;0.04025
29.09.1976;0.03975
30.09.1976;0.0395
1.10.1976;0.038
2.10.1976;0.038
3.10.1976;0.038
4.10.1976;0.03775
5.10.1976;0.038
6.10.1976;0.03763
7.10.1976;0.03775
8.10.1976;0.038
9.10.1976;0.0385
10.10.1976;0.03975
11.10.1976;0.04
12.10.1976;0.04
13.10.1976;0.0405
14.10.1976;0.04
15.10.1976;0.04075
16.10.1976;0.04175
17.10.1976;0.0695
18.10.1976;0.1865
19.10.1976;0.185
20.10.1976;0.1565
21.10.1976;0.137
22.10.1976;0.125
23.10.1976;0.115
24.10.1976;0.105
25.10.1976;0.096
26.10.1976;0.08775
27.10.1976;0.08625
28.10.1976;0.082
29.10.1976;0.077
30.10.1976;0.072
31.10.1976;0.09025
1.11.1976;0.118
2.11.1976;0.12275
3.11.1976;0.117
4.11.1976;0.10375
5.11.1976;0.09925
6.11.1976;0.1205
7.11.1976;0.0955
8.11.1976;0.09275
9.11.1976;0.0985
10.11.1976;0.0945
11.11.1976;0.096
12.11.1976;0.12275
13.11.1976;0.13075
14.11.1976;0.102
15.11.1976;0.1105
16.11.1976;0.14775
17.11.1976;0.33375
18.11.1976;0.40625
19.11.1976;0.38252
20.11.1976;0.34075
21.11.1976;0.30525
22.11.1976;0.28475
23.11.1976;0.2375
24.11.1976;0.232
25.11.1976;0.249
26.11.1976;0.20625
27.11.1976;0.18725
28.11.1976;0.1505
29.11.1976;0.14775
30.11.1976;0.14
1.12.1976;0.176
2.12.1976;0.48252
3.12.1976;0.9713
4.12.1976;102.998
5.12.1976;104.745
6.12.1976;0.99375
7.12.1976;0.88495
8.12.1976;0.93495
9.12.1976;10.037
10.12.1976;100.625
11.12.1976;0.9787
12.12.1976;0.88252
13.12.1976;0.75
14.12.1976;0.64502
15.12.1976;0.57245
16.12.1976;0.49873
17.12.1976;0.4375
18.12.1976;0.3475
19.12.1976;0.4125
20.12.1976;0.31625
21.12.1976;0.3395
22.12.1976;0.295
23.12.1976;0.3225
24.12.1976;0.28125
25.12.1976;0.3145
26.12.1976;0.2675
27.12.1976;0.2425
28.12.1976;0.30875
29.12.1976;0.25875
30.12.1976;0.25625
31.12.1976;0.21
1.01.1977;0.20125
2.01.1977;0.26625
3.01.1977;0.19025
4.01.1977;0.18125
5.01.1977;0.2105
6.01.1977;0.1825
7.01.1977;0.1615
8.01.1977;0.16325
9.01.1977;0.15775
10.01.1977;0.22925
11.01.1977;0.157
12.01.1977;0.13525
13.01.1977;0.13875
14.01.1977;0.43252
15.01.1977;0.53252
16.01.1977;0.42998
17.01.1977;0.39028
18.01.1977;0.352
19.01.1977;0.3215
20.01.1977;0.30675
21.01.1977;0.28825
22.01.1977;0.27625
23.01.1977;0.264
24.01.1977;0.2515
25.01.1977;0.24025
26.01.1977;0.22475
27.01.1977;0.25975
28.01.1977;0.2955
29.01.1977;0.31925
30.01.1977;0.49502
31.01.1977;0.65498
1.02.1977;0.63877
2.02.1977;0.59248
3.02.1977;0.52755
4.02.1977;0.4713
5.02.1977;0.4213
6.02.1977;0.37928
7.02.1977;0.34575
8.02.1977;0.31925
9.02.1977;0.296
10.02.1977;0.275
11.02.1977;0.30475
12.02.1977;0.5375
13.02.1977;0.76667
14.02.1977;0.95995
15.02.1977;0.95
16.02.1977;0.93333
17.02.1977;0.9
18.02.1977;0.83333
19.02.1977;0.81667
20.02.1977;0.76667
21.02.1977;0.76505
22.02.1977;0.99745
23.02.1977;106.505
24.02.1977;109.005
25.02.1977;106.748
26.02.1977;102.627
27.02.1977;0.98252
28.02.1977;0.92373
1.03.1977;0.85255
2.03.1977;0.74005
3.03.1977;0.65625
4.03.1977;0.59502
5.03.1977;0.52755
6.03.1977;0.4662
7.03.1977;0.39745
8.03.1977;0.39248
9.03.1977;0.31375
10.03.1977;0.34875
11.03.1977;0.29875
12.03.1977;0.28625
13.03.1977;0.291
14.03.1977;0.2505
15.03.1977;0.2315
16.03.1977;0.252
17.03.1977;0.2085
18.03.1977;0.23275
19.03.1977;0.21425
20.03.1977;0.18815
21.03.1977;0.20275
22.03.1977;0.21025
23.03.1977;0.16638
24.03.1977;0.20175
25.03.1977;0.1575
26.03.1977;0.15475
27.03.1977;0.20138
28.03.1977;0.17275
29.03.1977;0.1565
30.03.1977;0.218
31.03.1977;0.25225
1.04.1977;0.49005
2.04.1977;0.52048
3.04.1977;0.49572
4.04.1977;0.4787
5.04.1977;0.43923
6.04.1977;0.4118
7.04.1977;0.37952
8.04.1977;0.363
9.04.1977;0.475
10.04.1977;0.93125
11.04.1977;106.748
12.04.1977;1.025
13.04.1977;0.94745
14.04.1977;0.85
15.04.1977;0.74502
16.04.1977;0.64873
17.04.1977;0.57245
18.04.1977;0.50105
19.04.1977;0.4625
20.04.1977;0.37998
21.04.1977;0.3195
22.04.1977;0.371
23.04.1977;0.35175
24.04.1977;0.282
25.04.1977;0.33125
26.04.1977;0.255
27.04.1977;0.25825
28.04.1977;0.26775
29.04.1977;0.21925
30.04.1977;0.2291
1.05.1977;0.19525
2.05.1977;0.2525
3.05.1977;0.183
4.05.1977;0.171
5.05.1977;0.20475
6.05.1977;0.156
7.05.1977;0.15275
8.05.1977;0.14925
9.05.1977;0.19425
10.05.1977;0.17325
11.05.1977;0.1425
12.05.1977;0.13925
13.05.1977;0.19
14.05.1977;0.13925
15.05.1977;0.1335
16.05.1977;0.1755
17.05.1977;0.15
18.05.1977;0.12675
19.05.1977;0.148
20.05.1977;0.14
21.05.1977;0.12487
22.05.1977;0.12275
23.05.1977;0.16025
24.05.1977;0.117
25.05.1977;0.1165
26.05.1977;0.1155
27.05.1977;0.1585
28.05.1977;0.12662
29.05.1977;0.11138
30.05.1977;0.1085
31.05.1977;0.14875
1.06.1977;0.118
2.06.1977;0.1155
3.06.1977;0.11525
4.06.1977;0.11325
5.06.1977;0.1105
6.06.1977;0.11075
7.06.1977;0.1095
8.06.1977;0.10525
9.06.1977;0.1025
10.06.1977;0.10075
11.06.1977;0.10025
12.06.1977;0.0985
13.06.1977;0.098
14.06.1977;0.09575
15.06.1977;0.096
16.06.1977;0.09575
17.06.1977;0.0965
18.06.1977;0.09425
19.06.1977;0.092
20.06.1977;0.0895
21.06.1977;0.09025
22.06.1977;0.08875
23.06.1977;0.08625
24.06.1977;0.08525
25.06.1977;0.086
26.06.1977;0.084
27.06.1977;0.085
28.06.1977;0.08075
29.06.1977;0.08325
30.06.1977;0.08025
1.07.1977;0.07325
2.07.1977;0.07175
3.07.1977;0.09175
4.07.1977;0.07075
5.07.1977;0.07025
6.07.1977;0.06925
7.07.1977;0.0685
8.07.1977;0.0685
9.07.1977;0.08325
10.07.1977;0.07475
11.07.1977;0.07325
12.07.1977;0.07375
13.07.1977;0.07275
14.07.1977;0.07175
15.07.1977;0.06925
16.07.1977;0.07125
17.07.1977;0.12525
18.07.1977;0.08075
19.07.1977;0.06775
20.07.1977;0.06675
21.07.1977;0.06525
22.07.1977;0.06525
23.07.1977;0.065
24.07.1977;0.0645
25.07.1977;0.0635
26.07.1977;0.0635
27.07.1977;0.063
28.07.1977;0.06225
29.07.1977;0.06175
30.07.1977;0.10925
31.07.1977;0.06637
1.08.1977;0.076
2.08.1977;0.0605
3.08.1977;0.065
4.08.1977;0.05862
5.08.1977;0.0577
6.08.1977;0.081
7.08.1977;0.07735
8.08.1977;0.06125
9.08.1977;0.061
10.08.1977;0.10475
11.08.1977;0.0635
12.08.1977;0.06225
13.08.1977;0.05825
14.08.1977;0.05925
15.08.1977;0.095
16.08.1977;0.12075
17.08.1977;0.143
18.08.1977;0.14875
19.08.1977;0.0975
20.08.1977;0.09125
21.08.1977;0.08825
22.08.1977;0.09313
23.08.1977;0.1545
24.08.1977;0.10325
25.08.1977;0.122
26.08.1977;0.11725
27.08.1977;0.09147
28.08.1977;0.0895
29.08.1977;0.08575
30.08.1977;0.08525
31.08.1977;0.084
1.09.1977;0.1055
2.09.1977;0.09775
3.09.1977;0.0786
4.09.1977;0.07638
5.09.1977;0.075
6.09.1977;0.07487
7.09.1977;0.07313
8.09.1977;0.0715
9.09.1977;0.07035
10.09.1977;0.11225
11.09.1977;0.06675
12.09.1977;0.07925
13.09.1977;0.06425
14.09.1977;0.06243
15.09.1977;0.06275
16.09.1977;0.06267
17.09.1977;0.06145
18.09.1977;0.06035
19.09.1977;0.06005
20.09.1977;0.06
21.09.1977;0.098
22.09.1977;0.05885
23.09.1977;0.05685
24.09.1977;0.0555
25.09.1977;0.05525
26.09.1977;0.0555
27.09.1977;0.05475
28.09.1977;0.05425
29.09.1977;0.05375
30.09.1977;0.054
1.10.1977;0.08737
2.10.1977;0.05213
3.10.1977;0.05025
4.10.1977;0.05
5.10.1977;0.04975
6.10.1977;0.049
7.10.1977;0.04875
8.10.1977;0.0475
9.10.1977;0.047
10.10.1977;0.0465
11.10.1977;0.07275
12.10.1977;0.0485
13.10.1977;0.04675
14.10.1977;0.04735
15.10.1977;0.0475
16.10.1977;0.04805
17.10.1977;0.04838
18.10.1977;0.049
19.10.1977;0.04925
20.10.1977;0.053
21.10.1977;0.05825
22.10.1977;0.06375
23.10.1977;0.0695
24.10.1977;0.0755
25.10.1977;0.073
26.10.1977;0.06713
27.10.1977;0.06155
28.10.1977;0.0575
29.10.1977;0.05275
30.10.1977;0.0475
31.10.1977;0.04338
1.11.1977;0.042
2.11.1977;0.042
3.11.1977;0.042
4.11.1977;0.042
5.11.1977;0.042
6.11.1977;0.042
7.11.1977;0.042
8.11.1977;0.042
9.11.1977;0.042
10.11.1977;0.042
11.11.1977;0.041
12.11.1977;0.041
13.11.1977;0.041
14.11.1977;0.041
15.11.1977;0.041
16.11.1977;0.04
17.11.1977;0.03925
18.11.1977;0.039
19.11.1977;0.039
20.11.1977;0.07925
21.11.1977;0.04263
22.11.1977;0.041
23.11.1977;0.0395
24.11.1977;0.0378
25.11.1977;0.0373
26.11.1977;0.04832
27.11.1977;0.03767
28.11.1977;0.03565
29.11.1977;0.03737
30.11.1977;0.03875
1.12.1977;0.03925
2.12.1977;0.04025
3.12.1977;0.04025
4.12.1977;0.041
5.12.1977;0.04218
6.12.1977;0.04188
7.12.1977;0.07718
8.12.1977;0.04252
9.12.1977;0.04225
10.12.1977;0.04763
11.12.1977;0.04457
12.12.1977;0.04375
13.12.1977;0.04463
14.12.1977;0.0445
15.12.1977;0.04425
16.12.1977;0.043
17.12.1977;0.04252
18.12.1977;0.04263
19.12.1977;0.043
20.12.1977;0.04375
21.12.1977;0.04463
22.12.1977;0.04388
23.12.1977;0.06813
24.12.1977;0.04325
25.12.1977;0.04388
26.12.1977;0.04358
27.12.1977;0.04375
28.12.1977;0.04325
29.12.1977;0.04257
30.12.1977;0.0435
31.12.1977;0.04438
1.01.1978;0.04388
2.01.1978;0.0435
3.01.1978;0.044
4.01.1978;0.044
5.01.1978;0.04237
6.01.1978;0.04112
7.01.1978;0.04075
8.01.1978;0.03975
9.01.1978;0.039
10.01.1978;0.03763
11.01.1978;0.03525
12.01.1978;0.0335
13.01.1978;0.03052
14.01.1978;0.0277
15.01.1978;0.02653
16.01.1978;0.02508
17.01.1978;0.02403
18.01.1978;0.024
19.01.1978;0.02383
20.01.1978;0.02368
21.01.1978;0.02323
22.01.1978;0.0228
23.01.1978;0.02282
24.01.1978;0.02692
25.01.1978;0.03125
26.01.1978;0.03435
27.01.1978;0.03838
28.01.1978;0.0416
29.01.1978;0.04698
30.01.1978;0.07368
31.01.1978;0.0915
1.02.1978;0.13778
2.02.1978;0.07795
3.02.1978;0.079
4.02.1978;0.083
5.02.1978;0.075
6.02.1978;0.0736
7.02.1978;0.07368
8.02.1978;0.08612
9.02.1978;0.06638
10.02.1978;0.0648
11.02.1978;0.06388
12.02.1978;0.08662
13.02.1978;0.10165
14.02.1978;0.099
15.02.1978;0.08295
16.02.1978;0.07775
17.02.1978;0.07213
18.02.1978;0.067
19.02.1978;0.06213
20.02.1978;0.06005
21.02.1978;0.0575
22.02.1978;0.05525
23.02.1978;0.05375
24.02.1978;0.0515
25.02.1978;0.05485
26.02.1978;0.109
27.02.1978;0.105
28.02.1978;0.12225
1.03.1978;0.157
2.03.1978;0.30525
3.03.1978;0.298
4.03.1978;0.33075
5.03.1978;0.3125
6.03.1978;0.273
7.03.1978;0.24225
8.03.1978;0.2125
9.03.1978;0.1875
10.03.1978;0.173
11.03.1978;0.147
12.03.1978;0.14975
13.03.1978;0.11175
14.03.1978;0.12975
15.03.1978;0.15775
16.03.1978;0.10463
17.03.1978;0.10275
18.03.1978;0.1265
19.03.1978;0.1365
20.03.1978;0.09315
21.03.1978;0.11782
22.03.1978;0.11825
23.03.1978;0.085
24.03.1978;0.11975
25.03.1978;0.0825
26.03.1978;0.08475
27.03.1978;0.08037
28.03.1978;0.12563
29.03.1978;0.09438
30.03.1978;0.0812
31.03.1978;0.1182
1.04.1978;0.085
2.04.1978;0.08375
3.04.1978;0.10407
4.04.1978;0.11875
5.04.1978;0.08037
6.04.1978;0.08142
7.04.1978;0.08125
8.04.1978;0.1285
9.04.1978;0.08385
10.04.1978;0.08028
11.04.1978;0.08343
12.04.1978;0.1485
13.04.1978;0.09175
14.04.1978;0.08938
15.04.1978;0.17275
16.04.1978;0.18925
17.04.1978;0.19375
18.04.1978;0.1945
19.04.1978;0.17775
20.04.1978;0.2575
21.04.1978;0.53252
22.04.1978;0.50995
23.04.1978;0.44827
24.04.1978;0.38495
25.04.1978;0.3285
26.04.1978;0.29975
27.04.1978;0.48055
28.04.1978;0.80127
29.04.1978;0.81875
30.04.1978;0.75082
1.05.1978;0.85578
2.05.1978;0.88877
3.05.1978;0.8
4.05.1978;0.6875
5.05.1978;0.6
6.05.1978;0.53078
7.05.1978;0.62002
8.05.1978;0.9588
9.05.1978;0.96573
10.05.1978;0.97823
11.05.1978;0.99248
12.05.1978;0.99248
13.05.1978;0.98252
14.05.1978;0.96573
15.05.1978;0.91505
16.05.1978;0.80255
17.05.1978;0.69953
18.05.1978;0.63207
19.05.1978;0.56447
20.05.1978;0.51297
21.05.1978;0.47697
22.05.1978;0.44005
23.05.1978;0.79097
24.05.1978;1.May
25.05.1978;101.748
26.05.1978;0.92755
27.05.1978;0.82072
28.05.1978;0.72453
29.05.1978;0.66227
30.05.1978;0.60127
31.05.1978;0.53472
1.06.1978;0.46297
2.06.1978;0.44873
3.06.1978;0.37725
4.06.1978;0.41552
5.06.1978;0.322
6.06.1978;0.358
7.06.1978;0.29435
8.06.1978;0.27125
9.06.1978;0.3295
10.06.1978;0.244
11.06.1978;0.2335
12.06.1978;0.2655
13.06.1978;0.2065
14.06.1978;0.18025
15.06.1978;0.17093
16.06.1978;0.1625
17.06.1978;0.243
18.06.1978;0.15595
19.06.1978;0.15975
20.06.1978;0.14907
21.06.1978;0.1475
22.06.1978;0.1755
23.06.1978;0.2
24.06.1978;0.13675
25.06.1978;0.134
26.06.1978;0.12912
27.06.1978;0.16175
28.06.1978;0.126
29.06.1978;0.11892
30.06.1978;0.1615
1.07.1978;0.116
2.07.1978;0.135
3.07.1978;0.144
4.07.1978;0.11
5.07.1978;0.112
6.07.1978;0.108
7.07.1978;0.108
8.07.1978;0.109
9.07.1978;0.113
10.07.1978;0.1743
11.07.1978;0.1746
12.07.1978;0.103
13.07.1978;0.101
14.07.1978;0.1338
15.07.1978;0.102
16.07.1978;0.1106
17.07.1978;0.13
18.07.1978;0.102
19.07.1978;0.1166
20.07.1978;0.2665
21.07.1978;0.1978
22.07.1978;0.164
23.07.1978;0.161
24.07.1978;0.2024
25.07.1978;0.1658
26.07.1978;0.143
27.07.1978;0.1905
28.07.1978;0.128
29.07.1978;0.158
30.07.1978;0.121
31.07.1978;0.1138
1.08.1978;0.1104
2.08.1978;0.154
3.08.1978;0.108
4.08.1978;0.1035
5.08.1978;0.0985
6.08.1978;0.1
7.08.1978;0.096
8.08.1978;0.096
9.08.1978;0.0973
10.08.1978;0.1546
11.08.1978;0.1006
12.08.1978;0.0898
13.08.1978;0.1048
14.08.1978;0.0939
15.08.1978;0.087
16.08.1978;0.0837
17.08.1978;0.0835
18.08.1978;0.0822
19.08.1978;0.0801
20.08.1978;0.1115
21.08.1978;0.0946
22.08.1978;0.0826
23.08.1978;0.0821
24.08.1978;0.0778
25.08.1978;0.0751
26.08.1978;0.075
27.08.1978;0.0742
28.08.1978;0.0743
29.08.1978;0.074
30.08.1978;0.074
31.08.1978;0.074
1.09.1978;0.07385
2.09.1978;0.07292
3.09.1978;0.07165
4.09.1978;0.07048
5.09.1978;0.06903
6.09.1978;0.06772
7.09.1978;0.06678
8.09.1978;0.06597
9.09.1978;0.06482
10.09.1978;0.06355
11.09.1978;0.06262
12.09.1978;0.06147
13.09.1978;0.06042
14.09.1978;0.0596
15.09.1978;0.05868
16.09.1978;0.05787
17.09.1978;0.05718
18.09.1978;0.05625
19.09.1978;0.05602
20.09.1978;0.05532
21.09.1978;0.05463
22.09.1978;0.05393
23.09.1978;0.05323
24.09.1978;0.05278
25.09.1978;0.0522
26.09.1978;0.05173
27.09.1978;0.05138
28.09.1978;0.05093
29.09.1978;0.05047
30.09.1978;0.05028
1.10.1978;0.0485
2.10.1978;0.0485
3.10.1978;0.0485
4.10.1978;0.0481
5.10.1978;0.0493
6.10.1978;0.0482
7.10.1978;0.0477
8.10.1978;0.0479
9.10.1978;0.0478
10.10.1978;0.0471
11.10.1978;0.045
12.10.1978;0.0431
13.10.1978;0.0422
14.10.1978;0.04
15.10.1978;0.0394
16.10.1978;0.0378
17.10.1978;0.0397
18.10.1978;0.0402
19.10.1978;0.04
20.10.1978;0.041
21.10.1978;0.0422
22.10.1978;0.0427
23.10.1978;0.0436
24.10.1978;0.0434
25.10.1978;0.0439
26.10.1978;0.0451
27.10.1978;0.0438
28.10.1978;0.0432
29.10.1978;0.0447
30.10.1978;0.0434
31.10.1978;0.043
1.11.1978;0.0433
2.11.1978;0.0439
3.11.1978;0.0436
4.11.1978;0.0434
5.11.1978;0.043
6.11.1978;0.0427
7.11.1978;0.043
8.11.1978;0.0431
9.11.1978;0.0432
10.11.1978;0.043
11.11.1978;0.0433
12.11.1978;0.043
13.11.1978;0.0425
14.11.1978;0.043
15.11.1978;0.043
16.11.1978;0.043
17.11.1978;0.0402
18.11.1978;0.0393
19.11.1978;0.0397
20.11.1978;0.0394
21.11.1978;0.04
22.11.1978;0.0397
23.11.1978;0.0398
24.11.1978;0.0397
25.11.1978;0.0397
26.11.1978;0.04
27.11.1978;0.0395
28.11.1978;0.0395
29.11.1978;0.0395
30.11.1978;0.0395
1.12.1978;0.0395
2.12.1978;0.0395
3.12.1978;0.0395
4.12.1978;0.039
5.12.1978;0.0373
6.12.1978;0.0372
7.12.1978;0.0367
8.12.1978;0.0354
9.12.1978;0.0353
10.12.1978;0.0352
11.12.1978;0.034
12.12.1978;0.0352
13.12.1978;0.037
14.12.1978;0.037
15.12.1978;0.037
16.12.1978;0.0374
17.12.1978;0.0445
18.12.1978;0.0397
19.12.1978;0.0393
20.12.1978;0.039
21.12.1978;0.038
22.12.1978;0.0378
23.12.1978;0.0376
24.12.1978;0.0375
25.12.1978;0.0373
26.12.1978;0.0379
27.12.1978;0.039
28.12.1978;0.0395
29.12.1978;0.0408
30.12.1978;0.043
31.12.1978;0.044
1.01.1979;0.046
2.01.1979;0.046
3.01.1979;0.046
4.01.1979;0.046
5.01.1979;0.046
6.01.1979;0.046
7.01.1979;0.046
8.01.1979;0.046
9.01.1979;0.0445
10.01.1979;0.043
11.01.1979;0.04198
12.01.1979;0.04075
13.01.1979;0.039
14.01.1979;0.0375
15.01.1979;0.037
16.01.1979;0.03575
17.01.1979;0.035
18.01.1979;0.03425
19.01.1979;0.03388
20.01.1979;0.033
21.01.1979;0.033
22.01.1979;0.03325
23.01.1979;0.03575
24.01.1979;0.03475
25.01.1979;0.03575
26.01.1979;0.03575
27.01.1979;0.036
28.01.1979;0.044
29.01.1979;0.2575
30.01.1979;0.8
31.01.1979;0.85
1.02.1979;0.69005
2.02.1979;0.47002
3.02.1979;0.29
4.02.1979;0.2
5.02.1979;0.20475
6.02.1979;0.20667
7.02.1979;0.15875
8.02.1979;0.13175
9.02.1979;0.1265
10.02.1979;0.17225
11.02.1979;0.137
12.02.1979;0.12425
13.02.1979;0.29
14.02.1979;0.47998
15.02.1979;0.39005
16.02.1979;0.33
17.02.1979;0.32725
18.02.1979;0.365
19.02.1979;0.32975
20.02.1979;0.2835
21.02.1979;0.24225
22.02.1979;0.21075
23.02.1979;0.18575
24.02.1979;0.1575
25.02.1979;0.14125
26.02.1979;0.12225
27.02.1979;0.1375
28.02.1979;0.12025
1.03.1979;0.0955
2.03.1979;0.0975
3.03.1979;0.1295
4.03.1979;0.085
5.03.1979;0.1165
6.03.1979;0.094
7.03.1979;0.09375
8.03.1979;0.10075
9.03.1979;0.108
10.03.1979;0.113
11.03.1979;0.11275
12.03.1979;0.1055
13.03.1979;0.09925
14.03.1979;0.09825
15.03.1979;0.09775
16.03.1979;0.0965
17.03.1979;0.102
18.03.1979;0.103
19.03.1979;0.10425
20.03.1979;0.108
21.03.1979;0.108
22.03.1979;0.108
23.03.1979;0.108
24.03.1979;0.108
25.03.1979;0.108
26.03.1979;0.108
27.03.1979;0.108
28.03.1979;0.108
29.03.1979;0.288
30.03.1979;0.36667
31.03.1979;0.16667
1.04.1979;0.13333
2.04.1979;0.13333
3.04.1979;0.15
4.04.1979;0.13333
5.04.1979;0.13333
6.04.1979;0.13333
7.04.1979;0.13333
8.04.1979;0.13333
9.04.1979;0.13333
10.04.1979;0.132
11.04.1979;0.13
12.04.1979;0.127
13.04.1979;0.125
14.04.1979;0.123
15.04.1979;0.12
16.04.1979;0.117
17.04.1979;0.115
18.04.1979;0.115
19.04.1979;0.113
20.04.1979;0.112
21.04.1979;0.11
22.04.1979;0.108
23.04.1979;0.108
24.04.1979;0.108
25.04.1979;0.108
26.04.1979;0.108
27.04.1979;0.118
28.04.1979;0.50208
29.04.1979;0.7375
30.04.1979;0.77083
1.05.1979;0.7
2.05.1979;0.60833
3.05.1979;0.52917
4.05.1979;0.46667
5.05.1979;0.42373
6.05.1979;0.39375
7.05.1979;0.36125
8.05.1979;0.33417
9.05.1979;0.315
10.05.1979;0.29333
11.05.1979;0.23917
12.05.1979;0.2825
13.05.1979;0.23083
14.05.1979;0.22397
15.05.1979;0.25125
16.05.1979;0.1923
17.05.1979;0.18772
18.05.1979;0.23125
19.05.1979;0.16625
20.05.1979;0.15958
21.05.1979;0.15583
22.05.1979;0.16938
23.05.1979;0.2125
24.05.1979;0.14333
25.05.1979;0.13625
26.05.1979;0.17917
27.05.1979;0.14292
28.05.1979;0.12833
29.05.1979;0.12167
30.05.1979;0.1175
31.05.1979;0.15688
1.06.1979;0.10958
2.06.1979;0.10458
3.06.1979;0.10542
4.06.1979;0.1425
5.06.1979;0.09833
6.06.1979;0.09605
7.06.1979;0.09272
8.06.1979;0.10333
9.06.1979;0.09625
10.06.1979;0.08792
11.06.1979;0.10375
12.06.1979;0.08438
13.06.1979;0.0975
14.06.1979;0.08105
15.06.1979;0.07938
16.06.1979;0.07833
17.06.1979;0.07667
18.06.1979;0.11667
19.06.1979;0.07833
20.06.1979;0.07605
21.06.1979;0.075
22.06.1979;0.07647
23.06.1979;0.07625
24.06.1979;0.07563
25.06.1979;0.13625
26.06.1979;0.09208
27.06.1979;0.07417
28.06.1979;0.07125
29.06.1979;0.06875
30.06.1979;0.06855
1.07.1979;0.11
2.07.1979;0.0675
3.07.1979;0.0673
4.07.1979;0.0825
5.07.1979;0.08292
6.07.1979;0.06583
7.07.1979;0.065
8.07.1979;0.065
9.07.1979;0.06542
10.07.1979;0.065
11.07.1979;0.06292
12.07.1979;0.06042
13.07.1979;0.05958
14.07.1979;0.10855
15.07.1979;0.07105
16.07.1979;0.05938
17.07.1979;0.06125
18.07.1979;0.0598
19.07.1979;0.05875
20.07.1979;0.05833
21.07.1979;0.0573
22.07.1979;0.05688
23.07.1979;0.05605
24.07.1979;0.09167
25.07.1979;0.05647
26.07.1979;0.05417
27.07.1979;0.05292
28.07.1979;0.05272
29.07.1979;0.05167
30.07.1979;0.05208
31.07.1979;0.05208
1.08.1979;0.05125
2.08.1979;0.05022
3.08.1979;0.05022
4.08.1979;0.05208
5.08.1979;0.09397
6.08.1979;0.0525
7.08.1979;0.05147
8.08.1979;0.05
9.08.1979;0.05
10.08.1979;0.04958
11.08.1979;0.04792
12.08.1979;0.04605
13.08.1979;0.07688
14.08.1979;0.04708
15.08.1979;0.04667
16.08.1979;0.04667
17.08.1979;0.04667
18.08.1979;0.04647
19.08.1979;0.04647
20.08.1979;0.04625
21.08.1979;0.04583
22.08.1979;0.04542
23.08.1979;0.045
24.08.1979;0.04458
25.08.1979;0.04417
26.08.1979;0.04375
27.08.1979;0.04333
28.08.1979;0.04333
29.08.1979;0.0425
30.08.1979;0.04167
31.08.1979;0.04063
1.09.1979;0.04083
2.09.1979;0.04125
3.09.1979;0.04083
4.09.1979;0.04022
5.09.1979;0.04
6.09.1979;0.03958
7.09.1979;0.03917
8.09.1979;0.03917
9.09.1979;0.03958
10.09.1979;0.03917
11.09.1979;0.03875
12.09.1979;0.03875
13.09.1979;0.03917
14.09.1979;0.03917
15.09.1979;0.03917
16.09.1979;0.03833
17.09.1979;0.0375
18.09.1979;0.0375
19.09.1979;0.03667
20.09.1979;0.03667
21.09.1979;0.03667
22.09.1979;0.03667
23.09.1979;0.03667
24.09.1979;0.03667
25.09.1979;0.03667
26.09.1979;0.03667
27.09.1979;0.03625
28.09.1979;0.03583
29.09.1979;0.03583
30.09.1979;0.03583
1.10.1979;0.03583
2.10.1979;0.03583
3.10.1979;0.03583
4.10.1979;0.03583
5.10.1979;0.03583
6.10.1979;0.03583
7.10.1979;0.03583
8.10.1979;0.03583
9.10.1979;0.03583
10.10.1979;0.03583
11.10.1979;0.03583
12.10.1979;0.03938
13.10.1979;0.04355
14.10.1979;0.04042
15.10.1979;0.04
16.10.1979;0.04042
17.10.1979;0.045
18.10.1979;0.05708
19.10.1979;0.08292
20.10.1979;0.0825
21.10.1979;0.06708
22.10.1979;0.06417
23.10.1979;0.04167
24.10.1979;0.11208
25.10.1979;0.09
26.10.1979;0.07292
27.10.1979;0.06855
28.10.1979;0.10188
29.10.1979;0.06375
30.10.1979;0.07625
31.10.1979;0.05938
1.11.1979;0.04083
2.11.1979;0.04083
3.11.1979;0.04125
4.11.1979;0.0423
5.11.1979;0.04208
6.11.1979;0.04125
7.11.1979;0.04083
8.11.1979;0.04083
9.11.1979;0.04083
10.11.1979;0.04083
11.11.1979;0.04167
12.11.1979;0.04167
13.11.1979;0.04167
14.11.1979;0.04083
15.11.1979;0.04083
16.11.1979;0.04022
17.11.1979;0.04022
18.11.1979;0.04042
19.11.1979;0.0398
20.11.1979;0.03917
21.11.1979;0.03917
22.11.1979;0.06855
23.11.1979;0.07073
24.11.1979;0.04583
25.11.1979;0.04333
26.11.1979;0.0423
27.11.1979;0.04105
28.11.1979;0.04042
29.11.1979;0.04063
30.11.1979;0.04063
1.12.1979;0.05917
2.12.1979;0.05522
3.12.1979;0.05333
4.12.1979;0.08897
5.12.1979;0.05897
6.12.1979;0.05333
7.12.1979;0.0525
8.12.1979;0.05167
9.12.1979;0.05125
10.12.1979;0.05083
11.12.1979;0.05105
12.12.1979;0.09272
13.12.1979;0.04875
14.12.1979;0.0475
15.12.1979;0.0475
16.12.1979;0.0473
17.12.1979;0.04625
18.12.1979;0.0698
19.12.1979;0.05708
20.12.1979;0.0448
21.12.1979;0.04563
22.12.1979;0.06458
23.12.1979;0.08167
24.12.1979;0.09333
25.12.1979;0.09832
26.12.1979;0.1523
27.12.1979;0.14417
28.12.1979;0.09917
29.12.1979;0.11333
30.12.1979;0.11708
31.12.1979;0.08563
1.01.1980;0.08605
2.01.1980;0.07917
3.01.1980;0.10208
4.01.1980;0.1073
5.01.1980;0.07
6.01.1980;0.08042
7.01.1980;0.09167
8.01.1980;0.08855
9.01.1980;0.06667
10.01.1980;0.06417
11.01.1980;0.06333
12.01.1980;0.06125
13.01.1980;0.06125
14.01.1980;0.06083
15.01.1980;0.12125
16.01.1980;0.06375
17.01.1980;0.06022
18.01.1980;0.0575
19.01.1980;0.05688
20.01.1980;0.05667
21.01.1980;0.055
22.01.1980;0.09667
23.01.1980;0.07625
24.01.1980;0.05813
25.01.1980;0.05583
26.01.1980;0.06833
27.01.1980;0.05292
28.01.1980;0.05125
29.01.1980;0.07292
30.01.1980;0.05063
31.01.1980;0.05042
1.02.1980;0.05
2.02.1980;0.05042
3.02.1980;0.05625
4.02.1980;0.06083
5.02.1980;0.06272
6.02.1980;0.10375
7.02.1980;0.06438
8.02.1980;0.06042
9.02.1980;0.08042
10.02.1980;0.08917
11.02.1980;0.09458
12.02.1980;0.1
13.02.1980;0.15542
14.02.1980;0.16875
15.02.1980;0.14105
16.02.1980;0.16792
17.02.1980;0.14583
18.02.1980;0.13272
19.02.1980;0.15333
20.02.1980;0.14417
21.02.1980;0.11375
22.02.1980;0.11458
23.02.1980;0.1325
24.02.1980;0.15
25.02.1980;0.1125
26.02.1980;0.12583
27.02.1980;0.14
28.02.1980;0.11
29.02.1980;0.10667
1.03.1980;0.10667
2.03.1980;0.15772
3.03.1980;0.1075
4.03.1980;0.10083
5.03.1980;0.12542
6.03.1980;0.09333
7.03.1980;0.09167
8.03.1980;0.095
9.03.1980;0.0948
10.03.1980;0.10292
11.03.1980;0.15563
12.03.1980;0.14792
13.03.1980;0.12125
14.03.1980;0.13
15.03.1980;0.18542
16.03.1980;0.1623
17.03.1980;0.15417
18.03.1980;0.22897
19.03.1980;0.20833
20.03.1980;0.21042
21.03.1980;0.20917
22.03.1980;0.16272
23.03.1980;0.21105
24.03.1980;0.24417
25.03.1980;0.39792
26.03.1980;0.45625
27.03.1980;0.47708
28.03.1980;0.50833
29.03.1980;0.54583
30.03.1980;0.54375
31.03.1980;0.49583
1.04.1980;0.44792
2.04.1980;0.4
3.04.1980;0.35833
4.04.1980;0.325
5.04.1980;0.29667
6.04.1980;0.2675
7.04.1980;0.26458
8.04.1980;0.27292
9.04.1980;0.28083
10.04.1980;0.27292
11.04.1980;0.26125
12.04.1980;0.2275
13.04.1980;0.22605
14.04.1980;0.24333
15.04.1980;0.21897
16.04.1980;0.17802
17.04.1980;0.23625
18.04.1980;0.175
19.04.1980;0.16813
20.04.1980;0.21042
21.04.1980;0.1474
22.04.1980;0.17708
23.04.1980;0.14083
24.04.1980;0.1598
25.04.1980;0.15893
26.04.1980;0.15605
27.04.1980;0.15857
28.04.1980;0.12167
29.04.1980;0.13042
30.04.1980;0.1775
1.05.1980;0.20542
2.05.1980;0.2
3.05.1980;0.20417
4.05.1980;0.18458
5.05.1980;0.20875
6.05.1980;0.25708
7.05.1980;0.23083
8.05.1980;0.22667
9.05.1980;0.205
10.05.1980;0.24417
11.05.1980;0.1823
12.05.1980;0.19792
13.05.1980;0.20958
14.05.1980;0.17305
15.05.1980;0.18897
16.05.1980;0.17355
17.05.1980;0.14792
18.05.1980;0.14292
19.05.1980;0.1975
20.05.1980;0.15397
21.05.1980;0.13397
22.05.1980;0.12958
23.05.1980;0.14375
24.05.1980;0.17147
25.05.1980;0.13438
26.05.1980;0.12458
27.05.1980;0.12083
28.05.1980;0.11958
29.05.1980;0.11708
30.05.1980;0.1123
31.05.1980;0.11605
1.06.1980;0.11105
2.06.1980;0.10792
3.06.1980;0.11407
4.06.1980;0.1023
5.06.1980;0.09855
6.06.1980;0.09875
7.06.1980;0.09708
8.06.1980;0.08875
9.06.1980;0.08333
10.06.1980;0.0798
11.06.1980;0.0773
12.06.1980;0.07583
13.06.1980;0.07417
14.06.1980;0.07292
15.06.1980;0.07498
16.06.1980;0.10083
17.06.1980;0.07375
18.06.1980;0.0763
19.06.1980;0.07083
20.06.1980;0.07022
21.06.1980;0.0698
22.06.1980;0.06958
23.06.1980;0.13
24.06.1980;0.08105
25.06.1980;0.07458
26.06.1980;0.07272
27.06.1980;0.07167
28.06.1980;0.12105
29.06.1980;0.08625
30.06.1980;0.08147
1.07.1980;0.07542
2.07.1980;0.08083
3.07.1980;0.11833
4.07.1980;0.17313
5.07.1980;0.10563
6.07.1980;0.12772
7.07.1980;0.14022
8.07.1980;0.11083
9.07.1980;0.10813
10.07.1980;0.14813
11.07.1980;0.11188
12.07.1980;0.08813
13.07.1980;0.12105
14.07.1980;0.08522
15.07.1980;0.0823
16.07.1980;0.10188
17.07.1980;0.07477
18.07.1980;0.09125
19.07.1980;0.07625
20.07.1980;0.07375
21.07.1980;0.07333
22.07.1980;0.0725
23.07.1980;0.07525
24.07.1980;0.06897
25.07.1980;0.09708
26.07.1980;0.08917
27.07.1980;0.06583
28.07.1980;0.06292
29.07.1980;0.06105
30.07.1980;0.06042
31.07.1980;0.10333
1.08.1980;0.05995
2.08.1980;0.0555
3.08.1980;0.05468
4.08.1980;0.0555
5.08.1980;0.05692
6.08.1980;0.06502
7.08.1980;0.06907
8.08.1980;0.0551
9.08.1980;0.0794
10.08.1980;0.07495
11.08.1980;0.0551
12.08.1980;0.05468
13.08.1980;0.0798
14.08.1980;0.06298
15.08.1980;0.0563
16.08.1980;0.0575
17.08.1980;0.10667
18.08.1980;0.05897
19.08.1980;0.06083
20.08.1980;0.05917
21.08.1980;0.05833
22.08.1980;0.05813
23.08.1980;0.05667
24.08.1980;0.05417
25.08.1980;0.05542
26.08.1980;0.05417
27.08.1980;0.05333
28.08.1980;0.08417
29.08.1980;0.05917
30.08.1980;0.05333
31.08.1980;0.05272
1.09.1980;0.0523
2.09.1980;0.0523
3.09.1980;0.05083
4.09.1980;0.05063
5.09.1980;0.05
6.09.1980;0.0498
7.09.1980;0.05022
8.09.1980;0.05063
9.09.1980;0.05
10.09.1980;0.10208
11.09.1980;0.06917
12.09.1980;0.06813
13.09.1980;0.06667
14.09.1980;0.12125
15.09.1980;0.06563
16.09.1980;0.08167
17.09.1980;0.06125
18.09.1980;0.06022
19.09.1980;0.095
20.09.1980;0.05875
21.09.1980;0.05772
22.09.1980;0.0573
23.09.1980;0.05708
24.09.1980;0.1
25.09.1980;0.05583
26.09.1980;0.05355
27.09.1980;0.05333
28.09.1980;0.05313
29.09.1980;0.0523
30.09.1980;0.05167
1.10.1980;0.09167
2.10.1980;0.05167
3.10.1980;0.05022
4.10.1980;0.0475
5.10.1980;0.04667
6.10.1980;0.07397
7.10.1980;0.0475
8.10.1980;0.04667
9.10.1980;0.04667
10.10.1980;0.04563
11.10.1980;0.05063
12.10.1980;0.05272
13.10.1980;0.10875
14.10.1980;0.15958
15.10.1980;0.1525
16.10.1980;0.13792
17.10.1980;0.10417
18.10.1980;0.11313
19.10.1980;0.13542
20.10.1980;0.23438
21.10.1980;0.26875
22.10.1980;0.2375
23.10.1980;0.20958
24.10.1980;0.18938
25.10.1980;0.14708
26.10.1980;0.17958
27.10.1980;0.12375
28.10.1980;0.14147
29.10.1980;0.11625
30.10.1980;0.09643
31.10.1980;0.09147
1.11.1980;0.145
2.11.1980;0.08772
3.11.1980;0.08292
4.11.1980;0.13125
5.11.1980;0.08792
6.11.1980;0.12417
7.11.1980;0.59583
8.11.1980;0.61667
9.11.1980;0.53333
10.11.1980;0.47917
11.11.1980;0.44167
12.11.1980;0.375
13.11.1980;0.32917
14.11.1980;0.28958
15.11.1980;0.2625
16.11.1980;0.22083
17.11.1980;0.19833
18.11.1980;0.205
19.11.1980;0.26708
20.11.1980;0.19208
21.11.1980;0.15292
22.11.1980;0.19792
23.11.1980;0.15333
24.11.1980;0.13667
25.11.1980;0.13667
26.11.1980;0.18
27.11.1980;0.1763
28.11.1980;0.24375
29.11.1980;0.43333
30.11.1980;0.39167
1.12.1980;0.34792
2.12.1980;0.325
3.12.1980;0.30667
4.12.1980;0.28333
5.12.1980;0.26667
6.12.1980;0.22167
7.12.1980;0.26083
8.12.1980;0.19458
9.12.1980;0.21375
10.12.1980;0.1799
11.12.1980;0.21375
12.12.1980;0.16
13.12.1980;0.18708
14.12.1980;0.14667
15.12.1980;0.16208
16.12.1980;0.18875
17.12.1980;0.14167
18.12.1980;0.13167
19.12.1980;0.13167
20.12.1980;0.15708
21.12.1980;0.1825
22.12.1980;0.16667
23.12.1980;0.17667
24.12.1980;0.22333
25.12.1980;0.1975
26.12.1980;0.18333
27.12.1980;0.1469
28.12.1980;0.18667
29.12.1980;0.19522
30.12.1980;0.165
31.12.1980;0.16417
1.01.1981;0.165
2.01.1981;0.22333
3.01.1981;0.16167
4.01.1981;0.16
5.01.1981;0.1575
6.01.1981;0.19958
7.01.1981;0.16105
8.01.1981;0.15833
9.01.1981;0.12792
10.01.1981;0.1473
11.01.1981;0.14375
12.01.1981;0.13625
13.01.1981;0.12333
14.01.1981;0.1525
15.01.1981;0.13667
16.01.1981;0.1175
17.01.1981;0.13897
18.01.1981;0.11
19.01.1981;0.1075
20.01.1981;0.105
21.01.1981;0.15458
22.01.1981;0.1
23.01.1981;0.09667
24.01.1981;0.12417
25.01.1981;0.095
26.01.1981;0.09583
27.01.1981;0.0925
28.01.1981;0.09167
29.01.1981;0.09
30.01.1981;0.13625
31.01.1981;0.0875
1.02.1981;0.08667
2.02.1981;0.085
3.02.1981;0.13022
4.02.1981;0.08833
5.02.1981;0.08495
6.02.1981;0.08167
7.02.1981;0.07833
8.02.1981;0.0775
9.02.1981;0.07938
10.02.1981;0.13433
11.02.1981;0.08583
12.02.1981;0.082
13.02.1981;0.07833
14.02.1981;0.10625
15.02.1981;0.07583
16.02.1981;0.07333
17.02.1981;0.07333
18.02.1981;0.09625
19.02.1981;0.08727
20.02.1981;0.0725
21.02.1981;0.07
22.02.1981;0.07083
23.02.1981;0.0723
24.02.1981;0.07167
25.02.1981;0.09605
26.02.1981;0.08168
27.02.1981;0.06833
28.02.1981;0.06833
1.03.1981;0.06717
2.03.1981;0.0675
3.03.1981;0.06833
4.03.1981;0.067
5.03.1981;0.06667
6.03.1981;0.10875
7.03.1981;0.07958
8.03.1981;0.06917
9.03.1981;0.08
10.03.1981;0.12458
11.03.1981;0.21458
12.03.1981;0.21233
13.03.1981;0.21833
14.03.1981;0.21
15.03.1981;0.185
16.03.1981;0.185
17.03.1981;0.33667
18.03.1981;0.42998
19.03.1981;0.40995
20.03.1981;0.36333
21.03.1981;0.31667
22.03.1981;0.28333
23.03.1981;0.26667
24.03.1981;0.2455
25.03.1981;0.19667
26.03.1981;0.22917
27.03.1981;0.20333
28.03.1981;0.17167
29.03.1981;0.19667
30.03.1981;0.14667
31.03.1981;0.185
1.04.1981;0.16542
2.04.1981;0.135
3.04.1981;0.17458
4.04.1981;0.13
5.04.1981;0.12667
6.04.1981;0.12
7.04.1981;0.1675
8.04.1981;0.115
9.04.1981;0.12967
10.04.1981;0.1305
11.04.1981;0.10667
12.04.1981;0.11967
13.04.1981;0.133
14.04.1981;0.10167
15.04.1981;0.09833
16.04.1981;0.09667
17.04.1981;0.095
18.04.1981;0.1505
19.04.1981;0.09333
20.04.1981;0.08833
21.04.1981;0.08667
22.04.1981;0.08667
23.04.1981;0.09833
24.04.1981;0.13383
25.04.1981;0.09917
26.04.1981;0.095
27.04.1981;0.09
28.04.1981;0.08833
29.04.1981;0.09
30.04.1981;0.085
1.05.1981;0.085
2.05.1981;0.08333
3.05.1981;0.08
4.05.1981;0.08167
5.05.1981;0.0825
6.05.1981;0.07967
7.05.1981;0.08
8.05.1981;0.07667
9.05.1981;0.07617
10.05.1981;0.075
11.05.1981;0.0755
12.05.1981;0.07483
13.05.1981;0.07183
14.05.1981;0.06467
15.05.1981;0.062
16.05.1981;0.06167
17.05.1981;0.0615
18.05.1981;0.0625
19.05.1981;0.06333
20.05.1981;0.06365
21.05.1981;0.06317
22.05.1981;0.06283
23.05.1981;0.10767
24.05.1981;0.06333
25.05.1981;0.06183
26.05.1981;0.06117
27.05.1981;0.06183
28.05.1981;0.081
29.05.1981;0.06083
30.05.1981;0.05933
31.05.1981;0.06
1.06.1981;0.0795
2.06.1981;0.05917
3.06.1981;0.05817
4.06.1981;0.05782
5.06.1981;0.06133
6.06.1981;0.06883
7.06.1981;0.2705
8.06.1981;0.37667
9.06.1981;0.30667
10.06.1981;0.24833
11.06.1981;0.23833
12.06.1981;0.23333
13.06.1981;0.22
14.06.1981;0.20167
15.06.1981;0.18333
16.06.1981;0.17167
17.06.1981;0.135
18.06.1981;0.1475
19.06.1981;0.16917
20.06.1981;0.14567
21.06.1981;0.11333
22.06.1981;0.13983
23.06.1981;0.12483
24.06.1981;0.13217
25.06.1981;0.10083
26.06.1981;0.0975
27.06.1981;0.14717
28.06.1981;0.10083
29.06.1981;0.12267
30.06.1981;0.13417
1.07.1981;0.11583
2.07.1981;0.11467
3.07.1981;0.15467
4.07.1981;0.10083
5.07.1981;0.11782
6.07.1981;0.09667
7.07.1981;0.0925
8.07.1981;0.09333
9.07.1981;0.15183
10.07.1981;0.09
11.07.1981;0.08667
12.07.1981;0.10767
13.07.1981;0.08417
14.07.1981;0.07983
15.07.1981;0.07683
16.07.1981;0.0765
17.07.1981;0.07567
18.07.1981;0.07667
19.07.1981;0.13267
20.07.1981;0.08167
21.07.1981;0.07083
22.07.1981;0.097
23.07.1981;0.07433
24.07.1981;0.06667
25.07.1981;0.06383
26.07.1981;0.06317
27.07.1981;0.0625
28.07.1981;0.06167
29.07.1981;0.06133
30.07.1981;0.06117
31.07.1981;0.08617
1.08.1981;0.06033
2.08.1981;0.05967
3.08.1981;0.05833
4.08.1981;0.05833
5.08.1981;0.08895
6.08.1981;0.05917
7.08.1981;0.0575
8.08.1981;0.0565
9.08.1981;0.055
10.08.1981;0.055
11.08.1981;0.055
12.08.1981;0.05533
13.08.1981;0.055
14.08.1981;0.05417
15.08.1981;0.05333
16.08.1981;0.053
17.08.1981;0.05333
18.08.1981;0.05333
19.08.1981;0.053
20.08.1981;0.053
21.08.1981;0.1148
22.08.1981;0.05417
23.08.1981;0.05167
24.08.1981;0.05167
25.08.1981;0.05
26.08.1981;0.04917
27.08.1981;0.04917
28.08.1981;0.04867
29.08.1981;0.04833
30.08.1981;0.04717
31.08.1981;0.04667
1.09.1981;0.0475
2.09.1981;0.04667
3.09.1981;0.04617
4.09.1981;0.06838
5.09.1981;0.06758
6.09.1981;0.045
7.09.1981;0.045
8.09.1981;0.045
9.09.1981;0.04467
10.09.1981;0.04417
11.09.1981;0.04367
12.09.1981;0.04333
13.09.1981;0.04333
14.09.1981;0.04333
15.09.1981;0.0425
16.09.1981;0.0425
17.09.1981;0.0425
18.09.1981;0.0425
19.09.1981;0.07433
20.09.1981;0.04708
21.09.1981;0.04167
22.09.1981;0.04083
23.09.1981;0.0405
24.09.1981;0.04
25.09.1981;0.04033
26.09.1981;0.04
27.09.1981;0.0395
28.09.1981;0.0395
29.09.1981;0.03933
30.09.1981;0.03917
1.10.1981;0.03917
2.10.1981;0.0395
3.10.1981;0.0395
4.10.1981;0.03917
5.10.1981;0.03933
6.10.1981;0.06805
7.10.1981;0.045
8.10.1981;0.0425
9.10.1981;0.04083
10.10.1981;0.04083
11.10.1981;0.04167
12.10.1981;0.04167
13.10.1981;0.04033
14.10.1981;0.04
15.10.1981;0.04
16.10.1981;0.03917
17.10.1981;0.03917
18.10.1981;0.03917
19.10.1981;0.03917
20.10.1981;0.04
21.10.1981;0.03883
22.10.1981;0.03867
23.10.1981;0.03833
24.10.1981;0.03817
25.10.1981;0.03783
26.10.1981;0.03783
27.10.1981;0.03833
28.10.1981;0.0375
29.10.1981;0.03683
30.10.1981;0.037
31.10.1981;0.037
1.11.1981;0.0375
2.11.1981;0.03833
3.11.1981;0.037
4.11.1981;0.03667
5.11.1981;0.0365
6.11.1981;0.036
7.11.1981;0.03633
8.11.1981;0.03633
9.11.1981;0.03633
10.11.1981;0.03583
11.11.1981;0.03533
12.11.1981;0.035
13.11.1981;0.035
14.11.1981;0.035
15.11.1981;0.03467
16.11.1981;0.03533
17.11.1981;0.035
18.11.1981;0.03467
19.11.1981;0.03433
20.11.1981;0.03383
21.11.1981;0.034
22.11.1981;0.03367
23.11.1981;0.035
24.11.1981;0.035
25.11.1981;0.03467
26.11.1981;0.03483
27.11.1981;0.03433
28.11.1981;0.03433
29.11.1981;0.03467
30.11.1981;0.03433
1.12.1981;0.03433
2.12.1981;0.03467
3.12.1981;0.03467
4.12.1981;0.03417
5.12.1981;0.03417
6.12.1981;0.03367
7.12.1981;0.03367
8.12.1981;0.034
9.12.1981;0.034
10.12.1981;0.03383
11.12.1981;0.03467
12.12.1981;0.034
13.12.1981;0.03667
14.12.1981;0.0368
15.12.1981;0.0359
16.12.1981;0.03555
17.12.1981;0.03492
18.12.1981;0.03367
19.12.1981;0.03492
20.12.1981;0.03467
21.12.1981;0.0345
22.12.1981;0.03483
23.12.1981;0.0355
24.12.1981;0.03538
25.12.1981;0.03538
26.12.1981;0.03608
27.12.1981;0.03888
28.12.1981;0.04092
29.12.1981;0.04162
30.12.1981;0.04667
31.12.1981;0.0873
1.01.1982;0.09292
2.01.1982;0.24208
3.01.1982;0.27375
4.01.1982;0.21167
5.01.1982;0.17575
6.01.1982;0.19992
7.01.1982;0.30458
8.01.1982;0.28167
9.01.1982;0.23658
10.01.1982;0.17805
11.01.1982;0.15958
12.01.1982;0.13772
13.01.1982;0.12647
14.01.1982;0.11092
15.01.1982;0.10458
16.01.1982;0.09903
17.01.1982;0.14522
18.01.1982;0.10292
19.01.1982;0.09867
20.01.1982;0.09688
21.01.1982;0.09022
22.01.1982;0.10052
23.01.1982;0.08755
24.01.1982;0.08203
25.01.1982;0.08203
26.01.1982;0.08088
27.01.1982;0.07853
28.01.1982;0.07778
29.01.1982;0.07662
30.01.1982;0.0748
31.01.1982;0.07158
1.02.1982;0.07067
2.02.1982;0.06778
3.02.1982;0.0657
4.02.1982;0.06175
5.02.1982;0.06133
6.02.1982;0.06117
7.02.1982;0.06088
8.02.1982;0.06055
9.02.1982;0.0628
10.02.1982;0.06355
11.02.1982;0.05783
12.02.1982;0.05733
13.02.1982;0.05713
14.02.1982;0.05495
15.02.1982;0.05703
16.02.1982;0.05633
17.02.1982;0.05542
18.02.1982;0.0545
19.02.1982;0.0543
20.02.1982;0.05308
21.02.1982;0.05108
22.02.1982;0.0513
23.02.1982;0.05467
24.02.1982;0.05397
25.02.1982;0.0542
26.02.1982;0.05258
27.02.1982;0.05225
28.02.1982;0.05075
1.03.1982;0.05092
2.03.1982;0.05233
3.03.1982;0.05703
4.03.1982;0.0675
5.03.1982;0.07208
6.03.1982;0.07392
7.03.1982;0.07653
8.03.1982;0.07947
9.03.1982;0.08408
10.03.1982;0.09
11.03.1982;0.09355
12.03.1982;0.10112
13.03.1982;0.11305
14.03.1982;0.12042
15.03.1982;0.15278
16.03.1982;0.11933
17.03.1982;0.14083
18.03.1982;0.16263
19.03.1982;0.12367
20.03.1982;0.1948
21.03.1982;0.17025
22.03.1982;0.15567
23.03.1982;0.19375
24.03.1982;0.20167
25.03.1982;0.1825
26.03.1982;0.18855
27.03.1982;0.2048
28.03.1982;0.22792
29.03.1982;0.23522
30.03.1982;0.23042
31.03.1982;0.20897
1.04.1982;0.19125
2.04.1982;0.15438
3.04.1982;0.1548
4.04.1982;0.17365
5.04.1982;0.11945
6.04.1982;0.10975
7.04.1982;0.172
8.04.1982;0.10783
9.04.1982;0.10162
10.04.1982;0.09883
11.04.1982;0.16708
12.04.1982;0.0962
13.04.1982;0.09172
14.04.1982;0.0875
15.04.1982;0.08403
16.04.1982;0.08108
17.04.1982;0.08313
18.04.1982;0.16625
19.04.1982;0.08328
20.04.1982;0.09972
21.04.1982;0.09313
22.04.1982;0.08967
23.04.1982;0.07342
24.04.1982;0.07195
25.04.1982;0.06963
26.04.1982;0.07042
27.04.1982;0.1157
28.04.1982;0.07075
29.04.1982;0.06933
30.04.1982;0.06842
1.05.1982;0.06717
2.05.1982;0.09305
3.05.1982;0.08272
4.05.1982;0.06408
5.05.1982;0.06283
6.05.1982;0.06258
7.05.1982;0.06153
8.05.1982;0.05958
9.05.1982;0.05908
10.05.1982;0.08858
11.05.1982;0.10575
12.05.1982;0.06047
13.05.1982;0.0598
14.05.1982;0.06005
15.05.1982;0.10833
16.05.1982;0.0602
17.05.1982;0.0645
18.05.1982;0.1007
19.05.1982;0.06208
20.05.1982;0.06125
21.05.1982;0.05772
22.05.1982;0.10533
23.05.1982;0.06633
24.05.1982;0.05775
25.05.1982;0.06828
26.05.1982;0.05733
27.05.1982;0.1035
28.05.1982;0.0618
29.05.1982;0.05833
30.05.1982;0.05687
31.05.1982;0.0607
1.06.1982;0.05933
2.06.1982;0.11458
3.06.1982;0.06995
4.06.1982;0.05787
5.06.1982;0.09188
6.06.1982;0.05813
7.06.1982;0.05713
8.06.1982;0.0825
9.06.1982;0.05617
10.06.1982;0.05362
11.06.1982;0.0528
12.06.1982;0.05417
13.06.1982;0.07612
14.06.1982;0.07672
15.06.1982;0.0532
16.06.1982;0.05175
17.06.1982;0.0725
18.06.1982;0.0505
19.06.1982;0.07425
20.06.1982;0.04983
21.06.1982;0.04925
22.06.1982;0.04908
23.06.1982;0.04883
24.06.1982;0.04783
25.06.1982;0.0475
26.06.1982;0.04633
27.06.1982;0.04717
28.06.1982;0.04717
29.06.1982;0.09412
30.06.1982;0.04755
1.07.1982;0.04695
2.07.1982;0.04583
3.07.1982;0.04583
4.07.1982;0.04633
5.07.1982;0.04567
6.07.1982;0.04542
7.07.1982;0.04525
8.07.1982;0.0445
9.07.1982;0.04417
10.07.1982;0.044
11.07.1982;0.04375
12.07.1982;0.04433
13.07.1982;0.04417
14.07.1982;0.04367
15.07.1982;0.04308
16.07.1982;0.042
17.07.1982;0.04183
18.07.1982;0.06883
19.07.1982;0.09945
20.07.1982;0.04333
21.07.1982;0.04108
22.07.1982;0.04225
23.07.1982;0.04175
24.07.1982;0.041
25.07.1982;0.0405
26.07.1982;0.04133
27.07.1982;0.04305
28.07.1982;0.04422
29.07.1982;0.04358
30.07.1982;0.04275
31.07.1982;0.08345
1.08.1982;0.042
2.08.1982;0.04167
3.08.1982;0.04133
4.08.1982;0.04092
5.08.1982;0.04092
6.08.1982;0.04025
7.08.1982;0.04008
8.08.1982;0.03967
9.08.1982;0.03983
10.08.1982;0.04017
11.08.1982;0.03983
12.08.1982;0.03883
13.08.1982;0.0385
14.08.1982;0.07778
15.08.1982;0.03775
16.08.1982;0.03808
17.08.1982;0.03833
18.08.1982;0.03792
19.08.1982;0.0582
20.08.1982;0.03753
21.08.1982;0.03712
22.08.1982;0.0413
23.08.1982;0.03747
24.08.1982;0.03667
25.08.1982;0.03655
26.08.1982;0.03597
27.08.1982;0.03567
28.08.1982;0.03542
29.08.1982;0.03508
30.08.1982;0.03542
31.08.1982;0.036
1.09.1982;0.03508
2.09.1982;0.03448
3.09.1982;0.03408
4.09.1982;0.03397
5.09.1982;0.0338
6.09.1982;0.03433
7.09.1982;0.07327
8.09.1982;0.03397
9.09.1982;0.03367
10.09.1982;0.03333
11.09.1982;0.03308
12.09.1982;0.033
13.09.1982;0.03292
14.09.1982;0.03317
15.09.1982;0.05058
16.09.1982;0.03242
17.09.1982;0.03225
18.09.1982;0.03167
19.09.1982;0.0315
20.09.1982;0.03133
21.09.1982;0.03133
22.09.1982;0.0315
23.09.1982;0.03125
24.09.1982;0.03125
25.09.1982;0.03078
26.09.1982;0.0305
27.09.1982;0.03042
28.09.1982;0.03087
29.09.1982;0.03062
30.09.1982;0.03
1.10.1982;0.02983
2.10.1982;0.02962
3.10.1982;0.02962
4.10.1982;0.02988
5.10.1982;0.03025
6.10.1982;0.03005
7.10.1982;0.03
8.10.1982;0.02967
9.10.1982;0.02918
10.10.1982;0.02875
11.10.1982;0.02858
12.10.1982;0.02953
13.10.1982;0.02958
14.10.1982;0.02975
15.10.1982;0.03058
16.10.1982;0.0305
17.10.1982;0.03017
18.10.1982;0.03042
19.10.1982;0.03013
20.10.1982;0.03002
21.10.1982;0.03008
22.10.1982;0.02992
23.10.1982;0.02992
24.10.1982;0.02967
25.10.1982;0.0295
26.10.1982;0.03
27.10.1982;0.03
28.10.1982;0.03
29.10.1982;0.03
30.10.1982;0.02983
31.10.1982;0.02875
1.11.1982;0.03067
2.11.1982;0.029
3.11.1982;0.03008
4.11.1982;0.03008
5.11.1982;0.02983
6.11.1982;0.02992
7.11.1982;0.02975
8.11.1982;0.02967
9.11.1982;0.0297
10.11.1982;0.0295
11.11.1982;0.02892
12.11.1982;0.02858
13.11.1982;0.02883
14.11.1982;0.02942
15.11.1982;0.03825
16.11.1982;0.045
17.11.1982;0.04492
18.11.1982;0.044
19.11.1982;0.03127
20.11.1982;0.10125
21.11.1982;0.06042
22.11.1982;0.0432
23.11.1982;0.04167
24.11.1982;0.04133
25.11.1982;0.0405
26.11.1982;0.04
27.11.1982;0.05898
28.11.1982;0.05967
29.11.1982;0.03875
30.11.1982;0.03842
1.12.1982;0.03733
2.12.1982;0.03667
3.12.1982;0.03625
4.12.1982;0.03517
5.12.1982;0.03517
6.12.1982;0.03567
7.12.1982;0.03542
8.12.1982;0.035
9.12.1982;0.05772
10.12.1982;0.061
11.12.1982;0.035
12.12.1982;0.03467
13.12.1982;0.03408
14.12.1982;0.03383
15.12.1982;0.03317
16.12.1982;0.034
17.12.1982;0.03417
18.12.1982;0.03492
19.12.1982;0.0615
20.12.1982;0.065
21.12.1982;0.06222
22.12.1982;0.08967
23.12.1982;0.3075
24.12.1982;0.50208
25.12.1982;0.46875
26.12.1982;0.365
27.12.1982;0.295
28.12.1982;0.25313
29.12.1982;0.19583
30.12.1982;0.20208
31.12.1982;0.18188
1.01.1983;0.13125
2.01.1983;0.16708
3.01.1983;0.11783
4.01.1983;0.1125
5.01.1983;0.13278
6.01.1983;0.14333
7.01.1983;0.093
8.01.1983;0.08833
9.01.1983;0.08425
10.01.1983;0.13557
11.01.1983;0.08597
12.01.1983;0.07938
13.01.1983;0.07708
14.01.1983;0.1318
15.01.1983;0.08125
16.01.1983;0.07833
17.01.1983;0.07563
18.01.1983;0.07397
19.01.1983;0.12333
20.01.1983;0.07083
21.01.1983;0.0675
22.01.1983;0.06625
23.01.1983;0.09083
24.01.1983;0.0678
25.01.1983;0.06275
26.01.1983;0.06092
27.01.1983;0.06103
28.01.1983;0.06153
29.01.1983;0.06158
30.01.1983;0.06022
31.01.1983;0.06163
1.02.1983;0.06275
2.02.1983;0.10975
3.02.1983;0.08063
4.02.1983;0.05737
5.02.1983;0.05667
6.02.1983;0.05675
7.02.1983;0.05963
8.02.1983;0.05867
9.02.1983;0.08158
10.02.1983;0.07925
11.02.1983;0.08147
12.02.1983;0.29083
13.02.1983;0.26875
14.02.1983;0.26292
15.02.1983;0.22573
16.02.1983;0.19917
17.02.1983;0.1823
18.02.1983;0.18722
19.02.1983;0.14967
20.02.1983;0.14383
21.02.1983;0.19675
22.02.1983;0.14008
23.02.1983;0.125
24.02.1983;0.11
25.02.1983;0.10483
26.02.1983;0.166
27.02.1983;0.11675
28.02.1983;0.10658
1.03.1983;0.10313
2.03.1983;0.14417
3.03.1983;0.12042
4.03.1983;0.12633
5.03.1983;0.19458
6.03.1983;0.15687
7.03.1983;0.15375
8.03.1983;0.26103
9.03.1983;0.24313
10.03.1983;0.24792
11.03.1983;0.2427
12.03.1983;0.22542
13.03.1983;0.20708
14.03.1983;0.19687
15.03.1983;0.17708
16.03.1983;0.1775
17.03.1983;0.17625
18.03.1983;0.1423
19.03.1983;0.15658
20.03.1983;0.12083
21.03.1983;0.11992
22.03.1983;0.19167
23.03.1983;0.13687
24.03.1983;0.1398
25.03.1983;0.10897
26.03.1983;0.40127
27.03.1983;0.97917
28.03.1983;0.95833
29.03.1983;0.80625
30.03.1983;0.67083
31.03.1983;0.56585
1.04.1983;0.49108
2.04.1983;0.43565
3.04.1983;0.39422
4.04.1983;0.36667
5.04.1983;0.36375
6.04.1983;0.35042
7.04.1983;0.32833
8.04.1983;0.305
9.04.1983;0.2825
10.04.1983;0.26375
11.04.1983;0.23792
12.04.1983;0.21782
13.04.1983;0.26958
14.04.1983;0.22147
15.04.1983;0.18458
16.04.1983;0.22542
17.04.1983;0.1675
18.04.1983;0.16353
19.04.1983;0.22563
20.04.1983;0.11647
21.04.1983;0.16603
22.04.1983;0.15897
23.04.1983;0.13687
24.04.1983;0.1827
25.04.1983;0.13042
26.04.1983;0.12437
27.04.1983;0.16458
28.04.1983;0.1323
29.04.1983;0.11433
30.04.1983;0.11083
1.05.1983;0.15133
2.05.1983;0.1185
3.05.1983;0.10917
4.05.1983;0.14192
5.05.1983;0.11292
6.05.1983;0.18063
7.05.1983;0.17392
8.05.1983;0.18342
9.05.1983;0.1897
10.05.1983;0.3
11.05.1983;0.50707
12.05.1983;0.64537
13.05.1983;0.53102
14.05.1983;0.48877
15.05.1983;0.4162
16.05.1983;0.34125
17.05.1983;0.32583
18.05.1983;0.295
19.05.1983;0.26792
20.05.1983;0.21647
21.05.1983;0.22103
22.05.1983;0.23083
23.05.1983;0.21125
24.05.1983;0.17292
25.05.1983;0.1673
26.05.1983;0.225
27.05.1983;0.17417
28.05.1983;0.14258
29.05.1983;0.13458
30.05.1983;0.1285
31.05.1983;0.12385
1.06.1983;0.11958
2.06.1983;0.11358
3.06.1983;0.1095
4.06.1983;0.15103
5.06.1983;0.10417
6.06.1983;0.10125
7.06.1983;0.1285
8.06.1983;0.09733
9.06.1983;0.11283
10.06.1983;0.10708
11.06.1983;0.10153
12.06.1983;0.09875
13.06.1983;0.09713
14.06.1983;0.09933
15.06.1983;0.09213
16.06.1983;0.0882
17.06.1983;0.08492
18.06.1983;0.08142
19.06.1983;0.07775
20.06.1983;0.08792
21.06.1983;0.07145
22.06.1983;0.07308
23.06.1983;0.07142
24.06.1983;0.06967
25.06.1983;0.06917
26.06.1983;0.06733
27.06.1983;0.08933
28.06.1983;0.08583
29.06.1983;0.06592
30.06.1983;0.06412
1.07.1983;0.06267
2.07.1983;0.06175
3.07.1983;0.06117
4.07.1983;0.0615
5.07.1983;0.06083
6.07.1983;0.06025
7.07.1983;0.05942
8.07.1983;0.05917
9.07.1983;0.05825
10.07.1983;0.05717
11.07.1983;0.05675
12.07.1983;0.05667
13.07.1983;0.05658
14.07.1983;0.05667
15.07.1983;0.11167
16.07.1983;0.05658
17.07.1983;0.05525
18.07.1983;0.05433
19.07.1983;0.05342
20.07.1983;0.05283
21.07.1983;0.05225
22.07.1983;0.051
23.07.1983;0.05033
24.07.1983;0.05033
25.07.1983;0.05017
26.07.1983;0.04942
27.07.1983;0.08158
28.07.1983;0.05775
29.07.1983;0.06183
30.07.1983;0.05292
31.07.1983;0.05117
1.08.1983;0.05067
2.08.1983;0.05067
3.08.1983;0.05017
4.08.1983;0.04967
5.08.1983;0.04933
6.08.1983;0.0485
7.08.1983;0.04792
8.08.1983;0.04775
9.08.1983;0.04733
10.08.1983;0.04683
11.08.1983;0.04658
12.08.1983;0.04642
13.08.1983;0.04617
14.08.1983;0.0455
15.08.1983;0.0455
16.08.1983;0.04508
17.08.1983;0.04467
18.08.1983;0.04392
19.08.1983;0.0435
20.08.1983;0.04292
21.08.1983;0.04292
22.08.1983;0.043
23.08.1983;0.0425
24.08.1983;0.04267
25.08.1983;0.0425
26.08.1983;0.04233
27.08.1983;0.04167
28.08.1983;0.04115
29.08.1983;0.04133
30.08.1983;0.04142
31.08.1983;0.04075
1.09.1983;0.04042
2.09.1983;0.04
3.09.1983;0.03975
4.09.1983;0.03975
5.09.1983;0.03983
6.09.1983;0.04
7.09.1983;0.03967
8.09.1983;0.0395
9.09.1983;0.03917
10.09.1983;0.03942
11.09.1983;0.03933
12.09.1983;0.03933
13.09.1983;0.03933
14.09.1983;0.03875
15.09.1983;0.03833
16.09.1983;0.03817
17.09.1983;0.03808
18.09.1983;0.038
19.09.1983;0.03775
20.09.1983;0.0375
21.09.1983;0.03683
22.09.1983;0.03667
23.09.1983;0.03625
24.09.1983;0.03558
25.09.1983;0.03625
26.09.1983;0.03542
27.09.1983;0.03633
28.09.1983;0.0365
29.09.1983;0.0365
30.09.1983;0.03642
1.10.1983;0.03358
2.10.1983;0.03333
3.10.1983;0.03442
4.10.1983;0.03517
5.10.1983;0.03467
6.10.1983;0.03483
7.10.1983;0.034
8.10.1983;0.03425
9.10.1983;0.03467
10.10.1983;0.03467
11.10.1983;0.03467
12.10.1983;0.0345
13.10.1983;0.03342
14.10.1983;0.033
15.10.1983;0.03308
16.10.1983;0.02832
17.10.1983;0.03342
18.10.1983;0.03342
19.10.1983;0.03305
20.10.1983;0.03275
21.10.1983;0.03217
22.10.1983;0.03167
23.10.1983;0.03158
24.10.1983;0.03158
25.10.1983;0.03083
26.10.1983;0.03183
27.10.1983;0.03167
28.10.1983;0.03167
29.10.1983;0.03145
30.10.1983;0.03117
31.10.1983;0.03183
1.11.1983;0.03175
2.11.1983;0.03108
3.11.1983;0.0305
4.11.1983;0.03055
5.11.1983;0.03042
6.11.1983;0.03008
7.11.1983;0.02992
8.11.1983;0.02992
9.11.1983;0.02978
10.11.1983;0.02967
11.11.1983;0.02983
12.11.1983;0.0295
13.11.1983;0.02945
14.11.1983;0.02945
15.11.1983;0.02983
16.11.1983;0.02992
17.11.1983;0.02975
18.11.1983;0.02922
19.11.1983;0.02925
20.11.1983;0.02942
21.11.1983;0.02975
22.11.1983;0.0295
23.11.1983;0.02892
24.11.1983;0.02833
25.11.1983;0.02825
26.11.1983;0.02875
27.11.1983;0.03058
28.11.1983;0.03133
29.11.1983;0.02983
30.11.1983;0.02908
1.12.1983;0.02867
2.12.1983;0.02825
3.12.1983;0.02792
4.12.1983;0.028
5.12.1983;0.02883
6.12.1983;0.02925
7.12.1983;0.02925
8.12.1983;0.02867
9.12.1983;0.02867
10.12.1983;0.02858
11.12.1983;0.02867
12.12.1983;0.02842
13.12.1983;0.02805
14.12.1983;0.02775
15.12.1983;0.02783
16.12.1983;0.028
17.12.1983;0.028
18.12.1983;0.02833
19.12.1983;0.02863
20.12.1983;0.02858
21.12.1983;0.02817
22.12.1983;0.02825
23.12.1983;0.02808
24.12.1983;0.02775
25.12.1983;0.02733
26.12.1983;0.02758
27.12.1983;0.02722
28.12.1983;0.02675
29.12.1983;0.02667
30.12.1983;0.02642
31.12.1983;0.02692
1.01.1984;0.02733
2.01.1984;0.0274
3.01.1984;0.02708
4.01.1984;0.02683
5.01.1984;0.02725
6.01.1984;0.02827
7.01.1984;0.02817
8.01.1984;0.02853
9.01.1984;0.02842
10.01.1984;0.028
11.01.1984;0.02717
12.01.1984;0.0275
13.01.1984;0.027
14.01.1984;0.027
15.01.1984;0.02703
16.01.1984;0.02737
17.01.1984;0.02755
18.01.1984;0.02758
19.01.1984;0.02672
20.01.1984;0.02755
21.01.1984;0.02705
22.01.1984;0.02713
23.01.1984;0.02755
24.01.1984;0.0275
25.01.1984;0.0275
26.01.1984;0.02645
27.01.1984;0.02633
28.01.1984;0.02533
29.01.1984;0.02592
30.01.1984;0.0263
31.01.1984;0.02617
1.02.1984;0.02588
2.02.1984;0.02608
3.02.1984;0.02533
4.02.1984;0.02947
5.02.1984;0.03175
6.02.1984;0.02983
7.02.1984;0.02917
8.02.1984;0.0285
9.02.1984;0.02817
10.02.1984;0.0275
11.02.1984;0.02717
12.02.1984;0.02667
13.02.1984;0.02663
14.02.1984;0.02683
15.02.1984;0.02672
16.02.1984;0.02657
17.02.1984;0.0265
18.02.1984;0.0265
19.02.1984;0.02658
20.02.1984;0.02672
21.02.1984;0.02655
22.02.1984;0.02633
23.02.1984;0.02592
24.02.1984;0.0258
25.02.1984;0.02638
26.02.1984;0.03483
27.02.1984;0.045
28.02.1984;0.03797
29.02.1984;0.03863
1.03.1984;0.05122
2.03.1984;0.05792
3.03.1984;0.0598
4.03.1984;0.0623
5.03.1984;0.05838
6.03.1984;0.05647
7.03.1984;0.05563
8.03.1984;0.05458
9.03.1984;0.05167
10.03.1984;0.0498
11.03.1984;0.0495
12.03.1984;0.04838
13.03.1984;0.04917
14.03.1984;0.04855
15.03.1984;0.04933
16.03.1984;0.04872
17.03.1984;0.04763
18.03.1984;0.04738
19.03.1984;0.04697
20.03.1984;0.04663
21.03.1984;0.04605
22.03.1984;0.04542
23.03.1984;0.04472
24.03.1984;0.04355
25.03.1984;0.04305
26.03.1984;0.04405
27.03.1984;0.047
28.03.1984;0.05188
29.03.1984;0.04983
30.03.1984;0.04058
31.03.1984;0.04217
1.04.1984;0.04958
2.04.1984;0.11125
3.04.1984;0.08167
4.04.1984;0.0625
5.04.1984;0.06917
6.04.1984;0.09792
7.04.1984;0.0875
8.04.1984;0.06147
9.04.1984;0.06272
10.04.1984;0.06022
11.04.1984;0.08397
12.04.1984;0.07458
13.04.1984;0.05708
14.04.1984;0.09105
15.04.1984;0.0525
16.04.1984;0.05188
17.04.1984;0.05167
18.04.1984;0.0498
19.04.1984;0.04772
20.04.1984;0.04792
21.04.1984;0.09292
22.04.1984;0.04583
23.04.1984;0.0448
24.04.1984;0.04355
25.04.1984;0.0423
26.04.1984;0.04208
27.04.1984;0.04167
28.04.1984;0.04105
29.04.1984;0.0398
30.04.1984;0.06275
1.05.1984;0.07605
2.05.1984;0.04047
3.05.1984;0.0395
4.05.1984;0.05688
5.05.1984;0.03742
6.05.1984;0.03683
7.05.1984;0.03733
8.05.1984;0.10883
9.05.1984;0.2075
10.05.1984;0.13083
11.05.1984;0.17188
12.05.1984;0.11583
13.05.1984;0.10147
14.05.1984;0.14667
15.05.1984;0.25542
16.05.1984;0.24625
17.05.1984;0.2223
18.05.1984;0.19708
19.05.1984;0.17333
20.05.1984;0.15458
21.05.1984;0.13208
22.05.1984;0.18022
23.05.1984;0.17458
24.05.1984;0.38333
25.05.1984;0.41042
26.05.1984;0.35833
27.05.1984;0.29792
28.05.1984;0.2625
29.05.1984;0.30875
30.05.1984;0.32125
31.05.1984;0.31083
1.06.1984;0.28833
2.06.1984;0.26042
3.06.1984;0.23958
4.06.1984;0.19708
5.06.1984;0.23042
6.06.1984;0.17688
7.06.1984;0.1475
8.06.1984;0.19708
9.06.1984;0.13522
10.06.1984;0.12063
11.06.1984;0.1131
12.06.1984;0.17605
13.06.1984;0.11917
14.06.1984;0.09855
15.06.1984;0.11183
16.06.1984;0.11542
17.06.1984;0.0875
18.06.1984;0.085
19.06.1984;0.08292
20.06.1984;0.11833
21.06.1984;0.09958
22.06.1984;0.07972
23.06.1984;0.08188
24.06.1984;0.12083
25.06.1984;0.08072
26.06.1984;0.07897
27.06.1984;0.07542
28.06.1984;0.09792
29.06.1984;0.0773
30.06.1984;0.06917
1.07.1984;0.06897
2.07.1984;0.06745
3.07.1984;0.06633
4.07.1984;0.10825
5.07.1984;0.06487
6.07.1984;0.06237
7.07.1984;0.06067
8.07.1984;0.05925
9.07.1984;0.0588
10.07.1984;0.0587
11.07.1984;0.05792
12.07.1984;0.05675
13.07.1984;0.05617
14.07.1984;0.05558
15.07.1984;0.11492
16.07.1984;0.05745
17.07.1984;0.05717
18.07.1984;0.07162
19.07.1984;0.05308
20.07.1984;0.05278
21.07.1984;0.05175
22.07.1984;0.05067
23.07.1984;0.05017
24.07.1984;0.04922
25.07.1984;0.04855
26.07.1984;0.07237
27.07.1984;0.04767
28.07.1984;0.04638
29.07.1984;0.04537
30.07.1984;0.04472
31.07.1984;0.04438
1.08.1984;0.04388
2.08.1984;0.0473
3.08.1984;0.05108
4.08.1984;0.04833
5.08.1984;0.07108
6.08.1984;0.04888
7.08.1984;0.047
8.08.1984;0.04672
9.08.1984;0.04608
10.08.1984;0.0463
11.08.1984;0.04597
12.08.1984;0.0448
13.08.1984;0.04445
14.08.1984;0.046
15.08.1984;0.04537
16.08.1984;0.0775
17.08.1984;0.0457
18.08.1984;0.045
19.08.1984;0.04333
20.08.1984;0.04217
21.08.1984;0.04142
22.08.1984;0.04127
23.08.1984;0.04075
24.08.1984;0.04042
25.08.1984;0.04055
26.08.1984;0.04055
27.08.1984;0.06563
28.08.1984;0.039
29.08.1984;0.03862
30.08.1984;0.03813
31.08.1984;0.03775
1.09.1984;0.03805
2.09.1984;0.0373
3.09.1984;0.03683
4.09.1984;0.0368
5.09.1984;0.03667
6.09.1984;0.03633
7.09.1984;0.03555
8.09.1984;0.03517
9.09.1984;0.03517
10.09.1984;0.03528
11.09.1984;0.03487
12.09.1984;0.03408
13.09.1984;0.0337
14.09.1984;0.03355
15.09.1984;0.03375
16.09.1984;0.03367
17.09.1984;0.03363
18.09.1984;0.0335
19.09.1984;0.03328
20.09.1984;0.033
21.09.1984;0.03305
22.09.1984;0.03347
23.09.1984;0.09125
24.09.1984;0.10472
25.09.1984;0.13875
26.09.1984;0.14147
27.09.1984;0.12272
28.09.1984;0.15333
29.09.1984;0.09347
30.09.1984;0.08567
1.10.1984;0.11083
2.10.1984;0.10208
3.10.1984;0.09292
4.10.1984;0.09667
5.10.1984;0.16208
6.10.1984;0.22625
7.10.1984;0.18875
8.10.1984;0.27667
9.10.1984;0.33542
10.10.1984;0.29917
11.10.1984;0.25333
12.10.1984;0.22958
13.10.1984;0.19917
14.10.1984;0.16583
15.10.1984;0.18
16.10.1984;0.15958
17.10.1984;0.14292
18.10.1984;0.1125
19.10.1984;0.1075
20.10.1984;0.10183
21.10.1984;0.15733
22.10.1984;0.09708
23.10.1984;0.11
24.10.1984;0.11167
25.10.1984;0.08458
26.10.1984;0.08333
27.10.1984;0.08017
28.10.1984;0.08017
29.10.1984;0.12417
30.10.1984;0.07917
31.10.1984;0.07167
1.11.1984;0.06917
2.11.1984;0.06833
3.11.1984;0.1085
4.11.1984;0.06708
5.11.1984;0.06517
6.11.1984;0.0775
7.11.1984;0.07563
8.11.1984;0.06083
9.11.1984;0.05983
10.11.1984;0.0585
11.11.1984;0.05708
12.11.1984;0.09417
13.11.1984;0.05667
14.11.1984;0.055
15.11.1984;0.05417
16.11.1984;0.05417
17.11.1984;0.05333
18.11.1984;0.094
19.11.1984;0.05333
20.11.1984;0.05417
21.11.1984;0.05667
22.11.1984;0.06188
23.11.1984;0.07375
24.11.1984;0.17125
25.11.1984;0.23792
26.11.1984;0.185
27.11.1984;0.17292
28.11.1984;0.15917
29.11.1984;0.15542
30.11.1984;0.14375
1.12.1984;0.12292
2.12.1984;0.11333
3.12.1984;0.175
4.12.1984;0.12792
5.12.1984;0.10208
6.12.1984;0.09917
7.12.1984;0.13817
8.12.1984;0.093
9.12.1984;0.09133
10.12.1984;0.14083
11.12.1984;0.10083
12.12.1984;0.1175
13.12.1984;0.0915
14.12.1984;0.08083
15.12.1984;0.0805
16.12.1984;0.078
17.12.1984;0.09817
18.12.1984;0.12467
19.12.1984;0.07517
20.12.1984;0.073
21.12.1984;0.09167
22.12.1984;0.08467
23.12.1984;0.0705
24.12.1984;0.0685
25.12.1984;0.06833
26.12.1984;0.06833
27.12.1984;0.06667
28.12.1984;0.105
29.12.1984;0.07967
30.12.1984;0.06333
31.12.1984;0.06233
1.01.1985;0.0625
2.01.1985;0.0625
3.01.1985;0.0625
4.01.1985;0.11375
5.01.1985;0.07125
6.01.1985;0.06792
7.01.1985;0.06708
8.01.1985;0.06458
9.01.1985;0.06333
10.01.1985;0.06167
11.01.1985;0.06
12.01.1985;0.05667
13.01.1985;0.055
14.01.1985;0.05333
15.01.1985;0.05292
16.01.1985;0.05167
17.01.1985;0.05292
18.01.1985;0.05292
19.01.1985;0.08617
20.01.1985;0.075
21.01.1985;0.0525
22.01.1985;0.05083
23.01.1985;0.05083
24.01.1985;0.07292
25.01.1985;0.05
26.01.1985;0.04917
27.01.1985;0.06897
28.01.1985;0.0483
29.01.1985;0.0475
30.01.1985;0.04667
31.01.1985;0.06833
1.02.1985;0.04833
2.02.1985;0.05083
3.02.1985;0.06208
4.02.1985;0.06
5.02.1985;0.05833
6.02.1985;0.05917
7.02.1985;0.0575
8.02.1985;0.06917
9.02.1985;0.09167
10.02.1985;0.05583
11.02.1985;0.05333
12.02.1985;0.06708
13.02.1985;0.05083
14.02.1985;0.04875
15.02.1985;0.04875
16.02.1985;0.04772
17.02.1985;0.04833
18.02.1985;0.04833
19.02.1985;0.04833
20.02.1985;0.04583
21.02.1985;0.04667
22.02.1985;0.04583
23.02.1985;0.04583
24.02.1985;0.0725
25.02.1985;0.04667
26.02.1985;0.045
27.02.1985;0.045
28.02.1985;0.045
1.03.1985;0.04583
2.03.1985;0.08125
3.03.1985;0.05
4.03.1985;0.04875
5.03.1985;0.05275
6.03.1985;0.07417
7.03.1985;0.12875
8.03.1985;0.17875
9.03.1985;0.19608
10.03.1985;0.1825
11.03.1985;0.17483
12.03.1985;0.21792
13.03.1985;0.24792
14.03.1985;0.33125
15.03.1985;0.27625
16.03.1985;0.23333
17.03.1985;0.2825
18.03.1985;0.30667
19.03.1985;0.44248
20.03.1985;0.49792
21.03.1985;0.55047
22.03.1985;0.5654
23.03.1985;0.55625
24.03.1985;0.51377
25.03.1985;0.46168
26.03.1985;0.41922
27.03.1985;0.39838
28.03.1985;0.375
29.03.1985;0.345
30.03.1985;0.325
31.03.1985;0.31333
1.04.1985;0.31
2.04.1985;0.29917
3.04.1985;0.28
4.04.1985;0.25958
5.04.1985;0.24875
6.04.1985;0.21417
7.04.1985;0.23542
8.04.1985;0.20727
9.04.1985;0.17583
10.04.1985;0.21917
11.04.1985;0.20625
12.04.1985;0.18583
13.04.1985;0.17108
14.04.1985;0.171
15.04.1985;0.24563
16.04.1985;0.18458
17.04.1985;0.18647
18.04.1985;0.16167
19.04.1985;0.16292
20.04.1985;0.20583
21.04.1985;0.14708
22.04.1985;0.18417
23.04.1985;0.16605
24.04.1985;0.14042
25.04.1985;0.13292
26.04.1985;0.17647
27.04.1985;0.14355
28.04.1985;0.12375
29.04.1985;0.15355
30.04.1985;0.12088
1.05.1985;0.11833
2.05.1985;0.15792
3.05.1985;0.13897
4.05.1985;0.12708
5.05.1985;0.13042
6.05.1985;0.21188
7.05.1985;0.15005
8.05.1985;0.185
9.05.1985;0.1675
10.05.1985;0.20625
11.05.1985;0.23667
12.05.1985;0.27917
13.05.1985;0.28083
14.05.1985;0.2675
15.05.1985;0.25083
16.05.1985;0.23605
17.05.1985;0.19042
18.05.1985;0.24417
19.05.1985;0.22397
20.05.1985;0.25583
21.05.1985;0.33208
22.05.1985;0.31375
23.05.1985;0.47917
24.05.1985;0.49167
25.05.1985;0.43542
26.05.1985;0.39873
27.05.1985;0.37833
28.05.1985;0.35208
29.05.1985;0.30417
30.05.1985;0.29792
31.05.1985;0.26833
1.06.1985;0.24625
2.06.1985;0.26542
3.06.1985;0.23562
4.06.1985;0.19897
5.06.1985;0.20417
6.06.1985;0.20897
7.06.1985;0.16897
8.06.1985;0.18917
9.06.1985;0.26417
10.06.1985;0.45707
11.06.1985;0.47917
12.06.1985;0.4375
13.06.1985;0.3904
14.06.1985;0.36167
15.06.1985;0.3875
16.06.1985;0.65543
17.06.1985;0.625
18.06.1985;0.55417
19.06.1985;0.47708
20.06.1985;0.41042
21.06.1985;0.37083
22.06.1985;0.33167
23.06.1985;0.29958
24.06.1985;0.28708
25.06.1985;0.27083
26.06.1985;0.26333
27.06.1985;0.25917
28.06.1985;0.21602
29.06.1985;0.23855
30.06.1985;0.23458
1.07.1985;0.21458
2.07.1985;0.20647
3.07.1985;0.31333
4.07.1985;0.30583
5.07.1985;0.2825
6.07.1985;0.26708
7.07.1985;0.25125
8.07.1985;0.22063
9.07.1985;0.19147
10.07.1985;0.25542
11.07.1985;0.19542
12.07.1985;0.17438
13.07.1985;0.19792
14.07.1985;0.15
15.07.1985;0.14542
16.07.1985;0.19208
17.07.1985;0.13333
18.07.1985;0.13167
19.07.1985;0.12542
20.07.1985;0.12375
21.07.1985;0.19938
22.07.1985;0.13333
23.07.1985;0.11542
24.07.1985;0.11042
25.07.1985;0.10667
26.07.1985;0.105
27.07.1985;0.1498
28.07.1985;0.10292
29.07.1985;0.09792
30.07.1985;0.12833
31.07.1985;0.09583
1.08.1985;0.09333
2.08.1985;0.08958
3.08.1985;0.0875
4.08.1985;0.08667
5.08.1985;0.08667
6.08.1985;0.12522
7.08.1985;0.09875
8.08.1985;0.0875
9.08.1985;0.09083
10.08.1985;0.0837
11.08.1985;0.08042
12.08.1985;0.07958
13.08.1985;0.08
14.08.1985;0.07978
15.08.1985;0.07967
16.08.1985;0.07967
17.08.1985;0.0795
18.08.1985;0.07933
19.08.1985;0.07933
20.08.1985;0.07942
21.08.1985;0.07917
22.08.1985;0.07898
23.08.1985;0.07883
24.08.1985;0.07867
25.08.1985;0.07833
26.08.1985;0.0838
27.08.1985;0.07208
28.08.1985;0.06917
29.08.1985;0.07083
30.08.1985;0.07083
31.08.1985;0.07292
1.09.1985;0.07667
2.09.1985;0.07917
3.09.1985;0.11417
4.09.1985;0.07833
5.09.1985;0.07333
6.09.1985;0.06833
7.09.1985;0.06667
8.09.1985;0.06333
9.09.1985;0.05833
10.09.1985;0.05667
11.09.1985;0.05667
12.09.1985;0.0875
13.09.1985;0.06625
14.09.1985;0.055
15.09.1985;0.05333
16.09.1985;0.05333
17.09.1985;0.05333
18.09.1985;0.05167
19.09.1985;0.05167
20.09.1985;0.05167
21.09.1985;0.05167
22.09.1985;0.05
23.09.1985;0.05
24.09.1985;0.05
25.09.1985;0.05
26.09.1985;0.05
27.09.1985;0.05
28.09.1985;0.09167
29.09.1985;0.05
30.09.1985;0.04833
1.10.1985;0.04833
2.10.1985;0.04833
3.10.1985;0.04833
4.10.1985;0.04833
5.10.1985;0.04667
6.10.1985;0.04667
7.10.1985;0.04667
8.10.1985;0.075
9.10.1985;0.04667
10.10.1985;0.04667
11.10.1985;0.04667
12.10.1985;0.045
13.10.1985;0.045
14.10.1985;0.045
15.10.1985;0.045
16.10.1985;0.04333
17.10.1985;0.04333
18.10.1985;0.04333
19.10.1985;0.07692
20.10.1985;0.04337
21.10.1985;0.04417
22.10.1985;0.04417
23.10.1985;0.0425
24.10.1985;0.04167
25.10.1985;0.04167
26.10.1985;0.04167
27.10.1985;0.04167
28.10.1985;0.0425
29.10.1985;0.04167
30.10.1985;0.04167
31.10.1985;0.04167
1.11.1985;0.04167
2.11.1985;0.04167
3.11.1985;0.04167
4.11.1985;0.04
5.11.1985;0.04
6.11.1985;0.06917
7.11.1985;0.04083
8.11.1985;0.03833
9.11.1985;0.03833
10.11.1985;0.03833
11.11.1985;0.03833
12.11.1985;0.03833
13.11.1985;0.03833
14.11.1985;0.03833
15.11.1985;0.0375
16.11.1985;0.03833
17.11.1985;0.0375
18.11.1985;0.0375
19.11.1985;0.0375
20.11.1985;0.03833
21.11.1985;0.03833
22.11.1985;0.03833
23.11.1985;0.03917
24.11.1985;0.03917
25.11.1985;0.04
26.11.1985;0.04083
27.11.1985;0.04083
28.11.1985;0.04
29.11.1985;0.04
30.11.1985;0.03912
1.12.1985;0.03917
2.12.1985;0.03917
3.12.1985;0.03917
4.12.1985;0.07728
5.12.1985;0.03833
6.12.1985;0.0375
7.12.1985;0.0413
8.12.1985;0.035
9.12.1985;0.035
10.12.1985;0.03583
11.12.1985;0.03583
12.12.1985;0.035
13.12.1985;0.03458
14.12.1985;0.035
15.12.1985;0.035
16.12.1985;0.035
17.12.1985;0.03667
18.12.1985;0.03583
19.12.1985;0.035
20.12.1985;0.03458
21.12.1985;0.03417
22.12.1985;0.03417
23.12.1985;0.03333
24.12.1985;0.03333
25.12.1985;0.03333
26.12.1985;0.03333
27.12.1985;0.0325
28.12.1985;0.03167
29.12.1985;0.03167
30.12.1985;0.0325
31.12.1985;0.07375
1.01.1986;0.04367
2.01.1986;0.035
3.01.1986;0.035
4.01.1986;0.03417
5.01.1986;0.035
6.01.1986;0.03583
7.01.1986;0.03583
8.01.1986;0.03583
9.01.1986;0.03583
10.01.1986;0.03583
11.01.1986;0.03583
12.01.1986;0.03583
13.01.1986;0.03583
14.01.1986;0.05667
15.01.1986;0.05542
16.01.1986;0.03667
17.01.1986;0.03633
18.01.1986;0.03633
19.01.1986;0.03667
20.01.1986;0.0375
21.01.1986;0.04667
22.01.1986;0.04917
23.01.1986;0.05167
24.01.1986;0.05233
25.01.1986;0.10333
26.01.1986;0.15208
27.01.1986;0.11167
28.01.1986;0.09
29.01.1986;0.08167
30.01.1986;0.07467
31.01.1986;0.07167
1.02.1986;0.06833
2.02.1986;0.06583
3.02.1986;0.065
4.02.1986;0.063
5.02.1986;0.06
6.02.1986;0.05967
7.02.1986;0.06
8.02.1986;0.06
9.02.1986;0.059
10.02.1986;0.05833
11.02.1986;0.05817
12.02.1986;0.05817
13.02.1986;0.05817
14.02.1986;0.05817
15.02.1986;0.058
16.02.1986;0.058
17.02.1986;0.058
18.02.1986;0.058
19.02.1986;0.05833
20.02.1986;0.05833
21.02.1986;0.05867
22.02.1986;0.05917
23.02.1986;0.05917
24.02.1986;0.05917
25.02.1986;0.05733
26.02.1986;0.05633
27.02.1986;0.055
28.02.1986;0.05333
1.03.1986;0.05333
2.03.1986;0.05333
3.03.1986;0.05333
4.03.1986;0.055
5.03.1986;0.054
6.03.1986;0.05333
7.03.1986;0.05367
8.03.1986;0.16375
9.03.1986;0.12125
10.03.1986;0.16917
11.03.1986;0.2675
12.03.1986;0.3175
13.03.1986;0.27458
14.03.1986;0.33583
15.03.1986;0.36
16.03.1986;0.39328
17.03.1986;0.37667
18.03.1986;0.34333
19.03.1986;0.32
20.03.1986;0.27333
21.03.1986;0.25333
22.03.1986;0.23333
23.03.1986;0.21667
24.03.1986;0.20833
25.03.1986;0.20833
26.03.1986;0.2
27.03.1986;0.18833
28.03.1986;0.18667
29.03.1986;0.18833
30.03.1986;0.18333
31.03.1986;0.17667
1.04.1986;0.16
2.04.1986;0.1525
3.04.1986;0.16417
4.04.1986;0.12333
5.04.1986;0.11667
6.04.1986;0.1775
7.04.1986;0.11333
8.04.1986;0.10833
9.04.1986;0.10333
10.04.1986;0.17333
11.04.1986;0.11
12.04.1986;0.1025
13.04.1986;0.09667
14.04.1986;0.092
15.04.1986;0.14833
16.04.1986;0.08917
17.04.1986;0.09083
18.04.1986;0.12917
19.04.1986;0.09
20.04.1986;0.09167
21.04.1986;0.14833
22.04.1986;0.105
23.04.1986;0.14625
24.04.1986;0.12
25.04.1986;0.11
26.04.1986;0.16625
27.04.1986;0.11033
28.04.1986;0.10667
29.04.1986;0.17917
30.04.1986;0.10833
1.05.1986;0.10167
2.05.1986;0.12708
3.05.1986;0.16292
4.05.1986;0.09733
5.05.1986;0.11
6.05.1986;0.13333
7.05.1986;0.08667
8.05.1986;0.08967
9.05.1986;0.08533
10.05.1986;0.08233
11.05.1986;0.15417
12.05.1986;0.0875
13.05.1986;0.1025
14.05.1986;0.10417
15.05.1986;0.07667
16.05.1986;0.075
17.05.1986;0.073
18.05.1986;0.0725
19.05.1986;0.14417
20.05.1986;0.072
21.05.1986;0.06667
22.05.1986;0.065
23.05.1986;0.06333
24.05.1986;0.06267
25.05.1986;0.06167
26.05.1986;0.06133
27.05.1986;0.0625
28.05.1986;0.06167
29.05.1986;0.08897
30.05.1986;0.08438
31.05.1986;0.06083
1.06.1986;0.05833
2.06.1986;0.05833
3.06.1986;0.057
4.06.1986;0.05667
5.06.1986;0.057
6.06.1986;0.10417
7.06.1986;0.05267
8.06.1986;0.05467
9.06.1986;0.05417
10.06.1986;0.0545
11.06.1986;0.055
12.06.1986;0.055
13.06.1986;0.055
14.06.1986;0.05433
15.06.1986;0.055
16.06.1986;0.05333
17.06.1986;0.05333
18.06.1986;0.055
19.06.1986;0.11272
20.06.1986;0.06167
21.06.1986;0.05833
22.06.1986;0.06083
23.06.1986;0.06667
24.06.1986;0.055
25.06.1986;0.05433
26.06.1986;0.05333
27.06.1986;0.05367
28.06.1986;0.05333
29.06.1986;0.05267
30.06.1986;0.05167
1.07.1986;0.04833
2.07.1986;0.0475
3.07.1986;0.04667
4.07.1986;0.04583
5.07.1986;0.045
6.07.1986;0.04467
7.07.1986;0.045
8.07.1986;0.045
9.07.1986;0.04333
10.07.1986;0.04333
11.07.1986;0.043
12.07.1986;0.043
13.07.1986;0.0425
14.07.1986;0.04167
15.07.1986;0.04133
16.07.1986;0.04133
17.07.1986;0.04083
18.07.1986;0.04033
19.07.1986;0.04
20.07.1986;0.048
21.07.1986;0.0625
22.07.1986;0.06
23.07.1986;0.0548
24.07.1986;0.06583
25.07.1986;0.05
26.07.1986;0.04867
27.07.1986;0.04767
28.07.1986;0.04833
29.07.1986;0.04417
30.07.1986;0.08533
31.07.1986;0.04367
1.08.1986;0.041
2.08.1986;0.06375
3.08.1986;0.04033
4.08.1986;0.04067
5.08.1986;0.04
6.08.1986;0.03873
7.08.1986;0.03833
8.08.1986;0.04
9.08.1986;0.03917
10.08.1986;0.038
11.08.1986;0.04375
12.08.1986;0.03833
13.08.1986;0.03767
14.08.1986;0.03767
15.08.1986;0.03667
16.08.1986;0.037
17.08.1986;0.03583
18.08.1986;0.03567
19.08.1986;0.03667
20.08.1986;0.06
21.08.1986;0.03583
22.08.1986;0.035
23.08.1986;0.035
24.08.1986;0.035
25.08.1986;0.035
26.08.1986;0.035
27.08.1986;0.035
28.08.1986;0.03417
29.08.1986;0.03417
30.08.1986;0.03417
31.08.1986;0.03667
1.09.1986;0.035
2.09.1986;0.055
3.09.1986;0.05042
4.09.1986;0.04292
5.09.1986;0.03333
6.09.1986;0.03333
7.09.1986;0.03333
8.09.1986;0.03333
9.09.1986;0.03333
10.09.1986;0.033
11.09.1986;0.0325
12.09.1986;0.0325
13.09.1986;0.032
14.09.1986;0.03233
15.09.1986;0.03233
16.09.1986;0.03167
17.09.1986;0.03167
18.09.1986;0.03133
19.09.1986;0.03083
20.09.1986;0.03083
21.09.1986;0.031
22.09.1986;0.05417
23.09.1986;0.037
24.09.1986;0.03167
25.09.1986;0.03083
26.09.1986;0.03083
27.09.1986;0.03033
28.09.1986;0.03
29.09.1986;0.03033
30.09.1986;0.03083
1.10.1986;0.03
2.10.1986;0.03
3.10.1986;0.03
4.10.1986;0.03033
5.10.1986;0.03067
6.10.1986;0.03067
7.10.1986;0.03
8.10.1986;0.03
9.10.1986;0.02917
10.10.1986;0.02917
11.10.1986;0.02833
12.10.1986;0.02833
13.10.1986;0.02833
14.10.1986;0.02867
15.10.1986;0.02867
16.10.1986;0.02867
17.10.1986;0.0323
18.10.1986;0.03
19.10.1986;0.02967
20.10.1986;0.03083
21.10.1986;0.03
22.10.1986;0.03002
23.10.1986;0.03167
24.10.1986;0.07083
25.10.1986;0.02867
26.10.1986;0.02833
27.10.1986;0.02833
28.10.1986;0.02833
29.10.1986;0.02833
30.10.1986;0.02867
31.10.1986;0.02833
1.11.1986;0.02833
2.11.1986;0.02917
3.11.1986;0.029
4.11.1986;0.02817
5.11.1986;0.02783
6.11.1986;0.02833
7.11.1986;0.02833
8.11.1986;0.0275
9.11.1986;0.02767
10.11.1986;0.0275
11.11.1986;0.02733
12.11.1986;0.02733
13.11.1986;0.027
14.11.1986;0.027
15.11.1986;0.02733
16.11.1986;0.027
17.11.1986;0.0275
18.11.1986;0.0275
19.11.1986;0.02733
20.11.1986;0.02717
21.11.1986;0.02717
22.11.1986;0.02717
23.11.1986;0.02733
24.11.1986;0.02733
25.11.1986;0.02667
26.11.1986;0.0265
27.11.1986;0.02583
28.11.1986;0.02633
29.11.1986;0.027
30.11.1986;0.02667
1.12.1986;0.027
2.12.1986;0.02667
3.12.1986;0.02633
4.12.1986;0.02633
5.12.1986;0.02667
6.12.1986;0.02667
7.12.1986;0.02633
8.12.1986;0.02633
9.12.1986;0.02667
10.12.1986;0.06083
11.12.1986;0.02583
12.12.1986;0.02533
13.12.1986;0.02533
14.12.1986;0.02583
15.12.1986;0.026
16.12.1986;0.02633
17.12.1986;0.02667
18.12.1986;0.02583
19.12.1986;0.03605
20.12.1986;0.02667
21.12.1986;0.02583
22.12.1986;0.02633
23.12.1986;0.025
24.12.1986;0.02467
25.12.1986;0.02467
26.12.1986;0.025
27.12.1986;0.025
28.12.1986;0.025
29.12.1986;0.02467
30.12.1986;0.02417
31.12.1986;0.02333
1.01.1987;0.023
2.01.1987;0.023
3.01.1987;0.02333
4.01.1987;0.0225
5.01.1987;0.02217
6.01.1987;0.023
7.01.1987;0.02267
8.01.1987;0.0225
9.01.1987;0.0225
10.01.1987;0.023
11.01.1987;0.023
12.01.1987;0.023
13.01.1987;0.02283
14.01.1987;0.02367
15.01.1987;0.02333
16.01.1987;0.023
17.01.1987;0.023
18.01.1987;0.023
19.01.1987;0.02267
20.01.1987;0.02267
21.01.1987;0.02267
22.01.1987;0.02267
23.01.1987;0.023
24.01.1987;0.023
25.01.1987;0.02333
26.01.1987;0.025
27.01.1987;0.02467
28.01.1987;0.02483
29.01.1987;0.02483
30.01.1987;0.024
31.01.1987;0.02333
1.02.1987;0.02367
2.02.1987;0.02367
3.02.1987;0.02367
4.02.1987;0.02367
5.02.1987;0.02333
6.02.1987;0.02317
7.02.1987;0.02333
8.02.1987;0.02333
9.02.1987;0.02333
10.02.1987;0.02333
11.02.1987;0.02333
12.02.1987;0.02333
13.02.1987;0.02317
14.02.1987;0.02333
15.02.1987;0.02467
16.02.1987;0.02867
17.02.1987;0.031
18.02.1987;0.0325
19.02.1987;0.03333
20.02.1987;0.035
21.02.1987;0.03667
22.02.1987;0.0375
23.02.1987;0.03833
24.02.1987;0.06583
25.02.1987;0.04467
26.02.1987;0.0425
27.02.1987;0.03925
28.02.1987;0.03963
1.03.1987;0.04083
2.03.1987;0.03667
3.03.1987;0.037
4.03.1987;0.035
5.03.1987;0.03333
6.03.1987;0.03233
7.03.1987;0.03167
8.03.1987;0.03167
9.03.1987;0.03233
10.03.1987;0.03167
11.03.1987;0.03083
12.03.1987;0.03083
13.03.1987;0.03033
14.03.1987;0.03
15.03.1987;0.03
16.03.1987;0.031
17.03.1987;0.03167
18.03.1987;0.03167
19.03.1987;0.03167
20.03.1987;0.03133
21.03.1987;0.03133
22.03.1987;0.03167
23.03.1987;0.03167
24.03.1987;0.03233
25.03.1987;0.03333
26.03.1987;0.034
27.03.1987;0.035
28.03.1987;0.03533
29.03.1987;0.03767
30.03.1987;0.059
31.03.1987;0.05633
1.04.1987;0.09958
2.04.1987;0.12292
3.04.1987;0.20625
4.04.1987;0.16563
5.04.1987;0.39293
6.04.1987;0.31875
7.04.1987;0.25208
8.04.1987;0.21125
9.04.1987;0.16625
10.04.1987;0.13375
11.04.1987;0.32855
12.04.1987;0.60915
13.04.1987;0.66377
14.04.1987;0.62582
15.04.1987;0.50347
16.04.1987;0.4103
17.04.1987;0.35083
18.04.1987;0.31042
19.04.1987;0.27333
20.04.1987;0.22667
21.04.1987;0.21853
22.04.1987;0.2052
23.04.1987;0.17542
24.04.1987;0.15333
25.04.1987;0.13375
26.04.1987;0.15625
27.04.1987;0.15042
28.04.1987;0.11017
29.04.1987;0.13025
30.04.1987;0.11833
1.05.1987;0.104
2.05.1987;0.12708
3.05.1987;0.09772
4.05.1987;0.08933
5.05.1987;0.08733
6.05.1987;0.087
7.05.1987;0.086
8.05.1987;0.13522
9.05.1987;0.09567
10.05.1987;0.079
11.05.1987;0.075
12.05.1987;0.09867
13.05.1987;0.07342
14.05.1987;0.07033
15.05.1987;0.06767
16.05.1987;0.06833
17.05.1987;0.07033
18.05.1987;0.12625
19.05.1987;0.068
20.05.1987;0.06833
21.05.1987;0.11625
22.05.1987;0.275
23.05.1987;0.33667
24.05.1987;0.31167
25.05.1987;0.28367
26.05.1987;0.251
27.05.1987;0.21522
28.05.1987;0.19917
29.05.1987;0.20855
30.05.1987;0.17708
31.05.1987;0.14
1.06.1987;0.14277
2.06.1987;0.16458
3.06.1987;0.16942
4.06.1987;0.12458
5.06.1987;0.119
6.06.1987;0.17083
7.06.1987;0.11542
8.06.1987;0.10583
9.06.1987;0.13367
10.06.1987;0.15458
11.06.1987;0.097
12.06.1987;0.0875
13.06.1987;0.08708
14.06.1987;0.0875
15.06.1987;0.16063
16.06.1987;0.084
17.06.1987;0.07833
18.06.1987;0.07633
19.06.1987;0.07567
20.06.1987;0.1225
21.06.1987;0.0825
22.06.1987;0.08267
23.06.1987;0.069
24.06.1987;0.067
25.06.1987;0.065
26.06.1987;0.06367
27.06.1987;0.1075
28.06.1987;0.06467
29.06.1987;0.06
30.06.1987;0.05967
1.07.1987;0.05933
2.07.1987;0.05833
3.07.1987;0.057
4.07.1987;0.09733
5.07.1987;0.056
6.07.1987;0.05667
7.07.1987;0.05575
8.07.1987;0.05367
9.07.1987;0.05333
10.07.1987;0.06033
11.07.1987;0.08458
12.07.1987;0.05167
13.07.1987;0.05267
14.07.1987;0.05567
15.07.1987;0.054
16.07.1987;0.05333
17.07.1987;0.05333
18.07.1987;0.05267
19.07.1987;0.0535
20.07.1987;0.05333
21.07.1987;0.05367
22.07.1987;0.04917
23.07.1987;0.04833
24.07.1987;0.047
25.07.1987;0.04833
26.07.1987;0.04683
27.07.1987;0.044
28.07.1987;0.04417
29.07.1987;0.04333
30.07.1987;0.0425
31.07.1987;0.0425
1.08.1987;0.04167
2.08.1987;0.04167
3.08.1987;0.041
4.08.1987;0.03933
5.08.1987;0.03867
6.08.1987;0.03833
7.08.1987;0.03867
8.08.1987;0.03867
9.08.1987;0.03833
10.08.1987;0.03767
11.08.1987;0.03667
12.08.1987;0.03667
13.08.1987;0.03633
14.08.1987;0.036
15.08.1987;0.036
16.08.1987;0.03583
17.08.1987;0.03533
18.08.1987;0.035
19.08.1987;0.035
20.08.1987;0.03467
21.08.1987;0.03483
22.08.1987;0.03433
23.08.1987;0.03333
24.08.1987;0.033
25.08.1987;0.034
26.08.1987;0.03317
27.08.1987;0.033
28.08.1987;0.03333
29.08.1987;0.03333
30.08.1987;0.03317
31.08.1987;0.033
1.09.1987;0.03233
2.09.1987;0.03233
3.09.1987;0.03167
4.09.1987;0.03167
5.09.1987;0.03117
6.09.1987;0.03067
7.09.1987;0.03133
8.09.1987;0.03167
9.09.1987;0.03133
10.09.1987;0.031
11.09.1987;0.03067
12.09.1987;0.03
13.09.1987;0.03033
14.09.1987;0.03133
15.09.1987;0.03033
16.09.1987;0.03
17.09.1987;0.03
18.09.1987;0.02917
19.09.1987;0.02917
20.09.1987;0.02967
21.09.1987;0.02967
22.09.1987;0.02967
23.09.1987;0.03
24.09.1987;0.03
25.09.1987;0.03
26.09.1987;0.02967
27.09.1987;0.02967
28.09.1987;0.029
29.09.1987;0.02833
30.09.1987;0.02833
1.10.1987;0.02833
2.10.1987;0.028
3.10.1987;0.028
4.10.1987;0.02733
5.10.1987;0.02733
6.10.1987;0.028
7.10.1987;0.028
8.10.1987;0.02833
9.10.1987;0.02833
10.10.1987;0.028
11.10.1987;0.02833
12.10.1987;0.02767
13.10.1987;0.02867
14.10.1987;0.028
15.10.1987;0.027
16.10.1987;0.02667
17.10.1987;0.02667
18.10.1987;0.027
19.10.1987;0.02633
20.10.1987;0.02567
21.10.1987;0.02567
22.10.1987;0.02533
23.10.1987;0.02667
24.10.1987;0.026
25.10.1987;0.02667
26.10.1987;0.026
27.10.1987;0.02533
28.10.1987;0.02567
29.10.1987;0.02633
30.10.1987;0.02633
31.10.1987;0.02667
1.11.1987;0.026
2.11.1987;0.02567
3.11.1987;0.02533
4.11.1987;0.02533
5.11.1987;0.025
6.11.1987;0.02533
7.11.1987;0.02533
8.11.1987;0.025
9.11.1987;0.02433
10.11.1987;0.02467
11.11.1987;0.02467
12.11.1987;0.025
13.11.1987;0.025
14.11.1987;0.02567
15.11.1987;0.026
16.11.1987;0.02433
17.11.1987;0.02467
18.11.1987;0.02433
19.11.1987;0.025
20.11.1987;0.026
21.11.1987;0.02533
22.11.1987;0.02533
23.11.1987;0.025
24.11.1987;0.02433
25.11.1987;0.02467
26.11.1987;0.02467
27.11.1987;0.02533
28.11.1987;0.02633
29.11.1987;0.025
30.11.1987;0.025
1.12.1987;0.02467
2.12.1987;0.02433
3.12.1987;0.02433
4.12.1987;0.02417
5.12.1987;0.02467
6.12.1987;0.02467
7.12.1987;0.02533
8.12.1987;0.02467
9.12.1987;0.02433
10.12.1987;0.0245
11.12.1987;0.02433
12.12.1987;0.02417
13.12.1987;0.024
14.12.1987;0.024
15.12.1987;0.02367
16.12.1987;0.024
17.12.1987;0.02367
18.12.1987;0.02367
19.12.1987;0.024
20.12.1987;0.024
21.12.1987;0.02533
22.12.1987;0.02667
23.12.1987;0.0275
24.12.1987;0.02733
25.12.1987;0.02733
26.12.1987;0.02733
27.12.1987;0.02667
28.12.1987;0.02667
29.12.1987;0.02667
30.12.1987;0.027
31.12.1987;0.02667
1.01.1988;0.02675
2.01.1988;0.02695
3.01.1988;0.0272
4.01.1988;0.02708
5.01.1988;0.02653
6.01.1988;0.0265
7.01.1988;0.02653
8.01.1988;0.02613
9.01.1988;0.02513
10.01.1988;0.02537
11.01.1988;0.02567
12.01.1988;0.0255
13.01.1988;0.02542
14.01.1988;0.02547
15.01.1988;0.02542
16.01.1988;0.02542
17.01.1988;0.02608
18.01.1988;0.0263
19.01.1988;0.02625
20.01.1988;0.02617
21.01.1988;0.0263
22.01.1988;0.02633
23.01.1988;0.02637
24.01.1988;0.0263
25.01.1988;0.02633
26.01.1988;0.02642
27.01.1988;0.02592
28.01.1988;0.02663
29.01.1988;0.0442
30.01.1988;0.11458
31.01.1988;0.31042
1.02.1988;0.23063
2.02.1988;0.18925
3.02.1988;0.15208
4.02.1988;0.11125
5.02.1988;0.12375
6.02.1988;0.11708
7.02.1988;0.08667
8.02.1988;0.08292
9.02.1988;0.0825
10.02.1988;0.13167
11.02.1988;0.08542
12.02.1988;0.08625
13.02.1988;0.08583
14.02.1988;0.15583
15.02.1988;0.10542
16.02.1988;0.09542
17.02.1988;0.10542
18.02.1988;0.10292
19.02.1988;0.09417
20.02.1988;0.07917
21.02.1988;0.07083
22.02.1988;0.07092
23.02.1988;0.0697
24.02.1988;0.12042
25.02.1988;0.07613
26.02.1988;0.06913
27.02.1988;0.12283
28.02.1988;0.14833
29.02.1988;0.15167
1.03.1988;0.16333
2.03.1988;0.1502
3.03.1988;0.13625
4.03.1988;0.11792
5.03.1988;0.11458
6.03.1988;0.1095
7.03.1988;0.14875
8.03.1988;0.11813
9.03.1988;0.12417
10.03.1988;0.10833
11.03.1988;0.11103
12.03.1988;0.11667
13.03.1988;0.15333
14.03.1988;0.11583
15.03.1988;0.1075
16.03.1988;0.11458
17.03.1988;0.15208
18.03.1988;0.14167
19.03.1988;0.175
20.03.1988;0.175
21.03.1988;0.155
22.03.1988;0.15
23.03.1988;0.22687
24.03.1988;0.17917
25.03.1988;0.23187
26.03.1988;0.31
27.03.1988;0.36958
28.03.1988;0.34583
29.03.1988;0.30208
30.03.1988;0.26458
31.03.1988;0.24125
1.04.1988;0.27708
2.04.1988;0.49328
3.04.1988;0.4963
4.04.1988;0.44918
5.04.1988;0.39085
6.04.1988;0.34292
7.04.1988;0.30667
8.04.1988;0.27875
9.04.1988;0.25542
10.04.1988;0.2377
11.04.1988;0.2252
12.04.1988;0.21542
13.04.1988;0.21687
14.04.1988;0.21792
15.04.1988;0.20647
16.04.1988;0.2027
17.04.1988;0.17687
18.04.1988;0.20542
19.04.1988;0.16125
20.04.1988;0.15292
21.04.1988;0.17667
22.04.1988;0.1952
23.04.1988;0.14063
24.04.1988;0.18313
25.04.1988;0.12897
26.04.1988;0.12375
27.04.1988;0.17563
28.04.1988;0.12353
29.04.1988;0.1127
30.04.1988;0.11042
1.05.1988;0.15563
2.05.1988;0.10603
3.05.1988;0.09903
4.05.1988;0.1425
5.05.1988;0.11208
6.05.1988;0.09292
7.05.1988;0.09375
8.05.1988;0.12667
9.05.1988;0.10792
10.05.1988;0.09813
11.05.1988;0.09917
12.05.1988;0.09542
13.05.1988;0.09125
14.05.1988;0.09075
15.05.1988;0.09103
16.05.1988;0.08792
17.05.1988;0.08792
18.05.1988;0.08625
19.05.1988;0.08167
20.05.1988;0.08375
21.05.1988;0.0798
22.05.1988;0.07625
23.05.1988;0.06583
24.05.1988;0.0675
25.05.1988;0.06667
26.05.1988;0.06542
27.05.1988;0.06458
28.05.1988;0.06458
29.05.1988;0.0627
30.05.1988;0.11353
31.05.1988;0.0625
1.06.1988;0.06083
2.06.1988;0.0602
3.06.1988;0.0577
4.06.1988;0.05708
5.06.1988;0.0698
6.06.1988;0.08625
7.06.1988;0.057
8.06.1988;0.05525
9.06.1988;0.05417
10.06.1988;0.05353
11.06.1988;0.05347
12.06.1988;0.05353
13.06.1988;0.09208
14.06.1988;0.05267
15.06.1988;0.05213
16.06.1988;0.05103
17.06.1988;0.05083
18.06.1988;0.05
19.06.1988;0.07208
20.06.1988;0.05292
21.06.1988;0.04917
22.06.1988;0.0472
23.06.1988;0.04667
24.06.1988;0.04603
25.06.1988;0.04563
26.06.1988;0.04483
27.06.1988;0.0443
28.06.1988;0.0447
29.06.1988;0.0442
30.06.1988;0.04387
1.07.1988;0.04337
2.07.1988;0.04417
3.07.1988;0.04353
4.07.1988;0.04247
5.07.1988;0.04208
6.07.1988;0.0975
7.07.1988;0.0425
8.07.1988;0.0398
9.07.1988;0.04
10.07.1988;0.04
11.07.1988;0.03875
12.07.1988;0.03853
13.07.1988;0.03917
14.07.1988;0.0377
15.07.1988;0.0373
16.07.1988;0.07292
17.07.1988;0.0373
18.07.1988;0.03667
19.07.1988;0.03647
20.07.1988;0.03647
21.07.1988;0.03547
22.07.1988;0.03547
23.07.1988;0.03542
24.07.1988;0.03542
25.07.1988;0.03475
26.07.1988;0.03497
27.07.1988;0.05825
28.07.1988;0.03542
29.07.1988;0.03433
30.07.1988;0.03408
31.07.1988;0.03325
1.08.1988;0.03317
2.08.1988;0.0335
3.08.1988;0.03353
4.08.1988;0.035
5.08.1988;0.05287
6.08.1988;0.0325
7.08.1988;0.03197
8.08.1988;0.03167
9.08.1988;0.03163
10.08.1988;0.03147
11.08.1988;0.03103
12.08.1988;0.03063
13.08.1988;0.03067
14.08.1988;0.03058
15.08.1988;0.03025
16.08.1988;0.03
17.08.1988;0.03
18.08.1988;0.02975
19.08.1988;0.0297
20.08.1988;0.02992
21.08.1988;0.0298
22.08.1988;0.0308
23.08.1988;0.03075
24.08.1988;0.03097
25.08.1988;0.03063
26.08.1988;0.03067
27.08.1988;0.03053
28.08.1988;0.03
29.08.1988;0.03008
30.08.1988;0.03003
31.08.1988;0.07708
1.09.1988;0.03003
2.09.1988;0.02817
3.09.1988;0.02817
4.09.1988;0.02817
5.09.1988;0.0282
6.09.1988;0.0283
7.09.1988;0.02813
8.09.1988;0.02813
9.09.1988;0.0282
10.09.1988;0.028
11.09.1988;0.02783
12.09.1988;0.02803
13.09.1988;0.02833
14.09.1988;0.0283
15.09.1988;0.0277
16.09.1988;0.02783
17.09.1988;0.0278
18.09.1988;0.02775
19.09.1988;0.02747
20.09.1988;0.02737
21.09.1988;0.02753
22.09.1988;0.02775
23.09.1988;0.0273
24.09.1988;0.02703
25.09.1988;0.02687
26.09.1988;0.02717
27.09.1988;0.02753
28.09.1988;0.02703
29.09.1988;0.02692
30.09.1988;0.02667
1.10.1988;0.02658
2.10.1988;0.02642
3.10.1988;0.02633
4.10.1988;0.02687
5.10.1988;0.02692
6.10.1988;0.02697
7.10.1988;0.02675
8.10.1988;0.02637
9.10.1988;0.02597
10.10.1988;0.02608
11.10.1988;0.02633
12.10.1988;0.0257
13.10.1988;0.02597
14.10.1988;0.0255
15.10.1988;0.02525
16.10.1988;0.02542
17.10.1988;0.02617
18.10.1988;0.0262
19.10.1988;0.026
20.10.1988;0.02533
21.10.1988;0.025
22.10.1988;0.02503
23.10.1988;0.02508
24.10.1988;0.026
25.10.1988;0.02547
26.10.1988;0.0248
27.10.1988;0.02463
28.10.1988;0.0248
29.10.1988;0.02503
30.10.1988;0.02497
31.10.1988;0.02487
1.11.1988;0.02497
2.11.1988;0.02497
3.11.1988;0.02467
4.11.1988;0.02425
5.11.1988;0.02417
6.11.1988;0.0245
7.11.1988;0.0247
8.11.1988;0.0247
9.11.1988;0.0242
10.11.1988;0.02413
11.11.1988;0.02408
12.11.1988;0.02417
13.11.1988;0.0245
14.11.1988;0.02467
15.11.1988;0.02453
16.11.1988;0.02375
17.11.1988;0.02353
18.11.1988;0.024
19.11.1988;0.02447
20.11.1988;0.02408
21.11.1988;0.02458
22.11.1988;0.02403
23.11.1988;0.02337
24.11.1988;0.02313
25.11.1988;0.02342
26.11.1988;0.02342
27.11.1988;0.02347
28.11.1988;0.02333
29.11.1988;0.0242
30.11.1988;0.02383
1.12.1988;0.0235
2.12.1988;0.0237
3.12.1988;0.02503
4.12.1988;0.02487
5.12.1988;0.02537
6.12.1988;0.0252
7.12.1988;0.0243
8.12.1988;0.02337
9.12.1988;0.02317
10.12.1988;0.02337
11.12.1988;0.024
12.12.1988;0.0237
13.12.1988;0.0235
14.12.1988;0.02358
15.12.1988;0.02337
16.12.1988;0.0232
17.12.1988;0.02317
18.12.1988;0.0233
19.12.1988;0.0237
20.12.1988;0.02353
21.12.1988;0.0228
22.12.1988;0.0228
23.12.1988;0.02297
24.12.1988;0.02363
25.12.1988;0.02367
26.12.1988;0.02303
27.12.1988;0.02267
28.12.1988;0.02263
29.12.1988;0.02197
30.12.1988;0.0223
31.12.1988;0.02303
1.01.1989;0.02297
2.01.1989;0.022
3.01.1989;0.02175
4.01.1989;0.02208
5.01.1989;0.02263
6.01.1989;0.02292
7.01.1989;0.02313
8.01.1989;0.02317
9.01.1989;0.02275
10.01.1989;0.02225
11.01.1989;0.0223
12.01.1989;0.02222
13.01.1989;0.07483
14.01.1989;0.02517
15.01.1989;0.02288
16.01.1989;0.02198
17.01.1989;0.02183
18.01.1989;0.0218
19.01.1989;0.0217
20.01.1989;0.02153
21.01.1989;0.02163
22.01.1989;0.02187
23.01.1989;0.02163
24.01.1989;0.02158
25.01.1989;0.02163
26.01.1989;0.0218
27.01.1989;0.02167
28.01.1989;0.02167
29.01.1989;0.02163
30.01.1989;0.02153
31.01.1989;0.02158
1.02.1989;0.02153
2.02.1989;0.02158
3.02.1989;0.02167
4.02.1989;0.02167
5.02.1989;0.0218
6.02.1989;0.02167
7.02.1989;0.0215
8.02.1989;0.0215
9.02.1989;0.02158
10.02.1989;0.02175
11.02.1989;0.0217
12.02.1989;0.02183
13.02.1989;0.02192
14.02.1989;0.02183
15.02.1989;0.0218
16.02.1989;0.02175
17.02.1989;0.02175
18.02.1989;0.02158
19.02.1989;0.02137
20.02.1989;0.0222
21.02.1989;0.02353
22.02.1989;0.02292
23.02.1989;0.02197
24.02.1989;0.023
25.02.1989;0.0267
26.02.1989;0.04758
27.02.1989;0.03583
28.02.1989;0.03747
1.03.1989;0.04958
2.03.1989;0.03397
3.03.1989;0.03233
4.03.1989;0.0315
5.03.1989;0.0298
6.03.1989;0.02925
7.03.1989;0.02925
8.03.1989;0.0295
9.03.1989;0.02842
10.03.1989;0.02797
11.03.1989;0.0277
12.03.1989;0.0277
13.03.1989;0.02887
14.03.1989;0.03153
15.03.1989;0.03253
16.03.1989;0.03355
17.03.1989;0.0342
18.03.1989;0.03453
19.03.1989;0.03417
20.03.1989;0.03433
21.03.1989;0.065
22.03.1989;0.10083
23.03.1989;0.12625
24.03.1989;0.15937
25.03.1989;0.11375
26.03.1989;0.1375
27.03.1989;0.09333
28.03.1989;0.08417
29.03.1989;0.12833
30.03.1989;0.07625
31.03.1989;0.07375
1.04.1989;0.05647
2.04.1989;0.06708
3.04.1989;0.06167
4.04.1989;0.06167
5.04.1989;0.11333
6.04.1989;0.0825
7.04.1989;0.06208
8.04.1989;0.08667
9.04.1989;0.14958
10.04.1989;0.13625
11.04.1989;0.10833
12.04.1989;0.10353
13.04.1989;0.09792
14.04.1989;0.16125
15.04.1989;0.10542
16.04.1989;0.08458
17.04.1989;0.1152
18.04.1989;0.075
19.04.1989;0.07147
20.04.1989;0.06647
21.04.1989;0.0675
22.04.1989;0.1175
23.04.1989;0.06417
24.04.1989;0.06583
25.04.1989;0.0625
26.04.1989;0.06063
27.04.1989;0.06625
28.04.1989;0.1075
29.04.1989;0.0648
30.04.1989;0.06083
1.05.1989;0.22667
2.05.1989;0.71042
3.05.1989;0.81042
4.05.1989;0.7125
5.05.1989;0.57083
6.05.1989;0.46667
7.05.1989;0.39583
8.05.1989;0.32917
9.05.1989;0.28125
10.05.1989;0.225
11.05.1989;0.2427
12.05.1989;0.18147
13.05.1989;0.1923
14.05.1989;0.20063
15.05.1989;0.1523
16.05.1989;0.1275
17.05.1989;0.12
18.05.1989;0.1625
19.05.1989;0.10875
20.05.1989;0.1025
21.05.1989;0.1398
22.05.1989;0.09833
23.05.1989;0.11875
24.05.1989;0.0875
25.05.1989;0.08458
26.05.1989;0.08042
27.05.1989;0.10167
28.05.1989;0.11
29.05.1989;0.07542
30.05.1989;0.07292
31.05.1989;0.06833
1.06.1989;0.06
2.06.1989;0.06
3.06.1989;0.06
4.06.1989;0.06
5.06.1989;0.0602
6.06.1989;0.08103
7.06.1989;0.06375
8.06.1989;0.05917
9.06.1989;0.0575
10.06.1989;0.08625
11.06.1989;0.06
12.06.1989;0.05417
13.06.1989;0.05458
14.06.1989;0.05397
15.06.1989;0.0525
16.06.1989;0.05147
17.06.1989;0.05125
18.06.1989;0.0498
19.06.1989;0.04897
20.06.1989;0.04833
21.06.1989;0.04792
22.06.1989;0.0473
23.06.1989;0.1002
24.06.1989;0.04792
25.06.1989;0.04563
26.06.1989;0.04375
27.06.1989;0.04437
28.06.1989;0.06853
29.06.1989;0.04417
30.06.1989;0.04292
1.07.1989;0.0423
2.07.1989;0.05897
3.07.1989;0.04208
4.07.1989;0.04042
5.07.1989;0.0398
6.07.1989;0.03958
7.07.1989;0.03917
8.07.1989;0.03875
9.07.1989;0.03875
10.07.1989;0.07313
11.07.1989;0.04083
12.07.1989;0.0398
13.07.1989;0.04063
14.07.1989;0.0627
15.07.1989;0.0598
16.07.1989;0.05542
17.07.1989;0.05292
18.07.1989;0.05125
19.07.1989;0.04937
20.07.1989;0.04875
21.07.1989;0.0473
22.07.1989;0.04563
23.07.1989;0.04583
24.07.1989;0.0452
25.07.1989;0.04437
26.07.1989;0.04353
27.07.1989;0.04292
28.07.1989;0.06625
29.07.1989;0.05875
30.07.1989;0.0427
31.07.1989;0.04292
1.08.1989;0.0427
2.08.1989;0.0423
3.08.1989;0.0623
4.08.1989;0.04063
5.08.1989;0.03958
6.08.1989;0.03917
7.08.1989;0.03917
8.08.1989;0.03917
9.08.1989;0.03917
10.08.1989;0.03853
11.08.1989;0.03792
12.08.1989;0.0375
13.08.1989;0.03708
14.08.1989;0.03687
15.08.1989;0.0373
16.08.1989;0.03708
17.08.1989;0.03647
18.08.1989;0.03647
19.08.1989;0.03625
20.08.1989;0.0675
21.08.1989;0.03583
22.08.1989;0.0352
23.08.1989;0.03458
24.08.1989;0.0348
25.08.1989;0.03437
26.08.1989;0.03375
27.08.1989;0.03353
28.08.1989;0.03397
29.08.1989;0.03397
30.08.1989;0.03292
31.08.1989;0.03167
1.09.1989;0.03167
2.09.1989;0.03167
3.09.1989;0.03167
4.09.1989;0.03167
5.09.1989;0.03167
6.09.1989;0.03063
7.09.1989;0.03063
8.09.1989;0.03042
9.09.1989;0.03042
10.09.1989;0.03042
11.09.1989;0.03
12.09.1989;0.02938
13.09.1989;0.02917
14.09.1989;0.0298
15.09.1989;0.02938
16.09.1989;0.02917
17.09.1989;0.02897
18.09.1989;0.02792
19.09.1989;0.02813
20.09.1989;0.02792
21.09.1989;0.0277
22.09.1989;0.02792
23.09.1989;0.02792
24.09.1989;0.0277
25.09.1989;0.02792
26.09.1989;0.02813
27.09.1989;0.0277
28.09.1989;0.0273
29.09.1989;0.02708
30.09.1989;0.02708
1.10.1989;0.02708
2.10.1989;0.04917
3.10.1989;0.04103
4.10.1989;0.0273
5.10.1989;0.02687
6.10.1989;0.02708
7.10.1989;0.02708
8.10.1989;0.0273
9.10.1989;0.0277
10.10.1989;0.02792
11.10.1989;0.02687
12.10.1989;0.02667
13.10.1989;0.02625
14.10.1989;0.02542
15.10.1989;0.02563
16.10.1989;0.0252
17.10.1989;0.02625
18.10.1989;0.02603
19.10.1989;0.02603
20.10.1989;0.02603
21.10.1989;0.02542
22.10.1989;0.02542
23.10.1989;0.02563
24.10.1989;0.02583
25.10.1989;0.02583
26.10.1989;0.0252
27.10.1989;0.0248
28.10.1989;0.0248
29.10.1989;0.0248
30.10.1989;0.0252
31.10.1989;0.02563
1.11.1989;0.02563
2.11.1989;0.02563
3.11.1989;0.02542
4.11.1989;0.02542
5.11.1989;0.02542
6.11.1989;0.06313
7.11.1989;0.02687
8.11.1989;0.02667
9.11.1989;0.02563
10.11.1989;0.02542
11.11.1989;0.02542
12.11.1989;0.02563
13.11.1989;0.02563
14.11.1989;0.02458
15.11.1989;0.02458
16.11.1989;0.0248
17.11.1989;0.02437
18.11.1989;0.02397
19.11.1989;0.02375
20.11.1989;0.02458
21.11.1989;0.025
22.11.1989;0.02542
23.11.1989;0.02542
24.11.1989;0.02458
25.11.1989;0.02417
26.11.1989;0.02417
27.11.1989;0.0248
28.11.1989;0.02503
29.11.1989;0.02425
30.11.1989;0.02403
1.12.1989;0.02358
2.12.1989;0.02353
3.12.1989;0.02342
4.12.1989;0.02375
5.12.1989;0.0237
6.12.1989;0.02358
7.12.1989;0.02458
8.12.1989;0.024
9.12.1989;0.0253
10.12.1989;0.0255
11.12.1989;0.02458
12.12.1989;0.02308
13.12.1989;0.02325
14.12.1989;0.02317
15.12.1989;0.02313
16.12.1989;0.02317
17.12.1989;0.02313
18.12.1989;0.02313
19.12.1989;0.02317
20.12.1989;0.02247
21.12.1989;0.02167
22.12.1989;0.02167
23.12.1989;0.0218
24.12.1989;0.02183
25.12.1989;0.0218
26.12.1989;0.0217
27.12.1989;0.0217
28.12.1989;0.02175
29.12.1989;0.02175
30.12.1989;0.0217
31.12.1989;0.0217
1.01.1990;0.02213
2.01.1990;0.02203
3.01.1990;0.0218
4.01.1990;0.02142
5.01.1990;0.02138
6.01.1990;0.02162
7.01.1990;0.02188
8.01.1990;0.02217
9.01.1990;0.02172
10.01.1990;0.02142
11.01.1990;0.02142
12.01.1990;0.02147
13.01.1990;0.02142
14.01.1990;0.02153
15.01.1990;0.02175
16.01.1990;0.02175
17.01.1990;0.0218
18.01.1990;0.02167
19.01.1990;0.02147
20.01.1990;0.02137
21.01.1990;0.02145
22.01.1990;0.02158
23.01.1990;0.02137
24.01.1990;0.02153
25.01.1990;0.02147
26.01.1990;0.022
27.01.1990;0.02153
28.01.1990;0.02142
29.01.1990;0.02163
30.01.1990;0.02167
31.01.1990;0.02142
1.02.1990;0.02125
2.02.1990;0.02105
3.02.1990;0.02078
4.02.1990;0.02137
5.02.1990;0.02105
6.02.1990;0.02025
7.02.1990;0.02025
8.02.1990;0.02022
9.02.1990;0.0203
10.02.1990;0.02075
11.02.1990;0.02125
12.02.1990;0.02175
13.02.1990;0.02167
14.02.1990;0.02167
15.02.1990;0.02183
16.02.1990;0.02155
17.02.1990;0.021
18.02.1990;0.02058
19.02.1990;0.0207
20.02.1990;0.02067
21.02.1990;0.02042
22.02.1990;0.02013
23.02.1990;0.02045
24.02.1990;0.02108
25.02.1990;0.02167
26.02.1990;0.0225
27.02.1990;0.02362
28.02.1990;0.0253
1.03.1990;0.02553
2.03.1990;0.02783
3.03.1990;0.02833
4.03.1990;0.02867
5.03.1990;0.029
6.03.1990;0.02913
7.03.1990;0.02962
8.03.1990;0.03138
9.03.1990;0.02958
10.03.1990;0.02795
11.03.1990;0.02767
12.03.1990;0.02738
13.03.1990;0.0815
14.03.1990;0.027
15.03.1990;0.02642
16.03.1990;0.02575
17.03.1990;0.02567
18.03.1990;0.02562
19.03.1990;0.02558
20.03.1990;0.026
21.03.1990;0.02605
22.03.1990;0.02622
23.03.1990;0.02605
24.03.1990;0.02558
25.03.1990;0.02597
26.03.1990;0.02525
27.03.1990;0.02533
28.03.1990;0.02553
29.03.1990;0.02525
30.03.1990;0.02472
31.03.1990;0.06472
1.04.1990;0.02517
2.04.1990;0.02483
3.04.1990;0.02525
4.04.1990;0.02492
5.04.1990;0.02375
6.04.1990;0.0235
7.04.1990;0.02383
8.04.1990;0.02417
9.04.1990;0.0242
10.04.1990;0.02563
11.04.1990;0.02658
12.04.1990;0.02653
13.04.1990;0.02653
14.04.1990;0.04492
15.04.1990;0.04013
16.04.1990;0.02533
17.04.1990;0.025
18.04.1990;0.025
19.04.1990;0.0255
20.04.1990;0.02538
21.04.1990;0.02553
22.04.1990;0.02675
23.04.1990;0.03025
24.04.1990;0.0375
25.04.1990;0.09292
26.04.1990;0.08125
27.04.1990;0.07458
28.04.1990;0.11083
29.04.1990;0.08292
30.04.1990;0.0673
1.05.1990;0.09
2.05.1990;0.06772
3.05.1990;0.0602
4.05.1990;0.05683
5.05.1990;0.09905
6.05.1990;0.05208
7.05.1990;0.04947
8.05.1990;0.07458
9.05.1990;0.04895
10.05.1990;0.04583
11.05.1990;0.0448
12.05.1990;0.04353
13.05.1990;0.04188
14.05.1990;0.08208
15.05.1990;0.04042
16.05.1990;0.03897
17.05.1990;0.03833
18.05.1990;0.03742
19.05.1990;0.03522
20.05.1990;0.03503
21.05.1990;0.03458
22.05.1990;0.07708
23.05.1990;0.03522
24.05.1990;0.03317
25.05.1990;0.0333
26.05.1990;0.03313
27.05.1990;0.05722
28.05.1990;0.03197
29.05.1990;0.03167
30.05.1990;0.0315
31.05.1990;0.03087
1.06.1990;0.03017
2.06.1990;0.03067
3.06.1990;0.03075
4.06.1990;0.03055
5.06.1990;0.03055
6.06.1990;0.02995
7.06.1990;0.02983
8.06.1990;0.02967
9.06.1990;0.02967
10.06.1990;0.02967
11.06.1990;0.029
12.06.1990;0.02858
13.06.1990;0.02817
14.06.1990;0.028
15.06.1990;0.028
16.06.1990;0.028
17.06.1990;0.02833
18.06.1990;0.02908
19.06.1990;0.02828
20.06.1990;0.028
21.06.1990;0.02775
22.06.1990;0.0298
23.06.1990;0.0297
24.06.1990;0.02933
25.06.1990;0.0795
26.06.1990;0.03192
27.06.1990;0.02942
28.06.1990;0.02897
29.06.1990;0.028
30.06.1990;0.02762
1.07.1990;0.02758
2.07.1990;0.02697
3.07.1990;0.02708
4.07.1990;0.0322
5.07.1990;0.03817
6.07.1990;0.03642
7.07.1990;0.03583
8.07.1990;0.03783
9.07.1990;0.03937
10.07.1990;0.03813
11.07.1990;0.03742
12.07.1990;0.03847
13.07.1990;0.03903
14.07.1990;0.039
15.07.1990;0.03655
16.07.1990;0.0363
17.07.1990;0.04125
18.07.1990;0.15772
19.07.1990;0.05063
20.07.1990;0.03553
21.07.1990;0.03533
22.07.1990;0.07667
23.07.1990;0.03458
24.07.1990;0.03375
25.07.1990;0.03183
26.07.1990;0.03142
27.07.1990;0.03067
28.07.1990;0.02938
29.07.1990;0.05562
30.07.1990;0.02913
31.07.1990;0.02845
1.08.1990;0.02838
2.08.1990;0.02833
3.08.1990;0.02795
4.08.1990;0.02817
5.08.1990;0.02813
6.08.1990;0.02797
7.08.1990;0.02808
8.08.1990;0.02828
9.08.1990;0.02833
10.08.1990;0.02733
11.08.1990;0.02675
12.08.1990;0.02667
13.08.1990;0.02638
14.08.1990;0.02603
15.08.1990;0.02588
16.08.1990;0.02603
17.08.1990;0.02558
18.08.1990;0.02538
19.08.1990;0.05617
20.08.1990;0.0255
21.08.1990;0.02542
22.08.1990;0.02497
23.08.1990;0.02467
24.08.1990;0.02433
25.08.1990;0.02412
26.08.1990;0.02417
27.08.1990;0.02367
28.08.1990;0.02342
29.08.1990;0.02358
30.08.1990;0.02378
31.08.1990;0.02378
1.09.1990;0.02342
2.09.1990;0.02288
3.09.1990;0.0228
4.09.1990;0.02283
5.09.1990;0.02317
6.09.1990;0.02317
7.09.1990;0.02325
8.09.1990;0.02325
9.09.1990;0.02308
10.09.1990;0.023
11.09.1990;0.0228
12.09.1990;0.02275
13.09.1990;0.02242
14.09.1990;0.0225
15.09.1990;0.0227
16.09.1990;0.04292
17.09.1990;0.0378
18.09.1990;0.0225
19.09.1990;0.022
20.09.1990;0.0243
21.09.1990;0.02183
22.09.1990;0.02128
23.09.1990;0.02058
24.09.1990;0.02
25.09.1990;0.019
26.09.1990;0.01872
27.09.1990;0.019
28.09.1990;0.01867
29.09.1990;0.01833
30.09.1990;0.01975
1.10.1990;0.01855
2.10.1990;0.01847
3.10.1990;0.01855
4.10.1990;0.01862
5.10.1990;0.01875
6.10.1990;0.01933
7.10.1990;0.01908
8.10.1990;0.01917
9.10.1990;0.01837
10.10.1990;0.03695
11.10.1990;0.02013
12.10.1990;0.01903
13.10.1990;0.01897
14.10.1990;0.01913
15.10.1990;0.01937
16.10.1990;0.01917
17.10.1990;0.01905
18.10.1990;0.0188
19.10.1990;0.01908
20.10.1990;0.01942
21.10.1990;0.01958
22.10.1990;0.01938
23.10.1990;0.01858
24.10.1990;0.01833
25.10.1990;0.0185
26.10.1990;0.01842
27.10.1990;0.0185
28.10.1990;0.01887
29.10.1990;0.01903
30.10.1990;0.02222
31.10.1990;0.025
1.11.1990;0.025
2.11.1990;0.025
3.11.1990;0.02533
4.11.1990;0.02533
5.11.1990;0.02583
6.11.1990;0.0255
7.11.1990;0.02533
8.11.1990;0.02533
9.11.1990;0.02517
10.11.1990;0.02525
11.11.1990;0.02492
12.11.1990;0.02472
13.11.1990;0.02425
14.11.1990;0.02333
15.11.1990;0.02342
16.11.1990;0.02367
17.11.1990;0.02417
18.11.1990;0.02442
19.11.1990;0.02513
20.11.1990;0.02708
21.11.1990;0.02987
22.11.1990;0.03388
23.11.1990;0.03708
24.11.1990;0.04147
25.11.1990;0.04728
26.11.1990;0.05125
27.11.1990;0.05395
28.11.1990;0.05958
29.11.1990;0.06313
30.11.1990;0.0675
1.12.1990;0.07167
2.12.1990;0.07645
3.12.1990;0.09147
4.12.1990;0.08667
5.12.1990;0.0975
6.12.1990;0.06772
7.12.1990;0.06542
8.12.1990;0.06687
9.12.1990;0.07292
10.12.1990;0.06583
11.12.1990;0.0752
12.12.1990;0.08458
13.12.1990;0.0873
14.12.1990;0.09062
15.12.1990;0.09438
16.12.1990;0.09772
17.12.1990;0.0975
18.12.1990;0.12542
19.12.1990;0.08958
20.12.1990;0.08063
21.12.1990;0.07853
22.12.1990;0.08833
23.12.1990;0.07272
24.12.1990;0.06647
25.12.1990;0.10375
26.12.1990;0.06937
27.12.1990;0.06458
28.12.1990;0.06083
29.12.1990;0.0577
30.12.1990;0.10022
31.12.1990;0.05833
1.01.1991;0.05563
2.01.1991;0.05478
3.01.1991;0.09917
4.01.1991;0.06375
5.01.1991;0.0625
6.01.1991;0.06272
7.01.1991;0.06438
8.01.1991;0.06562
9.01.1991;0.06647
10.01.1991;0.11062
11.01.1991;0.08792
12.01.1991;0.08958
13.01.1991;0.0975
14.01.1991;0.08208
15.01.1991;0.08147
16.01.1991;0.08
17.01.1991;0.14103
18.01.1991;0.07975
19.01.1991;0.11688
20.01.1991;0.07583
21.01.1991;0.09522
22.01.1991;0.07645
23.01.1991;0.07
24.01.1991;0.06875
25.01.1991;0.10813
26.01.1991;0.07333
27.01.1991;0.06355
28.01.1991;0.06167
29.01.1991;0.06083
30.01.1991;0.06022
31.01.1991;0.05833
1.02.1991;0.11375
2.02.1991;0.0688
3.02.1991;0.06542
4.02.1991;0.06688
5.02.1991;0.065
6.02.1991;0.06333
7.02.1991;0.06105
8.02.1991;0.06
9.02.1991;0.05792
10.02.1991;0.05708
11.02.1991;0.0575
12.02.1991;0.055
13.02.1991;0.055
14.02.1991;0.05417
15.02.1991;0.0525
16.02.1991;0.05333
17.02.1991;0.05167
18.02.1991;0.05042
19.02.1991;0.0475
20.02.1991;0.04667
21.02.1991;0.04667
22.02.1991;0.04667
23.02.1991;0.04833
24.02.1991;0.06083
25.02.1991;0.0775
26.02.1991;0.08583
27.02.1991;0.08417
28.02.1991;0.09208
1.03.1991;0.09875
2.03.1991;0.1
3.03.1991;0.09375
4.03.1991;0.08583
5.03.1991;0.08667
6.03.1991;0.10792
7.03.1991;0.13167
8.03.1991;0.14208
9.03.1991;0.20417
10.03.1991;0.32957
11.03.1991;0.39167
12.03.1991;0.375
13.03.1991;0.40833
14.03.1991;0.41667
15.03.1991;0.41667
16.03.1991;0.41667
17.03.1991;0.3875
18.03.1991;0.34792
19.03.1991;0.30833
20.03.1991;0.275
21.03.1991;0.25417
22.03.1991;0.23667
23.03.1991;0.22292
24.03.1991;0.21042
25.03.1991;0.1948
26.03.1991;0.15083
27.03.1991;0.19355
28.03.1991;0.16333
29.03.1991;0.12792
30.03.1991;0.12
31.03.1991;0.17125
1.04.1991;0.11542
2.04.1991;0.12083
3.04.1991;0.24583
4.04.1991;0.15292
5.04.1991;0.13042
6.04.1991;0.11042
7.04.1991;0.10457
8.04.1991;0.09167
9.04.1991;0.16647
10.04.1991;0.08708
11.04.1991;0.08167
12.04.1991;0.08292
13.04.1991;0.08
14.04.1991;0.07833
15.04.1991;0.155
16.04.1991;0.07833
17.04.1991;0.07917
18.04.1991;0.07583
19.04.1991;0.13542
20.04.1991;0.12833
21.04.1991;0.14167
22.04.1991;0.22605
23.04.1991;0.16958
24.04.1991;0.175
25.04.1991;0.16083
26.04.1991;0.1509
27.04.1991;0.17125
28.04.1991;0.12792
29.04.1991;0.12292
30.04.1991;0.15917
1.05.1991;0.16605
2.05.1991;0.11667
3.05.1991;0.14542
4.05.1991;0.11667
5.05.1991;0.18708
6.05.1991;0.16167
7.05.1991;0.17208
8.05.1991;0.15625
9.05.1991;0.18958
10.05.1991;0.15167
11.05.1991;0.14958
12.05.1991;0.15083
13.05.1991;0.11708
14.05.1991;0.1775
15.05.1991;0.11
16.05.1991;0.10667
17.05.1991;0.16833
18.05.1991;0.10833
19.05.1991;0.19688
20.05.1991;0.32167
21.05.1991;0.43333
22.05.1991;0.39665
23.05.1991;0.35958
24.05.1991;0.31917
25.05.1991;0.2875
26.05.1991;0.26458
27.05.1991;0.23
28.05.1991;0.23417
29.05.1991;0.19897
30.05.1991;0.16958
31.05.1991;0.22833
1.06.1991;0.17083
2.06.1991;0.15667
3.06.1991;0.17042
4.06.1991;0.14458
5.06.1991;0.14083
6.06.1991;0.1475
7.06.1991;0.115
8.06.1991;0.11333
9.06.1991;0.145
10.06.1991;0.10667
11.06.1991;0.09833
12.06.1991;0.09458
13.06.1991;0.1173
14.06.1991;0.11417
15.06.1991;0.09208
16.06.1991;0.09
17.06.1991;0.08667
18.06.1991;0.12833
19.06.1991;0.08667
20.06.1991;0.07833
21.06.1991;0.07667
22.06.1991;0.07667
23.06.1991;0.07167
24.06.1991;0.07083
25.06.1991;0.12083
26.06.1991;0.07917
27.06.1991;0.06833
28.06.1991;0.0675
29.06.1991;0.06667
30.06.1991;0.06583
1.07.1991;0.065
2.07.1991;0.10917
3.07.1991;0.06542
4.07.1991;0.06
5.07.1991;0.05833
6.07.1991;0.05667
7.07.1991;0.05667
8.07.1991;0.05583
9.07.1991;0.055
10.07.1991;0.05417
11.07.1991;0.09375
12.07.1991;0.05375
13.07.1991;0.0525
14.07.1991;0.05167
15.07.1991;0.07667
16.07.1991;0.05167
17.07.1991;0.05
18.07.1991;0.04833
19.07.1991;0.04833
20.07.1991;0.04833
21.07.1991;0.04833
22.07.1991;0.04833
23.07.1991;0.04833
24.07.1991;0.05208
25.07.1991;0.07875
26.07.1991;0.05605
27.07.1991;0.05
28.07.1991;0.05
29.07.1991;0.05
30.07.1991;0.04833
31.07.1991;0.04667
1.08.1991;0.04667
2.08.1991;0.04833
3.08.1991;0.04917
4.08.1991;0.05
5.08.1991;0.04833
6.08.1991;0.04667
7.08.1991;0.04667
8.08.1991;0.04583
9.08.1991;0.045
10.08.1991;0.045
11.08.1991;0.045
12.08.1991;0.045
13.08.1991;0.04333
14.08.1991;0.04333
15.08.1991;0.04333
16.08.1991;0.04333
17.08.1991;0.04333
18.08.1991;0.04333
19.08.1991;0.04333
20.08.1991;0.0425
21.08.1991;0.04167
22.08.1991;0.04167
23.08.1991;0.04083
24.08.1991;0.04
25.08.1991;0.04
26.08.1991;0.04
27.08.1991;0.03917
28.08.1991;0.03833
29.08.1991;0.03833
30.08.1991;0.04
31.08.1991;0.04
1.09.1991;0.04
2.09.1991;0.04
3.09.1991;0.04
4.09.1991;0.03917
5.09.1991;0.03917
6.09.1991;0.03917
7.09.1991;0.03833
8.09.1991;0.03667
9.09.1991;0.03667
10.09.1991;0.03667
11.09.1991;0.03667
12.09.1991;0.03667
13.09.1991;0.03667
14.09.1991;0.03583
15.09.1991;0.03583
16.09.1991;0.03583
17.09.1991;0.03583
18.09.1991;0.03583
19.09.1991;0.035
20.09.1991;0.035
21.09.1991;0.035
22.09.1991;0.03417
23.09.1991;0.03417
24.09.1991;0.03417
25.09.1991;0.03417
26.09.1991;0.03417
27.09.1991;0.03417
28.09.1991;0.03333
29.09.1991;0.03333
30.09.1991;0.03333
1.10.1991;0.0325
2.10.1991;0.0325
3.10.1991;0.03167
4.10.1991;0.03167
5.10.1991;0.03167
6.10.1991;0.03167
7.10.1991;0.03083
8.10.1991;0.03083
9.10.1991;0.03083
10.10.1991;0.03083
11.10.1991;0.03083
12.10.1991;0.0325
13.10.1991;0.05417
14.10.1991;0.0475
15.10.1991;0.0475
16.10.1991;0.045
17.10.1991;0.08292
18.10.1991;0.06875
19.10.1991;0.05792
20.10.1991;0.05375
21.10.1991;0.0525
22.10.1991;0.05083
23.10.1991;0.05
24.10.1991;0.04875
25.10.1991;0.04958
26.10.1991;0.04167
27.10.1991;0.03958
28.10.1991;0.03958
29.10.1991;0.04
30.10.1991;0.03917
31.10.1991;0.03917
1.11.1991;0.03833
2.11.1991;0.03833
3.11.1991;0.03917
4.11.1991;0.08522
5.11.1991;0.04333
6.11.1991;0.04792
7.11.1991;0.05167
8.11.1991;0.05
9.11.1991;0.05333
10.11.1991;0.07958
11.11.1991;0.0725
12.11.1991;0.05417
13.11.1991;0.08583
14.11.1991;0.06292
15.11.1991;0.06583
16.11.1991;0.0875
17.11.1991;0.135
18.11.1991;0.46875
19.11.1991;0.43333
20.11.1991;0.33542
21.11.1991;0.27708
22.11.1991;0.25417
23.11.1991;0.25
24.11.1991;0.25833
25.11.1991;0.26167
26.11.1991;0.25
27.11.1991;0.19583
28.11.1991;0.2375
29.11.1991;0.20625
30.11.1991;0.1575
1.12.1991;0.19833
2.12.1991;0.16625
3.12.1991;0.13958
4.12.1991;0.13208
5.12.1991;0.22147
6.12.1991;0.12583
7.12.1991;0.15875
8.12.1991;0.11208
9.12.1991;0.10542
10.12.1991;0.1
11.12.1991;0.14833
12.12.1991;0.09583
13.12.1991;0.09167
14.12.1991;0.0875
15.12.1991;0.13625
16.12.1991;0.08583
17.12.1991;0.08
18.12.1991;0.07917
19.12.1991;0.10147
20.12.1991;0.10583
21.12.1991;0.075
22.12.1991;0.0725
23.12.1991;0.07
24.12.1991;0.09417
25.12.1991;0.06667
26.12.1991;0.08583
27.12.1991;0.08458
28.12.1991;0.06542
29.12.1991;0.06333
30.12.1991;0.0625
31.12.1991;0.06333
1.01.1992;0.06
2.01.1992;0.05833
3.01.1992;0.05708
4.01.1992;0.05667
5.01.1992;0.085
6.01.1992;0.10208
7.01.1992;0.06208
8.01.1992;0.05917
9.01.1992;0.05833
10.01.1992;0.05792
11.01.1992;0.05708
12.01.1992;0.05667
13.01.1992;0.0575
14.01.1992;0.05667
15.01.1992;0.05667
16.01.1992;0.05583
17.01.1992;0.05583
18.01.1992;0.05667
19.01.1992;0.05667
20.01.1992;0.0575
21.01.1992;0.0575
22.01.1992;0.0575
23.01.1992;0.05542
24.01.1992;0.05583
25.01.1992;0.05583
26.01.1992;0.05542
27.01.1992;0.055
28.01.1992;0.05417
29.01.1992;0.05333
30.01.1992;0.05417
31.01.1992;0.05333
1.02.1992;0.05333
2.02.1992;0.05333
3.02.1992;0.05333
4.02.1992;0.05333
5.02.1992;0.05333
6.02.1992;0.05167
7.02.1992;0.05
8.02.1992;0.04833
9.02.1992;0.04833
10.02.1992;0.04833
11.02.1992;0.04813
12.02.1992;0.05
13.02.1992;0.0525
14.02.1992;0.05667
15.02.1992;0.06
16.02.1992;0.06542
17.02.1992;0.06938
18.02.1992;0.0725
19.02.1992;0.075
20.02.1992;0.07667
21.02.1992;0.0775
22.02.1992;0.07833
23.02.1992;0.07833
24.02.1992;0.0775
25.02.1992;0.07542
26.02.1992;0.07667
27.02.1992;0.07667
28.02.1992;0.075
29.02.1992;0.07333
1.03.1992;0.0725
2.03.1992;0.07333
3.03.1992;0.07667
4.03.1992;0.07333
5.03.1992;0.07
6.03.1992;0.06583
7.03.1992;0.06833
8.03.1992;0.06917
9.03.1992;0.06542
10.03.1992;0.06833
11.03.1992;0.065
12.03.1992;0.06
13.03.1992;0.07917
14.03.1992;0.0625
15.03.1992;0.06
16.03.1992;0.05833
17.03.1992;0.05667
18.03.1992;0.055
19.03.1992;0.05667
20.03.1992;0.10167
21.03.1992;0.06917
22.03.1992;0.06375
23.03.1992;0.06333
24.03.1992;0.08
25.03.1992;0.10917
26.03.1992;0.1325
27.03.1992;0.2125
28.03.1992;0.25
29.03.1992;0.24792
30.03.1992;0.22958
31.03.1992;0.21667
1.04.1992;0.20625
2.04.1992;0.19375
3.04.1992;0.17688
4.04.1992;0.18813
5.04.1992;0.14417
6.04.1992;0.1923
7.04.1992;0.17667
8.04.1992;0.1975
9.04.1992;0.15147
10.04.1992;0.15542
11.04.1992;0.16355
12.04.1992;0.15167
13.04.1992;0.15708
14.04.1992;0.12042
15.04.1992;0.11417
16.04.1992;0.16583
17.04.1992;0.12167
18.04.1992;0.13042
19.04.1992;0.10708
20.04.1992;0.10167
21.04.1992;0.14522
22.04.1992;0.09917
23.04.1992;0.11
24.04.1992;0.10792
25.04.1992;0.09
26.04.1992;0.08667
27.04.1992;0.12417
28.04.1992;0.08667
29.04.1992;0.085
30.04.1992;0.12208
1.05.1992;0.07833
2.05.1992;0.08
3.05.1992;0.0775
4.05.1992;0.1023
5.05.1992;0.10167
6.05.1992;0.09083
7.05.1992;0.07667
8.05.1992;0.07667
9.05.1992;0.07667
10.05.1992;0.1275
11.05.1992;0.07583
12.05.1992;0.07083
13.05.1992;0.10208
14.05.1992;0.06833
15.05.1992;0.06667
16.05.1992;0.06792
17.05.1992;0.06542
18.05.1992;0.10917
19.05.1992;0.06333
20.05.1992;0.06167
21.05.1992;0.06083
22.05.1992;0.06083
23.05.1992;0.06
24.05.1992;0.05833
25.05.1992;0.05833
26.05.1992;0.05667
27.05.1992;0.10667
28.05.1992;0.07958
29.05.1992;0.055
30.05.1992;0.055
31.05.1992;0.05333
1.06.1992;0.05083
2.06.1992;0.05167
3.06.1992;0.075
4.06.1992;0.07375
5.06.1992;0.05083
6.06.1992;0.05083
7.06.1992;0.05
8.06.1992;0.0475
9.06.1992;0.04667
10.06.1992;0.08833
11.06.1992;0.0525
12.06.1992;0.04583
13.06.1992;0.04333
14.06.1992;0.04333
15.06.1992;0.04333
16.06.1992;0.04333
17.06.1992;0.04333
18.06.1992;0.04333
19.06.1992;0.04167
20.06.1992;0.04
21.06.1992;0.04083
22.06.1992;0.04083
23.06.1992;0.04167
24.06.1992;0.04167
25.06.1992;0.04083
26.06.1992;0.04083
27.06.1992;0.04
28.06.1992;0.06542
29.06.1992;0.07667
30.06.1992;0.04
1.07.1992;0.03833
2.07.1992;0.0375
3.07.1992;0.03667
4.07.1992;0.03667
5.07.1992;0.03667
6.07.1992;0.03583
7.07.1992;0.03583
8.07.1992;0.03583
9.07.1992;0.03583
10.07.1992;0.07542
11.07.1992;0.03583
12.07.1992;0.035
13.07.1992;0.03417
14.07.1992;0.03417
15.07.1992;0.03333
16.07.1992;0.03333
17.07.1992;0.0325
18.07.1992;0.0325
19.07.1992;0.03333
20.07.1992;0.0325
21.07.1992;0.03167
22.07.1992;0.03167
23.07.1992;0.03167
24.07.1992;0.03167
25.07.1992;0.03167
26.07.1992;0.03167
27.07.1992;0.03167
28.07.1992;0.03167
29.07.1992;0.07292
30.07.1992;0.03
31.07.1992;0.03
1.08.1992;0.03
2.08.1992;0.03083
3.08.1992;0.03
4.08.1992;0.02917
5.08.1992;0.02917
6.08.1992;0.02917
7.08.1992;0.02833
8.08.1992;0.02833
9.08.1992;0.02917
10.08.1992;0.02917
11.08.1992;0.02917
12.08.1992;0.02917
13.08.1992;0.02833
14.08.1992;0.02833
15.08.1992;0.02833
16.08.1992;0.02833
17.08.1992;0.02833
18.08.1992;0.02833
19.08.1992;0.02833
20.08.1992;0.0275
21.08.1992;0.0275
22.08.1992;0.0275
23.08.1992;0.0275
24.08.1992;0.0275
25.08.1992;0.06897
26.08.1992;0.02833
27.08.1992;0.0275
28.08.1992;0.0275
29.08.1992;0.0275
30.08.1992;0.0275
31.08.1992;0.0275
1.09.1992;0.02667
2.09.1992;0.02583
3.09.1992;0.02583
4.09.1992;0.02583
5.09.1992;0.02583
6.09.1992;0.02583
7.09.1992;0.02667
8.09.1992;0.02667
9.09.1992;0.02667
10.09.1992;0.02583
11.09.1992;0.02583
12.09.1992;0.02583
13.09.1992;0.02583
14.09.1992;0.02667
15.09.1992;0.025
16.09.1992;0.025
17.09.1992;0.025
18.09.1992;0.025
19.09.1992;0.025
20.09.1992;0.025
21.09.1992;0.025
22.09.1992;0.025
23.09.1992;0.025
24.09.1992;0.025
25.09.1992;0.025
26.09.1992;0.025
27.09.1992;0.025
28.09.1992;0.025
29.09.1992;0.025
30.09.1992;0.025
1.10.1992;0.02333
2.10.1992;0.02333
3.10.1992;0.02417
4.10.1992;0.02417
5.10.1992;0.02417
6.10.1992;0.02417
7.10.1992;0.02417
8.10.1992;0.02417
9.10.1992;0.02417
10.10.1992;0.02417
11.10.1992;0.025
12.10.1992;0.025
13.10.1992;0.0225
14.10.1992;0.0225
15.10.1992;0.0225
16.10.1992;0.02333
17.10.1992;0.02333
18.10.1992;0.02333
19.10.1992;0.02333
20.10.1992;0.0225
21.10.1992;0.0225
22.10.1992;0.02333
23.10.1992;0.02333
24.10.1992;0.02333
25.10.1992;0.02333
26.10.1992;0.02417
27.10.1992;0.02333
28.10.1992;0.0225
29.10.1992;0.0225
30.10.1992;0.02167
31.10.1992;0.0225
1.11.1992;0.0225
2.11.1992;0.0225
3.11.1992;0.02333
4.11.1992;0.02417
5.11.1992;0.0225
6.11.1992;0.02167
7.11.1992;0.0225
8.11.1992;0.0225
9.11.1992;0.02167
10.11.1992;0.02167
11.11.1992;0.02167
12.11.1992;0.02167
13.11.1992;0.0225
14.11.1992;0.0225
15.11.1992;0.0225
16.11.1992;0.0225
17.11.1992;0.02355
18.11.1992;0.02667
19.11.1992;0.0275
20.11.1992;0.03708
21.11.1992;0.05208
22.11.1992;0.07083
23.11.1992;0.07125
24.11.1992;0.02
25.11.1992;0.01917
26.11.1992;0.01917
27.11.1992;0.01833
28.11.1992;0.0175
29.11.1992;0.0175
30.11.1992;0.0175
1.12.1992;0.01667
2.12.1992;0.01667
3.12.1992;0.01667
4.12.1992;0.01667
5.12.1992;0.0175
6.12.1992;0.0175
7.12.1992;0.0175
8.12.1992;0.01667
9.12.1992;0.0175
10.12.1992;0.0175
11.12.1992;0.0175
12.12.1992;0.0175
13.12.1992;0.0175
14.12.1992;0.01792
15.12.1992;0.01833
16.12.1992;0.01833
17.12.1992;0.01833
18.12.1992;0.01833
19.12.1992;0.01833
20.12.1992;0.01833
21.12.1992;0.02
22.12.1992;0.01917
23.12.1992;0.01833
24.12.1992;0.018
25.12.1992;0.0175
26.12.1992;0.0175
27.12.1992;0.0175
28.12.1992;0.02417
29.12.1992;0.02883
30.12.1992;0.02883
31.12.1992;0.02883
1.01.1993;0.03417
2.01.1993;0.06833
3.01.1993;0.07667
4.01.1993;0.07667
5.01.1993;0.02605
6.01.1993;0.02268
7.01.1993;0.02283
8.01.1993;0.02283
9.01.1993;0.02283
10.01.1993;0.02283
11.01.1993;0.02405
12.01.1993;0.02283
13.01.1993;0.02225
14.01.1993;0.02192
15.01.1993;0.02287
16.01.1993;0.02142
17.01.1993;0.02117
18.01.1993;0.02147
19.01.1993;0.02167
20.01.1993;0.02167
21.01.1993;0.02167
22.01.1993;0.02167
23.01.1993;0.02142
24.01.1993;0.02153
25.01.1993;0.02208
26.01.1993;0.02183
27.01.1993;0.02167
28.01.1993;0.02158
29.01.1993;0.02075
30.01.1993;0.02042
31.01.1993;0.02063
1.02.1993;0.02092
2.02.1993;0.01917
3.02.1993;0.01917
4.02.1993;0.01917
5.02.1993;0.01917
6.02.1993;0.01917
7.02.1993;0.02042
8.02.1993;0.01992
9.02.1993;0.01983
10.02.1993;0.01983
11.02.1993;0.01892
12.02.1993;0.01817
13.02.1993;0.01833
14.02.1993;0.01805
15.02.1993;0.01817
16.02.1993;0.01833
17.02.1993;0.01847
18.02.1993;0.01917
19.02.1993;0.01917
20.02.1993;0.01905
21.02.1993;0.01913
22.02.1993;0.01917
23.02.1993;0.01917
24.02.1993;0.01917
25.02.1993;0.01917
26.02.1993;0.0195
27.02.1993;0.01972
28.02.1993;0.02
1.03.1993;0.01958
2.03.1993;0.01917
3.03.1993;0.01917
4.03.1993;0.01917
5.03.1993;0.01917
6.03.1993;0.01917
7.03.1993;0.02
8.03.1993;0.01958
9.03.1993;0.01917
10.03.1993;0.01917
11.03.1993;0.01917
12.03.1993;0.01917
13.03.1993;0.01917
14.03.1993;0.01917
15.03.1993;0.01925
16.03.1993;0.01917
17.03.1993;0.01917
18.03.1993;0.01917
19.03.1993;0.01958
20.03.1993;0.02
21.03.1993;0.02008
22.03.1993;0.02
23.03.1993;0.02
24.03.1993;0.02
25.03.1993;0.02
26.03.1993;0.02
27.03.1993;0.02
28.03.1993;0.02083
29.03.1993;0.02055
30.03.1993;0.03108
31.03.1993;0.02667
1.04.1993;0.02938
2.04.1993;0.03605
3.04.1993;0.0425
4.04.1993;0.04792
5.04.1993;0.05167
6.04.1993;0.05167
7.04.1993;0.0528
8.04.1993;0.08083
9.04.1993;0.07833
10.04.1993;0.06667
11.04.1993;0.06605
12.04.1993;0.06667
13.04.1993;0.06072
14.04.1993;0.05642
15.04.1993;0.05425
16.04.1993;0.15667
17.04.1993;0.0525
18.04.1993;0.05167
19.04.1993;0.04897
20.04.1993;0.13
21.04.1993;0.04625
22.04.1993;0.045
23.04.1993;0.04355
24.04.1993;0.04272
25.04.1993;0.04272
26.04.1993;0.04
27.04.1993;0.03897
28.04.1993;0.07658
29.04.1993;0.04208
30.04.1993;0.03812
1.05.1993;0.03867
2.05.1993;0.03792
3.05.1993;0.03708
4.05.1993;0.035
5.05.1993;0.0645
6.05.1993;0.0373
7.05.1993;0.0325
8.05.1993;0.03208
9.05.1993;0.03167
10.05.1993;0.03167
11.05.1993;0.03167
12.05.1993;0.0313
13.05.1993;0.03167
14.05.1993;0.03167
15.05.1993;0.03167
16.05.1993;0.03125
17.05.1993;0.03
18.05.1993;0.02972
19.05.1993;0.02972
20.05.1993;0.02925
21.05.1993;0.02917
22.05.1993;0.06817
23.05.1993;0.03522
24.05.1993;0.02875
25.05.1993;0.02788
26.05.1993;0.02763
27.05.1993;0.02805
28.05.1993;0.02833
29.05.1993;0.02772
30.05.1993;0.0275
31.05.1993;0.02617
1.06.1993;0.025
2.06.1993;0.025
3.06.1993;0.025
4.06.1993;0.025
5.06.1993;0.025
6.06.1993;0.025
7.06.1993;0.025
8.06.1993;0.025
9.06.1993;0.025
10.06.1993;0.05292
11.06.1993;0.04375
12.06.1993;0.02583
13.06.1993;0.02667
14.06.1993;0.025
15.06.1993;0.02417
16.06.1993;0.02333
17.06.1993;0.02333
18.06.1993;0.02333
19.06.1993;0.02333
20.06.1993;0.02333
21.06.1993;0.0225
22.06.1993;0.0225
23.06.1993;0.0225
24.06.1993;0.0225
25.06.1993;0.0225
26.06.1993;0.0225
27.06.1993;0.0225
28.06.1993;0.02283
29.06.1993;0.02283
30.06.1993;0.025
1.07.1993;0.02875
2.07.1993;0.0323
3.07.1993;0.05938
4.07.1993;0.0273
5.07.1993;0.02583
6.07.1993;0.02583
7.07.1993;0.03542
8.07.1993;0.02333
9.07.1993;0.02333
10.07.1993;0.0225
11.07.1993;0.0225
12.07.1993;0.0225
13.07.1993;0.0225
14.07.1993;0.0225
15.07.1993;0.02167
16.07.1993;0.02167
17.07.1993;0.02167
18.07.1993;0.02083
19.07.1993;0.02083
20.07.1993;0.02083
21.07.1993;0.02167
22.07.1993;0.02167
23.07.1993;0.02167
24.07.1993;0.02083
25.07.1993;0.02083
26.07.1993;0.02083
27.07.1993;0.02083
28.07.1993;0.02083
29.07.1993;0.02083
30.07.1993;0.02083
31.07.1993;0.02083
1.08.1993;0.02125
2.08.1993;0.02083
3.08.1993;0.02
4.08.1993;0.02
5.08.1993;0.02033
6.08.1993;0.02067
7.08.1993;0.02017
8.08.1993;0.02
9.08.1993;0.02
10.08.1993;0.02033
11.08.1993;0.02
12.08.1993;0.01975
13.08.1993;0.01833
14.08.1993;0.01917
15.08.1993;0.02
16.08.1993;0.01958
17.08.1993;0.01958
18.08.1993;0.02
19.08.1993;0.0225
20.08.1993;0.02
21.08.1993;0.01967
22.08.1993;0.02
23.08.1993;0.01958
24.08.1993;0.01983
25.08.1993;0.01967
26.08.1993;0.01933
27.08.1993;0.01917
28.08.1993;0.01875
29.08.1993;0.01833
30.08.1993;0.01817
31.08.1993;0.01808
1.09.1993;0.01798
2.09.1993;0.01833
3.09.1993;0.01833
4.09.1993;0.01933
5.09.1993;0.01917
6.09.1993;0.019
7.09.1993;0.01865
8.09.1993;0.01883
9.09.1993;0.019
10.09.1993;0.01865
11.09.1993;0.0185
12.09.1993;0.01917
13.09.1993;0.01958
14.09.1993;0.01933
15.09.1993;0.019
16.09.1993;0.01865
17.09.1993;0.0185
18.09.1993;0.01833
19.09.1993;0.01833
20.09.1993;0.01833
21.09.1993;0.01833
22.09.1993;0.01833
23.09.1993;0.01833
24.09.1993;0.01833
25.09.1993;0.01833
26.09.1993;0.01833
27.09.1993;0.01833
28.09.1993;0.01833
29.09.1993;0.01833
30.09.1993;0.01833
1.10.1993;0.01833
2.10.1993;0.01833
3.10.1993;0.01833
4.10.1993;0.01833
5.10.1993;0.01833
6.10.1993;0.01833
7.10.1993;0.0185
8.10.1993;0.01865
9.10.1993;0.01917
10.10.1993;0.01958
11.10.1993;0.01933
12.10.1993;0.01833
13.10.1993;0.019
14.10.1993;0.02
15.10.1993;0.02017
16.10.1993;0.021
17.10.1993;0.02167
18.10.1993;0.022
19.10.1993;0.02217
20.10.1993;0.022
21.10.1993;0.02167
22.10.1993;0.02167
23.10.1993;0.02167
24.10.1993;0.02167
25.10.1993;0.02167
26.10.1993;0.02183
27.10.1993;0.02167
28.10.1993;0.02167
29.10.1993;0.02167
30.10.1993;0.0215
31.10.1993;0.0215
1.11.1993;0.0215
2.11.1993;0.02133
3.11.1993;0.02117
4.11.1993;0.021
5.11.1993;0.0205
6.11.1993;0.02017
7.11.1993;0.02033
8.11.1993;0.0205
9.11.1993;0.02083
10.11.1993;0.02083
11.11.1993;0.021
12.11.1993;0.02117
13.11.1993;0.02267
14.11.1993;0.02533
15.11.1993;0.02667
16.11.1993;0.02667
17.11.1993;0.025
18.11.1993;0.025
19.11.1993;0.025
20.11.1993;0.02583
21.11.1993;0.02667
22.11.1993;0.0265
23.11.1993;0.0255
24.11.1993;0.025
25.11.1993;0.02667
26.11.1993;0.0275
27.11.1993;0.02783
28.11.1993;0.02833
29.11.1993;0.02833
30.11.1993;0.0275
1.12.1993;0.02667
2.12.1993;0.02667
3.12.1993;0.0255
4.12.1993;0.02533
5.12.1993;0.025
6.12.1993;0.025
7.12.1993;0.02467
8.12.1993;0.02467
9.12.1993;0.0245
10.12.1993;0.02417
11.12.1993;0.02433
12.12.1993;0.02417
13.12.1993;0.02583
14.12.1993;0.03333
15.12.1993;0.04083
16.12.1993;0.05917
17.12.1993;0.07167
18.12.1993;0.08917
19.12.1993;0.1075
20.12.1993;0.10958
21.12.1993;0.1
22.12.1993;0.12292
23.12.1993;0.13667
24.12.1993;0.13833
25.12.1993;0.14333
26.12.1993;0.15583
27.12.1993;0.165
28.12.1993;0.16
29.12.1993;0.14217
30.12.1993;0.11583
31.12.1993;0.095
1.01.1994;0.09333
2.01.1994;0.09667
3.01.1994;0.0875
4.01.1994;0.08
5.01.1994;0.09667
6.01.1994;0.13
7.01.1994;0.15667
8.01.1994;0.18333
9.01.1994;0.225
10.01.1994;0.24167
11.01.1994;0.23333
12.01.1994;0.21042
13.01.1994;0.2
14.01.1994;0.19667
15.01.1994;0.175
16.01.1994;0.18333
17.01.1994;0.17083
18.01.1994;0.12583
19.01.1994;0.14125
20.01.1994;0.11375
21.01.1994;0.11
22.01.1994;0.14083
23.01.1994;0.1
24.01.1994;0.1
25.01.1994;0.1225
26.01.1994;0.11
27.01.1994;0.1
28.01.1994;0.09333
29.01.1994;0.09333
30.01.1994;0.085
31.01.1994;0.085
1.02.1994;0.08333
2.02.1994;0.08042
3.02.1994;0.08
4.02.1994;0.08
5.02.1994;0.08
6.02.1994;0.08
7.02.1994;0.07917
8.02.1994;0.06833
9.02.1994;0.0625
10.02.1994;0.06
11.02.1994;0.06417
12.02.1994;0.05833
13.02.1994;0.05667
14.02.1994;0.055
15.02.1994;0.06417
16.02.1994;0.06542
17.02.1994;0.05667
18.02.1994;0.05667
19.02.1994;0.05667
20.02.1994;0.05667
21.02.1994;0.0575
22.02.1994;0.11583
23.02.1994;0.0575
24.02.1994;0.0575
25.02.1994;0.0575
26.02.1994;0.055
27.02.1994;0.055
28.02.1994;0.10417
1.03.1994;0.05333
2.03.1994;0.05333
3.03.1994;0.05333
4.03.1994;0.05333
5.03.1994;0.05333
6.03.1994;0.05333
7.03.1994;0.11125
8.03.1994;0.05667
9.03.1994;0.05083
10.03.1994;0.05178
11.03.1994;0.05017
12.03.1994;0.05
13.03.1994;0.0975
14.03.1994;0.05333
15.03.1994;0.05033
16.03.1994;0.05033
17.03.1994;0.05033
18.03.1994;0.05033
19.03.1994;0.05033
20.03.1994;0.05033
21.03.1994;0.05
22.03.1994;0.05667
23.03.1994;0.10583
24.03.1994;0.06083
25.03.1994;0.05083
26.03.1994;0.05
27.03.1994;0.04833
28.03.1994;0.04417
29.03.1994;0.04167
30.03.1994;0.08833
31.03.1994;0.0475
1.04.1994;0.04333
2.04.1994;0.04333
3.04.1994;0.05
4.04.1994;0.0825
5.04.1994;0.1002
6.04.1994;0.13375
7.04.1994;0.16708
8.04.1994;0.12875
9.04.1994;0.21145
10.04.1994;0.16
11.04.1994;0.19125
12.04.1994;0.22833
13.04.1994;0.25
14.04.1994;0.25
15.04.1994;0.25
16.04.1994;0.25
17.04.1994;0.25
18.04.1994;0.26667
19.04.1994;0.3
20.04.1994;0.31667
21.04.1994;0.35
22.04.1994;0.35
23.04.1994;0.31667
24.04.1994;0.3
25.04.1994;0.25833
26.04.1994;0.2325
27.04.1994;0.1875
28.04.1994;0.23083
29.04.1994;0.16583
30.04.1994;0.1775
1.05.1994;0.1875
2.05.1994;0.14
3.05.1994;0.13
4.05.1994;0.18875
5.05.1994;0.12
6.05.1994;0.11667
7.05.1994;0.15583
8.05.1994;0.10667
9.05.1994;0.1025
10.05.1994;0.14
11.05.1994;0.09853
12.05.1994;0.09333
13.05.1994;0.0895
14.05.1994;0.08958
15.05.1994;0.08833
16.05.1994;0.13417
17.05.1994;0.11792
18.05.1994;0.08167
19.05.1994;0.08333
20.05.1994;0.08333
21.05.1994;0.13375
22.05.1994;0.08
23.05.1994;0.07667
24.05.1994;0.11833
25.05.1994;0.08
26.05.1994;0.07958
27.05.1994;0.13958
28.05.1994;0.13417
29.05.1994;0.08667
30.05.1994;0.13708
31.05.1994;0.10875
1.06.1994;0.08667
2.06.1994;0.14917
3.06.1994;0.08667
4.06.1994;0.13833
5.06.1994;0.08333
6.06.1994;0.08083
7.06.1994;0.10375
8.06.1994;0.1175
9.06.1994;0.07417
10.06.1994;0.0725
11.06.1994;0.06833
12.06.1994;0.12875
13.06.1994;0.0675
14.06.1994;0.06667
15.06.1994;0.06333
16.06.1994;0.11333
17.06.1994;0.06292
18.06.1994;0.05667
19.06.1994;0.05667
20.06.1994;0.09375
21.06.1994;0.055
22.06.1994;0.05167
23.06.1994;0.05167
24.06.1994;0.05
25.06.1994;0.05
26.06.1994;0.05
27.06.1994;0.09458
28.06.1994;0.03813
29.06.1994;0.03667
30.06.1994;0.04375
1.07.1994;0.03333
2.07.1994;0.03333
3.07.1994;0.03333
4.07.1994;0.03167
5.07.1994;0.03167
6.07.1994;0.06708
7.07.1994;0.03667
8.07.1994;0.02833
9.07.1994;0.02833
10.07.1994;0.02833
11.07.1994;0.0275
12.07.1994;0.0275
13.07.1994;0.0275
14.07.1994;0.02667
15.07.1994;0.02667
16.07.1994;0.02667
17.07.1994;0.02583
18.07.1994;0.0315
19.07.1994;0.03583
20.07.1994;0.03667
21.07.1994;0.03667
22.07.1994;0.08333
23.07.1994;0.04
24.07.1994;0.035
25.07.1994;0.03333
26.07.1994;0.035
27.07.1994;0.03417
28.07.1994;0.03333
29.07.1994;0.03333
30.07.1994;0.03333
31.07.1994;0.03333
1.08.1994;0.0325
2.08.1994;0.03167
3.08.1994;0.03167
4.08.1994;0.07913
5.08.1994;0.03167
6.08.1994;0.03167
7.08.1994;0.03167
8.08.1994;0.03083
9.08.1994;0.03042
10.08.1994;0.03
11.08.1994;0.03
12.08.1994;0.03
13.08.1994;0.03
14.08.1994;0.02917
15.08.1994;0.02833
16.08.1994;0.02833
17.08.1994;0.02833
18.08.1994;0.02833
19.08.1994;0.02833
20.08.1994;0.02833
21.08.1994;0.02833
22.08.1994;0.02833
23.08.1994;0.02833
24.08.1994;0.02833
25.08.1994;0.02833
26.08.1994;0.02833
27.08.1994;0.02833
28.08.1994;0.02833
29.08.1994;0.0275
30.08.1994;0.02667
31.08.1994;0.07375
1.09.1994;0.02667
2.09.1994;0.02667
3.09.1994;0.02667
4.09.1994;0.02667
5.09.1994;0.02583
6.09.1994;0.025
7.09.1994;0.025
8.09.1994;0.025
9.09.1994;0.025
10.09.1994;0.025
11.09.1994;0.025
12.09.1994;0.025
13.09.1994;0.025
14.09.1994;0.025
15.09.1994;0.025
16.09.1994;0.025
17.09.1994;0.025
18.09.1994;0.025
19.09.1994;0.02417
20.09.1994;0.02333
21.09.1994;0.02333
22.09.1994;0.02333
23.09.1994;0.02333
24.09.1994;0.02333
25.09.1994;0.02333
26.09.1994;0.02333
27.09.1994;0.02333
28.09.1994;0.02333
29.09.1994;0.02333
30.09.1994;0.02333
1.10.1994;0.02333
2.10.1994;0.02333
3.10.1994;0.02333
4.10.1994;0.02333
5.10.1994;0.02333
6.10.1994;0.02333
7.10.1994;0.02333
8.10.1994;0.02333
9.10.1994;0.02333
10.10.1994;0.02333
11.10.1994;0.02333
12.10.1994;0.02333
13.10.1994;0.02333
14.10.1994;0.02333
15.10.1994;0.02333
16.10.1994;0.02333
17.10.1994;0.02333
18.10.1994;0
19.10.1994;0
20.10.1994;0
21.10.1994;0
22.10.1994;0
23.10.1994;0
24.10.1994;0
25.10.1994;0
26.10.1994;0
27.10.1994;0
28.10.1994;0
29.10.1994;0
30.10.1994;0
31.10.1994;0
1.11.1994;0
2.11.1994;0
3.11.1994;0
4.11.1994;0
5.11.1994;0
6.11.1994;0
7.11.1994;0.02333
8.11.1994;0.02333
9.11.1994;0.02333
10.11.1994;0.02333
11.11.1994;0.02333
12.11.1994;0.05762
13.11.1994;0.03542
14.11.1994;0.0325
15.11.1994;0.03167
16.11.1994;0.03167
17.11.1994;0.03167
18.11.1994;0.03167
19.11.1994;0.03167
20.11.1994;0.03167
21.11.1994;0.03167
22.11.1994;0.03167
23.11.1994;0.03167
24.11.1994;0.03167
25.11.1994;0.03167
26.11.1994;0.03167
27.11.1994;0.03167
28.11.1994;0.02917
29.11.1994;0.02833
30.11.1994;0.02833
1.12.1994;0.02833
2.12.1994;0.02833
3.12.1994;0.02833
4.12.1994;0.02833
5.12.1994;0.0275
6.12.1994;0.02667
7.12.1994;0.02667
8.12.1994;0.02667
9.12.1994;0.02667
10.12.1994;0.02667
11.12.1994;0.02667
12.12.1994;0.02667
13.12.1994;0.02758
14.12.1994;0.0275
15.12.1994;0.02667
16.12.1994;0.02583
17.12.1994;0.02533
18.12.1994;0.02533
19.12.1994;0.02517
20.12.1994;0.02583
21.12.1994;0.02583
22.12.1994;0.02583
23.12.1994;0.025
24.12.1994;0.02583
25.12.1994;0.02583
26.12.1994;0.02583
27.12.1994;0.026
28.12.1994;0.02617
29.12.1994;0.02633
30.12.1994;0.02667
31.12.1994;0.02667
1.01.1995;0.02667
2.01.1995;0.02667
3.01.1995;0.025
4.01.1995;0.025
5.01.1995;0.025
6.01.1995;0.025
7.01.1995;0.025
8.01.1995;0.025
9.01.1995;0.025
10.01.1995;0.025
11.01.1995;0.025
12.01.1995;0.025
13.01.1995;0.025
14.01.1995;0.025
15.01.1995;0.025
16.01.1995;0.025
17.01.1995;0.025
18.01.1995;0.025
19.01.1995;0.025
20.01.1995;0.025
21.01.1995;0.025
22.01.1995;0.025
23.01.1995;0.025
24.01.1995;0.025
25.01.1995;0.025
26.01.1995;0.025
27.01.1995;0.025
28.01.1995;0.025
29.01.1995;0.025
30.01.1995;0.02667
31.01.1995;0.02667
1.02.1995;0.02667
2.02.1995;0.02667
3.02.1995;0.02667
4.02.1995;0.02667
5.02.1995;0.0275
6.02.1995;0.02833
7.02.1995;0.02833
8.02.1995;0.02833
9.02.1995;0.04
10.02.1995;0.03917
11.02.1995;0.0375
12.02.1995;0.03667
13.02.1995;0.03583
14.02.1995;0.03167
15.02.1995;0.03167
16.02.1995;0.03167
17.02.1995;0.04083
18.02.1995;0.06458
19.02.1995;0.09667
20.02.1995;0.1125
21.02.1995;0.105
22.02.1995;0.09167
23.02.1995;0.08
24.02.1995;0.10083
25.02.1995;0.07458
26.02.1995;0.09792
27.02.1995;0.10667
28.02.1995;0.11625
1.03.1995;0.15625
2.03.1995;0.1875
3.03.1995;0.1325
4.03.1995;0.19625
5.03.1995;0.28792
6.03.1995;0.26875
7.03.1995;0.27625
8.03.1995;0.32625
9.03.1995;0.34667
10.03.1995;0.2875
11.03.1995;0.24833
12.03.1995;0.19458
13.03.1995;0.16917
14.03.1995;0.16583
15.03.1995;0.23917
16.03.1995;0.16375
17.03.1995;0.13
18.03.1995;0.12333
19.03.1995;0.17667
20.03.1995;0.11125
21.03.1995;0.17042
22.03.1995;0.0975
23.03.1995;0.09083
24.03.1995;0.09
25.03.1995;0.09167
26.03.1995;0.09167
27.03.1995;0.11125
28.03.1995;0.1025
29.03.1995;0.08625
30.03.1995;0.12667
31.03.1995;0.09458
1.04.1995;0.08375
2.04.1995;0.08
3.04.1995;0.08208
4.04.1995;0.08
5.04.1995;0.12625
6.04.1995;0.08167
7.04.1995;0.09833
8.04.1995;0.08
9.04.1995;0.07833
10.04.1995;0.075
11.04.1995;0.09167
12.04.1995;0.12042
13.04.1995;0.08792
14.04.1995;0.07
15.04.1995;0.06833
16.04.1995;0.09125
17.04.1995;0.07417
18.04.1995;0.06833
19.04.1995;0.08625
20.04.1995;0.06667
21.04.1995;0.06667
22.04.1995;0.065
23.04.1995;0.06167
24.04.1995;0.06083
25.04.1995;0.06167
26.04.1995;0.09833
27.04.1995;0.7125
28.04.1995;109.167
29.04.1995;0.94583
30.04.1995;0.77083
1.05.1995;0.60833
2.05.1995;0.4875
3.05.1995;0.40833
4.05.1995;0.35208
5.05.1995;0.23708
6.05.1995;0.27917
7.05.1995;0.23267
8.05.1995;0.26667
9.05.1995;0.19875
10.05.1995;0.18625
11.05.1995;0.23333
12.05.1995;0.17375
13.05.1995;0.16333
14.05.1995;0.155
15.05.1995;0.2
16.05.1995;0.14583
17.05.1995;0.16667
18.05.1995;0.1225
19.05.1995;0.12333
20.05.1995;0.1725
21.05.1995;0.12
22.05.1995;0.15542
23.05.1995;0.14292
24.05.1995;0.15167
25.05.1995;0.12708
26.05.1995;0
27.05.1995;0
28.05.1995;0
29.05.1995;0
30.05.1995;0
31.05.1995;0
1.06.1995;0
2.06.1995;0
3.06.1995;0
4.06.1995;0
5.06.1995;0
6.06.1995;0
7.06.1995;0
8.06.1995;0
9.06.1995;0
10.06.1995;0
11.06.1995;0
12.06.1995;0
13.06.1995;0.4375
14.06.1995;0.51667
15.06.1995;0.46667
16.06.1995;0.44167
17.06.1995;0.375
18.06.1995;0.33125
19.06.1995;0.29167
20.06.1995;0.25458
21.06.1995;0.225
22.06.1995;0.21458
23.06.1995;0.20875
24.06.1995;0.18167
25.06.1995;0.18917
26.06.1995;0.18375
27.06.1995;0.27917
28.06.1995;0.20542
29.06.1995;0.18833
30.06.1995;0
1.07.1995;0.23917
2.07.1995;0.225
3.07.1995;0.17
4.07.1995;0.17167
5.07.1995;0.16292
6.07.1995;0.10167
7.07.1995;0.09542
8.07.1995;0.095
9.07.1995;0.135
10.07.1995;0.09208
11.07.1995;0.0875
12.07.1995;0.08333
13.07.1995;0.08333
14.07.1995;0.08167
15.07.1995;0.12375
16.07.1995;0.07833
17.07.1995;0.07667
18.07.1995;0.075
19.07.1995;0
20.07.1995;0
21.07.1995;0
22.07.1995;0
23.07.1995;0
24.07.1995;0
25.07.1995;0.06333
26.07.1995;0.06167
27.07.1995;0.06083
28.07.1995;0.06
29.07.1995;0.06
30.07.1995;0.06
31.07.1995;0.08958
1.08.1995;0
2.08.1995;0
3.08.1995;0
4.08.1995;0
5.08.1995;0
6.08.1995;0
7.08.1995;0
8.08.1995;0
9.08.1995;0
10.08.1995;0
11.08.1995;0
12.08.1995;0
13.08.1995;0
14.08.1995;0
15.08.1995;0
16.08.1995;0
17.08.1995;0
18.08.1995;0
19.08.1995;0
20.08.1995;0
21.08.1995;0.045
22.08.1995;0.045
23.08.1995;0.045
24.08.1995;0.045
25.08.1995;0.045
26.08.1995;0.045
27.08.1995;0.04333
28.08.1995;0.04167
29.08.1995;0.04167
30.08.1995;0.04167
31.08.1995;0.04167
1.09.1995;0.04167
2.09.1995;0.04167
3.09.1995;0.04167
4.09.1995;0.04167
5.09.1995;0.08375
6.09.1995;0.05708
7.09.1995;0.04167
8.09.1995;0.04167
9.09.1995;0.04167
10.09.1995;0.04167
11.09.1995;0.04167
12.09.1995;0.04167
13.09.1995;0.04167
14.09.1995;0.04167
15.09.1995;0.04167
16.09.1995;0.04167
17.09.1995;0.04167
18.09.1995;0.04583
19.09.1995;0.10083
20.09.1995;0.05
21.09.1995;0.05
22.09.1995;0.05
23.09.1995;0.05
24.09.1995;0.05
25.09.1995;0.05
26.09.1995;0.04833
27.09.1995;0.04667
28.09.1995;0.04333
29.09.1995;0.04333
30.09.1995;0.04333
1.10.1995;0.04333
2.10.1995;0.0425
3.10.1995;0.035
4.10.1995;0.035
5.10.1995;0.035
6.10.1995;0.035
7.10.1995;0.035
8.10.1995;0.035
9.10.1995;0.03333
10.10.1995;0.05708
11.10.1995;0.03333
12.10.1995;0.03333
13.10.1995;0.03333
14.10.1995;0.03333
15.10.1995;0.03333
16.10.1995;0.03167
17.10.1995;0.03
18.10.1995;0.03
19.10.1995;0.03
20.10.1995;0.03
21.10.1995;0.03
22.10.1995;0.03
23.10.1995;0.03
24.10.1995;0.03
25.10.1995;0.03
26.10.1995;0.03
27.10.1995;0.03
28.10.1995;0.03
29.10.1995;0.03
30.10.1995;0.02958
31.10.1995;0.02917
1.11.1995;0.02917
2.11.1995;0.02917
3.11.1995;0.02917
4.11.1995;0.02917
5.11.1995;0.02917
6.11.1995;0.02917
7.11.1995;0.02917
8.11.1995;0.02917
9.11.1995;0.02917
10.11.1995;0.02917
11.11.1995;0.02917
12.11.1995;0.02917
13.11.1995;0.02917
14.11.1995;0.02917
15.11.1995;0.02917
16.11.1995;0.02917
17.11.1995;0.02917
18.11.1995;0.02917
19.11.1995;0.02917
20.11.1995;0.02917
21.11.1995;0.02833
22.11.1995;0.02833
23.11.1995;0.02833
24.11.1995;0.02833
25.11.1995;0.02833
26.11.1995;0.02833
27.11.1995;0.02917
28.11.1995;0.02833
29.11.1995;0.02833
30.11.1995;0.02783
1.12.1995;0.02783
2.12.1995;0.02783
3.12.1995;0.02783
4.12.1995;0.02783
5.12.1995;0.0275
6.12.1995;0.02733
7.12.1995;0.02717
8.12.1995;0.027
9.12.1995;0.02683
10.12.1995;0.02667
11.12.1995;0.02667
12.12.1995;0.02667
13.12.1995;0.02667
14.12.1995;0.02667
15.12.1995;0.02667
16.12.1995;0.02667
17.12.1995;0.02667
18.12.1995;0.02667
19.12.1995;0.02667
20.12.1995;0.02667
21.12.1995;0.02667
22.12.1995;0.02667
23.12.1995;0.02667
24.12.1995;0.02583
25.12.1995;0.02667
26.12.1995;0.02583
27.12.1995;0.025
28.12.1995;0.025
29.12.1995;0.025
30.12.1995;0.025
31.12.1995;0.025
1.01.1996;0.02667
2.01.1996;0.02667
3.01.1996;0.02667
4.01.1996;0.02667
5.01.1996;0.02667
6.01.1996;0.02667
7.01.1996;0.02667
8.01.1996;0.02667
9.01.1996;0.02667
10.01.1996;0.02733
11.01.1996;0.03208
12.01.1996;0.03833
13.01.1996;0.04167
14.01.1996;0.05167
15.01.1996;0.05042
16.01.1996;0.04667
17.01.1996;0.04333
18.01.1996;0.04167
19.01.1996;0.04083
20.01.1996;0.04
21.01.1996;0.03833
22.01.1996;0.0375
23.01.1996;0.03583
24.01.1996;0.035
25.01.1996;0.03417
26.01.1996;0.03333
27.01.1996;0.03333
28.01.1996;0.0325
29.01.1996;0.03167
30.01.1996;0.03167
31.01.1996;0.03083
1.02.1996;0.03
2.02.1996;0.03
3.02.1996;0.07333
4.02.1996;0.03875
5.02.1996;0.03583
6.02.1996;0.035
7.02.1996;0.03333
8.02.1996;0.0325
9.02.1996;0.03167
10.02.1996;0.03083
11.02.1996;0.03
12.02.1996;0.03
13.02.1996;0.03
14.02.1996;0.03
15.02.1996;0.03
16.02.1996;0.03
17.02.1996;0.03
18.02.1996;0.03
19.02.1996;0.03
20.02.1996;0.03
21.02.1996;0.03
22.02.1996;0.03
23.02.1996;0.03
24.02.1996;0.03
25.02.1996;0.03167
26.02.1996;0.03167
27.02.1996;0.03167
28.02.1996;0.03167
29.02.1996;0.03167
1.03.1996;0.03333
2.03.1996;0.03333
3.03.1996;0.03333
4.03.1996;0.03333
5.03.1996;0.03333
6.03.1996;0.03333
7.03.1996;0.03333
8.03.1996;0.03367
9.03.1996;0.03417
10.03.1996;0.035
11.03.1996;0.03417
12.03.1996;0.03333
13.03.1996;0.03333
14.03.1996;0.03333
15.03.1996;0.04167
16.03.1996;0.05958
17.03.1996;0.08
18.03.1996;0.09583
19.03.1996;0.09917
20.03.1996;0.11125
21.03.1996;0.11083
22.03.1996;0.11208
23.03.1996;0.12042
24.03.1996;0.125
25.03.1996;0.125
26.03.1996;0.16667
27.03.1996;0.18167
28.03.1996;0.18375
29.03.1996;0.17917
30.03.1996;0.17417
31.03.1996;0.17125
1.04.1996;0.16583
2.04.1996;0.16583
3.04.1996;0.16167
4.04.1996;0.25667
5.04.1996;0.51667
6.04.1996;0.52917
7.04.1996;0.4625
8.04.1996;0.39792
9.04.1996;0.30833
10.04.1996;0.25417
11.04.1996;0.2325
12.04.1996;0.21333
13.04.1996;0.19375
14.04.1996;0.16667
15.04.1996;0.175
16.04.1996;0.14292
17.04.1996;0.1325
18.04.1996;0.18042
19.04.1996;0.135
20.04.1996;0.10917
21.04.1996;0.10208
22.04.1996;0.14292
23.04.1996;0.10375
24.04.1996;0.09542
25.04.1996;0.13917
26.04.1996;0.09083
27.04.1996;0.085
28.04.1996;0.10917
29.04.1996;0.1025
30.04.1996;0.08167
1.05.1996;0.07667
2.05.1996;0.135
3.05.1996;0.07667
4.05.1996;0.075
5.05.1996;0.12
6.05.1996;0.07833
7.05.1996;0.1
8.05.1996;0.10375
9.05.1996;0.08
10.05.1996;0.08
11.05.1996;0.09333
12.05.1996;0.14875
13.05.1996;0.115
14.05.1996;0.39583
15.05.1996;0.44375
16.05.1996;0.375
17.05.1996;0.30208
18.05.1996;0.25
19.05.1996;0.225
20.05.1996;0.205
21.05.1996;0.17542
22.05.1996;0.17667
23.05.1996;0.1575
24.05.1996;0.14167
25.05.1996;0.13125
26.05.1996;0.14583
27.05.1996;0.13375
28.05.1996;0.1
29.05.1996;0.13875
30.05.1996;0.095
31.05.1996;0.09
1.06.1996;0.08167
2.06.1996;0.13833
3.06.1996;0.1
4.06.1996;0.07667
5.06.1996;0.07083
6.06.1996;0.11208
7.06.1996;0.08542
8.06.1996;0.07042
9.06.1996;0.06833
10.06.1996;0.09833
11.06.1996;0.065
12.06.1996;0.08542
13.06.1996;0.06333
14.06.1996;0.06167
15.06.1996;0.065
16.06.1996;0.05667
17.06.1996;0.10208
18.06.1996;0.06333
19.06.1996;0.05667
20.06.1996;0.05433
21.06.1996;0.05333
22.06.1996;0.055
23.06.1996;0.055
24.06.1996;0.055
25.06.1996;0.05
26.06.1996;0.05
27.06.1996;0.05
28.06.1996;0.05
29.06.1996;0.08125
30.06.1996;0.07417
1.07.1996;0.05
2.07.1996;0.04833
3.07.1996;0.04667
4.07.1996;0.04667
5.07.1996;0.04667
6.07.1996;0.04667
7.07.1996;0.04667
8.07.1996;0.04667
9.07.1996;0.08083
10.07.1996;0.04417
11.07.1996;0.04167
12.07.1996;0.04167
13.07.1996;0.04167
14.07.1996;0.04167
15.07.1996;0.04167
16.07.1996;0.04167
17.07.1996;0.04167
18.07.1996;0.04167
19.07.1996;0.04167
20.07.1996;0.04167
21.07.1996;0.04167
22.07.1996;0.04333
23.07.1996;0.045
24.07.1996;0.085
25.07.1996;0.045
26.07.1996;0.04333
27.07.1996;0.04167
28.07.1996;0.04
29.07.1996;0.03833
30.07.1996;0.03833
31.07.1996;0.03833
1.08.1996;0.03833
2.08.1996;0.03833
3.08.1996;0.03833
4.08.1996;0.03833
5.08.1996;0.03667
6.08.1996;0.03667
7.08.1996;0.035
8.08.1996;0.035
9.08.1996;0.035
10.08.1996;0.035
11.08.1996;0.035
12.08.1996;0.035
13.08.1996;0.03333
14.08.1996;0.03333
15.08.1996;0.03333
16.08.1996;0.03333
17.08.1996;0.03333
18.08.1996;0.03333
19.08.1996;0.03333
20.08.1996;0.03333
21.08.1996;0.0325
22.08.1996;0.03167
23.08.1996;0.03083
24.08.1996;0.03
25.08.1996;0.03
26.08.1996;0.03
27.08.1996;0.03
28.08.1996;0.03
29.08.1996;0.03
30.08.1996;0.03
31.08.1996;0.03
1.09.1996;0.03167
2.09.1996;0.03167
3.09.1996;0.03
4.09.1996;0.03
5.09.1996;0.03
6.09.1996;0.03
7.09.1996;0.03
8.09.1996;0.03
9.09.1996;0.03
10.09.1996;0.03
11.09.1996;0.03
12.09.1996;0.03
13.09.1996;0.03
14.09.1996;0.03
15.09.1996;0.03
16.09.1996;0.03
17.09.1996;0.03
18.09.1996;0.03
19.09.1996;0.03
20.09.1996;0.03
21.09.1996;0.03
22.09.1996;0.03
23.09.1996;0.03
24.09.1996;0.03167
25.09.1996;0.03667
26.09.1996;0.04667
27.09.1996;0.045
28.09.1996;0.04167
29.09.1996;0.04167
30.09.1996;0.03833
1.10.1996;0.0375
2.10.1996;0.0375
3.10.1996;0.03667
4.10.1996;0.035
5.10.1996;0.035
6.10.1996;0.035
7.10.1996;0.035
8.10.1996;0.03167
9.10.1996;0.03167
10.10.1996;0.03
11.10.1996;0.03
12.10.1996;0.03
13.10.1996;0.03
14.10.1996;0.03
15.10.1996;0
16.10.1996;0
17.10.1996;0
18.10.1996;0
19.10.1996;0
20.10.1996;0
21.10.1996;0
22.10.1996;0
23.10.1996;0
24.10.1996;0
25.10.1996;0
26.10.1996;0
27.10.1996;0
28.10.1996;0
29.10.1996;0
30.10.1996;0
31.10.1996;0
1.11.1996;0
2.11.1996;0
3.11.1996;0
4.11.1996;0
5.11.1996;0
6.11.1996;0
7.11.1996;0
8.11.1996;0
9.11.1996;0
10.11.1996;0
11.11.1996;0
12.11.1996;0
13.11.1996;0
14.11.1996;0
15.11.1996;0
16.11.1996;0
17.11.1996;0
18.11.1996;0
19.11.1996;0
20.11.1996;0
21.11.1996;0
22.11.1996;0
23.11.1996;0
24.11.1996;0
25.11.1996;0
26.11.1996;0
27.11.1996;0
28.11.1996;0
29.11.1996;0
30.11.1996;0
1.12.1996;0.03833
2.12.1996;0.03833
3.12.1996;0.03833
4.12.1996;0.03833
5.12.1996;0.03917
6.12.1996;0.04
7.12.1996;0.04
8.12.1996;0.04
9.12.1996;0.04
10.12.1996;0.04
11.12.1996;0.04292
12.12.1996;0.04167
13.12.1996;0.04333
14.12.1996;0.04667
15.12.1996;0.06
16.12.1996;0.07125
17.12.1996;0.07167
18.12.1996;0.07167
19.12.1996;0.06833
20.12.1996;0.06667
21.12.1996;0.13042
22.12.1996;0.06
23.12.1996;0.07833
24.12.1996;0.05833
25.12.1996;0.07833
26.12.1996;0.05708
27.12.1996;0.05
28.12.1996;0.05
29.12.1996;0.05
30.12.1996;0.05
31.12.1996;0.05
1.01.1997;0.05
2.01.1997;0.04917
3.01.1997;0.04817
4.01.1997;0.04833
5.01.1997;0.04967
6.01.1997;0.095
7.01.1997;0.05067
8.01.1997;0.05133
9.01.1997;0.053
10.01.1997;0.054
11.01.1997;0.08
12.01.1997;0.06883
13.01.1997;0.055
14.01.1997;0.054
15.01.1997;0.0535
16.01.1997;0.07667
17.01.1997;0.05733
18.01.1997;0.0535
19.01.1997;0.05133
20.01.1997;0.04933
21.01.1997;0.04833
22.01.1997;0.04717
23.01.1997;0.0465
24.01.1997;0.04733
25.01.1997;0.04667
26.01.1997;0.04667
27.01.1997;0.12133
28.01.1997;0.05683
29.01.1997;0.0435
30.01.1997;0.04333
31.01.1997;0.0435
1.02.1997;0.04467
2.02.1997;0.04483
3.02.1997;0.04483
4.02.1997;0.04517
5.02.1997;0.04483
6.02.1997;0.04467
7.02.1997;0.043
8.02.1997;0.09717
9.02.1997;0.0435
10.02.1997;0.0425
11.02.1997;0.04217
12.02.1997;0.0425
13.02.1997;0.04267
14.02.1997;0.046
15.02.1997;0.04883
16.02.1997;0.04917
17.02.1997;0.04833
18.02.1997;0.04917
19.02.1997;0.11483
20.02.1997;0.0525
21.02.1997;0.05
22.02.1997;0.05167
23.02.1997;0.0525
24.02.1997;0.05317
25.02.1997;0.05383
26.02.1997;0.05817
27.02.1997;0.06267
28.02.1997;0.0685
1.03.1997;0.07417
2.03.1997;0.08083
3.03.1997;0.08817
4.03.1997;0.1
5.03.1997;0.08383
6.03.1997;0.0755
7.03.1997;0.07967
8.03.1997;0.08167
9.03.1997;0.07217
10.03.1997;0.06933
11.03.1997;0.086
12.03.1997;0.0655
13.03.1997;0.073
14.03.1997;0.07067
15.03.1997;0.08
16.03.1997;0.071
17.03.1997;0.075
18.03.1997;0.07183
19.03.1997;0.07717
20.03.1997;0.14967
21.03.1997;0.08167
22.03.1997;0.06883
23.03.1997;0.063
24.03.1997;0.06667
25.03.1997;0.0625
26.03.1997;0.08733
27.03.1997;0.08917
28.03.1997;0.07967
29.03.1997;0.06
30.03.1997;0.05717
31.03.1997;0.05667
1.04.1997;0.05483
2.04.1997;0.05333
3.04.1997;0.05583
4.04.1997;0.05433
5.04.1997;0.06333
6.04.1997;0.08583
7.04.1997;0.05583
8.04.1997;0.0555
9.04.1997;0.05333
10.04.1997;0.0555
11.04.1997;0.05817
12.04.1997;0.054
13.04.1997;0.06183
14.04.1997;0.08917
15.04.1997;0.093
16.04.1997;0.0925
17.04.1997;0.15383
18.04.1997;0.04817
19.04.1997;0.04667
20.04.1997;0.04633
21.04.1997;0.04583
22.04.1997;0.046
23.04.1997;0.045
24.04.1997;0.08933
25.04.1997;0.04483
26.04.1997;0.04417
27.04.1997;0.04417
28.04.1997;0.04417
29.04.1997;0.04417
30.04.1997;0.04417
1.05.1997;0.04583
2.05.1997;0.08833
3.05.1997;0.05633
4.05.1997;0.05133
5.05.1997;0.05
6.05.1997;0.05
7.05.1997;0.05
8.05.1997;0.05
9.05.1997;0.05
10.05.1997;0.05333
11.05.1997;0.04917
12.05.1997;0.05283
13.05.1997;0.10183
14.05.1997;0.05333
15.05.1997;0.05167
16.05.1997;0.05233
17.05.1997;0.11267
18.05.1997;0.06217
19.05.1997;0.05
20.05.1997;0.05
21.05.1997;0.0495
22.05.1997;0.046
23.05.1997;0.0505
24.05.1997;0.0575
25.05.1997;0.04533
26.05.1997;0.05033
27.05.1997;0.045
28.05.1997;0.04583
29.05.1997;0.063
30.05.1997;0.07733
31.05.1997;0.04583
1.06.1997;0.04583
2.06.1997;0.04167
3.06.1997;0.04067
4.06.1997;0.04167
5.06.1997;0.03933
6.06.1997;0.03883
7.06.1997;0.04133
8.06.1997;0.05
9.06.1997;0.05583
10.06.1997;0.04167
11.06.1997;0.04167
12.06.1997;0.04167
13.06.1997;0.04167
14.06.1997;0.04167
15.06.1997;0.04167
16.06.1997;0.04133
17.06.1997;0.05667
18.06.1997;0.0535
19.06.1997;0.052
20.06.1997;0.05333
21.06.1997;0.053
22.06.1997;0.0415
23.06.1997;0.039
24.06.1997;0.04
25.06.1997;0.039
26.06.1997;0.039
27.06.1997;0.03883
28.06.1997;0.03867
29.06.1997;0.03883
30.06.1997;0.05417
1.07.1997;0.08317
2.07.1997;0.0375
3.07.1997;0.03633
4.07.1997;0.03583
5.07.1997;0.03417
6.07.1997;0.03517
7.07.1997;0.04333
8.07.1997;0.104
9.07.1997;0.10133
10.07.1997;0.12283
11.07.1997;0.11167
12.07.1997;0.08283
13.07.1997;0.1115
14.07.1997;0.08483
15.07.1997;0.069
16.07.1997;0.07
17.07.1997;0.07833
18.07.1997;0.1225
19.07.1997;0.18167
20.07.1997;0.265
21.07.1997;0.37167
22.07.1997;0.325
23.07.1997;0.27167
24.07.1997;0.24667
25.07.1997;0.24333
26.07.1997;0.22
27.07.1997;0.21667
28.07.1997;0.1515
29.07.1997;0.145
30.07.1997;0.1425
31.07.1997;0.14683
1.08.1997;0.16217
2.08.1997;0.22667
3.08.1997;0.24667
4.08.1997;0.26167
5.08.1997;0.355
6.08.1997;0.34333
7.08.1997;0.31
8.08.1997;0.27833
9.08.1997;0.25
10.08.1997;0.23167
11.08.1997;0.21
12.08.1997;0.1455
13.08.1997;0.1335
14.08.1997;0.13117
15.08.1997;0.13267
16.08.1997;0.10783
17.08.1997;0.10033
18.08.1997;0.1475
19.08.1997;0.11183
20.08.1997;0.11317
21.08.1997;0.12217
22.08.1997;0.09083
23.08.1997;0.089
24.08.1997;0.084
25.08.1997;0.08267
26.08.1997;0.08033
27.08.1997;0.143
28.08.1997;0.08
29.08.1997;0.07667
30.08.1997;0.07517
31.08.1997;0.07083
1.09.1997;0.06967
2.09.1997;0.08667
3.09.1997;0.0915
4.09.1997;0.066
5.09.1997;0.06333
6.09.1997;0.06333
7.09.1997;0.06017
8.09.1997;0.06
9.09.1997;0.0705
10.09.1997;0.05783
11.09.1997;0.05667
12.09.1997;0.05667
13.09.1997;0.06467
14.09.1997;0.0545
15.09.1997;0.05333
16.09.1997;0.05333
17.09.1997;0.05333
18.09.1997;0.05183
19.09.1997;0.05
20.09.1997;0.05133
21.09.1997;0.051
22.09.1997;0.05017
23.09.1997;0.05
24.09.1997;0.04767
25.09.1997;0.04583
26.09.1997;0.04583
27.09.1997;0.04583
28.09.1997;0.0445
29.09.1997;0.04283
30.09.1997;0.04167
1.10.1997;0.04167
2.10.1997;0.0435
3.10.1997;0.046
4.10.1997;0.04683
5.10.1997;0.04217
6.10.1997;0.04167
7.10.1997;0.0405
8.10.1997;0.03917
9.10.1997;0.0395
10.10.1997;0.0405
11.10.1997;0.041
12.10.1997;0.04017
13.10.1997;0.03883
14.10.1997;0.03817
15.10.1997;0.03767
16.10.1997;0.03867
17.10.1997;0.03667
18.10.1997;0.042
19.10.1997;0.0395
20.10.1997;0.037
21.10.1997;0.03617
22.10.1997;0.03617
23.10.1997;0.03617
24.10.1997;0.03617
25.10.1997;0.03617
26.10.1997;0.03617
27.10.1997;0.03617
28.10.1997;0.03517
29.10.1997;0.03333
30.10.1997;0.0335
31.10.1997;0.036
1.11.1997;0.061
2.11.1997;0.04317
3.11.1997;0.036
4.11.1997;0.03517
5.11.1997;0.03617
6.11.1997;0.03467
7.11.1997;0.05283
8.11.1997;0.03617
9.11.1997;0.03617
10.11.1997;0.03417
11.11.1997;0
12.11.1997;0
13.11.1997;0
14.11.1997;0
15.11.1997;0
16.11.1997;0
17.11.1997;0
18.11.1997;0
19.11.1997;0
20.11.1997;0
21.11.1997;0
22.11.1997;0
23.11.1997;0
24.11.1997;0
25.11.1997;0
26.11.1997;0
27.11.1997;0
28.11.1997;0
29.11.1997;0
30.11.1997;0
1.12.1997;0
2.12.1997;0
3.12.1997;0
4.12.1997;0
5.12.1997;0
6.12.1997;0
7.12.1997;0
8.12.1997;0
9.12.1997;0
10.12.1997;0
11.12.1997;0
12.12.1997;0
13.12.1997;0
14.12.1997;0
15.12.1997;0
16.12.1997;0
17.12.1997;0
18.12.1997;0
19.12.1997;0
20.12.1997;0
21.12.1997;0
22.12.1997;0
23.12.1997;0
24.12.1997;0
25.12.1997;0
26.12.1997;0
27.12.1997;0
28.12.1997;0
29.12.1997;0
30.12.1997;0
31.12.1997;0
1.01.1998;0.03333
2.01.1998;0.03433
3.01.1998;0.037
4.01.1998;0.03833
5.01.1998;0.05217
6.01.1998;0.05883
7.01.1998;0.05583
8.01.1998;0.05333
9.01.1998;0.053
10.01.1998;0.06267
11.01.1998;0.06233
12.01.1998;0.051
13.01.1998;0.05
14.01.1998;0.05
15.01.1998;0.04617
16.01.1998;0.04583
17.01.1998;0.07267
18.01.1998;0.04783
19.01.1998;0.05767
20.01.1998;0.06333
21.01.1998;0.06183
22.01.1998;0.06567
23.01.1998;0.05883
24.01.1998;0.05983
25.01.1998;0.06267
26.01.1998;0.0625
27.01.1998;0.06633
28.01.1998;0.06967
29.01.1998;0.07
30.01.1998;0.07
31.01.1998;0.07
1.02.1998;0.07
2.02.1998;0.07
3.02.1998;0.067
4.02.1998;0.06667
5.02.1998;0.10233
6.02.1998;0.07933
7.02.1998;0.0645
8.02.1998;0.06233
9.02.1998;0.0615
10.02.1998;0.06
11.02.1998;0.06467
12.02.1998;0.10283
13.02.1998;0.0595
14.02.1998;0.059
15.02.1998;0.05667
16.02.1998;0.06
17.02.1998;0.0585
18.02.1998;0.06217
19.02.1998;0.0595
20.02.1998;0.0565
21.02.1998;0.055
22.02.1998;0.055
23.02.1998;0.05467
24.02.1998;0.0585
25.02.1998;0.09533
26.02.1998;0.05333
27.02.1998;0.05333
28.02.1998;0.05467
1.03.1998;0.05667
2.03.1998;0.05467
3.03.1998;0.05333
4.03.1998;0.05333
5.03.1998;0.05333
6.03.1998;0.05183
7.03.1998;0.062
8.03.1998;0.04283
9.03.1998;0.03967
10.03.1998;0.03883
11.03.1998;0.03767
12.03.1998;0.03617
13.03.1998;0.03583
14.03.1998;0.03433
15.03.1998;0.03617
16.03.1998;0.04417
17.03.1998;0.08183
18.03.1998;0.07133
19.03.1998;0.0575
20.03.1998;0.0535
21.03.1998;0.048
22.03.1998;0.04517
23.03.1998;0.0355
24.03.1998;0.03333
25.03.1998;0.0335
26.03.1998;0.03467
27.03.1998;0.03333
28.03.1998;0.03333
29.03.1998;0.032
30.03.1998;0.0305
31.03.1998;0.0305
1.04.1998;0.0305
2.04.1998;0.0305
3.04.1998;0.0305
4.04.1998;0.0305
5.04.1998;0.02917
6.04.1998;0.02883
7.04.1998;0.02783
8.04.1998;0.02783
9.04.1998;0.02783
10.04.1998;0.02783
11.04.1998;0.02783
12.04.1998;0.02783
13.04.1998;0.07017
14.04.1998;0.02833
15.04.1998;0.02783
16.04.1998;0.02783
17.04.1998;0.02783
18.04.1998;0.02817
19.04.1998;0.03233
20.04.1998;0.037
21.04.1998;0.04383
22.04.1998;0.04583
23.04.1998;0.0785
24.04.1998;0.133
25.04.1998;0.05817
26.04.1998;0.05667
27.04.1998;0.10533
28.04.1998;0.06283
29.04.1998;0.05667
30.04.1998;0.05483
1.05.1998;0.08
2.05.1998;0.0875
3.05.1998;0.0545
4.05.1998;0.05533
5.05.1998;0.08817
6.05.1998;0.18333
7.05.1998;0.14767
8.05.1998;0.15933
9.05.1998;0.11633
10.05.1998;0.1415
11.05.1998;0.089
12.05.1998;0.08317
13.05.1998;0.13
14.05.1998;0.09083
15.05.1998;0.10433
16.05.1998;0.07333
17.05.1998;0.09333
18.05.1998;0.0795
19.05.1998;0.06667
20.05.1998;0.06983
21.05.1998;0.07317
22.05.1998;0.12183
23.05.1998;0.07267
24.05.1998;0.07083
25.05.1998;0.0805
26.05.1998;0.105
27.05.1998;0.069
28.05.1998;0.06667
29.05.1998;0.1005
30.05.1998;0.0665
31.05.1998;0.08067
1.06.1998;0.072
2.06.1998;0.0675
3.06.1998;0.06333
4.06.1998;0.06383
5.06.1998;0.05333
6.06.1998;0.05333
7.06.1998;0.05333
8.06.1998;0.05333
9.06.1998;0.05
10.06.1998;0.05
11.06.1998;0.05
12.06.1998;0.05
13.06.1998;0.05383
14.06.1998;0.051
15.06.1998;0.04167
16.06.1998;0.039
17.06.1998;0.0415
18.06.1998;0.04283
19.06.1998;0.04167
20.06.1998;0.0395
21.06.1998;0.03717
22.06.1998;0.03617
23.06.1998;0.03567
24.06.1998;0.03617
25.06.1998;0.03467
26.06.1998;0.03433
27.06.1998;0.03383
28.06.1998;0.03333
29.06.1998;0.03183
30.06.1998;0.0335
1.07.1998;0.09167
2.07.1998;0.0335
3.07.1998;0.03067
4.07.1998;0.0305
5.07.1998;0.04717
6.07.1998;0.0305
7.07.1998;0.029
8.07.1998;0.0305
9.07.1998;0.02933
10.07.1998;0.028
11.07.1998;0.02867
12.07.1998;0.02683
13.07.1998;0.0265
14.07.1998;0.02783
15.07.1998;0.027
16.07.1998;0.025
17.07.1998;0.025
18.07.1998;0.03183
19.07.1998;0.032
20.07.1998;0.02983
21.07.1998;0.02783
22.07.1998;0.02633
23.07.1998;0.02617
24.07.1998;0.02717
25.07.1998;0.02833
26.07.1998;0.02617
27.07.1998;0.02633
28.07.1998;0.025
29.07.1998;0.0285
30.07.1998;0.0295
31.07.1998;0.02783
1.08.1998;0.02683
2.08.1998;0.02683
3.08.1998;0.02483
4.08.1998;0.0255
5.08.1998;0.025
6.08.1998;0.0245
7.08.1998;0.02467
8.08.1998;0.02467
9.08.1998;0.025
10.08.1998;0.02383
11.08.1998;0.02333
12.08.1998;0.02333
13.08.1998;0.0245
14.08.1998;0.02467
15.08.1998;0.02333
16.08.1998;0.02333
17.08.1998;0.02317
18.08.1998;0.02283
19.08.1998;0.02267
20.08.1998;0.02217
21.08.1998;0.02283
22.08.1998;0.02267
23.08.1998;0.02183
24.08.1998;0.022
25.08.1998;0.02167
26.08.1998;0.02167
27.08.1998;0.02167
28.08.1998;0.02167
29.08.1998;0.02167
30.08.1998;0.02167
31.08.1998;0.021
1.09.1998;0.02083
2.09.1998;0.02
3.09.1998;0.02
4.09.1998;0.02
5.09.1998;0.02
6.09.1998;0.02
7.09.1998;0.02
8.09.1998;0.02
9.09.1998;0.02
10.09.1998;0.02
11.09.1998;0.02
12.09.1998;0.02
13.09.1998;0.02083
14.09.1998;0.02167
15.09.1998;0.02167
16.09.1998;0.02167
17.09.1998;0.02083
18.09.1998;0.02
19.09.1998;0.02
20.09.1998;0.02
21.09.1998;0.01967
22.09.1998;0.02
23.09.1998;0.02
24.09.1998;0.01983
25.09.1998;0.01933
26.09.1998;0.02
27.09.1998;0.02
28.09.1998;0.02067
29.09.1998;0.021
30.09.1998;0.02167
1.10.1998;0.02083
2.10.1998;0.02183
3.10.1998;0.15167
4.10.1998;0.41833
5.10.1998;0.30833
6.10.1998;0.25
7.10.1998;0.215
8.10.1998;0.18167
9.10.1998;0.16067
10.10.1998;0.21333
11.10.1998;0.22333
12.10.1998;0.17833
13.10.1998;0
14.10.1998;0
15.10.1998;0
16.10.1998;0
17.10.1998;0
18.10.1998;0
19.10.1998;0
20.10.1998;0
21.10.1998;0
22.10.1998;0
23.10.1998;0
24.10.1998;0
25.10.1998;0
26.10.1998;0
27.10.1998;0
28.10.1998;0
29.10.1998;0
30.10.1998;0
31.10.1998;0
1.11.1998;0
2.11.1998;0
3.11.1998;0
4.11.1998;0
5.11.1998;0
6.11.1998;0
7.11.1998;0
8.11.1998;0
9.11.1998;0
10.11.1998;0
11.11.1998;0
12.11.1998;0
13.11.1998;0
14.11.1998;0
15.11.1998;0
16.11.1998;0
17.11.1998;0
18.11.1998;0
19.11.1998;0
20.11.1998;0
21.11.1998;0
22.11.1998;0
23.11.1998;0
24.11.1998;0
25.11.1998;0
26.11.1998;0
27.11.1998;0
28.11.1998;0
29.11.1998;0
30.11.1998;0
1.12.1998;0
2.12.1998;0
3.12.1998;0
4.12.1998;0
5.12.1998;0
6.12.1998;0
7.12.1998;0
8.12.1998;0
9.12.1998;0
10.12.1998;0
11.12.1998;0
12.12.1998;0
13.12.1998;0
14.12.1998;0
15.12.1998;0
16.12.1998;0
17.12.1998;0
18.12.1998;0
19.12.1998;0
20.12.1998;0
21.12.1998;0
22.12.1998;0
23.12.1998;0
24.12.1998;0
25.12.1998;0
26.12.1998;0
27.12.1998;0
28.12.1998;0
29.12.1998;0
30.12.1998;0
31.12.1998;0
1.01.1999;0
2.01.1999;0
3.01.1999;0
4.01.1999;0.05275
5.01.1999;0.04792
6.01.1999;0.04625
7.01.1999;0.0475
8.01.1999;0.04667
9.01.1999;0.04583
10.01.1999;0.045
11.01.1999;0.045
12.01.1999;0.045
13.01.1999;0.0475
14.01.1999;0.05192
15.01.1999;0.05333
16.01.1999;0.05333
17.01.1999;0.05417
18.01.1999;0.055
19.01.1999;0.055
20.01.1999;0.055
21.01.1999;0.055
22.01.1999;0.0548
23.01.1999;0.05383
24.01.1999;0.05333
25.01.1999;0.05333
26.01.1999;0.05333
27.01.1999;0.09313
28.01.1999;0.05938
29.01.1999;0.0568
30.01.1999;0.05425
31.01.1999;0.05333
1.02.1999;0.05333
2.02.1999;0.0675
3.02.1999;0.06042
4.02.1999;0.04375
5.02.1999;0.05063
6.02.1999;0.06008
7.02.1999;0.05375
8.02.1999;0.05105
9.02.1999;0.04772
10.02.1999;0.0698
11.02.1999;0.06792
12.02.1999;0.04688
13.02.1999;0.04583
14.02.1999;0.04397
15.02.1999;0.04333
16.02.1999;0.04272
17.02.1999;0.04438
18.02.1999;0.04355
19.02.1999;0.04355
20.02.1999;0.07813
21.02.1999;0.04605
22.02.1999;0.045
23.02.1999;0.0442
24.02.1999;0.04467
25.02.1999;0.04708
26.02.1999;0.04917
27.02.1999;0.0525
28.02.1999;0.11083
1.03.1999;0.1025
2.03.1999;0.1748
3.03.1999;0.37083
4.03.1999;0.58333
5.03.1999;0.65208
6.03.1999;0.74583
7.03.1999;0.77917
8.03.1999;0.93333
9.03.1999;0.97083
10.03.1999;0.90833
11.03.1999;0.81875
12.03.1999;0.71063
13.03.1999;0.6125
14.03.1999;0.51458
15.03.1999;0.44375
16.03.1999;0.3775
17.03.1999;0.34083
18.03.1999;0.2825
19.03.1999;0.2625
20.03.1999;0.24792
21.03.1999;0.22792
22.03.1999;0.19813
23.03.1999;0.21042
24.03.1999;0.18522
25.03.1999;0.20833
26.03.1999;0.1725
27.03.1999;0.15167
28.03.1999;0.1675
29.03.1999;0.17833
30.03.1999;0.13272
31.03.1999;0.12625
1.04.1999;0.17063
2.04.1999;0.11667
3.04.1999;0.14313
4.04.1999;0.12353
5.04.1999;0.1
6.04.1999;0.13458
7.04.1999;0.12458
8.04.1999;0.09583
9.04.1999;0.08688
10.04.1999;0.12772
11.04.1999;0.10833
12.04.1999;0.08833
13.04.1999;0.06313
14.04.1999;0.08667
15.04.1999;0
16.04.1999;0
17.04.1999;0
18.04.1999;0
19.04.1999;0
20.04.1999;0
21.04.1999;0
22.04.1999;0
23.04.1999;0
24.04.1999;0
25.04.1999;0
26.04.1999;0
27.04.1999;0
28.04.1999;0
29.04.1999;0
30.04.1999;0
1.05.1999;0
2.05.1999;0
3.05.1999;0
4.05.1999;0
5.05.1999;0
6.05.1999;0
7.05.1999;0
8.05.1999;0
9.05.1999;0
10.05.1999;0.16667
11.05.1999;0.12813
12.05.1999;0.11647
13.05.1999;0.1475
14.05.1999;0.11083
15.05.1999;0.12917
16.05.1999;0.11958
17.05.1999;0.095
18.05.1999;0.12458
19.05.1999;0.1
20.05.1999;0.08575
21.05.1999;0.0873
22.05.1999;0.13458
23.05.1999;0.10792
24.05.1999;0.08792
25.05.1999;0.15813
26.05.1999;0.1
27.05.1999;0.11958
28.05.1999;0.09042
29.05.1999;0.11375
30.05.1999;0.09458
31.05.1999;0.07692
1.06.1999;0.07408
2.06.1999;0.08675
3.06.1999;0.13022
4.06.1999;0.09125
5.06.1999;0.0698
6.06.1999;0.06813
7.06.1999;0.06563
8.06.1999;0.11167
9.06.1999;0.06433
10.06.1999;0.06022
11.06.1999;0.06
12.06.1999;0.06847
13.06.1999;0.09375
14.06.1999;0.05813
15.06.1999;0.05542
16.06.1999;0.05417
17.06.1999;0.05855
18.06.1999;0.05667
19.06.1999;0.05583
20.06.1999;0.0548
21.06.1999;0.08272
22.06.1999;0.05772
23.06.1999;0.05875
24.06.1999;0.05813
25.06.1999;0.05833
26.06.1999;0.05833
27.06.1999;0.07875
28.06.1999;0.05792
29.06.1999;0.05438
30.06.1999;0.05333
1.07.1999;0.05355
2.07.1999;0.05667
3.07.1999;0.0548
4.07.1999;0.05292
5.07.1999;0.06855
6.07.1999;0.05
7.07.1999;0.05208
8.07.1999;0.0525
9.07.1999;0.0525
10.07.1999;0.05583
11.07.1999;0.07188
12.07.1999;0.09167
13.07.1999;0.18958
14.07.1999;0.25625
15.07.1999;0.53125
16.07.1999;0.42708
17.07.1999;0.40625
18.07.1999;0.34792
19.07.1999;0.26375
20.07.1999;0.25833
21.07.1999;0.2073
22.07.1999;0.20397
23.07.1999;0.17397
24.07.1999;0.20522
25.07.1999;0.1698
26.07.1999;0.14375
27.07.1999;0.1773
28.07.1999;0.13042
29.07.1999;0.15125
30.07.1999;0.11167
31.07.1999;0.10333
1.08.1999;0.13688
2.08.1999;0.09542
3.08.1999;0.08917
4.08.1999;0.1198
5.08.1999;0.0875
6.08.1999;0.08042
7.08.1999;0.07917
8.08.1999;0.11667
9.08.1999;0.07583
10.08.1999;0.07158
11.08.1999;0.09458
12.08.1999;0.06708
13.08.1999;0.06708
14.08.1999;0.06417
15.08.1999;0.09583
16.08.1999;0.06208
17.08.1999;0.065
18.08.1999;0.0673
19.08.1999;0.06125
20.08.1999;0.05792
21.08.1999;0.05667
22.08.1999;0.05438
23.08.1999;0.05333
24.08.1999;0.05333
25.08.1999;0.0523
26.08.1999;0.1025
27.08.1999;0.0525
28.08.1999;0.05125
29.08.1999;0.05
30.08.1999;0.0725
31.08.1999;0.04833
1.09.1999;0.04667
2.09.1999;0.04542
3.09.1999;0.04397
4.09.1999;0.0448
5.09.1999;0.07438
6.09.1999;0.04313
7.09.1999;0.0425
8.09.1999;0.04292
9.09.1999;0.04417
10.09.1999;0.04272
11.09.1999;0.04105
12.09.1999;0.04083
13.09.1999;0.04083
14.09.1999;0.03938
15.09.1999;0.03855
16.09.1999;0.03772
17.09.1999;0.0375
18.09.1999;0.03667
19.09.1999;0.07083
20.09.1999;0.04438
21.09.1999;0.03647
22.09.1999;0.03605
23.09.1999;0.0348
24.09.1999;0.03458
25.09.1999;0.03417
26.09.1999;0.03417
27.09.1999;0.03458
28.09.1999;0.03355
29.09.1999;0.03333
30.09.1999;0.03272
1.10.1999;0.0325
2.10.1999;0.03272
3.10.1999;0.06333
4.10.1999;0.0325
5.10.1999;0.03147
6.10.1999;0.04833
7.10.1999;0.03397
8.10.1999;0.03313
9.10.1999;0.03333
10.10.1999;0.03292
11.10.1999;0.0325
12.10.1999;0.03167
13.10.1999;0.03105
14.10.1999;0.03
15.10.1999;0.03
16.10.1999;0.03
17.10.1999;0.03
18.10.1999;0.02917
19.10.1999;0.02917
20.10.1999;0.02875
21.10.1999;0.02833
22.10.1999;0.02833
23.10.1999;0.02833
24.10.1999;0.02833
25.10.1999;0.02833
26.10.1999;0.02763
27.10.1999;0.02713
28.10.1999;0.02675
29.10.1999;0.02667
30.10.1999;0.02667
31.10.1999;0.02667
1.11.1999;0.02667
2.11.1999;0.02667
3.11.1999;0.02667
4.11.1999;0.02667
5.11.1999;0.02667
6.11.1999;0.02667
7.11.1999;0.02667
8.11.1999;0.02647
9.11.1999;0.02583
10.11.1999;0.02542
11.11.1999;0.02605
12.11.1999;0.025
13.11.1999;0.025
14.11.1999;0.02563
15.11.1999;0.02583
16.11.1999;0.02458
17.11.1999;0.02417
18.11.1999;0
19.11.1999;0
20.11.1999;0
21.11.1999;0
22.11.1999;0
23.11.1999;0
24.11.1999;0
25.11.1999;0
26.11.1999;0
27.11.1999;0
28.11.1999;0
29.11.1999;0
30.11.1999;0
1.12.1999;0
2.12.1999;0
3.12.1999;0
4.12.1999;0
5.12.1999;0
6.12.1999;0
7.12.1999;0
8.12.1999;0
9.12.1999;0
10.12.1999;0
11.12.1999;0
12.12.1999;0
13.12.1999;0
14.12.1999;0
15.12.1999;0
16.12.1999;0
17.12.1999;0
18.12.1999;0
19.12.1999;0
20.12.1999;0
21.12.1999;0
22.12.1999;0
23.12.1999;0
24.12.1999;0
25.12.1999;0
26.12.1999;0
27.12.1999;0
28.12.1999;0
29.12.1999;0
30.12.1999;0
31.12.1999;0
1.01.2000;0.02167
2.01.2000;0.02167
3.01.2000;0.02167
4.01.2000;0.02167
5.01.2000;0.02167
6.01.2000;0.02138
7.01.2000;0.02117
8.01.2000;0.021
9.01.2000;0.021
10.01.2000;0.02122
11.01.2000;0.02083
12.01.2000;0.02083
13.01.2000;0.02083
14.01.2000;0.02083
15.01.2000;0.02083
16.01.2000;0.02067
17.01.2000;0.0213
18.01.2000;0.02167
19.01.2000;0.02167
20.01.2000;0.02133
21.01.2000;0.02217
22.01.2000;0.02417
23.01.2000;0.02258
24.01.2000;0.02125
25.01.2000;0.02047
26.01.2000;0.01933
27.01.2000;0.02
28.01.2000;0.02
29.01.2000;0.02
30.01.2000;0.02055
31.01.2000;0.02072
1.02.2000;0.02083
2.02.2000;0.02875
3.02.2000;0.045
4.02.2000;0.05708
5.02.2000;0.05667
6.02.2000;0.05175
7.02.2000;0.04375
8.02.2000;0.04625
9.02.2000;0.06313
10.02.2000;0.07867
11.02.2000;0.07292
12.02.2000;0.06417
13.02.2000;0.06063
14.02.2000;0.05958
15.02.2000;0.0565
16.02.2000;0
17.02.2000;0
18.02.2000;0
19.02.2000;0
20.02.2000;0
21.02.2000;0.06333
22.02.2000;0.10458
23.02.2000;0.06333
24.02.2000;0.05792
25.02.2000;0.05667
26.02.2000;0.05417
27.02.2000;0.05492
28.02.2000;0.06083
29.02.2000;0.08083
1.03.2000;0.11792
2.03.2000;0.15313
3.03.2000;0.22605
4.03.2000;0.22355
5.03.2000;0.22625
6.03.2000;0.18667
7.03.2000;0.1725
8.03.2000;0.18417
9.03.2000;0.2175
10.03.2000;0.3375
11.03.2000;0.29792
12.03.2000;0.2625
13.03.2000;0.22272
14.03.2000;0.20958
15.03.2000;0.20208
16.03.2000;0.19147
17.03.2000;0.19
18.03.2000;0.18875
19.03.2000;0.18105
20.03.2000;0.16667
21.03.2000;0.16042
22.03.2000;0.1325
23.03.2000;0.15063
24.03.2000;0.14708
25.03.2000;0.1375
26.03.2000;0.14667
27.03.2000;0.16688
28.03.2000;0.165
29.03.2000;0.17083
30.03.2000;0.17333
31.03.2000;0.19625
1.04.2000;0.23042
2.04.2000;0.26625
3.04.2000;0.36958
4.04.2000;0.39625
5.04.2000;0.42208
6.04.2000;0.69375
7.04.2000;0.69375
8.04.2000;0.6125
9.04.2000;0.51458
10.04.2000;0.42917
11.04.2000;0.35958
12.04.2000;0.3125
13.04.2000;0.27917
14.04.2000;0.25
15.04.2000;0.22833
16.04.2000;0.20042
17.04.2000;0.23438
18.04.2000;0.1923
19.04.2000;0.17917
20.04.2000;0.17
21.04.2000;0.18853
22.04.2000;0.14125
23.04.2000;0.1725
24.04.2000;0.15708
25.04.2000;0.13208
26.04.2000;0.115
27.04.2000;0.11042
28.04.2000;0.13
29.04.2000;0.14105
30.04.2000;0.1
1.05.2000;0.16
2.05.2000;0.10375
3.05.2000;0.1075
4.05.2000;0.1325
5.05.2000;0.12917
6.05.2000;0.10708
7.05.2000;0.10292
8.05.2000;0.0875
9.05.2000;0.11605
10.05.2000;0.09042
11.05.2000;0.46667
12.05.2000;0.57292
13.05.2000;0.45
14.05.2000;0.37292
15.05.2000;0.31542
16.05.2000;0.27
17.05.2000;0
18.05.2000;0
19.05.2000;0
20.05.2000;0
21.05.2000;0
22.05.2000;0.16958
23.05.2000;0.13667
24.05.2000;0.12417
25.05.2000;0.15938
26.05.2000;0.12208
27.05.2000;0.10667
28.05.2000;0.10292
29.05.2000;0.12708
30.05.2000;0.09958
31.05.2000;0.10833
1.06.2000;0.08583
2.06.2000;0.07958
3.06.2000;0.0775
4.06.2000;0.07667
5.06.2000;0.12
6.06.2000;0.07375
7.06.2000;0.06958
8.06.2000;0.0675
9.06.2000;0.06625
10.06.2000;0.065
11.06.2000;0.06333
12.06.2000;0.06208
13.06.2000;0.10292
14.06.2000;0.05563
15.06.2000;0.05
16.06.2000;0.04583
17.06.2000;0.0425
18.06.2000;0.04
19.06.2000;0.03583
20.06.2000;0.03792
21.06.2000;0.07625
22.06.2000;0.04647
23.06.2000;0.045
24.06.2000;0.0448
25.06.2000;0.04605
26.06.2000;0.04667
27.06.2000;0.04583
28.06.2000;0.0475
29.06.2000;0.04438
30.06.2000;0.04875
1.07.2000;0.06833
2.07.2000;0.04438
3.07.2000;0.04083
4.07.2000;0.04208
5.07.2000;0.04208
6.07.2000;0.04167
7.07.2000;0.04083
8.07.2000;0.04083
9.07.2000;0.04083
10.07.2000;0.06958
11.07.2000;0.03938
12.07.2000;0.03792
13.07.2000;0.03688
14.07.2000;0.03667
15.07.2000;0.03647
16.07.2000;0.03625
17.07.2000;0.03563
18.07.2000;0.03542
19.07.2000;0.03542
20.07.2000;0.03458
21.07.2000;0.03417
22.07.2000;0.03397
23.07.2000;0.03333
24.07.2000;0.03333
25.07.2000;0.03333
26.07.2000;0.03355
27.07.2000;0.03417
28.07.2000;0.03272
29.07.2000;0.0375
30.07.2000;0.07542
31.07.2000;0.05313
1.08.2000;0.03813
2.08.2000;0.03667
3.08.2000;0.05105
4.08.2000;0.0348
5.08.2000;0.03397
6.08.2000;0.03417
7.08.2000;0.03333
8.08.2000;0.03333
9.08.2000;0.0325
10.08.2000;0.04042
11.08.2000;0.03355
12.08.2000;0.0325
13.08.2000;0.03083
14.08.2000;0.02958
15.08.2000;0.03
16.08.2000;0.03875
17.08.2000;0.02958
18.08.2000;0.02897
19.08.2000;0.02875
20.08.2000;0.02833
21.08.2000;0.02833
22.08.2000;0.02833
23.08.2000;0.02833
24.08.2000;0.02813
25.08.2000;0.0275
26.08.2000;0.02667
27.08.2000;0.02667
28.08.2000;0.02625
29.08.2000;0.02583
30.08.2000;0.04067
31.08.2000;0.0275
1.09.2000;0.02667
2.09.2000;0.02647
3.09.2000;0.02542
4.09.2000;0.025
5.09.2000;0.02438
6.09.2000;0.02417
7.09.2000;0.02417
8.09.2000;0.02375
9.09.2000;0.02355
10.09.2000;0.02375
11.09.2000;0.02313
12.09.2000;0.02292
13.09.2000;0
14.09.2000;0
15.09.2000;0
16.09.2000;0
17.09.2000;0
18.09.2000;0.03688
19.09.2000;0.02333
20.09.2000;0.02333
21.09.2000;0.02272
22.09.2000;0.0323
23.09.2000;0.02292
24.09.2000;0.0225
25.09.2000;0.02167
26.09.2000;0.02167
27.09.2000;0.02167
28.09.2000;0.02167
29.09.2000;0.02167
30.09.2000;0.02167
1.10.2000;0.02167
2.10.2000;0.02167
3.10.2000;0.02167
4.10.2000;0.02105
5.10.2000;0.02083
6.10.2000;0.02083
7.10.2000;0.02083
8.10.2000;0.02083
9.10.2000;0.02083
10.10.2000;0.02083
11.10.2000;0.02083
12.10.2000;0.02083
13.10.2000;0.02083
14.10.2000;0.02083
15.10.2000;0.02083
16.10.2000;0.02083
17.10.2000;0.02
18.10.2000;0.02
19.10.2000;0.0348
20.10.2000;0.01958
21.10.2000;0.01938
22.10.2000;0.01917
23.10.2000;0.01917
24.10.2000;0.01917
25.10.2000;0.01917
26.10.2000;0.01917
27.10.2000;0.01917
28.10.2000;0.01917
29.10.2000;0.01917
30.10.2000;0.01917
31.10.2000;0.01917
1.11.2000;0.01917
2.11.2000;0.03458
3.11.2000;0.02167
4.11.2000;0.02167
5.11.2000;0.02167
6.11.2000;0.022
7.11.2000;0.02333
8.11.2000;0.02333
9.11.2000;0.02333
10.11.2000;0.02333
11.11.2000;0.02333
12.11.2000;0.02333
13.11.2000;0.02333
14.11.2000;0.02417
15.11.2000;0.02417
16.11.2000;0.02417
17.11.2000;0.02417
18.11.2000;0.02417
19.11.2000;0.02417
20.11.2000;0.02417
21.11.2000;0.025
22.11.2000;0.025
23.11.2000;0
24.11.2000;0
25.11.2000;0
26.11.2000;0
27.11.2000;0
28.11.2000;0
29.11.2000;0
30.11.2000;0
1.12.2000;0
2.12.2000;0
3.12.2000;0
4.12.2000;0
5.12.2000;0
6.12.2000;0
7.12.2000;0
8.12.2000;0
9.12.2000;0
10.12.2000;0
11.12.2000;0
12.12.2000;0
13.12.2000;0
14.12.2000;0
15.12.2000;0
16.12.2000;0
17.12.2000;0
18.12.2000;0
19.12.2000;0
20.12.2000;0
21.12.2000;0
22.12.2000;0
23.12.2000;0
24.12.2000;0
25.12.2000;0
26.12.2000;0
27.12.2000;0
28.12.2000;0
29.12.2000;0
30.12.2000;0
31.12.2000;0
1.01.2001;0
2.01.2001;0
3.01.2001;0
4.01.2001;0
5.01.2001;0
6.01.2001;0
7.01.2001;0
8.01.2001;0.02125
9.01.2001;0.0252
10.01.2001;0.055
11.01.2001;0.04167
12.01.2001;0.03833
13.01.2001;0.03625
14.01.2001;0.03333
15.01.2001;0.03687
16.01.2001;0.07208
17.01.2001;0.03083
18.01.2001;0.03
19.01.2001;0.02833
20.01.2001;0.0275
21.01.2001;0.02667
22.01.2001;0.02333
23.01.2001;0.02333
24.01.2001;0.02333
25.01.2001;0.02333
26.01.2001;0.04
27.01.2001;0.12833
28.01.2001;0.20208
29.01.2001;0.20208
30.01.2001;0.15667
31.01.2001;0.19583
1.02.2001;0.13917
2.02.2001;0.17458
3.02.2001;0.13208
4.02.2001;0.11083
5.02.2001;0.09132
6.02.2001;0.085
7.02.2001;0.08333
8.02.2001;0.15375
9.02.2001;0.16667
10.02.2001;0.19458
11.02.2001;0.20375
12.02.2001;0.19708
13.02.2001;0.18667
14.02.2001;0.16875
15.02.2001;0.14792
16.02.2001;0.14
17.02.2001;0.11417
18.02.2001;0.09625
19.02.2001;0.15042
20.02.2001;0.09083
21.02.2001;0.12083
22.02.2001;0.13167
23.02.2001;0.11167
24.02.2001;0.09833
25.02.2001;0.03333
26.02.2001;0.01875
27.02.2001;0.065
28.02.2001;0.11458
1.03.2001;0.06458
2.03.2001;0.06042
3.03.2001;0.06
4.03.2001;0.05667
5.03.2001;0.15125
6.03.2001;0.25208
7.03.2001;0.25417
8.03.2001;0.24167
9.03.2001;0.235
10.03.2001;0.225
11.03.2001;0.21667
12.03.2001;0.20708
13.03.2001;0.19708
14.03.2001;0.18958
15.03.2001;0.18292
16.03.2001;0.17208
17.03.2001;0.17375
18.03.2001;0.17417
19.03.2001;0.16458
20.03.2001;0.15292
21.03.2001;0.1575
22.03.2001;0.15333
23.03.2001;0.13917
24.03.2001;0.13625
25.03.2001;0.17125
26.03.2001;0.35833
27.03.2001;0.5625
28.03.2001;0.50417
29.03.2001;0.42917
30.03.2001;0.38333
31.03.2001;0.29167
1.04.2001;0.25833
2.04.2001;0.24167
3.04.2001;0.225
4.04.2001;0.2075
5.04.2001;0.19
6.04.2001;0.17042
7.04.2001;0.14792
8.04.2001;0.19667
9.04.2001;0.16708
10.04.2001;0.14083
11.04.2001;0.13583
12.04.2001;0.11958
13.04.2001;0.10583
14.04.2001;0.09792
15.04.2001;0.13458
16.04.2001;0.09208
17.04.2001;0.0873
18.04.2001;0.09458
19.04.2001;0.11667
20.04.2001;0.14583
21.04.2001;0.18
22.04.2001;0.22
23.04.2001;0.29583
24.04.2001;0.33542
25.04.2001;0.32917
26.04.2001;0.35
27.04.2001;0.34167
28.04.2001;0.30833
29.04.2001;0.28333
30.04.2001;0.25458
1.05.2001;0.23333
2.05.2001;0.21958
3.05.2001;0.21042
4.05.2001;0.2
5.05.2001;0.19167
6.05.2001;0.17833
7.05.2001;0.16583
8.05.2001;0.15875
9.05.2001;0.12542
10.05.2001;0.1525
11.05.2001;0.11625
12.05.2001;0.14583
13.05.2001;0.10333
14.05.2001;0.09792
15.05.2001;0.0925
16.05.2001;0.145
17.05.2001;0.0875
18.05.2001;0.08333
19.05.2001;0.12333
20.05.2001;0.09833
21.05.2001;0.07542
22.05.2001;0.07167
23.05.2001;0.06958
24.05.2001;0.11167
25.05.2001;0.06833
26.05.2001;0.06333
27.05.2001;0.0625
28.05.2001;0.08708
29.05.2001;0.07333
30.05.2001;0.06708
31.05.2001;0.06667
1.06.2001;0.06542
2.06.2001;0.06167
3.06.2001;0.06125
4.06.2001;0.06167
5.06.2001;0.05
6.06.2001;0.04667
7.06.2001;0.04667
8.06.2001;0.04667
9.06.2001;0.04667
10.06.2001;0.04667
11.06.2001;0.04083
12.06.2001;0.04167
13.06.2001;0.04375
14.06.2001;0.04333
15.06.2001;0.04333
16.06.2001;0.04167
17.06.2001;0.08625
18.06.2001;0.04167
19.06.2001;0.04
20.06.2001;0.04
21.06.2001;0.03917
22.06.2001;0.03792
23.06.2001;0.03833
24.06.2001;0.04083
25.06.2001;0.03833
26.06.2001;0.03833
27.06.2001;0.08167
28.06.2001;0.0425
29.06.2001;0.03667
30.06.2001;0.035
1.07.2001;0.035
2.07.2001;0.035
3.07.2001;0.03333
4.07.2001;0.0325
5.07.2001;0.0327
6.07.2001;0.04875
7.07.2001;0.04417
8.07.2001;0.035
9.07.2001;0.03937
10.07.2001;0.03817
11.07.2001;0.03833
12.07.2001;0.035
13.07.2001;0.03333
14.07.2001;0.0325
15.07.2001;0.03083
16.07.2001;0.02958
17.07.2001;0.02853
18.07.2001;0.02833
19.07.2001;0.02833
20.07.2001;0.02833
21.07.2001;0.02875
22.07.2001;0.02833
23.07.2001;0.02813
24.07.2001;0.06625
25.07.2001;0.03792
26.07.2001;0.02458
27.07.2001;0.02458
28.07.2001;0.03917
29.07.2001;0.03583
30.07.2001;0.03542
31.07.2001;0.035
1.08.2001;0.03542
2.08.2001;0.0525
3.08.2001;0.03583
4.08.2001;0.03313
5.08.2001;0.0327
6.08.2001;0.03167
7.08.2001;0.03125
8.08.2001;0.03
9.08.2001;0.03
10.08.2001;0.02958
11.08.2001;0.02833
12.08.2001;0.02833
13.08.2001;0.02833
14.08.2001;0.0275
15.08.2001;0.02667
16.08.2001;0.02647
17.08.2001;0.02647
18.08.2001;0.02625
19.08.2001;0.02625
20.08.2001;0.02583
21.08.2001;0.025
22.08.2001;0.02667
23.08.2001;0.02667
24.08.2001;0.02583
25.08.2001;0.02583
26.08.2001;0.02583
27.08.2001;0.02583
28.08.2001;0.025
29.08.2001;0.025
30.08.2001;0.02417
31.08.2001;0.02417
1.09.2001;0.02417
2.09.2001;0.02375
3.09.2001;0.02292
4.09.2001;0.02333
5.09.2001;0.02333
6.09.2001;0.02333
7.09.2001;0.02333
8.09.2001;0.0225
9.09.2001;0.0225
10.09.2001;0.0225
11.09.2001;0.02167
12.09.2001;0.02167
13.09.2001;0.02125
14.09.2001;0.02083
15.09.2001;0.02083
16.09.2001;0.02083
17.09.2001;0.02083
18.09.2001;0.02083
19.09.2001;0.02083
20.09.2001;0.02125
21.09.2001;0.02
22.09.2001;0.02
23.09.2001;0.02
24.09.2001;0.02
25.09.2001;0.02
26.09.2001;0.02
27.09.2001;0.02
28.09.2001;0.02
29.09.2001;0.01917
30.09.2001;0.01917
1.10.2001;0.01833
2.10.2001;0.01833
3.10.2001;0.0185
4.10.2001;0.01842
5.10.2001;0.01833
6.10.2001;0.01833
7.10.2001;0.01833
8.10.2001;0.01833
9.10.2001;0.01833
10.10.2001;0.01833
11.10.2001;0.01833
12.10.2001;0.01833
13.10.2001;0.01833
14.10.2001;0.01833
15.10.2001;0.01833
16.10.2001;0.02417
17.10.2001;0.04583
18.10.2001;0.01833
19.10.2001;0.01833
20.10.2001;0.01833
21.10.2001;0.01833
22.10.2001;0.01833
23.10.2001;0.01833
24.10.2001;0.01833
25.10.2001;0.01833
26.10.2001;0.01833
27.10.2001;0.01833
28.10.2001;0.01833
29.10.2001;0.01833
30.10.2001;0.01833
31.10.2001;0.01813
1.11.2001;0.01792
2.11.2001;0.01853
3.11.2001;0.01792
4.11.2001;0.01813
5.11.2001;0.0175
6.11.2001;0.01708
7.11.2001;0.01708
8.11.2001;0.01708
9.11.2001;0.0175
10.11.2001;0.01708
11.11.2001;0.01708
12.11.2001;0.01783
13.11.2001;0.01833
14.11.2001;0.01833
15.11.2001;0
16.11.2001;0
17.11.2001;0
18.11.2001;0
19.11.2001;0
20.11.2001;0
21.11.2001;0
22.11.2001;0
23.11.2001;0
24.11.2001;0
25.11.2001;0
26.11.2001;0
27.11.2001;0
28.11.2001;0
29.11.2001;0
30.11.2001;0
1.12.2001;0
2.12.2001;0
3.12.2001;0
4.12.2001;0
5.12.2001;0
6.12.2001;0
7.12.2001;0
8.12.2001;0
9.12.2001;0
10.12.2001;0
11.12.2001;0
12.12.2001;0
13.12.2001;0
14.12.2001;0
15.12.2001;0
16.12.2001;0
17.12.2001;0
18.12.2001;0
19.12.2001;0
20.12.2001;0
21.12.2001;0
22.12.2001;0
23.12.2001;0
24.12.2001;0
25.12.2001;0
26.12.2001;0
27.12.2001;0
28.12.2001;0
29.12.2001;0
30.12.2001;0
31.12.2001;0
1.01.2002;0
2.01.2002;0
3.01.2002;0
4.01.2002;0
5.01.2002;0
6.01.2002;0
7.01.2002;0.015
8.01.2002;0.01467
9.01.2002;0.01417
10.01.2002;0.015
11.01.2002;0.01492
12.01.2002;0.01492
13.01.2002;0.015
14.01.2002;0.01458
15.01.2002;0.01397
16.01.2002;0.01417
17.01.2002;0.01542
18.01.2002;0.01917
19.01.2002;0.01833
20.01.2002;0.01667
21.01.2002;0.01467
22.01.2002;0.01392
23.01.2002;0.01647
24.01.2002;0.01792
25.01.2002;0.0177
26.01.2002;0.01647
27.01.2002;0.01563
28.01.2002;0.015
29.01.2002;0.01437
30.01.2002;0.0148
31.01.2002;0.03313
1.02.2002;0.015
2.02.2002;0.015
3.02.2002;0.01417
4.02.2002;0.01403
5.02.2002;0.01367
6.02.2002;0.01367
7.02.2002;0.0135
8.02.2002;0.01342
9.02.2002;0.0133
10.02.2002;0.01397
11.02.2002;0.01358
12.02.2002;0.01333
13.02.2002;0.01333
14.02.2002;0.01333
15.02.2002;0.01333
16.02.2002;0.01333
17.02.2002;0.01397
18.02.2002;0.01392
19.02.2002;0.01367
20.02.2002;0.0287
21.02.2002;0.01442
22.02.2002;0.01333
23.02.2002;0.01358
24.02.2002;0.01403
25.02.2002;0.01347
26.02.2002;0.013
27.02.2002;0.01313
28.02.2002;0.01313
1.03.2002;0.01287
2.03.2002;0.013
3.03.2002;0.01333
4.03.2002;0.01333
5.03.2002;0.01333
6.03.2002;0.01333
7.03.2002;0.01403
8.03.2002;0.01417
9.03.2002;0.0148
10.03.2002;0.01458
11.03.2002;0.01333
12.03.2002;0.01333
13.03.2002;0.01333
14.03.2002;0.01333
15.03.2002;0.01333
16.03.2002;0.015
17.03.2002;0.015
18.03.2002;0.01417
19.03.2002;0.0125
20.03.2002;0.0125
21.03.2002;0.0125
22.03.2002;0.0125
23.03.2002;0.0123
24.03.2002;0.01167
25.03.2002;0.01167
26.03.2002;0.0127
27.03.2002;0.01317
28.03.2002;0.01325
29.03.2002;0.01333
30.03.2002;0.01333
31.03.2002;0.01258
1.04.2002;0.01217
2.04.2002;0.01275
3.04.2002;0.01187
4.04.2002;0.013
5.04.2002;0.01317
6.04.2002;0.01367
7.04.2002;0.01367
8.04.2002;0.0128
9.04.2002;0.01167
10.04.2002;0.01167
11.04.2002;0.01167
12.04.2002;0.01167
13.04.2002;0.01167
14.04.2002;0.01167
15.04.2002;0.01167
16.04.2002;0.01167
17.04.2002;0.01167
18.04.2002;0.01167
19.04.2002;0.01167
20.04.2002;0.01167
21.04.2002;0.01167
22.04.2002;0.01167
23.04.2002;0.01203
24.04.2002;0.01217
25.04.2002;0.012
26.04.2002;0.01225
27.04.2002;0.0123
28.04.2002;0.01237
29.04.2002;0.01225
30.04.2002;0.01225
1.05.2002;0.012
2.05.2002;0.012
3.05.2002;0.0507
4.05.2002;0.01708
5.05.2002;0.0148
6.05.2002;0.01333
7.05.2002;0.01333
8.05.2002;0.01333
9.05.2002;0.01292
10.05.2002;0.01333
11.05.2002;0.01313
12.05.2002;0.01313
13.05.2002;0.01323
14.05.2002;0.01667
15.05.2002;0.01667
16.05.2002;0.01625
17.05.2002;0.01583
18.05.2002;0.01717
19.05.2002;0.015
20.05.2002;0.01542
21.05.2002;0.01667
22.05.2002;0.015
23.05.2002;0.015
24.05.2002;0.015
25.05.2002;0.01437
26.05.2002;0.01397
27.05.2002;0.01397
28.05.2002;0.01417
29.05.2002;0.01375
30.05.2002;0.01333
31.05.2002;0.01325
1.06.2002;0.013
2.06.2002;0.013
3.06.2002;0.013
4.06.2002;0.013
5.06.2002;0.01333
6.06.2002;0.01333
7.06.2002;0.01333
8.06.2002;0.01333
9.06.2002;0.01333
10.06.2002;0.01647
11.06.2002;0.03563
12.06.2002;0.03687
13.06.2002;0.03313
14.06.2002;0.02917
15.06.2002;0.02667
16.06.2002;0.0252
17.06.2002;0.0248
18.06.2002;0.0227
19.06.2002;0.02187
20.06.2002;0.02103
21.06.2002;0.02042
22.06.2002;0.0198
23.06.2002;0.01937
24.06.2002;0.01917
25.06.2002;0.01897
26.06.2002;0.01833
27.06.2002;0.01833
28.06.2002;0.01833
29.06.2002;0.01647
30.06.2002;0.0155
1.07.2002;0.01567
2.07.2002;0.01583
3.07.2002;0.01558
4.07.2002;0.01542
5.07.2002;0.015
6.07.2002;0.01487
7.07.2002;0.01483
8.07.2002;0.01413
9.07.2002;0.01405
10.07.2002;0.01397
11.07.2002;0.01397
12.07.2002;0.0135
13.07.2002;0.01333
14.07.2002;0.01333
15.07.2002;0.01333
16.07.2002;0.01333
17.07.2002;0.01333
18.07.2002;0.01333
19.07.2002;0.01333
20.07.2002;0.02833
21.07.2002;0.03625
22.07.2002;0.03625
23.07.2002;0.13792
24.07.2002;0.11042
25.07.2002;0.0848
26.07.2002;0.06458
27.07.2002;0.0627
28.07.2002;0.05833
29.07.2002;0.06167
30.07.2002;0.08292
31.07.2002;0.04687
1.08.2002;0.04147
2.08.2002;0.06917
3.08.2002;0.0398
4.08.2002;0.035
5.08.2002;0.0327
6.08.2002;0.03083
7.08.2002;0.03
8.08.2002;0.02958
9.08.2002;0.04125
10.08.2002;0.22292
11.08.2002;0.27292
12.08.2002;0.23542
13.08.2002;0.30937
14.08.2002;0.31458
15.08.2002;0.24792
16.08.2002;0.2177
17.08.2002;0.17437
18.08.2002;0.12917
19.08.2002;0.13875
20.08.2002;0.11813
21.08.2002;0.10917
22.08.2002;0.07958
23.08.2002;0.07375
24.08.2002;0.06417
25.08.2002;0.09917
26.08.2002;0.07542
27.08.2002;0.05292
28.08.2002;0.04792
29.08.2002;0.07917
30.08.2002;0.04603
31.08.2002;0.04333
1.09.2002;0.04167
2.09.2002;0.04103
3.09.2002;0.0373
4.09.2002;0.03583
5.09.2002;0.06875
6.09.2002;0.05292
7.09.2002;0.04125
8.09.2002;0.03937
9.09.2002;0.03208
10.09.2002;0.03583
11.09.2002;0.035
12.09.2002;0.03458
13.09.2002;0.03125
14.09.2002;0.0325
15.09.2002;0.0327
16.09.2002;0.03208
17.09.2002;0.03125
18.09.2002;0.03042
19.09.2002;0.02937
20.09.2002;0.02833
21.09.2002;0.02833
22.09.2002;0.02833
23.09.2002;0.02833
24.09.2002;0.02667
25.09.2002;0.02667
26.09.2002;0.02583
27.09.2002;0.025
28.09.2002;0.025
29.09.2002;0.02458
30.09.2002;0.02417
1.10.2002;0.02333
2.10.2002;0.02333
3.10.2002;0.02333
4.10.2002;0.02333
5.10.2002;0.02333
6.10.2002;0.02417
7.10.2002;0.02417
8.10.2002;0.02333
9.10.2002;0.02292
10.10.2002;0.0223
11.10.2002;0.02167
12.10.2002;0.02208
13.10.2002;0.02458
14.10.2002;0.02563
15.10.2002;0.02667
16.10.2002;0.02667
17.10.2002;0.02667
18.10.2002;0.02667
19.10.2002;0.02667
20.10.2002;0.02583
21.10.2002;0.02563
22.10.2002;0.02375
23.10.2002;0.02292
24.10.2002;0.0225
25.10.2002;0.02833
26.10.2002;0.03083
27.10.2002;0.03063
28.10.2002;0.03417
29.10.2002;0.03333
30.10.2002;0.06833
31.10.2002;0.03287
1.11.2002;0.03167
2.11.2002;0.03167
3.11.2002;0.03
4.11.2002;0.02917
5.11.2002;0.06563
6.11.2002;0.04042
7.11.2002;0.03625
8.11.2002;0.02813
9.11.2002;0.02792
10.11.2002;0.0275
11.11.2002;0.02667
12.11.2002;0.02708
13.11.2002;0.02583
14.11.2002;0.0277
15.11.2002;0.07083
16.11.2002;0.05167
17.11.2002;0.04167
18.11.2002;0.04083
19.11.2002;0.08167
20.11.2002;0
21.11.2002;0
22.11.2002;0
23.11.2002;0
24.11.2002;0
25.11.2002;0
26.11.2002;0
27.11.2002;0
28.11.2002;0
29.11.2002;0
30.11.2002;0
1.12.2002;0
2.12.2002;0
3.12.2002;0
4.12.2002;0
5.12.2002;0
6.12.2002;0
7.12.2002;0
8.12.2002;0
9.12.2002;0
10.12.2002;0
11.12.2002;0
12.12.2002;0
13.12.2002;0
14.12.2002;0
15.12.2002;0
16.12.2002;0
17.12.2002;0
18.12.2002;0
19.12.2002;0
20.12.2002;0
21.12.2002;0
22.12.2002;0
23.12.2002;0
24.12.2002;0
25.12.2002;0
26.12.2002;0
27.12.2002;0
28.12.2002;0
29.12.2002;0
30.12.2002;0
31.12.2002;0
1.01.2003;0
2.01.2003;0
3.01.2003;0
4.01.2003;0
5.01.2003;0
6.01.2003;0.05333
7.01.2003;0.05333
8.01.2003;0.0525
9.01.2003;0.0525
10.01.2003;0.05167
11.01.2003;0.05167
12.01.2003;0.05083
13.01.2003;0.05
14.01.2003;0.05
15.01.2003;0.05
16.01.2003;0.0325
17.01.2003;0.04833
18.01.2003;0.04833
19.01.2003;0.04833
20.01.2003;0.0473
21.01.2003;0.045
22.01.2003;0.04667
23.01.2003;0.045
24.01.2003;0.04917
25.01.2003;0.04917
26.01.2003;0.04917
27.01.2003;0.05083
28.01.2003;0.05167
29.01.2003;0.05333
30.01.2003;0.05167
31.01.2003;0.05167
1.02.2003;0.05083
2.02.2003;0.05
3.02.2003;0.04937
4.02.2003;0.05208
5.02.2003;0.05167
6.02.2003;0.04833
7.02.2003;0.04563
8.02.2003;0.04375
9.02.2003;0.04333
10.02.2003;0.0425
11.02.2003;0.04083
12.02.2003;0.03853
13.02.2003;0.04
14.02.2003;0.03958
15.02.2003;0.04083
16.02.2003;0.0427
17.02.2003;0.04167
18.02.2003;0.04167
19.02.2003;0.03958
20.02.2003;0.035
21.02.2003;0.03625
22.02.2003;0.03437
23.02.2003;0.03333
24.02.2003;0.03333
25.02.2003;0.035
26.02.2003;0.03667
27.02.2003;0.03792
28.02.2003;0.03917
1.03.2003;0.04083
2.03.2003;0.04292
3.03.2003;0.04375
4.03.2003;0.04625
5.03.2003;0.05167
6.03.2003;0.05792
7.03.2003;0.06125
8.03.2003;0.07167
9.03.2003;0.07833
10.03.2003;0.09
11.03.2003;0.10708
12.03.2003;0.15833
13.03.2003;0.20313
14.03.2003;0.19375
15.03.2003;0.17438
16.03.2003;0.16333
17.03.2003;0.15667
18.03.2003;0.14833
19.03.2003;0.15167
20.03.2003;0.16125
21.03.2003;0.16875
22.03.2003;0.1673
23.03.2003;0.15708
24.03.2003;0.14333
25.03.2003;0.12875
26.03.2003;0.1
27.03.2003;0.13542
28.03.2003;0.09292
29.03.2003;0.14147
30.03.2003;0.09333
31.03.2003;0.0825
1.04.2003;0.12792
2.04.2003;0.07708
3.04.2003;0.09875
4.04.2003;0.09583
5.04.2003;0.0675
6.04.2003;0.06167
7.04.2003;0.06
8.04.2003;0.08167
9.04.2003;0.08875
10.04.2003;0.05542
11.04.2003;0.05708
12.04.2003;0.10875
13.04.2003;0.08792
14.04.2003;0.06167
15.04.2003;0.08375
16.04.2003;0.10458
17.04.2003;0.0675
18.04.2003;0.10042
19.04.2003;0.065
20.04.2003;0.09603
21.04.2003;0.08542
22.04.2003;0.05958
23.04.2003;0.06043
24.04.2003;0.09458
25.04.2003;0.05583
26.04.2003;0.05397
27.04.2003;0.05417
28.04.2003;0.0525
29.04.2003;0.0925
30.04.2003;0.07958
1.05.2003;0.04667
2.05.2003;0.04958
3.05.2003;0.0475
4.05.2003;0.08625
5.05.2003;0.04687
6.05.2003;0.04583
7.05.2003;0.07125
8.05.2003;0.0448
9.05.2003;0.04397
10.05.2003;0.04375
11.05.2003;0.04185
12.05.2003;0.08708
13.05.2003;0.04063
14.05.2003;0.04333
15.05.2003;0.0398
16.05.2003;0.03937
17.05.2003;0.07417
18.05.2003;0.04
19.05.2003;0.03875
20.05.2003;0.03792
21.05.2003;0.03667
22.05.2003;0.03667
23.05.2003;0.03667
24.05.2003;0.03667
25.05.2003;0.03667
26.05.2003;0.03667
27.05.2003;0.03333
28.05.2003;0.03292
29.05.2003;0.0325
30.05.2003;0.03083
31.05.2003;0.04397
1.06.2003;0.03833
2.06.2003;0.03625
3.06.2003;0.0348
4.06.2003;0.0323
5.06.2003;0.03083
6.06.2003;0.03
7.06.2003;0.03187
8.06.2003;0.03292
9.06.2003;0.0327
10.06.2003;0.04167
11.06.2003;0.03875
12.06.2003;0.03792
13.06.2003;0.03583
14.06.2003;0.02958
15.06.2003;0.02917
16.06.2003;0.02833
17.06.2003;0.0275
18.06.2003;0.0275
19.06.2003;0.02583
20.06.2003;0.02542
21.06.2003;0.02583
22.06.2003;0.025
23.06.2003;0.02542
24.06.2003;0.03125
25.06.2003;0.02958
26.06.2003;0.025
27.06.2003;0.025
28.06.2003;0.025
29.06.2003;0.02458
30.06.2003;0.02313
1.07.2003;0.02292
2.07.2003;0.0227
3.07.2003;0.02208
4.07.2003;0.02167
5.07.2003;0.02083
6.07.2003;0.05417
7.07.2003;0.02083
8.07.2003;0.02
9.07.2003;0.02
10.07.2003;0.02
11.07.2003;0.01958
12.07.2003;0.01958
13.07.2003;0.0198
14.07.2003;0.01937
15.07.2003;0.01875
16.07.2003;0.01875
17.07.2003;0.01833
18.07.2003;0.01833
19.07.2003;0.01833
20.07.2003;0.01833
21.07.2003;0.01833
22.07.2003;0.0175
23.07.2003;0.0175
24.07.2003;0.01792
25.07.2003;0.0552
26.07.2003;0.01792
27.07.2003;0.0173
28.07.2003;0.01708
29.07.2003;0.0202
30.07.2003;0.01708
31.07.2003;0.01667
1.08.2003;0.01625
2.08.2003;0.01583
3.08.2003;0.01625
4.08.2003;0.01708
5.08.2003;0.01583
6.08.2003;0.015
7.08.2003;0.0152
8.08.2003;0.01542
9.08.2003;0.015
10.08.2003;0.015
11.08.2003;0.015
12.08.2003;0.0148
13.08.2003;0.015
14.08.2003;0.015
15.08.2003;0.015
16.08.2003;0.015
17.08.2003;0.015
18.08.2003;0.015
19.08.2003;0.015
20.08.2003;0.04167
21.08.2003;0.01603
22.08.2003;0.01437
23.08.2003;0.01458
24.08.2003;0.01458
25.08.2003;0.01417
26.08.2003;0
27.08.2003;0
28.08.2003;0
29.08.2003;0
30.08.2003;0
31.08.2003;0
1.09.2003;0
2.09.2003;0
3.09.2003;0
4.09.2003;0
5.09.2003;0
6.09.2003;0
7.09.2003;0
8.09.2003;0
9.09.2003;0
10.09.2003;0
11.09.2003;0
12.09.2003;0
13.09.2003;0
14.09.2003;0
15.09.2003;0
16.09.2003;0
17.09.2003;0
18.09.2003;0
19.09.2003;0
20.09.2003;0
21.09.2003;0
22.09.2003;0
23.09.2003;0
24.09.2003;0
25.09.2003;0
26.09.2003;0
27.09.2003;0
28.09.2003;0
29.09.2003;0
30.09.2003;0
1.10.2003;0
2.10.2003;0
3.10.2003;0
4.10.2003;0
5.10.2003;0
6.10.2003;0
7.10.2003;0
8.10.2003;0
9.10.2003;0
10.10.2003;0
11.10.2003;0
12.10.2003;0
13.10.2003;0
14.10.2003;0
15.10.2003;0
16.10.2003;0
17.10.2003;0
18.10.2003;0
19.10.2003;0
20.10.2003;0
21.10.2003;0
22.10.2003;0
23.10.2003;0
24.10.2003;0
25.10.2003;0
26.10.2003;0
27.10.2003;0
28.10.2003;0
29.10.2003;0
30.10.2003;0
31.10.2003;0
1.11.2003;0
2.11.2003;0
3.11.2003;0
4.11.2003;0
5.11.2003;0
6.11.2003;0
7.11.2003;0
8.11.2003;0
9.11.2003;0
10.11.2003;0
11.11.2003;0
12.11.2003;0
13.11.2003;0
14.11.2003;0
15.11.2003;0
16.11.2003;0
17.11.2003;0
18.11.2003;0
19.11.2003;0
20.11.2003;0
21.11.2003;0
22.11.2003;0
23.11.2003;0
24.11.2003;0
25.11.2003;0
26.11.2003;0
27.11.2003;0
28.11.2003;0
29.11.2003;0
30.11.2003;0
1.12.2003;0
2.12.2003;0
3.12.2003;0
4.12.2003;0
5.12.2003;0
6.12.2003;0
7.12.2003;0
8.12.2003;0
9.12.2003;0
10.12.2003;0
11.12.2003;0
12.12.2003;0
13.12.2003;0
14.12.2003;0
15.12.2003;0
16.12.2003;0
17.12.2003;0
18.12.2003;0
19.12.2003;0
20.12.2003;0
21.12.2003;0
22.12.2003;0
23.12.2003;0
24.12.2003;0
25.12.2003;0
26.12.2003;0
27.12.2003;0
28.12.2003;0
29.12.2003;0
30.12.2003;0
31.12.2003;0
1.01.2004;0
2.01.2004;0
3.01.2004;0
4.01.2004;0
5.01.2004;0
6.01.2004;0
7.01.2004;0
8.01.2004;0
9.01.2004;0
10.01.2004;0
11.01.2004;0
12.01.2004;0
13.01.2004;0
14.01.2004;0
15.01.2004;0
16.01.2004;0
17.01.2004;0
18.01.2004;0
19.01.2004;0
20.01.2004;0
21.01.2004;0
22.01.2004;0
23.01.2004;0
24.01.2004;0
25.01.2004;0
26.01.2004;0
27.01.2004;0
28.01.2004;0
29.01.2004;0
30.01.2004;0
31.01.2004;0
1.02.2004;0
2.02.2004;0
3.02.2004;0
4.02.2004;0
5.02.2004;0
6.02.2004;0
7.02.2004;0
8.02.2004;0
9.02.2004;0
10.02.2004;0
11.02.2004;0
12.02.2004;0
13.02.2004;0
14.02.2004;0
15.02.2004;0
16.02.2004;0
17.02.2004;0
18.02.2004;0
19.02.2004;0
20.02.2004;0
21.02.2004;0
22.02.2004;0
23.02.2004;0
24.02.2004;0
25.02.2004;0
26.02.2004;0
27.02.2004;0
28.02.2004;0
29.02.2004;0
1.03.2004;0
2.03.2004;0
3.03.2004;0
4.03.2004;0
5.03.2004;0
6.03.2004;0
7.03.2004;0
8.03.2004;0
9.03.2004;0
10.03.2004;0
11.03.2004;0
12.03.2004;0
13.03.2004;0
14.03.2004;0
15.03.2004;0
16.03.2004;0
17.03.2004;0
18.03.2004;0
19.03.2004;0
20.03.2004;0
21.03.2004;0
22.03.2004;0
23.03.2004;0
24.03.2004;0
25.03.2004;0
26.03.2004;0
27.03.2004;0
28.03.2004;0
29.03.2004;0
30.03.2004;0
31.03.2004;0
1.04.2004;0
2.04.2004;0
3.04.2004;0
4.04.2004;0
5.04.2004;0
6.04.2004;0
7.04.2004;0
8.04.2004;0
9.04.2004;0
10.04.2004;0
11.04.2004;0
12.04.2004;0
13.04.2004;0
14.04.2004;0
15.04.2004;0
16.04.2004;0
17.04.2004;0
18.04.2004;0
19.04.2004;0
20.04.2004;0
21.04.2004;0
22.04.2004;0
23.04.2004;0
24.04.2004;0
25.04.2004;0
26.04.2004;0
27.04.2004;0
28.04.2004;0
29.04.2004;0
30.04.2004;0
1.05.2004;0
2.05.2004;0
3.05.2004;0
4.05.2004;0
5.05.2004;0
6.05.2004;0
7.05.2004;0
8.05.2004;0
9.05.2004;0
10.05.2004;0
11.05.2004;0
12.05.2004;0
13.05.2004;0
14.05.2004;0
15.05.2004;0
16.05.2004;0
17.05.2004;0
18.05.2004;0
19.05.2004;0
20.05.2004;0
21.05.2004;0
22.05.2004;0
23.05.2004;0
24.05.2004;0
25.05.2004;0
26.05.2004;0
27.05.2004;0
28.05.2004;0
29.05.2004;0
30.05.2004;0
31.05.2004;0
1.06.2004;0
2.06.2004;0
3.06.2004;0
4.06.2004;0
5.06.2004;0
6.06.2004;0
7.06.2004;0
8.06.2004;0
9.06.2004;0
10.06.2004;0
11.06.2004;0
12.06.2004;0
13.06.2004;0
14.06.2004;0
15.06.2004;0
16.06.2004;0
17.06.2004;0
18.06.2004;0
19.06.2004;0
20.06.2004;0
21.06.2004;0
22.06.2004;0
23.06.2004;0
24.06.2004;0
25.06.2004;0
26.06.2004;0
27.06.2004;0
28.06.2004;0
29.06.2004;0.09833
30.06.2004;0.08083
1.07.2004;0.11083
2.07.2004;0.07458
3.07.2004;0.1
4.07.2004;0.07417
5.07.2004;0.065
6.07.2004;0.09833
7.07.2004;0.06375
8.07.2004;0.07167
9.07.2004;0.07
10.07.2004;0.06
11.07.2004;0.055
12.07.2004;0.06125
13.07.2004;0.075
14.07.2004;0.05292
15.07.2004;0.04917
16.07.2004;0.0475
17.07.2004;0.04667
18.07.2004;0.04583
19.07.2004;0.045
20.07.2004;0.045
21.07.2004;0.04417
22.07.2004;0.04333
23.07.2004;0.04333
24.07.2004;0.04167
25.07.2004;0.03833
26.07.2004;0.03833
27.07.2004;0.09208
28.07.2004;0.06708
29.07.2004;0.06208
30.07.2004;0.09333
31.07.2004;0.09042
1.08.2004;0.09125
2.08.2004;0.08333
3.08.2004;0.07042
4.08.2004;0.06875
5.08.2004;0.05958
6.08.2004;0.05833
7.08.2004;0.05667
8.08.2004;0.055
9.08.2004;0.0525
10.08.2004;0.05333
11.08.2004;0.04792
12.08.2004;0.05
13.08.2004;0.04833
14.08.2004;0.04667
15.08.2004;0.04603
16.08.2004;0.045
17.08.2004;0.04292
18.08.2004;0.04167
19.08.2004;0.04167
20.08.2004;0.04167
21.08.2004;0.04167
22.08.2004;0.0398
23.08.2004;0.03853
24.08.2004;0.0375
25.08.2004;0.03875
26.08.2004;0.04042
27.08.2004;0.04
28.08.2004;0.03833
29.08.2004;0.03583
30.08.2004;0.03333
31.08.2004;0.03333
1.09.2004;0.03333
2.09.2004;0.03333
3.09.2004;0.03333
4.09.2004;0.03292
5.09.2004;0.03167
6.09.2004;0.03167
7.09.2004;0.03167
8.09.2004;0.03167
9.09.2004;0.03167
10.09.2004;0.03167
11.09.2004;0.03167
12.09.2004;0.03083
13.09.2004;0.03083
14.09.2004;0.03
15.09.2004;0.02917
16.09.2004;0.02917
17.09.2004;0.02917
18.09.2004;0.02917
19.09.2004;0.02833
20.09.2004;0.02833
21.09.2004;0.02833
22.09.2004;0.02833
23.09.2004;0.02833
24.09.2004;0.02833
25.09.2004;0.02833
26.09.2004;0.0275
27.09.2004;0.02667
28.09.2004;0.02667
29.09.2004;0.02667
30.09.2004;0.02667
1.10.2004;0.02583
2.10.2004;0.02583
3.10.2004;0.02583
4.10.2004;0.02583
5.10.2004;0.025
6.10.2004;0.025
7.10.2004;0.025
8.10.2004;0.02417
9.10.2004;0.02417
10.10.2004;0.02333
11.10.2004;0.02333
12.10.2004;0.02333
13.10.2004;0.02333
14.10.2004;0.02333
15.10.2004;0.02333
16.10.2004;0.0225
17.10.2004;0.0225
18.10.2004;0.0225
19.10.2004;0.0225
20.10.2004;0.0225
21.10.2004;0.0225
22.10.2004;0.0225
23.10.2004;0.0225
24.10.2004;0.0225
25.10.2004;0.0225
26.10.2004;0.0225
27.10.2004;0.0225
28.10.2004;0.0225
29.10.2004;0.0225
30.10.2004;0.0225
31.10.2004;0.0225
1.11.2004;0.0225
2.11.2004;0.0225
3.11.2004;0.0225
4.11.2004;0.0225
5.11.2004;0.0225
6.11.2004;0.0225
7.11.2004;0.02167
8.11.2004;0.02167
9.11.2004;0.02167
10.11.2004;0.02167
11.11.2004;0.02167
12.11.2004;0.02167
13.11.2004;0.02167
14.11.2004;0.02167
15.11.2004;0.02167
16.11.2004;0.02167
17.11.2004;0.02167
18.11.2004;0.02167
19.11.2004;0.02167
20.11.2004;0.02167
21.11.2004;0.02167
22.11.2004;0.02167
23.11.2004;0.02167
24.11.2004;0.02167
25.11.2004;0.02167
26.11.2004;0.02167
27.11.2004;0.02167
28.11.2004;0.02167
29.11.2004;0.02167
30.11.2004;0.02167
1.12.2004;0.02167
2.12.2004;0.02167
3.12.2004;0.02167
4.12.2004;0.02167
5.12.2004;0.02167
6.12.2004;0.02167
7.12.2004;0.02167
8.12.2004;0.02167
9.12.2004;0.02167
10.12.2004;0.02167
11.12.2004;0.02167
12.12.2004;0.02167
13.12.2004;0.02083
14.12.2004;0.02083
15.12.2004;0.02083
16.12.2004;0.02083
17.12.2004;0.02083
18.12.2004;0.02083
19.12.2004;0.02083
20.12.2004;0.02083
21.12.2004;0.02083
22.12.2004;0.02083
23.12.2004;0.02083
24.12.2004;0.02
25.12.2004;0.02
26.12.2004;0.02
27.12.2004;0.02
28.12.2004;0.02353
29.12.2004;0.025
30.12.2004;0.025
31.12.2004;0.0252
1.01.2005;0.02667
2.01.2005;0.02667
3.01.2005;0.0275
4.01.2005;0.02792
5.01.2005;0.02833
6.01.2005;0.02833
7.01.2005;0.02833
8.01.2005;0.02833
9.01.2005;0.02813
10.01.2005;0.0273
11.01.2005;0.025
12.01.2005;0.025
13.01.2005;0.02313
14.01.2005;0.02333
15.01.2005;0.02333
16.01.2005;0.02333
17.01.2005;0.02333
18.01.2005;0.02333
19.01.2005;0.02333
20.01.2005;0.0225
21.01.2005;0.0225
22.01.2005;0.0225
23.01.2005;0.0225
24.01.2005;0.0225
25.01.2005;0.0225
26.01.2005;0.0225
27.01.2005;0.0225
28.01.2005;0.0225
29.01.2005;0.0225
30.01.2005;0.02167
31.01.2005;0.02167
1.02.2005;0.02167
2.02.2005;0.02167
3.02.2005;0.02292
4.02.2005;0.02167
5.02.2005;0.02292
6.02.2005;0.02
7.02.2005;0.02
8.02.2005;0.02
9.02.2005;0.02
10.02.2005;0.02
11.02.2005;0.02
12.02.2005;0.02
13.02.2005;0.02
14.02.2005;0.02
15.02.2005;0.02
16.02.2005;0.02
17.02.2005;0.02
18.02.2005;0.02
19.02.2005;0.02
20.02.2005;0.02
21.02.2005;0.02
22.02.2005;0.02
23.02.2005;0.05542
24.02.2005;0.09583
25.02.2005;0.07083
26.02.2005;0.06042
27.02.2005;0.06083
28.02.2005;0.0625
1.03.2005;0.05333
2.03.2005;0.04708
3.03.2005;0.04458
4.03.2005;0.04333
5.03.2005;0.04187
6.03.2005;0.0398
7.03.2005;0.0377
8.03.2005;0.03583
9.03.2005;0.03458
10.03.2005;0.03375
11.03.2005;0.03167
12.03.2005;0.03437
13.03.2005;0.045
14.03.2005;0.05958
15.03.2005;0.06875
16.03.2005;0.08042
17.03.2005;0.08167
18.03.2005;0.16397
19.03.2005;0.275
20.03.2005;0.2448
21.03.2005;0.21563
22.03.2005;0.1823
23.03.2005;0.15875
24.03.2005;0.13667
25.03.2005;0.12167
26.03.2005;0.09708
27.03.2005;0.1425
28.03.2005;0.09917
29.03.2005;0.08167
30.03.2005;0.12375
31.03.2005;0.08583
1.04.2005;0.0675
2.04.2005;0.08833
3.04.2005;0.10583
4.04.2005;0.06833
5.04.2005;0.06125
6.04.2005;0.05833
7.04.2005;0.05792
8.04.2005;0.1
9.04.2005;0.05667
10.04.2005;0.05542
11.04.2005;0.05208
12.04.2005;0.05042
13.04.2005;0.0525
14.04.2005;0.05
15.04.2005;0.1175
16.04.2005;0.05917
17.04.2005;0.06542
18.04.2005;0.0575
19.04.2005;0.05667
20.04.2005;0.06375
21.04.2005;0.18083
22.04.2005;0.22917
23.04.2005;0.22397
24.04.2005;0.21147
25.04.2005;0.22917
26.04.2005;0.33958
27.04.2005;0.50833
28.04.2005;0.51667
29.04.2005;0.45833
30.04.2005;0.36667
1.05.2005;0.31875
2.05.2005;0.2875
3.05.2005;0.26042
4.05.2005;0.25292
5.05.2005;0.20833
6.05.2005;0.19687
7.05.2005;0.1775
8.05.2005;0.17958
9.05.2005;0.14708
10.05.2005;0.11667
11.05.2005;0.15667
12.05.2005;0.10458
13.05.2005;0.0975
14.05.2005;0.09125
15.05.2005;0.1325
16.05.2005;0.09208
17.05.2005;0.08417
18.05.2005;0.08417
19.05.2005;0.19187
20.05.2005;0.23333
21.05.2005;0.2177
22.05.2005;0.1948
23.05.2005;0.20208
24.05.2005;0.16603
25.05.2005;0.15625
26.05.2005;0.16625
27.05.2005;0.13625
28.05.2005;0.10875
29.05.2005;0.10583
30.05.2005;0.14603
31.05.2005;0.09333
1.06.2005;0.0875
2.06.2005;0.11458
3.06.2005;0.09875
4.06.2005;0.07833
5.06.2005;0.07458
6.06.2005;0.07167
7.06.2005;0.105
8.06.2005;0.06458
9.06.2005;0.06083
10.06.2005;0.06
11.06.2005;0.07583
12.06.2005;0.06208
13.06.2005;0.05917
14.06.2005;0.0725
15.06.2005;0.075
16.06.2005;0.05667
17.06.2005;0.05667
18.06.2005;0.05667
19.06.2005;0.07833
20.06.2005;0.06458
21.06.2005;0.05
22.06.2005;0.04917
23.06.2005;0.04833
24.06.2005;0.07083
25.06.2005;0.04583
26.06.2005;0.04375
27.06.2005;0.05625
28.06.2005;0.04375
29.06.2005;0.05208
30.06.2005;0.04167
1.07.2005;0.04083
2.07.2005;0.03875
3.07.2005;0.03625
4.07.2005;0.035
5.07.2005;0.035
6.07.2005;0.03542
7.07.2005;0.03667
8.07.2005;0.065
9.07.2005;0.03667
10.07.2005;0.03583
11.07.2005;0.035
12.07.2005;0.05208
13.07.2005;0.03333
14.07.2005;0.03
15.07.2005;0.03
16.07.2005;0.03
17.07.2005;0.03
18.07.2005;0.03083
19.07.2005;0.03333
20.07.2005;0.03333
21.07.2005;0.03333
22.07.2005;0.03333
23.07.2005;0.0325
24.07.2005;0.29292
25.07.2005;0.02833
26.07.2005;0.02833
27.07.2005;0.06875
28.07.2005;0.02917
29.07.2005;0.02833
30.07.2005;0.0275
31.07.2005;0.025
1.08.2005;0.025
2.08.2005;0.02625
3.08.2005;0.02625
4.08.2005;0.025
5.08.2005;0.025
6.08.2005;0.025
7.08.2005;0.025
8.08.2005;0.025
9.08.2005;0.025
10.08.2005;0.025
11.08.2005;0.025
12.08.2005;0.03542
13.08.2005;0.02458
14.08.2005;0.0225
15.08.2005;0.02333
16.08.2005;0.02333
17.08.2005;0.02333
18.08.2005;0.02333
19.08.2005;0.02333
20.08.2005;0.02333
21.08.2005;0.02292
22.08.2005;0.0225
23.08.2005;0.0225
24.08.2005;0.0323
25.08.2005;0.07958
26.08.2005;0.06917
27.08.2005;0.04292
28.08.2005;0.03167
29.08.2005;0.07583
30.08.2005;0.06708
31.08.2005;0.04167
1.09.2005;0.04708
2.09.2005;0.04
3.09.2005;0.03917
4.09.2005;0.04125
5.09.2005;0.03103
6.09.2005;0.09875
7.09.2005;0.0325
8.09.2005;0.03
9.09.2005;0.02937
10.09.2005;0.02917
11.09.2005;0.02917
12.09.2005;0.03292
13.09.2005;0.03
14.09.2005;0.02833
15.09.2005;0.0425
16.09.2005;0.02833
17.09.2005;0.02833
18.09.2005;0.03167
19.09.2005;0.03708
20.09.2005;0.03958
21.09.2005;0.03917
22.09.2005;0.03917
23.09.2005;0.03917
24.09.2005;0.03917
25.09.2005;0.0373
26.09.2005;0.0625
27.09.2005;0.02937
28.09.2005;0.0375
29.09.2005;0.02917
30.09.2005;0.02833
1.10.2005;0.02833
2.10.2005;0.02833
3.10.2005;0.02833
4.10.2005;0.02833
5.10.2005;0.045
6.10.2005;0.02833
7.10.2005;0.03833
8.10.2005;0.025
9.10.2005;0.025
10.10.2005;0.025
11.10.2005;0.025
12.10.2005;0.025
13.10.2005;0.02417
14.10.2005;0.02333
15.10.2005;0.05813
16.10.2005;0.02708
17.10.2005;0.025
18.10.2005;0.025
19.10.2005;0.025
20.10.2005;0.025
21.10.2005;0.02417
22.10.2005;0.02333
23.10.2005;0.02333
24.10.2005;0.02333
25.10.2005;0.02333
26.10.2005;0.02333
27.10.2005;0.02333
28.10.2005;0.02333
29.10.2005;0.02333
30.10.2005;0.02333
31.10.2005;0.02333
1.11.2005;0.0775
2.11.2005;0.02333
3.11.2005;0.02167
4.11.2005;0.02167
5.11.2005;0.02167
6.11.2005;0.02167
7.11.2005;0.02167
8.11.2005;0.02167
9.11.2005;0.02167
10.11.2005;0.02167
11.11.2005;0.0425
12.11.2005;0.02417
13.11.2005;0.02417
14.11.2005;0.02167
15.11.2005;0.02167
16.11.2005;0.02167
17.11.2005;0.02083
18.11.2005;0.02083
19.11.2005;0.02
20.11.2005;0.02
21.11.2005;0.02
22.11.2005;0.02
23.11.2005;0.02
24.11.2005;0.02
25.11.2005;0.02
26.11.2005;0.02
27.11.2005;0.02
28.11.2005;0.02
29.11.2005;0.02
30.11.2005;0.02
1.12.2005;0.02
2.12.2005;0.02375
3.12.2005;0.05042
4.12.2005;0.02
5.12.2005;0.02
6.12.2005;0.02417
7.12.2005;0.04417
8.12.2005;0.09897
9.12.2005;0.06667
10.12.2005;0.0525
11.12.2005;0.06667
12.12.2005;0.04667
13.12.2005;0.04625
14.12.2005;0.04625
15.12.2005;0.09708
16.12.2005;0.04313
17.12.2005;0.04147
18.12.2005;0.0375
19.12.2005;0.03563
20.12.2005;0.10083
21.12.2005;0.04833
22.12.2005;0.04833
23.12.2005;0.04833
24.12.2005;0.04833
25.12.2005;0.04833
26.12.2005;0.08292
27.12.2005;0.03125
28.12.2005;0.03
29.12.2005;0.04833
30.12.2005;0.05
31.12.2005;0.05
1.01.2006;0.05
2.01.2006;0.07417
3.01.2006;0.21042
4.01.2006;0.24167
5.01.2006;0.23958
6.01.2006;0.21542
7.01.2006;0.19042
8.01.2006;0.17542
9.01.2006;0.16458
10.01.2006;0.15292
11.01.2006;0.14458
12.01.2006;0.12667
13.01.2006;0.09833
14.01.2006;0.08167
15.01.2006;0.11083
16.01.2006;0.09
17.01.2006;0.075
18.01.2006;0.08
19.01.2006;0.06208
20.01.2006;0.055
21.01.2006;0.07625
22.01.2006;0.05208
23.01.2006;0.04958
24.01.2006;0.045
25.01.2006;0.0775
26.01.2006;0.05583
27.01.2006;0.03667
28.01.2006;0.03667
29.01.2006;0.03667
30.01.2006;0.03667
31.01.2006;0.03667
1.02.2006;0.03583
2.02.2006;0.0675
3.02.2006;0.035
4.02.2006;0.03375
5.02.2006;0.0525
6.02.2006;0.0325
7.02.2006;0.03167
8.02.2006;0.03167
9.02.2006;0.03167
10.02.2006;0.05667
11.02.2006;0.03083
12.02.2006;0.02917
13.02.2006;0.02897
14.02.2006;0.0273
15.02.2006;0.02667
16.02.2006;0.06
17.02.2006;0.0275
18.02.2006;0.02667
19.02.2006;0.02583
20.02.2006;0.02792
21.02.2006;0.03542
22.02.2006;0.04375
23.02.2006;0.045
24.02.2006;0.045
25.02.2006;0.04417
26.02.2006;0.03875
27.02.2006;0.03542
28.02.2006;0.04583
1.03.2006;0.03792
2.03.2006;0.0325
3.03.2006;0.03125
4.03.2006;0.03103
5.03.2006;0.03167
6.03.2006;0.03042
7.03.2006;0.03
8.03.2006;0.04187
9.03.2006;0.03583
10.03.2006;0.0373
11.03.2006;0.0625
12.03.2006;0.08667
13.03.2006;0.08667
14.03.2006;0.08208
15.03.2006;0.075
16.03.2006;0.08875
17.03.2006;0.06417
18.03.2006;0.06167
19.03.2006;0.06167
20.03.2006;0.06292
21.03.2006;0.06917
22.03.2006;0.1375
23.03.2006;0.11333
24.03.2006;0.12625
25.03.2006;0.13125
26.03.2006;0.13625
27.03.2006;0.19083
28.03.2006;0.2125
29.03.2006;0.21333
30.03.2006;0.32083
31.03.2006;0.36667
1.04.2006;0.35833
2.04.2006;0.29375
3.04.2006;0.25417
4.04.2006;0.23542
5.04.2006;0.22833
6.04.2006;0.21042
7.04.2006;0.19375
8.04.2006;0.18917
9.04.2006;0.18333
10.04.2006;0.18
11.04.2006;0.18
12.04.2006;0.17625
13.04.2006;0.15042
14.04.2006;0.125
15.04.2006;0.16125
16.04.2006;0.12167
17.04.2006;0.11833
18.04.2006;0.15583
19.04.2006;0.11833
20.04.2006;0.10125
21.04.2006;0.13125
22.04.2006;0.09667
23.04.2006;0.085
24.04.2006;0.13208
25.04.2006;0.09917
26.04.2006;0.09667
27.04.2006;0.09667
28.04.2006;0.09667
29.04.2006;0.09417
30.04.2006;0.08292
1.05.2006;0.06417
2.05.2006;0.07833
3.05.2006;0.07
4.05.2006;0.06083
5.05.2006;0.09167
6.05.2006;0.06958
7.05.2006;0.0575
8.05.2006;0.07375
9.05.2006;0.08417
10.05.2006;0.05625
11.05.2006;0.09042
12.05.2006;0.05208
13.05.2006;0.07875
14.05.2006;0.05167
15.05.2006;0.07833
16.05.2006;0.04583
17.05.2006;0.045
18.05.2006;0.05875
19.05.2006;0.06208
20.05.2006;0.04292
21.05.2006;0.0675
22.05.2006;0.03958
23.05.2006;0.04042
24.05.2006;0.03917
25.05.2006;0.04083
26.05.2006;0.09083
27.05.2006;0.04875
28.05.2006;0.04833
29.05.2006;0.05875
30.05.2006;0.07125
31.05.2006;0.08417
1.06.2006;0.18542
2.06.2006;0.19167
3.06.2006;0.23458
4.06.2006;0.45417
5.06.2006;0.64167
6.06.2006;0.5875
7.06.2006;0.5375
8.06.2006;0.45417
9.06.2006;0.36667
10.06.2006;0.31667
11.06.2006;0.26667
12.06.2006;0.23333
13.06.2006;0.20542
14.06.2006;0.18333
15.06.2006;0.16875
16.06.2006;0.1775
17.06.2006;0.16292
18.06.2006;0.13417
19.06.2006;0.11292
20.06.2006;0.05458
21.06.2006;0.15583
22.06.2006;0.09583
23.06.2006;0.11542
24.06.2006;0.09083
25.06.2006;0.08292
26.06.2006;0.105
27.06.2006;0.07042
28.06.2006;0.07083
29.06.2006;0.10875
30.06.2006;0.07083
1.07.2006;0.0675
2.07.2006;0.06083
3.07.2006;0.06375
4.07.2006;0.09125
5.07.2006;0.05292
6.07.2006;0.04833
7.07.2006;0.06583
8.07.2006;0.065
9.07.2006;0.04583
10.07.2006;0.04375
11.07.2006;0.0425
12.07.2006;0.04
13.07.2006;0.04
14.07.2006;0.04
15.07.2006;0.03875
16.07.2006;0.04083
17.07.2006;0.04208
18.07.2006;0.03583
19.07.2006;0.03417
20.07.2006;0.03333
21.07.2006;0.0325
22.07.2006;0.03167
23.07.2006;0.03167
24.07.2006;0.03083
25.07.2006;0.03
26.07.2006;0.02917
27.07.2006;0.02833
28.07.2006;0.02833
29.07.2006;0.06833
30.07.2006;0.03103
31.07.2006;0.02897
1.08.2006;0.02833
2.08.2006;0.02833
3.08.2006;0.02833
4.08.2006;0.02833
5.08.2006;0.02833
6.08.2006;0.02833
7.08.2006;0.02833
8.08.2006;0.02833
9.08.2006;0.03167
10.08.2006;0.03833
11.08.2006;0.04167
12.08.2006;0.04167
13.08.2006;0.04167
14.08.2006;0.04167
15.08.2006;0.04167
16.08.2006;0.04167
17.08.2006;0.04167
18.08.2006;0.04083
19.08.2006;0.04
20.08.2006;0.03833
21.08.2006;0.03667
22.08.2006;0.03542
23.08.2006;0.035
24.08.2006;0.035
25.08.2006;0.035
26.08.2006;0.035
27.08.2006;0.035
28.08.2006;0.035
29.08.2006;0.035
30.08.2006;0.035
31.08.2006;0.035
1.09.2006;0.035
2.09.2006;0.035
3.09.2006;0.035
4.09.2006;0.1625
5.09.2006;0.16792
6.09.2006;0.11333
7.09.2006;0.09667
8.09.2006;0.07833
9.09.2006;0.06167
10.09.2006;0.04833
11.09.2006;0.03833
12.09.2006;0.02833
13.09.2006;0.02667
14.09.2006;0.02667
15.09.2006;0.0275
16.09.2006;0.0275
17.09.2006;0.0275
18.09.2006;0.02833
19.09.2006;0.02833
20.09.2006;0.0275
21.09.2006;0.0275
22.09.2006;0.02667
23.09.2006;0.02667
24.09.2006;0.02667
25.09.2006;0.02667
26.09.2006;0.02667
27.09.2006;0.02667
28.09.2006;0.02667
29.09.2006;0.02583
30.09.2006;0.025
1.10.2006;0.025
2.10.2006;0.025
3.10.2006;0.025
4.10.2006;0.025
5.10.2006;0.025
6.10.2006;0.025
7.10.2006;0.04042
8.10.2006;0.02833
9.10.2006;0.02667
10.10.2006;0.02667
11.10.2006;0.02667
12.10.2006;0.02667
13.10.2006;0.02583
14.10.2006;0.02583
15.10.2006;0.025
16.10.2006;0.025
17.10.2006;0.025
18.10.2006;0.025
19.10.2006;0.025
20.10.2006;0.025
21.10.2006;0.025
22.10.2006;0.02542
23.10.2006;0.02542
24.10.2006;0.02542
25.10.2006;0.02542
26.10.2006;0.025
27.10.2006;0.02417
28.10.2006;0.02417
29.10.2006;0.02417
30.10.2006;0.02333
31.10.2006;0.02333
1.11.2006;0.02333
2.11.2006;0.02333
3.11.2006;0.02333
4.11.2006;0.02333
5.11.2006;0.02333
6.11.2006;0.02333
7.11.2006;0.02333
8.11.2006;0.02333
9.11.2006;0.02333
10.11.2006;0.02333
11.11.2006;0.02333
12.11.2006;0.02333
13.11.2006;0.02333
14.11.2006;0.02333
15.11.2006;0.02333
16.11.2006;0.02333
17.11.2006;0.02333
18.11.2006;0.02333
19.11.2006;0.02333
20.11.2006;0.02333
21.11.2006;0.02333
22.11.2006;0.02333
23.11.2006;0.02333
24.11.2006;0.02333
25.11.2006;0.02333
26.11.2006;0.02333
27.11.2006;0.02333
28.11.2006;0.02333
29.11.2006;0.02333
30.11.2006;0.02333
1.12.2006;0.02333
2.12.2006;0.02333
3.12.2006;0.0225
4.12.2006;0.02167
5.12.2006;0.02167
6.12.2006;0.02167
7.12.2006;0.02167
8.12.2006;0.02167
9.12.2006;0.02083
10.12.2006;0.02083
11.12.2006;0.02083
12.12.2006;0.02083
13.12.2006;0.02083
14.12.2006;0.02083
15.12.2006;0.02083
16.12.2006;0.02083
17.12.2006;0.02083
18.12.2006;0.02083
19.12.2006;0.02083
20.12.2006;0.02083
21.12.2006;0.02083
22.12.2006;0.02083
23.12.2006;0.02083
24.12.2006;0.02083
25.12.2006;0.02083
26.12.2006;0.02083
27.12.2006;0.02083
28.12.2006;0.02083
29.12.2006;0.02083
30.12.2006;0.02083
31.12.2006;0.02083
1.01.2007;0.02083
2.01.2007;0.02083
3.01.2007;0.02083
4.01.2007;0.02083
5.01.2007;0.02083
6.01.2007;0.02083
7.01.2007;0.02083
8.01.2007;0.02083
9.01.2007;0.02083
10.01.2007;0.02083
11.01.2007;0.02083
12.01.2007;0.02083
13.01.2007;0.02
14.01.2007;0.02
15.01.2007;0.02
16.01.2007;0.02
17.01.2007;0.02
18.01.2007;0.02
19.01.2007;0.02
20.01.2007;0.01833
21.01.2007;0.01833
22.01.2007;0.01833
23.01.2007;0.01833
24.01.2007;0.01833
25.01.2007;0.01833
26.01.2007;0.01833
27.01.2007;0.01833
28.01.2007;0.01833
29.01.2007;0.02083
30.01.2007;0.02167
31.01.2007;0.02167
1.02.2007;0.02167
2.02.2007;0.02167
3.02.2007;0.02167
4.02.2007;0.02167
5.02.2007;0.02167
6.02.2007;0.02167
7.02.2007;0.02167
8.02.2007;0.02167
9.02.2007;0.02167
10.02.2007;0.02167
11.02.2007;0.02167
12.02.2007;0.02167
13.02.2007;0.02167
14.02.2007;0.02167
15.02.2007;0.02167
16.02.2007;0.02167
17.02.2007;0.02167
18.02.2007;0.02167
19.02.2007;0.02167
20.02.2007;0.02167
21.02.2007;0.02167
22.02.2007;0.02083
23.02.2007;0.02083
24.02.2007;0.01833
25.02.2007;0.01833
26.02.2007;0.01833
27.02.2007;0.01833
28.02.2007;0.01833
1.03.2007;0.01833
2.03.2007;0.01833
3.03.2007;0.01917
4.03.2007;0.02
5.03.2007;0.02
6.03.2007;0.02
7.03.2007;0.02
8.03.2007;0.02042
9.03.2007;0.02083
10.03.2007;0.02083
11.03.2007;0.02083
12.03.2007;0.02083
13.03.2007;0.02083
14.03.2007;0.02083
15.03.2007;0.02083
16.03.2007;0.02
17.03.2007;0.02
18.03.2007;0.02
19.03.2007;0.02
20.03.2007;0.02
21.03.2007;0.02458
22.03.2007;0.03833
23.03.2007;0.05333
24.03.2007;0.06667
25.03.2007;0.08333
26.03.2007;0.10333
27.03.2007;0.12083
28.03.2007;0.12708
29.03.2007;0.10625
30.03.2007;0.10333
31.03.2007;0.1
1.04.2007;0.1175
2.04.2007;0.10167
3.04.2007;0.09
4.04.2007;0.09
5.04.2007;0.0875
6.04.2007;0.08458
7.04.2007;0.08083
8.04.2007;0.13
9.04.2007;0.0875
10.04.2007;0.07083
11.04.2007;0.07
12.04.2007;0.07
13.04.2007;0.07
14.04.2007;0.07
15.04.2007;0.06833
16.04.2007;0.06667
17.04.2007;0.06667
18.04.2007;0.06667
19.04.2007;0.06667
20.04.2007;0.12853
21.04.2007;0.06833
22.04.2007;0.06833
23.04.2007;0.06833
24.04.2007;0.0675
25.04.2007;0.06667
26.04.2007;0.06667
27.04.2007;0.06667
28.04.2007;0.06583
29.04.2007;0.06333
30.04.2007;0.06333
1.05.2007;0.06333
2.05.2007;0.06333
3.05.2007;0.06333
4.05.2007;0.06333
5.05.2007;0.0625
6.05.2007;0.06167
7.05.2007;0.06167
8.05.2007;0.1025
9.05.2007;0.085
10.05.2007;0.06833
11.05.2007;0.06833
12.05.2007;0.06917
13.05.2007;0.07458
14.05.2007;0.07625
15.05.2007;0.06292
16.05.2007;0.06167
17.05.2007;0.06167
18.05.2007;0.06167
19.05.2007;0.06167
20.05.2007;0.06167
21.05.2007;0.0875
22.05.2007;0.06167
23.05.2007;0.06
24.05.2007;0.05833
25.05.2007;0.05833
26.05.2007;0.05833
27.05.2007;0.05833
28.05.2007;0.05833
29.05.2007;0.05833
30.05.2007;0.05833
31.05.2007;0.05833
1.06.2007;0.05833
2.06.2007;0.05833
3.06.2007;0.05833
4.06.2007;0.05833
5.06.2007;0.05833
6.06.2007;0.05833
7.06.2007;0.10625
8.06.2007;0.06667
9.06.2007;0.06083
10.06.2007;0.06
11.06.2007;0.06
12.06.2007;0.06
13.06.2007;0.06
14.06.2007;0.06
15.06.2007;0.05833
16.06.2007;0.05833
17.06.2007;0.05667
18.06.2007;0.0575
19.06.2007;0.0575
20.06.2007;0.05667
21.06.2007;0.05667
22.06.2007;0.05667
23.06.2007;0.05583
24.06.2007;0.055
25.06.2007;0.055
26.06.2007;0.055
27.06.2007;0.055
28.06.2007;0.055
29.06.2007;0.055
30.06.2007;0.055
1.07.2007;0.05417
2.07.2007;0.05417
3.07.2007;0.05333
4.07.2007;0.05333
5.07.2007;0.05375
6.07.2007;0.055
7.07.2007;0.05333
8.07.2007;0.05667
9.07.2007;0.05667
10.07.2007;0.05333
11.07.2007;0.05333
12.07.2007;0.05333
13.07.2007;0.05333
14.07.2007;0.05167
15.07.2007;0.05
16.07.2007;0.05
17.07.2007;0.05
18.07.2007;0.0525
19.07.2007;0.0525
20.07.2007;0.05
21.07.2007;0.04958
22.07.2007;0.05
23.07.2007;0.05
24.07.2007;0.05
25.07.2007;0.05
26.07.2007;0.04917
27.07.2007;0.04917
28.07.2007;0.04917
29.07.2007;0.04833
30.07.2007;0.05
31.07.2007;0.05
1.08.2007;0.05
2.08.2007;0.05
3.08.2007;0.05
4.08.2007;0.05
5.08.2007;0.05
6.08.2007;0.05
7.08.2007;0.05
8.08.2007;0.04917
9.08.2007;0.04833
10.08.2007;0.04833
11.08.2007;0.04833
12.08.2007;0.04833
13.08.2007;0.04833
14.08.2007;0.04833
15.08.2007;0.04833
16.08.2007;0.04833
17.08.2007;0.05083
18.08.2007;0.05333
19.08.2007;0.05208
20.08.2007;0.05
21.08.2007;0.05
22.08.2007;0.04958
23.08.2007;0.04833
24.08.2007;0.04833
25.08.2007;0.04833
26.08.2007;0.04833
27.08.2007;0.04833
28.08.2007;0.04833
29.08.2007;0.04833
30.08.2007;0.04833
31.08.2007;0.04833
1.09.2007;0.04833
2.09.2007;0.04833
3.09.2007;0.04833
4.09.2007;0.04833
5.09.2007;0.04833
6.09.2007;0.04833
7.09.2007;0.04833
8.09.2007;0.04833
9.09.2007;0.04833
10.09.2007;0.04833
11.09.2007;0.04833
12.09.2007;0.04833
13.09.2007;0.04833
14.09.2007;0.04833
15.09.2007;0.04833
16.09.2007;0.04833
17.09.2007;0.04833
18.09.2007;0.04833
19.09.2007;0.04833
20.09.2007;0.04833
21.09.2007;0.04833
22.09.2007;0.04833
23.09.2007;0.04833
24.09.2007;0.04833
25.09.2007;0.04833
26.09.2007;0.04833
27.09.2007;0.04833
28.09.2007;0.04833
29.09.2007;0.04833
30.09.2007;0.04833
1.10.2007;0.04833
2.10.2007;0.04833
3.10.2007;0.04833
4.10.2007;0.04667
5.10.2007;0.04667
6.10.2007;0.04667
7.10.2007;0.04667
8.10.2007;0.04667
9.10.2007;0.04667
10.10.2007;0.04667
11.10.2007;0.04667
12.10.2007;0.04667
13.10.2007;0.05125
14.10.2007;0.05583
15.10.2007;0.04667
16.10.2007;0.04667
17.10.2007;0.04667
18.10.2007;0.04667
19.10.2007;0.04667
20.10.2007;0.04667
21.10.2007;0.04667
22.10.2007;0.04667
23.10.2007;0.04667
24.10.2007;0.04667
25.10.2007;0.04667
26.10.2007;0.04667
27.10.2007;0.04667
28.10.2007;0.04667
29.10.2007;0.04667
30.10.2007;0.04667
31.10.2007;0.04667
1.11.2007;0.04667
2.11.2007;0.04667
3.11.2007;0.04667
4.11.2007;0.04667
5.11.2007;0.04667
6.11.2007;0.04667
7.11.2007;0.04667
8.11.2007;0.04667
9.11.2007;0.04667
10.11.2007;0.04667
11.11.2007;0.04667
12.11.2007;0.04667
13.11.2007;0.04667
14.11.2007;0.04667
15.11.2007;0.04667
16.11.2007;0.04667
17.11.2007;0.04833
18.11.2007;0.04833
19.11.2007;0.04833
20.11.2007;0.04833
21.11.2007;0.04833
22.11.2007;0.04833
23.11.2007;0.04833
24.11.2007;0.04833
25.11.2007;0.04667
26.11.2007;0.04667
27.11.2007;0.04667
28.11.2007;0.04667
29.11.2007;0.04667
30.11.2007;0.04667
1.12.2007;0.04667
2.12.2007;0.04667
3.12.2007;0.04667
4.12.2007;0.04667
5.12.2007;0.04667
6.12.2007;0.04667
7.12.2007;0.04667
8.12.2007;0.04667
9.12.2007;0.04792
10.12.2007;0.04958
11.12.2007;0.05458
12.12.2007;0.09167
13.12.2007;0.10167
14.12.2007;0.10458
15.12.2007;0.0975
16.12.2007;0.09083
17.12.2007;0.08458
18.12.2007;0.08042
19.12.2007;0.07833
20.12.2007;0.07833
21.12.2007;0.075
22.12.2007;0.07333
23.12.2007;0.07167
24.12.2007;0.06833
25.12.2007;0.06667
26.12.2007;0.06667
27.12.2007;0.06667
28.12.2007;0.06667
29.12.2007;0.06667
30.12.2007;0.06667
31.12.2007;0.065
1.01.2008;0.06417
2.01.2008;0.06333
3.01.2008;0.06333
4.01.2008;0.0625
5.01.2008;0.06167
6.01.2008;0.06167
7.01.2008;0.06083
8.01.2008;0.06083
9.01.2008;0.06083
10.01.2008;0.06067
11.01.2008;0.0605
12.01.2008;0.06033
13.01.2008;0.06017
14.01.2008;0.06
15.01.2008;0.06
16.01.2008;0.06
17.01.2008;0.06
18.01.2008;0.06
19.01.2008;0.06017
20.01.2008;0.075
21.01.2008;0.11083
22.01.2008;0.14167
23.01.2008;0.14667
24.01.2008;0.14217
25.01.2008;0.12967
26.01.2008;0.1255
27.01.2008;0.125
28.01.2008;0.11917
29.01.2008;0.1125
30.01.2008;0.11
31.01.2008;0.1075
1.02.2008;0.10333
2.02.2008;0.10167
3.02.2008;0.1
4.02.2008;0.09833
5.02.2008;0.09667
6.02.2008;0.09167
7.02.2008;0.0875
8.02.2008;0.08417
9.02.2008;0.08167
10.02.2008;0.07917
11.02.2008;0.07708
12.02.2008;0.0745
13.02.2008;0.075
14.02.2008;0.07667
15.02.2008;0.075
16.02.2008;0.07417
17.02.2008;0.07333
18.02.2008;0.07333
19.02.2008;0.07333
20.02.2008;0.0725
21.02.2008;0.07167
22.02.2008;0.07083
23.02.2008;0.07083
24.02.2008;0.07
25.02.2008;0.07
26.02.2008;0.06833
27.02.2008;0.06833
28.02.2008;0.07083
29.02.2008;0.0725
1.03.2008;0.07667
2.03.2008;0.0825
3.03.2008;0.09167
4.03.2008;0.1
5.03.2008;0.1075
6.03.2008;0.1205
7.03.2008;0.12
8.03.2008;0.11833
9.03.2008;0.1175
10.03.2008;0.11667
11.03.2008;0.11667
12.03.2008;0.10833
13.03.2008;0.1125
14.03.2008;0.1075
15.03.2008;0.10417
16.03.2008;0.10333
17.03.2008;0.10333
18.03.2008;0.10333
19.03.2008;0.10333
20.03.2008;0.10167
21.03.2008;0.10167
22.03.2008;0.10167
23.03.2008;0.10083
24.03.2008;0.11
25.03.2008;0.165
26.03.2008;0.19167
27.03.2008;0.2
28.03.2008;0.19167
29.03.2008;0.17
30.03.2008;0.15667
31.03.2008;0.18417
1.04.2008;0.25833
2.04.2008;0.13917
3.04.2008;0.11167
4.04.2008;0.12267
5.04.2008;0.16383
6.04.2008;0.11083
7.04.2008;0.11167
8.04.2008;0.135
9.04.2008;0.12333
10.04.2008;0.18667
11.04.2008;0.16917
12.04.2008;0.12833
13.04.2008;0.19
14.04.2008;0.15667
15.04.2008;0.16667
16.04.2008;0.14
17.04.2008;0.12667
18.04.2008;0.15417
19.04.2008;0.13333
20.04.2008;0.19167
21.04.2008;0.165
22.04.2008;0.16667
23.04.2008;0.2155
24.04.2008;0.22917
25.04.2008;0.165
26.04.2008;0.15833
27.04.2008;0.22833
28.04.2008;0.17167
29.04.2008;0.15
30.04.2008;0.205
1.05.2008;0.1425
2.05.2008;0.135
3.05.2008;0.12833
4.05.2008;0.12333
5.05.2008;0.12167
6.05.2008;0.19
7.05.2008;0.12833
8.05.2008;0.135
9.05.2008;0.14583
10.05.2008;0.11667
11.05.2008;0.11833
12.05.2008;0.12167
13.05.2008;0.115
14.05.2008;0.09667
15.05.2008;0.09667
16.05.2008;0.095
17.05.2008;0.0925
18.05.2008;0.09
19.05.2008;0.14
20.05.2008;0.09333
21.05.2008;0.08833
22.05.2008;0.085
23.05.2008;0.0825
24.05.2008;0.08
25.05.2008;0.09867
26.05.2008;0.08583
27.05.2008;0.08033
28.05.2008;0.07667
29.05.2008;0.07667
30.05.2008;0.07667
31.05.2008;0.12
1.06.2008;0.07667
2.06.2008;0.07
3.06.2008;0.07
4.06.2008;0.07
5.06.2008;0.06917
6.06.2008;0.06833
7.06.2008;0.06833
8.06.2008;0.0675
9.06.2008;0.0675
10.06.2008;0.06667
11.06.2008;0.06667
12.06.2008;0.06667
13.06.2008;0.06667
14.06.2008;0.06667
15.06.2008;0.07
16.06.2008;0.10333
17.06.2008;0.12533
18.06.2008;0.06
19.06.2008;0.06
20.06.2008;0.06
21.06.2008;0.06
22.06.2008;0.06
23.06.2008;0.06
24.06.2008;0.06083
25.06.2008;0.06167
26.06.2008;0.06167
27.06.2008;0.06167
28.06.2008;0.06167
29.06.2008;0.06167
30.06.2008;0.06167
1.07.2008;0.06167
2.07.2008;0.115
3.07.2008;0.08833
4.07.2008;0.06
5.07.2008;0.0575
6.07.2008;0.05833
7.07.2008;0.06167
8.07.2008;0.06167
9.07.2008;0.06
10.07.2008;0.06
11.07.2008;0.06
12.07.2008;0.06
13.07.2008;0.0655
14.07.2008;0.055
15.07.2008;0.055
16.07.2008;0.055
17.07.2008;0.055
18.07.2008;0.055
19.07.2008;0.055
20.07.2008;0.055
21.07.2008;0.055
22.07.2008;0.055
23.07.2008;0.055
24.07.2008;0.07633
25.07.2008;0.092
26.07.2008;0.055
27.07.2008;0.05333
28.07.2008;0.05167
29.07.2008;0.05167
30.07.2008;0.05167
31.07.2008;0.0525
1.08.2008;0.05167
2.08.2008;0.05083
3.08.2008;0.05
4.08.2008;0.05
5.08.2008;0.05
6.08.2008;0.05
7.08.2008;0.05
8.08.2008;0.05
9.08.2008;0.05
10.08.2008;0.05
11.08.2008;0.05
12.08.2008;0.05
13.08.2008;0.05
14.08.2008;0.05
15.08.2008;0.05
16.08.2008;0.05
17.08.2008;0.05
18.08.2008;0.05
19.08.2008;0.05
20.08.2008;0.05
21.08.2008;0.05
22.08.2008;0.04917
23.08.2008;0.04833
24.08.2008;0.04833
25.08.2008;0.0475
26.08.2008;0.04667
27.08.2008;0.04667
28.08.2008;0.04667
29.08.2008;0.04667
30.08.2008;0.10533
31.08.2008;0.05833
1.09.2008;0.05
2.09.2008;0.05
3.09.2008;0.05
4.09.2008;0.05
5.09.2008;0.05
6.09.2008;0.05
7.09.2008;0.05
8.09.2008;0.05
9.09.2008;0.05
10.09.2008;0.075
11.09.2008;0.06667
12.09.2008;0.0525
13.09.2008;0.05
14.09.2008;0.04833
15.09.2008;0.0475
16.09.2008;0.04667
17.09.2008;0.04667
18.09.2008;0.0465
19.09.2008;0.04633
20.09.2008;0.04617
21.09.2008;0.046
22.09.2008;0.04583
23.09.2008;0.04583
24.09.2008;0.04583
25.09.2008;0.04533
26.09.2008;0.045
27.09.2008;0.045
28.09.2008;0.04467
29.09.2008;0.04417
30.09.2008;0.04417
1.10.2008;0.04383
2.10.2008;0.04333
3.10.2008;0.043
4.10.2008;0.04267
5.10.2008;0.04233
6.10.2008;0.042
7.10.2008;0.04167
8.10.2008;0.04167
9.10.2008;0.04167
10.10.2008;0.04167
11.10.2008;0.04167
12.10.2008;0.04167
13.10.2008;0.04167
14.10.2008;0.04167
15.10.2008;0.04167
16.10.2008;0.04167
17.10.2008;0.04167
18.10.2008;0.04167
19.10.2008;0.04167
20.10.2008;0.04167
21.10.2008;0.04167
22.10.2008;0.04183
23.10.2008;0.042
24.10.2008;0.04233
25.10.2008;0.04267
26.10.2008;0.043
27.10.2008;0.04333
28.10.2008;0.04333
29.10.2008;0.04333
30.10.2008;0.04333
31.10.2008;0.04333
1.11.2008;0.04333
2.11.2008;0.04333
3.11.2008;0.04333
4.11.2008;0.04333
5.11.2008;0.04333
6.11.2008;0.04333
7.11.2008;0.04333
8.11.2008;0.04333
9.11.2008;0.04333
10.11.2008;0.04333
11.11.2008;0.04333
12.11.2008;0.04333
13.11.2008;0.04333
14.11.2008;0.043
15.11.2008;0.04267
16.11.2008;0.04233
17.11.2008;0.042
18.11.2008;0.04167
19.11.2008;0.04167
20.11.2008;0.04167
21.11.2008;0.04167
22.11.2008;0.04217
23.11.2008;0.04283
24.11.2008;0.04333
25.11.2008;0.04333
26.11.2008;0.04333
27.11.2008;0.04333
28.11.2008;0.04333
29.11.2008;0.04333
30.11.2008;0.04333
1.12.2008;0.04383
2.12.2008;0.04417
3.12.2008;0.04417
4.12.2008;0.04417
5.12.2008;0.04417
6.12.2008;0.04417
7.12.2008;0.04417
8.12.2008;0.04417
9.12.2008;0.04417
10.12.2008;0.04417
11.12.2008;0.04417
12.12.2008;0.04417
13.12.2008;0.04417
14.12.2008;0.04417
15.12.2008;0.04417
16.12.2008;0.04417
17.12.2008;0.04417
18.12.2008;0.04417
19.12.2008;0.04417
20.12.2008;0.04417
21.12.2008;0.04417
22.12.2008;0.04417
23.12.2008;0.04417
24.12.2008;0.04533
25.12.2008;0.04833
26.12.2008;0.0525
27.12.2008;0.05667
28.12.2008;0.05917
29.12.2008;0.06167
30.12.2008;0.06333
31.12.2008;0.06333
1.01.2009;0.06333
2.01.2009;0.06167
3.01.2009;0.06083
4.01.2009;0.06
5.01.2009;0.06
6.01.2009;0.06
7.01.2009;0.06
8.01.2009;0.06
9.01.2009;0.06
10.01.2009;0.06417
11.01.2009;0.06417
12.01.2009;0.06417
13.01.2009;0.06417
14.01.2009;0.06083
15.01.2009;0.06083
16.01.2009;0.06
17.01.2009;0.06
18.01.2009;0.06
19.01.2009;0.06
20.01.2009;0.06125
21.01.2009;0.0725
22.01.2009;0.09
23.01.2009;0.1075
24.01.2009;0.13
25.01.2009;0.15167
26.01.2009;0.17583
27.01.2009;0.19583
28.01.2009;0.18542
29.01.2009;0.18
30.01.2009;0.15667
31.01.2009;0.1825
1.02.2009;0.17208
2.02.2009;0.15833
3.02.2009;0.19896
4.02.2009;0.2
5.02.2009;0.2
6.02.2009;0.21667
7.02.2009;0.22292
8.02.2009;0.225
9.02.2009;0.20625
10.02.2009;0.26458
11.02.2009;0.3
12.02.2009;0.28125
13.02.2009;0.26875
14.02.2009;0.25833
15.02.2009;0.24792
16.02.2009;0.23542
17.02.2009;0.27917
18.02.2009;0.20833
19.02.2009;0.19687
20.02.2009;0.18542
21.02.2009;0.17604
22.02.2009;0.165
23.02.2009;0.15583
24.02.2009;0.1475
25.02.2009;0.14667
26.02.2009;0.14667
27.02.2009;0.14667
28.02.2009;0.14
1.03.2009;0.14
2.03.2009;0.14
3.03.2009;0.13833
4.03.2009;0.155
5.03.2009;0.17458
6.03.2009;0.19667
7.03.2009;0.21979
8.03.2009;0.24458
9.03.2009;0.29167
10.03.2009;0.33542
11.03.2009;0.32917
12.03.2009;0.2875
13.03.2009;0.25542
14.03.2009;0.21667
15.03.2009;0.19792
16.03.2009;0.18229
17.03.2009;0.16354
18.03.2009;0.15833
19.03.2009;0.15375
20.03.2009;0.15292
21.03.2009;0.15
22.03.2009;0.1475
23.03.2009;0.14583
24.03.2009;0.20333
25.03.2009;0.13667
26.03.2009;0.13208
27.03.2009;0.12667
28.03.2009;0.12667
29.03.2009;0.12667
30.03.2009;0.125
31.03.2009;0.11917
1.04.2009;0.12583
2.04.2009;0.21417
3.04.2009;0.19792
4.04.2009;0.16667
5.04.2009;0.20208
6.04.2009;0.16417
7.04.2009;0.17875
8.04.2009;0.19625
9.04.2009;0.1575
10.04.2009;0.15667
11.04.2009;0.25
12.04.2009;0.23333
13.04.2009;0.23333
14.04.2009;0.23333
15.04.2009;0.22083
16.04.2009;0.21458
17.04.2009;0.2
18.04.2009;0.1875
19.04.2009;0.17917
20.04.2009;0.17083
21.04.2009;0.15708
22.04.2009;0.14833
23.04.2009;0.13917
24.04.2009;0.13292
25.04.2009;0.12667
26.04.2009;0.1175
27.04.2009;0.11167
28.04.2009;0.10333
29.04.2009;0.09875
30.04.2009;0.09625
1.05.2009;0.09333
2.05.2009;0.0925
3.05.2009;0.09
4.05.2009;0.08833
5.05.2009;0.08458
6.05.2009;0.08333
7.05.2009;0.08333
8.05.2009;0.08167
9.05.2009;0.10792
10.05.2009;0.11
11.05.2009;0.08833
12.05.2009;0.10583
13.05.2009;0.08083
14.05.2009;0.07833
15.05.2009;0.07583
16.05.2009;0.07417
17.05.2009;0.07333
18.05.2009;0.07042
19.05.2009;0.07
20.05.2009;0.06833
21.05.2009;0.06667
22.05.2009;0.06667
23.05.2009;0.06667
24.05.2009;0.06625
25.05.2009;0.06333
26.05.2009;0.06208
27.05.2009;0.06167
28.05.2009;0.06167
29.05.2009;0.06167
30.05.2009;0.0625
31.05.2009;0.065
1.06.2009;0.065
2.06.2009;0.06667
3.06.2009;0.06667
4.06.2009;0.06667
5.06.2009;0.06667
6.06.2009;0.06667
7.06.2009;0.06667
8.06.2009;0.06667
9.06.2009;0.06667
10.06.2009;0.06667
11.06.2009;0.06667
12.06.2009;0.06667
13.06.2009;0.06333
14.06.2009;0.06333
15.06.2009;0.0625
16.06.2009;0.06
17.06.2009;0.06
18.06.2009;0.06
19.06.2009;0.06
20.06.2009;0.05833
21.06.2009;0.05667
22.06.2009;0.05667
23.06.2009;0.05667
24.06.2009;0.05958
25.06.2009;0.0625
26.06.2009;0.06667
27.06.2009;0.06833
28.06.2009;0.07292
29.06.2009;0.07667
30.06.2009;0.08125
1.07.2009;0.08042
2.07.2009;0.07667
3.07.2009;0.07417
4.07.2009;0.07083
5.07.2009;0.0675
6.07.2009;0.06583
7.07.2009;0.0625
8.07.2009;0.06167
9.07.2009;0.0775
10.07.2009;0.06
11.07.2009;0.06375
12.07.2009;0.08375
13.07.2009;0.07917
14.07.2009;0.06
15.07.2009;0.06833
16.07.2009;0.095
17.07.2009;0.09667
18.07.2009;0.09667
19.07.2009;0.09667
20.07.2009;0.09667
21.07.2009;0.09667
22.07.2009;0.09333
23.07.2009;0.08667
24.07.2009;0.08
25.07.2009;0.08
26.07.2009;0.075
27.07.2009;0.07333
28.07.2009;0.07
29.07.2009;0.07583
30.07.2009;0.07917
31.07.2009;0.06625
1.08.2009;0.06
2.08.2009;0.06
3.08.2009;0.065
4.08.2009;0.065
5.08.2009;0.06
6.08.2009;0.06
7.08.2009;0.06
8.08.2009;0.06
9.08.2009;0.06
10.08.2009;0.06
11.08.2009;0.06
12.08.2009;0.05667
13.08.2009;0.05667
14.08.2009;0.055
15.08.2009;0.06167
16.08.2009;0.06958
17.08.2009;0.07333
18.08.2009;0.06792
19.08.2009;0.05375
20.08.2009;0.03542
21.08.2009;0.04167
22.08.2009;0.04042
23.08.2009;0.05333
24.08.2009;0.05333
25.08.2009;0.05167
26.08.2009;0.05167
27.08.2009;0.05167
28.08.2009;0.05167
29.08.2009;0.05167
30.08.2009;0.05167
31.08.2009;0.05167
1.09.2009;0.05167
2.09.2009;0.05167
3.09.2009;0.05167
4.09.2009;0.05167
5.09.2009;0.05167
6.09.2009;0.05167
7.09.2009;0.05167
8.09.2009;0.08708
9.09.2009;0.05792
10.09.2009;0.05667
11.09.2009;0.055
12.09.2009;0.055
13.09.2009;0.05667
14.09.2009;0.055
15.09.2009;0.06417
16.09.2009;0.04667
17.09.2009;0.04667
18.09.2009;0.04667
19.09.2009;0.04667
20.09.2009;0.04667
21.09.2009;0.04333
22.09.2009;0.04167
23.09.2009;0.04167
24.09.2009;0.04167
25.09.2009;0.04167
26.09.2009;0.04167
27.09.2009;0.04167
28.09.2009;0.04167
29.09.2009;0.04167
30.09.2009;0.04167
1.10.2009;0.04167
2.10.2009;0.04167
3.10.2009;0.04167
4.10.2009;0.04167
5.10.2009;0.04167
6.10.2009;0.04167
7.10.2009;0.04167
8.10.2009;0.04167
9.10.2009;0.04167
10.10.2009;0.04167
11.10.2009;0.04167
12.10.2009;0.04167
13.10.2009;0.04167
14.10.2009;0.04167
15.10.2009;0.04167
16.10.2009;0.04167
17.10.2009;0.04167
18.10.2009;0.04167
19.10.2009;0.04167
20.10.2009;0.04333
21.10.2009;0.045
22.10.2009;0.045
23.10.2009;0.045
24.10.2009;0.045
25.10.2009;0.045
26.10.2009;0.045
27.10.2009;0.045
28.10.2009;0.04417
29.10.2009;0.04167
30.10.2009;0.04
31.10.2009;0.03833
1.11.2009;0.03833
2.11.2009;0.03833
3.11.2009;0.03833
4.11.2009;0.03833
5.11.2009;0.03833
6.11.2009;0.03833
7.11.2009;0.03833
8.11.2009;0.03833
9.11.2009;0.03917
10.11.2009;0.09042
11.11.2009;0.04583
12.11.2009;0.05708
13.11.2009;0.0575
14.11.2009;0.05583
15.11.2009;0.05333
16.11.2009;0.05125
17.11.2009;0.05
18.11.2009;0.05
19.11.2009;0.05
20.11.2009;0.05
21.11.2009;0.05
22.11.2009;0.04958
23.11.2009;0.04833
24.11.2009;0.04833
25.11.2009;0.04833
26.11.2009;0.04833
27.11.2009;0.04833
28.11.2009;0.04833
29.11.2009;0.04833
30.11.2009;0.04833
1.12.2009;0.04833
2.12.2009;0.11688
3.12.2009;0.05
4.12.2009;0.05
5.12.2009;0.055
6.12.2009;0.055
7.12.2009;0.05333
8.12.2009;0.05333
9.12.2009;0.05333
10.12.2009;0.05167
11.12.2009;0.05125
12.12.2009;0.0425
13.12.2009;0.03667
14.12.2009;0.03167
15.12.2009;0.02708
16.12.2009;0.025
17.12.2009;0.025
18.12.2009;0.025
19.12.2009;0.04542
20.12.2009;0.05125
21.12.2009;0.025
22.12.2009;0.06292
23.12.2009;0.03542
24.12.2009;0.10583
25.12.2009;0.44687
26.12.2009;0.5875
27.12.2009;0.4875
28.12.2009;0.40833
29.12.2009;0.35
30.12.2009;0.29167
31.12.2009;0.24792
1.01.2010;0.21563
2.01.2010;0.69063
3.01.2010;0.16875
4.01.2010;0.1475
5.01.2010;0.16792
6.01.2010;0.135
7.01.2010;0.18292
8.01.2010;0.13583
9.01.2010;138.333
10.01.2010;0.39583
11.01.2010;0.53125
12.01.2010;0.47917
13.01.2010;0.45
14.01.2010;0.39167
15.01.2010;0.33958
16.01.2010;0.27507
17.01.2010;0.26667
18.01.2010;0.24375
19.01.2010;0.22708
20.01.2010;0.18229
21.01.2010;0.21958
22.01.2010;0.16125
23.01.2010;0.14125
24.01.2010;0.18646
25.01.2010;0.12917
26.01.2010;0.11125
27.01.2010;0.10417
28.01.2010;0.12896
29.01.2010;0.14708
30.01.2010;0.10333
31.01.2010;0.09667
1.02.2010;0.09042
2.02.2010;0.08333
3.02.2010;0.1375
4.02.2010;0.09667
5.02.2010;0.07417
6.02.2010;0.07667
7.02.2010;0.07333
8.02.2010;0.11458
9.02.2010;0.08292
10.02.2010;0.07
11.02.2010;0.07
12.02.2010;0.06667
13.02.2010;0.06667
14.02.2010;0.06333
15.02.2010;0.06333
16.02.2010;0.06333
17.02.2010;0.06333
18.02.2010;0.06333
19.02.2010;0.06417
20.02.2010;0.16437
21.02.2010;0.34167
22.02.2010;0.4625
23.02.2010;0.32583
24.02.2010;0.32083
25.02.2010;0.425
26.02.2010;0.45
27.02.2010;0.54167
28.02.2010;0.64583
1.03.2010;0.645
2.03.2010;0.5875
3.03.2010;0.50833
4.03.2010;0.445
5.03.2010;0.40417
6.03.2010;0.34167
7.03.2010;0.30208
8.03.2010;0.27292
9.03.2010;0.25833
10.03.2010;0.19896
11.03.2010;0.19167
12.03.2010;0.27083
13.03.2010;0.20625
14.03.2010;0.18854
15.03.2010;0.17292
16.03.2010;0.1525
17.03.2010;0.1375
18.03.2010;0.17813
19.03.2010;0.15167
20.03.2010;0.135
21.03.2010;0.13
22.03.2010;0.15125
23.03.2010;0.17563
24.03.2010;0.15313
25.03.2010;0.12333
26.03.2010;0.17083
27.03.2010;0.13583
28.03.2010;0.15125
29.03.2010;0.11708
30.03.2010;0.16729
31.03.2010;0.11333
1.04.2010;0.10771
2.04.2010;0.15333
3.04.2010;0.1
4.04.2010;0.12792
5.04.2010;0.09292
6.04.2010;0.09
7.04.2010;0.08667
8.04.2010;0.085
9.04.2010;0.14875
10.04.2010;0.085
11.04.2010;0.08125
12.04.2010;0.08
13.04.2010;0.07667
14.04.2010;0.24083
15.04.2010;10.625
16.04.2010;135.417
17.04.2010;1.325
18.04.2010;119.583
19.04.2010;104.583
20.04.2010;0.98333
21.04.2010;0.90417
22.04.2010;0.7875
23.04.2010;0.69167
24.04.2010;0.7125
25.04.2010;0.50208
26.04.2010;0.425
27.04.2010;0.38125
28.04.2010;0.35
29.04.2010;0.3125
30.04.2010;0.29583
1.05.2010;0.25833
2.05.2010;0.22479
3.05.2010;0.27917
4.05.2010;0.19583
5.05.2010;0.23333
6.05.2010;0.20625
7.05.2010;0.28375
8.05.2010;0.33333
9.05.2010;0.33333
10.05.2010;0.33333
11.05.2010;0.33333
12.05.2010;0.3375
13.05.2010;0.39792
14.05.2010;0.43333
15.05.2010;0.43333
16.05.2010;0.63333
17.05.2010;126.667
18.05.2010;129.375
19.05.2010;121.375
20.05.2010;109.375
21.05.2010;0.94167
22.05.2010;0.79583
23.05.2010;0.675
24.05.2010;0.58125
25.05.2010;0.52083
26.05.2010;0.47708
27.05.2010;0.42917
28.05.2010;0.37917
29.05.2010;0.34583
30.05.2010;0.3625
31.05.2010;0.35
1.06.2010;0.50417
2.06.2010;133.333
3.06.2010;149.167
4.06.2010;14.375
5.06.2010;1.Apr
6.06.2010;14.375
7.06.2010;1.475
8.06.2010;134.167
9.06.2010;119.583
10.06.2010;10.125
11.06.2010;0.85
12.06.2010;0.71667
13.06.2010;0.60208
14.06.2010;0.51667
15.06.2010;0.4625
16.06.2010;0.40417
17.06.2010;0.38125
18.06.2010;0.35625
19.06.2010;0.31458
20.06.2010;0.30208
21.06.2010;0.31458
22.06.2010;0.27958
23.06.2010;0.2625
24.06.2010;0.24375
25.06.2010;0.25417
26.06.2010;0.20729
27.06.2010;0.21042
28.06.2010;0.23333
29.06.2010;0.17292
30.06.2010;0.16875
1.07.2010;0.23542
2.07.2010;0.17042
3.07.2010;0.14917
4.07.2010;0.23021
5.07.2010;0.14833
6.07.2010;0.2975
7.07.2010;0.17583
8.07.2010;0.16833
9.07.2010;0.135
10.07.2010;0.15042
11.07.2010;0.12083
12.07.2010;0.11667
13.07.2010;0.18083
14.07.2010;0.20833
15.07.2010;0.15417
16.07.2010;0.15792
17.07.2010;0.16083
18.07.2010;0.14292
19.07.2010;0.21042
20.07.2010;0.15
21.07.2010;0.14583
22.07.2010;0.12167
23.07.2010;0.11333
24.07.2010;0.11083
25.07.2010;0.10583
26.07.2010;0.13917
27.07.2010;0.20833
28.07.2010;0.14333
29.07.2010;0.20729
30.07.2010;0.225
31.07.2010;0.18042
1.08.2010;0.1575
2.08.2010;0.18563
3.08.2010;0.13833
4.08.2010;0.17083
5.08.2010;0.13937
6.08.2010;0.12167
7.08.2010;0.11833
8.08.2010;0.12
9.08.2010;0.12333
10.08.2010;0.10875
11.08.2010;0.11
12.08.2010;0.11
13.08.2010;0.11
14.08.2010;0.11208
15.08.2010;0.11333
16.08.2010;0.115
17.08.2010;0.11417
18.08.2010;0.09792
19.08.2010;0.09167
20.08.2010;0.12958
21.08.2010;0.085
22.08.2010;0.08042
23.08.2010;0.07875
24.08.2010;0.07833
25.08.2010;0.10667
26.08.2010;0.0775
27.08.2010;0.075
28.08.2010;0.07292
29.08.2010;0.07083
30.08.2010;0.08917
31.08.2010;0.08375
1.09.2010;0.07042
2.09.2010;0.06833
3.09.2010;0.06792
4.09.2010;0.06708
5.09.2010;0.06667
6.09.2010;0.06583
7.09.2010;0.06667
8.09.2010;0.06667
9.09.2010;0.06667
10.09.2010;0.06458
11.09.2010;0.07375
12.09.2010;0.09667
13.09.2010;0.08583
14.09.2010;0.08167
15.09.2010;0.08083
16.09.2010;0.08
17.09.2010;0.09833
18.09.2010;0.155
19.09.2010;0.14833
20.09.2010;0.13542
21.09.2010;0.1275
22.09.2010;0.11583
23.09.2010;0.10333
24.09.2010;0.095
25.09.2010;0.09
26.09.2010;0.09417
27.09.2010;0.15333
28.09.2010;0.24375
29.09.2010;0.1875
30.09.2010;0.19583
1.10.2010;0.18229
2.10.2010;0.18958
3.10.2010;0.16937
4.10.2010;0.185
5.10.2010;0.16812
6.10.2010;0.16667
7.10.2010;0.18833
8.10.2010;0.23
9.10.2010;0.1675
10.10.2010;0.21042
11.10.2010;0.17917
12.10.2010;0.14833
13.10.2010;0.16958
14.10.2010;0.13167
15.10.2010;0.12292
16.10.2010;0.12958
17.10.2010;0.16896
18.10.2010;0.10458
19.10.2010;0.10333
20.10.2010;0.14083
21.10.2010;0.10917
22.10.2010;0.10333
23.10.2010;0.09833
24.10.2010;0.09917
25.10.2010;0.0975
26.10.2010;0.08333
27.10.2010;0.07833
28.10.2010;0.07667
29.10.2010;0.07667
30.10.2010;0.08708
31.10.2010;0.08708
1.11.2010;0.07458
2.11.2010;0.07333
3.11.2010;0.09833
4.11.2010;0.09333
5.11.2010;0.06833
6.11.2010;0.06833
7.11.2010;0.06833
8.11.2010;0.06833
9.11.2010;0.06833
10.11.2010;0.06833
11.11.2010;0.06542
12.11.2010;0.065
13.11.2010;0.09833
14.11.2010;0.10708
15.11.2010;0.07875
16.11.2010;0.09542
17.11.2010;0.07167
18.11.2010;0.07
19.11.2010;0.1225
20.11.2010;0.07375
21.11.2010;0.07
22.11.2010;0.0725
23.11.2010;0.39333
24.11.2010;0.475
25.11.2010;0.40208
26.11.2010;0.33333
27.11.2010;0.30208
28.11.2010;0.26458
29.11.2010;0.3375
30.11.2010;0.43333
1.12.2010;0.425
2.12.2010;0.40833
3.12.2010;0.37292
4.12.2010;0.375
5.12.2010;0.37083
6.12.2010;0.35833
7.12.2010;0.35833
8.12.2010;0.5125
9.12.2010;0.74792
10.12.2010;0.81667
11.12.2010;0.78333
12.12.2010;0.7
13.12.2010;0.59583
14.12.2010;0.35042
15.12.2010;0.44167
16.12.2010;0.38958
17.12.2010;0.35625
18.12.2010;0.32708
19.12.2010;0.30208
20.12.2010;0.26458
21.12.2010;0.25833
22.12.2010;0.31667
23.12.2010;0.31667
24.12.2010;0.31667
25.12.2010;0.31667
26.12.2010;0.31667
27.12.2010;0.31667
28.12.2010;0.31667
29.12.2010;0.31667
30.12.2010;0.31667
31.12.2010;0.31667
1.01.2011;0.25667
2.01.2011;0.2125
3.01.2011;0.27708
4.01.2011;0.29375
5.01.2011;0.28542
6.01.2011;0.25417
7.01.2011;0.26458
8.01.2011;0.23542
9.01.2011;0.20522
10.01.2011;0.19375
11.01.2011;0.29583
12.01.2011;0.25
13.01.2011;0.30208
14.01.2011;0.33333
15.01.2011;0.34167
16.01.2011;0.35
17.01.2011;0.35
18.01.2011;0.35
19.01.2011;0.34167
20.01.2011;0.32083
21.01.2011;0.2875
22.01.2011;0.27708
23.01.2011;0.26458
24.01.2011;0.25125
25.01.2011;0.23667
26.01.2011;0.2323
27.01.2011;0.20938
28.01.2011;0.18438
29.01.2011;0.19167
30.01.2011;0.21875
31.01.2011;0.16792
1.02.2011;0.16
2.02.2011;0.20146
3.02.2011;0.14708
4.02.2011;0.14333
5.02.2011;0.18417
6.02.2011;0.14125
7.02.2011;0.13667
8.02.2011;0.15208
9.02.2011;0.15333
10.02.2011;0.12917
11.02.2011;0.14708
12.02.2011;0.12833
13.02.2011;0.12042
14.02.2011;0.11583
15.02.2011;0.115
16.02.2011;0.16896
17.02.2011;0.125
18.02.2011;0.105
19.02.2011;0.12083
20.02.2011;0.10333
21.02.2011;0.09917
22.02.2011;0.09833
23.02.2011;0.09333
24.02.2011;0.1375
25.02.2011;0.09458
26.02.2011;0.09167
27.02.2011;0.09167
28.02.2011;0.09167
1.03.2011;0.08667
2.03.2011;0.08667
3.03.2011;0.08667
4.03.2011;0.08667
5.03.2011;0.155
6.03.2011;0.09667
7.03.2011;0.08417
8.03.2011;0.08333
9.03.2011;0.08333
10.03.2011;0.105
11.03.2011;0.08333
12.03.2011;0.10667
13.03.2011;0.08
14.03.2011;0.08
15.03.2011;0.08
16.03.2011;0.08
17.03.2011;0.09583
18.03.2011;0.29542
19.03.2011;0.61667
20.03.2011;0.61667
21.03.2011;0.61667
22.03.2011;0.60417
23.03.2011;0.51667
24.03.2011;0.44167
25.03.2011;0.39583
26.03.2011;0.35417
27.03.2011;0.31875
28.03.2011;0.27917
29.03.2011;0.27292
30.03.2011;0.25833
31.03.2011;0.23542
1.04.2011;0.20208
2.04.2011;0.23554
3.04.2011;0.19583
4.04.2011;0.17708
5.04.2011;0.22708
6.04.2011;0.17
7.04.2011;0.15917
8.04.2011;0.155
9.04.2011;0.15333
10.04.2011;0.20542
11.04.2011;0.13833
12.04.2011;0.13333
13.04.2011;0.15
14.04.2011;0.16875
15.04.2011;0.12583
16.04.2011;0.12083
17.04.2011;0.15396
18.04.2011;0.115
19.04.2011;0.11333
20.04.2011;0.10875
21.04.2011;0.15271
22.04.2011;0.10667
23.04.2011;0.10333
24.04.2011;0.1
25.04.2011;0.14646
26.04.2011;0.09875
27.04.2011;0.09583
28.04.2011;0.09625
29.04.2011;0.095
30.04.2011;0.09417
1.05.2011;0.15583
2.05.2011;0.09417
3.05.2011;0.09167
4.05.2011;0.12792
5.05.2011;0.08708
6.05.2011;0.08333
7.05.2011;0.08167
8.05.2011;0.08167
9.05.2011;0.07958
10.05.2011;0.07833
11.05.2011;0.10771
12.05.2011;0.12375
13.05.2011;0.07917
14.05.2011;0.07542
15.05.2011;0.075
16.05.2011;0.07417
17.05.2011;0.07125
18.05.2011;0.07292
19.05.2011;0.125
20.05.2011;0.08125
21.05.2011;0.06917
22.05.2011;0.06833
23.05.2011;0.06792
24.05.2011;0.06667
25.05.2011;0.0675
26.05.2011;0.08583
27.05.2011;0.06667
28.05.2011;0.06417
29.05.2011;0.06333
30.05.2011;0.06167
31.05.2011;0.06083
1.06.2011;0.24167
2.06.2011;0.06
3.06.2011;0.05833
4.06.2011;0.05833
5.06.2011;0.07083
6.06.2011;0.08708
7.06.2011;0.06458
8.06.2011;0.0625
9.06.2011;0.06333
10.06.2011;0.10208
11.06.2011;0.0675
12.06.2011;0.06333
13.06.2011;0.0975
14.06.2011;0.06458
15.06.2011;0.05958
16.06.2011;0.0575
17.06.2011;0.05667
18.06.2011;0.05667
19.06.2011;0.05667
20.06.2011;0.05667
21.06.2011;0.055
22.06.2011;0.055
23.06.2011;0.05583
24.06.2011;0.05583
25.06.2011;0.05833
26.06.2011;0.0525
27.06.2011;0.06667
28.06.2011;0.07458
29.06.2011;0.05417
30.06.2011;0.05167
1.07.2011;0.04917
2.07.2011;0.04917
3.07.2011;0.04667
4.07.2011;0.045
5.07.2011;0.04333
6.07.2011;0.05833
7.07.2011;0.05333
8.07.2011;0.05
9.07.2011;0.04833
10.07.2011;0.05
11.07.2011;0.04667
12.07.2011;0.045
13.07.2011;0.07083
14.07.2011;0.0475
15.07.2011;0.05792
16.07.2011;0.0425
17.07.2011;0.04
18.07.2011;0.03833
19.07.2011;0.0375
20.07.2011;0.03667
21.07.2011;0.03667
22.07.2011;0.03667
23.07.2011;0.03542
24.07.2011;0.03458
25.07.2011;0.03333
26.07.2011;0.07708
27.07.2011;0.03625
28.07.2011;0.03333
29.07.2011;0.03167
30.07.2011;0.03125
31.07.2011;0.03
1.08.2011;0.03
2.08.2011;0.04167
3.08.2011;0.04167
4.08.2011;0.04167
5.08.2011;0.08542
6.08.2011;0.04542
7.08.2011;0.04375
8.08.2011;0.04333
9.08.2011;0.04208
10.08.2011;0.04167
11.08.2011;0.04167
12.08.2011;0.04167
13.08.2011;0.06333
14.08.2011;0.04625
15.08.2011;0.04167
16.08.2011;0.04
17.08.2011;0.04
18.08.2011;0.04
19.08.2011;0.04
20.08.2011;0.03833
21.08.2011;0.03833
22.08.2011;0.06875
23.08.2011;0.05542
24.08.2011;0.03875
25.08.2011;0.0375
26.08.2011;0.03729
27.08.2011;0.03687
28.08.2011;0.03625
29.08.2011;0.035
30.08.2011;0.035
31.08.2011;0.035
1.09.2011;0.035
2.09.2011;0.035
3.09.2011;0.03417
4.09.2011;0.03417
5.09.2011;0.03417
6.09.2011;0.03417
7.09.2011;0
8.09.2011;0
9.09.2011;0
10.09.2011;0
11.09.2011;0
12.09.2011;0
13.09.2011;0
14.09.2011;0
15.09.2011;0
16.09.2011;0
17.09.2011;0
18.09.2011;0
19.09.2011;0
20.09.2011;0
21.09.2011;0
22.09.2011;0
23.09.2011;0
24.09.2011;0
25.09.2011;0
26.09.2011;0
27.09.2011;0
28.09.2011;0
29.09.2011;0
30.09.2011;0
1.10.2011;0
2.10.2011;0
3.10.2011;0
4.10.2011;0
5.10.2011;0
6.10.2011;0.02832
7.10.2011;0.05183
8.10.2011;0.03888
9.10.2011;0.03333
10.10.2011;0.03075
11.10.2011;0.03075
12.10.2011;0.03075
13.10.2011;0.03075
14.10.2011;0.03075
15.10.2011;0.03075
16.10.2011;0.03075
17.10.2011;0.03075
18.10.2011;0.03075
19.10.2011;0.03075
20.10.2011;0.03075
21.10.2011;0.03075
22.10.2011;0.03075
23.10.2011;0.03075
24.10.2011;0.03075
25.10.2011;0.03075
26.10.2011;0.03075
27.10.2011;0.03075
28.10.2011;0.03075
29.10.2011;0.04495
30.10.2011;0.03888
31.10.2011;0.03075
1.11.2011;0.03075
2.11.2011;0.03075
3.11.2011;0.03075
4.11.2011;0.03075
5.11.2011;0.02832
6.11.2011;0.02832
7.11.2011;0.02832
8.11.2011;0.02832
9.11.2011;0.02832
10.11.2011;0.02832
11.11.2011;0.02832
12.11.2011;0.02832
13.11.2011;0.02832
14.11.2011;0.02832
15.11.2011;0.02832
16.11.2011;0.02832
17.11.2011;0.02832
18.11.2011;0.02832
19.11.2011;0.02832
20.11.2011;0.02832
21.11.2011;0.02832
22.11.2011;0.02832
23.11.2011;0.02832
24.11.2011;0.02832
25.11.2011;0.02832
26.11.2011;0.02832
27.11.2011;0.02832
28.11.2011;0.02832
29.11.2011;0.02832
30.11.2011;0.02832
1.12.2011;0.02605
2.12.2011;0.02832
3.12.2011;0.02832
4.12.2011;0.02832
5.12.2011;0.02832
6.12.2011;0.02832
7.12.2011;0.02832
8.12.2011;0.02832
9.12.2011;0.02832
10.12.2011;0.02832
11.12.2011;0.02605
12.12.2011;0.02605
13.12.2011;0.02832
14.12.2011;0.02605
15.12.2011;0.02605
16.12.2011;0.02832
17.12.2011;0.02832
18.12.2011;0.02832
19.12.2011;0.02605
20.12.2011;0.02605
21.12.2011;0.02605
22.12.2011;0.04495
23.12.2011;0.03075
24.12.2011;0.02605
25.12.2011;0.02605
26.12.2011;0.02605
27.12.2011;0.03333
28.12.2011;0.02605
29.12.2011;0.02605
30.12.2011;0.02605
31.12.2011;0.02605
1.01.2012;0.02605
2.01.2012;0.02605
3.01.2012;0.02605
4.01.2012;0.02605
5.01.2012;0.02605
6.01.2012;0.02605
7.01.2012;0.02605
8.01.2012;0.02605
9.01.2012;0.02605
10.01.2012;0.02605
11.01.2012;0.024
12.01.2012;0.02605
13.01.2012;0.02605
14.01.2012;0.02605
15.01.2012;0.02605
16.01.2012;0.02605
17.01.2012;0.02605
18.01.2012;0.02605
19.01.2012;0.02605
20.01.2012;0.02605
21.01.2012;0.02605
22.01.2012;0.02605
23.01.2012;0.02605
24.01.2012;0.02605
25.01.2012;0.02605
26.01.2012;0.02605
27.01.2012;0.024
28.01.2012;0.024
29.01.2012;0.024
30.01.2012;0.024
31.01.2012;0.024
1.02.2012;0.02605
2.02.2012;0.02605
3.02.2012;0.024
4.02.2012;0.02605
5.02.2012;0.024
6.02.2012;0.024
7.02.2012;0.024
8.02.2012;0.024
9.02.2012;0.024
10.02.2012;0.024
11.02.2012;0.04175
12.02.2012;0.02605
13.02.2012;0.02605
14.02.2012;0.02605
15.02.2012;0.02605
16.02.2012;0.02605
17.02.2012;0.02605
18.02.2012;0.02605
19.02.2012;0.024
20.02.2012;0.024
21.02.2012;0.024
22.02.2012;0.024
23.02.2012;0.024
24.02.2012;0.024
25.02.2012;0.02605
26.02.2012;0.02605
27.02.2012;0.02605
28.02.2012;0.02605
29.02.2012;0.02605
1.03.2012;0.02605
2.03.2012;0.02605
3.03.2012;0.02605
4.03.2012;0.02605
5.03.2012;0.02605
6.03.2012;0.02605
7.03.2012;0.024
8.03.2012;0.02605
9.03.2012;0.024
10.03.2012;0.024
11.03.2012;0.02605
12.03.2012;0.02605
13.03.2012;0.02605
14.03.2012;0.02605
15.03.2012;0.02605
16.03.2012;0.02605
17.03.2012;0.02605
18.03.2012;0.02832
19.03.2012;0.03075
20.03.2012;0.02832
21.03.2012;0.02832
22.03.2012;0.02832
23.03.2012;0.02832
24.03.2012;0.02832
25.03.2012;0.02832
26.03.2012;0.02832
27.03.2012;0.02605
28.03.2012;0.024
29.03.2012;0.024
30.03.2012;0.024
31.03.2012;0.024
1.04.2012;0.024
2.04.2012;0.024
3.04.2012;0.024
4.04.2012;0.024
5.04.2012;0.024
6.04.2012;0.02605
7.04.2012;0.02832
8.04.2012;0.03075
9.04.2012;0.02832
10.04.2012;0.02832
11.04.2012;0.02832
12.04.2012;0.02832
13.04.2012;0.02832
14.04.2012;0.02832
15.04.2012;0.02832
16.04.2012;0.02832
17.04.2012;0.02605
18.04.2012;0.02605
19.04.2012;0.02605
20.04.2012;0.02605
21.04.2012;0.02605
22.04.2012;0.02605
23.04.2012;0.02605
24.04.2012;0.01827
25.04.2012;0.01173
26.04.2012;0.01322
27.04.2012;0.01322
28.04.2012;0.01322
29.04.2012;0.01322
30.04.2012;0.01322
1.05.2012;0.01322
2.05.2012;0.01322
3.05.2012;0.01322
4.05.2012;0.01322
5.05.2012;0.01322
6.05.2012;0.01322
7.05.2012;0.01322
8.05.2012;0.01322
9.05.2012;0.01322
10.05.2012;0.01322
11.05.2012;0.01322
12.05.2012;0.01322
13.05.2012;0.01322
14.05.2012;0.01322
15.05.2012;0.01322
16.05.2012;0.01322
17.05.2012;0.01322
18.05.2012;0.01322
19.05.2012;0.01322
20.05.2012;0.01322
21.05.2012;0.01322
22.05.2012;0.01322
23.05.2012;0.01322
24.05.2012;0.01173
25.05.2012;0.01173
26.05.2012;0.01173
27.05.2012;0.01173
28.05.2012;0.01173
29.05.2012;0.01173
30.05.2012;0.01173
31.05.2012;0.01173
1.06.2012;0.01173
2.06.2012;0.01173
3.06.2012;0.01173
4.06.2012;0.01173
5.06.2012;0.01173
6.06.2012;0.01245
7.06.2012;0.01245
8.06.2012;0.01245
9.06.2012;0.01245
10.06.2012;0.01322
11.06.2012;0.01322
12.06.2012;0.01485
13.06.2012;0.024
14.06.2012;0.024
15.06.2012;0.02212
16.06.2012;0.02122
17.06.2012;0.02022
18.06.2012;0.01923
19.06.2012;0.0165
20.06.2012;0.0165
21.06.2012;0.0165
22.06.2012;0.0165
23.06.2012;0.025
24.06.2012;0.024
25.06.2012;0.02305
26.06.2012;0.02022
27.06.2012;0.02212
28.06.2012;0.01827
29.06.2012;0.02022
30.06.2012;0.0165
1.07.2012;0.01567
2.07.2012;0.01567
3.07.2012;0.01403
4.07.2012;0.01322
5.07.2012;0.01322
6.07.2012;0.01322
7.07.2012;0.01737
8.07.2012;0.02212
9.07.2012;0.01567
10.07.2012;0.01173
11.07.2012;0.01173
12.07.2012;0.01245
13.07.2012;0.01322
14.07.2012;0.01403
15.07.2012;0.024
16.07.2012;0.04317
17.07.2012;0.02122
18.07.2012;0.02022
19.07.2012;0.025
20.07.2012;0.03612
21.07.2012;0.02122
22.07.2012;0.04175
23.07.2012;0.02717
24.07.2012;0.04317
25.07.2012;0.03075
26.07.2012;0.025
27.07.2012;0.04317
28.07.2012;0.02605
29.07.2012;0.0347
30.07.2012;0.025
31.07.2012;0.024
1.08.2012;0.03202
2.08.2012;0.02952
3.08.2012;0.02122
4.08.2012;0.02022
5.08.2012;0.02022
6.08.2012;0.03612
7.08.2012;0.02122
8.08.2012;0.01827
9.08.2012;0.0165
10.08.2012;0.0165
11.08.2012;0.0165
12.08.2012;0.0165
13.08.2012;0.0165
14.08.2012;0.01567
15.08.2012;0.01485
16.08.2012;0.01485
17.08.2012;0.0347
18.08.2012;0.01485
19.08.2012;0.01485
20.08.2012;0.01485
21.08.2012;0.01322
22.08.2012;0.01322
23.08.2012;0.01322
24.08.2012;0.01322
25.08.2012;0.01322
26.08.2012;0.01322
27.08.2012;0.02952
28.08.2012;0.01245
29.08.2012;0.01173
30.08.2012;0.01173
31.08.2012;0.01173
1.09.2012;0.01173
2.09.2012;0.01173
3.09.2012;0.01173
4.09.2012;0.01173
5.09.2012;0.01173
6.09.2012;0.01173
7.09.2012;0.01173
8.09.2012;0.01173
9.09.2012;0.01173
10.09.2012;0.01173
11.09.2012;0.01098
12.09.2012;0.01173
13.09.2012;0.01173
14.09.2012;0.025
15.09.2012;0.01098
16.09.2012;0.01028
17.09.2012;0.01028
18.09.2012;0.01028
19.09.2012;0.01028
20.09.2012;0.01028
21.09.2012;0.01028
22.09.2012;0.01028
23.09.2012;0.01028
24.09.2012;0.01028
25.09.2012;0.01028
26.09.2012;0.01028
27.09.2012;0.01028
28.09.2012;0.01028
29.09.2012;0.00962
30.09.2012;0.00962
1.10.2012;0.00962
2.10.2012;0.01028
3.10.2012;0.01028
4.10.2012;0.01028
5.10.2012;0.00962
6.10.2012;0.00962
7.10.2012;0.00962
8.10.2012;0.00962
9.10.2012;0.00962
10.10.2012;0.00897
11.10.2012;0.00897
12.10.2012;0.00897
13.10.2012;0.00897
14.10.2012;0.00897
15.10.2012;0.00897
16.10.2012;0.00897
17.10.2012;0.00897
18.10.2012;0.00897
19.10.2012;0.00897
20.10.2012;0.00897
21.10.2012;0.00897
22.10.2012;0.00897
23.10.2012;0.00897
24.10.2012;0.00897
25.10.2012;0.00897
26.10.2012;0.00897
27.10.2012;0.01028
28.10.2012;0.01028
29.10.2012;0.01028
30.10.2012;0.00962
31.10.2012;0.00962
1.11.2012;0.00962
2.11.2012;0.01028
3.11.2012;0.01028
4.11.2012;0.02605
5.11.2012;0.01322
6.11.2012;0.01403
7.11.2012;0.01322
8.11.2012;0.01322
9.11.2012;0.01485
10.11.2012;0.01567
11.11.2012;0.01173
12.11.2012;0.01098
13.11.2012;0.00897
14.11.2012;0.00897
15.11.2012;0.00897
16.11.2012;0.00897
17.11.2012;0.00897
18.11.2012;0.00897
19.11.2012;0.00897
20.11.2012;0.00897
21.11.2012;0.00897
22.11.2012;0.00897
23.11.2012;0.00897
24.11.2012;0.00897
25.11.2012;0.00897
26.11.2012;0.01567
27.11.2012;0.01245
28.11.2012;0.01173
29.11.2012;0.01403
30.11.2012;0.03202
1.12.2012;0.01173
2.12.2012;0.01173
3.12.2012;0.01173
4.12.2012;0.01173
5.12.2012;0.01173
6.12.2012;0.01173
7.12.2012;0.02022
8.12.2012;0.01245
9.12.2012;0.01173
10.12.2012;0.01173
11.12.2012;0.01173
12.12.2012;0.01173
13.12.2012;0.01098
14.12.2012;0.01098
15.12.2012;0.01098
16.12.2012;0.01173
17.12.2012;0.02305
18.12.2012;0.01485
19.12.2012;0.025
20.12.2012;0.02717
21.12.2012;0.02832
22.12.2012;0.02832
23.12.2012;0.02717
24.12.2012;0.024
25.12.2012;0.02212
26.12.2012;0.02022
27.12.2012;0.02022
28.12.2012;0.024
29.12.2012;0.02952
30.12.2012;0.03333
31.12.2012;0.03202
1.01.2013;0.0629
2.01.2013;0.03888
3.01.2013;0.02832
4.01.2013;0.02605
5.01.2013;0.024
6.01.2013;0.024
7.01.2013;0.02213
8.01.2013;0.02213
9.01.2013;0.00575
10.01.2013;0.0029
11.01.2013;0.0029
12.01.2013;0.00238
13.01.2013;0.00238
14.01.2013;0.00238
15.01.2013;0.00238
16.01.2013;0.01322
17.01.2013;0.04495
18.01.2013;0.03075
19.01.2013;0.02022
20.01.2013;0.01485
21.01.2013;0.01485
22.01.2013;0.07083
23.01.2013;0.13485
24.01.2013;0.12879
25.01.2013;0.10164
26.01.2013;0.07488
27.01.2013;0.0629
28.01.2013;0.05537
29.01.2013;0.03612
30.01.2013;0.04838
31.01.2013;0.03075
1.02.2013;0.02605
2.02.2013;0.04838
3.02.2013;0.10164
4.02.2013;0.11667
5.02.2013;0.10164
6.02.2013;0.08327
7.02.2013;0.10164
8.02.2013;0.10665
9.02.2013;0.10665
10.02.2013;0.07902
11.02.2013;0.07488
12.02.2013;0.07083
13.02.2013;0.05183
14.02.2013;0.0629
15.02.2013;0.04838
16.02.2013;0.07083
17.02.2013;0.07083
18.02.2013;0.07902
19.02.2013;0.09677
20.02.2013;0.07083
21.02.2013;0.08763
22.02.2013;0.07083
23.02.2013;0.06685
24.02.2013;0.07488
25.02.2013;0.16
26.02.2013;0.22778
27.02.2013;0.25
28.02.2013;0.23889
1.03.2013;0.36458
2.03.2013;0.55952
3.03.2013;0.5119
4.03.2013;0.44792
5.03.2013;0.40625
6.03.2013;0.38542
7.03.2013;0.36458
8.03.2013;0.46875
9.03.2013;0.61364
10.03.2013;0.70454
11.03.2013;0.76389
12.03.2013;0.79167
13.03.2013;0.76389
14.03.2013;0.73485
15.03.2013;0.64394
16.03.2013;0.55952
17.03.2013;0.48958
18.03.2013;0.42708
19.03.2013;0.40625
20.03.2013;0.38542
21.03.2013;0.38542
22.03.2013;0.40625
23.03.2013;0.42708
24.03.2013;0.40625
25.03.2013;0.38542
26.03.2013;0.36458
27.03.2013;0.34375
28.03.2013;0.31061
29.03.2013;0.2803
30.03.2013;0.2803
31.03.2013;0.36458
1.04.2013;0.61364
2.04.2013;0.64394
3.04.2013;0.64394
4.04.2013;0.73485
5.04.2013;0.79167
6.04.2013;0.76389
7.04.2013;0.73485
8.04.2013;0.67424
9.04.2013;0.61364
10.04.2013;0.55952
11.04.2013;0.48958
12.04.2013;0.44792
13.04.2013;0.42708
14.04.2013;0.38542
15.04.2013;0.34375
16.04.2013;0.32576
17.04.2013;0.31061
18.04.2013;0.31061
19.04.2013;0.2803
20.04.2013;0.25
21.04.2013;0.2803
22.04.2013;0.21667
23.04.2013;0.22778
24.04.2013;0.20926
25.04.2013;0.18
26.04.2013;0.17333
27.04.2013;0.25
28.04.2013;0.18704
29.04.2013;0.20926
30.04.2013;0.20926
1.05.2013;0.16667
2.05.2013;0.16
3.05.2013;0.20926
4.05.2013;0.16
5.05.2013;0.17333
6.05.2013;0.14697
7.05.2013;0.16667
8.05.2013;0.14091
9.05.2013;0.13485
10.05.2013;0.13485
11.05.2013;0.16
12.05.2013;0.14091
13.05.2013;0.14091
14.05.2013;0.23889
15.05.2013;0.42708
16.05.2013;0.38542
17.05.2013;0.34375
18.05.2013;0.31061
19.05.2013;0.29545
20.05.2013;0.25
21.05.2013;0.21667
22.05.2013;0.20926
23.05.2013;0.2803
24.05.2013;0.21667
25.05.2013;0.18704
26.05.2013;0.23889
27.05.2013;0.21667
28.05.2013;0.2803
29.05.2013;0.26515
30.05.2013;0.2803
31.05.2013;0.44792
1.06.2013;0.48958
2.06.2013;0.48958
3.06.2013;0.46875
4.06.2013;0.44792
5.06.2013;0.40625
6.06.2013;0.38542
7.06.2013;0.36458
8.06.2013;0.34375
9.06.2013;0.32576
10.06.2013;0.34375
11.06.2013;0.34375
12.06.2013;0.32576
13.06.2013;0.31061
14.06.2013;0.2803
15.06.2013;0.26515
16.06.2013;0.25
17.06.2013;0.22778
18.06.2013;0.22778
19.06.2013;0.20926
20.06.2013;0.18
21.06.2013;0.20185
22.06.2013;0.15333
23.06.2013;0.12879
24.06.2013;0.18
25.06.2013;0.16
26.06.2013;0.13485
27.06.2013;0.20185
28.06.2013;0.29545
29.06.2013;0.26515
30.06.2013;0.23889
1.07.2013;0.315
2.07.2013;0.308
3.07.2013;0.289
4.07.2013;0.289
5.07.2013;0.289
6.07.2013;0.289
7.07.2013;0.289
8.07.2013;0.299
9.07.2013;0.32
10.07.2013;0.275
11.07.2013;0.282
12.07.2013;0.289
13.07.2013;0.274
14.07.2013;0.262
15.07.2013;0.262
16.07.2013;0.262
17.07.2013;0.262
18.07.2013;0.262
19.07.2013;0.262
20.07.2013;0.262
21.07.2013;0.262
22.07.2013;0.262
23.07.2013;0.262
24.07.2013;0.262
25.07.2013;0.262
26.07.2013;0.262
27.07.2013;0.262
28.07.2013;0.248
29.07.2013;0.244
30.07.2013;0.244
31.07.2013;0.244
1.08.2013;0.244
2.08.2013;0.244
3.08.2013;0.244
4.08.2013;0.244
5.08.2013;0.244
6.08.2013;0.244
7.08.2013;0.244
8.08.2013;0.229
9.08.2013;0.226
10.08.2013;0.226
11.08.2013;0.226
12.08.2013;0.226
13.08.2013;0.226
14.08.2013;0.208
15.08.2013;0.208
16.08.2013;0.208
17.08.2013;0.208
18.08.2013;0.208
19.08.2013;0.208
20.08.2013;0.208
21.08.2013;0.208
22.08.2013;0.199
23.08.2013;0.19
24.08.2013;0.19
25.08.2013;0.19
26.08.2013;0.19
27.08.2013;0.19
28.08.2013;0.19
29.08.2013;0.19
30.08.2013;0.19
31.08.2013;0.19
1.09.2013;0.19
2.09.2013;0.182
3.09.2013;0.176
4.09.2013;0.176
5.09.2013;0.176
6.09.2013;0.176
7.09.2013;0.176
8.09.2013;0.176
9.09.2013;0.176
10.09.2013;0.176
11.09.2013;0.176
12.09.2013;0.176
13.09.2013;0.176
14.09.2013;0.176
15.09.2013;0.176
16.09.2013;0.176
17.09.2013;0.176
18.09.2013;0.176
19.09.2013;0.176
20.09.2013;0.163
21.09.2013;0.162
22.09.2013;0.162
23.09.2013;0.162
24.09.2013;0.162
25.09.2013;0.162
26.09.2013;0.162
27.09.2013;0.162
28.09.2013;0.162
29.09.2013;0.162
30.09.2013;0.162
1.10.2013;0.162
2.10.2013;0.162
3.10.2013;0.162
4.10.2013;0.162
5.10.2013;0.162
6.10.2013;0.162
7.10.2013;0.162
8.10.2013;0.162
9.10.2013;0.162
10.10.2013;0.162
11.10.2013;0.169
12.10.2013;0.176
13.10.2013;0.188
14.10.2013;0.19
15.10.2013;0.203
16.10.2013;0.226
17.10.2013;0.219
18.10.2013;0.208
19.10.2013;0.208
20.10.2013;0.202
21.10.2013;0.19
22.10.2013;0.19
23.10.2013;0.197
24.10.2013;0.208
25.10.2013;0.208
26.10.2013;0.208
27.10.2013;0.193
28.10.2013;0.19
29.10.2013;0.19
30.10.2013;0.19
31.10.2013;0.19
1.11.2013;0.179
2.11.2013;0.176
3.11.2013;0.176
4.11.2013;0.176
5.11.2013;0.176
6.11.2013;0.176
7.11.2013;0.176
8.11.2013;0.176
9.11.2013;0.176
10.11.2013;0.176
11.11.2013;0.176
12.11.2013;0.172
13.11.2013;0.162
14.11.2013;0.162
15.11.2013;0.162
16.11.2013;0.162
17.11.2013;0.162
18.11.2013;0.162
19.11.2013;0.162
20.11.2013;0.162
21.11.2013;0.162
22.11.2013;0.162
23.11.2013;0.162
24.11.2013;0.162
25.11.2013;0.162
26.11.2013;0.162
27.11.2013;0.162
28.11.2013;0.162
29.11.2013;0.162
30.11.2013;0.162
1.12.2013;0.162
2.12.2013;0.162
3.12.2013;0.162
4.12.2013;0.162
5.12.2013;0.162
6.12.2013;0.162
7.12.2013;0.162
8.12.2013;0.153
9.12.2013;0.151
10.12.2013;0.151
11.12.2013;0.151
12.12.2013;0.151
13.12.2013;0.151
14.12.2013;0.151
15.12.2013;0.151
16.12.2013;0.151
17.12.2013;0.151
18.12.2013;0.151
19.12.2013;0.151
20.12.2013;0.151
21.12.2013;0.151
22.12.2013;0.151
23.12.2013;0.151
24.12.2013;0.151
25.12.2013;0.151
26.12.2013;0.147
27.12.2013;0.141
28.12.2013;0.141
29.12.2013;0.141
30.12.2013;0.141
31.12.2013;0.141
1.01.2014;0.035
2.01.2014;0.028
3.01.2014;0.028
4.01.2014;0.028
5.01.2014;0.028
6.01.2014;0.028
7.01.2014;0.028
8.01.2014;0.028
9.01.2014;0.031
10.01.2014;0.031
11.01.2014;0.031
12.01.2014;0.031
13.01.2014;0.032
14.01.2014;0.032
15.01.2014;0.033
16.01.2014;0.032
17.01.2014;0.032
18.01.2014;0.044
19.01.2014;0.049
20.01.2014;0.046
21.01.2014;0.147
22.01.2014;0.209
23.01.2014;0.173
24.01.2014;0.146
25.01.2014;0.114
26.01.2014;0.137
27.01.2014;0.096
28.01.2014;0.09
29.01.2014;0.121
30.01.2014;0.075
31.01.2014;0.07
1.02.2014;0.067
2.02.2014;0.066
3.02.2014;0.064
4.02.2014;0.063
5.02.2014;0.128
6.02.2014;0.077
7.02.2014;0.067
8.02.2014;0.063
9.02.2014;0.064
10.02.2014;0.069
11.02.2014;0.131
12.02.2014;0.204
13.02.2014;0.247
14.02.2014;0.235
15.02.2014;0.205
16.02.2014;0.192
17.02.2014;0.185
18.02.2014;0.147
19.02.2014;0.154
20.02.2014;0.169
21.02.2014;0.141
22.02.2014;0.118
23.02.2014;0.134
24.02.2014;0.126
25.02.2014;0.1
26.02.2014;0.129
27.02.2014;0.109
28.02.2014;0.121
1.03.2014;0.101
2.03.2014;0.132
3.03.2014;0.11
4.03.2014;0.091
5.03.2014;0.087
6.03.2014;0.107
7.03.2014;0.086
8.03.2014;0.076
9.03.2014;0.109
10.03.2014;0.084
11.03.2014;0.074
12.03.2014;0.071
13.03.2014;0.088
14.03.2014;0.094
15.03.2014;0.071
16.03.2014;0.071
17.03.2014;0.068
18.03.2014;0.103
19.03.2014;0.067
20.03.2014;0.062
21.03.2014;0.061
22.03.2014;0.092
23.03.2014;0.062
24.03.2014;0.06
25.03.2014;0.078
26.03.2014;0.058
27.03.2014;0.055
28.03.2014;0.055
29.03.2014;0.054
30.03.2014;0.09
31.03.2014;0.056
1.04.2014;0.054
2.04.2014;0.052
3.04.2014;0.054
4.04.2014;0.095
5.04.2014;0.054
6.04.2014;0.052
7.04.2014;0.05
8.04.2014;0.05
9.04.2014;0.05
10.04.2014;0.048
11.04.2014;0.056
12.04.2014;0.086
13.04.2014;0.052
14.04.2014;0.051
15.04.2014;0.052
16.04.2014;0.049
17.04.2014;0.064
18.04.2014;0.077
19.04.2014;0.053
20.04.2014;0.052
21.04.2014;0.052
22.04.2014;0.05
23.04.2014;0.048
24.04.2014;0.085
25.04.2014;0.051
26.04.2014;0.067
27.04.2014;0.048
28.04.2014;0.048
29.04.2014;0.047
30.04.2014;0.045
1.05.2014;0.045
2.05.2014;0.069
3.05.2014;0.064
4.05.2014;0.045
5.05.2014;0.043
6.05.2014;0.042
7.05.2014;0.042
8.05.2014;0.055
9.05.2014;0.057
10.05.2014;0.042
11.05.2014;0.042
12.05.2014;0.042
13.05.2014;0.042
14.05.2014;0.042
15.05.2014;0.074
16.05.2014;0.044
17.05.2014;0.057
18.05.2014;0.125
19.05.2014;0.108
20.05.2014;0.118
21.05.2014;0.115
22.05.2014;0.088
23.05.2014;0.081
24.05.2014;0.078
25.05.2014;0.115
26.05.2014;0.075
27.05.2014;0.068
28.05.2014;0.066
29.05.2014;0.063
30.05.2014;0.09
31.05.2014;0.063
1.06.2014;0.057
2.06.2014;0.075
3.06.2014;0.06
4.06.2014;0.054
5.06.2014;0.052
6.06.2014;0.05
7.06.2014;0.048
8.06.2014;0.048
9.06.2014;0.061
10.06.2014;0.083
11.06.2014;0.063
12.06.2014;0.045
13.06.2014;0.058
14.06.2014;0.072
15.06.2014;0.043
16.06.2014;0.042
17.06.2014;0.042
18.06.2014;0.04
19.06.2014;0.04
20.06.2014;0.07
21.06.2014;0.04
22.06.2014;0.039
23.06.2014;0.038
24.06.2014;0.037
25.06.2014;0.036
26.06.2014;0.036
27.06.2014;0.036
28.06.2014;0.036
29.06.2014;0.036
30.06.2014;0.036
1.07.2014;0.036
2.07.2014;0.033
3.07.2014;0.033
4.07.2014;0.102
5.07.2014;0.036
6.07.2014;0.033
7.07.2014;0.033
8.07.2014;0.033
9.07.2014;0.033
10.07.2014;0.033
11.07.2014;0.033
12.07.2014;0.033
13.07.2014;0.067
14.07.2014;0.059
15.07.2014;0.092
16.07.2014;0.052
17.07.2014;0.045
18.07.2014;0.042
19.07.2014;0.039
20.07.2014;0.039
21.07.2014;0.036
22.07.2014;0.036
23.07.2014;0.039
24.07.2014;0.036
25.07.2014;0.036
26.07.2014;0.033
27.07.2014;0.033
28.07.2014;0.033
29.07.2014;0.033
30.07.2014;0.036
31.07.2014;0.036
1.08.2014;0.042
2.08.2014;0.042
3.08.2014;0.039
4.08.2014;0.102
5.08.2014;0.039
6.08.2014;0.039
7.08.2014;0.036
8.08.2014;0.033
9.08.2014;0.036
10.08.2014;0.036
11.08.2014;0.059
12.08.2014;0.036
13.08.2014;0.036
14.08.2014;0.042
15.08.2014;0.067
16.08.2014;0.045
17.08.2014;0.042
18.08.2014;0.042
19.08.2014;0.042
20.08.2014;0.039
21.08.2014;0.083
22.08.2014;0.042
23.08.2014;0.039
24.08.2014;0.039
25.08.2014;0.083
26.08.2014;0.129
27.08.2014;0.071
28.08.2014;0.083
29.08.2014;0.063
30.08.2014;0.063
31.08.2014;0.055
1.09.2014;0.083
2.09.2014;0.055
3.09.2014;0.055
4.09.2014;0.059
5.09.2014;0.052
6.09.2014;0.052
7.09.2014;0.048
8.09.2014;0.059
9.09.2014;0.048
10.09.2014;0.045
11.09.2014;0.042
12.09.2014;0.042
13.09.2014;0.039
14.09.2014;0.039
15.09.2014;0.045
16.09.2014;0.048
17.09.2014;0.052
18.09.2014;0.117
19.09.2014;0.052
20.09.2014;0.048
21.09.2014;0.048
22.09.2014;0.048
23.09.2014;0.153
24.09.2014;0.071
25.09.2014;0.059
26.09.2014;0.059
27.09.2014;0.052
28.09.2014;0.052
29.09.2014;0.052
30.09.2014;0.048
1.10.2014;0.048
2.10.2014;0.048
3.10.2014;0.048
4.10.2014;0.045
5.10.2014;0.045
6.10.2014;0.045
7.10.2014;0.042
8.10.2014;0.042
9.10.2014;0.042
10.10.2014;0.042
11.10.2014;0.042
12.10.2014;0.039
13.10.2014;0.039
14.10.2014;0.039
15.10.2014;0.039
16.10.2014;0.039
17.10.2014;0.039
18.10.2014;0.036
19.10.2014;0.036
20.10.2014;0.036
21.10.2014;0.036
22.10.2014;0.033
23.10.2014;0.055
24.10.2014;0.059
25.10.2014;0.067
26.10.2014;0.052
27.10.2014;0.052
28.10.2014;0.117
29.10.2014;0.052
30.10.2014;0.052
31.10.2014;0.048
1.11.2014;0.048
2.11.2014;0.045
3.11.2014;0.045
4.11.2014;0.129
5.11.2014;0.045
6.11.2014;0.045
7.11.2014;0.042
8.11.2014;0.042
9.11.2014;0.042
10.11.2014;0.141
11.11.2014;0.042
12.11.2014;0.039
13.11.2014;0.039
14.11.2014;0.039
15.11.2014;0.036
16.11.2014;0.036
17.11.2014;0.123
18.11.2014;0.036
19.11.2014;0.036
20.11.2014;0.033
21.11.2014;0.033
22.11.2014;0.033
23.11.2014;0.033
24.11.2014;0.033
25.11.2014;0.033
26.11.2014;0.033
27.11.2014;0.033
28.11.2014;0.033
29.11.2014;0.033
30.11.2014;0.033
1.12.2014;0.036
2.12.2014;0.033
3.12.2014;0.033
4.12.2014;0.033
5.12.2014;0.033
6.12.2014;0.033
7.12.2014;0.036
8.12.2014;0.042
9.12.2014;0.039
10.12.2014;0.063
11.12.2014;0.039
12.12.2014;0.042
13.12.2014;0.042
1.01.2015;0.036
2.01.2015;0.036
3.01.2015;0.036
4.01.2015;0.036
5.01.2015;0.036
6.01.2015;0.035
7.01.2015;0.075
8.01.2015;0.042
9.01.2015;0.035
10.01.2015;0.036
11.01.2015;0.036
12.01.2015;0.033
13.01.2015;0.061
14.01.2015;0.033
15.01.2015;0.033
16.01.2015;0.032
17.01.2015;0.032
18.01.2015;0.032
19.01.2015;0.032
20.01.2015;0.032
21.01.2015;0.037
22.01.2015;0.067
23.01.2015;0.036
24.01.2015;0.038
25.01.2015;0.042
26.01.2015;0.066
27.01.2015;0.075
28.01.2015;0.06
29.01.2015;0.071
30.01.2015;0.063
31.01.2015;0.318
1.02.2015;0.355
2.02.2015;0.287
3.02.2015;0.242
4.02.2015;0.188
5.02.2015;0.193
6.02.2015;0.161
7.02.2015;0.162
8.02.2015;0.149
9.02.2015;0.128
10.02.2015;0.11
11.02.2015;0.151
12.02.2015;0.098
13.02.2015;0.13
14.02.2015;0.102
15.02.2015;0.124
16.02.2015;0.097
17.02.2015;0.091
18.02.2015;0.104
19.02.2015;0.132
20.02.2015;0.115
21.02.2015;0.094
22.02.2015;0.092
23.02.2015;0.129
24.02.2015;0.099
25.02.2015;0.124
26.02.2015;0.127
27.02.2015;0.154
28.02.2015;0.125
1.03.2015;0.169
2.03.2015;0.111
3.03.2015;0.17
4.03.2015;0.112
5.03.2015;0.134
6.03.2015;0.094
7.03.2015;0.146
8.03.2015;0.093
9.03.2015;0.122
10.03.2015;0.093
11.03.2015;0.116
12.03.2015;0.103
13.03.2015;0.084
14.03.2015;0.08
15.03.2015;0.123
16.03.2015;0.087
17.03.2015;0.075
18.03.2015;0.074
19.03.2015;0.118
20.03.2015;0.076
21.03.2015;0.074
22.03.2015;0.096
23.03.2015;0.084
24.03.2015;0.067
25.03.2015;0.088
26.03.2015;0.07
27.03.2015;0.065
28.03.2015;0.063
29.03.2015;0.062
30.03.2015;0.06
31.03.2015;0.059
1.04.2015;0.059
2.04.2015;0.121
3.04.2015;0.06
4.04.2015;0.055
5.04.2015;0.055
6.04.2015;0.053
7.04.2015;0.052
8.04.2015;0.093
9.04.2015;0.069
10.04.2015;0.053
11.04.2015;0.054
12.04.2015;0.054
13.04.2015;0.054
14.04.2015;0.055
15.04.2015;0.084
16.04.2015;0.092
17.04.2015;0.055
18.04.2015;0.053
19.04.2015;0.052
20.04.2015;0.052
21.04.2015;0.095
22.04.2015;0.062
23.04.2015;0.052
24.04.2015;0.05
25.04.2015;0.05
26.04.2015;0.08
27.04.2015;0.06
28.04.2015;0.05
29.04.2015;0.048
30.04.2015;0.047
1.05.2015;0.048
2.05.2015;0.082
3.05.2015;0.066
4.05.2015;0.046
5.05.2015;0.045
6.05.2015;0.046
7.05.2015;0.077
8.05.2015;0.044
9.05.2015;0.042
10.05.2015;0.042
11.05.2015;0.04
12.05.2015;0.039
13.05.2015;0.041
14.05.2015;0.042
15.05.2015;0.042
16.05.2015;0.04
17.05.2015;0.039
18.05.2015;0.096
19.05.2015;0.044
20.05.2015;0.039
21.05.2015;0.039
22.05.2015;0.039
23.05.2015;0.038
24.05.2015;0.039
25.05.2015;0.038
26.05.2015;0.037
27.05.2015;0.036
28.05.2015;0.053
29.05.2015;0.063
30.05.2015;0.036
31.05.2015;0.036
1.06.2015;0.035
2.06.2015;0.035
3.06.2015;0.035
4.06.2015;0.034
5.06.2015;0.033
6.06.2015;0.033
7.06.2015;0.033
8.06.2015;0.071
9.06.2015;0.034
10.06.2015;0.033
11.06.2015;0.033
12.06.2015;0.033
13.06.2015;0.033
14.06.2015;0.033
15.06.2015;0.032
16.06.2015;0.032
17.06.2015;0.031
18.06.2015;0.031
19.06.2015;0.031
20.06.2015;0.031
21.06.2015;0.031
22.06.2015;0.031
23.06.2015;0.031
24.06.2015;0.031
25.06.2015;0.031
26.06.2015;0.031
27.06.2015;0.073
28.06.2015;0.031
29.06.2015;0.03
30.06.2015;0.03
1.07.2015;0.029
2.07.2015;0.028
3.07.2015;0.028
4.07.2015;0.028
5.07.2015;0.028
6.07.2015;0.028
7.07.2015;0.028
8.07.2015;0.028
9.07.2015;0.031
10.07.2015;0.028
11.07.2015;0.028
12.07.2015;0.028
13.07.2015;0.028
14.07.2015;0.028
15.07.2015;0.028
16.07.2015;0.028
17.07.2015;0.028
18.07.2015;0.028
19.07.2015;0.028
20.07.2015;0.028
21.07.2015;0.028
22.07.2015;0.026
23.07.2015;0.026
24.07.2015;0.026
25.07.2015;0.028
26.07.2015;0.028
27.07.2015;0.028
28.07.2015;0.031
29.07.2015;0.033
30.07.2015;0.031
31.07.2015;0.031
1.08.2015;0.026
2.08.2015;0.026
3.08.2015;0.026
4.08.2015;0.026
5.08.2015;0.026
6.08.2015;0.028
7.08.2015;0.026
8.08.2015;0.026
9.08.2015;0.026
10.08.2015;0.026
11.08.2015;0.026
12.08.2015;0.026
13.08.2015;0.026
14.08.2015;0.026
15.08.2015;0.026
16.08.2015;0.026
17.08.2015;0.026
18.08.2015;0.026
19.08.2015;0.026
20.08.2015;0.024
21.08.2015;0.024
22.08.2015;0.024
23.08.2015;0.024
24.08.2015;0.024
25.08.2015;0.024
26.08.2015;0.024
27.08.2015;0.024
28.08.2015;0.024
29.08.2015;0.024
30.08.2015;0.024
31.08.2015;0.024
1.09.2015;0.024
2.09.2015;0.024
3.09.2015;0.024
4.09.2015;0.024
5.09.2015;0.024
6.09.2015;0.026
7.09.2015;0.024
8.09.2015;0.024
9.09.2015;0.024
10.09.2015;0.024
11.09.2015;0.024
12.09.2015;0.024
13.09.2015;0.024
14.09.2015;0.024
15.09.2015;0.024
16.09.2015;0.024
17.09.2015;0.024
18.09.2015;0.024
19.09.2015;0.022
20.09.2015;0.024
21.09.2015;0.022
22.09.2015;0.022
23.09.2015;0.022
24.09.2015;0.022
25.09.2015;0.022
26.09.2015;0.024
27.09.2015;0.024
28.09.2015;0.022
29.09.2015;0.022
30.09.2015;0.022
1.10.2015;0.022
2.10.2015;0.022
3.10.2015;0.022
4.10.2015;0.022
5.10.2015;0.022
6.10.2015;0.022
7.10.2015;0.022
8.10.2015;0.022
9.10.2015;0.022
10.10.2015;0.022
11.10.2015;0.022
12.10.2015;0.022
13.10.2015;0.022
14.10.2015;0.022
15.10.2015;0.022
16.10.2015;0.028
17.10.2015;0.063
18.10.2015;0.088
19.10.2015;0.063
20.10.2015;0.092
21.10.2015;0.141
22.10.2015;0.153
23.10.2015;0.079
24.10.2015;0.067
25.10.2015;0.059
26.10.2015;0.055
27.10.2015;0.048
28.10.2015;0.055
29.10.2015;0.067
30.10.2015;0.042
31.10.2015;0.039
1.11.2015;0.036
2.11.2015;0.036
3.11.2015;0.036
4.11.2015;0.036
5.11.2015;0.036
6.11.2015;0.033
7.11.2015;0.033
8.11.2015;0.033
9.11.2015;0.033
10.11.2015;0.088
11.11.2015;0.033
12.11.2015;0.031
13.11.2015;0.031
14.11.2015;0.031
15.11.2015;0.031
16.11.2015;0.031
17.11.2015;0.028
18.11.2015;0.028
19.11.2015;0.028
20.11.2015;0.028
21.11.2015;0.031
22.11.2015;0.031
23.11.2015;0.028
24.11.2015;0.028
25.11.2015;0.028
26.11.2015;0.028
27.11.2015;0.028
28.11.2015;0.028
29.11.2015;0.028
30.11.2015;0.028
1.12.2015;0.031
2.12.2015;0.033
3.12.2015;0.036
4.12.2015;0.036
5.12.2015;0.039
6.12.2015;0.039
7.12.2015;0.039
8.12.2015;0.039
9.12.2015;0.036
10.12.2015;0.036
11.12.2015;0.036
12.12.2015;0.036
13.12.2015;0.036
14.12.2015;0.036
15.12.2015;0.033
16.12.2015;0.033
17.12.2015;0.033
18.12.2015;0.112
19.12.2015;0.033
20.12.2015;0.033
21.12.2015;0.031
22.12.2015;0.031
23.12.2015;0.031
24.12.2015;0.031
25.12.2015;0.031
26.12.2015;0.031
27.12.2015;0.031
28.12.2015;0.031
29.12.2015;0.031
30.12.2015;0.031
31.12.2015;0.031
1.01.2016;0.031
2.01.2016;0.031
3.01.2016;0.081
4.01.2016;0.034
5.01.2016;0.042
6.01.2016;0.033
7.01.2016;0.033
8.01.2016;0.047
9.01.2016;0.031
10.01.2016;0.034
11.01.2016;0.037
12.01.2016;0.073
13.01.2016;0.087
14.01.2016;0.089
15.01.2016;0.136
16.01.2016;0.082
17.01.2016;0.078
18.01.2016;0.075
19.01.2016;0.072
20.01.2016;0.125
21.01.2016;0.074
22.01.2016;0.062
23.01.2016;0.059
24.01.2016;0.059
25.01.2016;0.096
26.01.2016;0.058
27.01.2016;0.055
28.01.2016;0.052
29.01.2016;0.052
30.01.2016;0.087
31.01.2016;0.055
1.02.2016;0.055
2.02.2016;0.055
3.02.2016;0.058
4.02.2016;0.065
5.02.2016;0.07
6.02.2016;0.074
7.02.2016;0.154
8.02.2016;0.085
9.02.2016;0.079
10.02.2016;0.17
11.02.2016;0.595
12.02.2016;0.536
13.02.2016;0.476
14.02.2016;0.449
15.02.2016;0.515
16.02.2016;0.743
17.02.2016;0.74
18.02.2016;0.638
19.02.2016;0.572
20.02.2016;0.804
21.02.2016;0.874
22.02.2016;0.782
23.02.2016;0.659
24.02.2016;0.551
25.02.2016;0.477
26.02.2016;0.406
27.02.2016;0.347
28.02.2016;0.309
29.02.2016;0.276
1.03.2016;0.304
2.03.2016;0.427
3.03.2016;0.427
4.03.2016;0.427
5.03.2016;0.4
6.03.2016;0.369
7.03.2016;0.344
8.03.2016;0.344
9.03.2016;0.344
10.03.2016;0.344
11.03.2016;0.344
12.03.2016;0.343
13.03.2016;0.301
14.03.2016;0.295
15.03.2016;0.257
16.03.2016;0.279
17.03.2016;0.258
18.03.2016;0.213
19.03.2016;0.211
20.03.2016;0.261
21.03.2016;0.194
22.03.2016;0.233
23.03.2016;0.179
24.03.2016;0.173
25.03.2016;0.224
26.03.2016;0.157
27.03.2016;0.181
28.03.2016;0.159
29.03.2016;0.138
30.03.2016;0.129
31.03.2016;0.183
1.04.2016;0.126
2.04.2016;0.14
3.04.2016;0.134
4.04.2016;0.112
5.04.2016;0.109
6.04.2016;0.107
7.04.2016;0.102
8.04.2016;0.155
9.04.2016;0.118
10.04.2016;0.098
11.04.2016;0.092
12.04.2016;0.092
13.04.2016;0.128
14.04.2016;0.089
15.04.2016;0.086
16.04.2016;0.083
17.04.2016;0.083
18.04.2016;0.081
19.04.2016;0.079
20.04.2016;0.134
21.04.2016;0.075
22.04.2016;0.075
23.04.2016;0.075
24.04.2016;0.11
25.04.2016;0.086
26.04.2016;0.076
27.04.2016;0.073
28.04.2016;0.071
29.04.2016;0.065
30.04.2016;0.063
1.05.2016;0.063
2.05.2016;0.063
3.05.2016;0.063
4.05.2016;0.08
5.05.2016;0.098
6.05.2016;0.059
7.05.2016;0.059
8.05.2016;0.057
9.05.2016;0.055
10.05.2016;0.055
11.05.2016;0.055
12.05.2016;0.092
13.05.2016;0.055
14.05.2016;0.055
15.05.2016;0.055
16.05.2016;0.055
17.05.2016;0.055
18.05.2016;0.054
19.05.2016;0.052
20.05.2016;0.052
21.05.2016;0.052
22.05.2016;0.104
23.05.2016;0.053
24.05.2016;0.052
25.05.2016;0.052
26.05.2016;0.05
27.05.2016;0.048
28.05.2016;0.048
29.05.2016;0.048
30.05.2016;0.048
31.05.2016;0.048
1.06.2016;0.09
2.06.2016;0.049
3.06.2016;0.046
4.06.2016;0.045
5.06.2016;0.045
6.06.2016;0.045
7.06.2016;0.045
8.06.2016;0.045
9.06.2016;0.045
10.06.2016;0.045
11.06.2016;0.044
12.06.2016;0.042
13.06.2016;0.042
14.06.2016;0.069
15.06.2016;0.058
16.06.2016;0.042
17.06.2016;0.04
18.06.2016;0.039
19.06.2016;0.039
20.06.2016;0.039
21.06.2016;0.039
22.06.2016;0.037
23.06.2016;0.058
24.06.2016;0.039
25.06.2016;0.036
26.06.2016;0.047
27.06.2016;0.036
28.06.2016;0.036
29.06.2016;0.036
30.06.2016;0.036
1.07.2016;0.036
2.07.2016;0.036
3.07.2016;0.034
4.07.2016;0.033
5.07.2016;0.033
6.07.2016;0.033
7.07.2016;0.033
8.07.2016;0.033
9.07.2016;0.033
10.07.2016;0.033
11.07.2016;0.033
12.07.2016;0.033
13.07.2016;0.033
14.07.2016;0.033
15.07.2016;0.033
16.07.2016;0.033
17.07.2016;0.063
18.07.2016;0.052
19.07.2016;0.036
20.07.2016;0.034
21.07.2016;0.033
22.07.2016;0.033
23.07.2016;0.033
24.07.2016;0.033
25.07.2016;0.033
26.07.2016;0.033
27.07.2016;0.033
28.07.2016;0.033
29.07.2016;0.033
30.07.2016;0.033
31.07.2016;0.033
1.08.2016;0.047
2.08.2016;0.071
3.08.2016;0.043
4.08.2016;0.039
5.08.2016;0.037
6.08.2016;0.036
7.08.2016;0.034
8.08.2016;0.033
9.08.2016;0.033
10.08.2016;0.033
11.08.2016;0.033
12.08.2016;0.033
13.08.2016;0.033
14.08.2016;0.033
15.08.2016;0.037
16.08.2016;0.056
17.08.2016;0.033
18.08.2016;0.033
19.08.2016;0.033
20.08.2016;0.033
21.08.2016;0.033
22.08.2016;0.033
23.08.2016;0.033
24.08.2016;0.033
25.08.2016;0.033
26.08.2016;0.033
27.08.2016;0.033
28.08.2016;0.033
29.08.2016;0.033
30.08.2016;0.032
31.08.2016;0.031
1.09.2016;0.031
2.09.2016;0.031
3.09.2016;0.031
4.09.2016;0.062
5.09.2016;0.031
6.09.2016;0.031
7.09.2016;0.031
8.09.2016;0.031
9.09.2016;0.028
10.09.2016;0.028
11.09.2016;0.028
12.09.2016;0.028
13.09.2016;0.028
14.09.2016;0.028
15.09.2016;0.028
16.09.2016;0.028
17.09.2016;0.028
18.09.2016;0.028
19.09.2016;0.028
20.09.2016;0.028
21.09.2016;0.028
22.09.2016;0.028
23.09.2016;0.052
24.09.2016;0.028
25.09.2016;0.028
26.09.2016;0.027
27.09.2016;0.026
28.09.2016;0.026
29.09.2016;0.026
30.09.2016;0.026
1.10.2016;0.026
2.10.2016;0.026
3.10.2016;0.026
4.10.2016;0.027
5.10.2016;0.044
6.10.2016;0.027
7.10.2016;0.026
8.10.2016;0.026
9.10.2016;0.026
10.10.2016;0.026
11.10.2016;0.026
12.10.2016;0.026
13.10.2016;0.026
14.10.2016;0.026
15.10.2016;0.026
16.10.2016;0.026
17.10.2016;0.026
18.10.2016;0.026
19.10.2016;0.026
20.10.2016;0.026
21.10.2016;0.026
22.10.2016;0.071
23.10.2016;0.067
24.10.2016;0.059
25.10.2016;0.052
26.10.2016;0.048
27.10.2016;0.042
28.10.2016;0.039
29.10.2016;0.039
30.10.2016;0.039
31.10.2016;0.036
1.11.2016;0.036
2.11.2016;0.036
3.11.2016;0.036
4.11.2016;0.036
5.11.2016;0.036
6.11.2016;0.036
7.11.2016;0.063
8.11.2016;0.147
9.11.2016;0.107
10.11.2016;0.097
11.11.2016;0.088
12.11.2016;0.079
13.11.2016;0.071
14.11.2016;0.063
15.11.2016;0.059
16.11.2016;0.059
17.11.2016;0.055
18.11.2016;0.055
19.11.2016;0.16
20.11.2016;0.052
21.11.2016;0.048
22.11.2016;0.048
23.11.2016;0.045
24.11.2016;0.045
25.11.2016;0.045
26.11.2016;0.045
27.11.2016;0.045
28.11.2016;0.045
29.11.2016;0.107
30.11.2016;0.045
1.12.2016;0.045
2.12.2016;0.045
3.12.2016;0.045
4.12.2016;0.042
5.12.2016;0.042
6.12.2016;0.042
7.12.2016;0.039
8.12.2016;0.039
9.12.2016;0.039
10.12.2016;0.039
11.12.2016;0.039
12.12.2016;0.039
13.12.2016;0.039
14.12.2016;0.039
15.12.2016;0.039
16.12.2016;0.039
17.12.2016;0.036
18.12.2016;0.036
19.12.2016;0.036
20.12.2016;0.083
21.12.2016;0.033
22.12.2016;0.033
23.12.2016;0.033
24.12.2016;0.033
25.12.2016;0.033
26.12.2016;0.033
27.12.2016;0.033
28.12.2016;0.033
29.12.2016;0.033
30.12.2016;0.033
31.12.2016;0.033
1.01.2017;0.033
2.01.2017;0.033
3.01.2017;0.033
4.01.2017;0.033
5.01.2017;0.071
6.01.2017;0.031
7.01.2017;0.031
8.01.2017;0.031
9.01.2017;0.031
10.01.2017;0.031
11.01.2017;0.031
12.01.2017;0.031
13.01.2017;0.031
14.01.2017;0.055
15.01.2017;0.031
16.01.2017;0.031
17.01.2017;0.028
18.01.2017;0.028
19.01.2017;0.028
20.01.2017;0.028
21.01.2017;0.03
22.01.2017;0.031
23.01.2017;0.033
24.01.2017;0.033
25.01.2017;0.033
26.01.2017;0.033
27.01.2017;0.032
28.01.2017;0.031
29.01.2017;0.031
30.01.2017;0.031
31.01.2017;0.031
1.02.2017;0.028
2.02.2017;0.028
3.02.2017;0.028
4.02.2017;0.029
5.02.2017;0.067
6.02.2017;0.068
7.02.2017;0.075
8.02.2017;0.069
9.02.2017;0.061
10.02.2017;0.062
11.02.2017;0.048
12.02.2017;0.049
13.02.2017;0.052
14.02.2017;0.052
15.02.2017;0.05
16.02.2017;0.048
17.02.2017;0.048
18.02.2017;0.049
19.02.2017;0.075
20.02.2017;0.055
21.02.2017;0.059
22.02.2017;0.068
23.02.2017;0.116
24.02.2017;0.182
25.02.2017;0.156
26.02.2017;0.16
27.02.2017;0.174
28.02.2017;0.136
1.03.2017;0.194
2.03.2017;0.174
3.03.2017;0.173
4.03.2017;0.167
5.03.2017;0.156
6.03.2017;0.148
7.03.2017;0.171
8.03.2017;0.129
9.03.2017;0.102
10.03.2017;0.16
11.03.2017;0.107
12.03.2017;0.131
13.03.2017;0.125
14.03.2017;0.108
15.03.2017;0.1
16.03.2017;0.087
17.03.2017;0.083
18.03.2017;0.083
19.03.2017;0.136
20.03.2017;0.08
21.03.2017;0.075
22.03.2017;0.109
23.03.2017;0.077
24.03.2017;0.07
25.03.2017;0.067
26.03.2017;0.067
27.03.2017;0.107
28.03.2017;0.063
29.03.2017;0.063
30.03.2017;0.062
31.03.2017;0.059
1.04.2017;0.079
2.04.2017;0.082
3.04.2017;0.055
4.04.2017;0.055
5.04.2017;0.055
6.04.2017;0.054
7.04.2017;0.052
8.04.2017;0.06
9.04.2017;0.09
10.04.2017;0.052
11.04.2017;0.048
12.04.2017;0.067
13.04.2017;0.048
14.04.2017;0.048
15.04.2017;0.048
16.04.2017;0.048
17.04.2017;0.067
18.04.2017;0.062
19.04.2017;0.045
20.04.2017;0.043
21.04.2017;0.042
22.04.2017;0.042
23.04.2017;0.042
24.04.2017;0.042
25.04.2017;0.042
26.04.2017;0.042
27.04.2017;0.04
28.04.2017;0.039
29.04.2017;0.039
30.04.2017;0.039
1.05.2017;0.039
2.05.2017;0.039
3.05.2017;0.043
4.05.2017;0.458
5.05.2017;0.466
6.05.2017;0.355
7.05.2017;0.342
8.05.2017;0.448
9.05.2017;0.453
10.05.2017;0.402
11.05.2017;0.348
12.05.2017;0.308
13.05.2017;0.271
14.05.2017;0.244
15.05.2017;0.204
16.05.2017;0.249
17.05.2017;0.353
18.05.2017;0.293
19.05.2017;0.323
20.05.2017;0.28
21.05.2017;0.233
22.05.2017;0.2
23.05.2017;0.209
24.05.2017;0.321
25.05.2017;0.252
26.05.2017;0.265
27.05.2017;0.202
28.05.2017;0.173
29.05.2017;0.162
30.05.2017;0.151
31.05.2017;0.198
1.06.2017;0.148
2.06.2017;0.123
3.06.2017;0.114
4.06.2017;0.151
5.06.2017;0.122
6.06.2017;0.117
7.06.2017;0.115
8.06.2017;0.103
9.06.2017;0.101
10.06.2017;0.099
11.06.2017;0.157
12.06.2017;0.12
13.06.2017;0.112
14.06.2017;0.103
15.06.2017;0.094
16.06.2017;0.092
17.06.2017;0.09
18.06.2017;0.087
19.06.2017;0.083
20.06.2017;0.08
21.06.2017;0.079
22.06.2017;0.075
23.06.2017;0.075
24.06.2017;0.073
25.06.2017;0.071
26.06.2017;0.067
27.06.2017;0.067
28.06.2017;0.067
29.06.2017;0.065
30.06.2017;0.063
1.07.2017;0.063
2.07.2017;0.06
3.07.2017;0.059
4.07.2017;0.056
5.07.2017;0.055
6.07.2017;0.055
7.07.2017;0.055
8.07.2017;0.055
9.07.2017;0.055
10.07.2017;0.055
11.07.2017;0.055
12.07.2017;0.055
13.07.2017;0.052
14.07.2017;0.05
15.07.2017;0.048
16.07.2017;0.048
17.07.2017;0.045
18.07.2017;0.045
19.07.2017;0.045
20.07.2017;0.045
21.07.2017;0.045
22.07.2017;0.045
23.07.2017;0.043
24.07.2017;0.042
25.07.2017;0.042
26.07.2017;0.042
27.07.2017;0.042
28.07.2017;0.042
29.07.2017;0.041
30.07.2017;0.039
31.07.2017;0.039
1.08.2017;0.073
2.08.2017;0.107
3.08.2017;0.107
4.08.2017;0.093
5.08.2017;0.039
6.08.2017;0.036
7.08.2017;0.036
8.08.2017;0.036
9.08.2017;0.036
10.08.2017;0.036
11.08.2017;0.036
12.08.2017;0.036
13.08.2017;0.036
14.08.2017;0.036
15.08.2017;0.036
16.08.2017;0.033
17.08.2017;0.033
18.08.2017;0.033
19.08.2017;0.033
20.08.2017;0.033
21.08.2017;0.033
22.08.2017;0.033
23.08.2017;0.033
24.08.2017;0.033
25.08.2017;0.033
26.08.2017;0.033
27.08.2017;0.033
28.08.2017;0.033
29.08.2017;0.031
30.08.2017;0.031
31.08.2017;0.031
1.09.2017;0.031
2.09.2017;0.031
3.09.2017;0.031
4.09.2017;0.031
5.09.2017;0.031
6.09.2017;0.031
7.09.2017;0.031
8.09.2017;0.031
9.09.2017;0.031
10.09.2017;0.031
11.09.2017;0.031
12.09.2017;0.031
13.09.2017;0.031
14.09.2017;0.031
15.09.2017;0.031
16.09.2017;0.031
17.09.2017;0.031
18.09.2017;0.031
19.09.2017;0.031
20.09.2017;0.031
21.09.2017;0.031
22.09.2017;0.031
23.09.2017;0.031
24.09.2017;0.031
25.09.2017;0.031
26.09.2017;0.031
27.09.2017;0.031
28.09.2017;0.031
29.09.2017;0.031
30.09.2017;0.031
1.10.2017;0.031
2.10.2017;0.031
3.10.2017;0.031
4.10.2017;0.031
5.10.2017;0.028
6.10.2017;0.028
7.10.2017;0.028
8.10.2017;0.028
9.10.2017;0.028
10.10.2017;0.026
11.10.2017;0.026
12.10.2017;0.026
13.10.2017;0.026
14.10.2017;0.026
15.10.2017;0.026
16.10.2017;0.026
17.10.2017;0.026
18.10.2017;0.026
19.10.2017;0.026
20.10.2017;0.026
21.10.2017;0.026
22.10.2017;0.026
23.10.2017;0.026
24.10.2017;0.026
25.10.2017;0.026
26.10.2017;0.026
27.10.2017;0.026
28.10.2017;0.026
29.10.2017;0.026
30.10.2017;0.026
31.10.2017;0.026
1.11.2017;0.026
2.11.2017;0.026
3.11.2017;0.026
4.11.2017;0.026
5.11.2017;0.026
6.11.2017;0.026
7.11.2017;0.026
8.11.2017;0.026
9.11.2017;0.026
10.11.2017;0.026
11.11.2017;0.026
12.11.2017;0.026
13.11.2017;0.026
14.11.2017;0.026
15.11.2017;0.026
16.11.2017;0.026
17.11.2017;0.026
18.11.2017;0.026
19.11.2017;0.026
20.11.2017;0.026
21.11.2017;0.026
22.11.2017;0.026
23.11.2017;0.026
24.11.2017;0.026
25.11.2017;0.026
26.11.2017;0.027
27.11.2017;0.035
28.11.2017;0.036
29.11.2017;0.034
30.11.2017;0.033
1.12.2017;0.033
2.12.2017;0.033
3.12.2017;0.033
4.12.2017;0.033
5.12.2017;0.033
6.12.2017;0.033
7.12.2017;0.033
8.12.2017;0.033
9.12.2017;0.033
10.12.2017;0.033
11.12.2017;0.033
12.12.2017;0.033
13.12.2017;0.04
14.12.2017;0.055
15.12.2017;0.059
16.12.2017;0.063
17.12.2017;0.07
18.12.2017;0.071
19.12.2017;0.068
20.12.2017;0.063
21.12.2017;0.059
22.12.2017;0.056
23.12.2017;0.054
24.12.2017;0.051
25.12.2017;0.048
26.12.2017;0.045
27.12.2017;0.045
28.12.2017;0.045
29.12.2017;0.047
30.12.2017;0.048
31.12.2017;0.048
1.01.2018;0.044
2.01.2018;0.047
3.01.2018;0.087
4.01.2018;0.056
5.01.2018;0.059
6.01.2018;0.063
7.01.2018;0.074
8.01.2018;0.136
9.01.2018;0.078
10.01.2018;0.12
11.01.2018;0.103
12.01.2018;0.082
13.01.2018;0.071
14.01.2018;0.068
15.01.2018;0.106
16.01.2018;0.084
17.01.2018;0.066
18.01.2018;0.061
19.01.2018;0.099
20.01.2018;0.059
21.01.2018;0.055
22.01.2018;0.052
23.01.2018;0.048
24.01.2018;0.048
25.01.2018;0.1
26.01.2018;0.061
27.01.2018;0.054
28.01.2018;0.052
29.01.2018;0.052
30.01.2018;0.055
31.01.2018;0.059
1.02.2018;0.114
2.02.2018;0.107
3.02.2018;0.205
4.02.2018;0.229
5.02.2018;0.209
6.02.2018;0.197
7.02.2018;0.185
8.02.2018;0.164
9.02.2018;0.207
10.02.2018;0.22
11.02.2018;0.221
12.02.2018;0.197
13.02.2018;0.172
14.02.2018;0.203
15.02.2018;0.188
16.02.2018;0.176
17.02.2018;0.147
18.02.2018;0.134
19.02.2018;0.129
20.02.2018;0.192
21.02.2018;0.146
22.02.2018;0.137
23.02.2018;0.131
24.02.2018;0.126
25.02.2018;0.118
26.02.2018;0.112
27.02.2018;0.098
28.02.2018;0.096
1.03.2018;0.092
2.03.2018;0.097
3.03.2018;0.145
4.03.2018;0.095
5.03.2018;0.081
6.03.2018;0.083
7.03.2018;0.089
8.03.2018;0.11
9.03.2018;0.125
10.03.2018;0.118
11.03.2018;0.234
12.03.2018;0.289
13.03.2018;0.309
14.03.2018;0.287
15.03.2018;0.274
16.03.2018;0.245
17.03.2018;0.238
18.03.2018;0.228
19.03.2018;0.228
20.03.2018;0.222
21.03.2018;0.205
22.03.2018;0.163
23.03.2018;0.221
24.03.2018;0.155
25.03.2018;0.189
26.03.2018;0.137
27.03.2018;0.129
28.03.2018;0.166
29.03.2018;0.156
30.03.2018;0.128
31.03.2018;0.139
1.04.2018;0.229
2.04.2018;0.527
3.04.2018;0.486
4.04.2018;0.432
5.04.2018;0.379
6.04.2018;0.336
7.04.2018;0.301
8.04.2018;0.275
9.04.2018;0.244
10.04.2018;0.199
11.04.2018;0.254
12.04.2018;0.202
13.04.2018;0.167
14.04.2018;0.212
15.04.2018;0.167
16.04.2018;0.158
17.04.2018;0.14
18.04.2018;0.17
19.04.2018;0.123
20.04.2018;0.12
21.04.2018;0.157
22.04.2018;0.147
23.04.2018;0.112
24.04.2018;0.107
25.04.2018;0.148
26.04.2018;0.108
27.04.2018;0.116
28.04.2018;0.092
29.04.2018;0.092
30.04.2018;0.092
1.05.2018;0.137
2.05.2018;0.085
3.05.2018;0.08
4.05.2018;0.079
5.05.2018;0.075
6.05.2018;0.124
7.05.2018;0.076
8.05.2018;0.074
9.05.2018;0.08
10.05.2018;0.092
11.05.2018;0.068
12.05.2018;0.066
13.05.2018;0.063
14.05.2018;0.063
15.05.2018;0.063
16.05.2018;0.072
17.05.2018;0.092
18.05.2018;0.059
19.05.2018;0.055
20.05.2018;0.054
21.05.2018;0.052
22.05.2018;0.052
23.05.2018;0.085
24.05.2018;0.052
25.05.2018;0.049
26.05.2018;0.048
27.05.2018;0.048
28.05.2018;0.048
29.05.2018;0.074
30.05.2018;0.046
31.05.2018;0.045
1.06.2018;0.045
2.06.2018;0.045
3.06.2018;0.045
4.06.2018;0.045
5.06.2018;0.043
6.06.2018;0.042
7.06.2018;0.073
8.06.2018;0.042
9.06.2018;0.042
10.06.2018;0.042
11.06.2018;0.04
12.06.2018;0.039
13.06.2018;0.039
14.06.2018;0.039
15.06.2018;0.039
16.06.2018;0.043
17.06.2018;0.09
18.06.2018;0.039
19.06.2018;0.039
20.06.2018;0.039
21.06.2018;0.039
22.06.2018;0.037
23.06.2018;0.036
24.06.2018;0.037
25.06.2018;0.091
26.06.2018;0.047
27.06.2018;0.045
28.06.2018;0.045
29.06.2018;0.045
30.06.2018;0.045
1.07.2018;0.042
2.07.2018;0.042
3.07.2018;0.042
4.07.2018;0.04
5.07.2018;0.039
6.07.2018;0.039
7.07.2018;0.039
8.07.2018;0.039
9.07.2018;0.036
10.07.2018;0.036
11.07.2018;0.036
12.07.2018;0.036
13.07.2018;0.036
14.07.2018;0.033
15.07.2018;0.033
16.07.2018;0.033
17.07.2018;0.033
18.07.2018;0.033
19.07.2018;0.033
20.07.2018;0.033
21.07.2018;0.033
22.07.2018;0.033
23.07.2018;0.033
24.07.2018;0.033
25.07.2018;0.033
26.07.2018;0.033
27.07.2018;0.033
28.07.2018;0.033
29.07.2018;0.032
30.07.2018;0.031
31.07.2018;0.031
1.08.2018;0.031
2.08.2018;0.031
3.08.2018;0.031
4.08.2018;0.031
5.08.2018;0.031
6.08.2018;0.031
7.08.2018;0.031
8.08.2018;0.031
9.08.2018;0.031
10.08.2018;0.031
11.08.2018;0.031
12.08.2018;0.028
13.08.2018;0.028
14.08.2018;0.028
15.08.2018;0.028
16.08.2018;0.028
17.08.2018;0.028
18.08.2018;0.028
19.08.2018;0.028
20.08.2018;0.028
21.08.2018;0.028
22.08.2018;0.028
23.08.2018;0.028
24.08.2018;0.028
25.08.2018;0.028
26.08.2018;0.028
27.08.2018;0.028
28.08.2018;0.028
29.08.2018;0.028
30.08.2018;0.028
31.08.2018;0.028
1.09.2018;0.028
2.09.2018;0.028
3.09.2018;0.028
4.09.2018;0.028
5.09.2018;0.028
6.09.2018;0.028
7.09.2018;0.027
8.09.2018;0.026
9.09.2018;0.026
10.09.2018;0.026
11.09.2018;0.026
12.09.2018;0.026
13.09.2018;0.026
14.09.2018;0.026
15.09.2018;0.026
16.09.2018;0.026
17.09.2018;0.026
18.09.2018;0.026
19.09.2018;0.026
20.09.2018;0.026
21.09.2018;0.026
22.09.2018;0.026
23.09.2018;0.026
24.09.2018;0.026
25.09.2018;0.024
26.09.2018;0.024
27.09.2018;0.024
28.09.2018;0.024
29.09.2018;0.024
30.09.2018;0.024
1.10.2018;0.024
2.10.2018;0.024
3.10.2018;0.024
4.10.2018;0.024
5.10.2018;0.024
6.10.2018;0.024
7.10.2018;0.024
8.10.2018;0.022
9.10.2018;0.022
10.10.2018;0.022
11.10.2018;0.022
12.10.2018;0.022
13.10.2018;0.022
14.10.2018;0.022
15.10.2018;0.022
16.10.2018;0.022
17.10.2018;0.022
18.10.2018;0.022
19.10.2018;0.022
20.10.2018;0.022
21.10.2018;0.022
22.10.2018;0.022
23.10.2018;0.022
24.10.2018;0.022
25.10.2018;0.022
26.10.2018;0.022
27.10.2018;0.022
28.10.2018;0.022
29.10.2018;0.022
30.10.2018;0.022
31.10.2018;0.022
1.11.2018;0.022
2.11.2018;0.022
3.11.2018;0.022
4.11.2018;0.022
5.11.2018;0.022
6.11.2018;0.022
7.11.2018;0.022
8.11.2018;0.022
9.11.2018;0.022
10.11.2018;0.022
11.11.2018;0.02
12.11.2018;0.02
13.11.2018;0.02
14.11.2018;0.02
15.11.2018;0.02
16.11.2018;0.02
17.11.2018;0.02
18.11.2018;0.02
19.11.2018;0.02
20.11.2018;0.02
21.11.2018;0.02
22.11.2018;0.02
23.11.2018;0.02
24.11.2018;0.02
25.11.2018;0.02
26.11.2018;0.02
27.11.2018;0.02
28.11.2018;0.02
29.11.2018;0.02
30.11.2018;0.02
1.12.2018;0.02
2.12.2018;0.02
3.12.2018;0.02
4.12.2018;0.02
5.12.2018;0.02
6.12.2018;0.02
7.12.2018;0.02
8.12.2018;0.018
9.12.2018;0.018
10.12.2018;0.018
11.12.2018;0.018
12.12.2018;0.018
13.12.2018;0.018
14.12.2018;0.018
15.12.2018;0.018
16.12.2018;0.018
17.12.2018;0.018
18.12.2018;0.019
19.12.2018;0.029
20.12.2018;0.022
21.12.2018;0.02
22.12.2018;0.021
23.12.2018;0.02
24.12.2018;0.02
25.12.2018;0.022
26.12.2018;0.022
27.12.2018;0.021
28.12.2018;0.02
29.12.2018;0.02
30.12.2018;0.02
31.12.2018;0.019
1.01.2019;0.022
2.01.2019;0.022
3.01.2019;0.022
4.01.2019;0.022
5.01.2019;0.022
6.01.2019;0.022
7.01.2019;0.022
8.01.2019;0.022
9.01.2019;0.022
10.01.2019;0.022
11.01.2019;0.022
12.01.2019;0.018
13.01.2019;0.018
14.01.2019;0.018
15.01.2019;0.018
16.01.2019;0.018
17.01.2019;0.018
18.01.2019;0.018
19.01.2019;0.018
20.01.2019;0.018
21.01.2019;0.018
22.01.2019;0.018
23.01.2019;0.018
24.01.2019;0.018
25.01.2019;0.018
26.01.2019;0.018
27.01.2019;0.018
28.01.2019;0.039
29.01.2019;0.026
30.01.2019;0.024
31.01.2019;0.022
1.02.2019;0.022
2.02.2019;0.022
3.02.2019;0.024
4.02.2019;0.028
5.02.2019;0.028
6.02.2019;0.026
7.02.2019;0.026
8.02.2019;0.026
9.02.2019;0.026
10.02.2019;0.026
11.02.2019;0.031
12.02.2019;0.028
13.02.2019;0.026
14.02.2019;0.026
15.02.2019;0.026
16.02.2019;0.026
17.02.2019;0.026
18.02.2019;0.026
19.02.2019;0.026
20.02.2019;0.026
21.02.2019;0.026
22.02.2019;0.026
23.02.2019;0.031
24.02.2019;0.026
25.02.2019;0.026
26.02.2019;0.026
27.02.2019;0.026
28.02.2019;0.026
1.03.2019;0.028
2.03.2019;0.028
3.03.2019;0.028
4.03.2019;0.028
5.03.2019;0.028
6.03.2019;0.033
7.03.2019;0.031
8.03.2019;0.031
9.03.2019;0.026
10.03.2019;0.026
11.03.2019;0.026
12.03.2019;0.026
13.03.2019;0.026
14.03.2019;0.026
15.03.2019;0.026
16.03.2019;0.026
17.03.2019;0.026
18.03.2019;0.026
19.03.2019;0.026
20.03.2019;0.024
21.03.2019;0.024
22.03.2019;0.024
23.03.2019;0.024
24.03.2019;0.028
25.03.2019;0.026
26.03.2019;0.028
27.03.2019;0.024
28.03.2019;0.024
29.03.2019;0.024
30.03.2019;0.024
31.03.2019;0.026
1.04.2019;0.026
2.04.2019;0.026
3.04.2019;0.024
4.04.2019;0.024
5.04.2019;0.026
6.04.2019;0.026
7.04.2019;0.026
8.04.2019;0.026
9.04.2019;0.028
10.04.2019;0.026
11.04.2019;0.026
12.04.2019;0.024
13.04.2019;0.024
14.04.2019;0.026
15.04.2019;0.024
16.04.2019;0.026
17.04.2019;0.026
18.04.2019;0.026
19.04.2019;0.026
20.04.2019;0.026
21.04.2019;0.026
22.04.2019;0.026
23.04.2019;0.026
24.04.2019;0.026
25.04.2019;0.026
26.04.2019;0.026
27.04.2019;0.026
28.04.2019;0.026
29.04.2019;0.026
30.04.2019;0.028
1.05.2019;0.031
2.05.2019;0.031
3.05.2019;0.031
4.05.2019;0.033
5.05.2019;0.031
6.05.2019;0.031
7.05.2019;0.031
8.05.2019;0.028
9.05.2019;0.033
10.05.2019;0.036
11.05.2019;0.036
12.05.2019;0.039
13.05.2019;0.042
14.05.2019;0.042
15.05.2019;0.042
16.05.2019;0.042
17.05.2019;0.042
18.05.2019;0.045
19.05.2019;0.045
20.05.2019;0.045
21.05.2019;0.042
22.05.2019;0.042
23.05.2019;0.042
24.05.2019;0.042
25.05.2019;0.042
26.05.2019;0.045
27.05.2019;0.045
28.05.2019;0.048
29.05.2019;0.092
30.05.2019;0.153
31.05.2019;0.326
1.06.2019;0.265
2.06.2019;0.209
3.06.2019;0.167
4.06.2019;0.123
5.06.2019;0.16
6.06.2019;0.107
7.06.2019;0.088
8.06.2019;0.079
9.06.2019;0.129
10.06.2019;0.071
11.06.2019;0.071
12.06.2019;0.059
13.06.2019;0.102
14.06.2019;0.055
15.06.2019;0.052
16.06.2019;0.048
17.06.2019;0.048
18.06.2019;0.045
19.06.2019;0.045
20.06.2019;0.042
21.06.2019;0.097
22.06.2019;0.048
23.06.2019;0.083
24.06.2019;0.067
25.06.2019;0.055
26.06.2019;0.052
27.06.2019;0.079
28.06.2019;0.045
29.06.2019;0.045
30.06.2019;0.042
1.07.2019;0.039
2.07.2019;0.039
3.07.2019;0.039
4.07.2019;0.088
5.07.2019;0.039
6.07.2019;0.036
7.07.2019;0.036
8.07.2019;0.036
9.07.2019;0.033
10.07.2019;0.079
11.07.2019;0.033
12.07.2019;0.033
13.07.2019;0.031
14.07.2019;0.031
15.07.2019;0.031
16.07.2019;0.031
17.07.2019;0.031
18.07.2019;0.031
19.07.2019;0.071
20.07.2019;0.031
21.07.2019;0.028
22.07.2019;0.028
23.07.2019;0.028
24.07.2019;0.028
25.07.2019;0.028
26.07.2019;0.028
27.07.2019;0.028
28.07.2019;0.028
29.07.2019;0.055
30.07.2019;0.028
31.07.2019;0.026
1.08.2019;0.026
2.08.2019;0.026
3.08.2019;0.026
4.08.2019;0.026
5.08.2019;0.026
6.08.2019;0.026
7.08.2019;0.026
8.08.2019;0.026
9.08.2019;0.026
10.08.2019;0.026
11.08.2019;0.026
12.08.2019;0.026
13.08.2019;0.052
14.08.2019;0.026
15.08.2019;0.026
16.08.2019;0.024
17.08.2019;0.024
18.08.2019;0.024
19.08.2019;0.024
20.08.2019;0.024
21.08.2019;0.024
22.08.2019;0.024
23.08.2019;0.024
24.08.2019;0.024
25.08.2019;0.024
26.08.2019;0.024
27.08.2019;0.024
28.08.2019;0.024
29.08.2019;0.036
30.08.2019;0.028
31.08.2019;0.026
1.09.2019;0.026
2.09.2019;0.024
3.09.2019;0.024
4.09.2019;0.024
5.09.2019;0.024
6.09.2019;0.024
7.09.2019;0.024
8.09.2019;0.024
9.09.2019;0.024
10.09.2019;0.024
11.09.2019;0.024
12.09.2019;0.024
13.09.2019;0.024
14.09.2019;0.024
15.09.2019;0.024
16.09.2019;0.024
17.09.2019;0.024
18.09.2019;0.024
19.09.2019;0.024
20.09.2019;0.022
21.09.2019;0.022
22.09.2019;0.022
23.09.2019;0.022
24.09.2019;0.022
25.09.2019;0.022
26.09.2019;0.022
27.09.2019;0.022
28.09.2019;0.022
29.09.2019;0.022
30.09.2019;0.022
1.10.2019;0.022
2.10.2019;0.022
3.10.2019;0.022
4.10.2019;0.022
5.10.2019;0.022
6.10.2019;0.022
7.10.2019;0.022
8.10.2019;0.022
9.10.2019;0.022
10.10.2019;0.022
11.10.2019;0.022
12.10.2019;0.022
13.10.2019;0.022
14.10.2019;0.022
15.10.2019;0.022
16.10.2019;0.022
17.10.2019;0.022
18.10.2019;0.022
19.10.2019;0.022
20.10.2019;0.022
21.10.2019;0.02
22.10.2019;0.02
23.10.2019;0.02
24.10.2019;0.02
25.10.2019;0.02
26.10.2019;0.02
27.10.2019;0.02
28.10.2019;0.024
29.10.2019;0.02
30.10.2019;0.02
31.10.2019;0.02
1.11.2019;0.02
2.11.2019;0.02
3.11.2019;0.02
4.11.2019;0.022
5.11.2019;0.022
6.11.2019;0.031
7.11.2019;0.026
8.11.2019;0.024
9.11.2019;0.024
10.11.2019;0.024
11.11.2019;0.045
12.11.2019;0.055
13.11.2019;0.083
14.11.2019;0.092
15.11.2019;0.075
16.11.2019;0.063
17.11.2019;0.141
18.11.2019;0.055
19.11.2019;0.045
20.11.2019;0.045
21.11.2019;0.042
22.11.2019;0.055
23.11.2019;0.059
24.11.2019;0.129
25.11.2019;0.063
26.11.2019;0.059
27.11.2019;0.059
28.11.2019;0.059
29.11.2019;0.059
30.11.2019;0.075
1.12.2019;0.083
2.12.2019;0.088
3.12.2019;0.075
4.12.2019;0.071
5.12.2019;0.107
6.12.2019;0.063
7.12.2019;0.123
8.12.2019;0.059
9.12.2019;0.055
10.12.2019;0.055
11.12.2019;0.055
12.12.2019;0.173
13.12.2019;0.088
14.12.2019;0.16
15.12.2019;0.135
16.12.2019;0.16
17.12.2019;0.16
18.12.2019;0.147
19.12.2019;0.135
20.12.2019;0.102
21.12.2019;0.097
22.12.2019;0.141
23.12.2019;0.097
24.12.2019;0.239
25.12.2019;0.25
26.12.2019;0.239
27.12.2019;0.202
28.12.2019;0.18
29.12.2019;0.167
30.12.2019;0.147
31.12.2019;0.141
1.01.2020;0.107
2.01.2020;0.102
3.01.2020;0.097
4.01.2020;0.092
5.01.2020;0.088
6.01.2020;0.083
7.01.2020;0.117
8.01.2020;0.079
9.01.2020;0.071
10.01.2020;0.075
11.01.2020;0.117
12.01.2020;0.067
13.01.2020;0.063
14.01.2020;0.063
15.01.2020;0.112
16.01.2020;0.059
17.01.2020;0.055
18.01.2020;0.055
19.01.2020;0.055
20.01.2020;0.052
21.01.2020;0.141
22.01.2020;0.052
23.01.2020;0.048
24.01.2020;0.048
25.01.2020;0.048
26.01.2020;0.117
27.01.2020;0.048
28.01.2020;0.059
29.01.2020;0.045
30.01.2020;0.045
31.01.2020;0.045
1.02.2020;0.042
2.02.2020;0.042
3.02.2020;0.112
4.02.2020;0.042
5.02.2020;0.059
6.02.2020;0.075
7.02.2020;0.079
8.02.2020;0.079
9.02.2020;0.079
10.02.2020;0.141
11.02.2020;0.129
12.02.2020;0.102
13.02.2020;0.092
14.02.2020;0.075
15.02.2020;0.071
16.02.2020;0.123
17.02.2020;0.071
18.02.2020;0.129
19.02.2020;0.071
20.02.2020;0.147
21.02.2020;0.067
22.02.2020;0.063
23.02.2020;0.067
24.02.2020;0.167
25.02.2020;0.063
26.02.2020;0.135
27.02.2020;0.063
28.02.2020;0.063
29.02.2020;0.055
1.03.2020;0.063
2.03.2020;0.059
3.03.2020;0.107
4.03.2020;0.187
5.03.2020;0.173
6.03.2020;0.141
7.03.2020;0.217
8.03.2020;0.18
9.03.2020;0.135
10.03.2020;0.228
11.03.2020;0.167
12.03.2020;0.147
13.03.2020;0.117
14.03.2020;0.112
15.03.2020;0.194
16.03.2020;0.102
17.03.2020;0.097
18.03.2020;0.135
19.03.2020;0.092
20.03.2020;0.088
21.03.2020;0.173
22.03.2020;0.088
23.03.2020;0.083
24.03.2020;0.083
25.03.2020;0.167
26.03.2020;0.079
27.03.2020;0.079
28.03.2020;0.075
29.03.2020;0.075
30.03.2020;0.075
31.03.2020;0.153
1.04.2020;0.088
2.04.2020;0.067
3.04.2020;0.067
4.04.2020;0.067
5.04.2020;0.063
6.04.2020;0.063
7.04.2020;0.141
8.04.2020;0.059
9.04.2020;0.059
10.04.2020;0.059
11.04.2020;0.059
12.04.2020;0.141
13.04.2020;0.059
14.04.2020;0.075
15.04.2020;0.055
16.04.2020;0.052
17.04.2020;0.052
18.04.2020;0.055
19.04.2020;0.055
20.04.2020;0.048
21.04.2020;0.048
22.04.2020;0.048
23.04.2020;0.048
24.04.2020;0.048
25.04.2020;0.048
26.04.2020;0.048
27.04.2020;0.045
28.04.2020;0.147
29.04.2020;0.045
30.04.2020;0.045
1.05.2020;0.045
2.05.2020;0.045
3.05.2020;0.042
4.05.2020;0.045
5.05.2020;0.042
6.05.2020;0.042
7.05.2020;0.042
8.05.2020;0.039
9.05.2020;0.039
10.05.2020;0.039
11.05.2020;0.039
12.05.2020;0.039
13.05.2020;0.039
14.05.2020;0.036
15.05.2020;0.036
16.05.2020;0.042
17.05.2020;0.036
18.05.2020;0.036
19.05.2020;0.036
20.05.2020;0.036
21.05.2020;0.036
22.05.2020;0.036
23.05.2020;0.033
24.05.2020;0.033
25.05.2020;0.036
26.05.2020;0.033
27.05.2020;0.033
28.05.2020;0.033
29.05.2020;0.033
30.05.2020;0.033
31.05.2020;0.033
1.06.2020;0.033
2.06.2020;0.033
3.06.2020;0.033
4.06.2020;0.033
5.06.2020;0.033
6.06.2020;0.033
7.06.2020;0.031
8.06.2020;0.031
9.06.2020;0.031
10.06.2020;0.031
11.06.2020;0.067
12.06.2020;0.031
13.06.2020;0.031
14.06.2020;0.033
15.06.2020;0.031
16.06.2020;0.031
17.06.2020;0.031
18.06.2020;0.031
19.06.2020;0.033
20.06.2020;0.033
21.06.2020;0.033
22.06.2020;0.033
23.06.2020;0.033
24.06.2020;0.033
25.06.2020;0.033
26.06.2020;0.031
27.06.2020;0.031
28.06.2020;0.045
29.06.2020;0.042
30.06.2020;0.042
1.07.2020;0.042
2.07.2020;0.102
3.07.2020;0.042
4.07.2020;0.071
5.07.2020;0.071
6.07.2020;0.071
7.07.2020;0.059
8.07.2020;0.055
9.07.2020;0.107
10.07.2020;0.048
11.07.2020;0.048
12.07.2020;0.112
13.07.2020;0.042
14.07.2020;0.042
15.07.2020;0.042
16.07.2020;0.039
17.07.2020;0.039
18.07.2020;0.039
19.07.2020;0.075
20.07.2020;0.039
21.07.2020;0.039
22.07.2020;0.048
23.07.2020;0.036
24.07.2020;0.036
25.07.2020;0.036
26.07.2020;0.036
27.07.2020;0.036
28.07.2020;0.036
29.07.2020;0.033
30.07.2020;0.033
31.07.2020;0.033
1.08.2020;0.033
2.08.2020;0.033
3.08.2020;0.033
4.08.2020;0.033
5.08.2020;0.033
6.08.2020;0.031
7.08.2020;0.031
8.08.2020;0.031
9.08.2020;0.031
10.08.2020;0.031
11.08.2020;0.031
12.08.2020;0.031
13.08.2020;0.042
14.08.2020;0.028
15.08.2020;0.028
16.08.2020;0.028
17.08.2020;0.028
18.08.2020;0.028
19.08.2020;0.028
20.08.2020;0.028
21.08.2020;0.028
22.08.2020;0.031
23.08.2020;0.028
24.08.2020;0.028
25.08.2020;0.028
26.08.2020;0.028
27.08.2020;0.026
28.08.2020;0.026
29.08.2020;0.026
30.08.2020;0.026
31.08.2020;0.026
1.09.2020;0.028
2.09.2020;0.028
3.09.2020;0.026
4.09.2020;0.026
5.09.2020;0.026
6.09.2020;0.026
7.09.2020;0.026
8.09.2020;0.024
9.09.2020;0.024
10.09.2020;0.024
11.09.2020;0.024
12.09.2020;0.024
13.09.2020;0.024
14.09.2020;0.024
15.09.2020;0.024
16.09.2020;0.026
17.09.2020;0.024
18.09.2020;0.024
19.09.2020;0.024
20.09.2020;0.024
21.09.2020;0.024
22.09.2020;0.024
23.09.2020;0.024
24.09.2020;0.024
25.09.2020;0.024
26.09.2020;0.024
27.09.2020;0.024
28.09.2020;0.024
29.09.2020;0.024
30.09.2020;0.024
1.10.2020;0.024
2.10.2020;0.024
3.10.2020;0.024
4.10.2020;0.024
5.10.2020;0.024
6.10.2020;0.047
7.10.2020;0.024
8.10.2020;0.024
9.10.2020;0.022
10.10.2020;0.022
11.10.2020;0.022
12.10.2020;0.023
13.10.2020;0.047
14.10.2020;0.361
15.10.2020;0.546
16.10.2020;0.405
17.10.2020;0.356
18.10.2020;0.313
19.10.2020;0.305
20.10.2020;0.27
21.10.2020;0.227
22.10.2020;0.199
23.10.2020;0.175
24.10.2020;0.139
25.10.2020;0.154
26.10.2020;0.161
27.10.2020;0.176
28.10.2020;0.165
29.10.2020;0.147
30.10.2020;0.208
31.10.2020;0.143
1.11.2020;0.118
2.11.2020;0.163
3.11.2020;0.108
4.11.2020;0.104
5.11.2020;0.142
6.11.2020;0.101
7.11.2020;0.146
8.11.2020;0.132
9.11.2020;0.131
10.11.2020;0.108
11.11.2020;0.125
12.11.2020;0.099
13.11.2020;0.094
14.11.2020;0.094
15.11.2020;0.151
16.11.2020;0.085
17.11.2020;0.093
18.11.2020;0.11
19.11.2020;0.078
20.11.2020;0.075
21.11.2020;0.071
22.11.2020;0.095
23.11.2020;0.094
24.11.2020;0.086
25.11.2020;0.066
26.11.2020;0.063
27.11.2020;0.063
28.11.2020;0.079
29.11.2020;0.085
30.11.2020;0.071
1.12.2020;0.057
2.12.2020;0.055
3.12.2020;0.055
4.12.2020;0.055
5.12.2020;0.052
6.12.2020;0.052
7.12.2020;0.052
8.12.2020;0.052
9.12.2020;0.053
10.12.2020;0.112
11.12.2020;0.055
12.12.2020;0.058
13.12.2020;0.062
14.12.2020;0.063
15.12.2020;0.066
16.12.2020;0.123
17.12.2020;0.085
18.12.2020;0.079
19.12.2020;0.079
20.12.2020;0.079
21.12.2020;0.075
22.12.2020;0.075
23.12.2020;0.075
24.12.2020;0.075
25.12.2020;0.075
26.12.2020;0.074
27.12.2020;0.073
28.12.2020;0.075
29.12.2020;0.078
30.12.2020;0.108
31.12.2020;0.196
1.01.2021;0.2248
2.01.2021;0.2085
3.01.2021;0.2038
4.01.2021;0.1942
5.01.2021;0.1876
6.01.2021;0.1803
7.01.2021;0.1945
8.01.2021;0.2191
9.01.2021;0.2372
10.01.2021;0.2312
11.01.2021;0.2226
12.01.2021;0.2086
13.01.2021;0.1994
14.01.2021;0.1857
15.01.2021;0.1719
16.01.2021;0.162
17.01.2021;0.1347
18.01.2021;0.118
19.01.2021;0.1577
20.01.2021;0.1246
21.01.2021;0.1069
22.01.2021;0.097
23.01.2021;0.1312
24.01.2021;0.1251
25.01.2021;0.107
26.01.2021;0.1479
27.01.2021;0.1167
28.01.2021;0.1216
29.01.2021;0.206
30.01.2021;0.1498
31.01.2021;0.1419
1.02.2021;0.1278
2.02.2021;0.1433
3.02.2021;0.1514
4.02.2021;0.1543
5.02.2021;0.1339
6.02.2021;0.1571
7.02.2021;0.1861
8.02.2021;0.2822
9.02.2021;0.5138
10.02.2021;0.5093
11.02.2021;0.4847
12.02.2021;0.4311
13.02.2021;0.3875
14.02.2021;0.3332
15.02.2021;0.3038
16.02.2021;0.2719
17.02.2021;0.2456
18.02.2021;0.2305
19.02.2021;0.2171
20.02.2021;0.1763
21.02.2021;0.2225
22.02.2021;0.1815
23.02.2021;0.2099
24.02.2021;0.179
25.02.2021;0.2235
26.02.2021;0.2387
27.02.2021;0.2263
28.02.2021;0.217
1.03.2021;0.2074
2.03.2021;0.1977
3.03.2021;0.1634
4.03.2021;0.2019
5.03.2021;0.1763
6.03.2021;0.1552
7.03.2021;0.1655
8.03.2021;0.1491
9.03.2021;0.1383
10.03.2021;0.1226
11.03.2021;0.107
12.03.2021;0.1341
13.03.2021;0.1164
14.03.2021;0.1234
15.03.2021;0.0957
16.03.2021;0.092
17.03.2021;0.1297
18.03.2021;0.0859
19.03.2021;0.1046
20.03.2021;0.0832
21.03.2021;0.079
22.03.2021;0.104
23.03.2021;0.0754
24.03.2021;0.071
25.03.2021;0.1002
26.03.2021;0.0684
27.03.2021;0.0667
28.03.2021;0.063
29.03.2021;0.063
30.03.2021;0.0618
31.03.2021;0.0612
1.04.2021;0.0999
2.04.2021;0.0962
3.04.2021;0.066
4.04.2021;0.055
5.04.2021;0.055
6.04.2021;0.055
7.04.2021;0.0533
8.04.2021;0.052
9.04.2021;0.067
10.04.2021;0.0777
11.04.2021;0.0496
12.04.2021;0.048
13.04.2021;0.0491
14.04.2021;0.0508
15.04.2021;0.0666
16.04.2021;0.076
17.04.2021;0.052
18.04.2021;0.0537
19.04.2021;0.055
20.04.2021;0.055
21.04.2021;0.0952
22.04.2021;0.0871
23.04.2021;0.0659
24.04.2021;0.0717
25.04.2021;0.1521
26.04.2021;0.1177
27.04.2021;0.0986
28.04.2021;0.097
29.04.2021;0.1098
30.04.2021;0.1385
1.05.2021;0.094
2.05.2021;0.092
3.05.2021;0.128
4.05.2021;0.1055
5.05.2021;0.088
6.05.2021;0.1198
7.05.2021;0.0846
8.05.2021;0.0816
9.05.2021;0.1249
10.05.2021;0.1054
11.05.2021;0.0967
12.05.2021;0.0944
13.05.2021;0.0944
14.05.2021;0.0821
15.05.2021;0.0768
16.05.2021;0.0792
17.05.2021;0.145
18.05.2021;0.4521
19.05.2021;0.664
20.05.2021;0.5878
21.05.2021;0.4937
22.05.2021;0.4226
23.05.2021;0.36
24.05.2021;0.3114
25.05.2021;0.2866
26.05.2021;0.2562
27.05.2021;0.2024
28.05.2021;0.2316
29.05.2021;0.1973
30.05.2021;0.1839
31.05.2021;0.1561
1.06.2021;0.1933
2.06.2021;0.1375
3.06.2021;0.1535
4.06.2021;0.1369
5.06.2021;0.1511
6.06.2021;0.1171
7.06.2021;0.1123
8.06.2021;0.1077
9.06.2021;0.1038
10.06.2021;0.1251
11.06.2021;0.1468
12.06.2021;0.0939
13.06.2021;0.0899
14.06.2021;0.1167
15.06.2021;0.0854
16.06.2021;0.083
17.06.2021;0.0791
18.06.2021;0.0759
19.06.2021;0.075
20.06.2021;0.1177
21.06.2021;0.0748
22.06.2021;0.071
23.06.2021;0.0682
24.06.2021;0.067
25.06.2021;0.0649
26.06.2021;0.063
27.06.2021;0.063
28.06.2021;0.0603
29.06.2021;0.059
30.06.2021;0.059
1.07.2021;0.1202
2.07.2021;0.0703
3.07.2021;0.0605
4.07.2021;0.052
5.07.2021;0.052
6.07.2021;0.0516
7.07.2021;0.048
8.07.2021;0.048
9.07.2021;0.0533
10.07.2021;0.0556
11.07.2021;0.0462
12.07.2021;0.045
13.07.2021;0.045
14.07.2021;0.045
15.07.2021;0.045
16.07.2021;0.088
17.07.2021;0.0468
18.07.2021;0.0427
19.07.2021;0.042
20.07.2021;0.042
21.07.2021;0.0398
22.07.2021;0.039
23.07.2021;0.039
24.07.2021;0.0411
25.07.2021;0.0647
26.07.2021;0.0447
27.07.2021;0.039
28.07.2021;0.039
29.07.2021;0.0364
30.07.2021;0.036
31.07.2021;0.036
1.08.2021;0.036
2.08.2021;0.036
3.08.2021;0.036
4.08.2021;0.036
5.08.2021;0.036
6.08.2021;0.036
7.08.2021;0.036
8.08.2021;0.0593
9.08.2021;0.0384
10.08.2021;0.033
11.08.2021;0.033
12.08.2021;0.0385
13.08.2021;0.033
14.08.2021;0.033
15.08.2021;0.033
16.08.2021;0.033
17.08.2021;0.033
18.08.2021;0.033
19.08.2021;0.033
20.08.2021;0.033
21.08.2021;0.033
22.08.2021;0.033
23.08.2021;0.033
24.08.2021;0.0319
25.08.2021;0.031
26.08.2021;0.031
27.08.2021;0.0555
28.08.2021;0.031
29.08.2021;0.031
30.08.2021;0.031
31.08.2021;0.031
1.09.2021;0.031
2.09.2021;0.031
3.09.2021;0.031
4.09.2021;0.031
5.09.2021;0.031
6.09.2021;0.031
7.09.2021;0.031
8.09.2021;0.031
9.09.2021;0.031
10.09.2021;0.031
11.09.2021;0.031
12.09.2021;0.031
13.09.2021;0.0309
14.09.2021;0.028
15.09.2021;0.028
16.09.2021;0.028
17.09.2021;0.0306
18.09.2021;0.031
19.09.2021;0.031
20.09.2021;0.0568
21.09.2021;0.0281
22.09.2021;0.028
23.09.2021;0.028
24.09.2021;0.028
25.09.2021;0.028
26.09.2021;0.028
27.09.2021;0.028
28.09.2021;0.028
29.09.2021;0.028
30.09.2021;0.028
1.10.2021;0.028
2.10.2021;0.028
3.10.2021;0.028
4.10.2021;0.028
5.10.2021;0.028
6.10.2021;0.028
7.10.2021;0.028
8.10.2021;0.028
9.10.2021;0.028
10.10.2021;0.028
11.10.2021;0.028
12.10.2021;0.028
13.10.2021;0.0277
14.10.2021;0.026
15.10.2021;0.0269
16.10.2021;0.028
17.10.2021;0.028
18.10.2021;0.028
19.10.2021;0.028
20.10.2021;0.028
21.10.2021;0.0268
22.10.2021;0.026
23.10.2021;0.026
24.10.2021;0.026
25.10.2021;0.0275
26.10.2021;0.028
27.10.2021;0.028
28.10.2021;0.028
29.10.2021;0.028
30.10.2021;0.028
31.10.2021;0.028
1.11.2021;0.0265
2.11.2021;0.026
3.11.2021;0.026
4.11.2021;0.032
5.11.2021;0.0338
6.11.2021;0.0251
7.11.2021;0.0251
8.11.2021;0.0277
9.11.2021;0.031
10.11.2021;0.031
11.11.2021;0.031
12.11.2021;0.0284
13.11.2021;0.028
14.11.2021;0.028
15.11.2021;0.028
16.11.2021;0.028
17.11.2021;0.028
18.11.2021;0.028
19.11.2021;0.0311
20.11.2021;0.0378
21.11.2021;0.0409
22.11.2021;0.036
23.11.2021;0.0331
24.11.2021;0.033
25.11.2021;0.033
26.11.2021;0.033
27.11.2021;0.033
28.11.2021;0.033
29.11.2021;0.033
30.11.2021;0.033
1.12.2021;0.033
2.12.2021;0.033
3.12.2021;0.0329
4.12.2021;0.031
5.12.2021;0.031
6.12.2021;0.031
7.12.2021;0.031
8.12.2021;0.031
9.12.2021;0.031
10.12.2021;0.031
11.12.2021;0.031
12.12.2021;0.031
13.12.2021;0.031
14.12.2021;0.0304
15.12.2021;0.028
16.12.2021;0.028
17.12.2021;0.028
18.12.2021;0.0272
19.12.2021;0.026
20.12.2021;0.026
21.12.2021;0.0268
22.12.2021;0.028
23.12.2021;0.028
24.12.2021;0.028
25.12.2021;0.0275
26.12.2021;0.026
27.12.2021;0.026
28.12.2021;0.026
29.12.2021;0.026
30.12.2021;0.026
31.12.2021;0.026
1.01.2022;0.026
2.01.2022;0.026
3.01.2022;0.026
4.01.2022;0.026
5.01.2022;0.026
6.01.2022;0.026
7.01.2022;0.026
8.01.2022;0.026
9.01.2022;0.026
10.01.2022;0.026
11.01.2022;0.026
12.01.2022;0.026
13.01.2022;0.026
14.01.2022;0.026
15.01.2022;0.026
16.01.2022;0.026
17.01.2022;0.026
18.01.2022;0.026
19.01.2022;0.026
20.01.2022;0.026
21.01.2022;0.026
22.01.2022;0.026
23.01.2022;0.0269
24.01.2022;0.028
25.01.2022;0.028
26.01.2022;0.028
27.01.2022;0.028
28.01.2022;0.028
29.01.2022;0.028
30.01.2022;0.028
31.01.2022;0.028
1.02.2022;0.028
2.02.2022;0.028
3.02.2022;0.028
4.02.2022;0.028
5.02.2022;0.0261
6.02.2022;0.024
7.02.2022;0.024
8.02.2022;0.024
9.02.2022;0.024
10.02.2022;0.024
11.02.2022;0.024
12.02.2022;0.024
13.02.2022;0.024
14.02.2022;0.024
15.02.2022;0.024
16.02.2022;0.024
17.02.2022;0.024
18.02.2022;0.024
19.02.2022;0.0249
20.02.2022;0.0275
21.02.2022;0.028
22.02.2022;0.028
23.02.2022;0.028
24.02.2022;0.0259
25.02.2022;0.024
26.02.2022;0.024
27.02.2022;0.024
28.02.2022;0.0247
1.03.2022;0.0275
2.03.2022;0.028
3.03.2022;0.028
4.03.2022;0.028
5.03.2022;0.026
6.03.2022;0.024
7.03.2022;0.024
8.03.2022;0.024
9.03.2022;0.0229
10.03.2022;0.022
11.03.2022;0.022
12.03.2022;0.022
13.03.2022;0.022
14.03.2022;0.022
15.03.2022;0.022
16.03.2022;0.0238
17.03.2022;0.024
18.03.2022;0.024
19.03.2022;0.024
20.03.2022;0.024
21.03.2022;0.024
22.03.2022;0.024
23.03.2022;0.024
24.03.2022;0.024
25.03.2022;0.024
26.03.2022;0.024
27.03.2022;0.024
28.03.2022;0.023
29.03.2022;0.022
30.03.2022;0.022
31.03.2022;0.0229
1.04.2022;0.027
2.04.2022;0.0428
3.04.2022;0.048
4.04.2022;0.048
5.04.2022;0.0476
6.04.2022;0.0432
7.04.2022;0.042
8.04.2022;0.042
9.04.2022;0.0424
10.04.2022;0.0559
11.04.2022;0.0728
12.04.2022;0.0748
13.04.2022;0.0691
14.04.2022;0.067
15.04.2022;0.0623
16.04.2022;0.0461
17.04.2022;0.045
18.04.2022;0.0421
19.04.2022;0.042
20.04.2022;0.042
21.04.2022;0.0398
22.04.2022;0.0924
23.04.2022;0.0481
24.04.2022;0.045
25.04.2022;0.0428
26.04.2022;0.0413
27.04.2022;0.039
28.04.2022;0.039
29.04.2022;0.039
30.04.2022;0.039
1.05.2022;0.0383
2.05.2022;0.037
3.05.2022;0.0389
4.05.2022;0.0373
5.05.2022;0.036
6.05.2022;0.036
7.05.2022;0.0361
8.05.2022;0.039
9.05.2022;0.0364
10.05.2022;0.0381
11.05.2022;0.039
12.05.2022;0.039
13.05.2022;0.039
14.05.2022;0.039
15.05.2022;0.039
16.05.2022;0.039
17.05.2022;0.0371
18.05.2022;0.036
19.05.2022;0.036
20.05.2022;0.036
21.05.2022;0.036
22.05.2022;0.036
23.05.2022;0.036
24.05.2022;0.036
25.05.2022;0.0354
26.05.2022;0.033
27.05.2022;0.0341
28.05.2022;0.0341
29.05.2022;0.033
30.05.2022;0.033
31.05.2022;0.033
1.06.2022;0.033
2.06.2022;0.0326
3.06.2022;0.031
4.06.2022;0.031
5.06.2022;0.031
6.06.2022;0.031
7.06.2022;0.031
8.06.2022;0.031
9.06.2022;0.031
10.06.2022;0.031
11.06.2022;0.0281
12.06.2022;0.028
13.06.2022;0.028
14.06.2022;0.028
15.06.2022;0.028
16.06.2022;0.028
17.06.2022;0.028
18.06.2022;0.028
19.06.2022;0.028
20.06.2022;0.028
21.06.2022;0.0261
22.06.2022;0.026
23.06.2022;0.026
24.06.2022;0.026
25.06.2022;0.026
26.06.2022;0.026
27.06.2022;0.026
28.06.2022;0.026
29.06.2022;0.026
30.06.2022;0.026
1.07.2022;0.026
2.07.2022;0.0249
3.07.2022;0.024
4.07.2022;0.024
5.07.2022;0.024
6.07.2022;0.024
7.07.2022;0.024
8.07.2022;0.024
9.07.2022;0.024
10.07.2022;0.024
11.07.2022;0.024
12.07.2022;0.024
13.07.2022;0.0233
14.07.2022;0.024
15.07.2022;0.024
16.07.2022;0.024
17.07.2022;0.023
18.07.2022;0.022
19.07.2022;0.022
20.07.2022;0.022
21.07.2022;0.022
22.07.2022;0.022
23.07.2022;0.022
24.07.2022;0.022
25.07.2022;0.022
26.07.2022;0.022
27.07.2022;0.022
28.07.2022;0.022
29.07.2022;0.022
30.07.2022;0.022
31.07.2022;0.022
1.08.2022;0.022
2.08.2022;0.022
3.08.2022;0.022
4.08.2022;0.022
5.08.2022;0.022
6.08.2022;0.022
7.08.2022;0.022
8.08.2022;0.022
9.08.2022;0.022
10.08.2022;0.022
11.08.2022;0.022
12.08.2022;0.022
13.08.2022;0.022
14.08.2022;0.022
15.08.2022;0.022
16.08.2022;0.022
17.08.2022;0.022
18.08.2022;0.022
19.08.2022;0.022
20.08.2022;0.022
21.08.2022;0.02
22.08.2022;0.02
23.08.2022;0.02
24.08.2022;0.02
25.08.2022;0.02
26.08.2022;0.02
27.08.2022;0.02
28.08.2022;0.02
29.08.2022;0.02
30.08.2022;0.02
31.08.2022;0.02
1.09.2022;0.02
2.09.2022;0.02
3.09.2022;0.02
4.09.2022;0.02
5.09.2022;0.02
6.09.2022;0.02
7.09.2022;0.02
8.09.2022;0.02
9.09.2022;0.02
10.09.2022;0.02
11.09.2022;0.02
12.09.2022;0.0192
13.09.2022;0.018
14.09.2022;0.0194
15.09.2022;0.02
16.09.2022;0.02
17.09.2022;0.02
18.09.2022;0.0198
19.09.2022;0.018
20.09.2022;0.018
21.09.2022;0.018
22.09.2022;0.018
23.09.2022;0.018
24.09.2022;0.018
25.09.2022;0.018
26.09.2022;0.0195
27.09.2022;0.02
28.09.2022;0.018
29.09.2022;0.0194
30.09.2022;0.02
1.10.2022;0.0214
2.10.2022;0.024
3.10.2022;0.0238
4.10.2022;0.022
5.10.2022;0.0205
6.10.2022;0.02
7.10.2022;0.02
8.10.2022;0.02
9.10.2022;0.02
10.10.2022;0.02
11.10.2022;0.02
12.10.2022;0.02
13.10.2022;0.0195
14.10.2022;0.018
15.10.2022;0.018
16.10.2022;0.018
17.10.2022;0.018
18.10.2022;0.018
19.10.2022;0.018
20.10.2022;0.018
21.10.2022;0.018
22.10.2022;0.018
23.10.2022;0.018
24.10.2022;0.018
25.10.2022;0.018
26.10.2022;0.018
27.10.2022;0.018
28.10.2022;0.018
29.10.2022;0.018
30.10.2022;0.018
31.10.2022;0.018
1.11.2022;0.018
2.11.2022;0.018
3.11.2022;0.018
4.11.2022;0.018
5.11.2022;0.018
6.11.2022;0.0199
7.11.2022;0.0217
8.11.2022;0.022
9.11.2022;0.022
10.11.2022;0.022
11.11.2022;0.022
12.11.2022;0.022
13.11.2022;0.022
14.11.2022;0.022
15.11.2022;0.022
16.11.2022;0.022
17.11.2022;0.022
18.11.2022;0.0217
19.11.2022;0.02
20.11.2022;0.02
21.11.2022;0.02
22.11.2022;0.02
23.11.2022;0.02
24.11.2022;0.02
25.11.2022;0.02
26.11.2022;0.02
27.11.2022;0.02
28.11.2022;0.0215
29.11.2022;0.022
30.11.2022;0.022
1.12.2022;0.022
2.12.2022;0.022
3.12.2022;0.022
4.12.2022;0.022
5.12.2022;0.022
6.12.2022;0.022
7.12.2022;0.022
8.12.2022;0.022
9.12.2022;0.0244
10.12.2022;0.0929
11.12.2022;0.1976
12.12.2022;0
13.12.2022;0
14.12.2022;0
15.12.2022;0
16.12.2022;0
17.12.2022;0
18.12.2022;0
19.12.2022;0
20.12.2022;0
21.12.2022;0
22.12.2022;0
23.12.2022;0
24.12.2022;0
25.12.2022;0
26.12.2022;0
27.12.2022;0
28.12.2022;0
29.12.2022;0
30.12.2022;0
31.12.2022;0
1.01.2023;0
2.01.2023;0
3.01.2023;0
4.01.2023;0
5.01.2023;0
6.01.2023;0
7.01.2023;0
8.01.2023;0
9.01.2023;0
10.01.2023;0
11.01.2023;0
12.01.2023;0
13.01.2023;0
14.01.2023;0
15.01.2023;0
16.01.2023;0
17.01.2023;0.2397
18.01.2023;0
19.01.2023;0
20.01.2023;0
21.01.2023;0
22.01.2023;0
23.01.2023;0
24.01.2023;0
25.01.2023;0
26.01.2023;0
27.01.2023;0
28.01.2023;0
29.01.2023;0
30.01.2023;0
31.01.2023;0
1.02.2023;0
2.02.2023;0
3.02.2023;0
4.02.2023;0
5.02.2023;0
6.02.2023;0
7.02.2023;0
8.02.2023;0
9.02.2023;0
10.02.2023;0
11.02.2023;0
12.02.2023;0
13.02.2023;0
14.02.2023;0
15.02.2023;0
16.02.2023;0
17.02.2023;0
18.02.2023;0
19.02.2023;0
20.02.2023;0
21.02.2023;0
22.02.2023;0
23.02.2023;0
24.02.2023;0
25.02.2023;0
26.02.2023;0
27.02.2023;0
28.02.2023;0
1.03.2023;0
2.03.2023;0
3.03.2023;0
4.03.2023;0
5.03.2023;0
6.03.2023;0
7.03.2023;0.0563
8.03.2023;0.0914
9.03.2023;0.0626
10.03.2023;0.059
11.03.2023;0.059
12.03.2023;0.0547
13.03.2023;0.0524
14.03.2023;0.053
15.03.2023;0.0511
16.03.2023;0.0511
17.03.2023;0.048
18.03.2023;0.0495
19.03.2023;0.0504
20.03.2023;0.0512
21.03.2023;0.0514
22.03.2023;0.0509
23.03.2023;0.0512
24.03.2023;0.052
25.03.2023;0.052
26.03.2023;0.052
27.03.2023;0.0524
28.03.2023;0.0509
29.03.2023;0.051
30.03.2023;0.052
31.03.2023;0.0586
1.04.2023;0.1212
2.04.2023;0.1404
3.04.2023;0.1546
4.04.2023;0.1617
5.04.2023;0.1572
6.04.2023;0.1521
7.04.2023;0.1416
8.04.2023;0.1335
9.04.2023;0.127
10.04.2023;0.1236
11.04.2023;0.1264
12.04.2023;0.1275
13.04.2023;0.1236
14.04.2023;0.122
15.04.2023;0.1206
16.04.2023;0.118
17.04.2023;0.1148
18.04.2023;0.1037
19.04.2023;0.1218
20.04.2023;0.1328
21.04.2023;0.11
22.04.2023;0.1039
23.04.2023;0.1491
24.04.2023;0.107
25.04.2023;0.1369
26.04.2023;0.2347
27.04.2023;0.2877
28.04.2023;0.2321
29.04.2023;0.2142
30.04.2023;0.1979
1.05.2023;0.1729
2.05.2023;0.1654
3.05.2023;0.142
4.05.2023;0.1731
5.05.2023;0.1298
6.05.2023;0.1195
7.05.2023;0.1145
8.05.2023;0.1607
9.05.2023;0.1027
10.05.2023;0.0988
11.05.2023;0.0942
12.05.2023;0.0893
13.05.2023;0.1125
14.05.2023;0.1125
15.05.2023;0.1063
16.05.2023;0.1573
17.05.2023;0.2552
18.05.2023;0.5155
19.05.2023;0.5555
20.05.2023;0.5116
21.05.2023;0.4493
22.05.2023;0.3892
23.05.2023;0.331
24.05.2023;0.2972
25.05.2023;0.251
26.05.2023;0.2158
27.05.2023;0.2271
28.05.2023;0.1894
29.05.2023;0.1579
30.05.2023;0.1953
31.05.2023;0.1382
1.06.2023;0.1304
2.06.2023;0.1749
3.06.2023;0.1169
4.06.2023;0.1088
5.06.2023;0.1034
6.06.2023;0.1535
7.06.2023;0.1518
8.06.2023;0.2261
9.06.2023;0.3093
10.06.2023;0.5665
11.06.2023;0.5153
12.06.2023;0.4681
13.06.2023;0.406
14.06.2023;0.3449
15.06.2023;0.2982
16.06.2023;0.2631
17.06.2023;0.2328
18.06.2023;0.208
19.06.2023;0.1717
20.06.2023;0.1465
21.06.2023;0.1965
22.06.2023;0.1392
23.06.2023;0.1475
24.06.2023;0.1644
25.06.2023;0.2671
26.06.2023;0.2741
27.06.2023;0.2443
28.06.2023;0.2193
29.06.2023;0.1975
30.06.2023;0.1527
1.07.2023;0.1795
2.07.2023;0.1502
3.07.2023;0.141
4.07.2023;0.1425
5.07.2023;0.1055
6.07.2023;0.1327
7.07.2023;0.1137
8.07.2023;0.0908
9.07.2023;0.1313
10.07.2023;0.1049
11.07.2023;0.0833
12.07.2023;0.0794
13.07.2023;0.0779
14.07.2023;0.1032
15.07.2023;0.0879
16.07.2023;0.0689
17.07.2023;0.067
18.07.2023;0.0642
19.07.2023;0.0813
20.07.2023;0.1028
21.07.2023;0.066
22.07.2023;0.058
23.07.2023;0.0551
24.07.2023;0.055
25.07.2023;0.055
26.07.2023;0.0533
27.07.2023;0.0536
28.07.2023;0.0972
29.07.2023;0.0492
30.07.2023;0.048
31.07.2023;0.048
1.08.2023;0.048
2.08.2023;0.0464
3.08.2023;0.045
4.08.2023;0.0451
5.08.2023;0.0793
6.08.2023;0.5508
7.08.2023;0.7341
8.08.2023;0.4895
9.08.2023;0.3533
10.08.2023;0.2833
11.08.2023;0.2254
12.08.2023;0.1635
13.08.2023;0.1888
14.08.2023;0.1817
15.08.2023;0.1544
16.08.2023;0.136
17.08.2023;0.109
18.08.2023;0.1003
19.08.2023;0.0933
20.08.2023;0.1371
21.08.2023;0.0869
22.08.2023;0.1089
23.08.2023;0.0782
24.08.2023;0.0805
25.08.2023;0.1244
26.08.2023;0.0761
27.08.2023;0.0917
28.08.2023;0.0679
29.08.2023;0.0865
30.08.2023;0.0664
31.08.2023;0.061
1.09.2023;0.0904
2.09.2023;0.0688
3.09.2023;0.0545
4.09.2023;0.0543
5.09.2023;0.0526
6.09.2023;0.0516
7.09.2023;0.048
8.09.2023;0.0997
9.09.2023;0.0525
10.09.2023;0.048
11.09.2023;0.0466
12.09.2023;0.046
13.09.2023;0.045
14.09.2023;0.0448
15.09.2023;0.042
16.09.2023;0.042
17.09.2023;0.042
18.09.2023;0.0938
19.09.2023;0.0434
20.09.2023;0.0419
21.09.2023;0.039
22.09.2023;0.039
23.09.2023;0.039
24.09.2023;0.0649
25.09.2023;0.0478
26.09.2023;0.0429
27.09.2023;0.0425
28.09.2023;0.0418
29.09.2023;0.039
30.09.2023;0.039
1.10.2023;0.039
2.10.2023;0.039
3.10.2023;0.0388
4.10.2023;0.0386
5.10.2023;0.039
6.10.2023;0.039
7.10.2023;0.039
8.10.2023;0.039
9.10.2023;0.039
10.10.2023;0.039
11.10.2023;0.039
12.10.2023;0.039
13.10.2023;0.039
14.10.2023;0.039
15.10.2023;0.039
16.10.2023;0.0373
17.10.2023;0.036
18.10.2023;0.036
19.10.2023;0.036
20.10.2023;0.0375
21.10.2023;0.036
22.10.2023;0.0372
23.10.2023;0.036
24.10.2023;0.036
25.10.2023;0.0384
26.10.2023;0.039
27.10.2023;0.059
28.10.2023;0.0814
29.10.2023;0.0537
30.10.2023;0.0516
31.10.2023;0.0492
1.11.2023;0.048
2.11.2023;0.048
3.11.2023;0.0512
4.11.2023;0.1097
5.11.2023;0.1941
6.11.2023;0.4855
7.11.2023;0.3279
8.11.2023;0.2629
9.11.2023;0.2123
10.11.2023;0.1858
11.11.2023;0.1653
12.11.2023;0.2475
13.11.2023;0.2928
14.11.2023;0.2778
15.11.2023;0.2483
16.11.2023;0.2143
17.11.2023;0.2699
18.11.2023;0.4808
19.11.2023;0.4489
20.11.2023;0.3978
21.11.2023;0.3372
22.11.2023;0.288
23.11.2023;0.2498
24.11.2023;0.2335
25.11.2023;0.1936
26.11.2023;0.1999
27.11.2023;0.1438
28.11.2023;0.137
29.11.2023;0.1913
30.11.2023;0.1189
1.12.2023;0.1425
2.12.2023;0.1621
3.12.2023;0.3516
4.12.2023;0.4043
5.12.2023;0.3503
6.12.2023;0.3182
7.12.2023;0.2939
8.12.2023;0.2688
9.12.2023;0.25
10.12.2023;0.247
11.12.2023;0.2231
12.12.2023;0.2092
13.12.2023;0.3288
14.12.2023;0.6641
15.12.2023;0.6008
16.12.2023;0.544
17.12.2023;0.5001
18.12.2023;0.4532
19.12.2023;0.4026
20.12.2023;0.3866
21.12.2023;0.3391
22.12.2023;0.3609
23.12.2023;0.3331
24.12.2023;0.326
25.12.2023;0.3312
26.12.2023;0.3376
27.12.2023;0.344
28.12.2023;0.344
29.12.2023;0.3309
30.12.2023;0.3096
31.12.2023;0.2878
1.01.2024;0.2872
2.01.2024;0.2847
3.01.2024;0.2947
4.01.2024;0.295
5.01.2024;0.2859
6.01.2024;0.28
7.01.2024;0.3064
8.01.2024;0.3257
9.01.2024;0.326
10.01.2024;0.3251
11.01.2024;0.311
12.01.2024;0.3004
13.01.2024;0.2797
14.01.2024;0.2627
15.01.2024;0.2332
16.01.2024;0.2401
17.01.2024;0.1797
18.01.2024;0.2361
19.01.2024;0.1895
20.01.2024;0.1758
21.01.2024;0.1844
22.01.2024;0.1465
23.01.2024;0.1869
24.01.2024;0.1538
25.01.2024;0.1456
26.01.2024;0.1838
27.01.2024;0.1487
28.01.2024;0.1443
29.01.2024;0.1395
30.01.2024;0.1174
31.01.2024;0.1162
1.02.2024;0.1164
2.02.2024;0.1245
3.02.2024;0.1727
4.02.2024;0.1308
5.02.2024;0.1418
6.02.2024;0.12
7.02.2024;0.1202
8.02.2024;0.1547
9.02.2024;0.1128
10.02.2024;0.1107
11.02.2024;0.1723
12.02.2024;0.2125
13.02.2024;0.236
14.02.2024;0.247
15.02.2024;0.2429
16.02.2024;0.2351
17.02.2024;0.2097
18.02.2024;0.2151
19.02.2024;0.1827
20.02.2024;0.1928
21.02.2024;0.1859
22.02.2024;0.1843
23.02.2024;0.1615
24.02.2024;0.144
25.02.2024;0.1984
26.02.2024;0.1502
27.02.2024;0.19
28.02.2024;0.1793
29.02.2024;0.187
1.03.2024;0.1935
2.03.2024;0.1973
3.03.2024;0.1934
4.03.2024;0.1892
5.03.2024;0.1538
6.03.2024;0.149
7.03.2024;0.1983
8.03.2024;0.144
9.03.2024;0.1607
10.03.2024;0.1497
11.03.2024;0.1265
12.03.2024;0.1731
13.03.2024;0.1196
14.03.2024;0.1317
15.03.2024;0.1331
16.03.2024;0.1062
17.03.2024;0.0999
18.03.2024;0.1501
19.03.2024;0.0972
20.03.2024;0.0921
21.03.2024;0.1059
22.03.2024;0.1231
23.03.2024;0.0906
24.03.2024;0.0916
25.03.2024;0.0883
26.03.2024;0.1028
27.03.2024;0.1303
28.03.2024;0.0866
29.03.2024;0.0851
30.03.2024;0.0829
31.03.2024;0.1395
1.04.2024;0.0998
2.04.2024;0.0938
3.04.2024;0.1602
4.04.2024;0.1336
5.04.2024;0.1869
6.04.2024;0.1354
7.04.2024;0.1929
8.04.2024;0.1587
9.04.2024;0.1315
10.04.2024;0.1379
11.04.2024;0.1643
12.04.2024;0.1111
13.04.2024;0.1449
14.04.2024;0.1222
15.04.2024;0.108
16.04.2024;0.1051
17.04.2024;0.2053
18.04.2024;0.1745
19.04.2024;0.1454
20.04.2024;0.1431
21.04.2024;0.1381
22.04.2024;0.1766
23.04.2024;0.1518
24.04.2024;0.1296
25.04.2024;0.1269
26.04.2024;0.1564
27.04.2024;0.1183
28.04.2024;0.1078
29.04.2024;0.1018
30.04.2024;0.0968
1.05.2024;0.0829
2.05.2024;0.1194
3.05.2024;0.0678
4.05.2024;0.067
5.05.2024;0.063
6.05.2024;0.0628
7.05.2024;0.1028
8.05.2024;0.0606
9.05.2024;0.059
10.05.2024;0.0848
11.05.2024;0.0558
12.05.2024;0.0554
13.05.2024;0.0533
14.05.2024;0.052
15.05.2024;0.0516
16.05.2024;0.0525
17.05.2024;0.092
18.05.2024;0.0504
19.05.2024;0.0599
20.05.2024;0.0476
21.05.2024;0.047
22.05.2024;0.0462
23.05.2024;0.0452
24.05.2024;0.0449
25.05.2024;0.0446
26.05.2024;0.0441
27.05.2024;0.0838
28.05.2024;0.0431
29.05.2024;0.0422
30.05.2024;0.0423
31.05.2024;0.042
1.06.2024;0.0437
2.06.2024;0.0448
3.06.2024;0.0436
4.06.2024;0.0573
5.06.2024;0.0798
6.06.2024;0.0933
7.06.2024;0.059
8.06.2024;0.0552
9.06.2024;0.0557
10.06.2024;0.1024
11.06.2024;0.1554
12.06.2024;0.1421
13.06.2024;0.1713
14.06.2024;0.1107
15.06.2024;0.132
16.06.2024;0.1042
17.06.2024;0.085
18.06.2024;0.0989
19.06.2024;0.0966
20.06.2024;0.0719
21.06.2024;0.0678
22.06.2024;0.0655
23.06.2024;0.2937
24.06.2024;0.3038
25.06.2024;0.1916
26.06.2024;0.1605
27.06.2024;0.1823
28.06.2024;0.1327
29.06.2024;0.1142
30.06.2024;0.1073
1.07.2024;0.1367
2.07.2024;0.0929
3.07.2024;0.0879
4.07.2024;0.0899
5.07.2024;0.1103
6.07.2024;0.0829
7.07.2024;0.0794
8.07.2024;0.074
9.07.2024;0.0717
10.07.2024;0.0693
11.07.2024;0.068
12.07.2024;0.0663
13.07.2024;0.0654
14.07.2024;0.0606
15.07.2024;0.0598
16.07.2024;0.0554
17.07.2024;0.055
18.07.2024;0.0526
19.07.2024;0.0517
20.07.2024;0.0512
21.07.2024;0.0498
22.07.2024;0.0488
23.07.2024;0.0468
24.07.2024;0.0487
25.07.2024;0.0462
26.07.2024;0.0453
27.07.2024;0.0446
28.07.2024;0.0429
29.07.2024;0.042
30.07.2024;0.0401
31.07.2024;0.0402
1.08.2024;0.0382
2.08.2024;0.0379
3.08.2024;0.0378
4.08.2024;0.0362
5.08.2024;0.036
6.08.2024;0.036
7.08.2024;0.036
8.08.2024;0.036
9.08.2024;0.036
10.08.2024;0.036
11.08.2024;0.0336
12.08.2024;0.0392
13.08.2024;0.059
14.08.2024;0.059
15.08.2024;0.0502
16.08.2024;0.0705
17.08.2024;0.0369
18.08.2024;0.033
19.08.2024;0.033
20.08.2024;0.033
21.08.2024;0.033
22.08.2024;0.033
23.08.2024;0.033
24.08.2024;0.033
25.08.2024;0.0327
26.08.2024;0.0321
27.08.2024;0.0326
28.08.2024;0.0327
29.08.2024;0.0325
30.08.2024;0.0323
31.08.2024;0.0322
1.09.2024;0.0323
2.09.2024;0.0313
3.09.2024;0.031
4.09.2024;0.031
5.09.2024;0.031
6.09.2024;0.031
7.09.2024;0.031
8.09.2024;0.031
9.09.2024;0.031
10.09.2024;0.031
11.09.2024;0.031
12.09.2024;0.031
13.09.2024;0.031
14.09.2024;0.031
15.09.2024;0.0313
16.09.2024;0.0326
17.09.2024;0.0335
18.09.2024;0.0343
19.09.2024;0.0688
20.09.2024;0.0355
21.09.2024;0.033
22.09.2024;0.033
23.09.2024;0.033
24.09.2024;0.0327
25.09.2024;0.033
26.09.2024;0.033
27.09.2024;0.033
28.09.2024;0.033
29.09.2024;0.033
30.09.2024;0.0264
1.10.2024;0.026
2.10.2024;0.026
3.10.2024;0.0262
4.10.2024;0.0264
5.10.2024;0.0262
6.10.2024;0.0271
7.10.2024;0.0315
8.10.2024;0.033
9.10.2024;0.033
10.10.2024;0.033
11.10.2024;0.033
12.10.2024;0.0318
13.10.2024;0.032
14.10.2024;0.033
15.10.2024;0.033
16.10.2024;0.0329
17.10.2024;0.0326
18.10.2024;0.033
19.10.2024;0.033
20.10.2024;0.033
21.10.2024;0.033
22.10.2024;0.033
23.10.2024;0.0318
24.10.2024;0.031
25.10.2024;0.031
26.10.2024;0.031
27.10.2024;0.031
28.10.2024;0.031
29.10.2024;0.031
30.10.2024;0.031
31.10.2024;0.0303
1.11.2024;0.0299
2.11.2024;0.0289
3.11.2024;0.028
4.11.2024;0.028
5.11.2024;0.0279
6.11.2024;0.0275
7.11.2024;0.028
8.11.2024;0.0274
9.11.2024;0.028
10.11.2024;0.027
11.11.2024;0.0265
12.11.2024;0.026
13.11.2024;0.026
14.11.2024;0.026
15.11.2024;0.026
16.11.2024;0.026
17.11.2024;0.0268
18.11.2024;0.026
19.11.2024;0.026
20.11.2024;0.0266
21.11.2024;0.026
22.11.2024;0.026
23.11.2024;0.026
24.11.2024;0.0255
25.11.2024;0.0245
26.11.2024;0.0255
27.11.2024;0.0248
28.11.2024;0.0245
29.11.2024;0.025
30.11.2024;0.024
1.12.2024;0.024
2.12.2024;0.0243
3.12.2024;0.0252
4.12.2024;0.0247
5.12.2024;0.025
6.12.2024;0.0255
7.12.2024;0.0255
8.12.2024;0.0257
9.12.2024;0.0252
10.12.2024;0.025
11.12.2024;0.0245
12.12.2024;0.0243
13.12.2024;0.024
14.12.2024;0.0252
15.12.2024;0.0252
16.12.2024;0.0249
17.12.2024;0.0256
18.12.2024;0.0256
19.12.2024;0.026
20.12.2024;0.026
21.12.2024;0.026
22.12.2024;0.026
23.12.2024;0.026
24.12.2024;0.026
25.12.2024;0.0253
26.12.2024;0.0252
27.12.2024;0.025
28.12.2024;0.0251
29.12.2024;0.0254
30.12.2024;0.0249
31.12.2024;0.0248